captured_at,series,ticker,title,close_time,yes_bid,yes_ask,spread,mid,yes_depth,no_depth
2026-08-16T13:19:25+00:00,KXNFLGAME,KXNFLGAME-26SEP14DENKC-KC,Will Kansas City win the Denver vs Kansas City Pro Football game?,2026-09-17T00:15:00Z,0.56,0.57,0.01,0.565,18349.02,27736.31
2026-08-16T13:19:25+00:00,KXNFLGAME,KXNFLGAME-26SEP14DENKC-DEN,Will Denver win the Denver vs Kansas City Pro Football game?,2026-09-17T00:15:00Z,0.42,0.44,0.02,0.43,29984.04,23246.54
2026-08-16T13:19:25+00:00,KXNFLGAME,KXNFLGAME-26SEP13DALNYG-NYG,Will New York G win the Dallas vs New York G Pro Football game?,2026-09-16T00:20:00Z,0.4,0.43,0.03,0.415,24264.49,25248.18
2026-08-16T13:19:25+00:00,KXNFLGAME,KXNFLGAME-26SEP13DALNYG-DAL,Will Dallas win the Dallas vs New York G Pro Football game?,2026-09-16T00:20:00Z,0.58,0.59,0.01,0.585,6317.07,24796.22
2026-08-16T13:19:25+00:00,KXNFLGAME,KXNFLGAME-26SEP13WASPHI-WAS,Will Washington win the Washington vs Philadelphia Pro Football game?,2026-09-15T20:25:00Z,0.32,0.33,0.01,0.325,20674.74,19123.49
2026-08-16T13:19:25+00:00,KXNFLGAME,KXNFLGAME-26SEP13WASPHI-PHI,Will Philadelphia win the Washington vs Philadelphia Pro Football game?,2026-09-15T20:25:00Z,0.66,0.68,0.02,0.67,18918.87,14167.87
2026-08-16T13:19:25+00:00,KXNFLGAME,KXNFLGAME-26SEP13MIALV-MIA,Will Miami win the Miami vs Las Vegas Pro Football game?,2026-09-15T20:25:00Z,0.34,0.36,0.02,0.35,27549.58,13252.98
2026-08-16T13:19:25+00:00,KXNFLGAME,KXNFLGAME-26SEP13MIALV-LV,Will Las Vegas win the Miami vs Las Vegas Pro Football game?,2026-09-15T20:25:00Z,0.64,0.65,0.01,0.645,18089.46,24912.63
2026-08-16T13:19:25+00:00,KXNFLGAME,KXNFLGAME-26SEP13GBMIN-MIN,Will Minnesota win the Green Bay vs Minnesota Pro Football game?,2026-09-15T20:25:00Z,0.52,0.53,0.01,0.525,9077.84,20469.19
2026-08-16T13:19:25+00:00,KXNFLGAME,KXNFLGAME-26SEP13GBMIN-GB,Will Green Bay win the Green Bay vs Minnesota Pro Football game?,2026-09-15T20:25:00Z,0.48,0.49,0.01,0.485,17430.0,25832.46
2026-08-16T13:19:25+00:00,KXNFLGAME,KXNFLGAME-26SEP13ARILAC-LAC,Will Los Angeles C win the Arizona vs Los Angeles C Pro Football game?,2026-09-15T20:25:00Z,0.82,0.84,0.02,0.83,14422.13,49157.93
2026-08-16T13:19:25+00:00,KXNFLGAME,KXNFLGAME-26SEP13ARILAC-ARI,Will Arizona win the Arizona vs Los Angeles C Pro Football game?,2026-09-15T20:25:00Z,0.18,0.19,0.01,0.185,35873.04,12304.55
2026-08-16T13:19:25+00:00,KXNFLGAME,KXNFLGAME-26SEP13BUFHOU-HOU,Will Houston win the Buffalo vs Houston Pro Football game?,2026-09-15T17:00:00Z,0.49,0.5,0.01,0.495,9310.87,16486.23
2026-08-16T13:19:25+00:00,KXNFLGAME,KXNFLGAME-26SEP13BUFHOU-BUF,Will Buffalo win the Buffalo vs Houston Pro Football game?,2026-09-15T17:00:00Z,0.49,0.5,0.01,0.495,11061.51,14917.6
2026-08-16T13:19:25+00:00,KXNFLGAME,KXNFLGAME-26SEP13NODET-NO,Will New Orleans win the New Orleans vs Detroit Pro Football game?,2026-09-15T17:00:00Z,0.24,0.26,0.02,0.25,41543.08,6581.25
2026-08-16T13:19:25+00:00,KXNFLGAME,KXNFLGAME-26SEP13NODET-DET,Will Detroit win the New Orleans vs Detroit Pro Football game?,2026-09-15T17:00:00Z,0.74,0.75,0.01,0.745,5224.03,40479.5
2026-08-16T13:19:25+00:00,KXNFLGAME,KXNFLGAME-26SEP13NYJTEN-TEN,Will Tennessee win the New York J vs Tennessee Pro Football game?,2026-09-15T17:00:00Z,0.56,0.57,0.01,0.565,10216.95,18979.73
2026-08-16T13:19:25+00:00,KXNFLGAME,KXNFLGAME-26SEP13NYJTEN-NYJ,Will New York J win the New York J vs Tennessee Pro Football game?,2026-09-15T17:00:00Z,0.43,0.44,0.01,0.435,11358.68,13243.17
2026-08-16T13:19:25+00:00,KXNFLGAME,KXNFLGAME-26SEP13TBCIN-TB,Will Tampa Bay win the Tampa Bay vs Cincinnati Pro Football game?,2026-09-15T17:00:00Z,0.34,0.36,0.02,0.35,16610.24,8934.92
2026-08-16T13:19:25+00:00,KXNFLGAME,KXNFLGAME-26SEP13TBCIN-CIN,Will Cincinnati win the Tampa Bay vs Cincinnati Pro Football game?,2026-09-15T17:00:00Z,0.64,0.65,0.01,0.645,9660.54,12980.83
2026-08-16T13:19:25+00:00,KXNFLGAME,KXNFLGAME-26SEP13CLEJAC-JAC,Will Jacksonville win the Cleveland vs Jacksonville Pro Football game?,2026-09-15T17:00:00Z,0.75,0.77,0.02,0.76,21015.8,29612.93
2026-08-16T13:19:25+00:00,KXNFLGAME,KXNFLGAME-26SEP13CLEJAC-CLE,Will Cleveland win the Cleveland vs Jacksonville Pro Football game?,2026-09-15T17:00:00Z,0.23,0.24,0.01,0.235,26479.34,8906.99
2026-08-16T13:19:25+00:00,KXNFLGAME,KXNFLGAME-26SEP13ATLPIT-PIT,Will Pittsburgh win the Atlanta vs Pittsburgh Pro Football game?,2026-09-15T17:00:00Z,0.6,0.62,0.02,0.61,5633.54,13509.46
2026-08-16T13:19:25+00:00,KXNFLGAME,KXNFLGAME-26SEP13ATLPIT-ATL,Will Atlanta win the Atlanta vs Pittsburgh Pro Football game?,2026-09-15T17:00:00Z,0.39,0.4,0.01,0.395,11928.17,8702.23
2026-08-16T13:19:25+00:00,KXNFLGAME,KXNFLGAME-26SEP13BALIND-IND,Will Indianapolis win the Baltimore vs Indianapolis Pro Football game?,2026-09-15T17:00:00Z,0.37,0.39,0.02,0.38,13022.66,13852.0
2026-08-16T13:19:25+00:00,KXNFLGAME,KXNFLGAME-26SEP13BALIND-BAL,Will Baltimore win the Baltimore vs Indianapolis Pro Football game?,2026-09-15T17:00:00Z,0.61,0.62,0.01,0.615,16820.39,13119.72
2026-08-16T13:19:25+00:00,KXNFLGAME,KXNFLGAME-26SEP13CHICAR-CHI,Will Chicago win the Chicago vs Carolina Pro Football game?,2026-09-15T17:00:00Z,0.58,0.59,0.01,0.585,22533.34,22648.41
2026-08-16T13:19:25+00:00,KXNFLGAME,KXNFLGAME-26SEP13CHICAR-CAR,Will Carolina win the Chicago vs Carolina Pro Football game?,2026-09-15T17:00:00Z,0.41,0.42,0.01,0.415,16263.1,11421.84
2026-08-16T13:19:25+00:00,KXNFLGAME,KXNFLGAME-26SEP10SFLAR-SF,Will San Francisco win the San Francisco vs Los Angeles R Pro Football game?,2026-09-13T00:35:00Z,0.36,0.38,0.02,0.37,31403.09,74707.9
2026-08-16T13:19:25+00:00,KXNFLGAME,KXNFLGAME-26SEP10SFLAR-LAR,Will Los Angeles R win the San Francisco vs Los Angeles R Pro Football game?,2026-09-13T00:35:00Z,0.64,0.65,0.01,0.645,4950.29,23496.95
2026-08-16T13:19:25+00:00,KXNFLGAME,KXNFLGAME-26SEP09NESEA-SEA,Will Seattle win the New England vs Seattle Pro Football game?,2026-09-12T00:20:00Z,0.64,0.65,0.01,0.645,33771.99,52318.11
2026-08-16T13:19:25+00:00,KXNFLGAME,KXNFLGAME-26SEP09NESEA-NE,Will New England win the New England vs Seattle Pro Football game?,2026-09-12T00:20:00Z,0.35,0.36,0.01,0.355,31532.95,62858.16
2026-08-16T13:19:25+00:00,KXNFLSPREAD,KXNFLSPREAD-26SEP14DENKC-KC8,Kansas City wins by over 7.5 points?,2026-09-17T00:15:00Z,0.25,0.31,0.06,0.28,102998.0,10127.0
2026-08-16T13:19:25+00:00,KXNFLSPREAD,KXNFLSPREAD-26SEP14DENKC-KC7,Kansas City wins by over 6.5 points?,2026-09-17T00:15:00Z,0.3,0.35,0.05,0.325,124573.99,5114.0
2026-08-16T13:19:25+00:00,KXNFLSPREAD,KXNFLSPREAD-26SEP14DENKC-KC6,Kansas City wins by over 5.5 points?,2026-09-17T00:15:00Z,0.33,0.39,0.06,0.36,358771.0,9364.0
2026-08-16T13:19:25+00:00,KXNFLSPREAD,KXNFLSPREAD-26SEP14DENKC-KC5,Kansas City wins by over 4.5 points?,2026-09-17T00:15:00Z,0.37,0.42,0.05,0.395,108155.0,8680.0
2026-08-16T13:19:25+00:00,KXNFLSPREAD,KXNFLSPREAD-26SEP14DENKC-KC4,Kansas City wins by over 3.5 points?,2026-09-17T00:15:00Z,0.36,0.43,0.07,0.395,54520.0,6827.0
2026-08-16T13:19:25+00:00,KXNFLSPREAD,KXNFLSPREAD-26SEP14DENKC-KC3,Kansas City wins by over 2.5 points?,2026-09-17T00:15:00Z,0.49,0.51,0.02,0.5,10607.93,4809.27
2026-08-16T13:19:25+00:00,KXNFLSPREAD,KXNFLSPREAD-26SEP14DENKC-KC21,Kansas City wins by over 20.5 points?,2026-09-17T00:15:00Z,0.03,0.06,0.03,0.045,3036.0,64386.0
2026-08-16T13:19:25+00:00,KXNFLSPREAD,KXNFLSPREAD-26SEP14DENKC-KC2,Kansas City wins by over 1.5 points?,2026-09-17T00:15:00Z,0.51,0.54,0.03,0.525,147743.0,5161.0
2026-08-16T13:19:25+00:00,KXNFLSPREAD,KXNFLSPREAD-26SEP14DENKC-KC18,Kansas City wins by over 17.5 points?,2026-09-17T00:15:00Z,0.06,0.09,0.03,0.075,2856.0,64337.0
2026-08-16T13:19:25+00:00,KXNFLSPREAD,KXNFLSPREAD-26SEP14DENKC-KC17,Kansas City wins by over 16.5 points?,2026-09-17T00:15:00Z,0.07,0.12,0.05,0.095,3595.0,63722.0
2026-08-16T13:19:25+00:00,KXNFLSPREAD,KXNFLSPREAD-26SEP14DENKC-KC15,Kansas City wins by over 14.5 points?,2026-09-17T00:15:00Z,0.09,0.18,0.09,0.135,681500.0,52946.0
2026-08-16T13:19:25+00:00,KXNFLSPREAD,KXNFLSPREAD-26SEP14DENKC-KC14,Kansas City wins by over 13.5 points?,2026-09-17T00:15:00Z,0.11,0.2,0.09,0.155,965286.0,56712.0
2026-08-16T13:19:25+00:00,KXNFLSPREAD,KXNFLSPREAD-26SEP14DENKC-KC11,Kansas City wins by over 10.5 points?,2026-09-17T00:15:00Z,0.17,0.24,0.07,0.205,1113283.0,12176.0
2026-08-16T13:19:25+00:00,KXNFLSPREAD,KXNFLSPREAD-26SEP14DENKC-KC10,Kansas City wins by over 9.5 points?,2026-09-17T00:15:00Z,0.21,0.27,0.06,0.24,1225143.0,5682.0
2026-08-16T13:19:25+00:00,KXNFLSPREAD,KXNFLSPREAD-26SEP14DENKC-DEN8,Denver wins by over 7.5 points?,2026-09-17T00:15:00Z,0.17,0.19,0.02,0.18,1057656.0,28006.0
2026-08-16T13:19:25+00:00,KXNFLSPREAD,KXNFLSPREAD-26SEP14DENKC-DEN7,Denver wins by over 6.5 points?,2026-09-17T00:15:00Z,0.21,0.23,0.02,0.22,1109152.0,11209.0
2026-08-16T13:19:25+00:00,KXNFLSPREAD,KXNFLSPREAD-26SEP14DENKC-DEN6,Denver wins by over 5.5 points?,2026-09-17T00:15:00Z,0.21,0.26,0.05,0.235,1204367.0,18572.0
2026-08-16T13:19:25+00:00,KXNFLSPREAD,KXNFLSPREAD-26SEP14DENKC-DEN5,Denver wins by over 4.5 points?,2026-09-17T00:15:00Z,0.27,0.29,0.02,0.28,1291383.0,9534.0
2026-08-16T13:19:25+00:00,KXNFLSPREAD,KXNFLSPREAD-26SEP14DENKC-DEN4,Denver wins by over 3.5 points?,2026-09-17T00:15:00Z,0.29,0.34,0.05,0.315,1313527.0,14577.0
2026-08-16T13:19:25+00:00,KXNFLSPREAD,KXNFLSPREAD-26SEP14DENKC-DEN3,Denver wins by over 2.5 points?,2026-09-17T00:15:00Z,0.35,0.38,0.03,0.365,1370674.0,25617.0
2026-08-16T13:19:25+00:00,KXNFLSPREAD,KXNFLSPREAD-26SEP14DENKC-DEN2,Denver wins by over 1.5 points?,2026-09-17T00:15:00Z,0.37,0.42,0.05,0.395,358840.0,9431.0
2026-08-16T13:19:25+00:00,KXNFLSPREAD,KXNFLSPREAD-26SEP14DENKC-DEN15,Denver wins by over 14.5 points?,2026-09-17T00:15:00Z,0.07,0.08,0.01,0.075,2754.0,63569.0
2026-08-16T13:19:25+00:00,KXNFLSPREAD,KXNFLSPREAD-26SEP14DENKC-DEN14,Denver wins by over 13.5 points?,2026-09-17T00:15:00Z,0.06,0.08,0.02,0.07,2602.0,134522.0
2026-08-16T13:19:25+00:00,KXNFLSPREAD,KXNFLSPREAD-26SEP14DENKC-DEN11,Denver wins by over 10.5 points?,2026-09-17T00:15:00Z,0.1,0.16,0.06,0.13,683895.0,105931.0
2026-08-16T13:19:25+00:00,KXNFLSPREAD,KXNFLSPREAD-26SEP14DENKC-DEN10,Denver wins by over 9.5 points?,2026-09-17T00:15:00Z,0.11,0.19,0.08,0.15,963720.0,54568.0
2026-08-16T13:19:25+00:00,KXNFLSPREAD,KXNFLSPREAD-26SEP13DALNYG-NYG8,New York wins by over 7.5 points?,2026-09-16T00:20:00Z,0.13,0.17,0.04,0.15,1054064.0,108038.0
2026-08-16T13:19:25+00:00,KXNFLSPREAD,KXNFLSPREAD-26SEP13DALNYG-NYG7,New York wins by over 6.5 points?,2026-09-16T00:20:00Z,0.16,0.22,0.06,0.19,1207264.0,10965.0
2026-08-16T13:19:25+00:00,KXNFLSPREAD,KXNFLSPREAD-26SEP13DALNYG-NYG6,New York wins by over 5.5 points?,2026-09-16T00:20:00Z,0.19,0.24,0.05,0.215,1205709.96,4696.94
2026-08-16T13:19:25+00:00,KXNFLSPREAD,KXNFLSPREAD-26SEP13DALNYG-NYG5,New York wins by over 4.5 points?,2026-09-16T00:20:00Z,0.21,0.26,0.05,0.235,1293619.88,9616.43
2026-08-16T13:19:25+00:00,KXNFLSPREAD,KXNFLSPREAD-26SEP13DALNYG-NYG4,New York wins by over 3.5 points?,2026-09-16T00:20:00Z,0.27,0.32,0.05,0.295,1316495.0,13838.0
2026-08-16T13:19:25+00:00,KXNFLSPREAD,KXNFLSPREAD-26SEP13DALNYG-NYG3,New York wins by over 2.5 points?,2026-09-16T00:20:00Z,0.32,0.37,0.05,0.345,92044.82,6675.18
2026-08-16T13:19:25+00:00,KXNFLSPREAD,KXNFLSPREAD-26SEP13DALNYG-NYG2,New York wins by over 1.5 points?,2026-09-16T00:20:00Z,0.35,0.41,0.06,0.38,128266.0,6615.0
2026-08-16T13:19:25+00:00,KXNFLSPREAD,KXNFLSPREAD-26SEP13DALNYG-NYG15,New York wins by over 14.5 points?,2026-09-16T00:20:00Z,0.05,0.06,0.01,0.055,2235.0,28754.0
2026-08-16T13:19:25+00:00,KXNFLSPREAD,KXNFLSPREAD-26SEP13DALNYG-NYG14,New York wins by over 13.5 points?,2026-09-16T00:20:00Z,0.03,0.07,0.04,0.05,3536.0,62752.0
2026-08-16T13:19:25+00:00,KXNFLSPREAD,KXNFLSPREAD-26SEP13DALNYG-NYG11,New York wins by over 10.5 points?,2026-09-16T00:20:00Z,0.07,0.15,0.08,0.11,691552.0,53356.0
2026-08-16T13:19:25+00:00,KXNFLSPREAD,KXNFLSPREAD-26SEP13DALNYG-NYG10,New York wins by over 9.5 points?,2026-09-16T00:20:00Z,0.08,0.18,0.1,0.13,964937.0,54725.0
2026-08-16T13:19:25+00:00,KXNFLSPREAD,KXNFLSPREAD-26SEP13DALNYG-DAL8,Dallas wins by over 7.5 points?,2026-09-16T00:20:00Z,0.25,0.31,0.06,0.28,1243257.0,16197.0
2026-08-16T13:19:25+00:00,KXNFLSPREAD,KXNFLSPREAD-26SEP13DALNYG-DAL7,Dallas wins by over 6.5 points?,2026-09-16T00:20:00Z,0.3,0.36,0.06,0.33,1313343.0,52135.0
2026-08-16T13:19:25+00:00,KXNFLSPREAD,KXNFLSPREAD-26SEP13DALNYG-DAL6,Dallas wins by over 5.5 points?,2026-09-16T00:20:00Z,0.36,0.41,0.05,0.385,101615.0,11048.0
2026-08-16T13:19:25+00:00,KXNFLSPREAD,KXNFLSPREAD-26SEP13DALNYG-DAL5,Dallas wins by over 4.5 points?,2026-09-16T00:20:00Z,0.38,0.43,0.05,0.405,138827.99,14333.0
2026-08-16T13:19:25+00:00,KXNFLSPREAD,KXNFLSPREAD-26SEP13DALNYG-DAL4,Dallas wins by over 3.5 points?,2026-09-16T00:20:00Z,0.44,0.48,0.04,0.46,122652.0,17240.99
2026-08-16T13:19:25+00:00,KXNFLSPREAD,KXNFLSPREAD-26SEP13DALNYG-DAL3,Dallas wins by over 2.5 points?,2026-09-16T00:20:00Z,0.53,0.57,0.04,0.55,7317.81,42110.0
2026-08-16T13:19:25+00:00,KXNFLSPREAD,KXNFLSPREAD-26SEP13DALNYG-DAL21,Dallas wins by over 20.5 points?,2026-09-16T00:20:00Z,0.03,0.07,0.04,0.05,3456.0,16905.0
2026-08-16T13:19:25+00:00,KXNFLSPREAD,KXNFLSPREAD-26SEP13DALNYG-DAL2,Dallas wins by over 1.5 points?,2026-09-16T00:20:00Z,0.53,0.58,0.05,0.555,65162.0,132529.0
2026-08-16T13:19:25+00:00,KXNFLSPREAD,KXNFLSPREAD-26SEP13DALNYG-DAL18,Dallas wins by over 17.5 points?,2026-09-16T00:20:00Z,0.07,0.1,0.03,0.085,2744.0,63997.01
2026-08-16T13:19:25+00:00,KXNFLSPREAD,KXNFLSPREAD-26SEP13DALNYG-DAL17,Dallas wins by over 16.5 points?,2026-09-16T00:20:00Z,0.07,0.1,0.03,0.085,2434.0,27719.01
2026-08-16T13:19:25+00:00,KXNFLSPREAD,KXNFLSPREAD-26SEP13DALNYG-DAL15,Dallas wins by over 14.5 points?,2026-09-16T00:20:00Z,0.09,0.11,0.02,0.1,2005.0,16417.0
2026-08-16T13:19:25+00:00,KXNFLSPREAD,KXNFLSPREAD-26SEP13DALNYG-DAL14,Dallas wins by over 13.5 points?,2026-09-16T00:20:00Z,0.11,0.19,0.08,0.15,682033.0,51147.0
2026-08-16T13:19:25+00:00,KXNFLSPREAD,KXNFLSPREAD-26SEP13DALNYG-DAL11,Dallas wins by over 10.5 points?,2026-09-16T00:20:00Z,0.17,0.23,0.06,0.2,1056819.0,106938.31
2026-08-16T13:19:25+00:00,KXNFLSPREAD,KXNFLSPREAD-26SEP13DALNYG-DAL10,Dallas wins by over 9.5 points?,2026-09-16T00:20:00Z,0.21,0.25,0.04,0.23,1204919.0,11207.0
2026-08-16T13:19:25+00:00,KXNFLSPREAD,KXNFLSPREAD-26SEP13WASPHI-WAS8,Washington wins by over 7.5 points?,2026-09-15T20:25:00Z,0.09,0.17,0.08,0.13,683305.0,50979.0
2026-08-16T13:19:25+00:00,KXNFLSPREAD,KXNFLSPREAD-26SEP13WASPHI-WAS7,Washington wins by over 6.5 points?,2026-09-15T20:25:00Z,0.12,0.22,0.1,0.17,963749.0,108391.0
2026-08-16T13:19:25+00:00,KXNFLSPREAD,KXNFLSPREAD-26SEP13WASPHI-WAS6,Washington wins by over 5.5 points?,2026-09-15T20:25:00Z,0.14,0.22,0.08,0.18,950463.0,55951.0
2026-08-16T13:19:25+00:00,KXNFLSPREAD,KXNFLSPREAD-26SEP13WASPHI-WAS5,Washington wins by over 4.5 points?,2026-09-15T20:25:00Z,0.16,0.25,0.09,0.205,1061622.0,26651.0
2026-08-16T13:19:25+00:00,KXNFLSPREAD,KXNFLSPREAD-26SEP13WASPHI-WAS4,Washington wins by over 3.5 points?,2026-09-15T20:25:00Z,0.2,0.25,0.05,0.225,263472.0,20558.0
2026-08-16T13:19:25+00:00,KXNFLSPREAD,KXNFLSPREAD-26SEP13WASPHI-WAS3,Washington wins by over 2.5 points?,2026-09-15T20:25:00Z,0.24,0.29,0.05,0.265,275498.0,19373.0
2026-08-16T13:19:25+00:00,KXNFLSPREAD,KXNFLSPREAD-26SEP13WASPHI-WAS2,Washington wins by over 1.5 points?,2026-09-15T20:25:00Z,0.28,0.33,0.05,0.305,1245715.0,20408.0
2026-08-16T13:19:25+00:00,KXNFLSPREAD,KXNFLSPREAD-26SEP13WASPHI-WAS15,Washington wins by over 14.5 points?,2026-09-15T20:25:00Z,0.03,0.05,0.02,0.04,2979.64,10129.0
2026-08-16T13:19:25+00:00,KXNFLSPREAD,KXNFLSPREAD-26SEP13WASPHI-WAS14,Washington wins by over 13.5 points?,2026-09-15T20:25:00Z,0.03,0.05,0.02,0.04,2594.0,29996.0
2026-08-16T13:19:25+00:00,KXNFLSPREAD,KXNFLSPREAD-26SEP13WASPHI-WAS11,Washington wins by over 10.5 points?,2026-09-15T20:25:00Z,0.05,0.06,0.01,0.055,3037.0,9333.4
2026-08-16T13:19:25+00:00,KXNFLSPREAD,KXNFLSPREAD-26SEP13WASPHI-WAS10,Washington wins by over 9.5 points?,2026-09-15T20:25:00Z,0.05,0.1,0.05,0.075,2889.0,18275.0
2026-08-16T13:19:25+00:00,KXNFLSPREAD,KXNFLSPREAD-26SEP13WASPHI-PHI8,Philadelphia wins by over 7.5 points?,2026-09-15T20:25:00Z,0.35,0.39,0.04,0.37,108192.0,7407.0
2026-08-16T13:19:25+00:00,KXNFLSPREAD,KXNFLSPREAD-26SEP13WASPHI-PHI7,Philadelphia wins by over 6.5 points?,2026-09-15T20:25:00Z,0.41,0.45,0.04,0.43,73362.0,12314.0
2026-08-16T13:19:25+00:00,KXNFLSPREAD,KXNFLSPREAD-26SEP13WASPHI-PHI6,Philadelphia wins by over 5.5 points?,2026-09-15T20:25:00Z,0.46,0.5,0.04,0.48,10753.0,7342.0
2026-08-16T13:19:25+00:00,KXNFLSPREAD,KXNFLSPREAD-26SEP13WASPHI-PHI5,Philadelphia wins by over 4.5 points?,2026-09-15T20:25:00Z,0.49,0.55,0.06,0.52,9854.0,133296.0
2026-08-16T13:19:25+00:00,KXNFLSPREAD,KXNFLSPREAD-26SEP13WASPHI-PHI4,Philadelphia wins by over 3.5 points?,2026-09-15T20:25:00Z,0.53,0.61,0.08,0.57,343086.0,17691.0
2026-08-16T13:19:25+00:00,KXNFLSPREAD,KXNFLSPREAD-26SEP13WASPHI-PHI3,Philadelphia wins by over 2.5 points?,2026-09-15T20:25:00Z,0.59,0.65,0.06,0.62,306405.0,112063.0
2026-08-16T13:19:25+00:00,KXNFLSPREAD,KXNFLSPREAD-26SEP13WASPHI-PHI21,Philadelphia wins by over 20.5 points?,2026-09-15T20:25:00Z,0.07,0.11,0.04,0.09,2335.0,61918.0
2026-08-16T13:19:25+00:00,KXNFLSPREAD,KXNFLSPREAD-26SEP13WASPHI-PHI2,Philadelphia wins by over 1.5 points?,2026-09-15T20:25:00Z,0.63,0.67,0.04,0.65,94892.0,119805.0
2026-08-16T13:19:25+00:00,KXNFLSPREAD,KXNFLSPREAD-26SEP13WASPHI-PHI18,Philadelphia wins by over 17.5 points?,2026-09-15T20:25:00Z,0.11,0.16,0.05,0.135,3053.0,22392.0
2026-08-16T13:19:25+00:00,KXNFLSPREAD,KXNFLSPREAD-26SEP13WASPHI-PHI17,Philadelphia wins by over 16.5 points?,2026-09-15T20:25:00Z,0.14,0.19,0.05,0.165,966069.0,110395.0
2026-08-16T13:19:25+00:00,KXNFLSPREAD,KXNFLSPREAD-26SEP13WASPHI-PHI15,Philadelphia wins by over 14.5 points?,2026-09-15T20:25:00Z,0.17,0.22,0.05,0.195,946611.0,11913.0
2026-08-16T13:19:25+00:00,KXNFLSPREAD,KXNFLSPREAD-26SEP13WASPHI-PHI14,Philadelphia wins by over 13.5 points?,2026-09-15T20:25:00Z,0.2,0.25,0.05,0.225,1056339.0,8894.0
2026-08-16T13:19:25+00:00,KXNFLSPREAD,KXNFLSPREAD-26SEP13WASPHI-PHI11,Philadelphia wins by over 10.5 points?,2026-09-15T20:25:00Z,0.26,0.32,0.06,0.29,306218.0,11622.0
2026-08-16T13:19:25+00:00,KXNFLSPREAD,KXNFLSPREAD-26SEP13WASPHI-PHI10,Philadelphia wins by over 9.5 points?,2026-09-15T20:25:00Z,0.29,0.35,0.06,0.32,92530.0,10293.0
2026-08-16T13:19:25+00:00,KXNFLSPREAD,KXNFLSPREAD-26SEP13MIALV-MIA8,Miami wins by over 7.5 points?,2026-09-15T20:25:00Z,0.1,0.18,0.08,0.14,963719.0,108307.0
2026-08-16T13:19:25+00:00,KXNFLSPREAD,KXNFLSPREAD-26SEP13MIALV-MIA7,Miami wins by over 6.5 points?,2026-09-15T20:25:00Z,0.16,0.25,0.09,0.205,959619.0,54775.0
2026-08-16T13:19:25+00:00,KXNFLSPREAD,KXNFLSPREAD-26SEP13MIALV-MIA6,Miami wins by over 5.5 points?,2026-09-15T20:25:00Z,0.16,0.17,0.01,0.165,1058525.0,13764.0
2026-08-16T13:19:25+00:00,KXNFLSPREAD,KXNFLSPREAD-26SEP13MIALV-MIA5,Miami wins by over 4.5 points?,2026-09-15T20:25:00Z,0.18,0.25,0.07,0.215,1208877.0,17723.0
2026-08-16T13:19:25+00:00,KXNFLSPREAD,KXNFLSPREAD-26SEP13MIALV-MIA4,Miami wins by over 3.5 points?,2026-09-15T20:25:00Z,0.24,0.28,0.04,0.26,54056.0,9285.0
2026-08-16T13:19:25+00:00,KXNFLSPREAD,KXNFLSPREAD-26SEP13MIALV-MIA3,Miami wins by over 2.5 points?,2026-09-15T20:25:00Z,0.28,0.33,0.05,0.305,100614.0,12315.0
2026-08-16T13:19:25+00:00,KXNFLSPREAD,KXNFLSPREAD-26SEP13MIALV-MIA2,Miami wins by over 1.5 points?,2026-09-15T20:25:00Z,0.29,0.35,0.06,0.32,1316695.0,26882.0
2026-08-16T13:19:25+00:00,KXNFLSPREAD,KXNFLSPREAD-26SEP13MIALV-MIA15,Miami wins by over 14.5 points?,2026-09-15T20:25:00Z,0.04,0.07,0.03,0.055,2317.0,29678.0
2026-08-16T13:19:25+00:00,KXNFLSPREAD,KXNFLSPREAD-26SEP13MIALV-MIA14,Miami wins by over 13.5 points?,2026-09-15T20:25:00Z,0.05,0.09,0.04,0.07,3183.0,129281.0
2026-08-16T13:19:25+00:00,KXNFLSPREAD,KXNFLSPREAD-26SEP13MIALV-MIA11,Miami wins by over 10.5 points?,2026-09-15T20:25:00Z,0.07,0.09,0.02,0.08,2782.0,12010.0
2026-08-16T13:19:25+00:00,KXNFLSPREAD,KXNFLSPREAD-26SEP13MIALV-MIA10,Miami wins by over 9.5 points?,2026-09-15T20:25:00Z,0.06,0.1,0.04,0.08,2236.0,17603.0
2026-08-16T13:19:25+00:00,KXNFLSPREAD,KXNFLSPREAD-26SEP13MIALV-LV8,Las Vegas wins by over 7.5 points?,2026-09-15T20:25:00Z,0.32,0.38,0.06,0.35,124959.0,9891.0
2026-08-16T13:19:25+00:00,KXNFLSPREAD,KXNFLSPREAD-26SEP13MIALV-LV7,Las Vegas wins by over 6.5 points?,2026-09-15T20:25:00Z,0.38,0.44,0.06,0.41,51228.0,31443.0
2026-08-16T13:19:25+00:00,KXNFLSPREAD,KXNFLSPREAD-26SEP13MIALV-LV6,Las Vegas wins by over 5.5 points?,2026-09-15T20:25:00Z,0.41,0.47,0.06,0.44,106932.0,26048.0
2026-08-16T13:19:25+00:00,KXNFLSPREAD,KXNFLSPREAD-26SEP13MIALV-LV5,Las Vegas wins by over 4.5 points?,2026-09-15T20:25:00Z,0.45,0.52,0.07,0.485,132012.0,27283.0
2026-08-16T13:19:25+00:00,KXNFLSPREAD,KXNFLSPREAD-26SEP13MIALV-LV4,Las Vegas wins by over 3.5 points?,2026-09-15T20:25:00Z,0.5,0.51,0.01,0.505,7395.0,4843.74
2026-08-16T13:19:25+00:00,KXNFLSPREAD,KXNFLSPREAD-26SEP13MIALV-LV3,Las Vegas wins by over 2.5 points?,2026-09-15T20:25:00Z,0.59,0.62,0.03,0.605,29864.0,144100.0
2026-08-16T13:19:25+00:00,KXNFLSPREAD,KXNFLSPREAD-26SEP13MIALV-LV21,Las Vegas wins by over 20.5 points?,2026-09-15T20:25:00Z,0.05,0.09,0.04,0.07,3118.0,62736.0
2026-08-16T13:19:25+00:00,KXNFLSPREAD,KXNFLSPREAD-26SEP13MIALV-LV2,Las Vegas wins by over 1.5 points?,2026-09-15T20:25:00Z,0.59,0.65,0.06,0.62,55018.0,52288.0
2026-08-16T13:19:25+00:00,KXNFLSPREAD,KXNFLSPREAD-26SEP13MIALV-LV18,Las Vegas wins by over 17.5 points?,2026-09-15T20:25:00Z,0.1,0.13,0.03,0.115,2711.0,28504.0
2026-08-16T13:19:25+00:00,KXNFLSPREAD,KXNFLSPREAD-26SEP13MIALV-LV17,Las Vegas wins by over 16.5 points?,2026-09-15T20:25:00Z,0.11,0.16,0.05,0.135,3330.0,21780.0
2026-08-16T13:19:25+00:00,KXNFLSPREAD,KXNFLSPREAD-26SEP13MIALV-LV15,Las Vegas wins by over 14.5 points?,2026-09-15T20:25:00Z,0.15,0.2,0.05,0.175,964720.0,54260.0
2026-08-16T13:19:25+00:00,KXNFLSPREAD,KXNFLSPREAD-26SEP13MIALV-LV14,Las Vegas wins by over 13.5 points?,2026-09-15T20:25:00Z,0.18,0.24,0.06,0.21,945999.0,9046.0
2026-08-16T13:19:25+00:00,KXNFLSPREAD,KXNFLSPREAD-26SEP13MIALV-LV11,Las Vegas wins by over 10.5 points?,2026-09-15T20:25:00Z,0.23,0.29,0.06,0.26,1205951.0,10717.0
2026-08-16T13:19:25+00:00,KXNFLSPREAD,KXNFLSPREAD-26SEP13MIALV-LV10,Las Vegas wins by over 9.5 points?,2026-09-15T20:25:00Z,0.31,0.33,0.02,0.32,70200.0,10983.0
2026-08-16T13:19:25+00:00,KXNFLSPREAD,KXNFLSPREAD-26SEP13GBMIN-MIN8,Minnesota wins by over 7.5 points?,2026-09-15T20:25:00Z,0.21,0.27,0.06,0.24,1204404.0,13710.0
2026-08-16T13:19:25+00:00,KXNFLSPREAD,KXNFLSPREAD-26SEP13GBMIN-MIN7,Minnesota wins by over 6.5 points?,2026-09-15T20:25:00Z,0.24,0.3,0.06,0.27,1291302.0,7394.0
2026-08-16T13:19:25+00:00,KXNFLSPREAD,KXNFLSPREAD-26SEP13GBMIN-MIN6,Minnesota wins by over 5.5 points?,2026-09-15T20:25:00Z,0.28,0.34,0.06,0.31,1243937.0,10367.0
2026-08-16T13:19:25+00:00,KXNFLSPREAD,KXNFLSPREAD-26SEP13GBMIN-MIN5,Minnesota wins by over 4.5 points?,2026-09-15T20:25:00Z,0.31,0.35,0.04,0.33,1314284.0,9958.0
2026-08-16T13:19:25+00:00,KXNFLSPREAD,KXNFLSPREAD-26SEP13GBMIN-MIN4,Minnesota wins by over 3.5 points?,2026-09-15T20:25:00Z,0.37,0.41,0.04,0.39,1352461.0,14242.0
2026-08-16T13:19:25+00:00,KXNFLSPREAD,KXNFLSPREAD-26SEP13GBMIN-MIN3,Minnesota wins by over 2.5 points?,2026-09-15T20:25:00Z,0.43,0.47,0.04,0.45,105268.0,8949.0
2026-08-16T13:19:25+00:00,KXNFLSPREAD,KXNFLSPREAD-26SEP13GBMIN-MIN2,Minnesota wins by over 1.5 points?,2026-09-15T20:25:00Z,0.46,0.51,0.05,0.485,17822.03,11243.0
2026-08-16T13:19:25+00:00,KXNFLSPREAD,KXNFLSPREAD-26SEP13GBMIN-MIN17,Minnesota wins by over 16.5 points?,2026-09-15T20:25:00Z,0.06,0.09,0.03,0.075,2756.0,64042.0
2026-08-16T13:19:25+00:00,KXNFLSPREAD,KXNFLSPREAD-26SEP13GBMIN-MIN15,Minnesota wins by over 14.5 points?,2026-09-15T20:25:00Z,0.07,0.11,0.04,0.09,2453.0,29662.0
2026-08-16T13:19:25+00:00,KXNFLSPREAD,KXNFLSPREAD-26SEP13GBMIN-MIN14,Minnesota wins by over 13.5 points?,2026-09-15T20:25:00Z,0.09,0.13,0.04,0.11,2986.0,62862.0
2026-08-16T13:19:25+00:00,KXNFLSPREAD,KXNFLSPREAD-26SEP13GBMIN-MIN11,Minnesota wins by over 10.5 points?,2026-09-15T20:25:00Z,0.14,0.18,0.04,0.16,967251.0,57225.0
2026-08-16T13:19:25+00:00,KXNFLSPREAD,KXNFLSPREAD-26SEP13GBMIN-MIN10,Minnesota wins by over 9.5 points?,2026-09-15T20:25:00Z,0.17,0.21,0.04,0.19,943736.0,5392.0
2026-08-16T13:19:25+00:00,KXNFLSPREAD,KXNFLSPREAD-26SEP13GBMIN-GB8,Green Bay wins by over 7.5 points?,2026-09-15T20:25:00Z,0.18,0.26,0.08,0.22,1209868.0,11254.0
2026-08-16T13:19:25+00:00,KXNFLSPREAD,KXNFLSPREAD-26SEP13GBMIN-GB7,Green Bay wins by over 6.5 points?,2026-09-15T20:25:00Z,0.23,0.28,0.05,0.255,276843.0,26359.0
2026-08-16T13:19:25+00:00,KXNFLSPREAD,KXNFLSPREAD-26SEP13GBMIN-GB6,Green Bay wins by over 5.5 points?,2026-09-15T20:25:00Z,0.25,0.33,0.08,0.29,381238.0,13739.0
2026-08-16T13:19:25+00:00,KXNFLSPREAD,KXNFLSPREAD-26SEP13GBMIN-GB5,Green Bay wins by over 4.5 points?,2026-09-15T20:25:00Z,0.28,0.33,0.05,0.305,133850.0,17732.0
2026-08-16T13:19:25+00:00,KXNFLSPREAD,KXNFLSPREAD-26SEP13GBMIN-GB4,Green Bay wins by over 3.5 points?,2026-09-15T20:25:00Z,0.34,0.38,0.04,0.36,128676.0,9190.0
2026-08-16T13:19:25+00:00,KXNFLSPREAD,KXNFLSPREAD-26SEP13GBMIN-GB3,Green Bay wins by over 2.5 points?,2026-09-15T20:25:00Z,0.39,0.44,0.05,0.415,108491.0,12312.0
2026-08-16T13:19:25+00:00,KXNFLSPREAD,KXNFLSPREAD-26SEP13GBMIN-GB2,Green Bay wins by over 1.5 points?,2026-09-15T20:25:00Z,0.43,0.48,0.05,0.455,23130.01,18555.66
2026-08-16T13:19:25+00:00,KXNFLSPREAD,KXNFLSPREAD-26SEP13GBMIN-GB17,Green Bay wins by over 16.5 points?,2026-09-15T20:25:00Z,0.04,0.08,0.04,0.06,3255.0,131989.0
2026-08-16T13:19:25+00:00,KXNFLSPREAD,KXNFLSPREAD-26SEP13GBMIN-GB15,Green Bay wins by over 14.5 points?,2026-09-15T20:25:00Z,0.04,0.09,0.05,0.065,2878.0,61299.0
2026-08-16T13:19:25+00:00,KXNFLSPREAD,KXNFLSPREAD-26SEP13GBMIN-GB14,Green Bay wins by over 13.5 points?,2026-09-15T20:25:00Z,0.08,0.11,0.03,0.095,3112.0,19149.0
2026-08-16T13:19:25+00:00,KXNFLSPREAD,KXNFLSPREAD-26SEP13GBMIN-GB11,Green Bay wins by over 10.5 points?,2026-09-15T20:25:00Z,0.12,0.15,0.03,0.135,962340.0,106702.0
2026-08-16T13:19:25+00:00,KXNFLSPREAD,KXNFLSPREAD-26SEP13GBMIN-GB10,Green Bay wins by over 9.5 points?,2026-09-15T20:25:00Z,0.13,0.29,0.16,0.21,1072590.0,55336.0
2026-08-16T13:19:25+00:00,KXNFLSPREAD,KXNFLSPREAD-26SEP13ARILAC-LAC8,Los Angeles wins by over 7.5 points?,2026-09-15T20:25:00Z,0.56,0.61,0.05,0.585,96101.0,61776.0
2026-08-16T13:19:25+00:00,KXNFLSPREAD,KXNFLSPREAD-26SEP13ARILAC-LAC7,Los Angeles wins by over 6.5 points?,2026-09-15T20:25:00Z,0.61,0.67,0.06,0.64,51186.0,35710.0
2026-08-16T13:19:25+00:00,KXNFLSPREAD,KXNFLSPREAD-26SEP13ARILAC-LAC6,Los Angeles wins by over 5.5 points?,2026-09-15T20:25:00Z,0.65,0.69,0.04,0.67,20967.0,4533.0
2026-08-16T13:19:25+00:00,KXNFLSPREAD,KXNFLSPREAD-26SEP13ARILAC-LAC5,Los Angeles wins by over 4.5 points?,2026-09-15T20:25:00Z,0.68,0.73,0.05,0.705,51080.0,54936.0
2026-08-16T13:19:25+00:00,KXNFLSPREAD,KXNFLSPREAD-26SEP13ARILAC-LAC4,Los Angeles wins by over 3.5 points?,2026-09-15T20:25:00Z,0.72,0.74,0.02,0.73,29959.0,72995.0
2026-08-16T13:19:25+00:00,KXNFLSPREAD,KXNFLSPREAD-26SEP13ARILAC-LAC31,Los Angeles wins by over 30.5 points?,2026-09-15T20:25:00Z,0.03,0.05,0.02,0.04,3117.0,63461.0
2026-08-16T13:19:25+00:00,KXNFLSPREAD,KXNFLSPREAD-26SEP13ARILAC-LAC3,Los Angeles wins by over 2.5 points?,2026-09-15T20:25:00Z,0.78,0.83,0.05,0.805,8161.0,110752.0
2026-08-16T13:19:25+00:00,KXNFLSPREAD,KXNFLSPREAD-26SEP13ARILAC-LAC28,Los Angeles wins by over 27.5 points?,2026-09-15T20:25:00Z,0.06,0.08,0.02,0.07,3000.0,62799.0
2026-08-16T13:19:25+00:00,KXNFLSPREAD,KXNFLSPREAD-26SEP13ARILAC-LAC24,Los Angeles wins by over 23.5 points?,2026-09-15T20:25:00Z,0.1,0.14,0.04,0.12,2940.0,14967.0
2026-08-16T13:19:25+00:00,KXNFLSPREAD,KXNFLSPREAD-26SEP13ARILAC-LAC21,Los Angeles wins by over 20.5 points?,2026-09-15T20:25:00Z,0.16,0.21,0.05,0.185,944900.0,10379.0
2026-08-16T13:19:25+00:00,KXNFLSPREAD,KXNFLSPREAD-26SEP13ARILAC-LAC2,Los Angeles wins by over 1.5 points?,2026-09-15T20:25:00Z,0.8,0.85,0.05,0.825,23483.0,953677.0
2026-08-16T13:19:25+00:00,KXNFLSPREAD,KXNFLSPREAD-26SEP13ARILAC-LAC18,Los Angeles wins by over 17.5 points?,2026-09-15T20:25:00Z,0.24,0.29,0.05,0.265,1293873.0,7018.0
2026-08-16T13:19:25+00:00,KXNFLSPREAD,KXNFLSPREAD-26SEP13ARILAC-LAC17,Los Angeles wins by over 16.5 points?,2026-09-15T20:25:00Z,0.26,0.34,0.08,0.3,306292.0,7074.0
2026-08-16T13:19:25+00:00,KXNFLSPREAD,KXNFLSPREAD-26SEP13ARILAC-LAC15,Los Angeles wins by over 14.5 points?,2026-09-15T20:25:00Z,0.32,0.38,0.06,0.35,96182.0,8898.0
2026-08-16T13:19:25+00:00,KXNFLSPREAD,KXNFLSPREAD-26SEP13ARILAC-LAC14,Los Angeles wins by over 13.5 points?,2026-09-15T20:25:00Z,0.36,0.43,0.07,0.395,107918.0,9844.0
2026-08-16T13:19:25+00:00,KXNFLSPREAD,KXNFLSPREAD-26SEP13ARILAC-LAC12,Los Angeles wins by over 11.5 points?,2026-09-15T20:25:00Z,0.41,0.45,0.04,0.43,140958.0,8225.0
2026-08-16T13:19:25+00:00,KXNFLSPREAD,KXNFLSPREAD-26SEP13ARILAC-LAC11,Los Angeles wins by over 10.5 points?,2026-09-15T20:25:00Z,0.45,0.48,0.03,0.465,9439.0,8793.54
2026-08-16T13:19:25+00:00,KXNFLSPREAD,KXNFLSPREAD-26SEP13ARILAC-LAC10,Los Angeles wins by over 9.5 points?,2026-09-15T20:25:00Z,0.49,0.53,0.04,0.51,55442.52,9985.0
2026-08-16T13:19:25+00:00,KXNFLSPREAD,KXNFLSPREAD-26SEP13ARILAC-ARI8,Arizona wins by over 7.5 points?,2026-09-15T20:25:00Z,0.03,0.04,0.01,0.035,2130.0,62674.0
2026-08-16T13:19:25+00:00,KXNFLSPREAD,KXNFLSPREAD-26SEP13ARILAC-ARI7,Arizona wins by over 6.5 points?,2026-09-15T20:25:00Z,0.03,0.07,0.04,0.05,2875.0,130960.0
2026-08-16T13:19:25+00:00,KXNFLSPREAD,KXNFLSPREAD-26SEP13ARILAC-ARI6,Arizona wins by over 5.5 points?,2026-09-15T20:25:00Z,0.05,0.07,0.02,0.06,2205.0,28708.0
2026-08-16T13:19:25+00:00,KXNFLSPREAD,KXNFLSPREAD-26SEP13ARILAC-ARI5,Arizona wins by over 4.5 points?,2026-09-15T20:25:00Z,0.05,0.09,0.04,0.07,3275.0,61848.0
2026-08-16T13:19:25+00:00,KXNFLSPREAD,KXNFLSPREAD-26SEP13ARILAC-ARI4,Arizona wins by over 3.5 points?,2026-09-15T20:25:00Z,0.06,0.07,0.01,0.065,2588.0,16810.01
2026-08-16T13:19:25+00:00,KXNFLSPREAD,KXNFLSPREAD-26SEP13ARILAC-ARI3,Arizona wins by over 2.5 points?,2026-09-15T20:25:00Z,0.1,0.13,0.03,0.115,2711.0,131299.0
2026-08-16T13:19:25+00:00,KXNFLSPREAD,KXNFLSPREAD-26SEP13ARILAC-ARI2,Arizona wins by over 1.5 points?,2026-09-15T20:25:00Z,0.11,0.15,0.04,0.13,2705.0,23019.0
2026-08-16T13:19:25+00:00,KXNFLSPREAD,KXNFLSPREAD-26SEP13ARILAC-ARI11,Arizona wins by over 10.5 points?,2026-09-15T20:25:00Z,0.02,0.03,0.01,0.025,1252.0,28446.0
2026-08-16T13:19:25+00:00,KXNFLSPREAD,KXNFLSPREAD-26SEP13ARILAC-ARI10,Arizona wins by over 9.5 points?,2026-09-15T20:25:00Z,0.03,0.04,0.01,0.035,2115.0,60360.0
2026-08-16T13:19:25+00:00,KXNFLSPREAD,KXNFLSPREAD-26SEP13BUFHOU-HOU8,Houston wins by over 7.5 points?,2026-09-15T17:00:00Z,0.21,0.26,0.05,0.235,1056754.0,26131.0
2026-08-16T13:19:25+00:00,KXNFLSPREAD,KXNFLSPREAD-26SEP13BUFHOU-HOU7,Houston wins by over 6.5 points?,2026-09-15T17:00:00Z,0.25,0.3,0.05,0.275,1205555.0,9515.0
2026-08-16T13:19:25+00:00,KXNFLSPREAD,KXNFLSPREAD-26SEP13BUFHOU-HOU6,Houston wins by over 5.5 points?,2026-09-15T17:00:00Z,0.28,0.33,0.05,0.305,1205483.0,8301.0
2026-08-16T13:19:25+00:00,KXNFLSPREAD,KXNFLSPREAD-26SEP13BUFHOU-HOU5,Houston wins by over 4.5 points?,2026-09-15T17:00:00Z,0.3,0.35,0.05,0.325,99734.0,24894.0
2026-08-16T13:19:25+00:00,KXNFLSPREAD,KXNFLSPREAD-26SEP13BUFHOU-HOU4,Houston wins by over 3.5 points?,2026-09-15T17:00:00Z,0.36,0.42,0.06,0.39,101315.0,9397.0
2026-08-16T13:19:25+00:00,KXNFLSPREAD,KXNFLSPREAD-26SEP13BUFHOU-HOU3,Houston wins by over 2.5 points?,2026-09-15T17:00:00Z,0.41,0.44,0.03,0.425,345186.0,11903.0
2026-08-16T13:19:25+00:00,KXNFLSPREAD,KXNFLSPREAD-26SEP13BUFHOU-HOU2,Houston wins by over 1.5 points?,2026-09-15T17:00:00Z,0.45,0.49,0.04,0.47,112133.0,7328.0
2026-08-16T13:19:25+00:00,KXNFLSPREAD,KXNFLSPREAD-26SEP13BUFHOU-HOU17,Houston wins by over 16.5 points?,2026-09-15T17:00:00Z,0.06,0.09,0.03,0.075,2613.0,135178.0
2026-08-16T13:19:25+00:00,KXNFLSPREAD,KXNFLSPREAD-26SEP13BUFHOU-HOU15,Houston wins by over 14.5 points?,2026-09-15T17:00:00Z,0.07,0.13,0.06,0.1,2825.0,135724.0
2026-08-16T13:19:25+00:00,KXNFLSPREAD,KXNFLSPREAD-26SEP13BUFHOU-HOU14,Houston wins by over 13.5 points?,2026-09-15T17:00:00Z,0.1,0.13,0.03,0.115,2738.0,64121.0
2026-08-16T13:19:25+00:00,KXNFLSPREAD,KXNFLSPREAD-26SEP13BUFHOU-HOU11,Houston wins by over 10.5 points?,2026-09-15T17:00:00Z,0.14,0.18,0.04,0.16,686904.0,15316.0
2026-08-16T13:19:25+00:00,KXNFLSPREAD,KXNFLSPREAD-26SEP13BUFHOU-HOU10,Houston wins by over 9.5 points?,2026-09-15T17:00:00Z,0.15,0.21,0.06,0.18,967662.0,8407.0
2026-08-16T13:19:25+00:00,KXNFLSPREAD,KXNFLSPREAD-26SEP13BUFHOU-BUF8,Buffalo wins by over 7.5 points?,2026-09-15T17:00:00Z,0.21,0.26,0.05,0.235,109641.0,11347.0
2026-08-16T13:19:25+00:00,KXNFLSPREAD,KXNFLSPREAD-26SEP13BUFHOU-BUF7,Buffalo wins by over 6.5 points?,2026-09-15T17:00:00Z,0.25,0.3,0.05,0.275,57925.0,15086.0
2026-08-16T13:19:25+00:00,KXNFLSPREAD,KXNFLSPREAD-26SEP13BUFHOU-BUF6,Buffalo wins by over 5.5 points?,2026-09-15T17:00:00Z,0.28,0.33,0.05,0.305,1206231.0,11322.0
2026-08-16T13:19:25+00:00,KXNFLSPREAD,KXNFLSPREAD-26SEP13BUFHOU-BUF5,Buffalo wins by over 4.5 points?,2026-09-15T17:00:00Z,0.3,0.36,0.06,0.33,1245397.0,12780.0
2026-08-16T13:19:25+00:00,KXNFLSPREAD,KXNFLSPREAD-26SEP13BUFHOU-BUF4,Buffalo wins by over 3.5 points?,2026-09-15T17:00:00Z,0.34,0.38,0.04,0.36,168906.0,10764.45
2026-08-16T13:19:25+00:00,KXNFLSPREAD,KXNFLSPREAD-26SEP13BUFHOU-BUF3,Buffalo wins by over 2.5 points?,2026-09-15T17:00:00Z,0.41,0.48,0.07,0.445,50887.0,12281.0
2026-08-16T13:19:25+00:00,KXNFLSPREAD,KXNFLSPREAD-26SEP13BUFHOU-BUF2,Buffalo wins by over 1.5 points?,2026-09-15T17:00:00Z,0.45,0.46,0.01,0.455,14744.0,8773.75
2026-08-16T13:19:25+00:00,KXNFLSPREAD,KXNFLSPREAD-26SEP13BUFHOU-BUF17,Buffalo wins by over 16.5 points?,2026-09-15T17:00:00Z,0.05,0.06,0.01,0.055,3726.0,9784.0
2026-08-16T13:19:25+00:00,KXNFLSPREAD,KXNFLSPREAD-26SEP13BUFHOU-BUF15,Buffalo wins by over 14.5 points?,2026-09-15T17:00:00Z,0.08,0.12,0.04,0.1,2160.0,64424.0
2026-08-16T13:19:25+00:00,KXNFLSPREAD,KXNFLSPREAD-26SEP13BUFHOU-BUF14,Buffalo wins by over 13.5 points?,2026-09-15T17:00:00Z,0.09,0.14,0.05,0.115,3023.0,64720.0
2026-08-16T13:19:25+00:00,KXNFLSPREAD,KXNFLSPREAD-26SEP13BUFHOU-BUF11,Buffalo wins by over 10.5 points?,2026-09-15T17:00:00Z,0.14,0.19,0.05,0.165,685924.0,15135.0
2026-08-16T13:19:25+00:00,KXNFLSPREAD,KXNFLSPREAD-26SEP13BUFHOU-BUF10,Buffalo wins by over 9.5 points?,2026-09-15T17:00:00Z,0.16,0.21,0.05,0.185,968314.0,10901.0
2026-08-16T13:19:25+00:00,KXNFLSPREAD,KXNFLSPREAD-26SEP13NODET-NO8,New Orleans wins by over 7.5 points?,2026-09-15T17:00:00Z,0.07,0.09,0.02,0.08,2856.0,15163.0
2026-08-16T13:19:25+00:00,KXNFLSPREAD,KXNFLSPREAD-26SEP13NODET-NO7,New Orleans wins by over 6.5 points?,2026-09-15T17:00:00Z,0.07,0.1,0.03,0.085,3270.0,16939.0
2026-08-16T13:19:25+00:00,KXNFLSPREAD,KXNFLSPREAD-26SEP13NODET-NO6,New Orleans wins by over 5.5 points?,2026-09-15T17:00:00Z,0.1,0.11,0.01,0.105,3181.0,11847.0
2026-08-16T13:19:25+00:00,KXNFLSPREAD,KXNFLSPREAD-26SEP13NODET-NO5,New Orleans wins by over 4.5 points?,2026-09-15T17:00:00Z,0.13,0.16,0.03,0.145,2709.0,24966.0
2026-08-16T13:19:25+00:00,KXNFLSPREAD,KXNFLSPREAD-26SEP13NODET-NO4,New Orleans wins by over 3.5 points?,2026-09-15T17:00:00Z,0.14,0.16,0.02,0.15,4492.0,13674.0
2026-08-16T13:19:25+00:00,KXNFLSPREAD,KXNFLSPREAD-26SEP13NODET-NO3,New Orleans wins by over 2.5 points?,2026-09-15T17:00:00Z,0.2,0.24,0.04,0.22,970989.0,12481.0
2026-08-16T13:19:25+00:00,KXNFLSPREAD,KXNFLSPREAD-26SEP13NODET-NO2,New Orleans wins by over 1.5 points?,2026-09-15T17:00:00Z,0.2,0.27,0.07,0.235,947033.0,15966.0
2026-08-16T13:19:25+00:00,KXNFLSPREAD,KXNFLSPREAD-26SEP13NODET-NO15,New Orleans wins by over 14.5 points?,2026-09-15T17:00:00Z,0.03,0.04,0.01,0.035,2065.0,28529.0
2026-08-16T13:19:25+00:00,KXNFLSPREAD,KXNFLSPREAD-26SEP13NODET-NO14,New Orleans wins by over 13.5 points?,2026-09-15T17:00:00Z,0.03,0.04,0.01,0.035,2664.0,29441.0
2026-08-16T13:19:25+00:00,KXNFLSPREAD,KXNFLSPREAD-26SEP13NODET-NO11,New Orleans wins by over 10.5 points?,2026-09-15T17:00:00Z,0.03,0.06,0.03,0.045,2910.0,30287.0
2026-08-16T13:19:25+00:00,KXNFLSPREAD,KXNFLSPREAD-26SEP13NODET-NO10,New Orleans wins by over 9.5 points?,2026-09-15T17:00:00Z,0.04,0.09,0.05,0.065,2307.0,63796.0
2026-08-16T13:19:25+00:00,KXNFLSPREAD,KXNFLSPREAD-26SEP13NODET-DET8,Detroit wins by over 7.5 points?,2026-09-15T17:00:00Z,0.45,0.49,0.04,0.47,410750.0,11953.68
2026-08-16T13:19:25+00:00,KXNFLSPREAD,KXNFLSPREAD-26SEP13NODET-DET7,Detroit wins by over 6.5 points?,2026-09-15T17:00:00Z,0.52,0.56,0.04,0.54,13127.0,12742.06
2026-08-16T13:19:25+00:00,KXNFLSPREAD,KXNFLSPREAD-26SEP13NODET-DET6,Detroit wins by over 5.5 points?,2026-09-15T17:00:00Z,0.55,0.59,0.04,0.57,28777.0,10034.0
2026-08-16T13:19:25+00:00,KXNFLSPREAD,KXNFLSPREAD-26SEP13NODET-DET5,Detroit wins by over 4.5 points?,2026-09-15T17:00:00Z,0.57,0.62,0.05,0.595,94317.0,52781.0
2026-08-16T13:19:25+00:00,KXNFLSPREAD,KXNFLSPREAD-26SEP13NODET-DET4,Detroit wins by over 3.5 points?,2026-09-15T17:00:00Z,0.61,0.67,0.06,0.64,25300.0,49431.0
2026-08-16T13:19:25+00:00,KXNFLSPREAD,KXNFLSPREAD-26SEP13NODET-DET3,Detroit wins by over 2.5 points?,2026-09-15T17:00:00Z,0.68,0.71,0.03,0.695,24938.0,93825.0
2026-08-16T13:19:25+00:00,KXNFLSPREAD,KXNFLSPREAD-26SEP13NODET-DET28,Detroit wins by over 27.5 points?,2026-09-15T17:00:00Z,0.05,0.09,0.04,0.07,2178.0,61897.0
2026-08-16T13:19:25+00:00,KXNFLSPREAD,KXNFLSPREAD-26SEP13NODET-DET24,Detroit wins by over 23.5 points?,2026-09-15T17:00:00Z,0.09,0.14,0.05,0.115,2175.0,133921.0
2026-08-16T13:19:25+00:00,KXNFLSPREAD,KXNFLSPREAD-26SEP13NODET-DET21,Detroit wins by over 20.5 points?,2026-09-15T17:00:00Z,0.14,0.19,0.05,0.165,2663.0,22556.0
2026-08-16T13:19:25+00:00,KXNFLSPREAD,KXNFLSPREAD-26SEP13NODET-DET2,Detroit wins by over 1.5 points?,2026-09-15T17:00:00Z,0.7,0.74,0.04,0.72,25756.0,36384.0
2026-08-16T13:19:25+00:00,KXNFLSPREAD,KXNFLSPREAD-26SEP13NODET-DET18,Detroit wins by over 17.5 points?,2026-09-15T17:00:00Z,0.19,0.22,0.03,0.205,947114.94,11062.0
2026-08-16T13:19:25+00:00,KXNFLSPREAD,KXNFLSPREAD-26SEP13NODET-DET17,Detroit wins by over 16.5 points?,2026-09-15T17:00:00Z,0.22,0.27,0.05,0.245,1056217.0,6724.0
2026-08-16T13:19:25+00:00,KXNFLSPREAD,KXNFLSPREAD-26SEP13NODET-DET15,Detroit wins by over 14.5 points?,2026-09-15T17:00:00Z,0.26,0.3,0.04,0.28,1206346.0,11290.0
2026-08-16T13:19:25+00:00,KXNFLSPREAD,KXNFLSPREAD-26SEP13NODET-DET14,Detroit wins by over 13.5 points?,2026-09-15T17:00:00Z,0.3,0.33,0.03,0.315,52021.0,4290.0
2026-08-16T13:19:25+00:00,KXNFLSPREAD,KXNFLSPREAD-26SEP13NODET-DET11,Detroit wins by over 10.5 points?,2026-09-15T17:00:00Z,0.36,0.42,0.06,0.39,345822.0,58502.0
2026-08-16T13:19:25+00:00,KXNFLSPREAD,KXNFLSPREAD-26SEP13NODET-DET10,Detroit wins by over 9.5 points?,2026-09-15T17:00:00Z,0.39,0.45,0.06,0.42,1453809.0,9274.0
2026-08-16T13:19:25+00:00,KXNFLSPREAD,KXNFLSPREAD-26SEP13NYJTEN-TEN8,Tennessee wins by over 7.5 points?,2026-09-15T17:00:00Z,0.25,0.29,0.04,0.27,1315392.0,6735.53
2026-08-16T13:19:25+00:00,KXNFLSPREAD,KXNFLSPREAD-26SEP13NYJTEN-TEN7,Tennessee wins by over 6.5 points?,2026-09-15T17:00:00Z,0.3,0.35,0.05,0.325,1351390.97,10182.97
2026-08-16T13:19:25+00:00,KXNFLSPREAD,KXNFLSPREAD-26SEP13NYJTEN-TEN6,Tennessee wins by over 5.5 points?,2026-09-15T17:00:00Z,0.32,0.36,0.04,0.34,142222.72,5863.72
2026-08-16T13:19:25+00:00,KXNFLSPREAD,KXNFLSPREAD-26SEP13NYJTEN-TEN5,Tennessee wins by over 4.5 points?,2026-09-15T17:00:00Z,0.36,0.39,0.03,0.375,215979.0,8318.0
2026-08-16T13:19:25+00:00,KXNFLSPREAD,KXNFLSPREAD-26SEP13NYJTEN-TEN4,Tennessee wins by over 3.5 points?,2026-09-15T17:00:00Z,0.42,0.45,0.03,0.435,115866.0,14189.88
2026-08-16T13:19:25+00:00,KXNFLSPREAD,KXNFLSPREAD-26SEP13NYJTEN-TEN3,Tennessee wins by over 2.5 points?,2026-09-15T17:00:00Z,0.49,0.51,0.02,0.5,15755.25,3897.48
2026-08-16T13:19:25+00:00,KXNFLSPREAD,KXNFLSPREAD-26SEP13NYJTEN-TEN21,Tennessee wins by over 20.5 points?,2026-09-15T17:00:00Z,0.05,0.06,0.01,0.055,3075.34,63185.34
2026-08-16T13:19:25+00:00,KXNFLSPREAD,KXNFLSPREAD-26SEP13NYJTEN-TEN2,Tennessee wins by over 1.5 points?,2026-09-15T17:00:00Z,0.51,0.57,0.06,0.54,341684.0,12973.59
2026-08-16T13:19:25+00:00,KXNFLSPREAD,KXNFLSPREAD-26SEP13NYJTEN-TEN18,Tennessee wins by over 17.5 points?,2026-09-15T17:00:00Z,0.06,0.08,0.02,0.07,2492.0,63741.53
2026-08-16T13:19:25+00:00,KXNFLSPREAD,KXNFLSPREAD-26SEP13NYJTEN-TEN17,Tennessee wins by over 16.5 points?,2026-09-15T17:00:00Z,0.07,0.11,0.04,0.09,2768.0,11936.78
2026-08-16T13:19:25+00:00,KXNFLSPREAD,KXNFLSPREAD-26SEP13NYJTEN-TEN15,Tennessee wins by over 14.5 points?,2026-09-15T17:00:00Z,0.09,0.14,0.05,0.115,682668.0,20827.1
2026-08-16T13:19:25+00:00,KXNFLSPREAD,KXNFLSPREAD-26SEP13NYJTEN-TEN14,Tennessee wins by over 13.5 points?,2026-09-15T17:00:00Z,0.11,0.19,0.08,0.15,965018.0,54480.75
2026-08-16T13:19:25+00:00,KXNFLSPREAD,KXNFLSPREAD-26SEP13NYJTEN-TEN11,Tennessee wins by over 10.5 points?,2026-09-15T17:00:00Z,0.16,0.2,0.04,0.18,1204655.0,8387.53
2026-08-16T13:19:25+00:00,KXNFLSPREAD,KXNFLSPREAD-26SEP13NYJTEN-TEN10,Tennessee wins by over 9.5 points?,2026-09-15T17:00:00Z,0.18,0.25,0.07,0.215,1296027.0,15064.8
2026-08-16T13:19:25+00:00,KXNFLSPREAD,KXNFLSPREAD-26SEP13NYJTEN-NYJ8,New York wins by over 7.5 points?,2026-09-15T17:00:00Z,0.14,0.15,0.01,0.145,952642.0,27435.0
2026-08-16T13:19:25+00:00,KXNFLSPREAD,KXNFLSPREAD-26SEP13NYJTEN-NYJ7,New York wins by over 6.5 points?,2026-09-15T17:00:00Z,0.17,0.23,0.06,0.2,1057766.53,26875.0
2026-08-16T13:19:25+00:00,KXNFLSPREAD,KXNFLSPREAD-26SEP13NYJTEN-NYJ6,New York wins by over 5.5 points?,2026-09-15T17:00:00Z,0.2,0.26,0.06,0.23,1207353.0,27344.0
2026-08-16T13:19:25+00:00,KXNFLSPREAD,KXNFLSPREAD-26SEP13NYJTEN-NYJ5,New York wins by over 4.5 points?,2026-09-15T17:00:00Z,0.24,0.28,0.04,0.26,264320.78,12143.41
2026-08-16T13:19:25+00:00,KXNFLSPREAD,KXNFLSPREAD-26SEP13NYJTEN-NYJ4,New York wins by over 3.5 points?,2026-09-15T17:00:00Z,0.28,0.34,0.06,0.31,53249.19,8825.0
2026-08-16T13:19:25+00:00,KXNFLSPREAD,KXNFLSPREAD-26SEP13NYJTEN-NYJ3,New York wins by over 2.5 points?,2026-09-15T17:00:00Z,0.33,0.38,0.05,0.355,1316041.0,26862.0
2026-08-16T13:19:25+00:00,KXNFLSPREAD,KXNFLSPREAD-26SEP13NYJTEN-NYJ2,New York wins by over 1.5 points?,2026-09-15T17:00:00Z,0.36,0.42,0.06,0.39,1371928.0,11914.0
2026-08-16T13:19:25+00:00,KXNFLSPREAD,KXNFLSPREAD-26SEP13NYJTEN-NYJ15,New York wins by over 14.5 points?,2026-09-15T17:00:00Z,0.05,0.07,0.02,0.06,3518.0,65049.0
2026-08-16T13:19:25+00:00,KXNFLSPREAD,KXNFLSPREAD-26SEP13NYJTEN-NYJ14,New York wins by over 13.5 points?,2026-09-15T17:00:00Z,0.05,0.08,0.03,0.065,3545.0,18152.0
2026-08-16T13:19:25+00:00,KXNFLSPREAD,KXNFLSPREAD-26SEP13NYJTEN-NYJ11,New York wins by over 10.5 points?,2026-09-15T17:00:00Z,0.08,0.1,0.02,0.09,3003.17,7435.78
2026-08-16T13:19:25+00:00,KXNFLSPREAD,KXNFLSPREAD-26SEP13NYJTEN-NYJ10,New York wins by over 9.5 points?,2026-09-15T17:00:00Z,0.1,0.2,0.1,0.15,682031.0,36293.54
2026-08-16T13:19:25+00:00,KXNFLSPREAD,KXNFLSPREAD-26SEP13TBCIN-TB8,Tampa Bay wins by over 7.5 points?,2026-09-15T17:00:00Z,0.12,0.2,0.08,0.16,965522.0,54023.0
2026-08-16T13:19:25+00:00,KXNFLSPREAD,KXNFLSPREAD-26SEP13TBCIN-TB7,Tampa Bay wins by over 6.5 points?,2026-09-15T17:00:00Z,0.16,0.2,0.04,0.18,953784.0,27542.0
2026-08-16T13:19:25+00:00,KXNFLSPREAD,KXNFLSPREAD-26SEP13TBCIN-TB6,Tampa Bay wins by over 5.5 points?,2026-09-15T17:00:00Z,0.18,0.22,0.04,0.2,1058163.0,10636.0
2026-08-16T13:19:25+00:00,KXNFLSPREAD,KXNFLSPREAD-26SEP13TBCIN-TB5,Tampa Bay wins by over 4.5 points?,2026-09-15T17:00:00Z,0.21,0.24,0.03,0.225,1206003.0,14894.0
2026-08-16T13:19:25+00:00,KXNFLSPREAD,KXNFLSPREAD-26SEP13TBCIN-TB4,Tampa Bay wins by over 3.5 points?,2026-09-15T17:00:00Z,0.23,0.29,0.06,0.26,1293730.0,11251.0
2026-08-16T13:19:25+00:00,KXNFLSPREAD,KXNFLSPREAD-26SEP13TBCIN-TB3,Tampa Bay wins by over 2.5 points?,2026-09-15T17:00:00Z,0.28,0.33,0.05,0.305,1245179.0,16547.0
2026-08-16T13:19:25+00:00,KXNFLSPREAD,KXNFLSPREAD-26SEP13TBCIN-TB2,Tampa Bay wins by over 1.5 points?,2026-09-15T17:00:00Z,0.31,0.38,0.07,0.345,321933.0,11663.0
2026-08-16T13:19:25+00:00,KXNFLSPREAD,KXNFLSPREAD-26SEP13TBCIN-TB15,Tampa Bay wins by over 14.5 points?,2026-09-15T17:00:00Z,0.03,0.05,0.02,0.04,3163.0,63208.0
2026-08-16T13:19:25+00:00,KXNFLSPREAD,KXNFLSPREAD-26SEP13TBCIN-TB14,Tampa Bay wins by over 13.5 points?,2026-09-15T17:00:00Z,0.04,0.07,0.03,0.055,2910.0,61806.0
2026-08-16T13:19:25+00:00,KXNFLSPREAD,KXNFLSPREAD-26SEP13TBCIN-TB11,Tampa Bay wins by over 10.5 points?,2026-09-15T17:00:00Z,0.07,0.08,0.01,0.075,2784.0,15393.0
2026-08-16T13:19:25+00:00,KXNFLSPREAD,KXNFLSPREAD-26SEP13TBCIN-TB10,Tampa Bay wins by over 9.5 points?,2026-09-15T17:00:00Z,0.08,0.11,0.03,0.095,2982.0,50730.0
2026-08-16T13:19:25+00:00,KXNFLSPREAD,KXNFLSPREAD-26SEP13TBCIN-CIN8,Cincinnati wins by over 7.5 points?,2026-09-15T17:00:00Z,0.31,0.37,0.06,0.34,1370351.0,11680.0
2026-08-16T13:19:25+00:00,KXNFLSPREAD,KXNFLSPREAD-26SEP13TBCIN-CIN7,Cincinnati wins by over 6.5 points?,2026-09-15T17:00:00Z,0.37,0.42,0.05,0.395,1409761.0,10699.0
2026-08-16T13:19:25+00:00,KXNFLSPREAD,KXNFLSPREAD-26SEP13TBCIN-CIN6,Cincinnati wins by over 5.5 points?,2026-09-15T17:00:00Z,0.4,0.45,0.05,0.425,106117.0,10187.0
2026-08-16T13:19:25+00:00,KXNFLSPREAD,KXNFLSPREAD-26SEP13TBCIN-CIN5,Cincinnati wins by over 4.5 points?,2026-09-15T17:00:00Z,0.47,0.48,0.01,0.475,131841.0,13925.0
2026-08-16T13:19:25+00:00,KXNFLSPREAD,KXNFLSPREAD-26SEP13TBCIN-CIN4,Cincinnati wins by over 3.5 points?,2026-09-15T17:00:00Z,0.49,0.53,0.04,0.51,140981.21,13778.0
2026-08-16T13:19:25+00:00,KXNFLSPREAD,KXNFLSPREAD-26SEP13TBCIN-CIN3,Cincinnati wins by over 2.5 points?,2026-09-15T17:00:00Z,0.55,0.59,0.04,0.57,146124.0,142857.0
2026-08-16T13:19:25+00:00,KXNFLSPREAD,KXNFLSPREAD-26SEP13TBCIN-CIN21,Cincinnati wins by over 20.5 points?,2026-09-15T17:00:00Z,0.07,0.1,0.03,0.085,2803.0,29015.0
2026-08-16T13:19:25+00:00,KXNFLSPREAD,KXNFLSPREAD-26SEP13TBCIN-CIN2,Cincinnati wins by over 1.5 points?,2026-09-15T17:00:00Z,0.58,0.63,0.05,0.605,132442.0,52166.0
2026-08-16T13:19:25+00:00,KXNFLSPREAD,KXNFLSPREAD-26SEP13TBCIN-CIN18,Cincinnati wins by over 17.5 points?,2026-09-15T17:00:00Z,0.1,0.14,0.04,0.12,2707.0,27928.0
2026-08-16T13:19:25+00:00,KXNFLSPREAD,KXNFLSPREAD-26SEP13TBCIN-CIN17,Cincinnati wins by over 16.5 points?,2026-09-15T17:00:00Z,0.11,0.16,0.05,0.135,4609.0,12440.0
2026-08-16T13:19:25+00:00,KXNFLSPREAD,KXNFLSPREAD-26SEP13TBCIN-CIN15,Cincinnati wins by over 14.5 points?,2026-09-15T17:00:00Z,0.15,0.18,0.03,0.165,964857.0,12450.0
2026-08-16T13:19:25+00:00,KXNFLSPREAD,KXNFLSPREAD-26SEP13TBCIN-CIN14,Cincinnati wins by over 13.5 points?,2026-09-15T17:00:00Z,0.17,0.21,0.04,0.19,943879.0,25009.0
2026-08-16T13:19:25+00:00,KXNFLSPREAD,KXNFLSPREAD-26SEP13TBCIN-CIN11,Cincinnati wins by over 10.5 points?,2026-09-15T17:00:00Z,0.23,0.27,0.04,0.25,1204503.0,9700.0
2026-08-16T13:19:25+00:00,KXNFLSPREAD,KXNFLSPREAD-26SEP13TBCIN-CIN10,Cincinnati wins by over 9.5 points?,2026-09-15T17:00:00Z,0.26,0.3,0.04,0.28,1291265.0,4486.0
2026-08-16T13:19:25+00:00,KXNFLSPREAD,KXNFLSPREAD-26SEP13CLEJAC-JAC8,Jacksonville wins by over 7.5 points?,2026-09-15T17:00:00Z,0.48,0.54,0.06,0.51,7907.0,11831.0
2026-08-16T13:19:25+00:00,KXNFLSPREAD,KXNFLSPREAD-26SEP13CLEJAC-JAC7,Jacksonville wins by over 6.5 points?,2026-09-15T17:00:00Z,0.54,0.59,0.05,0.565,59702.0,12492.0
2026-08-16T13:19:25+00:00,KXNFLSPREAD,KXNFLSPREAD-26SEP13CLEJAC-JAC6,Jacksonville wins by over 5.5 points?,2026-09-15T17:00:00Z,0.59,0.62,0.03,0.605,11470.0,59756.0
2026-08-16T13:19:25+00:00,KXNFLSPREAD,KXNFLSPREAD-26SEP13CLEJAC-JAC5,Jacksonville wins by over 4.5 points?,2026-09-15T17:00:00Z,0.59,0.64,0.05,0.615,24947.0,7312.0
2026-08-16T13:19:25+00:00,KXNFLSPREAD,KXNFLSPREAD-26SEP13CLEJAC-JAC4,Jacksonville wins by over 3.5 points?,2026-09-15T17:00:00Z,0.63,0.68,0.05,0.655,95085.0,112315.0
2026-08-16T13:19:25+00:00,KXNFLSPREAD,KXNFLSPREAD-26SEP13CLEJAC-JAC3,Jacksonville wins by over 2.5 points?,2026-09-15T17:00:00Z,0.69,0.72,0.03,0.705,11861.65,130411.0
2026-08-16T13:19:25+00:00,KXNFLSPREAD,KXNFLSPREAD-26SEP13CLEJAC-JAC28,Jacksonville wins by over 27.5 points?,2026-09-15T17:00:00Z,0.08,0.12,0.04,0.1,2160.0,27595.0
2026-08-16T13:19:25+00:00,KXNFLSPREAD,KXNFLSPREAD-26SEP13CLEJAC-JAC24,Jacksonville wins by over 23.5 points?,2026-09-15T17:00:00Z,0.13,0.18,0.05,0.155,5170.0,64406.0
2026-08-16T13:19:25+00:00,KXNFLSPREAD,KXNFLSPREAD-26SEP13CLEJAC-JAC21,Jacksonville wins by over 20.5 points?,2026-09-15T17:00:00Z,0.19,0.23,0.04,0.21,3010.0,10046.0
2026-08-16T13:19:25+00:00,KXNFLSPREAD,KXNFLSPREAD-26SEP13CLEJAC-JAC2,Jacksonville wins by over 1.5 points?,2026-09-15T17:00:00Z,0.71,0.75,0.04,0.73,53240.0,126126.0
2026-08-16T13:19:25+00:00,KXNFLSPREAD,KXNFLSPREAD-26SEP13CLEJAC-JAC18,Jacksonville wins by over 17.5 points?,2026-09-15T17:00:00Z,0.24,0.29,0.05,0.265,686079.0,10886.0
2026-08-16T13:19:25+00:00,KXNFLSPREAD,KXNFLSPREAD-26SEP13CLEJAC-JAC17,Jacksonville wins by over 16.5 points?,2026-09-15T17:00:00Z,0.26,0.32,0.06,0.29,968050.0,10422.0
2026-08-16T13:19:25+00:00,KXNFLSPREAD,KXNFLSPREAD-26SEP13CLEJAC-JAC15,Jacksonville wins by over 14.5 points?,2026-09-15T17:00:00Z,0.3,0.32,0.02,0.31,174863.0,7006.0
2026-08-16T13:19:25+00:00,KXNFLSPREAD,KXNFLSPREAD-26SEP13CLEJAC-JAC14,Jacksonville wins by over 13.5 points?,2026-09-15T17:00:00Z,0.33,0.38,0.05,0.355,1204723.0,10471.0
2026-08-16T13:19:25+00:00,KXNFLSPREAD,KXNFLSPREAD-26SEP13CLEJAC-JAC11,Jacksonville wins by over 10.5 points?,2026-09-15T17:00:00Z,0.38,0.43,0.05,0.405,64651.0,4178.0
2026-08-16T13:19:25+00:00,KXNFLSPREAD,KXNFLSPREAD-26SEP13CLEJAC-JAC10,Jacksonville wins by over 9.5 points?,2026-09-15T17:00:00Z,0.42,0.48,0.06,0.45,344557.0,8628.0
2026-08-16T13:19:25+00:00,KXNFLSPREAD,KXNFLSPREAD-26SEP13CLEJAC-CLE8,Cleveland wins by over 7.5 points?,2026-09-15T17:00:00Z,0.05,0.06,0.01,0.055,2567.0,14736.0
2026-08-16T13:19:25+00:00,KXNFLSPREAD,KXNFLSPREAD-26SEP13CLEJAC-CLE7,Cleveland wins by over 6.5 points?,2026-09-15T17:00:00Z,0.1,0.12,0.02,0.11,3647.0,15440.0
2026-08-16T13:19:25+00:00,KXNFLSPREAD,KXNFLSPREAD-26SEP13CLEJAC-CLE6,Cleveland wins by over 5.5 points?,2026-09-15T17:00:00Z,0.11,0.13,0.02,0.12,2614.0,12540.0
2026-08-16T13:19:25+00:00,KXNFLSPREAD,KXNFLSPREAD-26SEP13CLEJAC-CLE5,Cleveland wins by over 4.5 points?,2026-09-15T17:00:00Z,0.12,0.16,0.04,0.14,683565.0,24817.0
2026-08-16T13:19:25+00:00,KXNFLSPREAD,KXNFLSPREAD-26SEP13CLEJAC-CLE4,Cleveland wins by over 3.5 points?,2026-09-15T17:00:00Z,0.13,0.14,0.01,0.135,966097.0,10939.0
2026-08-16T13:19:25+00:00,KXNFLSPREAD,KXNFLSPREAD-26SEP13CLEJAC-CLE3,Cleveland wins by over 2.5 points?,2026-09-15T17:00:00Z,0.19,0.24,0.05,0.215,947458.0,13008.0
2026-08-16T13:19:25+00:00,KXNFLSPREAD,KXNFLSPREAD-26SEP13CLEJAC-CLE2,Cleveland wins by over 1.5 points?,2026-09-15T17:00:00Z,0.21,0.25,0.04,0.23,1059479.0,13509.3
2026-08-16T13:19:25+00:00,KXNFLSPREAD,KXNFLSPREAD-26SEP13CLEJAC-CLE15,Cleveland wins by over 14.5 points?,2026-09-15T17:00:00Z,0.03,0.04,0.01,0.035,2050.0,61955.0
2026-08-16T13:19:25+00:00,KXNFLSPREAD,KXNFLSPREAD-26SEP13CLEJAC-CLE14,Cleveland wins by over 13.5 points?,2026-09-15T17:00:00Z,0.03,0.06,0.03,0.045,2638.0,120495.0
2026-08-16T13:19:25+00:00,KXNFLSPREAD,KXNFLSPREAD-26SEP13CLEJAC-CLE11,Cleveland wins by over 10.5 points?,2026-09-15T17:00:00Z,0.03,0.05,0.02,0.04,3185.0,9908.0
2026-08-16T13:19:25+00:00,KXNFLSPREAD,KXNFLSPREAD-26SEP13CLEJAC-CLE10,Cleveland wins by over 9.5 points?,2026-09-15T17:00:00Z,0.04,0.08,0.04,0.06,3049.0,128566.0
2026-08-16T13:19:25+00:00,KXNFLSPREAD,KXNFLSPREAD-26SEP13ATLPIT-PIT8,Pittsburgh wins by over 7.5 points?,2026-09-15T17:00:00Z,0.28,0.34,0.06,0.31,1205613.0,10846.0
2026-08-16T13:19:25+00:00,KXNFLSPREAD,KXNFLSPREAD-26SEP13ATLPIT-PIT7,Pittsburgh wins by over 6.5 points?,2026-09-15T17:00:00Z,0.32,0.37,0.05,0.345,1243257.0,10470.0
2026-08-16T13:19:25+00:00,KXNFLSPREAD,KXNFLSPREAD-26SEP13ATLPIT-PIT6,Pittsburgh wins by over 5.5 points?,2026-09-15T17:00:00Z,0.36,0.41,0.05,0.385,321752.0,9217.0
2026-08-16T13:19:25+00:00,KXNFLSPREAD,KXNFLSPREAD-26SEP13ATLPIT-PIT5,Pittsburgh wins by over 4.5 points?,2026-09-15T17:00:00Z,0.4,0.45,0.05,0.425,128514.0,10370.0
2026-08-16T13:19:25+00:00,KXNFLSPREAD,KXNFLSPREAD-26SEP13ATLPIT-PIT4,Pittsburgh wins by over 3.5 points?,2026-09-15T17:00:00Z,0.46,0.5,0.04,0.48,19370.0,8259.0
2026-08-16T13:19:25+00:00,KXNFLSPREAD,KXNFLSPREAD-26SEP13ATLPIT-PIT3,Pittsburgh wins by over 2.5 points?,2026-09-15T17:00:00Z,0.53,0.58,0.05,0.555,13005.0,10360.0
2026-08-16T13:19:25+00:00,KXNFLSPREAD,KXNFLSPREAD-26SEP13ATLPIT-PIT21,Pittsburgh wins by over 20.5 points?,2026-09-15T17:00:00Z,0.05,0.08,0.03,0.065,3159.0,35029.0
2026-08-16T13:19:25+00:00,KXNFLSPREAD,KXNFLSPREAD-26SEP13ATLPIT-PIT2,Pittsburgh wins by over 1.5 points?,2026-09-15T17:00:00Z,0.54,0.6,0.06,0.57,26600.0,131968.0
2026-08-16T13:19:25+00:00,KXNFLSPREAD,KXNFLSPREAD-26SEP13ATLPIT-PIT18,Pittsburgh wins by over 17.5 points?,2026-09-15T17:00:00Z,0.07,0.11,0.04,0.09,2780.0,30202.0
2026-08-16T13:19:25+00:00,KXNFLSPREAD,KXNFLSPREAD-26SEP13ATLPIT-PIT17,Pittsburgh wins by over 16.5 points?,2026-09-15T17:00:00Z,0.08,0.12,0.04,0.1,3060.0,30248.0
2026-08-16T13:19:25+00:00,KXNFLSPREAD,KXNFLSPREAD-26SEP13ATLPIT-PIT15,Pittsburgh wins by over 14.5 points?,2026-09-15T17:00:00Z,0.12,0.16,0.04,0.14,2742.0,10223.0
2026-08-16T13:19:25+00:00,KXNFLSPREAD,KXNFLSPREAD-26SEP13ATLPIT-PIT14,Pittsburgh wins by over 13.5 points?,2026-09-15T17:00:00Z,0.13,0.16,0.03,0.145,2886.0,10730.0
2026-08-16T13:19:25+00:00,KXNFLSPREAD,KXNFLSPREAD-26SEP13ATLPIT-PIT11,Pittsburgh wins by over 10.5 points?,2026-09-15T17:00:00Z,0.19,0.26,0.07,0.225,945931.0,8525.0
2026-08-16T13:19:25+00:00,KXNFLSPREAD,KXNFLSPREAD-26SEP13ATLPIT-PIT10,Pittsburgh wins by over 9.5 points?,2026-09-15T17:00:00Z,0.21,0.3,0.09,0.255,1056274.0,5778.0
2026-08-16T13:19:25+00:00,KXNFLSPREAD,KXNFLSPREAD-26SEP13ATLPIT-ATL8,Atlanta wins by over 7.5 points?,2026-09-15T17:00:00Z,0.13,0.17,0.04,0.15,964828.0,24717.0
2026-08-16T13:19:25+00:00,KXNFLSPREAD,KXNFLSPREAD-26SEP13ATLPIT-ATL7,Atlanta wins by over 6.5 points?,2026-09-15T17:00:00Z,0.16,0.21,0.05,0.185,946285.0,107704.0
2026-08-16T13:19:25+00:00,KXNFLSPREAD,KXNFLSPREAD-26SEP13ATLPIT-ATL6,Atlanta wins by over 5.5 points?,2026-09-15T17:00:00Z,0.18,0.24,0.06,0.21,1058199.0,56214.0
2026-08-16T13:19:25+00:00,KXNFLSPREAD,KXNFLSPREAD-26SEP13ATLPIT-ATL5,Atlanta wins by over 4.5 points?,2026-09-15T17:00:00Z,0.21,0.27,0.06,0.24,263997.0,8533.0
2026-08-16T13:19:25+00:00,KXNFLSPREAD,KXNFLSPREAD-26SEP13ATLPIT-ATL4,Atlanta wins by over 3.5 points?,2026-09-15T17:00:00Z,0.26,0.31,0.05,0.285,57825.0,11671.0
2026-08-16T13:19:25+00:00,KXNFLSPREAD,KXNFLSPREAD-26SEP13ATLPIT-ATL3,Atlanta wins by over 2.5 points?,2026-09-15T17:00:00Z,0.31,0.36,0.05,0.335,99997.0,27324.0
2026-08-16T13:19:25+00:00,KXNFLSPREAD,KXNFLSPREAD-26SEP13ATLPIT-ATL2,Atlanta wins by over 1.5 points?,2026-09-15T17:00:00Z,0.34,0.39,0.05,0.365,319311.0,27319.0
2026-08-16T13:19:25+00:00,KXNFLSPREAD,KXNFLSPREAD-26SEP13ATLPIT-ATL15,Atlanta wins by over 14.5 points?,2026-09-15T17:00:00Z,0.05,0.06,0.01,0.055,2235.0,30693.0
2026-08-16T13:19:25+00:00,KXNFLSPREAD,KXNFLSPREAD-26SEP13ATLPIT-ATL14,Atlanta wins by over 13.5 points?,2026-09-15T17:00:00Z,0.03,0.08,0.05,0.055,2989.0,139296.0
2026-08-16T13:19:25+00:00,KXNFLSPREAD,KXNFLSPREAD-26SEP13ATLPIT-ATL11,Atlanta wins by over 10.5 points?,2026-09-15T17:00:00Z,0.08,0.09,0.01,0.085,4681.0,12250.0
2026-08-16T13:19:25+00:00,KXNFLSPREAD,KXNFLSPREAD-26SEP13ATLPIT-ATL10,Atlanta wins by over 9.5 points?,2026-09-15T17:00:00Z,0.09,0.12,0.03,0.105,2832.0,8062.0
2026-08-16T13:19:25+00:00,KXNFLSPREAD,KXNFLSPREAD-26SEP13BALIND-IND8,Indianapolis wins by over 7.5 points?,2026-09-15T17:00:00Z,0.14,0.17,0.03,0.155,2615.0,25171.0
2026-08-16T13:19:25+00:00,KXNFLSPREAD,KXNFLSPREAD-26SEP13BALIND-IND7,Indianapolis wins by over 6.5 points?,2026-09-15T17:00:00Z,0.17,0.21,0.04,0.19,968414.0,26198.0
2026-08-16T13:19:25+00:00,KXNFLSPREAD,KXNFLSPREAD-26SEP13BALIND-IND6,Indianapolis wins by over 5.5 points?,2026-09-15T17:00:00Z,0.19,0.24,0.05,0.215,967208.0,8503.0
2026-08-16T13:19:25+00:00,KXNFLSPREAD,KXNFLSPREAD-26SEP13BALIND-IND5,Indianapolis wins by over 4.5 points?,2026-09-15T17:00:00Z,0.22,0.27,0.05,0.245,945698.0,5539.0
2026-08-16T13:19:25+00:00,KXNFLSPREAD,KXNFLSPREAD-26SEP13BALIND-IND4,Indianapolis wins by over 3.5 points?,2026-09-15T17:00:00Z,0.26,0.32,0.06,0.29,1055886.0,8426.0
2026-08-16T13:19:25+00:00,KXNFLSPREAD,KXNFLSPREAD-26SEP13BALIND-IND3,Indianapolis wins by over 2.5 points?,2026-09-15T17:00:00Z,0.3,0.35,0.05,0.325,56408.0,8538.0
2026-08-16T13:19:25+00:00,KXNFLSPREAD,KXNFLSPREAD-26SEP13BALIND-IND2,Indianapolis wins by over 1.5 points?,2026-09-15T17:00:00Z,0.33,0.39,0.06,0.36,1205398.0,24574.0
2026-08-16T13:19:25+00:00,KXNFLSPREAD,KXNFLSPREAD-26SEP13BALIND-IND15,Indianapolis wins by over 14.5 points?,2026-09-15T17:00:00Z,0.03,0.08,0.05,0.055,3353.0,150289.0
2026-08-16T13:19:25+00:00,KXNFLSPREAD,KXNFLSPREAD-26SEP13BALIND-IND14,Indianapolis wins by over 13.5 points?,2026-09-15T17:00:00Z,0.05,0.09,0.04,0.07,2971.0,64588.0
2026-08-16T13:19:25+00:00,KXNFLSPREAD,KXNFLSPREAD-26SEP13BALIND-IND11,Indianapolis wins by over 10.5 points?,2026-09-15T17:00:00Z,0.08,0.11,0.03,0.095,3050.0,67558.0
2026-08-16T13:19:25+00:00,KXNFLSPREAD,KXNFLSPREAD-26SEP13BALIND-IND10,Indianapolis wins by over 9.5 points?,2026-09-15T17:00:00Z,0.09,0.13,0.04,0.11,2169.0,27568.0
2026-08-16T13:19:25+00:00,KXNFLSPREAD,KXNFLSPREAD-26SEP13BALIND-BAL8,Baltimore wins by over 7.5 points?,2026-09-15T17:00:00Z,0.3,0.36,0.06,0.33,1371531.0,29598.0
2026-08-16T13:19:25+00:00,KXNFLSPREAD,KXNFLSPREAD-26SEP13BALIND-BAL7,Baltimore wins by over 6.5 points?,2026-09-15T17:00:00Z,0.35,0.41,0.06,0.38,125145.0,11384.0
2026-08-16T13:19:25+00:00,KXNFLSPREAD,KXNFLSPREAD-26SEP13BALIND-BAL6,Baltimore wins by over 5.5 points?,2026-09-15T17:00:00Z,0.38,0.44,0.06,0.41,360025.0,13855.0
2026-08-16T13:19:25+00:00,KXNFLSPREAD,KXNFLSPREAD-26SEP13BALIND-BAL5,Baltimore wins by over 4.5 points?,2026-09-15T17:00:00Z,0.41,0.46,0.05,0.435,110274.0,10688.06
2026-08-16T13:19:25+00:00,KXNFLSPREAD,KXNFLSPREAD-26SEP13BALIND-BAL4,Baltimore wins by over 3.5 points?,2026-09-15T17:00:00Z,0.48,0.5,0.02,0.49,13537.0,6562.27
2026-08-16T13:19:25+00:00,KXNFLSPREAD,KXNFLSPREAD-26SEP13BALIND-BAL3,Baltimore wins by over 2.5 points?,2026-09-15T17:00:00Z,0.54,0.57,0.03,0.555,16728.91,12998.0
2026-08-16T13:19:25+00:00,KXNFLSPREAD,KXNFLSPREAD-26SEP13BALIND-BAL21,Baltimore wins by over 20.5 points?,2026-09-15T17:00:00Z,0.05,0.09,0.04,0.07,3335.0,12688.0
2026-08-16T13:19:25+00:00,KXNFLSPREAD,KXNFLSPREAD-26SEP13BALIND-BAL2,Baltimore wins by over 1.5 points?,2026-09-15T17:00:00Z,0.55,0.61,0.06,0.58,60851.0,62425.0
2026-08-16T13:19:25+00:00,KXNFLSPREAD,KXNFLSPREAD-26SEP13BALIND-BAL18,Baltimore wins by over 17.5 points?,2026-09-15T17:00:00Z,0.08,0.11,0.03,0.095,3230.0,12433.0
2026-08-16T13:19:25+00:00,KXNFLSPREAD,KXNFLSPREAD-26SEP13BALIND-BAL17,Baltimore wins by over 16.5 points?,2026-09-15T17:00:00Z,0.11,0.15,0.04,0.13,2973.0,14798.0
2026-08-16T13:19:25+00:00,KXNFLSPREAD,KXNFLSPREAD-26SEP13BALIND-BAL15,Baltimore wins by over 14.5 points?,2026-09-15T17:00:00Z,0.14,0.2,0.06,0.17,965691.0,11825.0
2026-08-16T13:19:25+00:00,KXNFLSPREAD,KXNFLSPREAD-26SEP13BALIND-BAL14,Baltimore wins by over 13.5 points?,2026-09-15T17:00:00Z,0.16,0.22,0.06,0.19,944826.0,57257.0
2026-08-16T13:19:25+00:00,KXNFLSPREAD,KXNFLSPREAD-26SEP13BALIND-BAL11,Baltimore wins by over 10.5 points?,2026-09-15T17:00:00Z,0.22,0.28,0.06,0.25,1206734.0,14832.0
2026-08-16T13:19:25+00:00,KXNFLSPREAD,KXNFLSPREAD-26SEP13BALIND-BAL10,Baltimore wins by over 9.5 points?,2026-09-15T17:00:00Z,0.24,0.32,0.08,0.28,1293725.0,8877.0
2026-08-16T13:19:25+00:00,KXNFLSPREAD,KXNFLSPREAD-26SEP13CHICAR-CHI8,Chicago wins by over 7.5 points?,2026-09-15T17:00:00Z,0.26,0.31,0.05,0.285,1295022.0,10128.0
2026-08-16T13:19:25+00:00,KXNFLSPREAD,KXNFLSPREAD-26SEP13CHICAR-CHI7,Chicago wins by over 6.5 points?,2026-09-15T17:00:00Z,0.32,0.37,0.05,0.345,1244312.0,12400.0
2026-08-16T13:19:25+00:00,KXNFLSPREAD,KXNFLSPREAD-26SEP13CHICAR-CHI6,Chicago wins by over 5.5 points?,2026-09-15T17:00:00Z,0.34,0.4,0.06,0.37,1315572.0,10047.0
2026-08-16T13:19:25+00:00,KXNFLSPREAD,KXNFLSPREAD-26SEP13CHICAR-CHI5,Chicago wins by over 4.5 points?,2026-09-15T17:00:00Z,0.37,0.44,0.07,0.405,347173.0,28862.63
2026-08-16T13:19:25+00:00,KXNFLSPREAD,KXNFLSPREAD-26SEP13CHICAR-CHI4,Chicago wins by over 3.5 points?,2026-09-15T17:00:00Z,0.43,0.44,0.01,0.435,66872.0,11211.38
2026-08-16T13:19:25+00:00,KXNFLSPREAD,KXNFLSPREAD-26SEP13CHICAR-CHI3,Chicago wins by over 2.5 points?,2026-09-15T17:00:00Z,0.51,0.54,0.03,0.525,13572.52,9492.0
2026-08-16T13:19:25+00:00,KXNFLSPREAD,KXNFLSPREAD-26SEP13CHICAR-CHI21,Chicago wins by over 20.5 points?,2026-09-15T17:00:00Z,0.05,0.07,0.02,0.06,3018.0,12434.9
2026-08-16T13:19:25+00:00,KXNFLSPREAD,KXNFLSPREAD-26SEP13CHICAR-CHI2,Chicago wins by over 1.5 points?,2026-09-15T17:00:00Z,0.53,0.58,0.05,0.555,141836.0,57921.0
2026-08-16T13:19:25+00:00,KXNFLSPREAD,KXNFLSPREAD-26SEP13CHICAR-CHI18,Chicago wins by over 17.5 points?,2026-09-15T17:00:00Z,0.08,0.09,0.01,0.085,4443.0,11811.51
2026-08-16T13:19:25+00:00,KXNFLSPREAD,KXNFLSPREAD-26SEP13CHICAR-CHI17,Chicago wins by over 16.5 points?,2026-09-15T17:00:00Z,0.07,0.09,0.02,0.08,8978.0,11754.0
2026-08-16T13:19:25+00:00,KXNFLSPREAD,KXNFLSPREAD-26SEP13CHICAR-CHI15,Chicago wins by over 14.5 points?,2026-09-15T17:00:00Z,0.1,0.14,0.04,0.12,2772.0,11132.17
2026-08-16T13:19:25+00:00,KXNFLSPREAD,KXNFLSPREAD-26SEP13CHICAR-CHI14,Chicago wins by over 13.5 points?,2026-09-15T17:00:00Z,0.13,0.16,0.03,0.145,3992.0,13690.95
2026-08-16T13:19:25+00:00,KXNFLSPREAD,KXNFLSPREAD-26SEP13CHICAR-CHI11,Chicago wins by over 10.5 points?,2026-09-15T17:00:00Z,0.17,0.23,0.06,0.2,947029.0,10942.0
2026-08-16T13:19:25+00:00,KXNFLSPREAD,KXNFLSPREAD-26SEP13CHICAR-CHI10,Chicago wins by over 9.5 points?,2026-09-15T17:00:00Z,0.19,0.27,0.08,0.23,1057457.0,26726.0
2026-08-16T13:19:25+00:00,KXNFLSPREAD,KXNFLSPREAD-26SEP13CHICAR-CAR8,Carolina wins by over 7.5 points?,2026-09-15T17:00:00Z,0.13,0.18,0.05,0.155,963015.0,54375.0
2026-08-16T13:19:25+00:00,KXNFLSPREAD,KXNFLSPREAD-26SEP13CHICAR-CAR7,Carolina wins by over 6.5 points?,2026-09-15T17:00:00Z,0.16,0.23,0.07,0.195,1061928.0,12131.0
2026-08-16T13:19:25+00:00,KXNFLSPREAD,KXNFLSPREAD-26SEP13CHICAR-CAR6,Carolina wins by over 5.5 points?,2026-09-15T17:00:00Z,0.19,0.24,0.05,0.215,1205663.16,6315.49
2026-08-16T13:19:25+00:00,KXNFLSPREAD,KXNFLSPREAD-26SEP13CHICAR-CAR5,Carolina wins by over 4.5 points?,2026-09-15T17:00:00Z,0.22,0.27,0.05,0.245,1205453.0,8602.31
2026-08-16T13:19:25+00:00,KXNFLSPREAD,KXNFLSPREAD-26SEP13CHICAR-CAR4,Carolina wins by over 3.5 points?,2026-09-15T17:00:00Z,0.27,0.31,0.04,0.29,90474.0,6599.0
2026-08-16T13:19:25+00:00,KXNFLSPREAD,KXNFLSPREAD-26SEP13CHICAR-CAR3,Carolina wins by over 2.5 points?,2026-09-15T17:00:00Z,0.31,0.36,0.05,0.335,101156.79,3920.79
2026-08-16T13:19:25+00:00,KXNFLSPREAD,KXNFLSPREAD-26SEP13CHICAR-CAR2,Carolina wins by over 1.5 points?,2026-09-15T17:00:00Z,0.35,0.4,0.05,0.375,321014.0,58064.0
2026-08-16T13:19:25+00:00,KXNFLSPREAD,KXNFLSPREAD-26SEP13CHICAR-CAR15,Carolina wins by over 14.5 points?,2026-09-15T17:00:00Z,0.05,0.06,0.01,0.055,3224.0,30254.0
2026-08-16T13:19:25+00:00,KXNFLSPREAD,KXNFLSPREAD-26SEP13CHICAR-CAR14,Carolina wins by over 13.5 points?,2026-09-15T17:00:00Z,0.05,0.08,0.03,0.065,2223.0,29059.0
2026-08-16T13:19:25+00:00,KXNFLSPREAD,KXNFLSPREAD-26SEP13CHICAR-CAR11,Carolina wins by over 10.5 points?,2026-09-15T17:00:00Z,0.07,0.11,0.04,0.09,2768.0,18130.0
2026-08-16T13:19:25+00:00,KXNFLSPREAD,KXNFLSPREAD-26SEP13CHICAR-CAR10,Carolina wins by over 9.5 points?,2026-09-15T17:00:00Z,0.08,0.21,0.13,0.145,684337.0,51782.0
2026-08-16T13:19:25+00:00,KXNFLSPREAD,KXNFLSPREAD-26SEP10SFLAR-SF8,San Francisco wins by over 7.5 points?,2026-09-13T00:35:00Z,0.09,0.1,0.01,0.095,6563.0,12555.0
2026-08-16T13:19:25+00:00,KXNFLSPREAD,KXNFLSPREAD-26SEP10SFLAR-SF7,San Francisco wins by over 6.5 points?,2026-09-13T00:35:00Z,0.11,0.24,0.13,0.175,963737.0,54955.26
2026-08-16T13:19:25+00:00,KXNFLSPREAD,KXNFLSPREAD-26SEP10SFLAR-SF6,San Francisco wins by over 5.5 points?,2026-09-13T00:35:00Z,0.07,0.24,0.17,0.155,963871.0,19831.21
2026-08-16T13:19:25+00:00,KXNFLSPREAD,KXNFLSPREAD-26SEP10SFLAR-SF5,San Francisco wins by over 4.5 points?,2026-09-13T00:35:00Z,0.17,0.22,0.05,0.195,944650.15,10525.74
2026-08-16T13:19:25+00:00,KXNFLSPREAD,KXNFLSPREAD-26SEP10SFLAR-SF4,San Francisco wins by over 3.5 points?,2026-09-13T00:35:00Z,0.22,0.25,0.03,0.235,1056020.0,13194.0
2026-08-16T13:19:25+00:00,KXNFLSPREAD,KXNFLSPREAD-26SEP10SFLAR-SF3,San Francisco wins by over 2.5 points?,2026-09-13T00:35:00Z,0.26,0.32,0.06,0.29,1268482.0,10985.32
2026-08-16T13:19:25+00:00,KXNFLSPREAD,KXNFLSPREAD-26SEP10SFLAR-SF2,San Francisco wins by over 1.5 points?,2026-09-13T00:35:00Z,0.29,0.34,0.05,0.315,1205946.0,28351.63
2026-08-16T13:19:25+00:00,KXNFLSPREAD,KXNFLSPREAD-26SEP10SFLAR-SF15,San Francisco wins by over 14.5 points?,2026-09-13T00:35:00Z,0.03,0.04,0.01,0.035,3076.0,13896.0
2026-08-16T13:19:25+00:00,KXNFLSPREAD,KXNFLSPREAD-26SEP10SFLAR-SF14,San Francisco wins by over 13.5 points?,2026-09-13T00:35:00Z,0.05,0.06,0.01,0.055,2235.0,65577.0
2026-08-16T13:19:25+00:00,KXNFLSPREAD,KXNFLSPREAD-26SEP10SFLAR-SF11,San Francisco wins by over 10.5 points?,2026-09-13T00:35:00Z,0.05,0.08,0.03,0.065,2948.0,67581.0
2026-08-16T13:19:25+00:00,KXNFLSPREAD,KXNFLSPREAD-26SEP10SFLAR-SF10,San Francisco wins by over 9.5 points?,2026-09-13T00:35:00Z,0.05,0.09,0.04,0.07,2962.0,64722.21
2026-08-16T13:19:25+00:00,KXNFLSPREAD,KXNFLSPREAD-26SEP10SFLAR-LAR8,Los Angeles wins by over 7.5 points?,2026-09-13T00:35:00Z,0.29,0.35,0.06,0.32,1370450.45,7089.13
2026-08-16T13:19:25+00:00,KXNFLSPREAD,KXNFLSPREAD-26SEP10SFLAR-LAR7,Los Angeles wins by over 6.5 points?,2026-09-13T00:35:00Z,0.34,0.4,0.06,0.37,169582.68,4358.44
2026-08-16T13:19:25+00:00,KXNFLSPREAD,KXNFLSPREAD-26SEP10SFLAR-LAR6,Los Angeles wins by over 5.5 points?,2026-09-13T00:35:00Z,0.39,0.44,0.05,0.415,135638.0,11808.41
2026-08-16T13:19:25+00:00,KXNFLSPREAD,KXNFLSPREAD-26SEP10SFLAR-LAR5,Los Angeles wins by over 4.5 points?,2026-09-13T00:35:00Z,0.44,0.48,0.04,0.46,86229.0,10460.34
2026-08-16T13:19:25+00:00,KXNFLSPREAD,KXNFLSPREAD-26SEP10SFLAR-LAR4,Los Angeles wins by over 3.5 points?,2026-09-13T00:35:00Z,0.48,0.5,0.02,0.49,40043.45,8790.4
2026-08-16T13:19:25+00:00,KXNFLSPREAD,KXNFLSPREAD-26SEP10SFLAR-LAR3,Los Angeles wins by over 2.5 points?,2026-09-13T00:35:00Z,0.55,0.6,0.05,0.575,147205.0,57713.0
2026-08-16T13:19:25+00:00,KXNFLSPREAD,KXNFLSPREAD-26SEP10SFLAR-LAR21,Los Angeles wins by over 20.5 points?,2026-09-13T00:35:00Z,0.05,0.07,0.02,0.06,2992.95,68408.0
2026-08-16T13:19:25+00:00,KXNFLSPREAD,KXNFLSPREAD-26SEP10SFLAR-LAR2,Los Angeles wins by over 1.5 points?,2026-09-13T00:35:00Z,0.58,0.65,0.07,0.615,48232.0,133628.0
2026-08-16T13:19:25+00:00,KXNFLSPREAD,KXNFLSPREAD-26SEP10SFLAR-LAR18,Los Angeles wins by over 17.5 points?,2026-09-13T00:35:00Z,0.06,0.13,0.07,0.095,3032.95,16286.95
2026-08-16T13:19:25+00:00,KXNFLSPREAD,KXNFLSPREAD-26SEP10SFLAR-LAR17,Los Angeles wins by over 16.5 points?,2026-09-13T00:35:00Z,0.08,0.12,0.04,0.1,3284.71,12040.71
2026-08-16T13:19:25+00:00,KXNFLSPREAD,KXNFLSPREAD-26SEP10SFLAR-LAR15,Los Angeles wins by over 14.5 points?,2026-09-13T00:35:00Z,0.11,0.21,0.1,0.16,963733.0,107415.0
2026-08-16T13:19:25+00:00,KXNFLSPREAD,KXNFLSPREAD-26SEP10SFLAR-LAR14,Los Angeles wins by over 13.5 points?,2026-09-13T00:35:00Z,0.14,0.25,0.11,0.195,958708.0,106569.06
2026-08-16T13:19:25+00:00,KXNFLSPREAD,KXNFLSPREAD-26SEP10SFLAR-LAR11,Los Angeles wins by over 10.5 points?,2026-09-13T00:35:00Z,0.19,0.25,0.06,0.22,1204348.72,7749.91
2026-08-16T13:19:25+00:00,KXNFLSPREAD,KXNFLSPREAD-26SEP10SFLAR-LAR10,Los Angeles wins by over 9.5 points?,2026-09-13T00:35:00Z,0.29,0.31,0.02,0.3,360185.41,11268.89
2026-08-16T13:19:25+00:00,KXNFLSPREAD,KXNFLSPREAD-26SEP09NESEA-SEA8,Seattle wins by over 7.5 points?,2026-09-12T00:20:00Z,0.34,0.4,0.06,0.37,319379.0,10554.93
2026-08-16T13:19:25+00:00,KXNFLSPREAD,KXNFLSPREAD-26SEP09NESEA-SEA7,Seattle wins by over 6.5 points?,2026-09-12T00:20:00Z,0.39,0.45,0.06,0.42,124466.91,26360.0
2026-08-16T13:19:25+00:00,KXNFLSPREAD,KXNFLSPREAD-26SEP09NESEA-SEA6,Seattle wins by over 5.5 points?,2026-09-12T00:20:00Z,0.42,0.48,0.06,0.45,1411895.0,12216.0
2026-08-16T13:19:25+00:00,KXNFLSPREAD,KXNFLSPREAD-26SEP09NESEA-SEA5,Seattle wins by over 4.5 points?,2026-09-12T00:20:00Z,0.45,0.47,0.02,0.46,110378.0,11387.9
2026-08-16T13:19:25+00:00,KXNFLSPREAD,KXNFLSPREAD-26SEP09NESEA-SEA4,Seattle wins by over 3.5 points?,2026-09-12T00:20:00Z,0.49,0.51,0.02,0.5,3461.17,5058.72
2026-08-16T13:19:25+00:00,KXNFLSPREAD,KXNFLSPREAD-26SEP09NESEA-SEA3,Seattle wins by over 2.5 points?,2026-09-12T00:20:00Z,0.58,0.61,0.03,0.595,17912.79,79207.0
2026-08-16T13:19:25+00:00,KXNFLSPREAD,KXNFLSPREAD-26SEP09NESEA-SEA21,Seattle wins by over 20.5 points?,2026-09-12T00:20:00Z,0.08,0.12,0.04,0.1,2075.0,67124.0
2026-08-16T13:19:25+00:00,KXNFLSPREAD,KXNFLSPREAD-26SEP09NESEA-SEA2,Seattle wins by over 1.5 points?,2026-09-12T00:20:00Z,0.59,0.64,0.05,0.615,29026.0,56282.0
2026-08-16T13:19:25+00:00,KXNFLSPREAD,KXNFLSPREAD-26SEP09NESEA-SEA18,Seattle wins by over 17.5 points?,2026-09-12T00:20:00Z,0.12,0.16,0.04,0.14,2843.0,30648.0
2026-08-16T13:19:25+00:00,KXNFLSPREAD,KXNFLSPREAD-26SEP09NESEA-SEA17,Seattle wins by over 16.5 points?,2026-09-12T00:20:00Z,0.14,0.18,0.04,0.16,3342.0,28960.0
2026-08-16T13:19:25+00:00,KXNFLSPREAD,KXNFLSPREAD-26SEP09NESEA-SEA15,Seattle wins by over 14.5 points?,2026-09-12T00:20:00Z,0.17,0.23,0.06,0.2,686028.0,9650.16
2026-08-16T13:19:25+00:00,KXNFLSPREAD,KXNFLSPREAD-26SEP09NESEA-SEA14,Seattle wins by over 13.5 points?,2026-09-12T00:20:00Z,0.2,0.25,0.05,0.225,967961.0,9685.0
2026-08-16T13:19:25+00:00,KXNFLSPREAD,KXNFLSPREAD-26SEP09NESEA-SEA11,Seattle wins by over 10.5 points?,2026-09-12T00:20:00Z,0.26,0.31,0.05,0.285,250413.0,10545.0
2026-08-16T13:19:25+00:00,KXNFLSPREAD,KXNFLSPREAD-26SEP09NESEA-SEA10,Seattle wins by over 9.5 points?,2026-09-12T00:20:00Z,0.28,0.33,0.05,0.305,1205882.0,12084.0
2026-08-16T13:19:25+00:00,KXNFLSPREAD,KXNFLSPREAD-26SEP09NESEA-NE8,New England wins by over 7.5 points?,2026-09-12T00:20:00Z,0.12,0.15,0.03,0.135,688895.0,27079.0
2026-08-16T13:19:25+00:00,KXNFLSPREAD,KXNFLSPREAD-26SEP09NESEA-NE7,New England wins by over 6.5 points?,2026-09-12T00:20:00Z,0.15,0.16,0.01,0.155,969690.0,12211.0
2026-08-16T13:19:25+00:00,KXNFLSPREAD,KXNFLSPREAD-26SEP09NESEA-NE6,New England wins by over 5.5 points?,2026-09-12T00:20:00Z,0.17,0.22,0.05,0.195,968411.0,11475.0
2026-08-16T13:19:25+00:00,KXNFLSPREAD,KXNFLSPREAD-26SEP09NESEA-NE5,New England wins by over 4.5 points?,2026-09-12T00:20:00Z,0.2,0.21,0.01,0.205,107832.0,7757.0
2026-08-16T13:19:25+00:00,KXNFLSPREAD,KXNFLSPREAD-26SEP09NESEA-NE4,New England wins by over 3.5 points?,2026-09-12T00:20:00Z,0.24,0.25,0.01,0.245,1115324.0,11976.96
2026-08-16T13:19:25+00:00,KXNFLSPREAD,KXNFLSPREAD-26SEP09NESEA-NE3,New England wins by over 2.5 points?,2026-09-12T00:20:00Z,0.28,0.33,0.05,0.305,1207537.0,13286.0
2026-08-16T13:19:25+00:00,KXNFLSPREAD,KXNFLSPREAD-26SEP09NESEA-NE2,New England wins by over 1.5 points?,2026-09-12T00:20:00Z,0.3,0.34,0.04,0.32,279443.0,13691.0
2026-08-16T13:19:25+00:00,KXNFLSPREAD,KXNFLSPREAD-26SEP09NESEA-NE15,New England wins by over 14.5 points?,2026-09-12T00:20:00Z,0.03,0.07,0.04,0.05,3460.0,29893.0
2026-08-16T13:19:25+00:00,KXNFLSPREAD,KXNFLSPREAD-26SEP09NESEA-NE14,New England wins by over 13.5 points?,2026-09-12T00:20:00Z,0.04,0.08,0.04,0.06,3326.32,138372.81
2026-08-16T13:19:25+00:00,KXNFLSPREAD,KXNFLSPREAD-26SEP09NESEA-NE11,New England wins by over 10.5 points?,2026-09-12T00:20:00Z,0.05,0.06,0.01,0.055,4034.99,6439.16
2026-08-16T13:19:25+00:00,KXNFLSPREAD,KXNFLSPREAD-26SEP09NESEA-NE10,New England wins by over 9.5 points?,2026-09-12T00:20:00Z,0.08,0.12,0.04,0.1,2383.0,28093.0
2026-08-16T13:19:25+00:00,KXNFLTOTAL,KXNFLTOTAL-26SEP14DENKC-64,Will there be over 63.5 points scored?,2026-09-17T00:15:00Z,0.07,0.1,0.03,0.085,5771.0,190808.0
2026-08-16T13:19:25+00:00,KXNFLTOTAL,KXNFLTOTAL-26SEP14DENKC-61,Will there be over 60.5 points scored?,2026-09-17T00:15:00Z,0.07,0.08,0.01,0.075,5647.0,99745.0
2026-08-16T13:19:25+00:00,KXNFLTOTAL,KXNFLTOTAL-26SEP14DENKC-58,Will there be over 57.5 points scored?,2026-09-17T00:15:00Z,0.13,0.15,0.02,0.14,4220.0,185096.0
2026-08-16T13:19:25+00:00,KXNFLTOTAL,KXNFLTOTAL-26SEP14DENKC-55,Will there be over 54.5 points scored?,2026-09-17T00:15:00Z,0.17,0.21,0.04,0.19,6526.0,98538.0
2026-08-16T13:19:25+00:00,KXNFLTOTAL,KXNFLTOTAL-26SEP14DENKC-52,Will there be over 51.5 points scored?,2026-09-17T00:15:00Z,0.23,0.28,0.05,0.255,4749.0,29314.0
2026-08-16T13:19:25+00:00,KXNFLTOTAL,KXNFLTOTAL-26SEP14DENKC-49,Will there be over 48.5 points scored?,2026-09-17T00:15:00Z,0.31,0.37,0.06,0.34,177588.0,57469.0
2026-08-16T13:19:25+00:00,KXNFLTOTAL,KXNFLTOTAL-26SEP14DENKC-46,Will there be over 45.5 points scored?,2026-09-17T00:15:00Z,0.4,0.45,0.05,0.425,232929.0,93545.0
2026-08-16T13:19:25+00:00,KXNFLTOTAL,KXNFLTOTAL-26SEP14DENKC-45,Will there be over 44.5 points scored?,2026-09-17T00:15:00Z,0.42,0.48,0.06,0.45,103558.0,91105.0
2026-08-16T13:19:25+00:00,KXNFLTOTAL,KXNFLTOTAL-26SEP14DENKC-44,Will there be over 43.5 points scored?,2026-09-17T00:15:00Z,0.46,0.5,0.04,0.48,59846.0,64667.0
2026-08-16T13:19:25+00:00,KXNFLTOTAL,KXNFLTOTAL-26SEP14DENKC-43,Will there be over 42.5 points scored?,2026-09-17T00:15:00Z,0.5,0.52,0.02,0.51,32094.0,7065.34
2026-08-16T13:19:25+00:00,KXNFLTOTAL,KXNFLTOTAL-26SEP14DENKC-42,Will there be over 41.5 points scored?,2026-09-17T00:15:00Z,0.52,0.58,0.06,0.55,90048.0,46506.0
2026-08-16T13:19:25+00:00,KXNFLTOTAL,KXNFLTOTAL-26SEP14DENKC-41,Will there be over 40.5 points scored?,2026-09-17T00:15:00Z,0.52,0.59,0.07,0.555,93223.0,8026.0
2026-08-16T13:19:25+00:00,KXNFLTOTAL,KXNFLTOTAL-26SEP14DENKC-40,Will there be over 39.5 points scored?,2026-09-17T00:15:00Z,0.59,0.65,0.06,0.62,94932.0,6748.0
2026-08-16T13:19:25+00:00,KXNFLTOTAL,KXNFLTOTAL-26SEP14DENKC-37,Will there be over 36.5 points scored?,2026-09-17T00:15:00Z,0.68,0.74,0.06,0.71,93466.0,7242.0
2026-08-16T13:19:25+00:00,KXNFLTOTAL,KXNFLTOTAL-26SEP14DENKC-34,Will there be over 33.5 points scored?,2026-09-17T00:15:00Z,0.75,0.81,0.06,0.78,93676.0,561879.0
2026-08-16T13:19:25+00:00,KXNFLTOTAL,KXNFLTOTAL-26SEP14DENKC-31,Will there be over 30.5 points scored?,2026-09-17T00:15:00Z,0.82,0.87,0.05,0.845,92811.0,8450.0
2026-08-16T13:19:25+00:00,KXNFLTOTAL,KXNFLTOTAL-26SEP14DENKC-28,Will there be over 27.5 points scored?,2026-09-17T00:15:00Z,0.79,0.87,0.08,0.83,147614.0,8311.0
2026-08-16T13:19:25+00:00,KXNFLTOTAL,KXNFLTOTAL-26SEP14DENKC-25,Will there be over 24.5 points scored?,2026-09-17T00:15:00Z,0.91,0.92,0.01,0.915,256448.0,8912.0
2026-08-16T13:19:25+00:00,KXNFLTOTAL,KXNFLTOTAL-26SEP14DENKC-22,Will there be over 21.5 points scored?,2026-09-17T00:15:00Z,0.94,0.97,0.03,0.955,269817.0,3467.0
2026-08-16T13:19:25+00:00,KXNFLTOTAL,KXNFLTOTAL-26SEP13DALNYG-70,Will there be over 69.5 points scored?,2026-09-16T00:20:00Z,0.07,0.08,0.01,0.075,2655.0,97357.0
2026-08-16T13:19:25+00:00,KXNFLTOTAL,KXNFLTOTAL-26SEP13DALNYG-67,Will there be over 66.5 points scored?,2026-09-16T00:20:00Z,0.07,0.11,0.04,0.09,6143.0,188794.0
2026-08-16T13:19:25+00:00,KXNFLTOTAL,KXNFLTOTAL-26SEP13DALNYG-64,Will there be over 63.5 points scored?,2026-09-16T00:20:00Z,0.12,0.16,0.04,0.14,3929.0,102956.0
2026-08-16T13:19:25+00:00,KXNFLTOTAL,KXNFLTOTAL-26SEP13DALNYG-61,Will there be over 60.5 points scored?,2026-09-16T00:20:00Z,0.17,0.21,0.04,0.19,7699.0,115432.0
2026-08-16T13:19:25+00:00,KXNFLTOTAL,KXNFLTOTAL-26SEP13DALNYG-58,Will there be over 57.5 points scored?,2026-09-16T00:20:00Z,0.23,0.28,0.05,0.255,4951.0,51970.0
2026-08-16T13:19:25+00:00,KXNFLTOTAL,KXNFLTOTAL-26SEP13DALNYG-55,Will there be over 54.5 points scored?,2026-09-16T00:20:00Z,0.3,0.36,0.06,0.33,5212.0,30133.0
2026-08-16T13:19:25+00:00,KXNFLTOTAL,KXNFLTOTAL-26SEP13DALNYG-52,Will there be over 51.5 points scored?,2026-09-16T00:20:00Z,0.38,0.44,0.06,0.41,153605.0,98296.0
2026-08-16T13:19:25+00:00,KXNFLTOTAL,KXNFLTOTAL-26SEP13DALNYG-51,Will there be over 50.5 points scored?,2026-09-16T00:20:00Z,0.43,0.48,0.05,0.455,33405.0,32815.0
2026-08-16T13:19:25+00:00,KXNFLTOTAL,KXNFLTOTAL-26SEP13DALNYG-50,Will there be over 49.5 points scored?,2026-09-16T00:20:00Z,0.46,0.5,0.04,0.48,268825.0,35094.0
2026-08-16T13:19:25+00:00,KXNFLTOTAL,KXNFLTOTAL-26SEP13DALNYG-49,Will there be over 48.5 points scored?,2026-09-16T00:20:00Z,0.48,0.52,0.04,0.5,59138.0,19579.06
2026-08-16T13:19:25+00:00,KXNFLTOTAL,KXNFLTOTAL-26SEP13DALNYG-48,Will there be over 47.5 points scored?,2026-09-16T00:20:00Z,0.52,0.56,0.04,0.54,59560.0,64081.0
2026-08-16T13:19:25+00:00,KXNFLTOTAL,KXNFLTOTAL-26SEP13DALNYG-47,Will there be over 46.5 points scored?,2026-09-16T00:20:00Z,0.55,0.6,0.05,0.575,89918.0,25100.0
2026-08-16T13:19:25+00:00,KXNFLTOTAL,KXNFLTOTAL-26SEP13DALNYG-46,Will there be over 45.5 points scored?,2026-09-16T00:20:00Z,0.58,0.62,0.04,0.6,94188.0,44778.0
2026-08-16T13:19:25+00:00,KXNFLTOTAL,KXNFLTOTAL-26SEP13DALNYG-43,Will there be over 42.5 points scored?,2026-09-16T00:20:00Z,0.68,0.74,0.06,0.71,90729.0,204752.0
2026-08-16T13:19:25+00:00,KXNFLTOTAL,KXNFLTOTAL-26SEP13DALNYG-40,Will there be over 39.5 points scored?,2026-09-16T00:20:00Z,0.76,0.8,0.04,0.78,91377.0,6595.0
2026-08-16T13:19:25+00:00,KXNFLTOTAL,KXNFLTOTAL-26SEP13DALNYG-37,Will there be over 36.5 points scored?,2026-09-16T00:20:00Z,0.81,0.87,0.06,0.84,90106.0,768685.0
2026-08-16T13:19:25+00:00,KXNFLTOTAL,KXNFLTOTAL-26SEP13DALNYG-34,Will there be over 33.5 points scored?,2026-09-16T00:20:00Z,0.88,0.91,0.03,0.895,242148.0,4158.0
2026-08-16T13:19:25+00:00,KXNFLTOTAL,KXNFLTOTAL-26SEP13DALNYG-31,Will there be over 30.5 points scored?,2026-09-16T00:20:00Z,0.92,0.93,0.01,0.925,86919.0,5641.0
2026-08-16T13:19:25+00:00,KXNFLTOTAL,KXNFLTOTAL-26SEP13DALNYG-28,Will there be over 27.5 points scored?,2026-09-16T00:20:00Z,0.95,0.97,0.02,0.96,151181.0,5610.0
2026-08-16T13:19:25+00:00,KXNFLTOTAL,KXNFLTOTAL-26SEP13WASPHI-69,Will there be over 68.5 points scored?,2026-09-15T20:25:00Z,0.07,0.08,0.01,0.075,2989.0,188568.0
2026-08-16T13:19:25+00:00,KXNFLTOTAL,KXNFLTOTAL-26SEP13WASPHI-66,Will there be over 65.5 points scored?,2026-09-15T20:25:00Z,0.07,0.09,0.02,0.08,2752.0,186983.0
2026-08-16T13:19:25+00:00,KXNFLTOTAL,KXNFLTOTAL-26SEP13WASPHI-63,Will there be over 62.5 points scored?,2026-09-15T20:25:00Z,0.12,0.15,0.03,0.135,4087.0,114131.0
2026-08-16T13:19:25+00:00,KXNFLTOTAL,KXNFLTOTAL-26SEP13WASPHI-60,Will there be over 59.5 points scored?,2026-09-15T20:25:00Z,0.15,0.2,0.05,0.175,4224.0,248054.0
2026-08-16T13:19:25+00:00,KXNFLTOTAL,KXNFLTOTAL-26SEP13WASPHI-57,Will there be over 56.5 points scored?,2026-09-15T20:25:00Z,0.22,0.27,0.05,0.245,707524.0,29704.0
2026-08-16T13:19:25+00:00,KXNFLTOTAL,KXNFLTOTAL-26SEP13WASPHI-54,Will there be over 53.5 points scored?,2026-09-15T20:25:00Z,0.29,0.35,0.06,0.32,100391.0,56321.0
2026-08-16T13:19:25+00:00,KXNFLTOTAL,KXNFLTOTAL-26SEP13WASPHI-51,Will there be over 50.5 points scored?,2026-09-15T20:25:00Z,0.37,0.43,0.06,0.4,223841.0,94234.0
2026-08-16T13:19:25+00:00,KXNFLTOTAL,KXNFLTOTAL-26SEP13WASPHI-50,Will there be over 49.5 points scored?,2026-09-15T20:25:00Z,0.4,0.46,0.06,0.43,256783.0,93550.0
2026-08-16T13:19:25+00:00,KXNFLTOTAL,KXNFLTOTAL-26SEP13WASPHI-49,Will there be over 48.5 points scored?,2026-09-15T20:25:00Z,0.43,0.46,0.03,0.445,103488.0,18515.0
2026-08-16T13:19:25+00:00,KXNFLTOTAL,KXNFLTOTAL-26SEP13WASPHI-48,Will there be over 47.5 points scored?,2026-09-15T20:25:00Z,0.46,0.47,0.01,0.465,59870.49,9200.0
2026-08-16T13:19:25+00:00,KXNFLTOTAL,KXNFLTOTAL-26SEP13WASPHI-47,Will there be over 46.5 points scored?,2026-09-15T20:25:00Z,0.5,0.55,0.05,0.525,90189.0,61750.0
2026-08-16T13:19:25+00:00,KXNFLTOTAL,KXNFLTOTAL-26SEP13WASPHI-46,Will there be over 45.5 points scored?,2026-09-15T20:25:00Z,0.48,0.54,0.06,0.51,91739.0,25085.0
2026-08-16T13:19:25+00:00,KXNFLTOTAL,KXNFLTOTAL-26SEP13WASPHI-45,Will there be over 44.5 points scored?,2026-09-15T20:25:00Z,0.55,0.61,0.06,0.58,91843.0,58071.0
2026-08-16T13:19:25+00:00,KXNFLTOTAL,KXNFLTOTAL-26SEP13WASPHI-42,Will there be over 41.5 points scored?,2026-09-15T20:25:00Z,0.64,0.7,0.06,0.67,90607.0,138786.0
2026-08-16T13:19:25+00:00,KXNFLTOTAL,KXNFLTOTAL-26SEP13WASPHI-39,Will there be over 38.5 points scored?,2026-09-15T20:25:00Z,0.73,0.79,0.06,0.76,91060.0,84259.0
2026-08-16T13:19:25+00:00,KXNFLTOTAL,KXNFLTOTAL-26SEP13WASPHI-36,Will there be over 35.5 points scored?,2026-09-15T20:25:00Z,0.81,0.85,0.04,0.83,234199.0,548137.0
2026-08-16T13:19:25+00:00,KXNFLTOTAL,KXNFLTOTAL-26SEP13WASPHI-33,Will there be over 32.5 points scored?,2026-09-15T20:25:00Z,0.86,0.88,0.02,0.87,219708.0,8128.0
2026-08-16T13:19:25+00:00,KXNFLTOTAL,KXNFLTOTAL-26SEP13WASPHI-30,Will there be over 29.5 points scored?,2026-09-15T20:25:00Z,0.9,0.93,0.03,0.915,151283.0,7979.0
2026-08-16T13:19:25+00:00,KXNFLTOTAL,KXNFLTOTAL-26SEP13WASPHI-27,Will there be over 26.5 points scored?,2026-09-15T20:25:00Z,0.94,0.97,0.03,0.955,254625.0,5210.0
2026-08-16T13:19:25+00:00,KXNFLTOTAL,KXNFLTOTAL-26SEP13MIALV-62,Will there be over 61.5 points scored?,2026-09-15T20:25:00Z,0.07,0.09,0.02,0.08,3931.32,102131.0
2026-08-16T13:19:25+00:00,KXNFLTOTAL,KXNFLTOTAL-26SEP13MIALV-59,Will there be over 58.5 points scored?,2026-09-15T20:25:00Z,0.07,0.08,0.01,0.075,4746.32,15787.0
2026-08-16T13:19:25+00:00,KXNFLTOTAL,KXNFLTOTAL-26SEP13MIALV-56,Will there be over 55.5 points scored?,2026-09-15T20:25:00Z,0.12,0.14,0.02,0.13,4091.0,113129.0
2026-08-16T13:19:25+00:00,KXNFLTOTAL,KXNFLTOTAL-26SEP13MIALV-53,Will there be over 52.5 points scored?,2026-09-15T20:25:00Z,0.16,0.2,0.04,0.18,4264.0,50775.0
2026-08-16T13:19:25+00:00,KXNFLTOTAL,KXNFLTOTAL-26SEP13MIALV-50,Will there be over 49.5 points scored?,2026-09-15T20:25:00Z,0.23,0.28,0.05,0.255,114783.0,29785.0
2026-08-16T13:19:25+00:00,KXNFLTOTAL,KXNFLTOTAL-26SEP13MIALV-47,Will there be over 46.5 points scored?,2026-09-15T20:25:00Z,0.31,0.36,0.05,0.335,180905.0,31908.0
2026-08-16T13:19:25+00:00,KXNFLTOTAL,KXNFLTOTAL-26SEP13MIALV-44,Will there be over 43.5 points scored?,2026-09-15T20:25:00Z,0.39,0.45,0.06,0.42,257854.0,93844.0
2026-08-16T13:19:25+00:00,KXNFLTOTAL,KXNFLTOTAL-26SEP13MIALV-43,Will there be over 42.5 points scored?,2026-09-15T20:25:00Z,0.43,0.49,0.06,0.46,258302.0,90654.0
2026-08-16T13:19:25+00:00,KXNFLTOTAL,KXNFLTOTAL-26SEP13MIALV-42,Will there be over 41.5 points scored?,2026-09-15T20:25:00Z,0.45,0.51,0.06,0.48,60439.0,62784.0
2026-08-16T13:19:25+00:00,KXNFLTOTAL,KXNFLTOTAL-26SEP13MIALV-41,Will there be over 40.5 points scored?,2026-09-15T20:25:00Z,0.49,0.54,0.05,0.515,32580.0,20700.0
2026-08-16T13:19:25+00:00,KXNFLTOTAL,KXNFLTOTAL-26SEP13MIALV-40,Will there be over 39.5 points scored?,2026-09-15T20:25:00Z,0.53,0.58,0.05,0.555,268891.0,45900.0
2026-08-16T13:19:25+00:00,KXNFLTOTAL,KXNFLTOTAL-26SEP13MIALV-39,Will there be over 38.5 points scored?,2026-09-15T20:25:00Z,0.55,0.61,0.06,0.58,92928.0,34631.0
2026-08-16T13:19:25+00:00,KXNFLTOTAL,KXNFLTOTAL-26SEP13MIALV-38,Will there be over 37.5 points scored?,2026-09-15T20:25:00Z,0.58,0.64,0.06,0.61,95771.0,35786.0
2026-08-16T13:19:25+00:00,KXNFLTOTAL,KXNFLTOTAL-26SEP13MIALV-35,Will there be over 34.5 points scored?,2026-09-15T20:25:00Z,0.67,0.73,0.06,0.7,92624.0,6777.0
2026-08-16T13:19:25+00:00,KXNFLTOTAL,KXNFLTOTAL-26SEP13MIALV-32,Will there be over 31.5 points scored?,2026-09-15T20:25:00Z,0.76,0.81,0.05,0.785,93667.0,8793.0
2026-08-16T13:19:25+00:00,KXNFLTOTAL,KXNFLTOTAL-26SEP13MIALV-29,Will there be over 28.5 points scored?,2026-09-15T20:25:00Z,0.83,0.87,0.04,0.85,224854.0,8796.0
2026-08-16T13:19:25+00:00,KXNFLTOTAL,KXNFLTOTAL-26SEP13MIALV-26,Will there be over 25.5 points scored?,2026-09-15T20:25:00Z,0.79,0.88,0.09,0.835,393887.0,8880.0
2026-08-16T13:19:25+00:00,KXNFLTOTAL,KXNFLTOTAL-26SEP13MIALV-23,Will there be over 22.5 points scored?,2026-09-15T20:25:00Z,0.92,0.93,0.01,0.925,262536.0,6063.0
2026-08-16T13:19:25+00:00,KXNFLTOTAL,KXNFLTOTAL-26SEP13MIALV-20,Will there be over 19.5 points scored?,2026-09-15T20:25:00Z,0.94,0.97,0.03,0.955,273437.0,3557.0
2026-08-16T13:19:25+00:00,KXNFLTOTAL,KXNFLTOTAL-26SEP13GBMIN-67,Will there be over 66.5 points scored?,2026-09-15T20:25:00Z,0.07,0.09,0.02,0.08,5122.0,193358.0
2026-08-16T13:19:25+00:00,KXNFLTOTAL,KXNFLTOTAL-26SEP13GBMIN-64,Will there be over 63.5 points scored?,2026-09-15T20:25:00Z,0.12,0.13,0.01,0.125,5796.0,98710.0
2026-08-16T13:19:25+00:00,KXNFLTOTAL,KXNFLTOTAL-26SEP13GBMIN-61,Will there be over 60.5 points scored?,2026-09-15T20:25:00Z,0.12,0.17,0.05,0.145,4182.0,102675.0
2026-08-16T13:19:25+00:00,KXNFLTOTAL,KXNFLTOTAL-26SEP13GBMIN-58,Will there be over 57.5 points scored?,2026-09-15T20:25:00Z,0.17,0.22,0.05,0.195,6892.0,113155.0
2026-08-16T13:19:25+00:00,KXNFLTOTAL,KXNFLTOTAL-26SEP13GBMIN-55,Will there be over 54.5 points scored?,2026-09-15T20:25:00Z,0.23,0.28,0.05,0.255,6162.0,28455.0
2026-08-16T13:19:25+00:00,KXNFLTOTAL,KXNFLTOTAL-26SEP13GBMIN-52,Will there be over 51.5 points scored?,2026-09-15T20:25:00Z,0.3,0.36,0.06,0.33,101196.0,55927.0
2026-08-16T13:19:25+00:00,KXNFLTOTAL,KXNFLTOTAL-26SEP13GBMIN-49,Will there be over 48.5 points scored?,2026-09-15T20:25:00Z,0.39,0.45,0.06,0.42,1277309.0,96488.0
2026-08-16T13:19:25+00:00,KXNFLTOTAL,KXNFLTOTAL-26SEP13GBMIN-48,Will there be over 47.5 points scored?,2026-09-15T20:25:00Z,0.42,0.47,0.05,0.445,86749.0,19591.0
2026-08-16T13:19:25+00:00,KXNFLTOTAL,KXNFLTOTAL-26SEP13GBMIN-47,Will there be over 46.5 points scored?,2026-09-15T20:25:00Z,0.45,0.5,0.05,0.475,45988.0,20201.0
2026-08-16T13:19:25+00:00,KXNFLTOTAL,KXNFLTOTAL-26SEP13GBMIN-46,Will there be over 45.5 points scored?,2026-09-15T20:25:00Z,0.48,0.49,0.01,0.485,59126.0,6802.0
2026-08-16T13:19:25+00:00,KXNFLTOTAL,KXNFLTOTAL-26SEP13GBMIN-45,Will there be over 44.5 points scored?,2026-09-15T20:25:00Z,0.5,0.54,0.04,0.52,90096.0,7570.0
2026-08-16T13:19:25+00:00,KXNFLTOTAL,KXNFLTOTAL-26SEP13GBMIN-44,Will there be over 43.5 points scored?,2026-09-15T20:25:00Z,0.54,0.6,0.06,0.57,91556.0,46343.0
2026-08-16T13:19:25+00:00,KXNFLTOTAL,KXNFLTOTAL-26SEP13GBMIN-43,Will there be over 42.5 points scored?,2026-09-15T20:25:00Z,0.58,0.63,0.05,0.605,91963.0,57736.0
2026-08-16T13:19:25+00:00,KXNFLTOTAL,KXNFLTOTAL-26SEP13GBMIN-40,Will there be over 39.5 points scored?,2026-09-15T20:25:00Z,0.66,0.72,0.06,0.69,90674.0,138913.0
2026-08-16T13:19:25+00:00,KXNFLTOTAL,KXNFLTOTAL-26SEP13GBMIN-37,Will there be over 36.5 points scored?,2026-09-15T20:25:00Z,0.74,0.79,0.05,0.765,91423.0,6882.0
2026-08-16T13:19:25+00:00,KXNFLTOTAL,KXNFLTOTAL-26SEP13GBMIN-34,Will there be over 33.5 points scored?,2026-09-15T20:25:00Z,0.8,0.85,0.05,0.825,92283.0,8799.0
2026-08-16T13:19:25+00:00,KXNFLTOTAL,KXNFLTOTAL-26SEP13GBMIN-31,Will there be over 30.5 points scored?,2026-09-15T20:25:00Z,0.86,0.88,0.02,0.87,224530.0,6886.0
2026-08-16T13:19:25+00:00,KXNFLTOTAL,KXNFLTOTAL-26SEP13GBMIN-28,Will there be over 27.5 points scored?,2026-09-15T20:25:00Z,0.9,0.93,0.03,0.915,148414.0,6193.0
2026-08-16T13:19:25+00:00,KXNFLTOTAL,KXNFLTOTAL-26SEP13GBMIN-25,Will there be over 24.5 points scored?,2026-09-15T20:25:00Z,0.94,0.97,0.03,0.955,259259.0,5265.0
2026-08-16T13:19:25+00:00,KXNFLTOTAL,KXNFLTOTAL-26SEP13ARILAC-68,Will there be over 67.5 points scored?,2026-09-15T20:25:00Z,0.07,0.09,0.02,0.08,2854.0,99586.0
2026-08-16T13:19:25+00:00,KXNFLTOTAL,KXNFLTOTAL-26SEP13ARILAC-65,Will there be over 64.5 points scored?,2026-09-15T20:25:00Z,0.07,0.08,0.01,0.075,5100.0,100713.0
2026-08-16T13:19:25+00:00,KXNFLTOTAL,KXNFLTOTAL-26SEP13ARILAC-62,Will there be over 61.5 points scored?,2026-09-15T20:25:00Z,0.12,0.15,0.03,0.135,4157.0,101353.0
2026-08-16T13:19:25+00:00,KXNFLTOTAL,KXNFLTOTAL-26SEP13ARILAC-59,Will there be over 58.5 points scored?,2026-09-15T20:25:00Z,0.15,0.19,0.04,0.17,7069.0,51074.0
2026-08-16T13:19:25+00:00,KXNFLTOTAL,KXNFLTOTAL-26SEP13ARILAC-56,Will there be over 55.5 points scored?,2026-09-15T20:25:00Z,0.21,0.27,0.06,0.24,6242.0,29402.0
2026-08-16T13:19:25+00:00,KXNFLTOTAL,KXNFLTOTAL-26SEP13ARILAC-53,Will there be over 52.5 points scored?,2026-09-15T20:25:00Z,0.29,0.35,0.06,0.32,98727.0,56393.0
2026-08-16T13:19:25+00:00,KXNFLTOTAL,KXNFLTOTAL-26SEP13ARILAC-50,Will there be over 49.5 points scored?,2026-09-15T20:25:00Z,0.39,0.45,0.06,0.42,223736.0,95177.0
2026-08-16T13:19:25+00:00,KXNFLTOTAL,KXNFLTOTAL-26SEP13ARILAC-49,Will there be over 48.5 points scored?,2026-09-15T20:25:00Z,0.44,0.45,0.01,0.445,87369.0,95172.0
2026-08-16T13:19:25+00:00,KXNFLTOTAL,KXNFLTOTAL-26SEP13ARILAC-48,Will there be over 47.5 points scored?,2026-09-15T20:25:00Z,0.46,0.5,0.04,0.48,113184.0,92595.0
2026-08-16T13:19:25+00:00,KXNFLTOTAL,KXNFLTOTAL-26SEP13ARILAC-47,Will there be over 46.5 points scored?,2026-09-15T20:25:00Z,0.49,0.51,0.02,0.5,60772.0,21238.0
2026-08-16T13:19:25+00:00,KXNFLTOTAL,KXNFLTOTAL-26SEP13ARILAC-46,Will there be over 45.5 points scored?,2026-09-15T20:25:00Z,0.51,0.57,0.06,0.54,268829.0,61106.0
2026-08-16T13:19:25+00:00,KXNFLTOTAL,KXNFLTOTAL-26SEP13ARILAC-45,Will there be over 44.5 points scored?,2026-09-15T20:25:00Z,0.54,0.6,0.06,0.57,89972.48,46546.0
2026-08-16T13:19:25+00:00,KXNFLTOTAL,KXNFLTOTAL-26SEP13ARILAC-44,Will there be over 43.5 points scored?,2026-09-15T20:25:00Z,0.58,0.64,0.06,0.61,279114.0,57581.0
2026-08-16T13:19:25+00:00,KXNFLTOTAL,KXNFLTOTAL-26SEP13ARILAC-41,Will there be over 40.5 points scored?,2026-09-15T20:25:00Z,0.67,0.73,0.06,0.7,90342.0,50414.0
2026-08-16T13:19:25+00:00,KXNFLTOTAL,KXNFLTOTAL-26SEP13ARILAC-38,Will there be over 37.5 points scored?,2026-09-15T20:25:00Z,0.75,0.81,0.06,0.78,91268.0,834334.0
2026-08-16T13:19:25+00:00,KXNFLTOTAL,KXNFLTOTAL-26SEP13ARILAC-35,Will there be over 34.5 points scored?,2026-09-15T20:25:00Z,0.83,0.87,0.04,0.85,235130.0,8151.0
2026-08-16T13:19:25+00:00,KXNFLTOTAL,KXNFLTOTAL-26SEP13ARILAC-32,Will there be over 31.5 points scored?,2026-09-15T20:25:00Z,0.88,0.93,0.05,0.905,223696.0,4506.0
2026-08-16T13:19:25+00:00,KXNFLTOTAL,KXNFLTOTAL-26SEP13ARILAC-29,Will there be over 28.5 points scored?,2026-09-15T20:25:00Z,0.92,0.93,0.01,0.925,145257.0,10121.0
2026-08-16T13:19:25+00:00,KXNFLTOTAL,KXNFLTOTAL-26SEP13ARILAC-26,Will there be over 25.5 points scored?,2026-09-15T20:25:00Z,0.95,0.97,0.02,0.96,253618.0,2351.0
2026-08-16T13:19:25+00:00,KXNFLTOTAL,KXNFLTOTAL-26SEP13BUFHOU-66,Will there be over 65.5 points scored?,2026-09-15T17:00:00Z,0.07,0.08,0.01,0.075,4851.0,192085.0
2026-08-16T13:19:25+00:00,KXNFLTOTAL,KXNFLTOTAL-26SEP13BUFHOU-63,Will there be over 62.5 points scored?,2026-09-15T17:00:00Z,0.07,0.1,0.03,0.085,4735.0,100886.0
2026-08-16T13:19:25+00:00,KXNFLTOTAL,KXNFLTOTAL-26SEP13BUFHOU-60,Will there be over 59.5 points scored?,2026-09-15T17:00:00Z,0.12,0.15,0.03,0.135,4070.0,188552.0
2026-08-16T13:19:25+00:00,KXNFLTOTAL,KXNFLTOTAL-26SEP13BUFHOU-57,Will there be over 56.5 points scored?,2026-09-15T17:00:00Z,0.16,0.2,0.04,0.18,6595.0,33833.0
2026-08-16T13:19:25+00:00,KXNFLTOTAL,KXNFLTOTAL-26SEP13BUFHOU-54,Will there be over 53.5 points scored?,2026-09-15T17:00:00Z,0.22,0.28,0.06,0.25,706204.0,52426.0
2026-08-16T13:19:25+00:00,KXNFLTOTAL,KXNFLTOTAL-26SEP13BUFHOU-51,Will there be over 50.5 points scored?,2026-09-15T17:00:00Z,0.3,0.36,0.06,0.33,101191.0,56414.0
2026-08-16T13:19:25+00:00,KXNFLTOTAL,KXNFLTOTAL-26SEP13BUFHOU-48,Will there be over 47.5 points scored?,2026-09-15T17:00:00Z,0.39,0.45,0.06,0.42,153278.0,96713.0
2026-08-16T13:19:25+00:00,KXNFLTOTAL,KXNFLTOTAL-26SEP13BUFHOU-47,Will there be over 46.5 points scored?,2026-09-15T17:00:00Z,0.43,0.49,0.06,0.46,89592.0,19189.0
2026-08-16T13:19:25+00:00,KXNFLTOTAL,KXNFLTOTAL-26SEP13BUFHOU-46,Will there be over 45.5 points scored?,2026-09-15T17:00:00Z,0.46,0.49,0.03,0.475,262823.0,6396.0
2026-08-16T13:19:25+00:00,KXNFLTOTAL,KXNFLTOTAL-26SEP13BUFHOU-45,Will there be over 44.5 points scored?,2026-09-15T17:00:00Z,0.48,0.5,0.02,0.49,17848.0,6321.0
2026-08-16T13:19:25+00:00,KXNFLTOTAL,KXNFLTOTAL-26SEP13BUFHOU-44,Will there be over 43.5 points scored?,2026-09-15T17:00:00Z,0.52,0.58,0.06,0.55,90836.0,61784.0
2026-08-16T13:19:25+00:00,KXNFLTOTAL,KXNFLTOTAL-26SEP13BUFHOU-43,Will there be over 42.5 points scored?,2026-09-15T17:00:00Z,0.56,0.62,0.06,0.59,90778.0,44310.0
2026-08-16T13:19:25+00:00,KXNFLTOTAL,KXNFLTOTAL-26SEP13BUFHOU-42,Will there be over 41.5 points scored?,2026-09-15T17:00:00Z,0.59,0.64,0.05,0.615,92642.0,57881.0
2026-08-16T13:19:25+00:00,KXNFLTOTAL,KXNFLTOTAL-26SEP13BUFHOU-39,Will there be over 38.5 points scored?,2026-09-15T17:00:00Z,0.68,0.74,0.06,0.71,90602.0,139086.0
2026-08-16T13:19:25+00:00,KXNFLTOTAL,KXNFLTOTAL-26SEP13BUFHOU-36,Will there be over 35.5 points scored?,2026-09-15T17:00:00Z,0.77,0.82,0.05,0.795,91124.0,94602.0
2026-08-16T13:19:25+00:00,KXNFLTOTAL,KXNFLTOTAL-26SEP13BUFHOU-33,Will there be over 32.5 points scored?,2026-09-15T17:00:00Z,0.84,0.88,0.04,0.86,236412.0,6894.0
2026-08-16T13:19:25+00:00,KXNFLTOTAL,KXNFLTOTAL-26SEP13BUFHOU-30,Will there be over 29.5 points scored?,2026-09-15T17:00:00Z,0.89,0.92,0.03,0.905,92028.0,4875.0
2026-08-16T13:19:25+00:00,KXNFLTOTAL,KXNFLTOTAL-26SEP13BUFHOU-27,Will there be over 26.5 points scored?,2026-09-15T17:00:00Z,0.89,0.92,0.03,0.905,392544.0,6112.0
2026-08-16T13:19:25+00:00,KXNFLTOTAL,KXNFLTOTAL-26SEP13BUFHOU-24,Will there be over 23.5 points scored?,2026-09-15T17:00:00Z,0.95,0.97,0.02,0.96,256553.0,4134.0
2026-08-16T13:19:25+00:00,KXNFLTOTAL,KXNFLTOTAL-26SEP13NODET-69,Will there be over 68.5 points scored?,2026-09-15T17:00:00Z,0.07,0.11,0.04,0.09,2943.0,100449.0
2026-08-16T13:19:25+00:00,KXNFLTOTAL,KXNFLTOTAL-26SEP13NODET-66,Will there be over 65.5 points scored?,2026-09-15T17:00:00Z,0.12,0.15,0.03,0.135,6553.0,188772.0
2026-08-16T13:19:25+00:00,KXNFLTOTAL,KXNFLTOTAL-26SEP13NODET-63,Will there be over 62.5 points scored?,2026-09-15T17:00:00Z,0.16,0.21,0.05,0.185,4258.0,113223.0
2026-08-16T13:19:25+00:00,KXNFLTOTAL,KXNFLTOTAL-26SEP13NODET-60,Will there be over 59.5 points scored?,2026-09-15T17:00:00Z,0.21,0.27,0.06,0.24,6116.0,29357.0
2026-08-16T13:19:25+00:00,KXNFLTOTAL,KXNFLTOTAL-26SEP13NODET-57,Will there be over 56.5 points scored?,2026-09-15T17:00:00Z,0.29,0.35,0.06,0.32,114918.0,30289.0
2026-08-16T13:19:25+00:00,KXNFLTOTAL,KXNFLTOTAL-26SEP13NODET-54,Will there be over 53.5 points scored?,2026-09-15T17:00:00Z,0.37,0.43,0.06,0.4,176033.0,38497.0
2026-08-16T13:19:25+00:00,KXNFLTOTAL,KXNFLTOTAL-26SEP13NODET-51,Will there be over 50.5 points scored?,2026-09-15T17:00:00Z,0.46,0.5,0.04,0.48,6111.0,22367.0
2026-08-16T13:19:25+00:00,KXNFLTOTAL,KXNFLTOTAL-26SEP13NODET-50,Will there be over 49.5 points scored?,2026-09-15T17:00:00Z,0.49,0.5,0.01,0.495,21505.0,12906.0
2026-08-16T13:19:25+00:00,KXNFLTOTAL,KXNFLTOTAL-26SEP13NODET-49,Will there be over 48.5 points scored?,2026-09-15T17:00:00Z,0.51,0.55,0.04,0.53,19985.0,23265.0
2026-08-16T13:19:25+00:00,KXNFLTOTAL,KXNFLTOTAL-26SEP13NODET-48,Will there be over 47.5 points scored?,2026-09-15T17:00:00Z,0.54,0.6,0.06,0.57,89420.0,66425.0
2026-08-16T13:19:25+00:00,KXNFLTOTAL,KXNFLTOTAL-26SEP13NODET-47,Will there be over 46.5 points scored?,2026-09-15T17:00:00Z,0.58,0.64,0.06,0.61,89864.0,46889.0
2026-08-16T13:19:25+00:00,KXNFLTOTAL,KXNFLTOTAL-26SEP13NODET-46,Will there be over 45.5 points scored?,2026-09-15T17:00:00Z,0.61,0.66,0.05,0.635,92471.0,34009.0
2026-08-16T13:19:25+00:00,KXNFLTOTAL,KXNFLTOTAL-26SEP13NODET-45,Will there be over 44.5 points scored?,2026-09-15T17:00:00Z,0.63,0.69,0.06,0.66,30750.51,6643.0
2026-08-16T13:19:25+00:00,KXNFLTOTAL,KXNFLTOTAL-26SEP13NODET-42,Will there be over 41.5 points scored?,2026-09-15T17:00:00Z,0.72,0.77,0.05,0.745,92225.0,54106.0
2026-08-16T13:19:25+00:00,KXNFLTOTAL,KXNFLTOTAL-26SEP13NODET-39,Will there be over 38.5 points scored?,2026-09-15T17:00:00Z,0.79,0.85,0.06,0.82,233191.0,820446.0
2026-08-16T13:19:25+00:00,KXNFLTOTAL,KXNFLTOTAL-26SEP13NODET-36,Will there be over 35.5 points scored?,2026-09-15T17:00:00Z,0.85,0.88,0.03,0.865,244354.0,7552.0
2026-08-16T13:19:25+00:00,KXNFLTOTAL,KXNFLTOTAL-26SEP13NODET-33,Will there be over 32.5 points scored?,2026-09-15T17:00:00Z,0.91,0.93,0.02,0.92,143625.0,5194.0
2026-08-16T13:19:25+00:00,KXNFLTOTAL,KXNFLTOTAL-26SEP13NODET-30,Will there be over 29.5 points scored?,2026-09-15T17:00:00Z,0.95,0.97,0.02,0.96,73614.0,4777.0
2026-08-16T13:19:25+00:00,KXNFLTOTAL,KXNFLTOTAL-26SEP13NODET-27,Will there be over 26.5 points scored?,2026-09-15T17:00:00Z,0.96,0.97,0.01,0.965,254691.0,3614.0
2026-08-16T13:19:25+00:00,KXNFLTOTAL,KXNFLTOTAL-26SEP13NYJTEN-60,Will there be over 59.5 points scored?,2026-09-15T17:00:00Z,0.07,0.09,0.02,0.08,2190.0,189441.0
2026-08-16T13:19:25+00:00,KXNFLTOTAL,KXNFLTOTAL-26SEP13NYJTEN-57,Will there be over 56.5 points scored?,2026-09-15T17:00:00Z,0.07,0.08,0.01,0.075,3975.0,98909.0
2026-08-16T13:19:25+00:00,KXNFLTOTAL,KXNFLTOTAL-26SEP13NYJTEN-54,Will there be over 53.5 points scored?,2026-09-15T17:00:00Z,0.12,0.16,0.04,0.14,4771.0,183345.0
2026-08-16T13:19:25+00:00,KXNFLTOTAL,KXNFLTOTAL-26SEP13NYJTEN-51,Will there be over 50.5 points scored?,2026-09-15T17:00:00Z,0.17,0.23,0.06,0.2,6209.0,96311.0
2026-08-16T13:19:25+00:00,KXNFLTOTAL,KXNFLTOTAL-26SEP13NYJTEN-48,Will there be over 47.5 points scored?,2026-09-15T17:00:00Z,0.23,0.3,0.07,0.265,4782.0,54704.0
2026-08-16T13:19:25+00:00,KXNFLTOTAL,KXNFLTOTAL-26SEP13NYJTEN-45,Will there be over 44.5 points scored?,2026-09-15T17:00:00Z,0.3,0.38,0.08,0.34,174180.0,56014.0
2026-08-16T13:19:25+00:00,KXNFLTOTAL,KXNFLTOTAL-26SEP13NYJTEN-42,Will there be over 41.5 points scored?,2026-09-15T17:00:00Z,0.4,0.47,0.07,0.435,120075.0,93059.0
2026-08-16T13:19:25+00:00,KXNFLTOTAL,KXNFLTOTAL-26SEP13NYJTEN-41,Will there be over 40.5 points scored?,2026-09-15T17:00:00Z,0.45,0.5,0.05,0.475,44998.0,91976.0
2026-08-16T13:19:25+00:00,KXNFLTOTAL,KXNFLTOTAL-26SEP13NYJTEN-40,Will there be over 39.5 points scored?,2026-09-15T17:00:00Z,0.46,0.54,0.08,0.5,60224.0,62825.0
2026-08-16T13:19:25+00:00,KXNFLTOTAL,KXNFLTOTAL-26SEP13NYJTEN-39,Will there be over 38.5 points scored?,2026-09-15T17:00:00Z,0.51,0.53,0.02,0.52,3235.0,9425.0
2026-08-16T13:19:25+00:00,KXNFLTOTAL,KXNFLTOTAL-26SEP13NYJTEN-38,Will there be over 37.5 points scored?,2026-09-15T17:00:00Z,0.52,0.6,0.08,0.56,89733.0,46414.0
2026-08-16T13:19:25+00:00,KXNFLTOTAL,KXNFLTOTAL-26SEP13NYJTEN-37,Will there be over 36.5 points scored?,2026-09-15T17:00:00Z,0.56,0.62,0.06,0.59,92493.0,5660.0
2026-08-16T13:19:25+00:00,KXNFLTOTAL,KXNFLTOTAL-26SEP13NYJTEN-36,Will there be over 35.5 points scored?,2026-09-15T17:00:00Z,0.6,0.67,0.07,0.635,31093.0,33952.0
2026-08-16T13:19:25+00:00,KXNFLTOTAL,KXNFLTOTAL-26SEP13NYJTEN-33,Will there be over 32.5 points scored?,2026-09-15T17:00:00Z,0.69,0.74,0.05,0.715,91444.0,52802.0
2026-08-16T13:19:25+00:00,KXNFLTOTAL,KXNFLTOTAL-26SEP13NYJTEN-30,Will there be over 29.5 points scored?,2026-09-15T17:00:00Z,0.77,0.79,0.02,0.78,90830.0,5541.0
2026-08-16T13:19:25+00:00,KXNFLTOTAL,KXNFLTOTAL-26SEP13NYJTEN-27,Will there be over 26.5 points scored?,2026-09-15T17:00:00Z,0.83,0.88,0.05,0.855,242188.0,8509.0
2026-08-16T13:19:25+00:00,KXNFLTOTAL,KXNFLTOTAL-26SEP13NYJTEN-24,Will there be over 23.5 points scored?,2026-09-15T17:00:00Z,0.88,0.93,0.05,0.905,225735.0,4495.0
2026-08-16T13:19:25+00:00,KXNFLTOTAL,KXNFLTOTAL-26SEP13NYJTEN-21,Will there be over 20.5 points scored?,2026-09-15T17:00:00Z,0.91,0.93,0.02,0.92,260660.0,8175.0
2026-08-16T13:19:25+00:00,KXNFLTOTAL,KXNFLTOTAL-26SEP13NYJTEN-18,Will there be over 17.5 points scored?,2026-09-15T17:00:00Z,0.94,0.97,0.03,0.955,274556.0,3557.0
2026-08-16T13:19:25+00:00,KXNFLTOTAL,KXNFLTOTAL-26SEP13TBCIN-73,Will there be over 72.5 points scored?,2026-09-15T17:00:00Z,0.07,0.1,0.03,0.085,3474.0,101159.0
2026-08-16T13:19:25+00:00,KXNFLTOTAL,KXNFLTOTAL-26SEP13TBCIN-70,Will there be over 69.5 points scored?,2026-09-15T17:00:00Z,0.12,0.14,0.02,0.13,4084.0,56792.0
2026-08-16T13:19:25+00:00,KXNFLTOTAL,KXNFLTOTAL-26SEP13TBCIN-67,Will there be over 66.5 points scored?,2026-09-15T17:00:00Z,0.14,0.18,0.04,0.16,4242.0,18307.0
2026-08-16T13:19:25+00:00,KXNFLTOTAL,KXNFLTOTAL-26SEP13TBCIN-64,Will there be over 63.5 points scored?,2026-09-15T17:00:00Z,0.2,0.24,0.04,0.22,3219.0,52466.0
2026-08-16T13:19:25+00:00,KXNFLTOTAL,KXNFLTOTAL-26SEP13TBCIN-61,Will there be over 60.5 points scored?,2026-09-15T17:00:00Z,0.26,0.32,0.06,0.29,707281.0,29565.0
2026-08-16T13:19:25+00:00,KXNFLTOTAL,KXNFLTOTAL-26SEP13TBCIN-58,Will there be over 57.5 points scored?,2026-09-15T17:00:00Z,0.32,0.37,0.05,0.345,102154.0,93349.0
2026-08-16T13:19:25+00:00,KXNFLTOTAL,KXNFLTOTAL-26SEP13TBCIN-55,Will there be over 54.5 points scored?,2026-09-15T17:00:00Z,0.41,0.46,0.05,0.435,37369.0,18096.0
2026-08-16T13:19:25+00:00,KXNFLTOTAL,KXNFLTOTAL-26SEP13TBCIN-54,Will there be over 53.5 points scored?,2026-09-15T17:00:00Z,0.44,0.49,0.05,0.465,257192.0,95506.0
2026-08-16T13:19:25+00:00,KXNFLTOTAL,KXNFLTOTAL-26SEP13TBCIN-53,Will there be over 52.5 points scored?,2026-09-15T17:00:00Z,0.46,0.51,0.05,0.485,45793.0,35843.0
2026-08-16T13:19:25+00:00,KXNFLTOTAL,KXNFLTOTAL-26SEP13TBCIN-52,Will there be over 51.5 points scored?,2026-09-15T17:00:00Z,0.48,0.51,0.03,0.495,61132.0,10271.67
2026-08-16T13:19:25+00:00,KXNFLTOTAL,KXNFLTOTAL-26SEP13TBCIN-51,Will there be over 50.5 points scored?,2026-09-15T17:00:00Z,0.52,0.58,0.06,0.55,89412.0,60472.0
2026-08-16T13:19:25+00:00,KXNFLTOTAL,KXNFLTOTAL-26SEP13TBCIN-50,Will there be over 49.5 points scored?,2026-09-15T17:00:00Z,0.55,0.61,0.06,0.58,269453.0,47021.0
2026-08-16T13:19:25+00:00,KXNFLTOTAL,KXNFLTOTAL-26SEP13TBCIN-49,Will there be over 48.5 points scored?,2026-09-15T17:00:00Z,0.58,0.64,0.06,0.61,91919.0,57555.0
2026-08-16T13:19:25+00:00,KXNFLTOTAL,KXNFLTOTAL-26SEP13TBCIN-46,Will there be over 45.5 points scored?,2026-09-15T17:00:00Z,0.66,0.72,0.06,0.69,92836.0,48739.0
2026-08-16T13:19:25+00:00,KXNFLTOTAL,KXNFLTOTAL-26SEP13TBCIN-43,Will there be over 42.5 points scored?,2026-09-15T17:00:00Z,0.74,0.8,0.06,0.77,91289.0,98816.0
2026-08-16T13:19:25+00:00,KXNFLTOTAL,KXNFLTOTAL-26SEP13TBCIN-40,Will there be over 39.5 points scored?,2026-09-15T17:00:00Z,0.82,0.85,0.03,0.835,89978.0,8673.0
2026-08-16T13:19:25+00:00,KXNFLTOTAL,KXNFLTOTAL-26SEP13TBCIN-37,Will there be over 36.5 points scored?,2026-09-15T17:00:00Z,0.86,0.88,0.02,0.87,223609.0,6982.0
2026-08-16T13:19:25+00:00,KXNFLTOTAL,KXNFLTOTAL-26SEP13TBCIN-34,Will there be over 33.5 points scored?,2026-09-15T17:00:00Z,0.9,0.93,0.03,0.915,379425.0,5177.0
2026-08-16T13:19:25+00:00,KXNFLTOTAL,KXNFLTOTAL-26SEP13TBCIN-31,Will there be over 30.5 points scored?,2026-09-15T17:00:00Z,0.93,0.97,0.04,0.95,247751.0,5746.0
2026-08-16T13:19:25+00:00,KXNFLTOTAL,KXNFLTOTAL-26SEP13CLEJAC-62,Will there be over 61.5 points scored?,2026-09-15T17:00:00Z,0.07,0.08,0.01,0.075,5229.0,190410.0
2026-08-16T13:19:25+00:00,KXNFLTOTAL,KXNFLTOTAL-26SEP13CLEJAC-59,Will there be over 58.5 points scored?,2026-09-15T17:00:00Z,0.07,0.09,0.02,0.08,5577.0,58036.0
2026-08-16T13:19:25+00:00,KXNFLTOTAL,KXNFLTOTAL-26SEP13CLEJAC-56,Will there be over 55.5 points scored?,2026-09-15T17:00:00Z,0.12,0.14,0.02,0.13,4077.0,101310.0
2026-08-16T13:19:25+00:00,KXNFLTOTAL,KXNFLTOTAL-26SEP13CLEJAC-53,Will there be over 52.5 points scored?,2026-09-15T17:00:00Z,0.16,0.19,0.03,0.175,6486.0,50316.0
2026-08-16T13:19:25+00:00,KXNFLTOTAL,KXNFLTOTAL-26SEP13CLEJAC-50,Will there be over 49.5 points scored?,2026-09-15T17:00:00Z,0.23,0.27,0.04,0.25,993553.0,52828.0
2026-08-16T13:19:25+00:00,KXNFLTOTAL,KXNFLTOTAL-26SEP13CLEJAC-47,Will there be over 46.5 points scored?,2026-09-15T17:00:00Z,0.31,0.36,0.05,0.335,1121936.0,93351.0
2026-08-16T13:19:25+00:00,KXNFLTOTAL,KXNFLTOTAL-26SEP13CLEJAC-44,Will there be over 43.5 points scored?,2026-09-15T17:00:00Z,0.39,0.45,0.06,0.42,1267373.0,93300.0
2026-08-16T13:19:25+00:00,KXNFLTOTAL,KXNFLTOTAL-26SEP13CLEJAC-43,Will there be over 42.5 points scored?,2026-09-15T17:00:00Z,0.43,0.49,0.06,0.46,255471.0,92762.0
2026-08-16T13:19:25+00:00,KXNFLTOTAL,KXNFLTOTAL-26SEP13CLEJAC-42,Will there be over 41.5 points scored?,2026-09-15T17:00:00Z,0.46,0.5,0.04,0.48,45347.0,35121.0
2026-08-16T13:19:25+00:00,KXNFLTOTAL,KXNFLTOTAL-26SEP13CLEJAC-41,Will there be over 40.5 points scored?,2026-09-15T17:00:00Z,0.49,0.54,0.05,0.515,60576.0,67036.0
2026-08-16T13:19:25+00:00,KXNFLTOTAL,KXNFLTOTAL-26SEP13CLEJAC-40,Will there be over 39.5 points scored?,2026-09-15T17:00:00Z,0.51,0.53,0.02,0.52,87446.0,19314.0
2026-08-16T13:19:25+00:00,KXNFLTOTAL,KXNFLTOTAL-26SEP13CLEJAC-39,Will there be over 38.5 points scored?,2026-09-15T17:00:00Z,0.56,0.62,0.06,0.59,89545.0,112851.0
2026-08-16T13:19:25+00:00,KXNFLTOTAL,KXNFLTOTAL-26SEP13CLEJAC-38,Will there be over 37.5 points scored?,2026-09-15T17:00:00Z,0.58,0.64,0.06,0.61,277618.0,221814.0
2026-08-16T13:19:25+00:00,KXNFLTOTAL,KXNFLTOTAL-26SEP13CLEJAC-35,Will there be over 34.5 points scored?,2026-09-15T17:00:00Z,0.68,0.73,0.05,0.705,242438.0,1078235.0
2026-08-16T13:19:25+00:00,KXNFLTOTAL,KXNFLTOTAL-26SEP13CLEJAC-32,Will there be over 31.5 points scored?,2026-09-15T17:00:00Z,0.77,0.81,0.04,0.79,227768.0,800757.0
2026-08-16T13:19:25+00:00,KXNFLTOTAL,KXNFLTOTAL-26SEP13CLEJAC-29,Will there be over 28.5 points scored?,2026-09-15T17:00:00Z,0.83,0.88,0.05,0.855,240072.0,6788.0
2026-08-16T13:19:25+00:00,KXNFLTOTAL,KXNFLTOTAL-26SEP13CLEJAC-26,Will there be over 25.5 points scored?,2026-09-15T17:00:00Z,0.88,0.92,0.04,0.9,225583.0,4546.0
2026-08-16T13:19:25+00:00,KXNFLTOTAL,KXNFLTOTAL-26SEP13CLEJAC-23,Will there be over 22.5 points scored?,2026-09-15T17:00:00Z,0.92,0.93,0.01,0.925,251774.0,9188.0
2026-08-16T13:19:25+00:00,KXNFLTOTAL,KXNFLTOTAL-26SEP13CLEJAC-20,Will there be over 19.5 points scored?,2026-09-15T17:00:00Z,0.94,0.97,0.03,0.955,267574.0,3469.0
2026-08-16T13:19:25+00:00,KXNFLTOTAL,KXNFLTOTAL-26SEP13ATLPIT-63,Will there be over 62.5 points scored?,2026-09-15T17:00:00Z,0.07,0.09,0.02,0.08,2538.0,192436.0
2026-08-16T13:19:25+00:00,KXNFLTOTAL,KXNFLTOTAL-26SEP13ATLPIT-60,Will there be over 59.5 points scored?,2026-09-15T17:00:00Z,0.08,0.12,0.04,0.1,6860.0,185721.0
2026-08-16T13:19:25+00:00,KXNFLTOTAL,KXNFLTOTAL-26SEP13ATLPIT-57,Will there be over 56.5 points scored?,2026-09-15T17:00:00Z,0.12,0.16,0.04,0.14,3774.0,114091.0
2026-08-16T13:19:25+00:00,KXNFLTOTAL,KXNFLTOTAL-26SEP13ATLPIT-54,Will there be over 53.5 points scored?,2026-09-15T17:00:00Z,0.17,0.2,0.03,0.185,6595.0,100784.0
2026-08-16T13:19:25+00:00,KXNFLTOTAL,KXNFLTOTAL-26SEP13ATLPIT-51,Will there be over 50.5 points scored?,2026-09-15T17:00:00Z,0.24,0.3,0.06,0.27,5602.0,92905.0
2026-08-16T13:19:25+00:00,KXNFLTOTAL,KXNFLTOTAL-26SEP13ATLPIT-48,Will there be over 47.5 points scored?,2026-09-15T17:00:00Z,0.32,0.38,0.06,0.35,58499.0,55556.0
2026-08-16T13:19:25+00:00,KXNFLTOTAL,KXNFLTOTAL-26SEP13ATLPIT-45,Will there be over 44.5 points scored?,2026-09-15T17:00:00Z,0.4,0.44,0.04,0.42,232834.0,94028.0
2026-08-16T13:19:25+00:00,KXNFLTOTAL,KXNFLTOTAL-26SEP13ATLPIT-44,Will there be over 43.5 points scored?,2026-09-15T17:00:00Z,0.44,0.5,0.06,0.47,57422.0,34328.0
2026-08-16T13:19:25+00:00,KXNFLTOTAL,KXNFLTOTAL-26SEP13ATLPIT-43,Will there be over 42.5 points scored?,2026-09-15T17:00:00Z,0.48,0.52,0.04,0.5,44152.6,18675.6
2026-08-16T13:19:25+00:00,KXNFLTOTAL,KXNFLTOTAL-26SEP13ATLPIT-42,Will there be over 41.5 points scored?,2026-09-15T17:00:00Z,0.51,0.55,0.04,0.53,7326.0,20377.0
2026-08-16T13:19:25+00:00,KXNFLTOTAL,KXNFLTOTAL-26SEP13ATLPIT-41,Will there be over 40.5 points scored?,2026-09-15T17:00:00Z,0.54,0.61,0.07,0.575,89256.0,45824.0
2026-08-16T13:19:25+00:00,KXNFLTOTAL,KXNFLTOTAL-26SEP13ATLPIT-40,Will there be over 39.5 points scored?,2026-09-15T17:00:00Z,0.57,0.63,0.06,0.6,90050.0,59502.0
2026-08-16T13:19:25+00:00,KXNFLTOTAL,KXNFLTOTAL-26SEP13ATLPIT-39,Will there be over 38.5 points scored?,2026-09-15T17:00:00Z,0.61,0.67,0.06,0.64,93244.0,34141.0
2026-08-16T13:19:25+00:00,KXNFLTOTAL,KXNFLTOTAL-26SEP13ATLPIT-36,Will there be over 35.5 points scored?,2026-09-15T17:00:00Z,0.71,0.76,0.05,0.735,90453.0,156816.0
2026-08-16T13:19:25+00:00,KXNFLTOTAL,KXNFLTOTAL-26SEP13ATLPIT-33,Will there be over 32.5 points scored?,2026-09-15T17:00:00Z,0.79,0.83,0.04,0.81,51836.0,10366.0
2026-08-16T13:19:25+00:00,KXNFLTOTAL,KXNFLTOTAL-26SEP13ATLPIT-30,Will there be over 29.5 points scored?,2026-09-15T17:00:00Z,0.85,0.88,0.03,0.865,221131.0,8829.0
2026-08-16T13:19:25+00:00,KXNFLTOTAL,KXNFLTOTAL-26SEP13ATLPIT-27,Will there be over 26.5 points scored?,2026-09-15T17:00:00Z,0.89,0.93,0.04,0.91,381725.0,4421.0
2026-08-16T13:19:25+00:00,KXNFLTOTAL,KXNFLTOTAL-26SEP13ATLPIT-24,Will there be over 23.5 points scored?,2026-09-15T17:00:00Z,0.91,0.94,0.03,0.925,250783.0,9789.0
2026-08-16T13:19:25+00:00,KXNFLTOTAL,KXNFLTOTAL-26SEP13ATLPIT-21,Will there be over 20.5 points scored?,2026-09-15T17:00:00Z,0.77,0.97,0.2,0.87,268543.0,2365.0
2026-08-16T13:19:25+00:00,KXNFLTOTAL,KXNFLTOTAL-26SEP13BALIND-70,Will there be over 69.5 points scored?,2026-09-15T17:00:00Z,0.07,0.08,0.01,0.075,2894.0,191091.0
2026-08-16T13:19:25+00:00,KXNFLTOTAL,KXNFLTOTAL-26SEP13BALIND-67,Will there be over 66.5 points scored?,2026-09-15T17:00:00Z,0.07,0.11,0.04,0.09,5470.0,102216.0
2026-08-16T13:19:25+00:00,KXNFLTOTAL,KXNFLTOTAL-26SEP13BALIND-64,Will there be over 63.5 points scored?,2026-09-15T17:00:00Z,0.12,0.17,0.05,0.145,4415.0,112812.0
2026-08-16T13:19:25+00:00,KXNFLTOTAL,KXNFLTOTAL-26SEP13BALIND-61,Will there be over 60.5 points scored?,2026-09-15T17:00:00Z,0.16,0.19,0.03,0.175,6622.0,94724.0
2026-08-16T13:19:25+00:00,KXNFLTOTAL,KXNFLTOTAL-26SEP13BALIND-58,Will there be over 57.5 points scored?,2026-09-15T17:00:00Z,0.22,0.28,0.06,0.25,4980.0,16175.0
2026-08-16T13:19:25+00:00,KXNFLTOTAL,KXNFLTOTAL-26SEP13BALIND-55,Will there be over 54.5 points scored?,2026-09-15T17:00:00Z,0.3,0.35,0.05,0.325,99591.0,30180.0
2026-08-16T13:19:25+00:00,KXNFLTOTAL,KXNFLTOTAL-26SEP13BALIND-52,Will there be over 51.5 points scored?,2026-09-15T17:00:00Z,0.37,0.43,0.06,0.4,223426.0,93896.0
2026-08-16T13:19:25+00:00,KXNFLTOTAL,KXNFLTOTAL-26SEP13BALIND-51,Will there be over 50.5 points scored?,2026-09-15T17:00:00Z,0.37,0.43,0.06,0.4,87994.0,17654.0
2026-08-16T13:19:25+00:00,KXNFLTOTAL,KXNFLTOTAL-26SEP13BALIND-50,Will there be over 49.5 points scored?,2026-09-15T17:00:00Z,0.44,0.49,0.05,0.465,261458.0,20033.0
2026-08-16T13:19:25+00:00,KXNFLTOTAL,KXNFLTOTAL-26SEP13BALIND-49,Will there be over 48.5 points scored?,2026-09-15T17:00:00Z,0.47,0.53,0.06,0.5,59800.0,8636.0
2026-08-16T13:19:25+00:00,KXNFLTOTAL,KXNFLTOTAL-26SEP13BALIND-48,Will there be over 47.5 points scored?,2026-09-15T17:00:00Z,0.5,0.52,0.02,0.51,90339.0,64719.0
2026-08-16T13:19:25+00:00,KXNFLTOTAL,KXNFLTOTAL-26SEP13BALIND-47,Will there be over 46.5 points scored?,2026-09-15T17:00:00Z,0.54,0.59,0.05,0.565,89721.0,46713.0
2026-08-16T13:19:25+00:00,KXNFLTOTAL,KXNFLTOTAL-26SEP13BALIND-46,Will there be over 45.5 points scored?,2026-09-15T17:00:00Z,0.56,0.62,0.06,0.59,274761.0,25725.0
2026-08-16T13:19:25+00:00,KXNFLTOTAL,KXNFLTOTAL-26SEP13BALIND-43,Will there be over 42.5 points scored?,2026-09-15T17:00:00Z,0.66,0.72,0.06,0.69,89749.06,140721.0
2026-08-16T13:19:25+00:00,KXNFLTOTAL,KXNFLTOTAL-26SEP13BALIND-40,Will there be over 39.5 points scored?,2026-09-15T17:00:00Z,0.75,0.79,0.04,0.77,92406.0,86119.0
2026-08-16T13:19:25+00:00,KXNFLTOTAL,KXNFLTOTAL-26SEP13BALIND-37,Will there be over 36.5 points scored?,2026-09-15T17:00:00Z,0.81,0.86,0.05,0.835,233988.0,554622.0
2026-08-16T13:19:25+00:00,KXNFLTOTAL,KXNFLTOTAL-26SEP13BALIND-34,Will there be over 33.5 points scored?,2026-09-15T17:00:00Z,0.86,0.88,0.02,0.87,243830.0,6766.0
2026-08-16T13:19:25+00:00,KXNFLTOTAL,KXNFLTOTAL-26SEP13BALIND-31,Will there be over 30.5 points scored?,2026-09-15T17:00:00Z,0.88,0.91,0.03,0.895,150827.0,10657.0
2026-08-16T13:19:25+00:00,KXNFLTOTAL,KXNFLTOTAL-26SEP13BALIND-28,Will there be over 27.5 points scored?,2026-09-15T17:00:00Z,0.93,0.97,0.04,0.95,249719.0,4573.0
2026-08-16T13:19:25+00:00,KXNFLTOTAL,KXNFLTOTAL-26SEP13CHICAR-68,Will there be over 67.5 points scored?,2026-09-15T17:00:00Z,0.07,0.08,0.01,0.075,2563.0,99618.0
2026-08-16T13:19:25+00:00,KXNFLTOTAL,KXNFLTOTAL-26SEP13CHICAR-65,Will there be over 64.5 points scored?,2026-09-15T17:00:00Z,0.07,0.12,0.05,0.095,4291.0,99557.0
2026-08-16T13:19:25+00:00,KXNFLTOTAL,KXNFLTOTAL-26SEP13CHICAR-62,Will there be over 61.5 points scored?,2026-09-15T17:00:00Z,0.12,0.15,0.03,0.135,6698.0,58320.0
2026-08-16T13:19:25+00:00,KXNFLTOTAL,KXNFLTOTAL-26SEP13CHICAR-59,Will there be over 58.5 points scored?,2026-09-15T17:00:00Z,0.15,0.2,0.05,0.175,4470.0,187478.0
2026-08-16T13:19:25+00:00,KXNFLTOTAL,KXNFLTOTAL-26SEP13CHICAR-56,Will there be over 55.5 points scored?,2026-09-15T17:00:00Z,0.21,0.26,0.05,0.235,5649.0,29067.0
2026-08-16T13:19:25+00:00,KXNFLTOTAL,KXNFLTOTAL-26SEP13CHICAR-53,Will there be over 52.5 points scored?,2026-09-15T17:00:00Z,0.29,0.34,0.05,0.315,6477.0,27938.0
2026-08-16T13:19:25+00:00,KXNFLTOTAL,KXNFLTOTAL-26SEP13CHICAR-50,Will there be over 49.5 points scored?,2026-09-15T17:00:00Z,0.38,0.44,0.06,0.41,178257.0,57246.0
2026-08-16T13:19:25+00:00,KXNFLTOTAL,KXNFLTOTAL-26SEP13CHICAR-49,Will there be over 48.5 points scored?,2026-09-15T17:00:00Z,0.4,0.46,0.06,0.43,182706.0,30817.0
2026-08-16T13:19:25+00:00,KXNFLTOTAL,KXNFLTOTAL-26SEP13CHICAR-48,Will there be over 47.5 points scored?,2026-09-15T17:00:00Z,0.43,0.49,0.06,0.46,153897.0,97207.0
2026-08-16T13:19:25+00:00,KXNFLTOTAL,KXNFLTOTAL-26SEP13CHICAR-47,Will there be over 46.5 points scored?,2026-09-15T17:00:00Z,0.48,0.53,0.05,0.505,88395.0,95592.0
2026-08-16T13:19:25+00:00,KXNFLTOTAL,KXNFLTOTAL-26SEP13CHICAR-46,Will there be over 45.5 points scored?,2026-09-15T17:00:00Z,0.5,0.55,0.05,0.525,47692.0,18562.0
2026-08-16T13:19:25+00:00,KXNFLTOTAL,KXNFLTOTAL-26SEP13CHICAR-45,Will there be over 44.5 points scored?,2026-09-15T17:00:00Z,0.54,0.59,0.05,0.565,19132.0,62900.0
2026-08-16T13:19:25+00:00,KXNFLTOTAL,KXNFLTOTAL-26SEP13CHICAR-44,Will there be over 43.5 points scored?,2026-09-15T17:00:00Z,0.57,0.62,0.05,0.595,265162.0,59767.0
2026-08-16T13:19:25+00:00,KXNFLTOTAL,KXNFLTOTAL-26SEP13CHICAR-41,Will there be over 40.5 points scored?,2026-09-15T17:00:00Z,0.66,0.7,0.04,0.68,94265.0,31070.0
2026-08-16T13:19:25+00:00,KXNFLTOTAL,KXNFLTOTAL-26SEP13CHICAR-38,Will there be over 37.5 points scored?,2026-09-15T17:00:00Z,0.74,0.78,0.04,0.76,92198.0,51007.0
2026-08-16T13:19:25+00:00,KXNFLTOTAL,KXNFLTOTAL-26SEP13CHICAR-35,Will there be over 34.5 points scored?,2026-09-15T17:00:00Z,0.82,0.85,0.03,0.835,226278.0,801405.0
2026-08-16T13:19:25+00:00,KXNFLTOTAL,KXNFLTOTAL-26SEP13CHICAR-32,Will there be over 31.5 points scored?,2026-09-15T17:00:00Z,0.87,0.88,0.01,0.875,89997.0,8905.0
2026-08-16T13:19:25+00:00,KXNFLTOTAL,KXNFLTOTAL-26SEP13CHICAR-29,Will there be over 28.5 points scored?,2026-09-15T17:00:00Z,0.92,0.93,0.01,0.925,89454.0,5524.0
2026-08-16T13:19:25+00:00,KXNFLTOTAL,KXNFLTOTAL-26SEP13CHICAR-26,Will there be over 25.5 points scored?,2026-09-15T17:00:00Z,0.94,0.97,0.03,0.955,134017.0,3528.0
2026-08-16T13:19:25+00:00,KXNFLTOTAL,KXNFLTOTAL-26SEP10SFLAR-70,Will there be over 69.5 points scored?,2026-09-13T00:35:00Z,0.07,0.08,0.01,0.075,6446.0,31115.0
2026-08-16T13:19:25+00:00,KXNFLTOTAL,KXNFLTOTAL-26SEP10SFLAR-67,Will there be over 66.5 points scored?,2026-09-13T00:35:00Z,0.1,0.11,0.01,0.105,11031.0,15700.03
2026-08-16T13:19:25+00:00,KXNFLTOTAL,KXNFLTOTAL-26SEP10SFLAR-64,Will there be over 63.5 points scored?,2026-09-13T00:35:00Z,0.16,0.17,0.01,0.165,7738.0,58805.0
2026-08-16T13:19:25+00:00,KXNFLTOTAL,KXNFLTOTAL-26SEP10SFLAR-61,Will there be over 60.5 points scored?,2026-09-13T00:35:00Z,0.19,0.22,0.03,0.205,7162.0,62359.0
2026-08-16T13:19:25+00:00,KXNFLTOTAL,KXNFLTOTAL-26SEP10SFLAR-58,Will there be over 57.5 points scored?,2026-09-13T00:35:00Z,0.23,0.26,0.03,0.245,7852.0,15635.0
2026-08-16T13:19:25+00:00,KXNFLTOTAL,KXNFLTOTAL-26SEP10SFLAR-55,Will there be over 54.5 points scored?,2026-09-13T00:35:00Z,0.31,0.36,0.05,0.335,5376.0,30228.0
2026-08-16T13:19:25+00:00,KXNFLTOTAL,KXNFLTOTAL-26SEP10SFLAR-52,Will there be over 51.5 points scored?,2026-09-13T00:35:00Z,0.39,0.44,0.05,0.415,182431.0,32014.0
2026-08-16T13:19:25+00:00,KXNFLTOTAL,KXNFLTOTAL-26SEP10SFLAR-51,Will there be over 50.5 points scored?,2026-09-13T00:35:00Z,0.43,0.48,0.05,0.455,154253.78,20019.0
2026-08-16T13:19:25+00:00,KXNFLTOTAL,KXNFLTOTAL-26SEP10SFLAR-50,Will there be over 49.5 points scored?,2026-09-13T00:35:00Z,0.46,0.51,0.05,0.485,234372.0,33844.0
2026-08-16T13:19:25+00:00,KXNFLTOTAL,KXNFLTOTAL-26SEP10SFLAR-49,Will there be over 48.5 points scored?,2026-09-13T00:35:00Z,0.46,0.5,0.04,0.48,45041.0,4852.0
2026-08-16T13:19:25+00:00,KXNFLTOTAL,KXNFLTOTAL-26SEP10SFLAR-48,Will there be over 47.5 points scored?,2026-09-13T00:35:00Z,0.52,0.58,0.06,0.55,128417.0,61265.0
2026-08-16T13:19:25+00:00,KXNFLTOTAL,KXNFLTOTAL-26SEP10SFLAR-47,Will there be over 46.5 points scored?,2026-09-13T00:35:00Z,0.56,0.61,0.05,0.585,89662.0,60618.0
2026-08-16T13:19:25+00:00,KXNFLTOTAL,KXNFLTOTAL-26SEP10SFLAR-46,Will there be over 45.5 points scored?,2026-09-13T00:35:00Z,0.58,0.64,0.06,0.61,90003.0,44725.0
2026-08-16T13:19:25+00:00,KXNFLTOTAL,KXNFLTOTAL-26SEP10SFLAR-43,Will there be over 42.5 points scored?,2026-09-13T00:35:00Z,0.68,0.71,0.03,0.695,96786.0,36916.0
2026-08-16T13:19:25+00:00,KXNFLTOTAL,KXNFLTOTAL-26SEP10SFLAR-40,Will there be over 39.5 points scored?,2026-09-13T00:35:00Z,0.75,0.78,0.03,0.765,90353.0,5680.0
2026-08-16T13:19:25+00:00,KXNFLTOTAL,KXNFLTOTAL-26SEP10SFLAR-37,Will there be over 36.5 points scored?,2026-09-13T00:35:00Z,0.83,0.84,0.01,0.835,91340.0,7846.0
2026-08-16T13:19:25+00:00,KXNFLTOTAL,KXNFLTOTAL-26SEP10SFLAR-34,Will there be over 33.5 points scored?,2026-09-13T00:35:00Z,0.86,0.87,0.01,0.865,93511.0,8613.0
2026-08-16T13:19:25+00:00,KXNFLTOTAL,KXNFLTOTAL-26SEP10SFLAR-31,Will there be over 30.5 points scored?,2026-09-13T00:35:00Z,0.88,0.91,0.03,0.895,89512.0,15495.0
2026-08-16T13:19:25+00:00,KXNFLTOTAL,KXNFLTOTAL-26SEP10SFLAR-28,Will there be over 27.5 points scored?,2026-09-13T00:35:00Z,0.94,0.97,0.03,0.955,396056.0,5796.0
2026-08-16T13:19:25+00:00,KXNFLTOTAL,KXNFLTOTAL-26SEP09NESEA-66,Will there be over 65.5 points scored?,2026-09-12T00:20:00Z,0.07,0.08,0.01,0.075,4573.0,5982.0
2026-08-16T13:19:25+00:00,KXNFLTOTAL,KXNFLTOTAL-26SEP09NESEA-63,Will there be over 62.5 points scored?,2026-09-12T00:20:00Z,0.08,0.1,0.02,0.09,9164.0,56794.0
2026-08-16T13:19:25+00:00,KXNFLTOTAL,KXNFLTOTAL-26SEP09NESEA-60,Will there be over 59.5 points scored?,2026-09-12T00:20:00Z,0.12,0.14,0.02,0.13,6418.32,58714.0
2026-08-16T13:19:25+00:00,KXNFLTOTAL,KXNFLTOTAL-26SEP09NESEA-57,Will there be over 56.5 points scored?,2026-09-12T00:20:00Z,0.19,0.2,0.01,0.195,5098.0,35701.0
2026-08-16T13:19:25+00:00,KXNFLTOTAL,KXNFLTOTAL-26SEP09NESEA-54,Will there be over 53.5 points scored?,2026-09-12T00:20:00Z,0.21,0.26,0.05,0.235,5221.0,15131.0
2026-08-16T13:19:25+00:00,KXNFLTOTAL,KXNFLTOTAL-26SEP09NESEA-51,Will there be over 50.5 points scored?,2026-09-12T00:20:00Z,0.29,0.35,0.06,0.32,99236.0,32904.75
2026-08-16T13:19:25+00:00,KXNFLTOTAL,KXNFLTOTAL-26SEP09NESEA-48,Will there be over 47.5 points scored?,2026-09-12T00:20:00Z,0.38,0.44,0.06,0.41,153086.0,95207.0
2026-08-16T13:19:25+00:00,KXNFLTOTAL,KXNFLTOTAL-26SEP09NESEA-47,Will there be over 46.5 points scored?,2026-09-12T00:20:00Z,0.41,0.46,0.05,0.435,88827.0,96209.0
2026-08-16T13:19:25+00:00,KXNFLTOTAL,KXNFLTOTAL-26SEP09NESEA-46,Will there be over 45.5 points scored?,2026-09-12T00:20:00Z,0.45,0.48,0.03,0.465,113651.0,17790.0
2026-08-16T13:19:25+00:00,KXNFLTOTAL,KXNFLTOTAL-26SEP09NESEA-45,Will there be over 44.5 points scored?,2026-09-12T00:20:00Z,0.48,0.5,0.02,0.49,17467.9,6138.49
2026-08-16T13:19:25+00:00,KXNFLTOTAL,KXNFLTOTAL-26SEP09NESEA-44,Will there be over 43.5 points scored?,2026-09-12T00:20:00Z,0.53,0.54,0.01,0.535,16683.12,5640.6
2026-08-16T13:19:25+00:00,KXNFLTOTAL,KXNFLTOTAL-26SEP09NESEA-43,Will there be over 42.5 points scored?,2026-09-12T00:20:00Z,0.56,0.61,0.05,0.585,90289.0,47766.0
2026-08-16T13:19:25+00:00,KXNFLTOTAL,KXNFLTOTAL-26SEP09NESEA-42,Will there be over 41.5 points scored?,2026-09-12T00:20:00Z,0.58,0.63,0.05,0.605,92250.0,7367.0
2026-08-16T13:19:25+00:00,KXNFLTOTAL,KXNFLTOTAL-26SEP09NESEA-39,Will there be over 38.5 points scored?,2026-09-12T00:20:00Z,0.63,0.69,0.06,0.66,91619.0,8169.1
2026-08-16T13:19:25+00:00,KXNFLTOTAL,KXNFLTOTAL-26SEP09NESEA-36,Will there be over 35.5 points scored?,2026-09-12T00:20:00Z,0.76,0.81,0.05,0.785,90271.86,825169.46
2026-08-16T13:19:25+00:00,KXNFLTOTAL,KXNFLTOTAL-26SEP09NESEA-33,Will there be over 32.5 points scored?,2026-09-12T00:20:00Z,0.83,0.84,0.01,0.835,92722.0,8272.0
2026-08-16T13:19:25+00:00,KXNFLTOTAL,KXNFLTOTAL-26SEP09NESEA-30,Will there be over 29.5 points scored?,2026-09-12T00:20:00Z,0.88,0.9,0.02,0.89,94244.0,8480.42
2026-08-16T13:19:25+00:00,KXNFLTOTAL,KXNFLTOTAL-26SEP09NESEA-27,Will there be over 26.5 points scored?,2026-09-12T00:20:00Z,0.91,0.92,0.01,0.915,75711.96,10231.61
2026-08-16T13:19:25+00:00,KXNFLTOTAL,KXNFLTOTAL-26SEP09NESEA-24,Will there be over 23.5 points scored?,2026-09-12T00:20:00Z,0.95,0.97,0.02,0.96,254409.0,4757.0
2026-08-16T13:19:25+00:00,KXNFLSEASONPASSYDS,KXNFLSEASONPASSYDS-27C3000-TSHOUGH6,Will Tyler Shough record 3000+ passing yards during 2026-27 Pro Football regular season?,2027-02-02T15:00:00Z,0.52,0.71,0.19,0.615,239.0,3505.28
2026-08-16T13:19:25+00:00,KXNFLSEASONPASSYDS,KXNFLSEASONPASSYDS-27C3000-TLAWRENCE16,Will Trevor Lawrence record 3000+ passing yards during 2026-27 Pro Football regular season?,2027-02-02T15:00:00Z,0.49,0.8,0.31,0.645,5.0,2578.69
2026-08-16T13:19:25+00:00,KXNFLSEASONPASSYDS,KXNFLSEASONPASSYDS-27C3000-SDARNOLD14,Will Sam Darnold record 3000+ passing yards during 2026-27 Pro Football regular season?,2027-02-02T15:00:00Z,,0.84,,,0.0,3140.0
2026-08-16T13:19:25+00:00,KXNFLSEASONPASSYDS,KXNFLSEASONPASSYDS-27C3000-PMAHOMES15,Will Patrick Mahomes record 3000+ passing yards during 2026-27 Pro Football regular season?,2027-02-02T15:00:00Z,,0.78,,,0.0,2911.0
2026-08-16T13:19:25+00:00,KXNFLSEASONPASSYDS,KXNFLSEASONPASSYDS-27C3000-MWILLIS2,Will Malik Willis record 3000+ passing yards during 2026-27 Pro Football regular season?,2027-02-02T15:00:00Z,0.36,0.47,0.11,0.415,145.0,3802.02
2026-08-16T13:19:25+00:00,KXNFLSEASONPASSYDS,KXNFLSEASONPASSYDS-27C3000-MSTAFFORD9,Will Matthew Stafford record 3000+ passing yards during 2026-27 Pro Football regular season?,2027-02-02T15:00:00Z,,0.84,,,0.0,4402.0
2026-08-16T13:19:25+00:00,KXNFLSEASONPASSYDS,KXNFLSEASONPASSYDS-27C3000-MPENIX9,Will Michael Penix Jr. record 3000+ passing yards during 2026-27 Pro Football regular season?,2027-02-02T15:00:00Z,0.11,0.15,0.04,0.13,1000.0,3173.18
2026-08-16T13:19:25+00:00,KXNFLSEASONPASSYDS,KXNFLSEASONPASSYDS-27C3000-LJACKSON8,Will Lamar Jackson record 3000+ passing yards during 2026-27 Pro Football regular season?,2027-02-02T15:00:00Z,,0.77,,,0.0,3241.0
2026-08-16T13:19:25+00:00,KXNFLSEASONPASSYDS,KXNFLSEASONPASSYDS-27C3000-KMURRAY1,Will Kyler Murray record 3000+ passing yards during 2026-27 Pro Football regular season?,2027-02-02T15:00:00Z,,0.58,,,0.0,3089.63
2026-08-16T13:19:25+00:00,KXNFLSEASONPASSYDS,KXNFLSEASONPASSYDS-27C3000-KCOUSINS8,Will Kirk Cousins record 3000+ passing yards during 2026-27 Pro Football regular season?,2027-02-02T15:00:00Z,0.06,0.14,0.08,0.1,1005.0,2010.08
2026-08-16T13:19:25+00:00,KXNFLSEASONPASSYDS,KXNFLSEASONPASSYDS-27C3000-JLOVE10,Will Jordan Love record 3000+ passing yards during 2026-27 Pro Football regular season?,2027-02-02T15:00:00Z,,0.78,,,0.0,2830.44
2026-08-16T13:19:25+00:00,KXNFLSEASONPASSYDS,KXNFLSEASONPASSYDS-27C3000-JHURTS1,Will Jalen Hurts record 3000+ passing yards during 2026-27 Pro Football regular season?,2027-02-02T15:00:00Z,,0.72,,,0.0,3470.0
2026-08-16T13:19:25+00:00,KXNFLSEASONPASSYDS,KXNFLSEASONPASSYDS-27C3000-JHERBERT10,Will Justin Herbert record 3000+ passing yards during 2026-27 Pro Football regular season?,2027-02-02T15:00:00Z,,0.78,,,0.0,2907.0
2026-08-16T13:19:25+00:00,KXNFLSEASONPASSYDS,KXNFLSEASONPASSYDS-27C3000-JGOFF16,Will Jared Goff record 3000+ passing yards during 2026-27 Pro Football regular season?,2027-02-02T15:00:00Z,0.7,0.84,0.14,0.77,245.0,3071.0
2026-08-16T13:19:25+00:00,KXNFLSEASONPASSYDS,KXNFLSEASONPASSYDS-27C3000-JDART6,Will Jaxson Dart record 3000+ passing yards during 2026-27 Pro Football regular season?,2027-02-02T15:00:00Z,,0.7,,,0.0,3278.0
2026-08-16T13:19:25+00:00,KXNFLSEASONPASSYDS,KXNFLSEASONPASSYDS-27C3000-JDANIELS5,Will Jayden Daniels record 3000+ passing yards during 2026-27 Pro Football regular season?,2027-02-02T15:00:00Z,,0.77,,,0.0,3252.0
2026-08-16T13:19:25+00:00,KXNFLSEASONPASSYDS,KXNFLSEASONPASSYDS-27C3000-JBURROW9,Will Joe Burrow record 3000+ passing yards during 2026-27 Pro Football regular season?,2027-02-02T15:00:00Z,0.01,0.84,0.83,0.425,1821.37,3075.0
2026-08-16T13:19:25+00:00,KXNFLSEASONPASSYDS,KXNFLSEASONPASSYDS-27C3000-JALLEN17,Will Josh Allen record 3000+ passing yards during 2026-27 Pro Football regular season?,2027-02-02T15:00:00Z,0.55,0.79,0.24,0.67,198.0,2721.0
2026-08-16T13:19:25+00:00,KXNFLSEASONPASSYDS,KXNFLSEASONPASSYDS-27C3000-GSMITH7,Will Geno Smith record 3000+ passing yards during 2026-27 Pro Football regular season?,2027-02-02T15:00:00Z,,0.69,,,0.0,5437.0
2026-08-16T13:19:25+00:00,KXNFLSEASONPASSYDS,KXNFLSEASONPASSYDS-27C3000-FMENDOZA15,Will Fernando Mendoza record 3000+ passing yards during 2026-27 Pro Football regular season?,2027-02-02T15:00:00Z,0.01,0.31,0.3,0.16,600.0,2204.01
2026-08-16T13:19:25+00:00,KXNFLSEASONPASSYDS,KXNFLSEASONPASSYDS-27C3000-DPRESCOTT4,Will Dak Prescott record 3000+ passing yards during 2026-27 Pro Football regular season?,2027-02-02T15:00:00Z,,0.85,,,0.0,3069.0
2026-08-16T13:19:25+00:00,KXNFLSEASONPASSYDS,KXNFLSEASONPASSYDS-27C3000-DMAYE10,Will Drake Maye record 3000+ passing yards during 2026-27 Pro Football regular season?,2027-02-02T15:00:00Z,,0.85,,,0.0,3071.0
2026-08-16T13:19:25+00:00,KXNFLSEASONPASSYDS,KXNFLSEASONPASSYDS-27C3000-DJONES17,Will Daniel Jones record 3000+ passing yards during 2026-27 Pro Football regular season?,2027-02-02T15:00:00Z,,0.72,,,0.0,3618.0
2026-08-16T13:19:25+00:00,KXNFLSEASONPASSYDS,KXNFLSEASONPASSYDS-27C3000-CWILLIAMS18,Will Caleb Williams record 3000+ passing yards during 2026-27 Pro Football regular season?,2027-02-02T15:00:00Z,0.79,0.84,0.05,0.815,20.0,3029.68
2026-08-16T13:19:25+00:00,KXNFLSEASONPASSYDS,KXNFLSEASONPASSYDS-27C3000-CWARD1,Will Cam Ward record 3000+ passing yards during 2026-27 Pro Football regular season?,2027-02-02T15:00:00Z,,0.72,,,0.0,3411.0
2026-08-16T13:19:25+00:00,KXNFLSEASONPASSYDS,KXNFLSEASONPASSYDS-27C3000-BYOUNG9,Will Bryce Young record 3000+ passing yards during 2026-27 Pro Football regular season?,2027-02-02T15:00:00Z,0.34,0.57,0.23,0.455,1114.24,2781.33
2026-08-16T13:19:25+00:00,KXNFLSEASONPASSYDS,KXNFLSEASONPASSYDS-27C3000-BPURDY13,Will Brock Purdy record 3000+ passing yards during 2026-27 Pro Football regular season?,2027-02-02T15:00:00Z,0.01,0.84,0.83,0.425,1000.0,3069.0
2026-08-16T13:19:25+00:00,KXNFLSEASONPASSYDS,KXNFLSEASONPASSYDS-27C3000-BNIX10,Will Bo Nix record 3000+ passing yards during 2026-27 Pro Football regular season?,2027-02-02T15:00:00Z,0.36,0.76,0.4,0.56,294.0,3260.0
2026-08-16T13:19:25+00:00,KXNFLSEASONPASSYDS,KXNFLSEASONPASSYDS-27C3000-BMAYFIELD6,Will Baker Mayfield record 3000+ passing yards during 2026-27 Pro Football regular season?,2027-02-02T15:00:00Z,0.01,0.76,0.75,0.385,2000.0,2844.64
2026-08-16T13:19:25+00:00,KXNFLSEASONPASSYDS,KXNFLSEASONPASSYDS-27C3000-ARODGERS8,Will Aaron Rodgers record 3000+ passing yards during 2026-27 Pro Football regular season?,2027-02-02T15:00:00Z,0.02,0.73,0.71,0.375,1301.3,3263.0
2026-08-16T13:19:25+00:00,KXNFLSEASONPASSYDS,KXNFLSEASONPASSYDS-27C4500-TSHOUGH6,Will Tyler Shough record 4500+ passing yards during 2026-27 Pro Football regular season?,2027-02-02T15:00:00Z,0.06,0.12,0.06,0.09,2676.66,4830.86
2026-08-16T13:19:25+00:00,KXNFLSEASONPASSYDS,KXNFLSEASONPASSYDS-27C4500-TLAWRENCE16,Will Trevor Lawrence record 4500+ passing yards during 2026-27 Pro Football regular season?,2027-02-02T15:00:00Z,0.08,0.27,0.19,0.175,2509.99,3773.95
2026-08-16T13:19:25+00:00,KXNFLSEASONPASSYDS,KXNFLSEASONPASSYDS-27C4500-SDARNOLD14,Will Sam Darnold record 4500+ passing yards during 2026-27 Pro Football regular season?,2027-02-02T15:00:00Z,0.05,0.18,0.13,0.115,1000.0,5468.0
2026-08-16T13:19:25+00:00,KXNFLSEASONPASSYDS,KXNFLSEASONPASSYDS-27C4500-PMAHOMES15,Will Patrick Mahomes record 4500+ passing yards during 2026-27 Pro Football regular season?,2027-02-02T15:00:00Z,,0.28,,,0.0,4987.0
2026-08-16T13:19:25+00:00,KXNFLSEASONPASSYDS,KXNFLSEASONPASSYDS-27C4500-MWILLIS2,Will Malik Willis record 4500+ passing yards during 2026-27 Pro Football regular season?,2027-02-02T15:00:00Z,,0.07,,,0.0,4608.51
2026-08-16T13:19:25+00:00,KXNFLSEASONPASSYDS,KXNFLSEASONPASSYDS-27C4500-MSTAFFORD9,Will Matthew Stafford record 4500+ passing yards during 2026-27 Pro Football regular season?,2027-02-02T15:00:00Z,0.1,0.27,0.17,0.185,500.0,2038.17
2026-08-16T13:19:25+00:00,KXNFLSEASONPASSYDS,KXNFLSEASONPASSYDS-27C4500-MPENIX9,Will Michael Penix Jr. record 4500+ passing yards during 2026-27 Pro Football regular season?,2027-02-02T15:00:00Z,,0.07,,,0.0,5350.0
2026-08-16T13:19:25+00:00,KXNFLSEASONPASSYDS,KXNFLSEASONPASSYDS-27C4500-LJACKSON8,Will Lamar Jackson record 4500+ passing yards during 2026-27 Pro Football regular season?,2027-02-02T15:00:00Z,,0.14,,,0.0,4997.0
2026-08-16T13:19:25+00:00,KXNFLSEASONPASSYDS,KXNFLSEASONPASSYDS-27C4500-KMURRAY1,Will Kyler Murray record 4500+ passing yards during 2026-27 Pro Football regular season?,2027-02-02T15:00:00Z,,0.15,,,0.0,3957.84
2026-08-16T13:19:25+00:00,KXNFLSEASONPASSYDS,KXNFLSEASONPASSYDS-27C4500-KCOUSINS8,Will Kirk Cousins record 4500+ passing yards during 2026-27 Pro Football regular season?,2027-02-02T15:00:00Z,,0.07,,,0.0,6386.94
2026-08-16T13:19:25+00:00,KXNFLSEASONPASSYDS,KXNFLSEASONPASSYDS-27C4500-JLOVE10,Will Jordan Love record 4500+ passing yards during 2026-27 Pro Football regular season?,2027-02-02T15:00:00Z,,0.18,,,0.0,3178.06
2026-08-16T13:19:25+00:00,KXNFLSEASONPASSYDS,KXNFLSEASONPASSYDS-27C4500-JHURTS1,Will Jalen Hurts record 4500+ passing yards during 2026-27 Pro Football regular season?,2027-02-02T15:00:00Z,,0.12,,,0.0,5594.0
2026-08-16T13:19:25+00:00,KXNFLSEASONPASSYDS,KXNFLSEASONPASSYDS-27C4500-JHERBERT10,Will Justin Herbert record 4500+ passing yards during 2026-27 Pro Football regular season?,2027-02-02T15:00:00Z,0.14,0.2,0.06,0.17,1519.2,3550.55
2026-08-16T13:19:25+00:00,KXNFLSEASONPASSYDS,KXNFLSEASONPASSYDS-27C4500-JGOFF16,Will Jared Goff record 4500+ passing yards during 2026-27 Pro Football regular season?,2027-02-02T15:00:00Z,0.18,0.32,0.14,0.25,441.11,3085.51
2026-08-16T13:19:25+00:00,KXNFLSEASONPASSYDS,KXNFLSEASONPASSYDS-27C4500-JDART6,Will Jaxson Dart record 4500+ passing yards during 2026-27 Pro Football regular season?,2027-02-02T15:00:00Z,,0.12,,,0.0,4434.0
2026-08-16T13:19:25+00:00,KXNFLSEASONPASSYDS,KXNFLSEASONPASSYDS-27C4500-JDANIELS5,Will Jayden Daniels record 4500+ passing yards during 2026-27 Pro Football regular season?,2027-02-02T15:00:00Z,0.03,0.08,0.05,0.055,6000.0,7025.0
2026-08-16T13:19:25+00:00,KXNFLSEASONPASSYDS,KXNFLSEASONPASSYDS-27C4500-JBURROW9,Will Joe Burrow record 4500+ passing yards during 2026-27 Pro Football regular season?,2027-02-02T15:00:00Z,0.13,0.29,0.16,0.21,436.66,5605.0
2026-08-16T13:19:25+00:00,KXNFLSEASONPASSYDS,KXNFLSEASONPASSYDS-27C4500-JALLEN17,Will Josh Allen record 4500+ passing yards during 2026-27 Pro Football regular season?,2027-02-02T15:00:00Z,0.04,0.19,0.15,0.115,1250.0,4866.0
2026-08-16T13:19:25+00:00,KXNFLSEASONPASSYDS,KXNFLSEASONPASSYDS-27C4500-GSMITH7,Will Geno Smith record 4500+ passing yards during 2026-27 Pro Football regular season?,2027-02-02T15:00:00Z,,0.14,,,0.0,4868.22
2026-08-16T13:19:25+00:00,KXNFLSEASONPASSYDS,KXNFLSEASONPASSYDS-27C4500-FMENDOZA15,Will Fernando Mendoza record 4500+ passing yards during 2026-27 Pro Football regular season?,2027-02-02T15:00:00Z,,0.09,,,0.0,5234.65
2026-08-16T13:19:25+00:00,KXNFLSEASONPASSYDS,KXNFLSEASONPASSYDS-27C4500-DPRESCOTT4,Will Dak Prescott record 4500+ passing yards during 2026-27 Pro Football regular season?,2027-02-02T15:00:00Z,0.28,0.35,0.07,0.315,734.17,2551.8
2026-08-16T13:19:25+00:00,KXNFLSEASONPASSYDS,KXNFLSEASONPASSYDS-27C4500-DMAYE10,Will Drake Maye record 4500+ passing yards during 2026-27 Pro Football regular season?,2027-02-02T15:00:00Z,0.09,0.23,0.14,0.16,2485.55,2588.64
2026-08-16T13:19:25+00:00,KXNFLSEASONPASSYDS,KXNFLSEASONPASSYDS-27C4500-DJONES17,Will Daniel Jones record 4500+ passing yards during 2026-27 Pro Football regular season?,2027-02-02T15:00:00Z,,0.18,,,0.0,5266.0
2026-08-16T13:19:25+00:00,KXNFLSEASONPASSYDS,KXNFLSEASONPASSYDS-27C4500-CWILLIAMS18,Will Caleb Williams record 4500+ passing yards during 2026-27 Pro Football regular season?,2027-02-02T15:00:00Z,0.11,0.22,0.11,0.165,3384.48,2793.5
2026-08-16T13:19:25+00:00,KXNFLSEASONPASSYDS,KXNFLSEASONPASSYDS-27C4500-CWARD1,Will Cam Ward record 4500+ passing yards during 2026-27 Pro Football regular season?,2027-02-02T15:00:00Z,,0.14,,,0.0,4255.58
2026-08-16T13:19:25+00:00,KXNFLSEASONPASSYDS,KXNFLSEASONPASSYDS-27C4500-BYOUNG9,Will Bryce Young record 4500+ passing yards during 2026-27 Pro Football regular season?,2027-02-02T15:00:00Z,,0.12,,,0.0,6655.0
2026-08-16T13:19:25+00:00,KXNFLSEASONPASSYDS,KXNFLSEASONPASSYDS-27C4500-BPURDY13,Will Brock Purdy record 4500+ passing yards during 2026-27 Pro Football regular season?,2027-02-02T15:00:00Z,0.06,0.25,0.19,0.155,2671.66,4204.83
2026-08-16T13:19:25+00:00,KXNFLSEASONPASSYDS,KXNFLSEASONPASSYDS-27C4500-BNIX10,Will Bo Nix record 4500+ passing yards during 2026-27 Pro Football regular season?,2027-02-02T15:00:00Z,0.16,0.17,0.01,0.165,12927.0,4959.97
2026-08-16T13:19:25+00:00,KXNFLSEASONPASSYDS,KXNFLSEASONPASSYDS-27C4500-BMAYFIELD6,Will Baker Mayfield record 4500+ passing yards during 2026-27 Pro Football regular season?,2027-02-02T15:00:00Z,0.04,0.17,0.13,0.105,7510.0,2876.0
2026-08-16T13:19:25+00:00,KXNFLSEASONPASSYDS,KXNFLSEASONPASSYDS-27C4500-ARODGERS8,Will Aaron Rodgers record 4500+ passing yards during 2026-27 Pro Football regular season?,2027-02-02T15:00:00Z,,0.11,,,0.0,5879.22
2026-08-16T13:19:25+00:00,KXNFLSEASONPASSYDS,KXNFLSEASONPASSYDS-27C4000-TSHOUGH6,Will Tyler Shough record 4000+ passing yards during 2026-27 Pro Football regular season?,2027-02-02T15:00:00Z,0.15,0.26,0.11,0.205,397.16,4008.27
2026-08-16T13:19:25+00:00,KXNFLSEASONPASSYDS,KXNFLSEASONPASSYDS-27C4000-TLAWRENCE16,Will Trevor Lawrence record 4000+ passing yards during 2026-27 Pro Football regular season?,2027-02-02T15:00:00Z,0.23,0.42,0.19,0.325,423.57,3956.56
2026-08-16T13:19:25+00:00,KXNFLSEASONPASSYDS,KXNFLSEASONPASSYDS-27C4000-SDARNOLD14,Will Sam Darnold record 4000+ passing yards during 2026-27 Pro Football regular season?,2027-02-02T15:00:00Z,0.32,0.36,0.04,0.34,435.35,4866.87
2026-08-16T13:19:25+00:00,KXNFLSEASONPASSYDS,KXNFLSEASONPASSYDS-27C4000-PMAHOMES15,Will Patrick Mahomes record 4000+ passing yards during 2026-27 Pro Football regular season?,2027-02-02T15:00:00Z,,0.43,,,0.0,3565.14
2026-08-16T13:19:25+00:00,KXNFLSEASONPASSYDS,KXNFLSEASONPASSYDS-27C4000-MWILLIS2,Will Malik Willis record 4000+ passing yards during 2026-27 Pro Football regular season?,2027-02-02T15:00:00Z,,0.21,,,0.0,3454.0
2026-08-16T13:19:25+00:00,KXNFLSEASONPASSYDS,KXNFLSEASONPASSYDS-27C4000-MSTAFFORD9,Will Matthew Stafford record 4000+ passing yards during 2026-27 Pro Football regular season?,2027-02-02T15:00:00Z,0.3,0.43,0.13,0.365,503.82,4648.8
2026-08-16T13:19:25+00:00,KXNFLSEASONPASSYDS,KXNFLSEASONPASSYDS-27C4000-MPENIX9,Will Michael Penix Jr. record 4000+ passing yards during 2026-27 Pro Football regular season?,2027-02-02T15:00:00Z,,0.12,,,0.0,5153.16
2026-08-16T13:19:25+00:00,KXNFLSEASONPASSYDS,KXNFLSEASONPASSYDS-27C4000-LJACKSON8,Will Lamar Jackson record 4000+ passing yards during 2026-27 Pro Football regular season?,2027-02-02T15:00:00Z,0.08,0.26,0.18,0.17,2509.99,2901.0
2026-08-16T13:19:25+00:00,KXNFLSEASONPASSYDS,KXNFLSEASONPASSYDS-27C4000-KMURRAY1,Will Kyler Murray record 4000+ passing yards during 2026-27 Pro Football regular season?,2027-02-02T15:00:00Z,0.04,0.18,0.14,0.11,1005.0,3847.94
2026-08-16T13:19:25+00:00,KXNFLSEASONPASSYDS,KXNFLSEASONPASSYDS-27C4000-KCOUSINS8,Will Kirk Cousins record 4000+ passing yards during 2026-27 Pro Football regular season?,2027-02-02T15:00:00Z,,0.1,,,0.0,2651.0
2026-08-16T13:19:25+00:00,KXNFLSEASONPASSYDS,KXNFLSEASONPASSYDS-27C4000-JLOVE10,Will Jordan Love record 4000+ passing yards during 2026-27 Pro Football regular season?,2027-02-02T15:00:00Z,0.29,0.34,0.05,0.315,5463.78,3644.05
2026-08-16T13:19:25+00:00,KXNFLSEASONPASSYDS,KXNFLSEASONPASSYDS-27C4000-JHURTS1,Will Jalen Hurts record 4000+ passing yards during 2026-27 Pro Football regular season?,2027-02-02T15:00:00Z,0.07,0.21,0.14,0.14,857.14,4819.32
2026-08-16T13:19:25+00:00,KXNFLSEASONPASSYDS,KXNFLSEASONPASSYDS-27C4000-JHERBERT10,Will Justin Herbert record 4000+ passing yards during 2026-27 Pro Football regular season?,2027-02-02T15:00:00Z,0.08,0.35,0.27,0.215,1009.46,1880.32
2026-08-16T13:19:25+00:00,KXNFLSEASONPASSYDS,KXNFLSEASONPASSYDS-27C4000-JGOFF16,Will Jared Goff record 4000+ passing yards during 2026-27 Pro Football regular season?,2027-02-02T15:00:00Z,0.46,0.58,0.12,0.52,1799.41,11463.31
2026-08-16T13:19:25+00:00,KXNFLSEASONPASSYDS,KXNFLSEASONPASSYDS-27C4000-JDART6,Will Jaxson Dart record 4000+ passing yards during 2026-27 Pro Football regular season?,2027-02-02T15:00:00Z,0.1,0.23,0.13,0.165,671.66,1960.0
2026-08-16T13:19:25+00:00,KXNFLSEASONPASSYDS,KXNFLSEASONPASSYDS-27C4000-JDANIELS5,Will Jayden Daniels record 4000+ passing yards during 2026-27 Pro Football regular season?,2027-02-02T15:00:00Z,0.19,0.29,0.1,0.24,1110.0,3262.63
2026-08-16T13:19:25+00:00,KXNFLSEASONPASSYDS,KXNFLSEASONPASSYDS-27C4000-JBURROW9,Will Joe Burrow record 4000+ passing yards during 2026-27 Pro Football regular season?,2027-02-02T15:00:00Z,0.46,0.59,0.13,0.525,430.56,2278.0
2026-08-16T13:19:25+00:00,KXNFLSEASONPASSYDS,KXNFLSEASONPASSYDS-27C4000-JALLEN17,Will Josh Allen record 4000+ passing yards during 2026-27 Pro Football regular season?,2027-02-02T15:00:00Z,0.22,0.37,0.15,0.295,463.0,3433.38
2026-08-16T13:19:25+00:00,KXNFLSEASONPASSYDS,KXNFLSEASONPASSYDS-27C4000-GSMITH7,Will Geno Smith record 4000+ passing yards during 2026-27 Pro Football regular season?,2027-02-02T15:00:00Z,,0.34,,,0.0,3534.0
2026-08-16T13:19:25+00:00,KXNFLSEASONPASSYDS,KXNFLSEASONPASSYDS-27C4000-FMENDOZA15,Will Fernando Mendoza record 4000+ passing yards during 2026-27 Pro Football regular season?,2027-02-02T15:00:00Z,,0.14,,,0.0,3287.0
2026-08-16T13:19:25+00:00,KXNFLSEASONPASSYDS,KXNFLSEASONPASSYDS-27C4000-DPRESCOTT4,Will Dak Prescott record 4000+ passing yards during 2026-27 Pro Football regular season?,2027-02-02T15:00:00Z,0.52,0.57,0.05,0.545,3377.86,6858.94
2026-08-16T13:19:25+00:00,KXNFLSEASONPASSYDS,KXNFLSEASONPASSYDS-27C4000-DMAYE10,Will Drake Maye record 4000+ passing yards during 2026-27 Pro Football regular season?,2027-02-02T15:00:00Z,0.31,0.42,0.11,0.365,1556.0,2587.39
2026-08-16T13:19:25+00:00,KXNFLSEASONPASSYDS,KXNFLSEASONPASSYDS-27C4000-DJONES17,Will Daniel Jones record 4000+ passing yards during 2026-27 Pro Football regular season?,2027-02-02T15:00:00Z,,0.33,,,0.0,3444.0
2026-08-16T13:19:25+00:00,KXNFLSEASONPASSYDS,KXNFLSEASONPASSYDS-27C4000-CWILLIAMS18,Will Caleb Williams record 4000+ passing yards during 2026-27 Pro Football regular season?,2027-02-02T15:00:00Z,0.35,0.46,0.11,0.405,513.77,2863.94
2026-08-16T13:19:25+00:00,KXNFLSEASONPASSYDS,KXNFLSEASONPASSYDS-27C4000-CWARD1,Will Cam Ward record 4000+ passing yards during 2026-27 Pro Football regular season?,2027-02-02T15:00:00Z,0.1,0.28,0.18,0.19,1006.0,4081.68
2026-08-16T13:19:25+00:00,KXNFLSEASONPASSYDS,KXNFLSEASONPASSYDS-27C4000-BYOUNG9,Will Bryce Young record 4000+ passing yards during 2026-27 Pro Football regular season?,2027-02-02T15:00:00Z,0.03,0.13,0.1,0.08,7505.0,3209.0
2026-08-16T13:19:25+00:00,KXNFLSEASONPASSYDS,KXNFLSEASONPASSYDS-27C4000-BPURDY13,Will Brock Purdy record 4000+ passing yards during 2026-27 Pro Football regular season?,2027-02-02T15:00:00Z,0.38,0.44,0.06,0.41,877.28,2190.46
2026-08-16T13:19:25+00:00,KXNFLSEASONPASSYDS,KXNFLSEASONPASSYDS-27C4000-BNIX10,Will Bo Nix record 4000+ passing yards during 2026-27 Pro Football regular season?,2027-02-02T15:00:00Z,0.21,0.31,0.1,0.26,1509.41,3907.08
2026-08-16T13:19:25+00:00,KXNFLSEASONPASSYDS,KXNFLSEASONPASSYDS-27C4000-BMAYFIELD6,Will Baker Mayfield record 4000+ passing yards during 2026-27 Pro Football regular season?,2027-02-02T15:00:00Z,0.19,0.32,0.13,0.255,1023.47,3605.07
2026-08-16T13:19:25+00:00,KXNFLSEASONPASSYDS,KXNFLSEASONPASSYDS-27C4000-ARODGERS8,Will Aaron Rodgers record 4000+ passing yards during 2026-27 Pro Football regular season?,2027-02-02T15:00:00Z,0.12,0.25,0.13,0.185,7522.0,4413.73
2026-08-16T13:19:25+00:00,KXNFLSEASONPASSYDS,KXNFLSEASONPASSYDS-27C3500-TSHOUGH6,Will Tyler Shough record 3500+ passing yards during 2026-27 Pro Football regular season?,2027-02-02T15:00:00Z,0.31,0.58,0.27,0.445,505.59,4225.25
2026-08-16T13:19:25+00:00,KXNFLSEASONPASSYDS,KXNFLSEASONPASSYDS-27C3500-TLAWRENCE16,Will Trevor Lawrence record 3500+ passing yards during 2026-27 Pro Football regular season?,2027-02-02T15:00:00Z,0.51,0.66,0.15,0.585,2001.0,4510.42
2026-08-16T13:19:25+00:00,KXNFLSEASONPASSYDS,KXNFLSEASONPASSYDS-27C3500-SDARNOLD14,Will Sam Darnold record 3500+ passing yards during 2026-27 Pro Football regular season?,2027-02-02T15:00:00Z,0.5,0.66,0.16,0.58,2758.0,4556.0
2026-08-16T13:19:25+00:00,KXNFLSEASONPASSYDS,KXNFLSEASONPASSYDS-27C3500-PMAHOMES15,Will Patrick Mahomes record 3500+ passing yards during 2026-27 Pro Football regular season?,2027-02-02T15:00:00Z,0.05,0.66,0.61,0.355,201.0,3626.0
2026-08-16T13:19:25+00:00,KXNFLSEASONPASSYDS,KXNFLSEASONPASSYDS-27C3500-MWILLIS2,Will Malik Willis record 3500+ passing yards during 2026-27 Pro Football regular season?,2027-02-02T15:00:00Z,0.14,0.33,0.19,0.235,350.58,3928.55
2026-08-16T13:19:25+00:00,KXNFLSEASONPASSYDS,KXNFLSEASONPASSYDS-27C3500-MSTAFFORD9,Will Matthew Stafford record 3500+ passing yards during 2026-27 Pro Football regular season?,2027-02-02T15:00:00Z,0.19,0.68,0.49,0.435,1995.0,3722.0
2026-08-16T13:19:25+00:00,KXNFLSEASONPASSYDS,KXNFLSEASONPASSYDS-27C3500-MPENIX9,Will Michael Penix Jr. record 3500+ passing yards during 2026-27 Pro Football regular season?,2027-02-02T15:00:00Z,,0.15,,,0.0,2592.0
2026-08-16T13:19:25+00:00,KXNFLSEASONPASSYDS,KXNFLSEASONPASSYDS-27C3500-LJACKSON8,Will Lamar Jackson record 3500+ passing yards during 2026-27 Pro Football regular season?,2027-02-02T15:00:00Z,0.22,0.44,0.22,0.33,516.72,3065.2
2026-08-16T13:19:25+00:00,KXNFLSEASONPASSYDS,KXNFLSEASONPASSYDS-27C3500-KMURRAY1,Will Kyler Murray record 3500+ passing yards during 2026-27 Pro Football regular season?,2027-02-02T15:00:00Z,0.32,0.42,0.1,0.37,3752.05,3421.77
2026-08-16T13:19:25+00:00,KXNFLSEASONPASSYDS,KXNFLSEASONPASSYDS-27C3500-KCOUSINS8,Will Kirk Cousins record 3500+ passing yards during 2026-27 Pro Football regular season?,2027-02-02T15:00:00Z,0.03,0.14,0.11,0.085,10.0,3987.0
2026-08-16T13:19:25+00:00,KXNFLSEASONPASSYDS,KXNFLSEASONPASSYDS-27C3500-JLOVE10,Will Jordan Love record 3500+ passing yards during 2026-27 Pro Football regular season?,2027-02-02T15:00:00Z,0.54,0.58,0.04,0.56,25.49,8552.55
2026-08-16T13:19:25+00:00,KXNFLSEASONPASSYDS,KXNFLSEASONPASSYDS-27C3500-JHURTS1,Will Jalen Hurts record 3500+ passing yards during 2026-27 Pro Football regular season?,2027-02-02T15:00:00Z,0.23,0.37,0.14,0.3,3893.72,4620.94
2026-08-16T13:19:25+00:00,KXNFLSEASONPASSYDS,KXNFLSEASONPASSYDS-27C3500-JHERBERT10,Will Justin Herbert record 3500+ passing yards during 2026-27 Pro Football regular season?,2027-02-02T15:00:00Z,0.31,0.63,0.32,0.47,3406.93,4580.28
2026-08-16T13:19:25+00:00,KXNFLSEASONPASSYDS,KXNFLSEASONPASSYDS-27C3500-JGOFF16,Will Jared Goff record 3500+ passing yards during 2026-27 Pro Football regular season?,2027-02-02T15:00:00Z,0.15,0.81,0.66,0.48,104.07,3253.0
2026-08-16T13:19:25+00:00,KXNFLSEASONPASSYDS,KXNFLSEASONPASSYDS-27C3500-JDART6,Will Jaxson Dart record 3500+ passing yards during 2026-27 Pro Football regular season?,2027-02-02T15:00:00Z,0.2,0.33,0.13,0.265,1151.78,4415.0
2026-08-16T13:19:25+00:00,KXNFLSEASONPASSYDS,KXNFLSEASONPASSYDS-27C3500-JDANIELS5,Will Jayden Daniels record 3500+ passing yards during 2026-27 Pro Football regular season?,2027-02-02T15:00:00Z,0.28,0.41,0.13,0.345,425.22,4305.05
2026-08-16T13:19:25+00:00,KXNFLSEASONPASSYDS,KXNFLSEASONPASSYDS-27C3500-JBURROW9,Will Joe Burrow record 3500+ passing yards during 2026-27 Pro Football regular season?,2027-02-02T15:00:00Z,0.06,0.73,0.67,0.395,5008.0,3603.0
2026-08-16T13:19:25+00:00,KXNFLSEASONPASSYDS,KXNFLSEASONPASSYDS-27C3500-JALLEN17,Will Josh Allen record 3500+ passing yards during 2026-27 Pro Football regular season?,2027-02-02T15:00:00Z,0.41,0.6,0.19,0.505,602.0,4438.61
2026-08-16T13:19:25+00:00,KXNFLSEASONPASSYDS,KXNFLSEASONPASSYDS-27C3500-GSMITH7,Will Geno Smith record 3500+ passing yards during 2026-27 Pro Football regular season?,2027-02-02T15:00:00Z,,0.36,,,0.0,2614.55
2026-08-16T13:19:25+00:00,KXNFLSEASONPASSYDS,KXNFLSEASONPASSYDS-27C3500-FMENDOZA15,Will Fernando Mendoza record 3500+ passing yards during 2026-27 Pro Football regular season?,2027-02-02T15:00:00Z,,0.23,,,0.0,3823.0
2026-08-16T13:19:25+00:00,KXNFLSEASONPASSYDS,KXNFLSEASONPASSYDS-27C3500-DPRESCOTT4,Will Dak Prescott record 3500+ passing yards during 2026-27 Pro Football regular season?,2027-02-02T15:00:00Z,0.61,0.72,0.11,0.665,230.39,3140.0
2026-08-16T13:19:25+00:00,KXNFLSEASONPASSYDS,KXNFLSEASONPASSYDS-27C3500-DMAYE10,Will Drake Maye record 3500+ passing yards during 2026-27 Pro Football regular season?,2027-02-02T15:00:00Z,0.45,0.77,0.32,0.61,3190.38,3534.0
2026-08-16T13:19:25+00:00,KXNFLSEASONPASSYDS,KXNFLSEASONPASSYDS-27C3500-DJONES17,Will Daniel Jones record 3500+ passing yards during 2026-27 Pro Football regular season?,2027-02-02T15:00:00Z,0.03,0.52,0.49,0.275,1005.0,3164.0
2026-08-16T13:19:25+00:00,KXNFLSEASONPASSYDS,KXNFLSEASONPASSYDS-27C3500-CWILLIAMS18,Will Caleb Williams record 3500+ passing yards during 2026-27 Pro Football regular season?,2027-02-02T15:00:00Z,0.61,0.62,0.01,0.615,599.0,5076.92
2026-08-16T13:19:25+00:00,KXNFLSEASONPASSYDS,KXNFLSEASONPASSYDS-27C3500-CWARD1,Will Cam Ward record 3500+ passing yards during 2026-27 Pro Football regular season?,2027-02-02T15:00:00Z,0.03,0.44,0.41,0.235,1010.0,3490.46
2026-08-16T13:19:25+00:00,KXNFLSEASONPASSYDS,KXNFLSEASONPASSYDS-27C3500-BYOUNG9,Will Bryce Young record 3500+ passing yards during 2026-27 Pro Football regular season?,2027-02-02T15:00:00Z,0.16,0.34,0.18,0.25,2843.66,3799.0
2026-08-16T13:19:25+00:00,KXNFLSEASONPASSYDS,KXNFLSEASONPASSYDS-27C3500-BPURDY13,Will Brock Purdy record 3500+ passing yards during 2026-27 Pro Football regular season?,2027-02-02T15:00:00Z,0.03,0.65,0.62,0.34,2005.0,2690.0
2026-08-16T13:19:25+00:00,KXNFLSEASONPASSYDS,KXNFLSEASONPASSYDS-27C3500-BNIX10,Will Bo Nix record 3500+ passing yards during 2026-27 Pro Football regular season?,2027-02-02T15:00:00Z,0.51,0.53,0.02,0.52,4014.58,12338.6
2026-08-16T13:19:25+00:00,KXNFLSEASONPASSYDS,KXNFLSEASONPASSYDS-27C3500-BMAYFIELD6,Will Baker Mayfield record 3500+ passing yards during 2026-27 Pro Football regular season?,2027-02-02T15:00:00Z,0.41,0.56,0.15,0.485,7872.03,3932.25
2026-08-16T13:19:25+00:00,KXNFLSEASONPASSYDS,KXNFLSEASONPASSYDS-27C3500-ARODGERS8,Will Aaron Rodgers record 3500+ passing yards during 2026-27 Pro Football regular season?,2027-02-02T15:00:00Z,0.17,0.36,0.19,0.265,2303.0,4437.64
2026-08-16T13:19:25+00:00,KXNFLSEASONRECTD,KXNFLSEASONRECTD-27C14-ZFLOWERS4,Will Zay Flowers record 14+ receiving touchdowns during the 2026-27 Pro Football regular season?,2027-02-02T15:00:00Z,,0.15,,,0.0,2290.0
2026-08-16T13:19:25+00:00,KXNFLSEASONRECTD,KXNFLSEASONRECTD-27C14-TMCMILLAN4,Will Tetairoa McMillan record 14+ receiving touchdowns during the 2026-27 Pro Football regular season?,2027-02-02T15:00:00Z,,0.15,,,0.0,2237.0
2026-08-16T13:19:25+00:00,KXNFLSEASONRECTD,KXNFLSEASONRECTD-27C14-THIGGINS5,Will Tee Higgins record 14+ receiving touchdowns during the 2026-27 Pro Football regular season?,2027-02-02T15:00:00Z,,0.15,,,0.0,2332.0
2026-08-16T13:19:25+00:00,KXNFLSEASONRECTD,KXNFLSEASONRECTD-27C14-RRICE4,Will Rashee Rice record 14+ receiving touchdowns during the 2026-27 Pro Football regular season?,2027-02-02T15:00:00Z,,0.23,,,0.0,2057.0
2026-08-16T13:19:25+00:00,KXNFLSEASONRECTD,KXNFLSEASONRECTD-27C14-PNACUA12,Will Puka Nacua record 14+ receiving touchdowns during the 2026-27 Pro Football regular season?,2027-02-02T15:00:00Z,,0.23,,,0.0,2352.0
2026-08-16T13:19:25+00:00,KXNFLSEASONRECTD,KXNFLSEASONRECTD-27C14-NCOLLINS12,Will Nico Collins record 14+ receiving touchdowns during the 2026-27 Pro Football regular season?,2027-02-02T15:00:00Z,,0.15,,,0.0,2297.0
2026-08-16T13:19:25+00:00,KXNFLSEASONRECTD,KXNFLSEASONRECTD-27C14-MNABERS1,Will Malik Nabers record 14+ receiving touchdowns during the 2026-27 Pro Football regular season?,2027-02-02T15:00:00Z,,0.15,,,0.0,2249.0
2026-08-16T13:19:25+00:00,KXNFLSEASONRECTD,KXNFLSEASONRECTD-27C14-JSMITHNJIGBA11,Will Jaxon Smith-Njigba record 14+ receiving touchdowns during the 2026-27 Pro Football regular season?,2027-02-02T15:00:00Z,,0.23,,,0.0,2042.0
2026-08-16T13:19:25+00:00,KXNFLSEASONRECTD,KXNFLSEASONRECTD-27C14-JJEFFERSON18,Will Justin Jefferson record 14+ receiving touchdowns during the 2026-27 Pro Football regular season?,2027-02-02T15:00:00Z,,0.15,,,0.0,2043.0
2026-08-16T13:19:25+00:00,KXNFLSEASONRECTD,KXNFLSEASONRECTD-27C14-JCHASE1,Will Ja'Marr Chase record 14+ receiving touchdowns during the 2026-27 Pro Football regular season?,2027-02-02T15:00:00Z,,0.31,,,0.0,2040.16
2026-08-16T13:19:25+00:00,KXNFLSEASONRECTD,KXNFLSEASONRECTD-27C14-GWILSON5,Will Garrett Wilson record 14+ receiving touchdowns during the 2026-27 Pro Football regular season?,2027-02-02T15:00:00Z,,0.15,,,0.0,2562.0
2026-08-16T13:19:25+00:00,KXNFLSEASONRECTD,KXNFLSEASONRECTD-27C14-GPICKENS3,Will George Pickens record 14+ receiving touchdowns during the 2026-27 Pro Football regular season?,2027-02-02T15:00:00Z,,0.15,,,0.0,2191.0
2026-08-16T13:19:25+00:00,KXNFLSEASONRECTD,KXNFLSEASONRECTD-27C14-DSMITH6,Will DeVonta Smith record 14+ receiving touchdowns during the 2026-27 Pro Football regular season?,2027-02-02T15:00:00Z,,0.15,,,0.0,3657.16
2026-08-16T13:19:25+00:00,KXNFLSEASONRECTD,KXNFLSEASONRECTD-27C14-DLONDON5,Will Drake London record 14+ receiving touchdowns during the 2026-27 Pro Football regular season?,2027-02-02T15:00:00Z,,0.15,,,0.0,2234.0
2026-08-16T13:19:25+00:00,KXNFLSEASONRECTD,KXNFLSEASONRECTD-27C14-COLAVE12,Will Chris Olave record 14+ receiving touchdowns during the 2026-27 Pro Football regular season?,2027-02-02T15:00:00Z,,0.15,,,0.0,2188.74
2026-08-16T13:19:25+00:00,KXNFLSEASONRECTD,KXNFLSEASONRECTD-27C14-CLAMB88,Will CeeDee Lamb record 14+ receiving touchdowns during the 2026-27 Pro Football regular season?,2027-02-02T15:00:00Z,,0.23,,,0.0,2325.0
2026-08-16T13:19:25+00:00,KXNFLSEASONRECTD,KXNFLSEASONRECTD-27C14-ASTBROWN14,Will Amon-Ra St. Brown record 14+ receiving touchdowns during the 2026-27 Pro Football regular season?,2027-02-02T15:00:00Z,,0.23,,,0.0,1987.75
2026-08-16T13:19:25+00:00,KXNFLSEASONRECTD,KXNFLSEASONRECTD-27C14-ABROWN11,Will A.J. Brown record 14+ receiving touchdowns during the 2026-27 Pro Football regular season?,2027-02-02T15:00:00Z,,0.15,,,0.0,2110.86
2026-08-16T13:19:25+00:00,KXNFLSEASONRECTD,KXNFLSEASONRECTD-27C12-ZFLOWERS4,Will Zay Flowers record 12+ receiving touchdowns during the 2026-27 Pro Football regular season?,2027-02-02T15:00:00Z,,0.18,,,0.0,3595.08
2026-08-16T13:19:25+00:00,KXNFLSEASONRECTD,KXNFLSEASONRECTD-27C12-TWARREN84,Will Tyler Warren record 12+ receiving touchdowns during the 2026-27 Pro Football regular season?,2027-02-02T15:00:00Z,,0.15,,,0.0,2390.84
2026-08-16T13:19:25+00:00,KXNFLSEASONRECTD,KXNFLSEASONRECTD-27C12-TMCMILLAN4,Will Tetairoa McMillan record 12+ receiving touchdowns during the 2026-27 Pro Football regular season?,2027-02-02T15:00:00Z,,0.15,,,0.0,2499.0
2026-08-16T13:19:25+00:00,KXNFLSEASONRECTD,KXNFLSEASONRECTD-27C12-TMCLAURIN17,Will Terry McLaurin record 12+ receiving touchdowns during the 2026-27 Pro Football regular season?,2027-02-02T15:00:00Z,,0.16,,,0.0,2700.42
2026-08-16T13:19:25+00:00,KXNFLSEASONRECTD,KXNFLSEASONRECTD-27C12-TMCBRIDE85,Will Trey McBride record 12+ receiving touchdowns during the 2026-27 Pro Football regular season?,2027-02-02T15:00:00Z,,0.15,,,0.0,2163.0
2026-08-16T13:19:25+00:00,KXNFLSEASONRECTD,KXNFLSEASONRECTD-27C12-THIGGINS5,Will Tee Higgins record 12+ receiving touchdowns during the 2026-27 Pro Football regular season?,2027-02-02T15:00:00Z,,0.23,,,0.0,2017.0
2026-08-16T13:19:25+00:00,KXNFLSEASONRECTD,KXNFLSEASONRECTD-27C12-RRICE4,Will Rashee Rice record 12+ receiving touchdowns during the 2026-27 Pro Football regular season?,2027-02-02T15:00:00Z,,0.31,,,0.0,2013.0
2026-08-16T13:19:25+00:00,KXNFLSEASONRECTD,KXNFLSEASONRECTD-27C12-PNACUA12,Will Puka Nacua record 12+ receiving touchdowns during the 2026-27 Pro Football regular season?,2027-02-02T15:00:00Z,,0.38,,,0.0,2173.0
2026-08-16T13:19:25+00:00,KXNFLSEASONRECTD,KXNFLSEASONRECTD-27C12-NCOLLINS12,Will Nico Collins record 12+ receiving touchdowns during the 2026-27 Pro Football regular season?,2027-02-02T15:00:00Z,,0.19,,,0.0,2557.0
2026-08-16T13:19:25+00:00,KXNFLSEASONRECTD,KXNFLSEASONRECTD-27C12-MNABERS1,Will Malik Nabers record 12+ receiving touchdowns during the 2026-27 Pro Football regular season?,2027-02-02T15:00:00Z,,0.23,,,0.0,2047.0
2026-08-16T13:19:25+00:00,KXNFLSEASONRECTD,KXNFLSEASONRECTD-27C12-LMCCONKEY15,Will Ladd McConkey record 12+ receiving touchdowns during the 2026-27 Pro Football regular season?,2027-02-02T15:00:00Z,,0.15,,,0.0,2240.0
2026-08-16T13:19:25+00:00,KXNFLSEASONRECTD,KXNFLSEASONRECTD-27C12-JWADDLE17,Will Jaylen Waddle record 12+ receiving touchdowns during the 2026-27 Pro Football regular season?,2027-02-02T15:00:00Z,,0.15,,,0.0,2265.0
2026-08-16T13:19:25+00:00,KXNFLSEASONRECTD,KXNFLSEASONRECTD-27C12-JSMITHNJIGBA11,Will Jaxon Smith-Njigba record 12+ receiving touchdowns during the 2026-27 Pro Football regular season?,2027-02-02T15:00:00Z,,0.3,,,0.0,2345.91
2026-08-16T13:19:25+00:00,KXNFLSEASONRECTD,KXNFLSEASONRECTD-27C12-JJEFFERSON18,Will Justin Jefferson record 12+ receiving touchdowns during the 2026-27 Pro Football regular season?,2027-02-02T15:00:00Z,,0.2,,,0.0,2378.39
2026-08-16T13:19:25+00:00,KXNFLSEASONRECTD,KXNFLSEASONRECTD-27C12-JCHASE1,Will Ja'Marr Chase record 12+ receiving touchdowns during the 2026-27 Pro Football regular season?,2027-02-02T15:00:00Z,,0.44,,,0.0,2821.63
2026-08-16T13:19:25+00:00,KXNFLSEASONRECTD,KXNFLSEASONRECTD-27C12-GWILSON5,Will Garrett Wilson record 12+ receiving touchdowns during the 2026-27 Pro Football regular season?,2027-02-02T15:00:00Z,,0.19,,,0.0,2369.0
2026-08-16T13:19:25+00:00,KXNFLSEASONRECTD,KXNFLSEASONRECTD-27C12-GPICKENS3,Will George Pickens record 12+ receiving touchdowns during the 2026-27 Pro Football regular season?,2027-02-02T15:00:00Z,,0.23,,,0.0,2320.0
2026-08-16T13:19:25+00:00,KXNFLSEASONRECTD,KXNFLSEASONRECTD-27C12-EEGBUKA2,Will Emeka Egbuka record 12+ receiving touchdowns during the 2026-27 Pro Football regular season?,2027-02-02T15:00:00Z,,0.19,,,0.0,2130.0
2026-08-16T13:19:25+00:00,KXNFLSEASONRECTD,KXNFLSEASONRECTD-27C12-DSMITH6,Will DeVonta Smith record 12+ receiving touchdowns during the 2026-27 Pro Football regular season?,2027-02-02T15:00:00Z,,0.15,,,0.0,2145.0
2026-08-16T13:19:25+00:00,KXNFLSEASONRECTD,KXNFLSEASONRECTD-27C12-DLONDON5,Will Drake London record 12+ receiving touchdowns during the 2026-27 Pro Football regular season?,2027-02-02T15:00:00Z,,0.19,,,0.0,2175.0
2026-08-16T13:19:25+00:00,KXNFLSEASONRECTD,KXNFLSEASONRECTD-27C12-DADAMS17,Will Davante Adams record 12+ receiving touchdowns during the 2026-27 Pro Football regular season?,2027-02-02T15:00:00Z,,0.38,,,0.0,2207.0
2026-08-16T13:19:25+00:00,KXNFLSEASONRECTD,KXNFLSEASONRECTD-27C12-CTATE17,Will Carnell Tate record 12+ receiving touchdowns during the 2026-27 Pro Football regular season?,2027-02-02T15:00:00Z,,0.15,,,0.0,2212.08
2026-08-16T13:19:25+00:00,KXNFLSEASONRECTD,KXNFLSEASONRECTD-27C12-COLAVE12,Will Chris Olave record 12+ receiving touchdowns during the 2026-27 Pro Football regular season?,2027-02-02T15:00:00Z,,0.19,,,0.0,2155.0
2026-08-16T13:19:25+00:00,KXNFLSEASONRECTD,KXNFLSEASONRECTD-27C12-CLOVELAND84,Will Colston Loveland record 12+ receiving touchdowns during the 2026-27 Pro Football regular season?,2027-02-02T15:00:00Z,0.12,0.15,0.03,0.135,768.0,3342.26
2026-08-16T13:19:25+00:00,KXNFLSEASONRECTD,KXNFLSEASONRECTD-27C12-CLAMB88,Will CeeDee Lamb record 12+ receiving touchdowns during the 2026-27 Pro Football regular season?,2027-02-02T15:00:00Z,,0.27,,,0.0,2356.0
2026-08-16T13:19:25+00:00,KXNFLSEASONRECTD,KXNFLSEASONRECTD-27C12-BBOWERS89,Will Brock Bowers record 12+ receiving touchdowns during the 2026-27 Pro Football regular season?,2027-02-02T15:00:00Z,,0.23,,,0.0,1906.0
2026-08-16T13:19:25+00:00,KXNFLSEASONRECTD,KXNFLSEASONRECTD-27C12-ASTBROWN14,Will Amon-Ra St. Brown record 12+ receiving touchdowns during the 2026-27 Pro Football regular season?,2027-02-02T15:00:00Z,,0.39,,,0.0,2769.93
2026-08-16T13:19:25+00:00,KXNFLSEASONRECTD,KXNFLSEASONRECTD-27C12-ABROWN11,Will A.J. Brown record 12+ receiving touchdowns during the 2026-27 Pro Football regular season?,2027-02-02T15:00:00Z,,0.23,,,0.0,1901.0
2026-08-16T13:19:25+00:00,KXNFLSEASONRECTD,KXNFLSEASONRECTD-27C10-ZFLOWERS4,Will Zay Flowers record 10+ receiving touchdowns during the 2026-27 Pro Football regular season?,2027-02-02T15:00:00Z,0.05,0.19,0.14,0.12,110.0,1694.69
2026-08-16T13:19:25+00:00,KXNFLSEASONRECTD,KXNFLSEASONRECTD-27C10-TWARREN84,Will Tyler Warren record 10+ receiving touchdowns during the 2026-27 Pro Football regular season?,2027-02-02T15:00:00Z,0.01,0.14,0.13,0.075,100.0,3139.74
2026-08-16T13:19:25+00:00,KXNFLSEASONRECTD,KXNFLSEASONRECTD-27C10-TMCMILLAN4,Will Tetairoa McMillan record 10+ receiving touchdowns during the 2026-27 Pro Football regular season?,2027-02-02T15:00:00Z,0.02,0.24,0.22,0.13,105.0,1974.58
2026-08-16T13:19:25+00:00,KXNFLSEASONRECTD,KXNFLSEASONRECTD-27C10-TMCLAURIN17,Will Terry McLaurin record 10+ receiving touchdowns during the 2026-27 Pro Football regular season?,2027-02-02T15:00:00Z,0.02,0.19,0.17,0.105,105.0,2032.0
2026-08-16T13:19:25+00:00,KXNFLSEASONRECTD,KXNFLSEASONRECTD-27C10-TMCBRIDE85,Will Trey McBride record 10+ receiving touchdowns during the 2026-27 Pro Football regular season?,2027-02-02T15:00:00Z,0.02,0.19,0.17,0.105,105.0,2155.0
2026-08-16T13:19:25+00:00,KXNFLSEASONRECTD,KXNFLSEASONRECTD-27C10-TKELCE87,Will Travis Kelce record 10+ receiving touchdowns during the 2026-27 Pro Football regular season?,2027-02-02T15:00:00Z,0.01,0.14,0.13,0.075,100.0,2581.0
2026-08-16T13:19:25+00:00,KXNFLSEASONRECTD,KXNFLSEASONRECTD-27C10-THIGGINS5,Will Tee Higgins record 10+ receiving touchdowns during the 2026-27 Pro Football regular season?,2027-02-02T15:00:00Z,0.11,0.33,0.22,0.22,560.0,2997.0
2026-08-16T13:19:25+00:00,KXNFLSEASONRECTD,KXNFLSEASONRECTD-27C10-SLAPORTA87,Will Sam LaPorta record 10+ receiving touchdowns during the 2026-27 Pro Football regular season?,2027-02-02T15:00:00Z,0.02,0.12,0.1,0.07,105.0,2101.0
2026-08-16T13:19:25+00:00,KXNFLSEASONRECTD,KXNFLSEASONRECTD-27C10-RRICE4,Will Rashee Rice record 10+ receiving touchdowns during the 2026-27 Pro Football regular season?,2027-02-02T15:00:00Z,0.09,0.41,0.32,0.25,105.0,2095.0
2026-08-16T13:19:25+00:00,KXNFLSEASONRECTD,KXNFLSEASONRECTD-27C10-RODUNZE15,Will Rome Odunze record 10+ receiving touchdowns during the 2026-27 Pro Football regular season?,2027-02-02T15:00:00Z,0.16,0.27,0.11,0.215,15.0,1784.0
2026-08-16T13:19:25+00:00,KXNFLSEASONRECTD,KXNFLSEASONRECTD-27C10-PWASHINGTON11,Will Parker Washington record 10+ receiving touchdowns during the 2026-27 Pro Football regular season?,2027-02-02T15:00:00Z,,0.15,,,0.0,2492.0
2026-08-16T13:19:25+00:00,KXNFLSEASONRECTD,KXNFLSEASONRECTD-27C10-PNACUA12,Will Puka Nacua record 10+ receiving touchdowns during the 2026-27 Pro Football regular season?,2027-02-02T15:00:00Z,0.02,0.4,0.38,0.21,105.0,2319.87
2026-08-16T13:19:25+00:00,KXNFLSEASONRECTD,KXNFLSEASONRECTD-27C10-NCOLLINS12,Will Nico Collins record 10+ receiving touchdowns during the 2026-27 Pro Football regular season?,2027-02-02T15:00:00Z,0.02,0.23,0.21,0.125,105.0,2401.0
2026-08-16T13:19:25+00:00,KXNFLSEASONRECTD,KXNFLSEASONRECTD-27C10-MWILSON14,Will Michael Wilson record 10+ receiving touchdowns during the 2026-27 Pro Football regular season?,2027-02-02T15:00:00Z,,0.18,,,0.0,2291.16
2026-08-16T13:19:25+00:00,KXNFLSEASONRECTD,KXNFLSEASONRECTD-27C10-MNABERS1,Will Malik Nabers record 10+ receiving touchdowns during the 2026-27 Pro Football regular season?,2027-02-02T15:00:00Z,0.02,0.27,0.25,0.145,105.0,1988.0
2026-08-16T13:19:25+00:00,KXNFLSEASONRECTD,KXNFLSEASONRECTD-27C10-MLEMONWR,Will Makai Lemon record 10+ receiving touchdowns during the 2026-27 Pro Football regular season?,2027-02-02T15:00:00Z,,0.15,,,0.0,2173.0
2026-08-16T13:19:25+00:00,KXNFLSEASONRECTD,KXNFLSEASONRECTD-27C10-MHARRISON18,Will Marvin Harrison Jr. record 10+ receiving touchdowns during the 2026-27 Pro Football regular season?,2027-02-02T15:00:00Z,0.02,0.15,0.13,0.085,112.01,3311.85
2026-08-16T13:19:25+00:00,KXNFLSEASONRECTD,KXNFLSEASONRECTD-27C10-MEVANS5,Will Mike Evans record 10+ receiving touchdowns during the 2026-27 Pro Football regular season?,2027-02-02T15:00:00Z,0.05,0.32,0.27,0.185,120.0,2328.2
2026-08-16T13:19:25+00:00,KXNFLSEASONRECTD,KXNFLSEASONRECTD-27C10-LMCCONKEY15,Will Ladd McConkey record 10+ receiving touchdowns during the 2026-27 Pro Football regular season?,2027-02-02T15:00:00Z,0.05,0.19,0.14,0.12,110.0,1529.59
2026-08-16T13:19:25+00:00,KXNFLSEASONRECTD,KXNFLSEASONRECTD-27C10-LBURDEN10,Will Luther Burden III record 10+ receiving touchdowns during the 2026-27 Pro Football regular season?,2027-02-02T15:00:00Z,0.13,0.15,0.02,0.14,48.51,1794.33
2026-08-16T13:19:25+00:00,KXNFLSEASONRECTD,KXNFLSEASONRECTD-27C10-KSADIQ18,Will Kenyon Sadiq record 10+ receiving touchdowns during the 2026-27 Pro Football regular season?,2027-02-02T15:00:00Z,,0.1,,,0.0,2297.0
2026-08-16T13:19:25+00:00,KXNFLSEASONRECTD,KXNFLSEASONRECTD-27C10-JWILLIAMS1,Will Jameson Williams record 10+ receiving touchdowns during the 2026-27 Pro Football regular season?,2027-02-02T15:00:00Z,0.02,0.19,0.17,0.105,105.0,2136.0
2026-08-16T13:19:25+00:00,KXNFLSEASONRECTD,KXNFLSEASONRECTD-27C10-JWADDLE17,Will Jaylen Waddle record 10+ receiving touchdowns during the 2026-27 Pro Football regular season?,2027-02-02T15:00:00Z,0.02,0.19,0.17,0.105,105.0,2179.0
2026-08-16T13:19:25+00:00,KXNFLSEASONRECTD,KXNFLSEASONRECTD-27C10-JTYSON0,Will Jordyn Tyson record 10+ receiving touchdowns during the 2026-27 Pro Football regular season?,2027-02-02T15:00:00Z,,0.15,,,0.0,2550.0
2026-08-16T13:19:25+00:00,KXNFLSEASONRECTD,KXNFLSEASONRECTD-27C10-JSMITHNJIGBA11,Will Jaxon Smith-Njigba record 10+ receiving touchdowns during the 2026-27 Pro Football regular season?,2027-02-02T15:00:00Z,,0.4,,,0.0,2212.0
2026-08-16T13:19:25+00:00,KXNFLSEASONRECTD,KXNFLSEASONRECTD-27C10-JJEFFERSON18,Will Justin Jefferson record 10+ receiving touchdowns during the 2026-27 Pro Football regular season?,2027-02-02T15:00:00Z,0.02,0.27,0.25,0.145,105.0,1964.0
2026-08-16T13:19:25+00:00,KXNFLSEASONRECTD,KXNFLSEASONRECTD-27C10-JCHASE1,Will Ja'Marr Chase record 10+ receiving touchdowns during the 2026-27 Pro Football regular season?,2027-02-02T15:00:00Z,0.02,0.56,0.54,0.29,102.0,2280.38
2026-08-16T13:19:25+00:00,KXNFLSEASONRECTD,KXNFLSEASONRECTD-27C10-ILIKELY9,Will Isaiah Likely record 10+ receiving touchdowns during the 2026-27 Pro Football regular season?,2027-02-02T15:00:00Z,,0.15,,,0.0,2131.0
2026-08-16T13:19:25+00:00,KXNFLSEASONRECTD,KXNFLSEASONRECTD-27C10-HFANNIN44,Will Harold Fannin Jr. record 10+ receiving touchdowns during the 2026-27 Pro Football regular season?,2027-02-02T15:00:00Z,,0.15,,,0.0,2551.0
2026-08-16T13:19:25+00:00,KXNFLSEASONRECTD,KXNFLSEASONRECTD-27C10-GWILSON5,Will Garrett Wilson record 10+ receiving touchdowns during the 2026-27 Pro Football regular season?,2027-02-02T15:00:00Z,0.02,0.19,0.17,0.105,100.02,2152.98
2026-08-16T13:19:25+00:00,KXNFLSEASONRECTD,KXNFLSEASONRECTD-27C10-GPICKENS3,Will George Pickens record 10+ receiving touchdowns during the 2026-27 Pro Football regular season?,2027-02-02T15:00:00Z,0.02,0.28,0.26,0.15,105.0,2021.02
2026-08-16T13:19:25+00:00,KXNFLSEASONRECTD,KXNFLSEASONRECTD-27C10-EEGBUKA2,Will Emeka Egbuka record 10+ receiving touchdowns during the 2026-27 Pro Football regular season?,2027-02-02T15:00:00Z,0.09,0.3,0.21,0.195,15.0,2540.01
2026-08-16T13:19:25+00:00,KXNFLSEASONRECTD,KXNFLSEASONRECTD-27C10-DSMITH6,Will DeVonta Smith record 10+ receiving touchdowns during the 2026-27 Pro Football regular season?,2027-02-02T15:00:00Z,0.02,0.16,0.14,0.09,102.03,2195.84
2026-08-16T13:19:25+00:00,KXNFLSEASONRECTD,KXNFLSEASONRECTD-27C10-DMOORE2,Will DJ Moore record 10+ receiving touchdowns during the 2026-27 Pro Football regular season?,2027-02-02T15:00:00Z,,0.27,,,0.0,2320.0
2026-08-16T13:19:25+00:00,KXNFLSEASONRECTD,KXNFLSEASONRECTD-27C10-DMETCALF4,Will DK Metcalf record 10+ receiving touchdowns during the 2026-27 Pro Football regular season?,2027-02-02T15:00:00Z,0.01,0.2,0.19,0.105,100.0,2057.0
2026-08-16T13:19:25+00:00,KXNFLSEASONRECTD,KXNFLSEASONRECTD-27C10-DLONDON5,Will Drake London record 10+ receiving touchdowns during the 2026-27 Pro Football regular season?,2027-02-02T15:00:00Z,0.02,0.27,0.25,0.145,105.0,2219.0
2026-08-16T13:19:25+00:00,KXNFLSEASONRECTD,KXNFLSEASONRECTD-27C10-DADAMS17,Will Davante Adams record 10+ receiving touchdowns during the 2026-27 Pro Football regular season?,2027-02-02T15:00:00Z,0.02,0.39,0.37,0.205,105.0,3986.9
2026-08-16T13:19:25+00:00,KXNFLSEASONRECTD,KXNFLSEASONRECTD-27C10-CTATE17,Will Carnell Tate record 10+ receiving touchdowns during the 2026-27 Pro Football regular season?,2027-02-02T15:00:00Z,,0.15,,,0.0,2192.0
2026-08-16T13:19:25+00:00,KXNFLSEASONRECTD,KXNFLSEASONRECTD-27C10-COLAVE12,Will Chris Olave record 10+ receiving touchdowns during the 2026-27 Pro Football regular season?,2027-02-02T15:00:00Z,0.05,0.19,0.14,0.12,110.0,2132.0
2026-08-16T13:19:25+00:00,KXNFLSEASONRECTD,KXNFLSEASONRECTD-27C10-CLOVELAND84,Will Colston Loveland record 10+ receiving touchdowns during the 2026-27 Pro Football regular season?,2027-02-02T15:00:00Z,0.17,0.24,0.07,0.205,849.0,2400.5
2026-08-16T13:19:25+00:00,KXNFLSEASONRECTD,KXNFLSEASONRECTD-27C10-CLAMB88,Will CeeDee Lamb record 10+ receiving touchdowns during the 2026-27 Pro Football regular season?,2027-02-02T15:00:00Z,0.02,0.29,0.27,0.155,105.0,2883.56
2026-08-16T13:19:25+00:00,KXNFLSEASONRECTD,KXNFLSEASONRECTD-27C10-BTHOMAS7,Will Brian Thomas Jr. record 10+ receiving touchdowns during the 2026-27 Pro Football regular season?,2027-02-02T15:00:00Z,,0.23,,,0.0,2309.0
2026-08-16T13:19:25+00:00,KXNFLSEASONRECTD,KXNFLSEASONRECTD-27C10-BBOWERS89,Will Brock Bowers record 10+ receiving touchdowns during the 2026-27 Pro Football regular season?,2027-02-02T15:00:00Z,0.05,0.23,0.18,0.14,111.0,2362.79
2026-08-16T13:19:25+00:00,KXNFLSEASONRECTD,KXNFLSEASONRECTD-27C10-ASTBROWN14,Will Amon-Ra St. Brown record 10+ receiving touchdowns during the 2026-27 Pro Football regular season?,2027-02-02T15:00:00Z,0.02,0.5,0.48,0.26,105.0,2368.0
2026-08-16T13:19:25+00:00,KXNFLSEASONRECTD,KXNFLSEASONRECTD-27C10-ABROWN11,Will A.J. Brown record 10+ receiving touchdowns during the 2026-27 Pro Football regular season?,2027-02-02T15:00:00Z,0.26,0.35,0.09,0.305,1027.14,2672.17
2026-08-16T13:19:25+00:00,KXNFLSEASONRECTD,KXNFLSEASONRECTD-27C6-ZFLOWERS4,Will Zay Flowers record 6+ receiving touchdowns during the 2026-27 Pro Football regular season?,2027-02-02T15:00:00Z,0.52,0.59,0.07,0.555,3912.81,1985.72
2026-08-16T13:19:25+00:00,KXNFLSEASONRECTD,KXNFLSEASONRECTD-27C6-TWARREN84,Will Tyler Warren record 6+ receiving touchdowns during the 2026-27 Pro Football regular season?,2027-02-02T15:00:00Z,0.42,0.76,0.34,0.59,391.0,1772.0
2026-08-16T13:19:25+00:00,KXNFLSEASONRECTD,KXNFLSEASONRECTD-27C6-TMCMILLAN4,Will Tetairoa McMillan record 6+ receiving touchdowns during the 2026-27 Pro Football regular season?,2027-02-02T15:00:00Z,0.02,0.64,0.62,0.33,105.0,4282.0
2026-08-16T13:19:25+00:00,KXNFLSEASONRECTD,KXNFLSEASONRECTD-27C6-TMCLAURIN17,Will Terry McLaurin record 6+ receiving touchdowns during the 2026-27 Pro Football regular season?,2027-02-02T15:00:00Z,0.54,0.61,0.07,0.575,311.98,2922.6
2026-08-16T13:19:25+00:00,KXNFLSEASONRECTD,KXNFLSEASONRECTD-27C6-TMCBRIDE85,Will Trey McBride record 6+ receiving touchdowns during the 2026-27 Pro Football regular season?,2027-02-02T15:00:00Z,0.02,0.64,0.62,0.33,105.0,3613.0
2026-08-16T13:19:25+00:00,KXNFLSEASONRECTD,KXNFLSEASONRECTD-27C6-TKELCE87,Will Travis Kelce record 6+ receiving touchdowns during the 2026-27 Pro Football regular season?,2027-02-02T15:00:00Z,0.02,0.36,0.34,0.19,105.0,2810.0
2026-08-16T13:19:25+00:00,KXNFLSEASONRECTD,KXNFLSEASONRECTD-27C6-THIGGINS5,Will Tee Higgins record 6+ receiving touchdowns during the 2026-27 Pro Football regular season?,2027-02-02T15:00:00Z,0.11,0.76,0.65,0.435,560.0,1682.0
2026-08-16T13:19:25+00:00,KXNFLSEASONRECTD,KXNFLSEASONRECTD-27C6-SLAPORTA87,Will Sam LaPorta record 6+ receiving touchdowns during the 2026-27 Pro Football regular season?,2027-02-02T15:00:00Z,,0.51,,,0.0,1949.0
2026-08-16T13:19:25+00:00,KXNFLSEASONRECTD,KXNFLSEASONRECTD-27C6-RRICE4,Will Rashee Rice record 6+ receiving touchdowns during the 2026-27 Pro Football regular season?,2027-02-02T15:00:00Z,0.02,0.76,0.74,0.39,105.0,1779.0
2026-08-16T13:19:25+00:00,KXNFLSEASONRECTD,KXNFLSEASONRECTD-27C6-RODUNZE15,Will Rome Odunze record 6+ receiving touchdowns during the 2026-27 Pro Football regular season?,2027-02-02T15:00:00Z,0.46,0.79,0.33,0.625,15.0,1869.0
2026-08-16T13:19:25+00:00,KXNFLSEASONRECTD,KXNFLSEASONRECTD-27C6-PWASHINGTON11,Will Parker Washington record 6+ receiving touchdowns during the 2026-27 Pro Football regular season?,2027-02-02T15:00:00Z,,0.85,,,0.0,1718.0
2026-08-16T13:19:25+00:00,KXNFLSEASONRECTD,KXNFLSEASONRECTD-27C6-PNACUA12,Will Puka Nacua record 6+ receiving touchdowns during the 2026-27 Pro Football regular season?,2027-02-02T15:00:00Z,0.02,0.76,0.74,0.39,105.0,2047.0
2026-08-16T13:19:25+00:00,KXNFLSEASONRECTD,KXNFLSEASONRECTD-27C6-NCOLLINS12,Will Nico Collins record 6+ receiving touchdowns during the 2026-27 Pro Football regular season?,2027-02-02T15:00:00Z,0.46,0.64,0.18,0.55,817.0,2523.0
2026-08-16T13:19:25+00:00,KXNFLSEASONRECTD,KXNFLSEASONRECTD-27C6-MWILSON14,Will Michael Wilson record 6+ receiving touchdowns during the 2026-27 Pro Football regular season?,2027-02-02T15:00:00Z,,0.85,,,0.0,1721.0
2026-08-16T13:19:25+00:00,KXNFLSEASONRECTD,KXNFLSEASONRECTD-27C6-MNABERS1,Will Malik Nabers record 6+ receiving touchdowns during the 2026-27 Pro Football regular season?,2027-02-02T15:00:00Z,0.02,0.76,0.74,0.39,105.0,1674.0
2026-08-16T13:19:25+00:00,KXNFLSEASONRECTD,KXNFLSEASONRECTD-27C6-MLEMONWR,Will Makai Lemon record 6+ receiving touchdowns during the 2026-27 Pro Football regular season?,2027-02-02T15:00:00Z,0.02,0.76,0.74,0.39,10005.0,1937.0
2026-08-16T13:19:25+00:00,KXNFLSEASONRECTD,KXNFLSEASONRECTD-27C6-MHARRISON18,Will Marvin Harrison Jr. record 6+ receiving touchdowns during the 2026-27 Pro Football regular season?,2027-02-02T15:00:00Z,,0.85,,,0.0,1811.0
2026-08-16T13:19:25+00:00,KXNFLSEASONRECTD,KXNFLSEASONRECTD-27C6-MEVANS5,Will Mike Evans record 6+ receiving touchdowns during the 2026-27 Pro Football regular season?,2027-02-02T15:00:00Z,0.12,0.64,0.52,0.38,505.0,3212.0
2026-08-16T13:19:25+00:00,KXNFLSEASONRECTD,KXNFLSEASONRECTD-27C6-LMCCONKEY15,Will Ladd McConkey record 6+ receiving touchdowns during the 2026-27 Pro Football regular season?,2027-02-02T15:00:00Z,0.02,0.76,0.74,0.39,105.0,1938.0
2026-08-16T13:19:25+00:00,KXNFLSEASONRECTD,KXNFLSEASONRECTD-27C6-LBURDEN10,Will Luther Burden III record 6+ receiving touchdowns during the 2026-27 Pro Football regular season?,2027-02-02T15:00:00Z,0.21,0.39,0.18,0.3,325.0,3215.52
2026-08-16T13:19:25+00:00,KXNFLSEASONRECTD,KXNFLSEASONRECTD-27C6-KSADIQ18,Will Kenyon Sadiq record 6+ receiving touchdowns during the 2026-27 Pro Football regular season?,2027-02-02T15:00:00Z,,0.85,,,0.0,1707.0
2026-08-16T13:19:25+00:00,KXNFLSEASONRECTD,KXNFLSEASONRECTD-27C6-JWILLIAMS1,Will Jameson Williams record 6+ receiving touchdowns during the 2026-27 Pro Football regular season?,2027-02-02T15:00:00Z,,0.6,,,0.0,2455.0
2026-08-16T13:19:25+00:00,KXNFLSEASONRECTD,KXNFLSEASONRECTD-27C6-JWADDLE17,Will Jaylen Waddle record 6+ receiving touchdowns during the 2026-27 Pro Football regular season?,2027-02-02T15:00:00Z,0.02,0.51,0.49,0.265,105.0,2558.0
2026-08-16T13:19:25+00:00,KXNFLSEASONRECTD,KXNFLSEASONRECTD-27C6-JTYSON0,Will Jordyn Tyson record 6+ receiving touchdowns during the 2026-27 Pro Football regular season?,2027-02-02T15:00:00Z,,0.52,,,0.0,2025.0
2026-08-16T13:19:25+00:00,KXNFLSEASONRECTD,KXNFLSEASONRECTD-27C6-JSMITHNJIGBA11,Will Jaxon Smith-Njigba record 6+ receiving touchdowns during the 2026-27 Pro Football regular season?,2027-02-02T15:00:00Z,0.02,0.76,0.74,0.39,105.0,1671.0
2026-08-16T13:19:25+00:00,KXNFLSEASONRECTD,KXNFLSEASONRECTD-27C6-JJEFFERSON18,Will Justin Jefferson record 6+ receiving touchdowns during the 2026-27 Pro Football regular season?,2027-02-02T15:00:00Z,0.02,0.61,0.59,0.315,105.0,2384.61
2026-08-16T13:19:25+00:00,KXNFLSEASONRECTD,KXNFLSEASONRECTD-27C6-JCHASE1,Will Ja'Marr Chase record 6+ receiving touchdowns during the 2026-27 Pro Football regular season?,2027-02-02T15:00:00Z,0.73,0.84,0.11,0.785,30.0,11666.56
2026-08-16T13:19:25+00:00,KXNFLSEASONRECTD,KXNFLSEASONRECTD-27C6-ILIKELY9,Will Isaiah Likely record 6+ receiving touchdowns during the 2026-27 Pro Football regular season?,2027-02-02T15:00:00Z,,0.85,,,0.0,1728.0
2026-08-16T13:19:25+00:00,KXNFLSEASONRECTD,KXNFLSEASONRECTD-27C6-HFANNIN44,Will Harold Fannin Jr. record 6+ receiving touchdowns during the 2026-27 Pro Football regular season?,2027-02-02T15:00:00Z,,0.85,,,0.0,1729.0
2026-08-16T13:19:25+00:00,KXNFLSEASONRECTD,KXNFLSEASONRECTD-27C6-GWILSON5,Will Garrett Wilson record 6+ receiving touchdowns during the 2026-27 Pro Football regular season?,2027-02-02T15:00:00Z,0.02,0.43,0.41,0.225,105.0,2024.0
2026-08-16T13:19:25+00:00,KXNFLSEASONRECTD,KXNFLSEASONRECTD-27C6-GPICKENS3,Will George Pickens record 6+ receiving touchdowns during the 2026-27 Pro Football regular season?,2027-02-02T15:00:00Z,0.02,0.68,0.66,0.35,105.0,2291.0
2026-08-16T13:19:25+00:00,KXNFLSEASONRECTD,KXNFLSEASONRECTD-27C6-EEGBUKA2,Will Emeka Egbuka record 6+ receiving touchdowns during the 2026-27 Pro Football regular season?,2027-02-02T15:00:00Z,,0.73,,,0.0,2497.0
2026-08-16T13:19:25+00:00,KXNFLSEASONRECTD,KXNFLSEASONRECTD-27C6-DSMITH6,Will DeVonta Smith record 6+ receiving touchdowns during the 2026-27 Pro Football regular season?,2027-02-02T15:00:00Z,0.16,0.52,0.36,0.34,10510.0,2155.29
2026-08-16T13:19:25+00:00,KXNFLSEASONRECTD,KXNFLSEASONRECTD-27C6-DMOORE2,Will DJ Moore record 6+ receiving touchdowns during the 2026-27 Pro Football regular season?,2027-02-02T15:00:00Z,0.1,0.72,0.62,0.41,122.0,2335.09
2026-08-16T13:19:25+00:00,KXNFLSEASONRECTD,KXNFLSEASONRECTD-27C6-DMETCALF4,Will DK Metcalf record 6+ receiving touchdowns during the 2026-27 Pro Football regular season?,2027-02-02T15:00:00Z,0.02,0.76,0.74,0.39,105.0,1676.0
2026-08-16T13:19:25+00:00,KXNFLSEASONRECTD,KXNFLSEASONRECTD-27C6-DLONDON5,Will Drake London record 6+ receiving touchdowns during the 2026-27 Pro Football regular season?,2027-02-02T15:00:00Z,0.02,0.76,0.74,0.39,105.0,1771.0
2026-08-16T13:19:25+00:00,KXNFLSEASONRECTD,KXNFLSEASONRECTD-27C6-DADAMS17,Will Davante Adams record 6+ receiving touchdowns during the 2026-27 Pro Football regular season?,2027-02-02T15:00:00Z,0.02,0.76,0.74,0.39,105.0,1777.0
2026-08-16T13:19:25+00:00,KXNFLSEASONRECTD,KXNFLSEASONRECTD-27C6-CTATE17,Will Carnell Tate record 6+ receiving touchdowns during the 2026-27 Pro Football regular season?,2027-02-02T15:00:00Z,,0.46,,,0.0,2501.0
2026-08-16T13:19:25+00:00,KXNFLSEASONRECTD,KXNFLSEASONRECTD-27C6-COLAVE12,Will Chris Olave record 6+ receiving touchdowns during the 2026-27 Pro Football regular season?,2027-02-02T15:00:00Z,0.02,0.51,0.49,0.265,105.0,1952.0
2026-08-16T13:19:25+00:00,KXNFLSEASONRECTD,KXNFLSEASONRECTD-27C6-CLOVELAND84,Will Colston Loveland record 6+ receiving touchdowns during the 2026-27 Pro Football regular season?,2027-02-02T15:00:00Z,0.58,0.59,0.01,0.585,1152.0,9152.86
2026-08-16T13:19:25+00:00,KXNFLSEASONRECTD,KXNFLSEASONRECTD-27C6-CLAMB88,Will CeeDee Lamb record 6+ receiving touchdowns during the 2026-27 Pro Football regular season?,2027-02-02T15:00:00Z,0.61,0.76,0.15,0.685,6.0,11652.0
2026-08-16T13:19:25+00:00,KXNFLSEASONRECTD,KXNFLSEASONRECTD-27C6-BTHOMAS7,Will Brian Thomas Jr. record 6+ receiving touchdowns during the 2026-27 Pro Football regular season?,2027-02-02T15:00:00Z,0.02,0.76,0.74,0.39,105.0,1677.0
2026-08-16T13:19:25+00:00,KXNFLSEASONRECTD,KXNFLSEASONRECTD-27C6-BBOWERS89,Will Brock Bowers record 6+ receiving touchdowns during the 2026-27 Pro Football regular season?,2027-02-02T15:00:00Z,0.02,0.76,0.74,0.39,105.0,1774.0
2026-08-16T13:19:25+00:00,KXNFLSEASONRECTD,KXNFLSEASONRECTD-27C6-ASTBROWN14,Will Amon-Ra St. Brown record 6+ receiving touchdowns during the 2026-27 Pro Football regular season?,2027-02-02T15:00:00Z,0.61,0.76,0.15,0.685,30.0,11655.0
2026-08-16T13:19:25+00:00,KXNFLSEASONRECTD,KXNFLSEASONRECTD-27C6-ABROWN11,Will A.J. Brown record 6+ receiving touchdowns during the 2026-27 Pro Football regular season?,2027-02-02T15:00:00Z,0.61,0.76,0.15,0.685,25.18,11658.82
2026-08-16T13:19:25+00:00,KXNFLSEASONRECTD,KXNFLSEASONRECTD-27C8-ZFLOWERS4,Will Zay Flowers record 8+ receiving touchdowns during the 2026-27 Pro Football regular season?,2027-02-02T15:00:00Z,0.02,0.28,0.26,0.15,105.0,5121.59
2026-08-16T13:19:25+00:00,KXNFLSEASONRECTD,KXNFLSEASONRECTD-27C8-TWARREN84,Will Tyler Warren record 8+ receiving touchdowns during the 2026-27 Pro Football regular season?,2027-02-02T15:00:00Z,0.07,0.26,0.19,0.165,107.0,5108.37
2026-08-16T13:19:25+00:00,KXNFLSEASONRECTD,KXNFLSEASONRECTD-27C8-TMCMILLAN4,Will Tetairoa McMillan record 8+ receiving touchdowns during the 2026-27 Pro Football regular season?,2027-02-02T15:00:00Z,0.15,0.39,0.24,0.27,156.0,2843.86
2026-08-16T13:19:25+00:00,KXNFLSEASONRECTD,KXNFLSEASONRECTD-27C8-TMCLAURIN17,Will Terry McLaurin record 8+ receiving touchdowns during the 2026-27 Pro Football regular season?,2027-02-02T15:00:00Z,0.15,0.34,0.19,0.245,115.0,2398.01
2026-08-16T13:19:25+00:00,KXNFLSEASONRECTD,KXNFLSEASONRECTD-27C8-TMCBRIDE85,Will Trey McBride record 8+ receiving touchdowns during the 2026-27 Pro Football regular season?,2027-02-02T15:00:00Z,0.02,0.38,0.36,0.2,105.0,2387.62
2026-08-16T13:19:25+00:00,KXNFLSEASONRECTD,KXNFLSEASONRECTD-27C8-TKELCE87,Will Travis Kelce record 8+ receiving touchdowns during the 2026-27 Pro Football regular season?,2027-02-02T15:00:00Z,,0.25,,,0.0,2655.0
2026-08-16T13:19:25+00:00,KXNFLSEASONRECTD,KXNFLSEASONRECTD-27C8-THIGGINS5,Will Tee Higgins record 8+ receiving touchdowns during the 2026-27 Pro Football regular season?,2027-02-02T15:00:00Z,0.1,0.58,0.48,0.34,500.0,4011.0
2026-08-16T13:19:25+00:00,KXNFLSEASONRECTD,KXNFLSEASONRECTD-27C8-SLAPORTA87,Will Sam LaPorta record 8+ receiving touchdowns during the 2026-27 Pro Football regular season?,2027-02-02T15:00:00Z,0.01,0.28,0.27,0.145,79.4,2693.0
2026-08-16T13:19:25+00:00,KXNFLSEASONRECTD,KXNFLSEASONRECTD-27C8-RRICE4,Will Rashee Rice record 8+ receiving touchdowns during the 2026-27 Pro Football regular season?,2027-02-02T15:00:00Z,0.01,0.52,0.51,0.265,100.0,4660.0
2026-08-16T13:19:25+00:00,KXNFLSEASONRECTD,KXNFLSEASONRECTD-27C8-RODUNZE15,Will Rome Odunze record 8+ receiving touchdowns during the 2026-27 Pro Football regular season?,2027-02-02T15:00:00Z,0.26,0.45,0.19,0.355,20.0,2036.16
2026-08-16T13:19:25+00:00,KXNFLSEASONRECTD,KXNFLSEASONRECTD-27C8-PWASHINGTON11,Will Parker Washington record 8+ receiving touchdowns during the 2026-27 Pro Football regular season?,2027-02-02T15:00:00Z,0.15,0.2,0.05,0.175,70.0,5935.0
2026-08-16T13:19:25+00:00,KXNFLSEASONRECTD,KXNFLSEASONRECTD-27C8-PNACUA12,Will Puka Nacua record 8+ receiving touchdowns during the 2026-27 Pro Football regular season?,2027-02-02T15:00:00Z,0.01,0.61,0.6,0.31,100.0,3482.0
2026-08-16T13:19:25+00:00,KXNFLSEASONRECTD,KXNFLSEASONRECTD-27C8-NCOLLINS12,Will Nico Collins record 8+ receiving touchdowns during the 2026-27 Pro Football regular season?,2027-02-02T15:00:00Z,0.01,0.38,0.37,0.195,100.0,2619.8
2026-08-16T13:19:25+00:00,KXNFLSEASONRECTD,KXNFLSEASONRECTD-27C8-MWILSON14,Will Michael Wilson record 8+ receiving touchdowns during the 2026-27 Pro Football regular season?,2027-02-02T15:00:00Z,,0.23,,,0.0,1977.0
2026-08-16T13:19:25+00:00,KXNFLSEASONRECTD,KXNFLSEASONRECTD-27C8-MNABERS1,Will Malik Nabers record 8+ receiving touchdowns during the 2026-27 Pro Football regular season?,2027-02-02T15:00:00Z,0.15,0.41,0.26,0.28,122.0,4961.89
2026-08-16T13:19:25+00:00,KXNFLSEASONRECTD,KXNFLSEASONRECTD-27C8-MLEMONWR,Will Makai Lemon record 8+ receiving touchdowns during the 2026-27 Pro Football regular season?,2027-02-02T15:00:00Z,,0.23,,,0.0,1983.75
2026-08-16T13:19:25+00:00,KXNFLSEASONRECTD,KXNFLSEASONRECTD-27C8-MHARRISON18,Will Marvin Harrison Jr. record 8+ receiving touchdowns during the 2026-27 Pro Football regular season?,2027-02-02T15:00:00Z,0.02,0.26,0.24,0.14,105.0,1858.71
2026-08-16T13:19:25+00:00,KXNFLSEASONRECTD,KXNFLSEASONRECTD-27C8-MEVANS5,Will Mike Evans record 8+ receiving touchdowns during the 2026-27 Pro Football regular season?,2027-02-02T15:00:00Z,0.15,0.39,0.24,0.27,222.0,4977.49
2026-08-16T13:19:25+00:00,KXNFLSEASONRECTD,KXNFLSEASONRECTD-27C8-LMCCONKEY15,Will Ladd McConkey record 8+ receiving touchdowns during the 2026-27 Pro Football regular season?,2027-02-02T15:00:00Z,0.01,0.33,0.32,0.17,100.0,2187.0
2026-08-16T13:19:25+00:00,KXNFLSEASONRECTD,KXNFLSEASONRECTD-27C8-LBURDEN10,Will Luther Burden III record 8+ receiving touchdowns during the 2026-27 Pro Football regular season?,2027-02-02T15:00:00Z,0.22,0.24,0.02,0.23,27.42,2395.45
2026-08-16T13:19:25+00:00,KXNFLSEASONRECTD,KXNFLSEASONRECTD-27C8-KSADIQ18,Will Kenyon Sadiq record 8+ receiving touchdowns during the 2026-27 Pro Football regular season?,2027-02-02T15:00:00Z,,0.17,,,0.0,2032.45
2026-08-16T13:19:25+00:00,KXNFLSEASONRECTD,KXNFLSEASONRECTD-27C8-JWILLIAMS1,Will Jameson Williams record 8+ receiving touchdowns during the 2026-27 Pro Football regular season?,2027-02-02T15:00:00Z,0.04,0.34,0.3,0.19,105.0,2798.0
2026-08-16T13:19:25+00:00,KXNFLSEASONRECTD,KXNFLSEASONRECTD-27C8-JWADDLE17,Will Jaylen Waddle record 8+ receiving touchdowns during the 2026-27 Pro Football regular season?,2027-02-02T15:00:00Z,0.02,0.29,0.27,0.155,105.0,2177.11
2026-08-16T13:19:25+00:00,KXNFLSEASONRECTD,KXNFLSEASONRECTD-27C8-JTYSON0,Will Jordyn Tyson record 8+ receiving touchdowns during the 2026-27 Pro Football regular season?,2027-02-02T15:00:00Z,,0.23,,,0.0,2043.38
2026-08-16T13:19:25+00:00,KXNFLSEASONRECTD,KXNFLSEASONRECTD-27C8-JSMITHNJIGBA11,Will Jaxon Smith-Njigba record 8+ receiving touchdowns during the 2026-27 Pro Football regular season?,2027-02-02T15:00:00Z,0.01,0.61,0.6,0.31,100.0,2859.0
2026-08-16T13:19:25+00:00,KXNFLSEASONRECTD,KXNFLSEASONRECTD-27C8-JJEFFERSON18,Will Justin Jefferson record 8+ receiving touchdowns during the 2026-27 Pro Football regular season?,2027-02-02T15:00:00Z,0.22,0.41,0.19,0.315,160.34,2721.02
2026-08-16T13:19:25+00:00,KXNFLSEASONRECTD,KXNFLSEASONRECTD-27C8-JCHASE1,Will Ja'Marr Chase record 8+ receiving touchdowns during the 2026-27 Pro Football regular season?,2027-02-02T15:00:00Z,0.01,0.81,0.8,0.41,100.0,2373.0
2026-08-16T13:19:25+00:00,KXNFLSEASONRECTD,KXNFLSEASONRECTD-27C8-ILIKELY9,Will Isaiah Likely record 8+ receiving touchdowns during the 2026-27 Pro Football regular season?,2027-02-02T15:00:00Z,,0.2,,,0.0,3209.0
2026-08-16T13:19:25+00:00,KXNFLSEASONRECTD,KXNFLSEASONRECTD-27C8-HFANNIN44,Will Harold Fannin Jr. record 8+ receiving touchdowns during the 2026-27 Pro Football regular season?,2027-02-02T15:00:00Z,,0.21,,,0.0,2445.75
2026-08-16T13:19:25+00:00,KXNFLSEASONRECTD,KXNFLSEASONRECTD-27C8-GWILSON5,Will Garrett Wilson record 8+ receiving touchdowns during the 2026-27 Pro Football regular season?,2027-02-02T15:00:00Z,0.01,0.26,0.25,0.135,100.0,2254.38
2026-08-16T13:19:25+00:00,KXNFLSEASONRECTD,KXNFLSEASONRECTD-27C8-GPICKENS3,Will George Pickens record 8+ receiving touchdowns during the 2026-27 Pro Football regular season?,2027-02-02T15:00:00Z,0.01,0.5,0.49,0.255,100.0,2404.0
2026-08-16T13:19:25+00:00,KXNFLSEASONRECTD,KXNFLSEASONRECTD-27C8-EEGBUKA2,Will Emeka Egbuka record 8+ receiving touchdowns during the 2026-27 Pro Football regular season?,2027-02-02T15:00:00Z,0.25,0.35,0.1,0.3,30.0,5176.49
2026-08-16T13:19:25+00:00,KXNFLSEASONRECTD,KXNFLSEASONRECTD-27C8-DSMITH6,Will DeVonta Smith record 8+ receiving touchdowns during the 2026-27 Pro Football regular season?,2027-02-02T15:00:00Z,0.21,0.3,0.09,0.255,10.0,5018.66
2026-08-16T13:19:25+00:00,KXNFLSEASONRECTD,KXNFLSEASONRECTD-27C8-DMOORE2,Will DJ Moore record 8+ receiving touchdowns during the 2026-27 Pro Football regular season?,2027-02-02T15:00:00Z,0.15,0.35,0.2,0.25,122.0,5610.47
2026-08-16T13:19:25+00:00,KXNFLSEASONRECTD,KXNFLSEASONRECTD-27C8-DMETCALF4,Will DK Metcalf record 8+ receiving touchdowns during the 2026-27 Pro Football regular season?,2027-02-02T15:00:00Z,0.01,0.27,0.26,0.14,100.0,2288.0
2026-08-16T13:19:25+00:00,KXNFLSEASONRECTD,KXNFLSEASONRECTD-27C8-DLONDON5,Will Drake London record 8+ receiving touchdowns during the 2026-27 Pro Football regular season?,2027-02-02T15:00:00Z,0.01,0.47,0.46,0.24,100.0,2151.0
2026-08-16T13:19:25+00:00,KXNFLSEASONRECTD,KXNFLSEASONRECTD-27C8-DADAMS17,Will Davante Adams record 8+ receiving touchdowns during the 2026-27 Pro Football regular season?,2027-02-02T15:00:00Z,0.15,0.71,0.56,0.43,122.0,2804.01
2026-08-16T13:19:25+00:00,KXNFLSEASONRECTD,KXNFLSEASONRECTD-27C8-CTATE17,Will Carnell Tate record 8+ receiving touchdowns during the 2026-27 Pro Football regular season?,2027-02-02T15:00:00Z,0.01,0.21,0.2,0.11,100.0,5188.0
2026-08-16T13:19:25+00:00,KXNFLSEASONRECTD,KXNFLSEASONRECTD-27C8-COLAVE12,Will Chris Olave record 8+ receiving touchdowns during the 2026-27 Pro Football regular season?,2027-02-02T15:00:00Z,0.15,0.34,0.19,0.245,122.0,2236.0
2026-08-16T13:19:25+00:00,KXNFLSEASONRECTD,KXNFLSEASONRECTD-27C8-CLOVELAND84,Will Colston Loveland record 8+ receiving touchdowns during the 2026-27 Pro Football regular season?,2027-02-02T15:00:00Z,0.31,0.34,0.03,0.325,573.4,3493.73
2026-08-16T13:19:25+00:00,KXNFLSEASONRECTD,KXNFLSEASONRECTD-27C8-CLAMB88,Will CeeDee Lamb record 8+ receiving touchdowns during the 2026-27 Pro Football regular season?,2027-02-02T15:00:00Z,0.01,0.54,0.53,0.275,100.0,1996.38
2026-08-16T13:19:25+00:00,KXNFLSEASONRECTD,KXNFLSEASONRECTD-27C8-BTHOMAS7,Will Brian Thomas Jr. record 8+ receiving touchdowns during the 2026-27 Pro Football regular season?,2027-02-02T15:00:00Z,0.01,0.21,0.2,0.11,100.0,2854.0
2026-08-16T13:19:25+00:00,KXNFLSEASONRECTD,KXNFLSEASONRECTD-27C8-BBOWERS89,Will Brock Bowers record 8+ receiving touchdowns during the 2026-27 Pro Football regular season?,2027-02-02T15:00:00Z,0.15,0.41,0.26,0.28,133.0,5067.3
2026-08-16T13:19:25+00:00,KXNFLSEASONRECTD,KXNFLSEASONRECTD-27C8-ASTBROWN14,Will Amon-Ra St. Brown record 8+ receiving touchdowns during the 2026-27 Pro Football regular season?,2027-02-02T15:00:00Z,0.02,0.73,0.71,0.375,102.0,2308.0
2026-08-16T13:19:25+00:00,KXNFLSEASONRECTD,KXNFLSEASONRECTD-27C8-ABROWN11,Will A.J. Brown record 8+ receiving touchdowns during the 2026-27 Pro Football regular season?,2027-02-02T15:00:00Z,0.43,0.44,0.01,0.435,1891.99,23527.51
2026-08-16T13:19:25+00:00,KXNFLSEASONRSHTD,KXNFLSEASONRSHTD-27C16-SBARKLEY26,Will Saquon Barkley record 16+ rushing touchdowns during the 2026-27 Pro Football regular season?,2027-02-02T15:00:00Z,,0.3,,,0.0,1449.0
2026-08-16T13:19:25+00:00,KXNFLSEASONRSHTD,KXNFLSEASONRSHTD-27C16-OHAMPTON8,Will Omarion Hampton record 16+ rushing touchdowns during the 2026-27 Pro Football regular season?,2027-02-02T15:00:00Z,,0.15,,,0.0,2363.08
2026-08-16T13:19:25+00:00,KXNFLSEASONRSHTD,KXNFLSEASONRSHTD-27C16-KWALKER9,Will Kenneth Walker III record 16+ rushing touchdowns during the 2026-27 Pro Football regular season?,2027-02-02T15:00:00Z,,0.2,,,0.0,1371.0
2026-08-16T13:19:25+00:00,KXNFLSEASONRSHTD,KXNFLSEASONRSHTD-27C16-JWILLIAMS33,Will Javonte Williams record 16+ rushing touchdowns during the 2026-27 Pro Football regular season?,2027-02-02T15:00:00Z,,0.2,,,0.0,1248.0
2026-08-16T13:19:25+00:00,KXNFLSEASONRSHTD,KXNFLSEASONRSHTD-27C16-JTAYLOR28,Will Jonathan Taylor record 16+ rushing touchdowns during the 2026-27 Pro Football regular season?,2027-02-02T15:00:00Z,,0.31,,,0.0,2384.23
2026-08-16T13:19:25+00:00,KXNFLSEASONRSHTD,KXNFLSEASONRSHTD-27C16-JLOVE4,Will Jeremiyah Love record 16+ rushing touchdowns during the 2026-27 Pro Football regular season?,2027-02-02T15:00:00Z,,0.1,,,0.0,6041.0
2026-08-16T13:19:25+00:00,KXNFLSEASONRSHTD,KXNFLSEASONRSHTD-27C16-JGIBBS0,Will Jahmyr Gibbs record 16+ rushing touchdowns during the 2026-27 Pro Football regular season?,2027-02-02T15:00:00Z,0.13,0.33,0.2,0.23,615.0,1925.98
2026-08-16T13:19:25+00:00,KXNFLSEASONRSHTD,KXNFLSEASONRSHTD-27C16-JCOOK4,Will James Cook III record 16+ rushing touchdowns during the 2026-27 Pro Football regular season?,2027-02-02T15:00:00Z,,0.3,,,0.0,1276.0
2026-08-16T13:19:25+00:00,KXNFLSEASONRSHTD,KXNFLSEASONRSHTD-27C16-DHENRY22,Will Derrick Henry record 16+ rushing touchdowns during the 2026-27 Pro Football regular season?,2027-02-02T15:00:00Z,,0.31,,,0.0,1091.0
2026-08-16T13:19:25+00:00,KXNFLSEASONRSHTD,KXNFLSEASONRSHTD-27C16-DACHANE28,Will De'Von Achane record 16+ rushing touchdowns during the 2026-27 Pro Football regular season?,2027-02-02T15:00:00Z,,0.3,,,0.0,1443.0
2026-08-16T13:19:25+00:00,KXNFLSEASONRSHTD,KXNFLSEASONRSHTD-27C16-CMCCAFFREY23,Will Christian McCaffrey record 16+ rushing touchdowns during the 2026-27 Pro Football regular season?,2027-02-02T15:00:00Z,,0.3,,,0.0,1382.0
2026-08-16T13:19:25+00:00,KXNFLSEASONRSHTD,KXNFLSEASONRSHTD-27C16-CBROWN30,Will Chase Brown record 16+ rushing touchdowns during the 2026-27 Pro Football regular season?,2027-02-02T15:00:00Z,,0.2,,,0.0,1169.0
2026-08-16T13:19:25+00:00,KXNFLSEASONRSHTD,KXNFLSEASONRSHTD-27C16-BROBINSON7,Will Bijan Robinson record 16+ rushing touchdowns during the 2026-27 Pro Football regular season?,2027-02-02T15:00:00Z,,0.2,,,0.0,3002.2
2026-08-16T13:19:25+00:00,KXNFLSEASONRSHTD,KXNFLSEASONRSHTD-27C16-BHALL20,Will Breece Hall record 16+ rushing touchdowns during the 2026-27 Pro Football regular season?,2027-02-02T15:00:00Z,,0.15,,,0.0,2834.0
2026-08-16T13:19:25+00:00,KXNFLSEASONRSHTD,KXNFLSEASONRSHTD-27C16-AJEANTY2,Will Ashton Jeanty record 16+ rushing touchdowns during the 2026-27 Pro Football regular season?,2027-02-02T15:00:00Z,,0.15,,,0.0,4794.09
2026-08-16T13:19:25+00:00,KXNFLSEASONRSHTD,KXNFLSEASONRSHTD-27C14-THENDERSON32,Will TreVeyon Henderson record 14+ rushing touchdowns during the 2026-27 Pro Football regular season?,2027-02-02T15:00:00Z,,0.13,,,0.0,4639.0
2026-08-16T13:19:25+00:00,KXNFLSEASONRSHTD,KXNFLSEASONRSHTD-27C14-TETIENNE3,Will Travis Etienne Jr. record 14+ rushing touchdowns during the 2026-27 Pro Football regular season?,2027-02-02T15:00:00Z,,0.13,,,0.0,5746.0
2026-08-16T13:19:25+00:00,KXNFLSEASONRSHTD,KXNFLSEASONRSHTD-27C14-SBARKLEY26,Will Saquon Barkley record 14+ rushing touchdowns during the 2026-27 Pro Football regular season?,2027-02-02T15:00:00Z,,0.21,,,0.0,6370.0
2026-08-16T13:19:25+00:00,KXNFLSEASONRSHTD,KXNFLSEASONRSHTD-27C14-QJUDKINS10,Will Quinshon Judkins record 14+ rushing touchdowns during the 2026-27 Pro Football regular season?,2027-02-02T15:00:00Z,,0.13,,,0.0,6337.0
2026-08-16T13:19:25+00:00,KXNFLSEASONRSHTD,KXNFLSEASONRSHTD-27C14-OHAMPTON8,Will Omarion Hampton record 14+ rushing touchdowns during the 2026-27 Pro Football regular season?,2027-02-02T15:00:00Z,,0.21,,,0.0,4794.0
2026-08-16T13:19:25+00:00,KXNFLSEASONRSHTD,KXNFLSEASONRSHTD-27C14-KWILLIAMS23,Will Kyren Williams record 14+ rushing touchdowns during the 2026-27 Pro Football regular season?,2027-02-02T15:00:00Z,,0.29,,,0.0,2868.0
2026-08-16T13:19:25+00:00,KXNFLSEASONRSHTD,KXNFLSEASONRSHTD-27C14-KWALKER9,Will Kenneth Walker III record 14+ rushing touchdowns during the 2026-27 Pro Football regular season?,2027-02-02T15:00:00Z,,0.21,,,0.0,6313.0
2026-08-16T13:19:25+00:00,KXNFLSEASONRSHTD,KXNFLSEASONRSHTD-27C14-JWILLIAMS33,Will Javonte Williams record 14+ rushing touchdowns during the 2026-27 Pro Football regular season?,2027-02-02T15:00:00Z,,0.3,,,0.0,6338.0
2026-08-16T13:19:25+00:00,KXNFLSEASONRSHTD,KXNFLSEASONRSHTD-27C14-JTAYLOR28,Will Jonathan Taylor record 14+ rushing touchdowns during the 2026-27 Pro Football regular season?,2027-02-02T15:00:00Z,,0.3,,,0.0,6337.0
2026-08-16T13:19:25+00:00,KXNFLSEASONRSHTD,KXNFLSEASONRSHTD-27C14-JPRICE8,Will Jadarian Price record 14+ rushing touchdowns during the 2026-27 Pro Football regular season?,2027-02-02T15:00:00Z,,0.13,,,0.0,1343.0
2026-08-16T13:19:25+00:00,KXNFLSEASONRSHTD,KXNFLSEASONRSHTD-27C14-JLOVE4,Will Jeremiyah Love record 14+ rushing touchdowns during the 2026-27 Pro Football regular season?,2027-02-02T15:00:00Z,,0.13,,,0.0,6340.0
2026-08-16T13:19:25+00:00,KXNFLSEASONRSHTD,KXNFLSEASONRSHTD-27C14-JJACOBS8,Will Josh Jacobs record 14+ rushing touchdowns during the 2026-27 Pro Football regular season?,2027-02-02T15:00:00Z,,0.29,,,0.0,4341.0
2026-08-16T13:19:25+00:00,KXNFLSEASONRSHTD,KXNFLSEASONRSHTD-27C14-JGIBBS0,Will Jahmyr Gibbs record 14+ rushing touchdowns during the 2026-27 Pro Football regular season?,2027-02-02T15:00:00Z,0.27,0.46,0.19,0.365,1105.86,5706.0
2026-08-16T13:19:25+00:00,KXNFLSEASONRSHTD,KXNFLSEASONRSHTD-27C14-JCOOK4,Will James Cook III record 14+ rushing touchdowns during the 2026-27 Pro Football regular season?,2027-02-02T15:00:00Z,,0.3,,,0.0,3672.0
2026-08-16T13:19:25+00:00,KXNFLSEASONRSHTD,KXNFLSEASONRSHTD-27C14-JALLEN17,Will Josh Allen record 14+ rushing touchdowns during the 2026-27 Pro Football regular season?,2027-02-02T15:00:00Z,,0.31,,,0.0,4624.0
2026-08-16T13:19:25+00:00,KXNFLSEASONRSHTD,KXNFLSEASONRSHTD-27C14-DMONTGOMERY32,Will David Montgomery record 14+ rushing touchdowns during the 2026-27 Pro Football regular season?,2027-02-02T15:00:00Z,,0.14,,,0.0,2261.0
2026-08-16T13:19:25+00:00,KXNFLSEASONRSHTD,KXNFLSEASONRSHTD-27C14-DHENRY22,Will Derrick Henry record 14+ rushing touchdowns during the 2026-27 Pro Football regular season?,2027-02-02T15:00:00Z,,0.44,,,0.0,2049.0
2026-08-16T13:19:25+00:00,KXNFLSEASONRSHTD,KXNFLSEASONRSHTD-27C14-DACHANE28,Will De'Von Achane record 14+ rushing touchdowns during the 2026-27 Pro Football regular season?,2027-02-02T15:00:00Z,,0.13,,,0.0,3036.0
2026-08-16T13:19:25+00:00,KXNFLSEASONRSHTD,KXNFLSEASONRSHTD-27C14-CSKATTEBO44,Will Cam Skattebo record 14+ rushing touchdowns during the 2026-27 Pro Football regular season?,2027-02-02T15:00:00Z,,0.15,,,0.0,4617.81
2026-08-16T13:19:25+00:00,KXNFLSEASONRSHTD,KXNFLSEASONRSHTD-27C14-CMCCAFFREY23,Will Christian McCaffrey record 14+ rushing touchdowns during the 2026-27 Pro Football regular season?,2027-02-02T15:00:00Z,,0.21,,,0.0,4265.0
2026-08-16T13:19:25+00:00,KXNFLSEASONRSHTD,KXNFLSEASONRSHTD-27C14-CBROWN30,Will Chase Brown record 14+ rushing touchdowns during the 2026-27 Pro Football regular season?,2027-02-02T15:00:00Z,,0.13,,,0.0,6347.0
2026-08-16T13:19:25+00:00,KXNFLSEASONRSHTD,KXNFLSEASONRSHTD-27C14-BROBINSON7,Will Bijan Robinson record 14+ rushing touchdowns during the 2026-27 Pro Football regular season?,2027-02-02T15:00:00Z,,0.22,,,0.0,6048.0
2026-08-16T13:19:25+00:00,KXNFLSEASONRSHTD,KXNFLSEASONRSHTD-27C14-BIRVING7,Will Bucky Irving record 14+ rushing touchdowns during the 2026-27 Pro Football regular season?,2027-02-02T15:00:00Z,,0.08,,,0.0,4796.0
2026-08-16T13:19:25+00:00,KXNFLSEASONRSHTD,KXNFLSEASONRSHTD-27C14-BHALL20,Will Breece Hall record 14+ rushing touchdowns during the 2026-27 Pro Football regular season?,2027-02-02T15:00:00Z,,0.13,,,0.0,4114.0
2026-08-16T13:19:25+00:00,KXNFLSEASONRSHTD,KXNFLSEASONRSHTD-27C14-AJEANTY2,Will Ashton Jeanty record 14+ rushing touchdowns during the 2026-27 Pro Football regular season?,2027-02-02T15:00:00Z,,0.14,,,0.0,3472.19
2026-08-16T13:19:25+00:00,KXNFLSEASONRSHTD,KXNFLSEASONRSHTD-27C12-TPOLLARD20,Will Tony Pollard record 12+ rushing touchdowns during the 2026-27 Pro Football regular season?,2027-02-02T15:00:00Z,,0.18,,,0.0,6349.0
2026-08-16T13:19:25+00:00,KXNFLSEASONRSHTD,KXNFLSEASONRSHTD-27C12-THENDERSON32,Will TreVeyon Henderson record 12+ rushing touchdowns during the 2026-27 Pro Football regular season?,2027-02-02T15:00:00Z,,0.13,,,0.0,6309.0
2026-08-16T13:19:25+00:00,KXNFLSEASONRSHTD,KXNFLSEASONRSHTD-27C12-TETIENNE3,Will Travis Etienne Jr. record 12+ rushing touchdowns during the 2026-27 Pro Football regular season?,2027-02-02T15:00:00Z,,0.13,,,0.0,6323.0
2026-08-16T13:19:25+00:00,KXNFLSEASONRSHTD,KXNFLSEASONRSHTD-27C12-SBARKLEY26,Will Saquon Barkley record 12+ rushing touchdowns during the 2026-27 Pro Football regular season?,2027-02-02T15:00:00Z,,0.28,,,0.0,2918.0
2026-08-16T13:19:25+00:00,KXNFLSEASONRSHTD,KXNFLSEASONRSHTD-27C12-RSTEVENSON38,Will Rhamondre Stevenson record 12+ rushing touchdowns during the 2026-27 Pro Football regular season?,2027-02-02T15:00:00Z,,0.18,,,0.0,6312.0
2026-08-16T13:19:25+00:00,KXNFLSEASONRSHTD,KXNFLSEASONRSHTD-27C12-RHARVEY12,Will RJ Harvey record 12+ rushing touchdowns during the 2026-27 Pro Football regular season?,2027-02-02T15:00:00Z,,0.09,,,0.0,5860.0
2026-08-16T13:19:25+00:00,KXNFLSEASONRSHTD,KXNFLSEASONRSHTD-27C12-QJUDKINS10,Will Quinshon Judkins record 12+ rushing touchdowns during the 2026-27 Pro Football regular season?,2027-02-02T15:00:00Z,,0.18,,,0.0,6016.0
2026-08-16T13:19:25+00:00,KXNFLSEASONRSHTD,KXNFLSEASONRSHTD-27C12-OHAMPTON8,Will Omarion Hampton record 12+ rushing touchdowns during the 2026-27 Pro Football regular season?,2027-02-02T15:00:00Z,0.02,0.32,0.3,0.17,1113.81,5365.29
2026-08-16T13:19:25+00:00,KXNFLSEASONRSHTD,KXNFLSEASONRSHTD-27C12-LJACKSON8,Will Lamar Jackson record 12+ rushing touchdowns during the 2026-27 Pro Football regular season?,2027-02-02T15:00:00Z,,0.1,,,0.0,5994.0
2026-08-16T13:19:25+00:00,KXNFLSEASONRSHTD,KXNFLSEASONRSHTD-27C12-KWILLIAMS23,Will Kyren Williams record 12+ rushing touchdowns during the 2026-27 Pro Football regular season?,2027-02-02T15:00:00Z,,0.34,,,0.0,2353.0
2026-08-16T13:19:25+00:00,KXNFLSEASONRSHTD,KXNFLSEASONRSHTD-27C12-KWALKER9,Will Kenneth Walker III record 12+ rushing touchdowns during the 2026-27 Pro Football regular season?,2027-02-02T15:00:00Z,0.15,0.24,0.09,0.195,125.0,6133.18
2026-08-16T13:19:25+00:00,KXNFLSEASONRSHTD,KXNFLSEASONRSHTD-27C12-KMURRAY1,Will Kyler Murray record 12+ rushing touchdowns during the 2026-27 Pro Football regular season?,2027-02-02T15:00:00Z,,0.09,,,0.0,5058.0
2026-08-16T13:19:25+00:00,KXNFLSEASONRSHTD,KXNFLSEASONRSHTD-27C12-JWILLIAMS33,Will Javonte Williams record 12+ rushing touchdowns during the 2026-27 Pro Football regular season?,2027-02-02T15:00:00Z,,0.34,,,0.0,4844.0
2026-08-16T13:19:25+00:00,KXNFLSEASONRSHTD,KXNFLSEASONRSHTD-27C12-JWARREN30,Will Jaylen Warren record 12+ rushing touchdowns during the 2026-27 Pro Football regular season?,2027-02-02T15:00:00Z,,0.13,,,0.0,6046.0
2026-08-16T13:19:25+00:00,KXNFLSEASONRSHTD,KXNFLSEASONRSHTD-27C12-JTAYLOR28,Will Jonathan Taylor record 12+ rushing touchdowns during the 2026-27 Pro Football regular season?,2027-02-02T15:00:00Z,,0.54,,,0.0,4388.0
2026-08-16T13:19:25+00:00,KXNFLSEASONRSHTD,KXNFLSEASONRSHTD-27C12-JPRICE8,Will Jadarian Price record 12+ rushing touchdowns during the 2026-27 Pro Football regular season?,2027-02-02T15:00:00Z,,0.18,,,0.0,1143.0
2026-08-16T13:19:25+00:00,KXNFLSEASONRSHTD,KXNFLSEASONRSHTD-27C12-JLOVE4,Will Jeremiyah Love record 12+ rushing touchdowns during the 2026-27 Pro Football regular season?,2027-02-02T15:00:00Z,,0.18,,,0.0,5925.33
2026-08-16T13:19:25+00:00,KXNFLSEASONRSHTD,KXNFLSEASONRSHTD-27C12-JJACOBS8,Will Josh Jacobs record 12+ rushing touchdowns during the 2026-27 Pro Football regular season?,2027-02-02T15:00:00Z,,0.43,,,0.0,3005.0
2026-08-16T13:19:25+00:00,KXNFLSEASONRSHTD,KXNFLSEASONRSHTD-27C12-JGIBBS0,Will Jahmyr Gibbs record 12+ rushing touchdowns during the 2026-27 Pro Football regular season?,2027-02-02T15:00:00Z,0.11,0.61,0.5,0.36,514.05,2699.19
2026-08-16T13:19:25+00:00,KXNFLSEASONRSHTD,KXNFLSEASONRSHTD-27C12-JCOOK4,Will James Cook III record 12+ rushing touchdowns during the 2026-27 Pro Football regular season?,2027-02-02T15:00:00Z,,0.39,,,0.0,6186.77
2026-08-16T13:19:25+00:00,KXNFLSEASONRSHTD,KXNFLSEASONRSHTD-27C12-JALLEN17,Will Josh Allen record 12+ rushing touchdowns during the 2026-27 Pro Football regular season?,2027-02-02T15:00:00Z,,0.43,,,0.0,6028.89
2026-08-16T13:19:25+00:00,KXNFLSEASONRSHTD,KXNFLSEASONRSHTD-27C12-FMENDOZA15,Will Fernando Mendoza record 12+ rushing touchdowns during the 2026-27 Pro Football regular season?,2027-02-02T15:00:00Z,,0.04,,,0.0,6521.48
2026-08-16T13:19:25+00:00,KXNFLSEASONRSHTD,KXNFLSEASONRSHTD-27C12-DMONTGOMERY32,Will David Montgomery record 12+ rushing touchdowns during the 2026-27 Pro Football regular season?,2027-02-02T15:00:00Z,,0.23,,,0.0,2883.16
2026-08-16T13:19:25+00:00,KXNFLSEASONRSHTD,KXNFLSEASONRSHTD-27C12-DMAYE10,Will Drake Maye record 12+ rushing touchdowns during the 2026-27 Pro Football regular season?,2027-02-02T15:00:00Z,,0.13,,,0.0,4543.0
2026-08-16T13:19:25+00:00,KXNFLSEASONRSHTD,KXNFLSEASONRSHTD-27C12-DJONES17,Will Daniel Jones record 12+ rushing touchdowns during the 2026-27 Pro Football regular season?,2027-02-02T15:00:00Z,,0.08,,,0.0,5886.0
2026-08-16T13:19:25+00:00,KXNFLSEASONRSHTD,KXNFLSEASONRSHTD-27C12-DHENRY22,Will Derrick Henry record 12+ rushing touchdowns during the 2026-27 Pro Football regular season?,2027-02-02T15:00:00Z,,0.59,,,0.0,2045.0
2026-08-16T13:19:25+00:00,KXNFLSEASONRSHTD,KXNFLSEASONRSHTD-27C12-DACHANE28,Will De'Von Achane record 12+ rushing touchdowns during the 2026-27 Pro Football regular season?,2027-02-02T15:00:00Z,,0.13,,,0.0,5611.0
2026-08-16T13:19:25+00:00,KXNFLSEASONRSHTD,KXNFLSEASONRSHTD-27C12-CSKATTEBO44,Will Cam Skattebo record 12+ rushing touchdowns during the 2026-27 Pro Football regular season?,2027-02-02T15:00:00Z,,0.12,,,0.0,6304.43
2026-08-16T13:19:25+00:00,KXNFLSEASONRSHTD,KXNFLSEASONRSHTD-27C12-CMCCAFFREY23,Will Christian McCaffrey record 12+ rushing touchdowns during the 2026-27 Pro Football regular season?,2027-02-02T15:00:00Z,,0.33,,,0.0,6119.0
2026-08-16T13:19:25+00:00,KXNFLSEASONRSHTD,KXNFLSEASONRSHTD-27C12-CHUBBARD30,Will Chuba Hubbard record 12+ rushing touchdowns during the 2026-27 Pro Football regular season?,2027-02-02T15:00:00Z,,0.18,,,0.0,4741.0
2026-08-16T13:19:25+00:00,KXNFLSEASONRSHTD,KXNFLSEASONRSHTD-27C12-CBROWN30,Will Chase Brown record 12+ rushing touchdowns during the 2026-27 Pro Football regular season?,2027-02-02T15:00:00Z,,0.18,,,0.0,4246.0
2026-08-16T13:19:25+00:00,KXNFLSEASONRSHTD,KXNFLSEASONRSHTD-27C12-BTUTEN33,Will Bhayshul Tuten record 12+ rushing touchdowns during the 2026-27 Pro Football regular season?,2027-02-02T15:00:00Z,,0.18,,,0.0,6321.0
2026-08-16T13:19:25+00:00,KXNFLSEASONRSHTD,KXNFLSEASONRSHTD-27C12-BROBINSON7,Will Bijan Robinson record 12+ rushing touchdowns during the 2026-27 Pro Football regular season?,2027-02-02T15:00:00Z,,0.29,,,0.0,3787.0
2026-08-16T13:19:25+00:00,KXNFLSEASONRSHTD,KXNFLSEASONRSHTD-27C12-BIRVING7,Will Bucky Irving record 12+ rushing touchdowns during the 2026-27 Pro Football regular season?,2027-02-02T15:00:00Z,,0.13,,,0.0,6286.0
2026-08-16T13:19:25+00:00,KXNFLSEASONRSHTD,KXNFLSEASONRSHTD-27C12-BHALL20,Will Breece Hall record 12+ rushing touchdowns during the 2026-27 Pro Football regular season?,2027-02-02T15:00:00Z,,0.27,,,0.0,4732.0
2026-08-16T13:19:25+00:00,KXNFLSEASONRSHTD,KXNFLSEASONRSHTD-27C12-AJONES33,Will Aaron Jones Sr. record 12+ rushing touchdowns during the 2026-27 Pro Football regular season?,2027-02-02T15:00:00Z,,0.09,,,0.0,6490.0
2026-08-16T13:19:25+00:00,KXNFLSEASONRSHTD,KXNFLSEASONRSHTD-27C12-AJEANTY2,Will Ashton Jeanty record 12+ rushing touchdowns during the 2026-27 Pro Football regular season?,2027-02-02T15:00:00Z,0.14,0.2,0.06,0.17,0.4,1579.66
2026-08-16T13:19:25+00:00,KXNFLSEASONRSHTD,KXNFLSEASONRSHTD-27C10-ZCHARBONNET26,Will Zach Charbonnet record 10+ rushing touchdowns during the 2026-27 Pro Football regular season?,2027-02-02T15:00:00Z,,0.23,,,0.0,1961.12
2026-08-16T13:19:25+00:00,KXNFLSEASONRSHTD,KXNFLSEASONRSHTD-27C10-WMARKS4,Will Woody Marks record 10+ rushing touchdowns during the 2026-27 Pro Football regular season?,2027-02-02T15:00:00Z,,0.15,,,0.0,3384.0
2026-08-16T13:19:25+00:00,KXNFLSEASONRSHTD,KXNFLSEASONRSHTD-27C10-TPOLLARD20,Will Tony Pollard record 10+ rushing touchdowns during the 2026-27 Pro Football regular season?,2027-02-02T15:00:00Z,,0.2,,,0.0,3376.0
2026-08-16T13:19:25+00:00,KXNFLSEASONRSHTD,KXNFLSEASONRSHTD-27C10-THENDERSON32,Will TreVeyon Henderson record 10+ rushing touchdowns during the 2026-27 Pro Football regular season?,2027-02-02T15:00:00Z,0.11,0.26,0.15,0.185,505.0,2265.0
2026-08-16T13:19:25+00:00,KXNFLSEASONRSHTD,KXNFLSEASONRSHTD-27C10-TETIENNE3,Will Travis Etienne Jr. record 10+ rushing touchdowns during the 2026-27 Pro Football regular season?,2027-02-02T15:00:00Z,,0.2,,,0.0,2858.29
2026-08-16T13:19:25+00:00,KXNFLSEASONRSHTD,KXNFLSEASONRSHTD-27C10-TALLGEIER22,Will Tyler Allgeier record 10+ rushing touchdowns during the 2026-27 Pro Football regular season?,2027-02-02T15:00:00Z,,0.15,,,0.0,2838.0
2026-08-16T13:19:25+00:00,KXNFLSEASONRSHTD,KXNFLSEASONRSHTD-27C10-SBARKLEY26,Will Saquon Barkley record 10+ rushing touchdowns during the 2026-27 Pro Football regular season?,2027-02-02T15:00:00Z,0.02,0.42,0.4,0.22,10005.0,1412.0
2026-08-16T13:19:25+00:00,KXNFLSEASONRSHTD,KXNFLSEASONRSHTD-27C10-RSTEVENSON38,Will Rhamondre Stevenson record 10+ rushing touchdowns during the 2026-27 Pro Football regular season?,2027-02-02T15:00:00Z,,0.23,,,0.0,3470.0
2026-08-16T13:19:25+00:00,KXNFLSEASONRSHTD,KXNFLSEASONRSHTD-27C10-RHARVEY12,Will RJ Harvey record 10+ rushing touchdowns during the 2026-27 Pro Football regular season?,2027-02-02T15:00:00Z,0.02,0.24,0.22,0.13,55.0,2904.0
2026-08-16T13:19:25+00:00,KXNFLSEASONRSHTD,KXNFLSEASONRSHTD-27C10-QJUDKINS10,Will Quinshon Judkins record 10+ rushing touchdowns during the 2026-27 Pro Football regular season?,2027-02-02T15:00:00Z,0.17,0.3,0.13,0.235,924.5,3809.0
2026-08-16T13:19:25+00:00,KXNFLSEASONRSHTD,KXNFLSEASONRSHTD-27C10-OHAMPTON8,Will Omarion Hampton record 10+ rushing touchdowns during the 2026-27 Pro Football regular season?,2027-02-02T15:00:00Z,0.11,0.43,0.32,0.27,2380.0,6743.26
2026-08-16T13:19:25+00:00,KXNFLSEASONRSHTD,KXNFLSEASONRSHTD-27C10-MWASHINGTON30,Will Mike Washington Jr. record 10+ rushing touchdowns during the 2026-27 Pro Football regular season?,2027-02-02T15:00:00Z,,0.1,,,0.0,1564.0
2026-08-16T13:19:25+00:00,KXNFLSEASONRSHTD,KXNFLSEASONRSHTD-27C10-LJACKSON8,Will Lamar Jackson record 10+ rushing touchdowns during the 2026-27 Pro Football regular season?,2027-02-02T15:00:00Z,0.05,0.16,0.11,0.105,538.08,1458.24
2026-08-16T13:19:25+00:00,KXNFLSEASONRSHTD,KXNFLSEASONRSHTD-27C10-KWILLIAMS23,Will Kyren Williams record 10+ rushing touchdowns during the 2026-27 Pro Football regular season?,2027-02-02T15:00:00Z,0.48,0.56,0.08,0.52,347.0,1961.0
2026-08-16T13:19:25+00:00,KXNFLSEASONRSHTD,KXNFLSEASONRSHTD-27C10-KWALKER9,Will Kenneth Walker III record 10+ rushing touchdowns during the 2026-27 Pro Football regular season?,2027-02-02T15:00:00Z,0.02,0.4,0.38,0.21,4102.0,3639.42
2026-08-16T13:19:25+00:00,KXNFLSEASONRSHTD,KXNFLSEASONRSHTD-27C10-KMURRAY1,Will Kyler Murray record 10+ rushing touchdowns during the 2026-27 Pro Football regular season?,2027-02-02T15:00:00Z,,0.1,,,0.0,1869.97
2026-08-16T13:19:25+00:00,KXNFLSEASONRSHTD,KXNFLSEASONRSHTD-27C10-KMONANGAI25,Will Kyle Monangai record 10+ rushing touchdowns during the 2026-27 Pro Football regular season?,2027-02-02T15:00:00Z,0.07,0.19,0.12,0.13,5556.0,1278.0
2026-08-16T13:19:25+00:00,KXNFLSEASONRSHTD,KXNFLSEASONRSHTD-27C10-KGAINWELLRB,Will Kenneth Gainwell record 10+ rushing touchdowns during the 2026-27 Pro Football regular season?,2027-02-02T15:00:00Z,,0.1,,,0.0,3855.0
2026-08-16T13:19:25+00:00,KXNFLSEASONRSHTD,KXNFLSEASONRSHTD-27C10-KBLACKRB,Will Kaelon Black record 10+ rushing touchdowns during the 2026-27 Pro Football regular season?,2027-02-02T15:00:00Z,,0.1,,,0.0,1284.0
2026-08-16T13:19:25+00:00,KXNFLSEASONRSHTD,KXNFLSEASONRSHTD-27C10-JWILLIAMS33,Will Javonte Williams record 10+ rushing touchdowns during the 2026-27 Pro Football regular season?,2027-02-02T15:00:00Z,0.02,0.55,0.53,0.285,5465.0,858.0
2026-08-16T13:19:25+00:00,KXNFLSEASONRSHTD,KXNFLSEASONRSHTD-27C10-JWARREN30,Will Jaylen Warren record 10+ rushing touchdowns during the 2026-27 Pro Football regular season?,2027-02-02T15:00:00Z,,0.2,,,0.0,2206.0
2026-08-16T13:19:25+00:00,KXNFLSEASONRSHTD,KXNFLSEASONRSHTD-27C10-JTAYLOR28,Will Jonathan Taylor record 10+ rushing touchdowns during the 2026-27 Pro Football regular season?,2027-02-02T15:00:00Z,0.03,0.74,0.71,0.385,55.0,958.0
2026-08-16T13:19:25+00:00,KXNFLSEASONRSHTD,KXNFLSEASONRSHTD-27C10-JPRICE8,Will Jadarian Price record 10+ rushing touchdowns during the 2026-27 Pro Football regular season?,2027-02-02T15:00:00Z,,0.31,,,0.0,633.85
2026-08-16T13:19:25+00:00,KXNFLSEASONRSHTD,KXNFLSEASONRSHTD-27C10-JLOVE4,Will Jeremiyah Love record 10+ rushing touchdowns during the 2026-27 Pro Football regular season?,2027-02-02T15:00:00Z,0.12,0.24,0.12,0.18,481.18,5971.53
2026-08-16T13:19:25+00:00,KXNFLSEASONRSHTD,KXNFLSEASONRSHTD-27C10-JJACOBS8,Will Josh Jacobs record 10+ rushing touchdowns during the 2026-27 Pro Football regular season?,2027-02-02T15:00:00Z,0.02,0.59,0.57,0.305,105.0,1200.8
2026-08-16T13:19:25+00:00,KXNFLSEASONRSHTD,KXNFLSEASONRSHTD-27C10-JGIBBS0,Will Jahmyr Gibbs record 10+ rushing touchdowns during the 2026-27 Pro Football regular season?,2027-02-02T15:00:00Z,0.5,0.79,0.29,0.645,9685.0,1461.0
2026-08-16T13:19:25+00:00,KXNFLSEASONRSHTD,KXNFLSEASONRSHTD-27C10-JDART6,Will Jaxson Dart record 10+ rushing touchdowns during the 2026-27 Pro Football regular season?,2027-02-02T15:00:00Z,,0.3,,,0.0,5614.56
2026-08-16T13:19:25+00:00,KXNFLSEASONRSHTD,KXNFLSEASONRSHTD-27C10-JCROSKEYMERRITT22,Will Jacory Croskey-Merritt record 10+ rushing touchdowns during the 2026-27 Pro Football regular season?,2027-02-02T15:00:00Z,,0.25,,,0.0,2842.0
2026-08-16T13:19:25+00:00,KXNFLSEASONRSHTD,KXNFLSEASONRSHTD-27C10-JCOOK4,Will James Cook III record 10+ rushing touchdowns during the 2026-27 Pro Football regular season?,2027-02-02T15:00:00Z,0.04,0.63,0.59,0.335,155.0,2861.11
2026-08-16T13:19:25+00:00,KXNFLSEASONRSHTD,KXNFLSEASONRSHTD-27C10-JCOLEMANRB,Will Jonah Coleman record 10+ rushing touchdowns during the 2026-27 Pro Football regular season?,2027-02-02T15:00:00Z,,0.2,,,0.0,5940.0
2026-08-16T13:19:25+00:00,KXNFLSEASONRSHTD,KXNFLSEASONRSHTD-27C10-JBROOKS24,Will Jonathon Brooks record 10+ rushing touchdowns during the 2026-27 Pro Football regular season?,2027-02-02T15:00:00Z,,0.1,,,0.0,1789.0
2026-08-16T13:19:25+00:00,KXNFLSEASONRSHTD,KXNFLSEASONRSHTD-27C10-JALLEN17,Will Josh Allen record 10+ rushing touchdowns during the 2026-27 Pro Football regular season?,2027-02-02T15:00:00Z,0.26,0.72,0.46,0.49,651.76,1416.38
2026-08-16T13:19:25+00:00,KXNFLSEASONRSHTD,KXNFLSEASONRSHTD-27C10-IPACHECO10,Will Isiah Pacheco record 10+ rushing touchdowns during the 2026-27 Pro Football regular season?,2027-02-02T15:00:00Z,,0.2,,,0.0,1645.0
2026-08-16T13:19:25+00:00,KXNFLSEASONRSHTD,KXNFLSEASONRSHTD-27C10-FMENDOZA15,Will Fernando Mendoza record 10+ rushing touchdowns during the 2026-27 Pro Football regular season?,2027-02-02T15:00:00Z,,0.1,,,0.0,1925.0
2026-08-16T13:19:25+00:00,KXNFLSEASONRSHTD,KXNFLSEASONRSHTD-27C10-EHEIDENREICH29,Will Eli Heidenreich record 10+ rushing touchdowns during the 2026-27 Pro Football regular season?,2027-02-02T15:00:00Z,,0.1,,,0.0,3209.0
2026-08-16T13:19:25+00:00,KXNFLSEASONRSHTD,KXNFLSEASONRSHTD-27C10-DMONTGOMERY32,Will David Montgomery record 10+ rushing touchdowns during the 2026-27 Pro Football regular season?,2027-02-02T15:00:00Z,,0.4,,,0.0,2068.93
2026-08-16T13:19:25+00:00,KXNFLSEASONRSHTD,KXNFLSEASONRSHTD-27C10-DMAYE10,Will Drake Maye record 10+ rushing touchdowns during the 2026-27 Pro Football regular season?,2027-02-02T15:00:00Z,,0.15,,,0.0,1639.0
2026-08-16T13:19:25+00:00,KXNFLSEASONRSHTD,KXNFLSEASONRSHTD-27C10-DJONES17,Will Daniel Jones record 10+ rushing touchdowns during the 2026-27 Pro Football regular season?,2027-02-02T15:00:00Z,,0.12,,,0.0,2260.0
2026-08-16T13:19:25+00:00,KXNFLSEASONRSHTD,KXNFLSEASONRSHTD-27C10-DHENRY22,Will Derrick Henry record 10+ rushing touchdowns during the 2026-27 Pro Football regular season?,2027-02-02T15:00:00Z,0.03,0.78,0.75,0.405,4850.31,1611.21
2026-08-16T13:19:25+00:00,KXNFLSEASONRSHTD,KXNFLSEASONRSHTD-27C10-DACHANE28,Will De'Von Achane record 10+ rushing touchdowns during the 2026-27 Pro Football regular season?,2027-02-02T15:00:00Z,0.07,0.23,0.16,0.15,1005.0,2859.73
2026-08-16T13:19:25+00:00,KXNFLSEASONRSHTD,KXNFLSEASONRSHTD-27C10-CSKATTEBO44,Will Cam Skattebo record 10+ rushing touchdowns during the 2026-27 Pro Football regular season?,2027-02-02T15:00:00Z,,0.28,,,0.0,5927.82
2026-08-16T13:19:25+00:00,KXNFLSEASONRSHTD,KXNFLSEASONRSHTD-27C10-CMCCAFFREY23,Will Christian McCaffrey record 10+ rushing touchdowns during the 2026-27 Pro Football regular season?,2027-02-02T15:00:00Z,0.02,0.43,0.41,0.225,105.0,6212.99
2026-08-16T13:19:25+00:00,KXNFLSEASONRSHTD,KXNFLSEASONRSHTD-27C10-CHUBBARD30,Will Chuba Hubbard record 10+ rushing touchdowns during the 2026-27 Pro Football regular season?,2027-02-02T15:00:00Z,0.02,0.19,0.17,0.105,105.0,2455.0
2026-08-16T13:19:25+00:00,KXNFLSEASONRSHTD,KXNFLSEASONRSHTD-27C10-CBROWN30,Will Chase Brown record 10+ rushing touchdowns during the 2026-27 Pro Football regular season?,2027-02-02T15:00:00Z,0.12,0.25,0.13,0.185,410.98,6145.0
2026-08-16T13:19:25+00:00,KXNFLSEASONRSHTD,KXNFLSEASONRSHTD-27C10-BTUTEN33,Will Bhayshul Tuten record 10+ rushing touchdowns during the 2026-27 Pro Football regular season?,2027-02-02T15:00:00Z,,0.23,,,0.0,4041.75
2026-08-16T13:19:25+00:00,KXNFLSEASONRSHTD,KXNFLSEASONRSHTD-27C10-BROBINSON7,Will Bijan Robinson record 10+ rushing touchdowns during the 2026-27 Pro Football regular season?,2027-02-02T15:00:00Z,0.36,0.54,0.18,0.45,6336.0,2784.27
2026-08-16T13:19:25+00:00,KXNFLSEASONRSHTD,KXNFLSEASONRSHTD-27C10-BIRVING7,Will Bucky Irving record 10+ rushing touchdowns during the 2026-27 Pro Football regular season?,2027-02-02T15:00:00Z,0.08,0.28,0.2,0.18,616.98,5969.23
2026-08-16T13:19:25+00:00,KXNFLSEASONRSHTD,KXNFLSEASONRSHTD-27C10-BHALL20,Will Breece Hall record 10+ rushing touchdowns during the 2026-27 Pro Football regular season?,2027-02-02T15:00:00Z,0.09,0.24,0.15,0.165,630.0,2611.96
2026-08-16T13:19:25+00:00,KXNFLSEASONRSHTD,KXNFLSEASONRSHTD-27C10-BCORUM24,Will Blake Corum record 10+ rushing touchdowns during the 2026-27 Pro Football regular season?,2027-02-02T15:00:00Z,0.15,0.23,0.08,0.19,150.0,4680.72
2026-08-16T13:19:25+00:00,KXNFLSEASONRSHTD,KXNFLSEASONRSHTD-27C10-AKAMARA41,Will Alvin Kamara record 10+ rushing touchdowns during the 2026-27 Pro Football regular season?,2027-02-02T15:00:00Z,0.02,0.22,0.2,0.12,55.0,974.0
2026-08-16T13:19:25+00:00,KXNFLSEASONRSHTD,KXNFLSEASONRSHTD-27C10-AJONES33,Will Aaron Jones Sr. record 10+ rushing touchdowns during the 2026-27 Pro Football regular season?,2027-02-02T15:00:00Z,,0.23,,,0.0,2843.0
2026-08-16T13:19:25+00:00,KXNFLSEASONRSHTD,KXNFLSEASONRSHTD-27C10-AJEANTY2,Will Ashton Jeanty record 10+ rushing touchdowns during the 2026-27 Pro Football regular season?,2027-02-02T15:00:00Z,,0.36,,,0.0,5505.04
2026-08-16T13:19:25+00:00,KXNFLSEASONRSHTD,KXNFLSEASONRSHTD-27C8-ZCHARBONNET26,Will Zach Charbonnet record 8+ rushing touchdowns during the 2026-27 Pro Football regular season?,2027-02-02T15:00:00Z,0.02,0.27,0.25,0.145,55.0,6872.78
2026-08-16T13:19:25+00:00,KXNFLSEASONRSHTD,KXNFLSEASONRSHTD-27C8-WMARKS4,Will Woody Marks record 8+ rushing touchdowns during the 2026-27 Pro Football regular season?,2027-02-02T15:00:00Z,,0.69,,,0.0,1116.0
2026-08-16T13:19:25+00:00,KXNFLSEASONRSHTD,KXNFLSEASONRSHTD-27C8-TPOLLARD20,Will Tony Pollard record 8+ rushing touchdowns during the 2026-27 Pro Football regular season?,2027-02-02T15:00:00Z,0.02,0.26,0.24,0.14,105.0,6853.0
2026-08-16T13:19:25+00:00,KXNFLSEASONRSHTD,KXNFLSEASONRSHTD-27C8-THENDERSON32,Will TreVeyon Henderson record 8+ rushing touchdowns during the 2026-27 Pro Football regular season?,2027-02-02T15:00:00Z,0.25,0.38,0.13,0.315,143.0,6845.13
2026-08-16T13:19:25+00:00,KXNFLSEASONRSHTD,KXNFLSEASONRSHTD-27C8-TETIENNE3,Will Travis Etienne Jr. record 8+ rushing touchdowns during the 2026-27 Pro Football regular season?,2027-02-02T15:00:00Z,0.02,0.26,0.24,0.14,105.0,6850.0
2026-08-16T13:19:25+00:00,KXNFLSEASONRSHTD,KXNFLSEASONRSHTD-27C8-TALLGEIER22,Will Tyler Allgeier record 8+ rushing touchdowns during the 2026-27 Pro Football regular season?,2027-02-02T15:00:00Z,,0.2,,,0.0,1486.0
2026-08-16T13:19:25+00:00,KXNFLSEASONRSHTD,KXNFLSEASONRSHTD-27C8-SBARKLEY26,Will Saquon Barkley record 8+ rushing touchdowns during the 2026-27 Pro Football regular season?,2027-02-02T15:00:00Z,0.45,0.59,0.14,0.52,203.0,6268.48
2026-08-16T13:19:25+00:00,KXNFLSEASONRSHTD,KXNFLSEASONRSHTD-27C8-RSTEVENSON38,Will Rhamondre Stevenson record 8+ rushing touchdowns during the 2026-27 Pro Football regular season?,2027-02-02T15:00:00Z,0.02,0.38,0.36,0.2,105.0,6825.31
2026-08-16T13:19:25+00:00,KXNFLSEASONRSHTD,KXNFLSEASONRSHTD-27C8-RHARVEY12,Will RJ Harvey record 8+ rushing touchdowns during the 2026-27 Pro Football regular season?,2027-02-02T15:00:00Z,0.02,0.72,0.7,0.37,105.0,876.0
2026-08-16T13:19:25+00:00,KXNFLSEASONRSHTD,KXNFLSEASONRSHTD-27C8-QJUDKINS10,Will Quinshon Judkins record 8+ rushing touchdowns during the 2026-27 Pro Football regular season?,2027-02-02T15:00:00Z,0.02,0.43,0.41,0.225,105.0,4824.0
2026-08-16T13:19:25+00:00,KXNFLSEASONRSHTD,KXNFLSEASONRSHTD-27C8-OHAMPTON8,Will Omarion Hampton record 8+ rushing touchdowns during the 2026-27 Pro Football regular season?,2027-02-02T15:00:00Z,0.3,0.6,0.3,0.45,656.0,1277.08
2026-08-16T13:19:25+00:00,KXNFLSEASONRSHTD,KXNFLSEASONRSHTD-27C8-MWASHINGTON30,Will Mike Washington Jr. record 8+ rushing touchdowns during the 2026-27 Pro Football regular season?,2027-02-02T15:00:00Z,,0.15,,,0.0,1636.0
2026-08-16T13:19:25+00:00,KXNFLSEASONRSHTD,KXNFLSEASONRSHTD-27C8-LJACKSON8,Will Lamar Jackson record 8+ rushing touchdowns during the 2026-27 Pro Football regular season?,2027-02-02T15:00:00Z,0.03,0.2,0.17,0.115,550.0,4535.0
2026-08-16T13:19:25+00:00,KXNFLSEASONRSHTD,KXNFLSEASONRSHTD-27C8-KWILLIAMS23,Will Kyren Williams record 8+ rushing touchdowns during the 2026-27 Pro Football regular season?,2027-02-02T15:00:00Z,0.02,0.71,0.69,0.365,105.0,1249.0
2026-08-16T13:19:25+00:00,KXNFLSEASONRSHTD,KXNFLSEASONRSHTD-27C8-KWALKER9,Will Kenneth Walker III record 8+ rushing touchdowns during the 2026-27 Pro Football regular season?,2027-02-02T15:00:00Z,0.03,0.57,0.54,0.3,1855.0,1510.97
2026-08-16T13:19:25+00:00,KXNFLSEASONRSHTD,KXNFLSEASONRSHTD-27C8-KMURRAY1,Will Kyler Murray record 8+ rushing touchdowns during the 2026-27 Pro Football regular season?,2027-02-02T15:00:00Z,,0.15,,,0.0,1736.0
2026-08-16T13:19:25+00:00,KXNFLSEASONRSHTD,KXNFLSEASONRSHTD-27C8-KMONANGAI25,Will Kyle Monangai record 8+ rushing touchdowns during the 2026-27 Pro Football regular season?,2027-02-02T15:00:00Z,,0.34,,,0.0,7028.57
2026-08-16T13:19:25+00:00,KXNFLSEASONRSHTD,KXNFLSEASONRSHTD-27C8-KGAINWELLRB,Will Kenneth Gainwell record 8+ rushing touchdowns during the 2026-27 Pro Football regular season?,2027-02-02T15:00:00Z,0.02,0.12,0.1,0.07,105.0,6217.42
2026-08-16T13:19:25+00:00,KXNFLSEASONRSHTD,KXNFLSEASONRSHTD-27C8-KBLACKRB,Will Kaelon Black record 8+ rushing touchdowns during the 2026-27 Pro Football regular season?,2027-02-02T15:00:00Z,,0.15,,,0.0,1736.0
2026-08-16T13:19:25+00:00,KXNFLSEASONRSHTD,KXNFLSEASONRSHTD-27C8-JWILLIAMS33,Will Javonte Williams record 8+ rushing touchdowns during the 2026-27 Pro Football regular season?,2027-02-02T15:00:00Z,0.02,0.64,0.62,0.33,105.0,1274.0
2026-08-16T13:19:25+00:00,KXNFLSEASONRSHTD,KXNFLSEASONRSHTD-27C8-JWARREN30,Will Jaylen Warren record 8+ rushing touchdowns during the 2026-27 Pro Football regular season?,2027-02-02T15:00:00Z,0.02,0.21,0.19,0.115,105.0,6854.0
2026-08-16T13:19:25+00:00,KXNFLSEASONRSHTD,KXNFLSEASONRSHTD-27C8-JTAYLOR28,Will Jonathan Taylor record 8+ rushing touchdowns during the 2026-27 Pro Football regular season?,2027-02-02T15:00:00Z,0.38,0.73,0.35,0.555,5067.29,785.29
2026-08-16T13:19:25+00:00,KXNFLSEASONRSHTD,KXNFLSEASONRSHTD-27C8-JPRICE8,Will Jadarian Price record 8+ rushing touchdowns during the 2026-27 Pro Football regular season?,2027-02-02T15:00:00Z,0.02,0.31,0.29,0.165,105.0,2146.0
2026-08-16T13:19:25+00:00,KXNFLSEASONRSHTD,KXNFLSEASONRSHTD-27C8-JLOVE4,Will Jeremiyah Love record 8+ rushing touchdowns during the 2026-27 Pro Football regular season?,2027-02-02T15:00:00Z,0.22,0.38,0.16,0.3,141.0,6728.84
2026-08-16T13:19:25+00:00,KXNFLSEASONRSHTD,KXNFLSEASONRSHTD-27C8-JJACOBS8,Will Josh Jacobs record 8+ rushing touchdowns during the 2026-27 Pro Football regular season?,2027-02-02T15:00:00Z,0.02,0.59,0.57,0.305,205.0,802.0
2026-08-16T13:19:25+00:00,KXNFLSEASONRSHTD,KXNFLSEASONRSHTD-27C8-JGIBBS0,Will Jahmyr Gibbs record 8+ rushing touchdowns during the 2026-27 Pro Football regular season?,2027-02-02T15:00:00Z,0.51,0.8,0.29,0.655,3755.0,727.0
2026-08-16T13:19:25+00:00,KXNFLSEASONRSHTD,KXNFLSEASONRSHTD-27C8-JDART6,Will Jaxson Dart record 8+ rushing touchdowns during the 2026-27 Pro Football regular season?,2027-02-02T15:00:00Z,0.1,0.38,0.28,0.24,512.67,3754.0
2026-08-16T13:19:25+00:00,KXNFLSEASONRSHTD,KXNFLSEASONRSHTD-27C8-JCROSKEYMERRITT22,Will Jacory Croskey-Merritt record 8+ rushing touchdowns during the 2026-27 Pro Football regular season?,2027-02-02T15:00:00Z,0.07,0.3,0.23,0.185,110.0,975.8
2026-08-16T13:19:25+00:00,KXNFLSEASONRSHTD,KXNFLSEASONRSHTD-27C8-JCOOK4,Will James Cook III record 8+ rushing touchdowns during the 2026-27 Pro Football regular season?,2027-02-02T15:00:00Z,0.13,0.71,0.58,0.42,972.0,1343.33
2026-08-16T13:19:25+00:00,KXNFLSEASONRSHTD,KXNFLSEASONRSHTD-27C8-JCOLEMANRB,Will Jonah Coleman record 8+ rushing touchdowns during the 2026-27 Pro Football regular season?,2027-02-02T15:00:00Z,,0.1,,,0.0,1281.0
2026-08-16T13:19:25+00:00,KXNFLSEASONRSHTD,KXNFLSEASONRSHTD-27C8-JBROOKS24,Will Jonathon Brooks record 8+ rushing touchdowns during the 2026-27 Pro Football regular season?,2027-02-02T15:00:00Z,,0.3,,,0.0,1733.0
2026-08-16T13:19:25+00:00,KXNFLSEASONRSHTD,KXNFLSEASONRSHTD-27C8-JALLEN17,Will Josh Allen record 8+ rushing touchdowns during the 2026-27 Pro Football regular season?,2027-02-02T15:00:00Z,0.56,0.79,0.23,0.675,6022.0,1681.5
2026-08-16T13:19:25+00:00,KXNFLSEASONRSHTD,KXNFLSEASONRSHTD-27C8-IPACHECO10,Will Isiah Pacheco record 8+ rushing touchdowns during the 2026-27 Pro Football regular season?,2027-02-02T15:00:00Z,0.02,0.32,0.3,0.17,105.0,1128.0
2026-08-16T13:19:25+00:00,KXNFLSEASONRSHTD,KXNFLSEASONRSHTD-27C8-FMENDOZA15,Will Fernando Mendoza record 8+ rushing touchdowns during the 2026-27 Pro Football regular season?,2027-02-02T15:00:00Z,,0.1,,,0.0,3219.0
2026-08-16T13:19:25+00:00,KXNFLSEASONRSHTD,KXNFLSEASONRSHTD-27C8-EHEIDENREICH29,Will Eli Heidenreich record 8+ rushing touchdowns during the 2026-27 Pro Football regular season?,2027-02-02T15:00:00Z,,0.1,,,0.0,1627.0
2026-08-16T13:19:25+00:00,KXNFLSEASONRSHTD,KXNFLSEASONRSHTD-27C8-DMONTGOMERY32,Will David Montgomery record 8+ rushing touchdowns during the 2026-27 Pro Football regular season?,2027-02-02T15:00:00Z,0.5,0.55,0.05,0.525,1413.05,2300.43
2026-08-16T13:19:25+00:00,KXNFLSEASONRSHTD,KXNFLSEASONRSHTD-27C8-DMAYE10,Will Drake Maye record 8+ rushing touchdowns during the 2026-27 Pro Football regular season?,2027-02-02T15:00:00Z,0.04,0.31,0.27,0.175,505.0,3449.0
2026-08-16T13:19:25+00:00,KXNFLSEASONRSHTD,KXNFLSEASONRSHTD-27C8-DJONES17,Will Daniel Jones record 8+ rushing touchdowns during the 2026-27 Pro Football regular season?,2027-02-02T15:00:00Z,,0.15,,,0.0,1214.0
2026-08-16T13:19:25+00:00,KXNFLSEASONRSHTD,KXNFLSEASONRSHTD-27C8-DHENRY22,Will Derrick Henry record 8+ rushing touchdowns during the 2026-27 Pro Football regular season?,2027-02-02T15:00:00Z,0.03,0.78,0.75,0.405,5927.0,740.0
2026-08-16T13:19:25+00:00,KXNFLSEASONRSHTD,KXNFLSEASONRSHTD-27C8-DACHANE28,Will De'Von Achane record 8+ rushing touchdowns during the 2026-27 Pro Football regular season?,2027-02-02T15:00:00Z,0.02,0.31,0.29,0.165,105.0,3347.0
2026-08-16T13:19:25+00:00,KXNFLSEASONRSHTD,KXNFLSEASONRSHTD-27C8-CSKATTEBO44,Will Cam Skattebo record 8+ rushing touchdowns during the 2026-27 Pro Football regular season?,2027-02-02T15:00:00Z,0.02,0.4,0.38,0.21,102.45,4541.67
2026-08-16T13:19:25+00:00,KXNFLSEASONRSHTD,KXNFLSEASONRSHTD-27C8-CMCCAFFREY23,Will Christian McCaffrey record 8+ rushing touchdowns during the 2026-27 Pro Football regular season?,2027-02-02T15:00:00Z,0.02,0.67,0.65,0.345,105.0,1068.0
2026-08-16T13:19:25+00:00,KXNFLSEASONRSHTD,KXNFLSEASONRSHTD-27C8-CHUBBARD30,Will Chuba Hubbard record 8+ rushing touchdowns during the 2026-27 Pro Football regular season?,2027-02-02T15:00:00Z,0.02,0.26,0.24,0.14,105.0,7050.0
2026-08-16T13:19:25+00:00,KXNFLSEASONRSHTD,KXNFLSEASONRSHTD-27C8-CBROWN30,Will Chase Brown record 8+ rushing touchdowns during the 2026-27 Pro Football regular season?,2027-02-02T15:00:00Z,0.02,0.44,0.42,0.23,105.0,6654.12
2026-08-16T13:19:25+00:00,KXNFLSEASONRSHTD,KXNFLSEASONRSHTD-27C8-BTUTEN33,Will Bhayshul Tuten record 8+ rushing touchdowns during the 2026-27 Pro Football regular season?,2027-02-02T15:00:00Z,,0.42,,,0.0,6638.28
2026-08-16T13:19:25+00:00,KXNFLSEASONRSHTD,KXNFLSEASONRSHTD-27C8-BROBINSON7,Will Bijan Robinson record 8+ rushing touchdowns during the 2026-27 Pro Football regular season?,2027-02-02T15:00:00Z,0.56,0.69,0.13,0.625,5.0,1336.31
2026-08-16T13:19:25+00:00,KXNFLSEASONRSHTD,KXNFLSEASONRSHTD-27C8-BIRVING7,Will Bucky Irving record 8+ rushing touchdowns during the 2026-27 Pro Football regular season?,2027-02-02T15:00:00Z,0.19,0.29,0.1,0.24,0.13,8814.0
2026-08-16T13:19:25+00:00,KXNFLSEASONRSHTD,KXNFLSEASONRSHTD-27C8-BHALL20,Will Breece Hall record 8+ rushing touchdowns during the 2026-27 Pro Football regular season?,2027-02-02T15:00:00Z,0.02,0.31,0.29,0.165,114.0,6034.0
2026-08-16T13:19:25+00:00,KXNFLSEASONRSHTD,KXNFLSEASONRSHTD-27C8-BCORUM24,Will Blake Corum record 8+ rushing touchdowns during the 2026-27 Pro Football regular season?,2027-02-02T15:00:00Z,,0.38,,,0.0,4583.53
2026-08-16T13:19:25+00:00,KXNFLSEASONRSHTD,KXNFLSEASONRSHTD-27C8-AKAMARA41,Will Alvin Kamara record 8+ rushing touchdowns during the 2026-27 Pro Football regular season?,2027-02-02T15:00:00Z,0.02,0.2,0.18,0.11,105.0,1338.0
2026-08-16T13:19:25+00:00,KXNFLSEASONRSHTD,KXNFLSEASONRSHTD-27C8-AJONES33,Will Aaron Jones Sr. record 8+ rushing touchdowns during the 2026-27 Pro Football regular season?,2027-02-02T15:00:00Z,,0.21,,,0.0,1276.0
2026-08-16T13:19:25+00:00,KXNFLSEASONRSHTD,KXNFLSEASONRSHTD-27C8-AJEANTY2,Will Ashton Jeanty record 8+ rushing touchdowns during the 2026-27 Pro Football regular season?,2027-02-02T15:00:00Z,0.27,0.53,0.26,0.4,3113.0,1946.0
2026-08-16T13:19:25+00:00,KXNFLSEASONRSHTD,KXNFLSEASONRSHTD-27C6-ZCHARBONNET26,Will Zach Charbonnet record 6+ rushing touchdowns during the 2026-27 Pro Football regular season?,2027-02-02T15:00:00Z,0.02,0.46,0.44,0.24,105.0,958.0
2026-08-16T13:19:25+00:00,KXNFLSEASONRSHTD,KXNFLSEASONRSHTD-27C6-WMARKS4,Will Woody Marks record 6+ rushing touchdowns during the 2026-27 Pro Football regular season?,2027-02-02T15:00:00Z,,0.75,,,0.0,940.0
2026-08-16T13:19:25+00:00,KXNFLSEASONRSHTD,KXNFLSEASONRSHTD-27C6-TPOLLARD20,Will Tony Pollard record 6+ rushing touchdowns during the 2026-27 Pro Football regular season?,2027-02-02T15:00:00Z,0.02,0.51,0.49,0.265,105.0,1278.0
2026-08-16T13:19:25+00:00,KXNFLSEASONRSHTD,KXNFLSEASONRSHTD-27C6-THENDERSON32,Will TreVeyon Henderson record 6+ rushing touchdowns during the 2026-27 Pro Football regular season?,2027-02-02T15:00:00Z,0.02,0.56,0.54,0.29,105.0,885.0
2026-08-16T13:19:25+00:00,KXNFLSEASONRSHTD,KXNFLSEASONRSHTD-27C6-TETIENNE3,Will Travis Etienne Jr. record 6+ rushing touchdowns during the 2026-27 Pro Football regular season?,2027-02-02T15:00:00Z,0.02,0.51,0.49,0.265,105.0,899.0
2026-08-16T13:19:25+00:00,KXNFLSEASONRSHTD,KXNFLSEASONRSHTD-27C6-TALLGEIER22,Will Tyler Allgeier record 6+ rushing touchdowns during the 2026-27 Pro Football regular season?,2027-02-02T15:00:00Z,0.02,0.31,0.29,0.165,105.0,2138.76
2026-08-16T13:19:25+00:00,KXNFLSEASONRSHTD,KXNFLSEASONRSHTD-27C6-SBARKLEY26,Will Saquon Barkley record 6+ rushing touchdowns during the 2026-27 Pro Football regular season?,2027-02-02T15:00:00Z,0.57,0.74,0.17,0.655,7.0,1503.03
2026-08-16T13:19:25+00:00,KXNFLSEASONRSHTD,KXNFLSEASONRSHTD-27C6-RSTEVENSON38,Will Rhamondre Stevenson record 6+ rushing touchdowns during the 2026-27 Pro Football regular season?,2027-02-02T15:00:00Z,0.02,0.56,0.54,0.29,105.0,926.0
2026-08-16T13:19:25+00:00,KXNFLSEASONRSHTD,KXNFLSEASONRSHTD-27C6-RHARVEY12,Will RJ Harvey record 6+ rushing touchdowns during the 2026-27 Pro Football regular season?,2027-02-02T15:00:00Z,0.02,0.44,0.42,0.23,205.0,1698.0
2026-08-16T13:19:25+00:00,KXNFLSEASONRSHTD,KXNFLSEASONRSHTD-27C6-QJUDKINS10,Will Quinshon Judkins record 6+ rushing touchdowns during the 2026-27 Pro Football regular season?,2027-02-02T15:00:00Z,0.26,0.68,0.42,0.47,159.6,899.0
2026-08-16T13:19:25+00:00,KXNFLSEASONRSHTD,KXNFLSEASONRSHTD-27C6-OHAMPTON8,Will Omarion Hampton record 6+ rushing touchdowns during the 2026-27 Pro Football regular season?,2027-02-02T15:00:00Z,0.6,0.7,0.1,0.65,4574.0,1223.98
2026-08-16T13:19:25+00:00,KXNFLSEASONRSHTD,KXNFLSEASONRSHTD-27C6-MWASHINGTON30,Will Mike Washington Jr. record 6+ rushing touchdowns during the 2026-27 Pro Football regular season?,2027-02-02T15:00:00Z,,0.15,,,0.0,1056.0
2026-08-16T13:19:25+00:00,KXNFLSEASONRSHTD,KXNFLSEASONRSHTD-27C6-LJACKSON8,Will Lamar Jackson record 6+ rushing touchdowns during the 2026-27 Pro Football regular season?,2027-02-02T15:00:00Z,0.16,0.3,0.14,0.23,565.0,3233.21
2026-08-16T13:19:25+00:00,KXNFLSEASONRSHTD,KXNFLSEASONRSHTD-27C6-KWILLIAMS23,Will Kyren Williams record 6+ rushing touchdowns during the 2026-27 Pro Football regular season?,2027-02-02T15:00:00Z,0.72,0.85,0.13,0.785,5.0,625.0
2026-08-16T13:19:25+00:00,KXNFLSEASONRSHTD,KXNFLSEASONRSHTD-27C6-KWALKER9,Will Kenneth Walker III record 6+ rushing touchdowns during the 2026-27 Pro Football regular season?,2027-02-02T15:00:00Z,0.65,0.74,0.09,0.695,8807.0,1832.0
2026-08-16T13:19:25+00:00,KXNFLSEASONRSHTD,KXNFLSEASONRSHTD-27C6-KMURRAY1,Will Kyler Murray record 6+ rushing touchdowns during the 2026-27 Pro Football regular season?,2027-02-02T15:00:00Z,0.04,0.35,0.31,0.195,110.0,2838.69
2026-08-16T13:19:25+00:00,KXNFLSEASONRSHTD,KXNFLSEASONRSHTD-27C6-KMONANGAI25,Will Kyle Monangai record 6+ rushing touchdowns during the 2026-27 Pro Football regular season?,2027-02-02T15:00:00Z,,0.57,,,0.0,2085.03
2026-08-16T13:19:25+00:00,KXNFLSEASONRSHTD,KXNFLSEASONRSHTD-27C6-KGAINWELLRB,Will Kenneth Gainwell record 6+ rushing touchdowns during the 2026-27 Pro Football regular season?,2027-02-02T15:00:00Z,0.02,0.31,0.29,0.165,105.0,901.0
2026-08-16T13:19:25+00:00,KXNFLSEASONRSHTD,KXNFLSEASONRSHTD-27C6-KBLACKRB,Will Kaelon Black record 6+ rushing touchdowns during the 2026-27 Pro Football regular season?,2027-02-02T15:00:00Z,,0.2,,,0.0,1553.0
2026-08-16T13:19:25+00:00,KXNFLSEASONRSHTD,KXNFLSEASONRSHTD-27C6-JWILLIAMS33,Will Javonte Williams record 6+ rushing touchdowns during the 2026-27 Pro Football regular season?,2027-02-02T15:00:00Z,0.42,0.79,0.37,0.605,129.0,735.0
2026-08-16T13:19:25+00:00,KXNFLSEASONRSHTD,KXNFLSEASONRSHTD-27C6-JWARREN30,Will Jaylen Warren record 6+ rushing touchdowns during the 2026-27 Pro Football regular season?,2027-02-02T15:00:00Z,0.02,0.35,0.33,0.185,105.0,962.0
2026-08-16T13:19:25+00:00,KXNFLSEASONRSHTD,KXNFLSEASONRSHTD-27C6-JTAYLOR28,Will Jonathan Taylor record 6+ rushing touchdowns during the 2026-27 Pro Football regular season?,2027-02-02T15:00:00Z,0.02,0.83,0.81,0.425,105.0,646.0
2026-08-16T13:19:25+00:00,KXNFLSEASONRSHTD,KXNFLSEASONRSHTD-27C6-JPRICE8,Will Jadarian Price record 6+ rushing touchdowns during the 2026-27 Pro Football regular season?,2027-02-02T15:00:00Z,0.61,0.73,0.12,0.67,5.0,469.67
2026-08-16T13:19:25+00:00,KXNFLSEASONRSHTD,KXNFLSEASONRSHTD-27C6-JLOVE4,Will Jeremiyah Love record 6+ rushing touchdowns during the 2026-27 Pro Football regular season?,2027-02-02T15:00:00Z,0.26,0.63,0.37,0.445,203.0,2386.1
2026-08-16T13:19:25+00:00,KXNFLSEASONRSHTD,KXNFLSEASONRSHTD-27C6-JJACOBS8,Will Josh Jacobs record 6+ rushing touchdowns during the 2026-27 Pro Football regular season?,2027-02-02T15:00:00Z,0.02,0.76,0.74,0.39,105.0,684.0
2026-08-16T13:19:25+00:00,KXNFLSEASONRSHTD,KXNFLSEASONRSHTD-27C6-JGIBBS0,Will Jahmyr Gibbs record 6+ rushing touchdowns during the 2026-27 Pro Football regular season?,2027-02-02T15:00:00Z,0.64,0.88,0.24,0.76,2835.0,603.89
2026-08-16T13:19:25+00:00,KXNFLSEASONRSHTD,KXNFLSEASONRSHTD-27C6-JDART6,Will Jaxson Dart record 6+ rushing touchdowns during the 2026-27 Pro Football regular season?,2027-02-02T15:00:00Z,0.41,0.69,0.28,0.55,622.02,1354.64
2026-08-16T13:19:25+00:00,KXNFLSEASONRSHTD,KXNFLSEASONRSHTD-27C6-JCROSKEYMERRITT22,Will Jacory Croskey-Merritt record 6+ rushing touchdowns during the 2026-27 Pro Football regular season?,2027-02-02T15:00:00Z,0.02,0.46,0.44,0.24,105.0,2155.0
2026-08-16T13:19:25+00:00,KXNFLSEASONRSHTD,KXNFLSEASONRSHTD-27C6-JCOOK4,Will James Cook III record 6+ rushing touchdowns during the 2026-27 Pro Football regular season?,2027-02-02T15:00:00Z,0.76,0.87,0.11,0.815,5.29,626.0
2026-08-16T13:19:25+00:00,KXNFLSEASONRSHTD,KXNFLSEASONRSHTD-27C6-JCOLEMANRB,Will Jonah Coleman record 6+ rushing touchdowns during the 2026-27 Pro Football regular season?,2027-02-02T15:00:00Z,,0.4,,,0.0,2068.0
2026-08-16T13:19:25+00:00,KXNFLSEASONRSHTD,KXNFLSEASONRSHTD-27C6-JBROOKS24,Will Jonathon Brooks record 6+ rushing touchdowns during the 2026-27 Pro Football regular season?,2027-02-02T15:00:00Z,,0.46,,,0.0,1738.39
2026-08-16T13:19:25+00:00,KXNFLSEASONRSHTD,KXNFLSEASONRSHTD-27C6-JALLEN17,Will Josh Allen record 6+ rushing touchdowns during the 2026-27 Pro Football regular season?,2027-02-02T15:00:00Z,0.57,0.9,0.33,0.735,2511.0,1652.84
2026-08-16T13:19:25+00:00,KXNFLSEASONRSHTD,KXNFLSEASONRSHTD-27C6-IPACHECO10,Will Isiah Pacheco record 6+ rushing touchdowns during the 2026-27 Pro Football regular season?,2027-02-02T15:00:00Z,0.02,0.46,0.44,0.24,105.0,1432.0
2026-08-16T13:19:25+00:00,KXNFLSEASONRSHTD,KXNFLSEASONRSHTD-27C6-FMENDOZA15,Will Fernando Mendoza record 6+ rushing touchdowns during the 2026-27 Pro Football regular season?,2027-02-02T15:00:00Z,0.02,0.39,0.37,0.205,105.0,1408.0
2026-08-16T13:19:25+00:00,KXNFLSEASONRSHTD,KXNFLSEASONRSHTD-27C6-EHEIDENREICH29,Will Eli Heidenreich record 6+ rushing touchdowns during the 2026-27 Pro Football regular season?,2027-02-02T15:00:00Z,,0.2,,,0.0,1861.0
2026-08-16T13:19:25+00:00,KXNFLSEASONRSHTD,KXNFLSEASONRSHTD-27C6-DMONTGOMERY32,Will David Montgomery record 6+ rushing touchdowns during the 2026-27 Pro Football regular season?,2027-02-02T15:00:00Z,0.26,0.64,0.38,0.45,595.0,974.0
2026-08-16T13:19:25+00:00,KXNFLSEASONRSHTD,KXNFLSEASONRSHTD-27C6-DMAYE10,Will Drake Maye record 6+ rushing touchdowns during the 2026-27 Pro Football regular season?,2027-02-02T15:00:00Z,0.12,0.41,0.29,0.265,624.0,1709.88
2026-08-16T13:19:25+00:00,KXNFLSEASONRSHTD,KXNFLSEASONRSHTD-27C6-DJONES17,Will Daniel Jones record 6+ rushing touchdowns during the 2026-27 Pro Football regular season?,2027-02-02T15:00:00Z,,0.6,,,0.0,1076.0
2026-08-16T13:19:25+00:00,KXNFLSEASONRSHTD,KXNFLSEASONRSHTD-27C6-DHENRY22,Will Derrick Henry record 6+ rushing touchdowns during the 2026-27 Pro Football regular season?,2027-02-02T15:00:00Z,,0.84,,,0.0,2727.37
2026-08-16T13:19:25+00:00,KXNFLSEASONRSHTD,KXNFLSEASONRSHTD-27C6-DACHANE28,Will De'Von Achane record 6+ rushing touchdowns during the 2026-27 Pro Football regular season?,2027-02-02T15:00:00Z,0.26,0.54,0.28,0.4,197.58,6736.38
2026-08-16T13:19:25+00:00,KXNFLSEASONRSHTD,KXNFLSEASONRSHTD-27C6-CSKATTEBO44,Will Cam Skattebo record 6+ rushing touchdowns during the 2026-27 Pro Football regular season?,2027-02-02T15:00:00Z,0.26,0.58,0.32,0.42,161.0,1630.5
2026-08-16T13:19:25+00:00,KXNFLSEASONRSHTD,KXNFLSEASONRSHTD-27C6-CMCCAFFREY23,Will Christian McCaffrey record 6+ rushing touchdowns during the 2026-27 Pro Football regular season?,2027-02-02T15:00:00Z,0.66,0.8,0.14,0.73,1.95,656.7
2026-08-16T13:19:25+00:00,KXNFLSEASONRSHTD,KXNFLSEASONRSHTD-27C6-CHUBBARD30,Will Chuba Hubbard record 6+ rushing touchdowns during the 2026-27 Pro Football regular season?,2027-02-02T15:00:00Z,0.02,0.39,0.37,0.205,105.0,3676.0
2026-08-16T13:19:25+00:00,KXNFLSEASONRSHTD,KXNFLSEASONRSHTD-27C6-CBROWN30,Will Chase Brown record 6+ rushing touchdowns during the 2026-27 Pro Football regular season?,2027-02-02T15:00:00Z,0.64,0.9,0.26,0.77,11564.0,399.76
2026-08-16T13:19:25+00:00,KXNFLSEASONRSHTD,KXNFLSEASONRSHTD-27C6-BTUTEN33,Will Bhayshul Tuten record 6+ rushing touchdowns during the 2026-27 Pro Football regular season?,2027-02-02T15:00:00Z,0.03,0.51,0.48,0.27,1155.0,913.0
2026-08-16T13:19:25+00:00,KXNFLSEASONRSHTD,KXNFLSEASONRSHTD-27C6-BROBINSON7,Will Bijan Robinson record 6+ rushing touchdowns during the 2026-27 Pro Football regular season?,2027-02-02T15:00:00Z,0.26,0.78,0.52,0.52,129.0,2023.0
2026-08-16T13:19:25+00:00,KXNFLSEASONRSHTD,KXNFLSEASONRSHTD-27C6-BIRVING7,Will Bucky Irving record 6+ rushing touchdowns during the 2026-27 Pro Football regular season?,2027-02-02T15:00:00Z,0.02,0.54,0.52,0.28,113.0,3976.42
2026-08-16T13:19:25+00:00,KXNFLSEASONRSHTD,KXNFLSEASONRSHTD-27C6-BHALL20,Will Breece Hall record 6+ rushing touchdowns during the 2026-27 Pro Football regular season?,2027-02-02T15:00:00Z,0.02,0.49,0.47,0.255,105.0,2079.0
2026-08-16T13:19:25+00:00,KXNFLSEASONRSHTD,KXNFLSEASONRSHTD-27C6-BCORUM24,Will Blake Corum record 6+ rushing touchdowns during the 2026-27 Pro Football regular season?,2027-02-02T15:00:00Z,0.54,0.64,0.1,0.59,2922.22,1886.0
2026-08-16T13:19:25+00:00,KXNFLSEASONRSHTD,KXNFLSEASONRSHTD-27C6-AKAMARA41,Will Alvin Kamara record 6+ rushing touchdowns during the 2026-27 Pro Football regular season?,2027-02-02T15:00:00Z,0.02,0.21,0.19,0.115,105.0,2193.0
2026-08-16T13:19:25+00:00,KXNFLSEASONRSHTD,KXNFLSEASONRSHTD-27C6-AJONES33,Will Aaron Jones Sr. record 6+ rushing touchdowns during the 2026-27 Pro Football regular season?,2027-02-02T15:00:00Z,,0.29,,,0.0,3215.0
2026-08-16T13:19:25+00:00,KXNFLSEASONRSHTD,KXNFLSEASONRSHTD-27C6-AJEANTY2,Will Ashton Jeanty record 6+ rushing touchdowns during the 2026-27 Pro Football regular season?,2027-02-02T15:00:00Z,0.06,0.75,0.69,0.405,705.0,1278.86
2026-08-16T13:19:25+00:00,KXNFLSEASONPASSTDS,KXNFLSEASONPASSTDS-27C40-PMAHOMES15,Will Patrick Mahomes record 40+ passing touchdowns during the 2026-27 Pro Football regular season?,2027-02-02T15:00:00Z,,0.85,,,0.0,1713.0
2026-08-16T13:19:25+00:00,KXNFLSEASONPASSTDS,KXNFLSEASONPASSTDS-27C40-LJACKSON8,Will Lamar Jackson record 40+ passing touchdowns during the 2026-27 Pro Football regular season?,2027-02-02T15:00:00Z,,0.85,,,0.0,1715.0
2026-08-16T13:19:25+00:00,KXNFLSEASONPASSTDS,KXNFLSEASONPASSTDS-27C40-JHERBERT10,Will Justin Herbert record 40+ passing touchdowns during the 2026-27 Pro Football regular season?,2027-02-02T15:00:00Z,,0.85,,,0.0,1713.0
2026-08-16T13:19:25+00:00,KXNFLSEASONPASSTDS,KXNFLSEASONPASSTDS-27C40-JGOFF16,Will Jared Goff record 40+ passing touchdowns during the 2026-27 Pro Football regular season?,2027-02-02T15:00:00Z,,0.85,,,0.0,1723.0
2026-08-16T13:19:25+00:00,KXNFLSEASONPASSTDS,KXNFLSEASONPASSTDS-27C40-JBURROW9,Will Joe Burrow record 40+ passing touchdowns during the 2026-27 Pro Football regular season?,2027-02-02T15:00:00Z,,0.85,,,0.0,1734.0
2026-08-16T13:19:25+00:00,KXNFLSEASONPASSTDS,KXNFLSEASONPASSTDS-27C40-JALLEN17,Will Josh Allen record 40+ passing touchdowns during the 2026-27 Pro Football regular season?,2027-02-02T15:00:00Z,,0.85,,,0.0,1728.0
2026-08-16T13:19:25+00:00,KXNFLSEASONPASSTDS,KXNFLSEASONPASSTDS-27C40-DPRESCOTT4,Will Dak Prescott record 40+ passing touchdowns during the 2026-27 Pro Football regular season?,2027-02-02T15:00:00Z,,0.85,,,0.0,1624.0
2026-08-16T13:19:25+00:00,KXNFLSEASONPASSTDS,KXNFLSEASONPASSTDS-27C40-DMAYE10,Will Drake Maye record 40+ passing touchdowns during the 2026-27 Pro Football regular season?,2027-02-02T15:00:00Z,,0.85,,,0.0,1720.0
2026-08-16T13:19:25+00:00,KXNFLSEASONPASSTDS,KXNFLSEASONPASSTDS-27C40-BPURDY13,Will Brock Purdy record 40+ passing touchdowns during the 2026-27 Pro Football regular season?,2027-02-02T15:00:00Z,,0.85,,,0.0,1720.0
2026-08-16T13:19:25+00:00,KXNFLSEASONPASSTDS,KXNFLSEASONPASSTDS-27C40-BMAYFIELD6,Will Baker Mayfield record 40+ passing touchdowns during the 2026-27 Pro Football regular season?,2027-02-02T15:00:00Z,,0.85,,,0.0,1712.0
2026-08-16T13:19:25+00:00,KXNFLSEASONPASSTDS,KXNFLSEASONPASSTDS-27C35-PMAHOMES15,Will Patrick Mahomes record 35+ passing touchdowns during the 2026-27 Pro Football regular season?,2027-02-02T15:00:00Z,,0.85,,,0.0,1720.0
2026-08-16T13:19:25+00:00,KXNFLSEASONPASSTDS,KXNFLSEASONPASSTDS-27C35-MSTAFFORD9,Will Matthew Stafford record 35+ passing touchdowns during the 2026-27 Pro Football regular season?,2027-02-02T15:00:00Z,,0.85,,,0.0,1720.0
2026-08-16T13:19:25+00:00,KXNFLSEASONPASSTDS,KXNFLSEASONPASSTDS-27C35-LJACKSON8,Will Lamar Jackson record 35+ passing touchdowns during the 2026-27 Pro Football regular season?,2027-02-02T15:00:00Z,,0.85,,,0.0,1721.0
2026-08-16T13:19:25+00:00,KXNFLSEASONPASSTDS,KXNFLSEASONPASSTDS-27C35-JLOVE10,Will Jordan Love record 35+ passing touchdowns during the 2026-27 Pro Football regular season?,2027-02-02T15:00:00Z,,0.85,,,0.0,1716.0
2026-08-16T13:19:25+00:00,KXNFLSEASONPASSTDS,KXNFLSEASONPASSTDS-27C35-JHURTS1,Will Jalen Hurts record 35+ passing touchdowns during the 2026-27 Pro Football regular season?,2027-02-02T15:00:00Z,,0.85,,,0.0,1721.0
2026-08-16T13:19:25+00:00,KXNFLSEASONPASSTDS,KXNFLSEASONPASSTDS-27C35-JHERBERT10,Will Justin Herbert record 35+ passing touchdowns during the 2026-27 Pro Football regular season?,2027-02-02T15:00:00Z,,0.85,,,0.0,1713.0
2026-08-16T13:19:25+00:00,KXNFLSEASONPASSTDS,KXNFLSEASONPASSTDS-27C35-JGOFF16,Will Jared Goff record 35+ passing touchdowns during the 2026-27 Pro Football regular season?,2027-02-02T15:00:00Z,,0.85,,,0.0,1712.0
2026-08-16T13:19:25+00:00,KXNFLSEASONPASSTDS,KXNFLSEASONPASSTDS-27C35-JDANIELS5,Will Jayden Daniels record 35+ passing touchdowns during the 2026-27 Pro Football regular season?,2027-02-02T15:00:00Z,,0.85,,,0.0,1713.0
2026-08-16T13:19:25+00:00,KXNFLSEASONPASSTDS,KXNFLSEASONPASSTDS-27C35-JBURROW9,Will Joe Burrow record 35+ passing touchdowns during the 2026-27 Pro Football regular season?,2027-02-02T15:00:00Z,,0.85,,,0.0,1727.0
2026-08-16T13:19:25+00:00,KXNFLSEASONPASSTDS,KXNFLSEASONPASSTDS-27C35-JALLEN17,Will Josh Allen record 35+ passing touchdowns during the 2026-27 Pro Football regular season?,2027-02-02T15:00:00Z,,0.85,,,0.0,1716.0
2026-08-16T13:19:25+00:00,KXNFLSEASONPASSTDS,KXNFLSEASONPASSTDS-27C35-DPRESCOTT4,Will Dak Prescott record 35+ passing touchdowns during the 2026-27 Pro Football regular season?,2027-02-02T15:00:00Z,,0.85,,,0.0,1719.0
2026-08-16T13:19:25+00:00,KXNFLSEASONPASSTDS,KXNFLSEASONPASSTDS-27C35-DMAYE10,Will Drake Maye record 35+ passing touchdowns during the 2026-27 Pro Football regular season?,2027-02-02T15:00:00Z,,0.85,,,0.0,1727.0
2026-08-16T13:19:25+00:00,KXNFLSEASONPASSTDS,KXNFLSEASONPASSTDS-27C35-CWILLIAMS18,Will Caleb Williams record 35+ passing touchdowns during the 2026-27 Pro Football regular season?,2027-02-02T15:00:00Z,,0.85,,,0.0,1713.0
2026-08-16T13:19:25+00:00,KXNFLSEASONPASSTDS,KXNFLSEASONPASSTDS-27C35-BPURDY13,Will Brock Purdy record 35+ passing touchdowns during the 2026-27 Pro Football regular season?,2027-02-02T15:00:00Z,,0.85,,,0.0,1713.0
2026-08-16T13:19:25+00:00,KXNFLSEASONPASSTDS,KXNFLSEASONPASSTDS-27C35-BNIX10,Will Bo Nix record 35+ passing touchdowns during the 2026-27 Pro Football regular season?,2027-02-02T15:00:00Z,,0.85,,,0.0,1713.0
2026-08-16T13:19:25+00:00,KXNFLSEASONPASSTDS,KXNFLSEASONPASSTDS-27C35-BMAYFIELD6,Will Baker Mayfield record 35+ passing touchdowns during the 2026-27 Pro Football regular season?,2027-02-02T15:00:00Z,,0.85,,,0.0,1711.0
2026-08-16T13:19:25+00:00,KXNFLSEASONPASSTDS,KXNFLSEASONPASSTDS-27C30-TTAGOVAILOA1,Will Tua Tagovailoa record 30+ passing touchdowns during the 2026-27 Pro Football regular season?,2027-02-02T15:00:00Z,,0.85,,,0.0,1717.0
2026-08-16T13:19:25+00:00,KXNFLSEASONPASSTDS,KXNFLSEASONPASSTDS-27C30-TLAWRENCE16,Will Trevor Lawrence record 30+ passing touchdowns during the 2026-27 Pro Football regular season?,2027-02-02T15:00:00Z,,0.85,,,0.0,1715.0
2026-08-16T13:19:25+00:00,KXNFLSEASONPASSTDS,KXNFLSEASONPASSTDS-27C30-SDARNOLD14,Will Sam Darnold record 30+ passing touchdowns during the 2026-27 Pro Football regular season?,2027-02-02T15:00:00Z,,0.85,,,0.0,1714.0
2026-08-16T13:19:25+00:00,KXNFLSEASONPASSTDS,KXNFLSEASONPASSTDS-27C30-PMAHOMES15,Will Patrick Mahomes record 30+ passing touchdowns during the 2026-27 Pro Football regular season?,2027-02-02T15:00:00Z,,0.6,,,0.0,1499.0
2026-08-16T13:19:25+00:00,KXNFLSEASONPASSTDS,KXNFLSEASONPASSTDS-27C30-MSTAFFORD9,Will Matthew Stafford record 30+ passing touchdowns during the 2026-27 Pro Football regular season?,2027-02-02T15:00:00Z,,0.85,,,0.0,1720.0
2026-08-16T13:19:25+00:00,KXNFLSEASONPASSTDS,KXNFLSEASONPASSTDS-27C30-LJACKSON8,Will Lamar Jackson record 30+ passing touchdowns during the 2026-27 Pro Football regular season?,2027-02-02T15:00:00Z,,0.85,,,0.0,1719.0
2026-08-16T13:19:25+00:00,KXNFLSEASONPASSTDS,KXNFLSEASONPASSTDS-27C30-KMURRAY1,Will Kyler Murray record 30+ passing touchdowns during the 2026-27 Pro Football regular season?,2027-02-02T15:00:00Z,,0.85,,,0.0,1712.0
2026-08-16T13:19:25+00:00,KXNFLSEASONPASSTDS,KXNFLSEASONPASSTDS-27C30-JLOVE10,Will Jordan Love record 30+ passing touchdowns during the 2026-27 Pro Football regular season?,2027-02-02T15:00:00Z,,0.85,,,0.0,1723.0
2026-08-16T13:19:25+00:00,KXNFLSEASONPASSTDS,KXNFLSEASONPASSTDS-27C30-JHURTS1,Will Jalen Hurts record 30+ passing touchdowns during the 2026-27 Pro Football regular season?,2027-02-02T15:00:00Z,,0.85,,,0.0,1716.0
2026-08-16T13:19:25+00:00,KXNFLSEASONPASSTDS,KXNFLSEASONPASSTDS-27C30-JHERBERT10,Will Justin Herbert record 30+ passing touchdowns during the 2026-27 Pro Football regular season?,2027-02-02T15:00:00Z,,0.85,,,0.0,1718.0
2026-08-16T13:19:25+00:00,KXNFLSEASONPASSTDS,KXNFLSEASONPASSTDS-27C30-JGOFF16,Will Jared Goff record 30+ passing touchdowns during the 2026-27 Pro Football regular season?,2027-02-02T15:00:00Z,0.01,0.84,0.83,0.425,3999.0,1743.0
2026-08-16T13:19:25+00:00,KXNFLSEASONPASSTDS,KXNFLSEASONPASSTDS-27C30-JDART6,Will Jaxson Dart record 30+ passing touchdowns during the 2026-27 Pro Football regular season?,2027-02-02T15:00:00Z,,0.85,,,0.0,1720.0
2026-08-16T13:19:25+00:00,KXNFLSEASONPASSTDS,KXNFLSEASONPASSTDS-27C30-JDANIELS5,Will Jayden Daniels record 30+ passing touchdowns during the 2026-27 Pro Football regular season?,2027-02-02T15:00:00Z,,0.85,,,0.0,1722.0
2026-08-16T13:19:25+00:00,KXNFLSEASONPASSTDS,KXNFLSEASONPASSTDS-27C30-JBURROW9,Will Joe Burrow record 30+ passing touchdowns during the 2026-27 Pro Football regular season?,2027-02-02T15:00:00Z,,0.85,,,0.0,1718.0
2026-08-16T13:19:25+00:00,KXNFLSEASONPASSTDS,KXNFLSEASONPASSTDS-27C30-JALLEN17,Will Josh Allen record 30+ passing touchdowns during the 2026-27 Pro Football regular season?,2027-02-02T15:00:00Z,,0.85,,,0.0,1718.0
2026-08-16T13:19:25+00:00,KXNFLSEASONPASSTDS,KXNFLSEASONPASSTDS-27C30-DPRESCOTT4,Will Dak Prescott record 30+ passing touchdowns during the 2026-27 Pro Football regular season?,2027-02-02T15:00:00Z,,0.85,,,0.0,1710.0
2026-08-16T13:19:25+00:00,KXNFLSEASONPASSTDS,KXNFLSEASONPASSTDS-27C30-DMAYE10,Will Drake Maye record 30+ passing touchdowns during the 2026-27 Pro Football regular season?,2027-02-02T15:00:00Z,,0.85,,,0.0,1722.0
2026-08-16T13:19:25+00:00,KXNFLSEASONPASSTDS,KXNFLSEASONPASSTDS-27C30-CWILLIAMS18,Will Caleb Williams record 30+ passing touchdowns during the 2026-27 Pro Football regular season?,2027-02-02T15:00:00Z,,0.85,,,0.0,1715.0
2026-08-16T13:19:25+00:00,KXNFLSEASONPASSTDS,KXNFLSEASONPASSTDS-27C30-CWARD1,Will Cam Ward record 30+ passing touchdowns during the 2026-27 Pro Football regular season?,2027-02-02T15:00:00Z,,0.85,,,0.0,1708.0
2026-08-16T13:19:25+00:00,KXNFLSEASONPASSTDS,KXNFLSEASONPASSTDS-27C30-CSTROUD7,Will C.J. Stroud record 30+ passing touchdowns during the 2026-27 Pro Football regular season?,2027-02-02T15:00:00Z,,0.85,,,0.0,1711.0
2026-08-16T13:19:25+00:00,KXNFLSEASONPASSTDS,KXNFLSEASONPASSTDS-27C30-BYOUNG9,Will Bryce Young record 30+ passing touchdowns during the 2026-27 Pro Football regular season?,2027-02-02T15:00:00Z,,0.85,,,0.0,1723.0
2026-08-16T13:19:25+00:00,KXNFLSEASONPASSTDS,KXNFLSEASONPASSTDS-27C30-BPURDY13,Will Brock Purdy record 30+ passing touchdowns during the 2026-27 Pro Football regular season?,2027-02-02T15:00:00Z,,0.85,,,0.0,1721.0
2026-08-16T13:19:25+00:00,KXNFLSEASONPASSTDS,KXNFLSEASONPASSTDS-27C30-BNIX10,Will Bo Nix record 30+ passing touchdowns during the 2026-27 Pro Football regular season?,2027-02-02T15:00:00Z,,0.85,,,0.0,1709.0
2026-08-16T13:19:25+00:00,KXNFLSEASONPASSTDS,KXNFLSEASONPASSTDS-27C30-BMAYFIELD6,Will Baker Mayfield record 30+ passing touchdowns during the 2026-27 Pro Football regular season?,2027-02-02T15:00:00Z,,0.85,,,0.0,1717.0
2026-08-16T13:19:25+00:00,KXNFLSEASONPASSTDS,KXNFLSEASONPASSTDS-27C25-TTAGOVAILOA1,Will Tua Tagovailoa record 25+ passing touchdowns during the 2026-27 Pro Football regular season?,2027-02-02T15:00:00Z,,0.85,,,0.0,1723.0
2026-08-16T13:19:25+00:00,KXNFLSEASONPASSTDS,KXNFLSEASONPASSTDS-27C25-TSHOUGH6,Will Tyler Shough record 25+ passing touchdowns during the 2026-27 Pro Football regular season?,2027-02-02T15:00:00Z,,0.85,,,0.0,1724.0
2026-08-16T13:19:25+00:00,KXNFLSEASONPASSTDS,KXNFLSEASONPASSTDS-27C25-TLAWRENCE16,Will Trevor Lawrence record 25+ passing touchdowns during the 2026-27 Pro Football regular season?,2027-02-02T15:00:00Z,,0.85,,,0.0,1709.0
2026-08-16T13:19:25+00:00,KXNFLSEASONPASSTDS,KXNFLSEASONPASSTDS-27C25-SSANDERS2,Will Shedeur Sanders record 25+ passing touchdowns during the 2026-27 Pro Football regular season?,2027-02-02T15:00:00Z,,0.85,,,0.0,1730.0
2026-08-16T13:19:25+00:00,KXNFLSEASONPASSTDS,KXNFLSEASONPASSTDS-27C25-SDARNOLD14,Will Sam Darnold record 25+ passing touchdowns during the 2026-27 Pro Football regular season?,2027-02-02T15:00:00Z,,0.85,,,0.0,1722.0
2026-08-16T13:19:25+00:00,KXNFLSEASONPASSTDS,KXNFLSEASONPASSTDS-27C25-PMAHOMES15,Will Patrick Mahomes record 25+ passing touchdowns during the 2026-27 Pro Football regular season?,2027-02-02T15:00:00Z,,0.85,,,0.0,1717.0
2026-08-16T13:19:25+00:00,KXNFLSEASONPASSTDS,KXNFLSEASONPASSTDS-27C25-MWILLIS2,Will Malik Willis record 25+ passing touchdowns during the 2026-27 Pro Football regular season?,2027-02-02T15:00:00Z,,0.85,,,0.0,1716.0
2026-08-16T13:19:25+00:00,KXNFLSEASONPASSTDS,KXNFLSEASONPASSTDS-27C25-MSTAFFORD9,Will Matthew Stafford record 25+ passing touchdowns during the 2026-27 Pro Football regular season?,2027-02-02T15:00:00Z,,0.85,,,0.0,1716.0
2026-08-16T13:19:25+00:00,KXNFLSEASONPASSTDS,KXNFLSEASONPASSTDS-27C25-LJACKSON8,Will Lamar Jackson record 25+ passing touchdowns during the 2026-27 Pro Football regular season?,2027-02-02T15:00:00Z,,0.85,,,0.0,1720.0
2026-08-16T13:19:25+00:00,KXNFLSEASONPASSTDS,KXNFLSEASONPASSTDS-27C25-KMURRAY1,Will Kyler Murray record 25+ passing touchdowns during the 2026-27 Pro Football regular season?,2027-02-02T15:00:00Z,,0.85,,,0.0,1717.0
2026-08-16T13:19:25+00:00,KXNFLSEASONPASSTDS,KXNFLSEASONPASSTDS-27C25-JLOVE10,Will Jordan Love record 25+ passing touchdowns during the 2026-27 Pro Football regular season?,2027-02-02T15:00:00Z,,0.85,,,0.0,1723.0
2026-08-16T13:19:25+00:00,KXNFLSEASONPASSTDS,KXNFLSEASONPASSTDS-27C25-JHURTS1,Will Jalen Hurts record 25+ passing touchdowns during the 2026-27 Pro Football regular season?,2027-02-02T15:00:00Z,,0.85,,,0.0,1721.0
2026-08-16T13:19:25+00:00,KXNFLSEASONPASSTDS,KXNFLSEASONPASSTDS-27C25-JHERBERT10,Will Justin Herbert record 25+ passing touchdowns during the 2026-27 Pro Football regular season?,2027-02-02T15:00:00Z,,0.85,,,0.0,1708.0
2026-08-16T13:19:25+00:00,KXNFLSEASONPASSTDS,KXNFLSEASONPASSTDS-27C25-JGOFF16,Will Jared Goff record 25+ passing touchdowns during the 2026-27 Pro Football regular season?,2027-02-02T15:00:00Z,0.01,0.84,0.83,0.425,3999.0,1733.0
2026-08-16T13:19:25+00:00,KXNFLSEASONPASSTDS,KXNFLSEASONPASSTDS-27C25-JDART6,Will Jaxson Dart record 25+ passing touchdowns during the 2026-27 Pro Football regular season?,2027-02-02T15:00:00Z,,0.85,,,0.0,1720.0
2026-08-16T13:19:25+00:00,KXNFLSEASONPASSTDS,KXNFLSEASONPASSTDS-27C25-JDANIELS5,Will Jayden Daniels record 25+ passing touchdowns during the 2026-27 Pro Football regular season?,2027-02-02T15:00:00Z,,0.85,,,0.0,1729.0
2026-08-16T13:19:25+00:00,KXNFLSEASONPASSTDS,KXNFLSEASONPASSTDS-27C25-JBURROW9,Will Joe Burrow record 25+ passing touchdowns during the 2026-27 Pro Football regular season?,2027-02-02T15:00:00Z,,0.85,,,0.0,1728.0
2026-08-16T13:19:25+00:00,KXNFLSEASONPASSTDS,KXNFLSEASONPASSTDS-27C25-JBRISSETT7,Will Jacoby Brissett record 25+ passing touchdowns during the 2026-27 Pro Football regular season?,2027-02-02T15:00:00Z,,0.85,,,0.0,1711.0
2026-08-16T13:19:25+00:00,KXNFLSEASONPASSTDS,KXNFLSEASONPASSTDS-27C25-JALLEN17,Will Josh Allen record 25+ passing touchdowns during the 2026-27 Pro Football regular season?,2027-02-02T15:00:00Z,,0.85,,,0.0,1708.0
2026-08-16T13:19:25+00:00,KXNFLSEASONPASSTDS,KXNFLSEASONPASSTDS-27C25-GSMITH7,Will Geno Smith record 25+ passing touchdowns during the 2026-27 Pro Football regular season?,2027-02-02T15:00:00Z,,0.85,,,0.0,1727.0
2026-08-16T13:19:25+00:00,KXNFLSEASONPASSTDS,KXNFLSEASONPASSTDS-27C25-FMENDOZA15,Will Fernando Mendoza record 25+ passing touchdowns during the 2026-27 Pro Football regular season?,2027-02-02T15:00:00Z,,0.85,,,0.0,1717.0
2026-08-16T13:19:25+00:00,KXNFLSEASONPASSTDS,KXNFLSEASONPASSTDS-27C25-DPRESCOTT4,Will Dak Prescott record 25+ passing touchdowns during the 2026-27 Pro Football regular season?,2027-02-02T15:00:00Z,,0.85,,,0.0,1727.0
2026-08-16T13:19:25+00:00,KXNFLSEASONPASSTDS,KXNFLSEASONPASSTDS-27C25-DMAYE10,Will Drake Maye record 25+ passing touchdowns during the 2026-27 Pro Football regular season?,2027-02-02T15:00:00Z,,0.85,,,0.0,1625.0
2026-08-16T13:19:25+00:00,KXNFLSEASONPASSTDS,KXNFLSEASONPASSTDS-27C25-DJONES17,Will Daniel Jones record 25+ passing touchdowns during the 2026-27 Pro Football regular season?,2027-02-02T15:00:00Z,,0.85,,,0.0,1711.0
2026-08-16T13:19:25+00:00,KXNFLSEASONPASSTDS,KXNFLSEASONPASSTDS-27C25-CWILLIAMS18,Will Caleb Williams record 25+ passing touchdowns during the 2026-27 Pro Football regular season?,2027-02-02T15:00:00Z,,0.85,,,0.0,1707.0
2026-08-16T13:19:25+00:00,KXNFLSEASONPASSTDS,KXNFLSEASONPASSTDS-27C25-CWARD1,Will Cam Ward record 25+ passing touchdowns during the 2026-27 Pro Football regular season?,2027-02-02T15:00:00Z,,0.84,,,0.0,1765.0
2026-08-16T13:19:25+00:00,KXNFLSEASONPASSTDS,KXNFLSEASONPASSTDS-27C25-CSTROUD7,Will C.J. Stroud record 25+ passing touchdowns during the 2026-27 Pro Football regular season?,2027-02-02T15:00:00Z,,0.85,,,0.0,1714.0
2026-08-16T13:19:25+00:00,KXNFLSEASONPASSTDS,KXNFLSEASONPASSTDS-27C25-BYOUNG9,Will Bryce Young record 25+ passing touchdowns during the 2026-27 Pro Football regular season?,2027-02-02T15:00:00Z,,0.85,,,0.0,1718.0
2026-08-16T13:19:25+00:00,KXNFLSEASONPASSTDS,KXNFLSEASONPASSTDS-27C25-BPURDY13,Will Brock Purdy record 25+ passing touchdowns during the 2026-27 Pro Football regular season?,2027-02-02T15:00:00Z,,0.85,,,0.0,1714.0
2026-08-16T13:19:25+00:00,KXNFLSEASONPASSTDS,KXNFLSEASONPASSTDS-27C25-BNIX10,Will Bo Nix record 25+ passing touchdowns during the 2026-27 Pro Football regular season?,2027-02-02T15:00:00Z,,0.85,,,0.0,1734.0
2026-08-16T13:19:25+00:00,KXNFLSEASONPASSTDS,KXNFLSEASONPASSTDS-27C25-BMAYFIELD6,Will Baker Mayfield record 25+ passing touchdowns during the 2026-27 Pro Football regular season?,2027-02-02T15:00:00Z,,0.85,,,0.0,1717.0
2026-08-16T13:19:25+00:00,KXNFLSEASONPASSTDS,KXNFLSEASONPASSTDS-27C25-ARODGERS8,Will Aaron Rodgers record 25+ passing touchdowns during the 2026-27 Pro Football regular season?,2027-02-02T15:00:00Z,,0.85,,,0.0,1718.0
2026-08-16T13:19:25+00:00,KXNFLSEASONPASSTDS,KXNFLSEASONPASSTDS-27C20-TTAGOVAILOA1,Will Tua Tagovailoa record 20+ passing touchdowns during the 2026-27 Pro Football regular season?,2027-02-02T15:00:00Z,,0.85,,,0.0,1718.0
2026-08-16T13:19:25+00:00,KXNFLSEASONPASSTDS,KXNFLSEASONPASSTDS-27C20-TSHOUGH6,Will Tyler Shough record 20+ passing touchdowns during the 2026-27 Pro Football regular season?,2027-02-02T15:00:00Z,,0.85,,,0.0,1723.0
2026-08-16T13:19:25+00:00,KXNFLSEASONPASSTDS,KXNFLSEASONPASSTDS-27C20-TLAWRENCE16,Will Trevor Lawrence record 20+ passing touchdowns during the 2026-27 Pro Football regular season?,2027-02-02T15:00:00Z,,0.85,,,0.0,1719.0
2026-08-16T13:19:25+00:00,KXNFLSEASONPASSTDS,KXNFLSEASONPASSTDS-27C20-SSANDERS2,Will Shedeur Sanders record 20+ passing touchdowns during the 2026-27 Pro Football regular season?,2027-02-02T15:00:00Z,,0.85,,,0.0,1724.0
2026-08-16T13:19:25+00:00,KXNFLSEASONPASSTDS,KXNFLSEASONPASSTDS-27C20-SDARNOLD14,Will Sam Darnold record 20+ passing touchdowns during the 2026-27 Pro Football regular season?,2027-02-02T15:00:00Z,,0.85,,,0.0,1706.0
2026-08-16T13:19:25+00:00,KXNFLSEASONPASSTDS,KXNFLSEASONPASSTDS-27C20-PMAHOMES15,Will Patrick Mahomes record 20+ passing touchdowns during the 2026-27 Pro Football regular season?,2027-02-02T15:00:00Z,,0.85,,,0.0,1708.0
2026-08-16T13:19:25+00:00,KXNFLSEASONPASSTDS,KXNFLSEASONPASSTDS-27C20-MWILLIS2,Will Malik Willis record 20+ passing touchdowns during the 2026-27 Pro Football regular season?,2027-02-02T15:00:00Z,,0.85,,,0.0,1717.0
2026-08-16T13:19:25+00:00,KXNFLSEASONPASSTDS,KXNFLSEASONPASSTDS-27C20-MSTAFFORD9,Will Matthew Stafford record 20+ passing touchdowns during the 2026-27 Pro Football regular season?,2027-02-02T15:00:00Z,,0.85,,,0.0,1714.0
2026-08-16T13:19:25+00:00,KXNFLSEASONPASSTDS,KXNFLSEASONPASSTDS-27C20-LJACKSON8,Will Lamar Jackson record 20+ passing touchdowns during the 2026-27 Pro Football regular season?,2027-02-02T15:00:00Z,,0.85,,,0.0,1721.95
2026-08-16T13:19:25+00:00,KXNFLSEASONPASSTDS,KXNFLSEASONPASSTDS-27C20-KMURRAY1,Will Kyler Murray record 20+ passing touchdowns during the 2026-27 Pro Football regular season?,2027-02-02T15:00:00Z,,0.85,,,0.0,1718.0
2026-08-16T13:19:25+00:00,KXNFLSEASONPASSTDS,KXNFLSEASONPASSTDS-27C20-KCOUSINS8,Will Kirk Cousins record 20+ passing touchdowns during the 2026-27 Pro Football regular season?,2027-02-02T15:00:00Z,,0.85,,,0.0,1715.0
2026-08-16T13:19:25+00:00,KXNFLSEASONPASSTDS,KXNFLSEASONPASSTDS-27C20-JLOVE10,Will Jordan Love record 20+ passing touchdowns during the 2026-27 Pro Football regular season?,2027-02-02T15:00:00Z,,0.85,,,0.0,1706.0
2026-08-16T13:19:25+00:00,KXNFLSEASONPASSTDS,KXNFLSEASONPASSTDS-27C20-JHURTS1,Will Jalen Hurts record 20+ passing touchdowns during the 2026-27 Pro Football regular season?,2027-02-02T15:00:00Z,,0.85,,,0.0,1625.0
2026-08-16T13:19:25+00:00,KXNFLSEASONPASSTDS,KXNFLSEASONPASSTDS-27C20-JHERBERT10,Will Justin Herbert record 20+ passing touchdowns during the 2026-27 Pro Football regular season?,2027-02-02T15:00:00Z,,0.85,,,0.0,1717.0
2026-08-16T13:19:25+00:00,KXNFLSEASONPASSTDS,KXNFLSEASONPASSTDS-27C20-JGOFF16,Will Jared Goff record 20+ passing touchdowns during the 2026-27 Pro Football regular season?,2027-02-02T15:00:00Z,,0.85,,,0.0,1731.0
2026-08-16T13:19:25+00:00,KXNFLSEASONPASSTDS,KXNFLSEASONPASSTDS-27C20-JDART6,Will Jaxson Dart record 20+ passing touchdowns during the 2026-27 Pro Football regular season?,2027-02-02T15:00:00Z,,0.85,,,0.0,1707.0
2026-08-16T13:19:25+00:00,KXNFLSEASONPASSTDS,KXNFLSEASONPASSTDS-27C20-JDANIELS5,Will Jayden Daniels record 20+ passing touchdowns during the 2026-27 Pro Football regular season?,2027-02-02T15:00:00Z,,0.85,,,0.0,1737.0
2026-08-16T13:19:25+00:00,KXNFLSEASONPASSTDS,KXNFLSEASONPASSTDS-27C20-JBURROW9,Will Joe Burrow record 20+ passing touchdowns during the 2026-27 Pro Football regular season?,2027-02-02T15:00:00Z,,0.85,,,0.0,1717.0
2026-08-16T13:19:25+00:00,KXNFLSEASONPASSTDS,KXNFLSEASONPASSTDS-27C20-JBRISSETT7,Will Jacoby Brissett record 20+ passing touchdowns during the 2026-27 Pro Football regular season?,2027-02-02T15:00:00Z,,0.85,,,0.0,1728.0
2026-08-16T13:19:25+00:00,KXNFLSEASONPASSTDS,KXNFLSEASONPASSTDS-27C20-JALLEN17,Will Josh Allen record 20+ passing touchdowns during the 2026-27 Pro Football regular season?,2027-02-02T15:00:00Z,0.01,0.84,0.83,0.425,3419.0,1731.0
2026-08-16T13:19:25+00:00,KXNFLSEASONPASSTDS,KXNFLSEASONPASSTDS-27C20-GSMITH7,Will Geno Smith record 20+ passing touchdowns during the 2026-27 Pro Football regular season?,2027-02-02T15:00:00Z,,0.85,,,0.0,1717.0
2026-08-16T13:19:25+00:00,KXNFLSEASONPASSTDS,KXNFLSEASONPASSTDS-27C20-FMENDOZA15,Will Fernando Mendoza record 20+ passing touchdowns during the 2026-27 Pro Football regular season?,2027-02-02T15:00:00Z,,0.85,,,0.0,1716.0
2026-08-16T13:19:25+00:00,KXNFLSEASONPASSTDS,KXNFLSEASONPASSTDS-27C20-DPRESCOTT4,Will Dak Prescott record 20+ passing touchdowns during the 2026-27 Pro Football regular season?,2027-02-02T15:00:00Z,,0.85,,,0.0,1709.0
2026-08-16T13:19:25+00:00,KXNFLSEASONPASSTDS,KXNFLSEASONPASSTDS-27C20-DMAYE10,Will Drake Maye record 20+ passing touchdowns during the 2026-27 Pro Football regular season?,2027-02-02T15:00:00Z,,0.85,,,0.0,1715.0
2026-08-16T13:19:25+00:00,KXNFLSEASONPASSTDS,KXNFLSEASONPASSTDS-27C20-DJONES17,Will Daniel Jones record 20+ passing touchdowns during the 2026-27 Pro Football regular season?,2027-02-02T15:00:00Z,,0.85,,,0.0,1713.0
2026-08-16T13:19:25+00:00,KXNFLSEASONPASSTDS,KXNFLSEASONPASSTDS-27C20-CWILLIAMS18,Will Caleb Williams record 20+ passing touchdowns during the 2026-27 Pro Football regular season?,2027-02-02T15:00:00Z,0.01,0.84,0.83,0.425,2696.0,1730.0
2026-08-16T13:19:25+00:00,KXNFLSEASONPASSTDS,KXNFLSEASONPASSTDS-27C20-CWARD1,Will Cam Ward record 20+ passing touchdowns during the 2026-27 Pro Football regular season?,2027-02-02T15:00:00Z,0.4,0.49,0.09,0.445,215.0,1540.25
2026-08-16T13:19:25+00:00,KXNFLSEASONPASSTDS,KXNFLSEASONPASSTDS-27C20-CSTROUD7,Will C.J. Stroud record 20+ passing touchdowns during the 2026-27 Pro Football regular season?,2027-02-02T15:00:00Z,,0.85,,,0.0,1716.0
2026-08-16T13:19:25+00:00,KXNFLSEASONPASSTDS,KXNFLSEASONPASSTDS-27C20-BYOUNG9,Will Bryce Young record 20+ passing touchdowns during the 2026-27 Pro Football regular season?,2027-02-02T15:00:00Z,,0.85,,,0.0,1721.0
2026-08-16T13:19:25+00:00,KXNFLSEASONPASSTDS,KXNFLSEASONPASSTDS-27C20-BPURDY13,Will Brock Purdy record 20+ passing touchdowns during the 2026-27 Pro Football regular season?,2027-02-02T15:00:00Z,,0.85,,,0.0,1712.0
2026-08-16T13:19:25+00:00,KXNFLSEASONPASSTDS,KXNFLSEASONPASSTDS-27C20-BNIX10,Will Bo Nix record 20+ passing touchdowns during the 2026-27 Pro Football regular season?,2027-02-02T15:00:00Z,,0.85,,,0.0,1725.0
2026-08-16T13:19:25+00:00,KXNFLSEASONPASSTDS,KXNFLSEASONPASSTDS-27C20-BMAYFIELD6,Will Baker Mayfield record 20+ passing touchdowns during the 2026-27 Pro Football regular season?,2027-02-02T15:00:00Z,0.01,0.84,0.83,0.425,3008.0,1731.0
2026-08-16T13:19:25+00:00,KXNFLSEASONPASSTDS,KXNFLSEASONPASSTDS-27C20-ARODGERS8,Will Aaron Rodgers record 20+ passing touchdowns during the 2026-27 Pro Football regular season?,2027-02-02T15:00:00Z,,0.85,,,0.0,1707.0
