event_id,sport_key,commence_time,home_team,away_team,bookmaker_key,bookmaker_title,market_key,outcome_name,price,point,player_name,prop_type
4a08b89f07a4a395620f6df5c1d239f4,americanfootball_nfl,2025-09-26T00:16:00Z,Arizona Cardinals,Seattle Seahawks,draftkings,DraftKings,player_anytime_td,Yes,110,,Trey Benson,anytime_td
4a08b89f07a4a395620f6df5c1d239f4,americanfootball_nfl,2025-09-26T00:16:00Z,Arizona Cardinals,Seattle Seahawks,draftkings,DraftKings,player_anytime_td,Yes,110,,Kenneth Walker III,anytime_td
4a08b89f07a4a395620f6df5c1d239f4,americanfootball_nfl,2025-09-26T00:16:00Z,Arizona Cardinals,Seattle Seahawks,draftkings,DraftKings,player_anytime_td,Yes,160,,Jaxon Smith-Njigba,anytime_td
4a08b89f07a4a395620f6df5c1d239f4,americanfootball_nfl,2025-09-26T00:16:00Z,Arizona Cardinals,Seattle Seahawks,draftkings,DraftKings,player_anytime_td,Yes,180,,Trey McBride,anytime_td
4a08b89f07a4a395620f6df5c1d239f4,americanfootball_nfl,2025-09-26T00:16:00Z,Arizona Cardinals,Seattle Seahawks,draftkings,DraftKings,player_anytime_td,Yes,190,,Zach Charbonnet,anytime_td
4a08b89f07a4a395620f6df5c1d239f4,americanfootball_nfl,2025-09-26T00:16:00Z,Arizona Cardinals,Seattle Seahawks,draftkings,DraftKings,player_anytime_td,Yes,210,,Marvin Harrison Jr.,anytime_td
4a08b89f07a4a395620f6df5c1d239f4,americanfootball_nfl,2025-09-26T00:16:00Z,Arizona Cardinals,Seattle Seahawks,draftkings,DraftKings,player_anytime_td,Yes,290,,Kyler Murray,anytime_td
4a08b89f07a4a395620f6df5c1d239f4,americanfootball_nfl,2025-09-26T00:16:00Z,Arizona Cardinals,Seattle Seahawks,draftkings,DraftKings,player_anytime_td,Yes,320,,Cooper Kupp,anytime_td
4a08b89f07a4a395620f6df5c1d239f4,americanfootball_nfl,2025-09-26T00:16:00Z,Arizona Cardinals,Seattle Seahawks,draftkings,DraftKings,player_anytime_td,Yes,400,,Tory Horton,anytime_td
4a08b89f07a4a395620f6df5c1d239f4,americanfootball_nfl,2025-09-26T00:16:00Z,Arizona Cardinals,Seattle Seahawks,draftkings,DraftKings,player_anytime_td,Yes,425,,Michael Wilson,anytime_td
4a08b89f07a4a395620f6df5c1d239f4,americanfootball_nfl,2025-09-26T00:16:00Z,Arizona Cardinals,Seattle Seahawks,draftkings,DraftKings,player_anytime_td,Yes,475,,Emari Demercado,anytime_td
4a08b89f07a4a395620f6df5c1d239f4,americanfootball_nfl,2025-09-26T00:16:00Z,Arizona Cardinals,Seattle Seahawks,draftkings,DraftKings,player_anytime_td,Yes,500,,Seattle Seahawks D/ST,anytime_td
4a08b89f07a4a395620f6df5c1d239f4,americanfootball_nfl,2025-09-26T00:16:00Z,Arizona Cardinals,Seattle Seahawks,draftkings,DraftKings,player_anytime_td,Yes,550,,AJ Barner,anytime_td
4a08b89f07a4a395620f6df5c1d239f4,americanfootball_nfl,2025-09-26T00:16:00Z,Arizona Cardinals,Seattle Seahawks,draftkings,DraftKings,player_anytime_td,Yes,550,,Arizona Cardinals D/ST,anytime_td
4a08b89f07a4a395620f6df5c1d239f4,americanfootball_nfl,2025-09-26T00:16:00Z,Arizona Cardinals,Seattle Seahawks,draftkings,DraftKings,player_anytime_td,Yes,600,,Greg Dortch,anytime_td
4a08b89f07a4a395620f6df5c1d239f4,americanfootball_nfl,2025-09-26T00:16:00Z,Arizona Cardinals,Seattle Seahawks,draftkings,DraftKings,player_anytime_td,Yes,650,,Sam Darnold,anytime_td
4a08b89f07a4a395620f6df5c1d239f4,americanfootball_nfl,2025-09-26T00:16:00Z,Arizona Cardinals,Seattle Seahawks,draftkings,DraftKings,player_anytime_td,Yes,1000,,Elijah Arroyo,anytime_td
4a08b89f07a4a395620f6df5c1d239f4,americanfootball_nfl,2025-09-26T00:16:00Z,Arizona Cardinals,Seattle Seahawks,draftkings,DraftKings,player_anytime_td,Yes,1300,,Tip Reiman,anytime_td
4a08b89f07a4a395620f6df5c1d239f4,americanfootball_nfl,2025-09-26T00:16:00Z,Arizona Cardinals,Seattle Seahawks,draftkings,DraftKings,player_anytime_td,Yes,1600,,Elijah Higgins,anytime_td
4a08b89f07a4a395620f6df5c1d239f4,americanfootball_nfl,2025-09-26T00:16:00Z,Arizona Cardinals,Seattle Seahawks,draftkings,DraftKings,player_anytime_td,Yes,1600,,George Holani,anytime_td
4a08b89f07a4a395620f6df5c1d239f4,americanfootball_nfl,2025-09-26T00:16:00Z,Arizona Cardinals,Seattle Seahawks,draftkings,DraftKings,player_anytime_td,Yes,2000,,Simi Fehoko,anytime_td
4a08b89f07a4a395620f6df5c1d239f4,americanfootball_nfl,2025-09-26T00:16:00Z,Arizona Cardinals,Seattle Seahawks,draftkings,DraftKings,player_anytime_td,Yes,2000,,Travis Vokolek,anytime_td
4a08b89f07a4a395620f6df5c1d239f4,americanfootball_nfl,2025-09-26T00:16:00Z,Arizona Cardinals,Seattle Seahawks,draftkings,DraftKings,player_anytime_td,Yes,2200,,Eric Saubert,anytime_td
4a08b89f07a4a395620f6df5c1d239f4,americanfootball_nfl,2025-09-26T00:16:00Z,Arizona Cardinals,Seattle Seahawks,draftkings,DraftKings,player_anytime_td,Yes,2200,,Xavier Weaver,anytime_td
4a08b89f07a4a395620f6df5c1d239f4,americanfootball_nfl,2025-09-26T00:16:00Z,Arizona Cardinals,Seattle Seahawks,draftkings,DraftKings,player_anytime_td,Yes,2500,,Jake Bobo,anytime_td
4a08b89f07a4a395620f6df5c1d239f4,americanfootball_nfl,2025-09-26T00:16:00Z,Arizona Cardinals,Seattle Seahawks,draftkings,DraftKings,player_anytime_td,Yes,2500,,Nick Kallerup,anytime_td
4a08b89f07a4a395620f6df5c1d239f4,americanfootball_nfl,2025-09-26T00:16:00Z,Arizona Cardinals,Seattle Seahawks,draftkings,DraftKings,player_anytime_td,Yes,2800,,Robbie Ouzts,anytime_td
4a08b89f07a4a395620f6df5c1d239f4,americanfootball_nfl,2025-09-26T00:16:00Z,Arizona Cardinals,Seattle Seahawks,draftkings,DraftKings,player_anytime_td,Yes,3000,,Brady Russell,anytime_td
4a08b89f07a4a395620f6df5c1d239f4,americanfootball_nfl,2025-09-26T00:16:00Z,Arizona Cardinals,Seattle Seahawks,draftkings,DraftKings,player_anytime_td,Yes,3500,,Dareke Young,anytime_td
4a08b89f07a4a395620f6df5c1d239f4,americanfootball_nfl,2025-09-26T00:16:00Z,Arizona Cardinals,Seattle Seahawks,draftkings,DraftKings,player_pass_attempts,Over,-126,31.5,Kyler Murray,pass_attempts
4a08b89f07a4a395620f6df5c1d239f4,americanfootball_nfl,2025-09-26T00:16:00Z,Arizona Cardinals,Seattle Seahawks,draftkings,DraftKings,player_pass_attempts,Under,-101,31.5,Kyler Murray,pass_attempts
4a08b89f07a4a395620f6df5c1d239f4,americanfootball_nfl,2025-09-26T00:16:00Z,Arizona Cardinals,Seattle Seahawks,draftkings,DraftKings,player_pass_attempts,Over,-101,30.5,Sam Darnold,pass_attempts
4a08b89f07a4a395620f6df5c1d239f4,americanfootball_nfl,2025-09-26T00:16:00Z,Arizona Cardinals,Seattle Seahawks,draftkings,DraftKings,player_pass_attempts,Under,-126,30.5,Sam Darnold,pass_attempts
4a08b89f07a4a395620f6df5c1d239f4,americanfootball_nfl,2025-09-26T00:16:00Z,Arizona Cardinals,Seattle Seahawks,draftkings,DraftKings,player_pass_completions,Over,104,21.5,Kyler Murray,pass_completions
4a08b89f07a4a395620f6df5c1d239f4,americanfootball_nfl,2025-09-26T00:16:00Z,Arizona Cardinals,Seattle Seahawks,draftkings,DraftKings,player_pass_completions,Under,-132,21.5,Kyler Murray,pass_completions
4a08b89f07a4a395620f6df5c1d239f4,americanfootball_nfl,2025-09-26T00:16:00Z,Arizona Cardinals,Seattle Seahawks,draftkings,DraftKings,player_pass_completions,Over,-127,19.5,Sam Darnold,pass_completions
4a08b89f07a4a395620f6df5c1d239f4,americanfootball_nfl,2025-09-26T00:16:00Z,Arizona Cardinals,Seattle Seahawks,draftkings,DraftKings,player_pass_completions,Under,100,19.5,Sam Darnold,pass_completions
4a08b89f07a4a395620f6df5c1d239f4,americanfootball_nfl,2025-09-26T00:16:00Z,Arizona Cardinals,Seattle Seahawks,draftkings,DraftKings,player_pass_interceptions,Over,-107,0.5,Kyler Murray,pass_interceptions
4a08b89f07a4a395620f6df5c1d239f4,americanfootball_nfl,2025-09-26T00:16:00Z,Arizona Cardinals,Seattle Seahawks,draftkings,DraftKings,player_pass_interceptions,Under,-119,0.5,Kyler Murray,pass_interceptions
4a08b89f07a4a395620f6df5c1d239f4,americanfootball_nfl,2025-09-26T00:16:00Z,Arizona Cardinals,Seattle Seahawks,draftkings,DraftKings,player_pass_interceptions,Over,-107,0.5,Sam Darnold,pass_interceptions
4a08b89f07a4a395620f6df5c1d239f4,americanfootball_nfl,2025-09-26T00:16:00Z,Arizona Cardinals,Seattle Seahawks,draftkings,DraftKings,player_pass_interceptions,Under,-120,0.5,Sam Darnold,pass_interceptions
4a08b89f07a4a395620f6df5c1d239f4,americanfootball_nfl,2025-09-26T00:16:00Z,Arizona Cardinals,Seattle Seahawks,draftkings,DraftKings,player_pass_tds,Over,136,1.5,Kyler Murray,pass_tds
4a08b89f07a4a395620f6df5c1d239f4,americanfootball_nfl,2025-09-26T00:16:00Z,Arizona Cardinals,Seattle Seahawks,draftkings,DraftKings,player_pass_tds,Under,-175,1.5,Kyler Murray,pass_tds
4a08b89f07a4a395620f6df5c1d239f4,americanfootball_nfl,2025-09-26T00:16:00Z,Arizona Cardinals,Seattle Seahawks,draftkings,DraftKings,player_pass_tds,Over,156,1.5,Sam Darnold,pass_tds
4a08b89f07a4a395620f6df5c1d239f4,americanfootball_nfl,2025-09-26T00:16:00Z,Arizona Cardinals,Seattle Seahawks,draftkings,DraftKings,player_pass_tds,Under,-201,1.5,Sam Darnold,pass_tds
4a08b89f07a4a395620f6df5c1d239f4,americanfootball_nfl,2025-09-26T00:16:00Z,Arizona Cardinals,Seattle Seahawks,draftkings,DraftKings,player_pass_yds,Over,-111,227.5,Sam Darnold,pass_yds
4a08b89f07a4a395620f6df5c1d239f4,americanfootball_nfl,2025-09-26T00:16:00Z,Arizona Cardinals,Seattle Seahawks,draftkings,DraftKings,player_pass_yds,Under,-113,227.5,Sam Darnold,pass_yds
4a08b89f07a4a395620f6df5c1d239f4,americanfootball_nfl,2025-09-26T00:16:00Z,Arizona Cardinals,Seattle Seahawks,draftkings,DraftKings,player_pass_yds,Over,-111,213.5,Kyler Murray,pass_yds
4a08b89f07a4a395620f6df5c1d239f4,americanfootball_nfl,2025-09-26T00:16:00Z,Arizona Cardinals,Seattle Seahawks,draftkings,DraftKings,player_pass_yds,Under,-113,213.5,Kyler Murray,pass_yds
4a08b89f07a4a395620f6df5c1d239f4,americanfootball_nfl,2025-09-26T00:16:00Z,Arizona Cardinals,Seattle Seahawks,draftkings,DraftKings,player_reception_yds,Over,-112,84.5,Jaxon Smith-Njigba,reception_yds
4a08b89f07a4a395620f6df5c1d239f4,americanfootball_nfl,2025-09-26T00:16:00Z,Arizona Cardinals,Seattle Seahawks,draftkings,DraftKings,player_reception_yds,Under,-112,84.5,Jaxon Smith-Njigba,reception_yds
4a08b89f07a4a395620f6df5c1d239f4,americanfootball_nfl,2025-09-26T00:16:00Z,Arizona Cardinals,Seattle Seahawks,draftkings,DraftKings,player_reception_yds,Over,-114,64.5,Trey McBride,reception_yds
4a08b89f07a4a395620f6df5c1d239f4,americanfootball_nfl,2025-09-26T00:16:00Z,Arizona Cardinals,Seattle Seahawks,draftkings,DraftKings,player_reception_yds,Under,-110,64.5,Trey McBride,reception_yds
4a08b89f07a4a395620f6df5c1d239f4,americanfootball_nfl,2025-09-26T00:16:00Z,Arizona Cardinals,Seattle Seahawks,draftkings,DraftKings,player_reception_yds,Over,-111,46.5,Marvin Harrison Jr.,reception_yds
4a08b89f07a4a395620f6df5c1d239f4,americanfootball_nfl,2025-09-26T00:16:00Z,Arizona Cardinals,Seattle Seahawks,draftkings,DraftKings,player_reception_yds,Under,-113,46.5,Marvin Harrison Jr.,reception_yds
4a08b89f07a4a395620f6df5c1d239f4,americanfootball_nfl,2025-09-26T00:16:00Z,Arizona Cardinals,Seattle Seahawks,draftkings,DraftKings,player_reception_yds,Over,-110,42.5,Cooper Kupp,reception_yds
4a08b89f07a4a395620f6df5c1d239f4,americanfootball_nfl,2025-09-26T00:16:00Z,Arizona Cardinals,Seattle Seahawks,draftkings,DraftKings,player_reception_yds,Under,-114,42.5,Cooper Kupp,reception_yds
4a08b89f07a4a395620f6df5c1d239f4,americanfootball_nfl,2025-09-26T00:16:00Z,Arizona Cardinals,Seattle Seahawks,draftkings,DraftKings,player_reception_yds,Over,-109,26.5,Tory Horton,reception_yds
4a08b89f07a4a395620f6df5c1d239f4,americanfootball_nfl,2025-09-26T00:16:00Z,Arizona Cardinals,Seattle Seahawks,draftkings,DraftKings,player_reception_yds,Under,-115,26.5,Tory Horton,reception_yds
4a08b89f07a4a395620f6df5c1d239f4,americanfootball_nfl,2025-09-26T00:16:00Z,Arizona Cardinals,Seattle Seahawks,draftkings,DraftKings,player_reception_yds,Over,-111,22.5,Trey Benson,reception_yds
4a08b89f07a4a395620f6df5c1d239f4,americanfootball_nfl,2025-09-26T00:16:00Z,Arizona Cardinals,Seattle Seahawks,draftkings,DraftKings,player_reception_yds,Under,-113,22.5,Trey Benson,reception_yds
4a08b89f07a4a395620f6df5c1d239f4,americanfootball_nfl,2025-09-26T00:16:00Z,Arizona Cardinals,Seattle Seahawks,draftkings,DraftKings,player_reception_yds,Over,-114,20.5,Michael Wilson,reception_yds
4a08b89f07a4a395620f6df5c1d239f4,americanfootball_nfl,2025-09-26T00:16:00Z,Arizona Cardinals,Seattle Seahawks,draftkings,DraftKings,player_reception_yds,Under,-110,20.5,Michael Wilson,reception_yds
4a08b89f07a4a395620f6df5c1d239f4,americanfootball_nfl,2025-09-26T00:16:00Z,Arizona Cardinals,Seattle Seahawks,draftkings,DraftKings,player_reception_yds,Over,-108,16.5,AJ Barner,reception_yds
4a08b89f07a4a395620f6df5c1d239f4,americanfootball_nfl,2025-09-26T00:16:00Z,Arizona Cardinals,Seattle Seahawks,draftkings,DraftKings,player_reception_yds,Under,-116,16.5,AJ Barner,reception_yds
4a08b89f07a4a395620f6df5c1d239f4,americanfootball_nfl,2025-09-26T00:16:00Z,Arizona Cardinals,Seattle Seahawks,draftkings,DraftKings,player_reception_yds,Over,-115,12.5,Kenneth Walker III,reception_yds
4a08b89f07a4a395620f6df5c1d239f4,americanfootball_nfl,2025-09-26T00:16:00Z,Arizona Cardinals,Seattle Seahawks,draftkings,DraftKings,player_reception_yds,Under,-110,12.5,Kenneth Walker III,reception_yds
4a08b89f07a4a395620f6df5c1d239f4,americanfootball_nfl,2025-09-26T00:16:00Z,Arizona Cardinals,Seattle Seahawks,draftkings,DraftKings,player_receptions,Over,-137,6.5,Jaxon Smith-Njigba,receptions
4a08b89f07a4a395620f6df5c1d239f4,americanfootball_nfl,2025-09-26T00:16:00Z,Arizona Cardinals,Seattle Seahawks,draftkings,DraftKings,player_receptions,Under,107,6.5,Jaxon Smith-Njigba,receptions
4a08b89f07a4a395620f6df5c1d239f4,americanfootball_nfl,2025-09-26T00:16:00Z,Arizona Cardinals,Seattle Seahawks,draftkings,DraftKings,player_receptions,Over,-109,6.5,Trey McBride,receptions
4a08b89f07a4a395620f6df5c1d239f4,americanfootball_nfl,2025-09-26T00:16:00Z,Arizona Cardinals,Seattle Seahawks,draftkings,DraftKings,player_receptions,Under,-117,6.5,Trey McBride,receptions
4a08b89f07a4a395620f6df5c1d239f4,americanfootball_nfl,2025-09-26T00:16:00Z,Arizona Cardinals,Seattle Seahawks,draftkings,DraftKings,player_receptions,Over,-146,3.5,Marvin Harrison Jr.,receptions
4a08b89f07a4a395620f6df5c1d239f4,americanfootball_nfl,2025-09-26T00:16:00Z,Arizona Cardinals,Seattle Seahawks,draftkings,DraftKings,player_receptions,Under,114,3.5,Marvin Harrison Jr.,receptions
4a08b89f07a4a395620f6df5c1d239f4,americanfootball_nfl,2025-09-26T00:16:00Z,Arizona Cardinals,Seattle Seahawks,draftkings,DraftKings,player_receptions,Over,-145,3.5,Cooper Kupp,receptions
4a08b89f07a4a395620f6df5c1d239f4,americanfootball_nfl,2025-09-26T00:16:00Z,Arizona Cardinals,Seattle Seahawks,draftkings,DraftKings,player_receptions,Under,114,3.5,Cooper Kupp,receptions
4a08b89f07a4a395620f6df5c1d239f4,americanfootball_nfl,2025-09-26T00:16:00Z,Arizona Cardinals,Seattle Seahawks,draftkings,DraftKings,player_receptions,Over,118,3.5,Trey Benson,receptions
4a08b89f07a4a395620f6df5c1d239f4,americanfootball_nfl,2025-09-26T00:16:00Z,Arizona Cardinals,Seattle Seahawks,draftkings,DraftKings,player_receptions,Under,-151,3.5,Trey Benson,receptions
4a08b89f07a4a395620f6df5c1d239f4,americanfootball_nfl,2025-09-26T00:16:00Z,Arizona Cardinals,Seattle Seahawks,draftkings,DraftKings,player_receptions,Over,132,2.5,Tory Horton,receptions
4a08b89f07a4a395620f6df5c1d239f4,americanfootball_nfl,2025-09-26T00:16:00Z,Arizona Cardinals,Seattle Seahawks,draftkings,DraftKings,player_receptions,Under,-169,2.5,Tory Horton,receptions
4a08b89f07a4a395620f6df5c1d239f4,americanfootball_nfl,2025-09-26T00:16:00Z,Arizona Cardinals,Seattle Seahawks,draftkings,DraftKings,player_receptions,Over,144,2.5,Michael Wilson,receptions
4a08b89f07a4a395620f6df5c1d239f4,americanfootball_nfl,2025-09-26T00:16:00Z,Arizona Cardinals,Seattle Seahawks,draftkings,DraftKings,player_receptions,Under,-185,2.5,Michael Wilson,receptions
4a08b89f07a4a395620f6df5c1d239f4,americanfootball_nfl,2025-09-26T00:16:00Z,Arizona Cardinals,Seattle Seahawks,draftkings,DraftKings,player_receptions,Over,147,2.5,AJ Barner,receptions
4a08b89f07a4a395620f6df5c1d239f4,americanfootball_nfl,2025-09-26T00:16:00Z,Arizona Cardinals,Seattle Seahawks,draftkings,DraftKings,player_receptions,Under,-188,2.5,AJ Barner,receptions
4a08b89f07a4a395620f6df5c1d239f4,americanfootball_nfl,2025-09-26T00:16:00Z,Arizona Cardinals,Seattle Seahawks,draftkings,DraftKings,player_rush_yds,Over,-110,58.5,Trey Benson,rush_yds
4a08b89f07a4a395620f6df5c1d239f4,americanfootball_nfl,2025-09-26T00:16:00Z,Arizona Cardinals,Seattle Seahawks,draftkings,DraftKings,player_rush_yds,Under,-114,58.5,Trey Benson,rush_yds
4a08b89f07a4a395620f6df5c1d239f4,americanfootball_nfl,2025-09-26T00:16:00Z,Arizona Cardinals,Seattle Seahawks,draftkings,DraftKings,player_rush_yds,Over,-111,53.5,Kenneth Walker III,rush_yds
4a08b89f07a4a395620f6df5c1d239f4,americanfootball_nfl,2025-09-26T00:16:00Z,Arizona Cardinals,Seattle Seahawks,draftkings,DraftKings,player_rush_yds,Under,-113,53.5,Kenneth Walker III,rush_yds
4a08b89f07a4a395620f6df5c1d239f4,americanfootball_nfl,2025-09-26T00:16:00Z,Arizona Cardinals,Seattle Seahawks,draftkings,DraftKings,player_rush_yds,Over,-115,40.5,Zach Charbonnet,rush_yds
4a08b89f07a4a395620f6df5c1d239f4,americanfootball_nfl,2025-09-26T00:16:00Z,Arizona Cardinals,Seattle Seahawks,draftkings,DraftKings,player_rush_yds,Under,-109,40.5,Zach Charbonnet,rush_yds
4a08b89f07a4a395620f6df5c1d239f4,americanfootball_nfl,2025-09-26T00:16:00Z,Arizona Cardinals,Seattle Seahawks,draftkings,DraftKings,player_rush_yds,Over,-111,28.5,Kyler Murray,rush_yds
4a08b89f07a4a395620f6df5c1d239f4,americanfootball_nfl,2025-09-26T00:16:00Z,Arizona Cardinals,Seattle Seahawks,draftkings,DraftKings,player_rush_yds,Under,-113,28.5,Kyler Murray,rush_yds
4a08b89f07a4a395620f6df5c1d239f4,americanfootball_nfl,2025-09-26T00:16:00Z,Arizona Cardinals,Seattle Seahawks,draftkings,DraftKings,player_rush_yds,Over,-116,13.5,Emari Demercado,rush_yds
4a08b89f07a4a395620f6df5c1d239f4,americanfootball_nfl,2025-09-26T00:16:00Z,Arizona Cardinals,Seattle Seahawks,draftkings,DraftKings,player_rush_yds,Under,-108,13.5,Emari Demercado,rush_yds
4a08b89f07a4a395620f6df5c1d239f4,americanfootball_nfl,2025-09-26T00:16:00Z,Arizona Cardinals,Seattle Seahawks,draftkings,DraftKings,player_rush_yds,Over,-116,8.5,Sam Darnold,rush_yds
4a08b89f07a4a395620f6df5c1d239f4,americanfootball_nfl,2025-09-26T00:16:00Z,Arizona Cardinals,Seattle Seahawks,draftkings,DraftKings,player_rush_yds,Under,-108,8.5,Sam Darnold,rush_yds
4dd631102a977fd398f7ea594ed208f2,americanfootball_nfl,2025-09-28T13:31:00Z,Pittsburgh Steelers,Minnesota Vikings,draftkings,DraftKings,player_anytime_td,Yes,-125,,Jordan Mason,anytime_td
4dd631102a977fd398f7ea594ed208f2,americanfootball_nfl,2025-09-28T13:31:00Z,Pittsburgh Steelers,Minnesota Vikings,draftkings,DraftKings,player_anytime_td,Yes,140,,Jaylen Warren,anytime_td
4dd631102a977fd398f7ea594ed208f2,americanfootball_nfl,2025-09-28T13:31:00Z,Pittsburgh Steelers,Minnesota Vikings,draftkings,DraftKings,player_anytime_td,Yes,145,,DK Metcalf,anytime_td
4dd631102a977fd398f7ea594ed208f2,americanfootball_nfl,2025-09-28T13:31:00Z,Pittsburgh Steelers,Minnesota Vikings,draftkings,DraftKings,player_anytime_td,Yes,145,,Justin Jefferson,anytime_td
4dd631102a977fd398f7ea594ed208f2,americanfootball_nfl,2025-09-28T13:31:00Z,Pittsburgh Steelers,Minnesota Vikings,draftkings,DraftKings,player_anytime_td,Yes,255,,T.J. Hockenson,anytime_td
4dd631102a977fd398f7ea594ed208f2,americanfootball_nfl,2025-09-28T13:31:00Z,Pittsburgh Steelers,Minnesota Vikings,draftkings,DraftKings,player_anytime_td,Yes,270,,Calvin Austin III,anytime_td
4dd631102a977fd398f7ea594ed208f2,americanfootball_nfl,2025-09-28T13:31:00Z,Pittsburgh Steelers,Minnesota Vikings,draftkings,DraftKings,player_anytime_td,Yes,275,,Jordan Addison,anytime_td
4dd631102a977fd398f7ea594ed208f2,americanfootball_nfl,2025-09-28T13:31:00Z,Pittsburgh Steelers,Minnesota Vikings,draftkings,DraftKings,player_anytime_td,Yes,340,,Jonnu Smith,anytime_td
4dd631102a977fd398f7ea594ed208f2,americanfootball_nfl,2025-09-28T13:31:00Z,Pittsburgh Steelers,Minnesota Vikings,draftkings,DraftKings,player_anytime_td,Yes,360,,Kenneth Gainwell,anytime_td
4dd631102a977fd398f7ea594ed208f2,americanfootball_nfl,2025-09-28T13:31:00Z,Pittsburgh Steelers,Minnesota Vikings,draftkings,DraftKings,player_anytime_td,Yes,425,,Pat Freiermuth,anytime_td
4dd631102a977fd398f7ea594ed208f2,americanfootball_nfl,2025-09-28T13:31:00Z,Pittsburgh Steelers,Minnesota Vikings,draftkings,DraftKings,player_anytime_td,Yes,475,,Pittsburgh Steelers D/ST,anytime_td
4dd631102a977fd398f7ea594ed208f2,americanfootball_nfl,2025-09-28T13:31:00Z,Pittsburgh Steelers,Minnesota Vikings,draftkings,DraftKings,player_anytime_td,Yes,500,,Minnesota Vikings D/ST,anytime_td
4dd631102a977fd398f7ea594ed208f2,americanfootball_nfl,2025-09-28T13:31:00Z,Pittsburgh Steelers,Minnesota Vikings,draftkings,DraftKings,player_anytime_td,Yes,550,,Jalen Nailor,anytime_td
4dd631102a977fd398f7ea594ed208f2,americanfootball_nfl,2025-09-28T13:31:00Z,Pittsburgh Steelers,Minnesota Vikings,draftkings,DraftKings,player_anytime_td,Yes,650,,Zavier Scott,anytime_td
4dd631102a977fd398f7ea594ed208f2,americanfootball_nfl,2025-09-28T13:31:00Z,Pittsburgh Steelers,Minnesota Vikings,draftkings,DraftKings,player_anytime_td,Yes,650,,Cam Akers,anytime_td
4dd631102a977fd398f7ea594ed208f2,americanfootball_nfl,2025-09-28T13:31:00Z,Pittsburgh Steelers,Minnesota Vikings,draftkings,DraftKings,player_anytime_td,Yes,700,,Adam Thielen,anytime_td
4dd631102a977fd398f7ea594ed208f2,americanfootball_nfl,2025-09-28T13:31:00Z,Pittsburgh Steelers,Minnesota Vikings,draftkings,DraftKings,player_anytime_td,Yes,700,,Carson Wentz,anytime_td
4dd631102a977fd398f7ea594ed208f2,americanfootball_nfl,2025-09-28T13:31:00Z,Pittsburgh Steelers,Minnesota Vikings,draftkings,DraftKings,player_anytime_td,Yes,900,,Darnell Washington,anytime_td
4dd631102a977fd398f7ea594ed208f2,americanfootball_nfl,2025-09-28T13:31:00Z,Pittsburgh Steelers,Minnesota Vikings,draftkings,DraftKings,player_anytime_td,Yes,1000,,Roman Wilson,anytime_td
4dd631102a977fd398f7ea594ed208f2,americanfootball_nfl,2025-09-28T13:31:00Z,Pittsburgh Steelers,Minnesota Vikings,draftkings,DraftKings,player_anytime_td,Yes,1100,,Ben Skowronek,anytime_td
4dd631102a977fd398f7ea594ed208f2,americanfootball_nfl,2025-09-28T13:31:00Z,Pittsburgh Steelers,Minnesota Vikings,draftkings,DraftKings,player_anytime_td,Yes,1200,,Josh Oliver,anytime_td
4dd631102a977fd398f7ea594ed208f2,americanfootball_nfl,2025-09-28T13:31:00Z,Pittsburgh Steelers,Minnesota Vikings,draftkings,DraftKings,player_anytime_td,Yes,1500,,C.J. Ham,anytime_td
4dd631102a977fd398f7ea594ed208f2,americanfootball_nfl,2025-09-28T13:31:00Z,Pittsburgh Steelers,Minnesota Vikings,draftkings,DraftKings,player_anytime_td,Yes,1800,,Scott Miller,anytime_td
4dd631102a977fd398f7ea594ed208f2,americanfootball_nfl,2025-09-28T13:31:00Z,Pittsburgh Steelers,Minnesota Vikings,draftkings,DraftKings,player_anytime_td,Yes,1800,,Myles Price,anytime_td
4dd631102a977fd398f7ea594ed208f2,americanfootball_nfl,2025-09-28T13:31:00Z,Pittsburgh Steelers,Minnesota Vikings,draftkings,DraftKings,player_anytime_td,Yes,2000,,Connor Heyward,anytime_td
4dd631102a977fd398f7ea594ed208f2,americanfootball_nfl,2025-09-28T13:31:00Z,Pittsburgh Steelers,Minnesota Vikings,draftkings,DraftKings,player_anytime_td,Yes,2200,,Trey Sermon,anytime_td
4dd631102a977fd398f7ea594ed208f2,americanfootball_nfl,2025-09-28T13:31:00Z,Pittsburgh Steelers,Minnesota Vikings,draftkings,DraftKings,player_anytime_td,Yes,2200,,Kaleb Johnson,anytime_td
4dd631102a977fd398f7ea594ed208f2,americanfootball_nfl,2025-09-28T13:31:00Z,Pittsburgh Steelers,Minnesota Vikings,draftkings,DraftKings,player_anytime_td,Yes,2200,,Tai Felton,anytime_td
4dd631102a977fd398f7ea594ed208f2,americanfootball_nfl,2025-09-28T13:31:00Z,Pittsburgh Steelers,Minnesota Vikings,draftkings,DraftKings,player_anytime_td,Yes,2800,,Aaron Rodgers,anytime_td
4dd631102a977fd398f7ea594ed208f2,americanfootball_nfl,2025-09-28T13:31:00Z,Pittsburgh Steelers,Minnesota Vikings,draftkings,DraftKings,player_pass_attempts,Over,-122,30.5,Aaron Rodgers,pass_attempts
4dd631102a977fd398f7ea594ed208f2,americanfootball_nfl,2025-09-28T13:31:00Z,Pittsburgh Steelers,Minnesota Vikings,draftkings,DraftKings,player_pass_attempts,Under,-104,30.5,Aaron Rodgers,pass_attempts
4dd631102a977fd398f7ea594ed208f2,americanfootball_nfl,2025-09-28T13:31:00Z,Pittsburgh Steelers,Minnesota Vikings,draftkings,DraftKings,player_pass_attempts,Over,-116,30.5,Carson Wentz,pass_attempts
4dd631102a977fd398f7ea594ed208f2,americanfootball_nfl,2025-09-28T13:31:00Z,Pittsburgh Steelers,Minnesota Vikings,draftkings,DraftKings,player_pass_attempts,Under,-110,30.5,Carson Wentz,pass_attempts
4dd631102a977fd398f7ea594ed208f2,americanfootball_nfl,2025-09-28T13:31:00Z,Pittsburgh Steelers,Minnesota Vikings,draftkings,DraftKings,player_pass_completions,Over,-129,19.5,Aaron Rodgers,pass_completions
4dd631102a977fd398f7ea594ed208f2,americanfootball_nfl,2025-09-28T13:31:00Z,Pittsburgh Steelers,Minnesota Vikings,draftkings,DraftKings,player_pass_completions,Under,101,19.5,Aaron Rodgers,pass_completions
4dd631102a977fd398f7ea594ed208f2,americanfootball_nfl,2025-09-28T13:31:00Z,Pittsburgh Steelers,Minnesota Vikings,draftkings,DraftKings,player_pass_completions,Over,-113,19.5,Carson Wentz,pass_completions
4dd631102a977fd398f7ea594ed208f2,americanfootball_nfl,2025-09-28T13:31:00Z,Pittsburgh Steelers,Minnesota Vikings,draftkings,DraftKings,player_pass_completions,Under,-112,19.5,Carson Wentz,pass_completions
4dd631102a977fd398f7ea594ed208f2,americanfootball_nfl,2025-09-28T13:31:00Z,Pittsburgh Steelers,Minnesota Vikings,draftkings,DraftKings,player_pass_interceptions,Over,107,0.5,Aaron Rodgers,pass_interceptions
4dd631102a977fd398f7ea594ed208f2,americanfootball_nfl,2025-09-28T13:31:00Z,Pittsburgh Steelers,Minnesota Vikings,draftkings,DraftKings,player_pass_interceptions,Under,-137,0.5,Aaron Rodgers,pass_interceptions
4dd631102a977fd398f7ea594ed208f2,americanfootball_nfl,2025-09-28T13:31:00Z,Pittsburgh Steelers,Minnesota Vikings,draftkings,DraftKings,player_pass_interceptions,Over,-130,0.5,Carson Wentz,pass_interceptions
4dd631102a977fd398f7ea594ed208f2,americanfootball_nfl,2025-09-28T13:31:00Z,Pittsburgh Steelers,Minnesota Vikings,draftkings,DraftKings,player_pass_interceptions,Under,102,0.5,Carson Wentz,pass_interceptions
4dd631102a977fd398f7ea594ed208f2,americanfootball_nfl,2025-09-28T13:31:00Z,Pittsburgh Steelers,Minnesota Vikings,draftkings,DraftKings,player_pass_tds,Over,134,1.5,Aaron Rodgers,pass_tds
4dd631102a977fd398f7ea594ed208f2,americanfootball_nfl,2025-09-28T13:31:00Z,Pittsburgh Steelers,Minnesota Vikings,draftkings,DraftKings,player_pass_tds,Under,-171,1.5,Aaron Rodgers,pass_tds
4dd631102a977fd398f7ea594ed208f2,americanfootball_nfl,2025-09-28T13:31:00Z,Pittsburgh Steelers,Minnesota Vikings,draftkings,DraftKings,player_pass_tds,Over,158,1.5,Carson Wentz,pass_tds
4dd631102a977fd398f7ea594ed208f2,americanfootball_nfl,2025-09-28T13:31:00Z,Pittsburgh Steelers,Minnesota Vikings,draftkings,DraftKings,player_pass_tds,Under,-204,1.5,Carson Wentz,pass_tds
4dd631102a977fd398f7ea594ed208f2,americanfootball_nfl,2025-09-28T13:31:00Z,Pittsburgh Steelers,Minnesota Vikings,draftkings,DraftKings,player_pass_yds,Over,-113,210.5,Carson Wentz,pass_yds
4dd631102a977fd398f7ea594ed208f2,americanfootball_nfl,2025-09-28T13:31:00Z,Pittsburgh Steelers,Minnesota Vikings,draftkings,DraftKings,player_pass_yds,Under,-111,210.5,Carson Wentz,pass_yds
4dd631102a977fd398f7ea594ed208f2,americanfootball_nfl,2025-09-28T13:31:00Z,Pittsburgh Steelers,Minnesota Vikings,draftkings,DraftKings,player_pass_yds,Over,-113,202.5,Aaron Rodgers,pass_yds
4dd631102a977fd398f7ea594ed208f2,americanfootball_nfl,2025-09-28T13:31:00Z,Pittsburgh Steelers,Minnesota Vikings,draftkings,DraftKings,player_pass_yds,Under,-111,202.5,Aaron Rodgers,pass_yds
4dd631102a977fd398f7ea594ed208f2,americanfootball_nfl,2025-09-28T13:31:00Z,Pittsburgh Steelers,Minnesota Vikings,draftkings,DraftKings,player_reception_yds,Over,-113,77.5,Justin Jefferson,reception_yds
4dd631102a977fd398f7ea594ed208f2,americanfootball_nfl,2025-09-28T13:31:00Z,Pittsburgh Steelers,Minnesota Vikings,draftkings,DraftKings,player_reception_yds,Under,-111,77.5,Justin Jefferson,reception_yds
4dd631102a977fd398f7ea594ed208f2,americanfootball_nfl,2025-09-28T13:31:00Z,Pittsburgh Steelers,Minnesota Vikings,draftkings,DraftKings,player_reception_yds,Over,-111,50.5,DK Metcalf,reception_yds
4dd631102a977fd398f7ea594ed208f2,americanfootball_nfl,2025-09-28T13:31:00Z,Pittsburgh Steelers,Minnesota Vikings,draftkings,DraftKings,player_reception_yds,Under,-113,50.5,DK Metcalf,reception_yds
4dd631102a977fd398f7ea594ed208f2,americanfootball_nfl,2025-09-28T13:31:00Z,Pittsburgh Steelers,Minnesota Vikings,draftkings,DraftKings,player_reception_yds,Over,-114,40.5,Jordan Addison,reception_yds
4dd631102a977fd398f7ea594ed208f2,americanfootball_nfl,2025-09-28T13:31:00Z,Pittsburgh Steelers,Minnesota Vikings,draftkings,DraftKings,player_reception_yds,Under,-110,40.5,Jordan Addison,reception_yds
4dd631102a977fd398f7ea594ed208f2,americanfootball_nfl,2025-09-28T13:31:00Z,Pittsburgh Steelers,Minnesota Vikings,draftkings,DraftKings,player_reception_yds,Over,-115,35.5,T.J. Hockenson,reception_yds
4dd631102a977fd398f7ea594ed208f2,americanfootball_nfl,2025-09-28T13:31:00Z,Pittsburgh Steelers,Minnesota Vikings,draftkings,DraftKings,player_reception_yds,Under,-109,35.5,T.J. Hockenson,reception_yds
4dd631102a977fd398f7ea594ed208f2,americanfootball_nfl,2025-09-28T13:31:00Z,Pittsburgh Steelers,Minnesota Vikings,draftkings,DraftKings,player_reception_yds,Over,-110,35.5,Calvin Austin III,reception_yds
4dd631102a977fd398f7ea594ed208f2,americanfootball_nfl,2025-09-28T13:31:00Z,Pittsburgh Steelers,Minnesota Vikings,draftkings,DraftKings,player_reception_yds,Under,-114,35.5,Calvin Austin III,reception_yds
4dd631102a977fd398f7ea594ed208f2,americanfootball_nfl,2025-09-28T13:31:00Z,Pittsburgh Steelers,Minnesota Vikings,draftkings,DraftKings,player_reception_yds,Over,-109,29.5,Jonnu Smith,reception_yds
4dd631102a977fd398f7ea594ed208f2,americanfootball_nfl,2025-09-28T13:31:00Z,Pittsburgh Steelers,Minnesota Vikings,draftkings,DraftKings,player_reception_yds,Under,-115,29.5,Jonnu Smith,reception_yds
4dd631102a977fd398f7ea594ed208f2,americanfootball_nfl,2025-09-28T13:31:00Z,Pittsburgh Steelers,Minnesota Vikings,draftkings,DraftKings,player_reception_yds,Over,-111,23.5,Jaylen Warren,reception_yds
4dd631102a977fd398f7ea594ed208f2,americanfootball_nfl,2025-09-28T13:31:00Z,Pittsburgh Steelers,Minnesota Vikings,draftkings,DraftKings,player_reception_yds,Under,-113,23.5,Jaylen Warren,reception_yds
4dd631102a977fd398f7ea594ed208f2,americanfootball_nfl,2025-09-28T13:31:00Z,Pittsburgh Steelers,Minnesota Vikings,draftkings,DraftKings,player_reception_yds,Over,-116,20.5,Pat Freiermuth,reception_yds
4dd631102a977fd398f7ea594ed208f2,americanfootball_nfl,2025-09-28T13:31:00Z,Pittsburgh Steelers,Minnesota Vikings,draftkings,DraftKings,player_reception_yds,Under,-108,20.5,Pat Freiermuth,reception_yds
4dd631102a977fd398f7ea594ed208f2,americanfootball_nfl,2025-09-28T13:31:00Z,Pittsburgh Steelers,Minnesota Vikings,draftkings,DraftKings,player_reception_yds,Over,-116,11.5,Jordan Mason,reception_yds
4dd631102a977fd398f7ea594ed208f2,americanfootball_nfl,2025-09-28T13:31:00Z,Pittsburgh Steelers,Minnesota Vikings,draftkings,DraftKings,player_reception_yds,Under,-108,11.5,Jordan Mason,reception_yds
4dd631102a977fd398f7ea594ed208f2,americanfootball_nfl,2025-09-28T13:31:00Z,Pittsburgh Steelers,Minnesota Vikings,draftkings,DraftKings,player_receptions,Over,-128,5.5,Justin Jefferson,receptions
4dd631102a977fd398f7ea594ed208f2,americanfootball_nfl,2025-09-28T13:31:00Z,Pittsburgh Steelers,Minnesota Vikings,draftkings,DraftKings,player_receptions,Under,101,5.5,Justin Jefferson,receptions
4dd631102a977fd398f7ea594ed208f2,americanfootball_nfl,2025-09-28T13:31:00Z,Pittsburgh Steelers,Minnesota Vikings,draftkings,DraftKings,player_receptions,Over,129,4.5,DK Metcalf,receptions
4dd631102a977fd398f7ea594ed208f2,americanfootball_nfl,2025-09-28T13:31:00Z,Pittsburgh Steelers,Minnesota Vikings,draftkings,DraftKings,player_receptions,Under,-165,4.5,DK Metcalf,receptions
4dd631102a977fd398f7ea594ed208f2,americanfootball_nfl,2025-09-28T13:31:00Z,Pittsburgh Steelers,Minnesota Vikings,draftkings,DraftKings,player_receptions,Over,-159,3.5,T.J. Hockenson,receptions
4dd631102a977fd398f7ea594ed208f2,americanfootball_nfl,2025-09-28T13:31:00Z,Pittsburgh Steelers,Minnesota Vikings,draftkings,DraftKings,player_receptions,Under,124,3.5,T.J. Hockenson,receptions
4dd631102a977fd398f7ea594ed208f2,americanfootball_nfl,2025-09-28T13:31:00Z,Pittsburgh Steelers,Minnesota Vikings,draftkings,DraftKings,player_receptions,Over,103,3.5,Jonnu Smith,receptions
4dd631102a977fd398f7ea594ed208f2,americanfootball_nfl,2025-09-28T13:31:00Z,Pittsburgh Steelers,Minnesota Vikings,draftkings,DraftKings,player_receptions,Under,-131,3.5,Jonnu Smith,receptions
4dd631102a977fd398f7ea594ed208f2,americanfootball_nfl,2025-09-28T13:31:00Z,Pittsburgh Steelers,Minnesota Vikings,draftkings,DraftKings,player_receptions,Over,105,3.5,Jordan Addison,receptions
4dd631102a977fd398f7ea594ed208f2,americanfootball_nfl,2025-09-28T13:31:00Z,Pittsburgh Steelers,Minnesota Vikings,draftkings,DraftKings,player_receptions,Under,-134,3.5,Jordan Addison,receptions
4dd631102a977fd398f7ea594ed208f2,americanfootball_nfl,2025-09-28T13:31:00Z,Pittsburgh Steelers,Minnesota Vikings,draftkings,DraftKings,player_receptions,Over,108,3.5,Jaylen Warren,receptions
4dd631102a977fd398f7ea594ed208f2,americanfootball_nfl,2025-09-28T13:31:00Z,Pittsburgh Steelers,Minnesota Vikings,draftkings,DraftKings,player_receptions,Under,-138,3.5,Jaylen Warren,receptions
4dd631102a977fd398f7ea594ed208f2,americanfootball_nfl,2025-09-28T13:31:00Z,Pittsburgh Steelers,Minnesota Vikings,draftkings,DraftKings,player_receptions,Over,-154,2.5,Calvin Austin III,receptions
4dd631102a977fd398f7ea594ed208f2,americanfootball_nfl,2025-09-28T13:31:00Z,Pittsburgh Steelers,Minnesota Vikings,draftkings,DraftKings,player_receptions,Under,121,2.5,Calvin Austin III,receptions
4dd631102a977fd398f7ea594ed208f2,americanfootball_nfl,2025-09-28T13:31:00Z,Pittsburgh Steelers,Minnesota Vikings,draftkings,DraftKings,player_receptions,Over,-153,1.5,Jordan Mason,receptions
4dd631102a977fd398f7ea594ed208f2,americanfootball_nfl,2025-09-28T13:31:00Z,Pittsburgh Steelers,Minnesota Vikings,draftkings,DraftKings,player_receptions,Under,120,1.5,Jordan Mason,receptions
4dd631102a977fd398f7ea594ed208f2,americanfootball_nfl,2025-09-28T13:31:00Z,Pittsburgh Steelers,Minnesota Vikings,draftkings,DraftKings,player_rush_yds,Over,-114,80.5,Jordan Mason,rush_yds
4dd631102a977fd398f7ea594ed208f2,americanfootball_nfl,2025-09-28T13:31:00Z,Pittsburgh Steelers,Minnesota Vikings,draftkings,DraftKings,player_rush_yds,Under,-110,80.5,Jordan Mason,rush_yds
4dd631102a977fd398f7ea594ed208f2,americanfootball_nfl,2025-09-28T13:31:00Z,Pittsburgh Steelers,Minnesota Vikings,draftkings,DraftKings,player_rush_yds,Over,-114,57.5,Jaylen Warren,rush_yds
4dd631102a977fd398f7ea594ed208f2,americanfootball_nfl,2025-09-28T13:31:00Z,Pittsburgh Steelers,Minnesota Vikings,draftkings,DraftKings,player_rush_yds,Under,-110,57.5,Jaylen Warren,rush_yds
4dd631102a977fd398f7ea594ed208f2,americanfootball_nfl,2025-09-28T13:31:00Z,Pittsburgh Steelers,Minnesota Vikings,draftkings,DraftKings,player_rush_yds,Over,-113,19.5,Kenneth Gainwell,rush_yds
4dd631102a977fd398f7ea594ed208f2,americanfootball_nfl,2025-09-28T13:31:00Z,Pittsburgh Steelers,Minnesota Vikings,draftkings,DraftKings,player_rush_yds,Under,-111,19.5,Kenneth Gainwell,rush_yds
bcb1f89cf378a586097c50585e53acce,americanfootball_nfl,2025-09-28T17:00:00Z,Detroit Lions,Cleveland Browns,draftkings,DraftKings,player_anytime_td,Yes,-170,,Jahmyr Gibbs,anytime_td
bcb1f89cf378a586097c50585e53acce,americanfootball_nfl,2025-09-28T17:00:00Z,Detroit Lions,Cleveland Browns,draftkings,DraftKings,player_anytime_td,Yes,-120,,David Montgomery,anytime_td
bcb1f89cf378a586097c50585e53acce,americanfootball_nfl,2025-09-28T17:00:00Z,Detroit Lions,Cleveland Browns,draftkings,DraftKings,player_anytime_td,Yes,125,,Amon-Ra St. Brown,anytime_td
bcb1f89cf378a586097c50585e53acce,americanfootball_nfl,2025-09-28T17:00:00Z,Detroit Lions,Cleveland Browns,draftkings,DraftKings,player_anytime_td,Yes,145,,Quinshon Judkins,anytime_td
bcb1f89cf378a586097c50585e53acce,americanfootball_nfl,2025-09-28T17:00:00Z,Detroit Lions,Cleveland Browns,draftkings,DraftKings,player_anytime_td,Yes,185,,Sam LaPorta,anytime_td
bcb1f89cf378a586097c50585e53acce,americanfootball_nfl,2025-09-28T17:00:00Z,Detroit Lions,Cleveland Browns,draftkings,DraftKings,player_anytime_td,Yes,200,,Jameson Williams,anytime_td
bcb1f89cf378a586097c50585e53acce,americanfootball_nfl,2025-09-28T17:00:00Z,Detroit Lions,Cleveland Browns,draftkings,DraftKings,player_anytime_td,Yes,265,,Jerry Jeudy,anytime_td
bcb1f89cf378a586097c50585e53acce,americanfootball_nfl,2025-09-28T17:00:00Z,Detroit Lions,Cleveland Browns,draftkings,DraftKings,player_anytime_td,Yes,295,,David Njoku,anytime_td
bcb1f89cf378a586097c50585e53acce,americanfootball_nfl,2025-09-28T17:00:00Z,Detroit Lions,Cleveland Browns,draftkings,DraftKings,player_anytime_td,Yes,330,,Cedric Tillman,anytime_td
bcb1f89cf378a586097c50585e53acce,americanfootball_nfl,2025-09-28T17:00:00Z,Detroit Lions,Cleveland Browns,draftkings,DraftKings,player_anytime_td,Yes,425,,Harold Fannin Jr.,anytime_td
bcb1f89cf378a586097c50585e53acce,americanfootball_nfl,2025-09-28T17:00:00Z,Detroit Lions,Cleveland Browns,draftkings,DraftKings,player_anytime_td,Yes,450,,Detroit Lions D/ST,anytime_td
bcb1f89cf378a586097c50585e53acce,americanfootball_nfl,2025-09-28T17:00:00Z,Detroit Lions,Cleveland Browns,draftkings,DraftKings,player_anytime_td,Yes,475,,Kalif Raymond,anytime_td
bcb1f89cf378a586097c50585e53acce,americanfootball_nfl,2025-09-28T17:00:00Z,Detroit Lions,Cleveland Browns,draftkings,DraftKings,player_anytime_td,Yes,500,,Cleveland Browns D/ST,anytime_td
bcb1f89cf378a586097c50585e53acce,americanfootball_nfl,2025-09-28T17:00:00Z,Detroit Lions,Cleveland Browns,draftkings,DraftKings,player_anytime_td,Yes,650,,Isaac TeSlaa,anytime_td
bcb1f89cf378a586097c50585e53acce,americanfootball_nfl,2025-09-28T17:00:00Z,Detroit Lions,Cleveland Browns,draftkings,DraftKings,player_anytime_td,Yes,650,,Jerome Ford,anytime_td
bcb1f89cf378a586097c50585e53acce,americanfootball_nfl,2025-09-28T17:00:00Z,Detroit Lions,Cleveland Browns,draftkings,DraftKings,player_anytime_td,Yes,700,,Jared Goff,anytime_td
bcb1f89cf378a586097c50585e53acce,americanfootball_nfl,2025-09-28T17:00:00Z,Detroit Lions,Cleveland Browns,draftkings,DraftKings,player_anytime_td,Yes,700,,Dylan Sampson,anytime_td
bcb1f89cf378a586097c50585e53acce,americanfootball_nfl,2025-09-28T17:00:00Z,Detroit Lions,Cleveland Browns,draftkings,DraftKings,player_anytime_td,Yes,750,,Isaiah Bond,anytime_td
bcb1f89cf378a586097c50585e53acce,americanfootball_nfl,2025-09-28T17:00:00Z,Detroit Lions,Cleveland Browns,draftkings,DraftKings,player_anytime_td,Yes,850,,Brock Wright,anytime_td
bcb1f89cf378a586097c50585e53acce,americanfootball_nfl,2025-09-28T17:00:00Z,Detroit Lions,Cleveland Browns,draftkings,DraftKings,player_anytime_td,Yes,850,,Craig Reynolds,anytime_td
bcb1f89cf378a586097c50585e53acce,americanfootball_nfl,2025-09-28T17:00:00Z,Detroit Lions,Cleveland Browns,draftkings,DraftKings,player_anytime_td,Yes,950,,Jamari Thrash,anytime_td
bcb1f89cf378a586097c50585e53acce,americanfootball_nfl,2025-09-28T17:00:00Z,Detroit Lions,Cleveland Browns,draftkings,DraftKings,player_anytime_td,Yes,1100,,Shane Zylstra,anytime_td
bcb1f89cf378a586097c50585e53acce,americanfootball_nfl,2025-09-28T17:00:00Z,Detroit Lions,Cleveland Browns,draftkings,DraftKings,player_anytime_td,Yes,1500,,Sione Vaki,anytime_td
bcb1f89cf378a586097c50585e53acce,americanfootball_nfl,2025-09-28T17:00:00Z,Detroit Lions,Cleveland Browns,draftkings,DraftKings,player_anytime_td,Yes,1700,,Joe Flacco,anytime_td
bcb1f89cf378a586097c50585e53acce,americanfootball_nfl,2025-09-28T17:00:00Z,Detroit Lions,Cleveland Browns,draftkings,DraftKings,player_anytime_td,Yes,1700,,Malachi Corley,anytime_td
bcb1f89cf378a586097c50585e53acce,americanfootball_nfl,2025-09-28T17:00:00Z,Detroit Lions,Cleveland Browns,draftkings,DraftKings,player_anytime_td,Yes,2200,,DeAndre Carter,anytime_td
bcb1f89cf378a586097c50585e53acce,americanfootball_nfl,2025-09-28T17:00:00Z,Detroit Lions,Cleveland Browns,draftkings,DraftKings,player_anytime_td,Yes,2200,,Blake Whiteheart,anytime_td
bcb1f89cf378a586097c50585e53acce,americanfootball_nfl,2025-09-28T17:00:00Z,Detroit Lions,Cleveland Browns,draftkings,DraftKings,player_anytime_td,Yes,2800,,Dominic Lovett,anytime_td
bcb1f89cf378a586097c50585e53acce,americanfootball_nfl,2025-09-28T17:00:00Z,Detroit Lions,Cleveland Browns,draftkings,DraftKings,player_anytime_td,Yes,3000,,Raheim Sanders,anytime_td
bcb1f89cf378a586097c50585e53acce,americanfootball_nfl,2025-09-28T17:00:00Z,Detroit Lions,Cleveland Browns,draftkings,DraftKings,player_pass_tds,Over,-117,1.5,Jared Goff,pass_tds
bcb1f89cf378a586097c50585e53acce,americanfootball_nfl,2025-09-28T17:00:00Z,Detroit Lions,Cleveland Browns,draftkings,DraftKings,player_pass_tds,Under,-109,1.5,Jared Goff,pass_tds
bcb1f89cf378a586097c50585e53acce,americanfootball_nfl,2025-09-28T17:00:00Z,Detroit Lions,Cleveland Browns,draftkings,DraftKings,player_pass_tds,Over,189,1.5,Joe Flacco,pass_tds
bcb1f89cf378a586097c50585e53acce,americanfootball_nfl,2025-09-28T17:00:00Z,Detroit Lions,Cleveland Browns,draftkings,DraftKings,player_pass_tds,Under,-246,1.5,Joe Flacco,pass_tds
bcb1f89cf378a586097c50585e53acce,americanfootball_nfl,2025-09-28T17:00:00Z,Detroit Lions,Cleveland Browns,draftkings,DraftKings,player_pass_yds,Over,-113,228.5,Jared Goff,pass_yds
bcb1f89cf378a586097c50585e53acce,americanfootball_nfl,2025-09-28T17:00:00Z,Detroit Lions,Cleveland Browns,draftkings,DraftKings,player_pass_yds,Under,-111,228.5,Jared Goff,pass_yds
bcb1f89cf378a586097c50585e53acce,americanfootball_nfl,2025-09-28T17:00:00Z,Detroit Lions,Cleveland Browns,draftkings,DraftKings,player_pass_yds,Over,-111,215.5,Joe Flacco,pass_yds
bcb1f89cf378a586097c50585e53acce,americanfootball_nfl,2025-09-28T17:00:00Z,Detroit Lions,Cleveland Browns,draftkings,DraftKings,player_pass_yds,Under,-113,215.5,Joe Flacco,pass_yds
bcb1f89cf378a586097c50585e53acce,americanfootball_nfl,2025-09-28T17:00:00Z,Detroit Lions,Cleveland Browns,draftkings,DraftKings,player_reception_yds,Over,-114,64.5,Amon-Ra St. Brown,reception_yds
bcb1f89cf378a586097c50585e53acce,americanfootball_nfl,2025-09-28T17:00:00Z,Detroit Lions,Cleveland Browns,draftkings,DraftKings,player_reception_yds,Under,-110,64.5,Amon-Ra St. Brown,reception_yds
bcb1f89cf378a586097c50585e53acce,americanfootball_nfl,2025-09-28T17:00:00Z,Detroit Lions,Cleveland Browns,draftkings,DraftKings,player_reception_yds,Over,-114,48.5,Jerry Jeudy,reception_yds
bcb1f89cf378a586097c50585e53acce,americanfootball_nfl,2025-09-28T17:00:00Z,Detroit Lions,Cleveland Browns,draftkings,DraftKings,player_reception_yds,Under,-110,48.5,Jerry Jeudy,reception_yds
bcb1f89cf378a586097c50585e53acce,americanfootball_nfl,2025-09-28T17:00:00Z,Detroit Lions,Cleveland Browns,draftkings,DraftKings,player_reception_yds,Over,-110,42.5,Jameson Williams,reception_yds
bcb1f89cf378a586097c50585e53acce,americanfootball_nfl,2025-09-28T17:00:00Z,Detroit Lions,Cleveland Browns,draftkings,DraftKings,player_reception_yds,Under,-114,42.5,Jameson Williams,reception_yds
bcb1f89cf378a586097c50585e53acce,americanfootball_nfl,2025-09-28T17:00:00Z,Detroit Lions,Cleveland Browns,draftkings,DraftKings,player_reception_yds,Over,-114,36.5,Sam LaPorta,reception_yds
bcb1f89cf378a586097c50585e53acce,americanfootball_nfl,2025-09-28T17:00:00Z,Detroit Lions,Cleveland Browns,draftkings,DraftKings,player_reception_yds,Under,-110,36.5,Sam LaPorta,reception_yds
bcb1f89cf378a586097c50585e53acce,americanfootball_nfl,2025-09-28T17:00:00Z,Detroit Lions,Cleveland Browns,draftkings,DraftKings,player_reception_yds,Over,-112,31.5,Cedric Tillman,reception_yds
bcb1f89cf378a586097c50585e53acce,americanfootball_nfl,2025-09-28T17:00:00Z,Detroit Lions,Cleveland Browns,draftkings,DraftKings,player_reception_yds,Under,-112,31.5,Cedric Tillman,reception_yds
bcb1f89cf378a586097c50585e53acce,americanfootball_nfl,2025-09-28T17:00:00Z,Detroit Lions,Cleveland Browns,draftkings,DraftKings,player_reception_yds,Over,-114,27.5,Jahmyr Gibbs,reception_yds
bcb1f89cf378a586097c50585e53acce,americanfootball_nfl,2025-09-28T17:00:00Z,Detroit Lions,Cleveland Browns,draftkings,DraftKings,player_reception_yds,Under,-110,27.5,Jahmyr Gibbs,reception_yds
bcb1f89cf378a586097c50585e53acce,americanfootball_nfl,2025-09-28T17:00:00Z,Detroit Lions,Cleveland Browns,draftkings,DraftKings,player_rush_yds,Over,-111,62.5,Jahmyr Gibbs,rush_yds
bcb1f89cf378a586097c50585e53acce,americanfootball_nfl,2025-09-28T17:00:00Z,Detroit Lions,Cleveland Browns,draftkings,DraftKings,player_rush_yds,Under,-113,62.5,Jahmyr Gibbs,rush_yds
bcb1f89cf378a586097c50585e53acce,americanfootball_nfl,2025-09-28T17:00:00Z,Detroit Lions,Cleveland Browns,draftkings,DraftKings,player_rush_yds,Over,-115,57.5,Quinshon Judkins,rush_yds
bcb1f89cf378a586097c50585e53acce,americanfootball_nfl,2025-09-28T17:00:00Z,Detroit Lions,Cleveland Browns,draftkings,DraftKings,player_rush_yds,Under,-109,57.5,Quinshon Judkins,rush_yds
bcb1f89cf378a586097c50585e53acce,americanfootball_nfl,2025-09-28T17:00:00Z,Detroit Lions,Cleveland Browns,draftkings,DraftKings,player_rush_yds,Over,-113,45.5,David Montgomery,rush_yds
bcb1f89cf378a586097c50585e53acce,americanfootball_nfl,2025-09-28T17:00:00Z,Detroit Lions,Cleveland Browns,draftkings,DraftKings,player_rush_yds,Under,-111,45.5,David Montgomery,rush_yds
d921b1e86b0a30ad91000ffc360d302d,americanfootball_nfl,2025-09-28T17:00:00Z,New York Giants,Los Angeles Chargers,draftkings,DraftKings,player_anytime_td,Yes,-145,,Omarion Hampton,anytime_td
d921b1e86b0a30ad91000ffc360d302d,americanfootball_nfl,2025-09-28T17:00:00Z,New York Giants,Los Angeles Chargers,draftkings,DraftKings,player_anytime_td,Yes,-115,,Cam Skattebo,anytime_td
d921b1e86b0a30ad91000ffc360d302d,americanfootball_nfl,2025-09-28T17:00:00Z,New York Giants,Los Angeles Chargers,draftkings,DraftKings,player_anytime_td,Yes,170,,Keenan Allen,anytime_td
d921b1e86b0a30ad91000ffc360d302d,americanfootball_nfl,2025-09-28T17:00:00Z,New York Giants,Los Angeles Chargers,draftkings,DraftKings,player_anytime_td,Yes,170,,Quentin Johnston,anytime_td
d921b1e86b0a30ad91000ffc360d302d,americanfootball_nfl,2025-09-28T17:00:00Z,New York Giants,Los Angeles Chargers,draftkings,DraftKings,player_anytime_td,Yes,175,,Malik Nabers,anytime_td
d921b1e86b0a30ad91000ffc360d302d,americanfootball_nfl,2025-09-28T17:00:00Z,New York Giants,Los Angeles Chargers,draftkings,DraftKings,player_anytime_td,Yes,175,,Ladd McConkey,anytime_td
d921b1e86b0a30ad91000ffc360d302d,americanfootball_nfl,2025-09-28T17:00:00Z,New York Giants,Los Angeles Chargers,draftkings,DraftKings,player_anytime_td,Yes,320,,Wan'Dale Robinson,anytime_td
d921b1e86b0a30ad91000ffc360d302d,americanfootball_nfl,2025-09-28T17:00:00Z,New York Giants,Los Angeles Chargers,draftkings,DraftKings,player_anytime_td,Yes,340,,Justin Herbert,anytime_td
d921b1e86b0a30ad91000ffc360d302d,americanfootball_nfl,2025-09-28T17:00:00Z,New York Giants,Los Angeles Chargers,draftkings,DraftKings,player_anytime_td,Yes,350,,Darius Slayton,anytime_td
d921b1e86b0a30ad91000ffc360d302d,americanfootball_nfl,2025-09-28T17:00:00Z,New York Giants,Los Angeles Chargers,draftkings,DraftKings,player_anytime_td,Yes,370,,Oronde Gadsden II,anytime_td
d921b1e86b0a30ad91000ffc360d302d,americanfootball_nfl,2025-09-28T17:00:00Z,New York Giants,Los Angeles Chargers,draftkings,DraftKings,player_anytime_td,Yes,380,,Hassan Haskins,anytime_td
d921b1e86b0a30ad91000ffc360d302d,americanfootball_nfl,2025-09-28T17:00:00Z,New York Giants,Los Angeles Chargers,draftkings,DraftKings,player_anytime_td,Yes,450,,Devin Singletary,anytime_td
d921b1e86b0a30ad91000ffc360d302d,americanfootball_nfl,2025-09-28T17:00:00Z,New York Giants,Los Angeles Chargers,draftkings,DraftKings,player_anytime_td,Yes,475,,Los Angeles Chargers D/ST,anytime_td
d921b1e86b0a30ad91000ffc360d302d,americanfootball_nfl,2025-09-28T17:00:00Z,New York Giants,Los Angeles Chargers,draftkings,DraftKings,player_anytime_td,Yes,500,,Will Dissly,anytime_td
d921b1e86b0a30ad91000ffc360d302d,americanfootball_nfl,2025-09-28T17:00:00Z,New York Giants,Los Angeles Chargers,draftkings,DraftKings,player_anytime_td,Yes,550,,Theo Johnson,anytime_td
d921b1e86b0a30ad91000ffc360d302d,americanfootball_nfl,2025-09-28T17:00:00Z,New York Giants,Los Angeles Chargers,draftkings,DraftKings,player_anytime_td,Yes,600,,Tyler Conklin,anytime_td
d921b1e86b0a30ad91000ffc360d302d,americanfootball_nfl,2025-09-28T17:00:00Z,New York Giants,Los Angeles Chargers,draftkings,DraftKings,player_anytime_td,Yes,600,,New York Giants D/ST,anytime_td
d921b1e86b0a30ad91000ffc360d302d,americanfootball_nfl,2025-09-28T17:00:00Z,New York Giants,Los Angeles Chargers,draftkings,DraftKings,player_anytime_td,Yes,650,,Daniel Bellinger,anytime_td
d921b1e86b0a30ad91000ffc360d302d,americanfootball_nfl,2025-09-28T17:00:00Z,New York Giants,Los Angeles Chargers,draftkings,DraftKings,player_anytime_td,Yes,800,,Tre Harris,anytime_td
d921b1e86b0a30ad91000ffc360d302d,americanfootball_nfl,2025-09-28T17:00:00Z,New York Giants,Los Angeles Chargers,draftkings,DraftKings,player_anytime_td,Yes,1100,,Derius Davis,anytime_td
d921b1e86b0a30ad91000ffc360d302d,americanfootball_nfl,2025-09-28T17:00:00Z,New York Giants,Los Angeles Chargers,draftkings,DraftKings,player_anytime_td,Yes,1100,,KeAndre Lambert-Smith,anytime_td
d921b1e86b0a30ad91000ffc360d302d,americanfootball_nfl,2025-09-28T17:00:00Z,New York Giants,Los Angeles Chargers,draftkings,DraftKings,player_anytime_td,Yes,1200,,Jalin Hyatt,anytime_td
d921b1e86b0a30ad91000ffc360d302d,americanfootball_nfl,2025-09-28T17:00:00Z,New York Giants,Los Angeles Chargers,draftkings,DraftKings,player_anytime_td,Yes,1300,,Chris Manhertz,anytime_td
d921b1e86b0a30ad91000ffc360d302d,americanfootball_nfl,2025-09-28T17:00:00Z,New York Giants,Los Angeles Chargers,draftkings,DraftKings,player_anytime_td,Yes,1400,,Beaux Collins,anytime_td
d921b1e86b0a30ad91000ffc360d302d,americanfootball_nfl,2025-09-28T17:00:00Z,New York Giants,Los Angeles Chargers,draftkings,DraftKings,player_anytime_td,Yes,1700,,Tucker Fisk,anytime_td
d921b1e86b0a30ad91000ffc360d302d,americanfootball_nfl,2025-09-28T17:00:00Z,New York Giants,Los Angeles Chargers,draftkings,DraftKings,player_anytime_td,Yes,2200,,Gunner Olszewski,anytime_td
d921b1e86b0a30ad91000ffc360d302d,americanfootball_nfl,2025-09-28T17:00:00Z,New York Giants,Los Angeles Chargers,draftkings,DraftKings,player_anytime_td,Yes,3000,,Scott Matlock,anytime_td
d921b1e86b0a30ad91000ffc360d302d,americanfootball_nfl,2025-09-28T17:00:00Z,New York Giants,Los Angeles Chargers,draftkings,DraftKings,player_pass_attempts,Over,100,33.5,Justin Herbert,pass_attempts
d921b1e86b0a30ad91000ffc360d302d,americanfootball_nfl,2025-09-28T17:00:00Z,New York Giants,Los Angeles Chargers,draftkings,DraftKings,player_pass_attempts,Under,-128,33.5,Justin Herbert,pass_attempts
d921b1e86b0a30ad91000ffc360d302d,americanfootball_nfl,2025-09-28T17:00:00Z,New York Giants,Los Angeles Chargers,draftkings,DraftKings,player_pass_completions,Over,101,22.5,Justin Herbert,pass_completions
d921b1e86b0a30ad91000ffc360d302d,americanfootball_nfl,2025-09-28T17:00:00Z,New York Giants,Los Angeles Chargers,draftkings,DraftKings,player_pass_completions,Under,-129,22.5,Justin Herbert,pass_completions
d921b1e86b0a30ad91000ffc360d302d,americanfootball_nfl,2025-09-28T17:00:00Z,New York Giants,Los Angeles Chargers,draftkings,DraftKings,player_pass_interceptions,Over,187,0.5,Justin Herbert,pass_interceptions
d921b1e86b0a30ad91000ffc360d302d,americanfootball_nfl,2025-09-28T17:00:00Z,New York Giants,Los Angeles Chargers,draftkings,DraftKings,player_pass_interceptions,Under,-242,0.5,Justin Herbert,pass_interceptions
d921b1e86b0a30ad91000ffc360d302d,americanfootball_nfl,2025-09-28T17:00:00Z,New York Giants,Los Angeles Chargers,draftkings,DraftKings,player_pass_tds,Over,-146,1.5,Justin Herbert,pass_tds
d921b1e86b0a30ad91000ffc360d302d,americanfootball_nfl,2025-09-28T17:00:00Z,New York Giants,Los Angeles Chargers,draftkings,DraftKings,player_pass_tds,Under,115,1.5,Justin Herbert,pass_tds
d921b1e86b0a30ad91000ffc360d302d,americanfootball_nfl,2025-09-28T17:00:00Z,New York Giants,Los Angeles Chargers,draftkings,DraftKings,player_pass_yds,Over,-112,254.5,Justin Herbert,pass_yds
d921b1e86b0a30ad91000ffc360d302d,americanfootball_nfl,2025-09-28T17:00:00Z,New York Giants,Los Angeles Chargers,draftkings,DraftKings,player_pass_yds,Under,-112,254.5,Justin Herbert,pass_yds
d921b1e86b0a30ad91000ffc360d302d,americanfootball_nfl,2025-09-28T17:00:00Z,New York Giants,Los Angeles Chargers,draftkings,DraftKings,player_reception_yds,Over,-110,62.5,Ladd McConkey,reception_yds
d921b1e86b0a30ad91000ffc360d302d,americanfootball_nfl,2025-09-28T17:00:00Z,New York Giants,Los Angeles Chargers,draftkings,DraftKings,player_reception_yds,Under,-114,62.5,Ladd McConkey,reception_yds
d921b1e86b0a30ad91000ffc360d302d,americanfootball_nfl,2025-09-28T17:00:00Z,New York Giants,Los Angeles Chargers,draftkings,DraftKings,player_reception_yds,Over,-111,61.5,Malik Nabers,reception_yds
d921b1e86b0a30ad91000ffc360d302d,americanfootball_nfl,2025-09-28T17:00:00Z,New York Giants,Los Angeles Chargers,draftkings,DraftKings,player_reception_yds,Under,-113,61.5,Malik Nabers,reception_yds
d921b1e86b0a30ad91000ffc360d302d,americanfootball_nfl,2025-09-28T17:00:00Z,New York Giants,Los Angeles Chargers,draftkings,DraftKings,player_reception_yds,Over,-113,52.5,Quentin Johnston,reception_yds
d921b1e86b0a30ad91000ffc360d302d,americanfootball_nfl,2025-09-28T17:00:00Z,New York Giants,Los Angeles Chargers,draftkings,DraftKings,player_reception_yds,Under,-111,52.5,Quentin Johnston,reception_yds
d921b1e86b0a30ad91000ffc360d302d,americanfootball_nfl,2025-09-28T17:00:00Z,New York Giants,Los Angeles Chargers,draftkings,DraftKings,player_reception_yds,Over,-110,49.5,Keenan Allen,reception_yds
d921b1e86b0a30ad91000ffc360d302d,americanfootball_nfl,2025-09-28T17:00:00Z,New York Giants,Los Angeles Chargers,draftkings,DraftKings,player_reception_yds,Under,-114,49.5,Keenan Allen,reception_yds
d921b1e86b0a30ad91000ffc360d302d,americanfootball_nfl,2025-09-28T17:00:00Z,New York Giants,Los Angeles Chargers,draftkings,DraftKings,player_reception_yds,Over,-109,22.5,Cam Skattebo,reception_yds
d921b1e86b0a30ad91000ffc360d302d,americanfootball_nfl,2025-09-28T17:00:00Z,New York Giants,Los Angeles Chargers,draftkings,DraftKings,player_reception_yds,Under,-115,22.5,Cam Skattebo,reception_yds
d921b1e86b0a30ad91000ffc360d302d,americanfootball_nfl,2025-09-28T17:00:00Z,New York Giants,Los Angeles Chargers,draftkings,DraftKings,player_reception_yds,Over,-109,17.5,Omarion Hampton,reception_yds
d921b1e86b0a30ad91000ffc360d302d,americanfootball_nfl,2025-09-28T17:00:00Z,New York Giants,Los Angeles Chargers,draftkings,DraftKings,player_reception_yds,Under,-115,17.5,Omarion Hampton,reception_yds
d921b1e86b0a30ad91000ffc360d302d,americanfootball_nfl,2025-09-28T17:00:00Z,New York Giants,Los Angeles Chargers,draftkings,DraftKings,player_rush_yds,Over,-111,63.5,Omarion Hampton,rush_yds
d921b1e86b0a30ad91000ffc360d302d,americanfootball_nfl,2025-09-28T17:00:00Z,New York Giants,Los Angeles Chargers,draftkings,DraftKings,player_rush_yds,Under,-113,63.5,Omarion Hampton,rush_yds
d921b1e86b0a30ad91000ffc360d302d,americanfootball_nfl,2025-09-28T17:00:00Z,New York Giants,Los Angeles Chargers,draftkings,DraftKings,player_rush_yds,Over,-110,53.5,Cam Skattebo,rush_yds
d921b1e86b0a30ad91000ffc360d302d,americanfootball_nfl,2025-09-28T17:00:00Z,New York Giants,Los Angeles Chargers,draftkings,DraftKings,player_rush_yds,Under,-115,53.5,Cam Skattebo,rush_yds
d921b1e86b0a30ad91000ffc360d302d,americanfootball_nfl,2025-09-28T17:00:00Z,New York Giants,Los Angeles Chargers,draftkings,DraftKings,player_rush_yds,Over,-108,16.5,Justin Herbert,rush_yds
d921b1e86b0a30ad91000ffc360d302d,americanfootball_nfl,2025-09-28T17:00:00Z,New York Giants,Los Angeles Chargers,draftkings,DraftKings,player_rush_yds,Under,-116,16.5,Justin Herbert,rush_yds
b7934d72587b62de0f563ac9acbaa770,americanfootball_nfl,2025-09-28T17:01:00Z,Atlanta Falcons,Washington Commanders,draftkings,DraftKings,player_anytime_td,Yes,-180,,Bijan Robinson,anytime_td
b7934d72587b62de0f563ac9acbaa770,americanfootball_nfl,2025-09-28T17:01:00Z,Atlanta Falcons,Washington Commanders,draftkings,DraftKings,player_anytime_td,Yes,135,,Terry McLaurin,anytime_td
b7934d72587b62de0f563ac9acbaa770,americanfootball_nfl,2025-09-28T17:01:00Z,Atlanta Falcons,Washington Commanders,draftkings,DraftKings,player_anytime_td,Yes,145,,Drake London,anytime_td
b7934d72587b62de0f563ac9acbaa770,americanfootball_nfl,2025-09-28T17:01:00Z,Atlanta Falcons,Washington Commanders,draftkings,DraftKings,player_anytime_td,Yes,145,,Deebo Samuel Sr.,anytime_td
b7934d72587b62de0f563ac9acbaa770,americanfootball_nfl,2025-09-28T17:01:00Z,Atlanta Falcons,Washington Commanders,draftkings,DraftKings,player_anytime_td,Yes,170,,Jacory Croskey-Merritt,anytime_td
b7934d72587b62de0f563ac9acbaa770,americanfootball_nfl,2025-09-28T17:01:00Z,Atlanta Falcons,Washington Commanders,draftkings,DraftKings,player_anytime_td,Yes,175,,Chris Rodriguez Jr.,anytime_td
b7934d72587b62de0f563ac9acbaa770,americanfootball_nfl,2025-09-28T17:01:00Z,Atlanta Falcons,Washington Commanders,draftkings,DraftKings,player_anytime_td,Yes,235,,Zach Ertz,anytime_td
b7934d72587b62de0f563ac9acbaa770,americanfootball_nfl,2025-09-28T17:01:00Z,Atlanta Falcons,Washington Commanders,draftkings,DraftKings,player_anytime_td,Yes,245,,Jayden Daniels,anytime_td
b7934d72587b62de0f563ac9acbaa770,americanfootball_nfl,2025-09-28T17:01:00Z,Atlanta Falcons,Washington Commanders,draftkings,DraftKings,player_anytime_td,Yes,250,,Tyler Allgeier,anytime_td
b7934d72587b62de0f563ac9acbaa770,americanfootball_nfl,2025-09-28T17:01:00Z,Atlanta Falcons,Washington Commanders,draftkings,DraftKings,player_anytime_td,Yes,265,,Darnell Mooney,anytime_td
b7934d72587b62de0f563ac9acbaa770,americanfootball_nfl,2025-09-28T17:01:00Z,Atlanta Falcons,Washington Commanders,draftkings,DraftKings,player_anytime_td,Yes,340,,Kyle Pitts,anytime_td
b7934d72587b62de0f563ac9acbaa770,americanfootball_nfl,2025-09-28T17:01:00Z,Atlanta Falcons,Washington Commanders,draftkings,DraftKings,player_anytime_td,Yes,380,,Jaylin Lane,anytime_td
b7934d72587b62de0f563ac9acbaa770,americanfootball_nfl,2025-09-28T17:01:00Z,Atlanta Falcons,Washington Commanders,draftkings,DraftKings,player_anytime_td,Yes,390,,Jeremy McNichols,anytime_td
b7934d72587b62de0f563ac9acbaa770,americanfootball_nfl,2025-09-28T17:01:00Z,Atlanta Falcons,Washington Commanders,draftkings,DraftKings,player_anytime_td,Yes,475,,Noah Brown,anytime_td
b7934d72587b62de0f563ac9acbaa770,americanfootball_nfl,2025-09-28T17:01:00Z,Atlanta Falcons,Washington Commanders,draftkings,DraftKings,player_anytime_td,Yes,475,,Atlanta Falcons D/ST,anytime_td
b7934d72587b62de0f563ac9acbaa770,americanfootball_nfl,2025-09-28T17:01:00Z,Atlanta Falcons,Washington Commanders,draftkings,DraftKings,player_anytime_td,Yes,475,,Washington Commanders D/ST,anytime_td
b7934d72587b62de0f563ac9acbaa770,americanfootball_nfl,2025-09-28T17:01:00Z,Atlanta Falcons,Washington Commanders,draftkings,DraftKings,player_anytime_td,Yes,550,,Ray-Ray McCloud III,anytime_td
b7934d72587b62de0f563ac9acbaa770,americanfootball_nfl,2025-09-28T17:01:00Z,Atlanta Falcons,Washington Commanders,draftkings,DraftKings,player_anytime_td,Yes,700,,Michael Penix Jr.,anytime_td
b7934d72587b62de0f563ac9acbaa770,americanfootball_nfl,2025-09-28T17:01:00Z,Atlanta Falcons,Washington Commanders,draftkings,DraftKings,player_anytime_td,Yes,750,,Luke McCaffrey,anytime_td
b7934d72587b62de0f563ac9acbaa770,americanfootball_nfl,2025-09-28T17:01:00Z,Atlanta Falcons,Washington Commanders,draftkings,DraftKings,player_anytime_td,Yes,1100,,Chris Moore,anytime_td
b7934d72587b62de0f563ac9acbaa770,americanfootball_nfl,2025-09-28T17:01:00Z,Atlanta Falcons,Washington Commanders,draftkings,DraftKings,player_anytime_td,Yes,1300,,KhaDarel Hodge,anytime_td
b7934d72587b62de0f563ac9acbaa770,americanfootball_nfl,2025-09-28T17:01:00Z,Atlanta Falcons,Washington Commanders,draftkings,DraftKings,player_anytime_td,Yes,1300,,John Bates,anytime_td
b7934d72587b62de0f563ac9acbaa770,americanfootball_nfl,2025-09-28T17:01:00Z,Atlanta Falcons,Washington Commanders,draftkings,DraftKings,player_anytime_td,Yes,1300,,Ben Sinnott,anytime_td
b7934d72587b62de0f563ac9acbaa770,americanfootball_nfl,2025-09-28T17:01:00Z,Atlanta Falcons,Washington Commanders,draftkings,DraftKings,player_anytime_td,Yes,1400,,Charlie Woerner,anytime_td
b7934d72587b62de0f563ac9acbaa770,americanfootball_nfl,2025-09-28T17:01:00Z,Atlanta Falcons,Washington Commanders,draftkings,DraftKings,player_anytime_td,Yes,1900,,Casey Washington,anytime_td
b7934d72587b62de0f563ac9acbaa770,americanfootball_nfl,2025-09-28T17:01:00Z,Atlanta Falcons,Washington Commanders,draftkings,DraftKings,player_anytime_td,Yes,2000,,Colson Yankoff,anytime_td
b7934d72587b62de0f563ac9acbaa770,americanfootball_nfl,2025-09-28T17:01:00Z,Atlanta Falcons,Washington Commanders,draftkings,DraftKings,player_anytime_td,Yes,2800,,Feleipe Franks,anytime_td
b7934d72587b62de0f563ac9acbaa770,americanfootball_nfl,2025-09-28T17:01:00Z,Atlanta Falcons,Washington Commanders,draftkings,DraftKings,player_anytime_td,Yes,4000,,Teagan Quitoriano,anytime_td
b7934d72587b62de0f563ac9acbaa770,americanfootball_nfl,2025-09-28T17:01:00Z,Atlanta Falcons,Washington Commanders,draftkings,DraftKings,player_pass_tds,Over,138,1.5,Michael Penix Jr.,pass_tds
b7934d72587b62de0f563ac9acbaa770,americanfootball_nfl,2025-09-28T17:01:00Z,Atlanta Falcons,Washington Commanders,draftkings,DraftKings,player_pass_tds,Under,-177,1.5,Michael Penix Jr.,pass_tds
b7934d72587b62de0f563ac9acbaa770,americanfootball_nfl,2025-09-28T17:01:00Z,Atlanta Falcons,Washington Commanders,draftkings,DraftKings,player_pass_yds,Over,-111,223.5,Michael Penix Jr.,pass_yds
b7934d72587b62de0f563ac9acbaa770,americanfootball_nfl,2025-09-28T17:01:00Z,Atlanta Falcons,Washington Commanders,draftkings,DraftKings,player_pass_yds,Under,-113,223.5,Michael Penix Jr.,pass_yds
b7934d72587b62de0f563ac9acbaa770,americanfootball_nfl,2025-09-28T17:01:00Z,Atlanta Falcons,Washington Commanders,draftkings,DraftKings,player_reception_yds,Over,-113,66.5,Drake London,reception_yds
b7934d72587b62de0f563ac9acbaa770,americanfootball_nfl,2025-09-28T17:01:00Z,Atlanta Falcons,Washington Commanders,draftkings,DraftKings,player_reception_yds,Under,-111,66.5,Drake London,reception_yds
b7934d72587b62de0f563ac9acbaa770,americanfootball_nfl,2025-09-28T17:01:00Z,Atlanta Falcons,Washington Commanders,draftkings,DraftKings,player_reception_yds,Over,-111,44.5,Darnell Mooney,reception_yds
b7934d72587b62de0f563ac9acbaa770,americanfootball_nfl,2025-09-28T17:01:00Z,Atlanta Falcons,Washington Commanders,draftkings,DraftKings,player_reception_yds,Under,-113,44.5,Darnell Mooney,reception_yds
b7934d72587b62de0f563ac9acbaa770,americanfootball_nfl,2025-09-28T17:01:00Z,Atlanta Falcons,Washington Commanders,draftkings,DraftKings,player_reception_yds,Over,-114,37.5,Kyle Pitts,reception_yds
b7934d72587b62de0f563ac9acbaa770,americanfootball_nfl,2025-09-28T17:01:00Z,Atlanta Falcons,Washington Commanders,draftkings,DraftKings,player_reception_yds,Under,-111,37.5,Kyle Pitts,reception_yds
b7934d72587b62de0f563ac9acbaa770,americanfootball_nfl,2025-09-28T17:01:00Z,Atlanta Falcons,Washington Commanders,draftkings,DraftKings,player_rush_yds,Over,-114,77.5,Bijan Robinson,rush_yds
b7934d72587b62de0f563ac9acbaa770,americanfootball_nfl,2025-09-28T17:01:00Z,Atlanta Falcons,Washington Commanders,draftkings,DraftKings,player_rush_yds,Under,-110,77.5,Bijan Robinson,rush_yds
d16a43752aaac66e9ff8768d8590b662,americanfootball_nfl,2025-09-28T17:01:00Z,Buffalo Bills,New Orleans Saints,draftkings,DraftKings,player_anytime_td,Yes,-190,,James Cook,anytime_td
d16a43752aaac66e9ff8768d8590b662,americanfootball_nfl,2025-09-28T17:01:00Z,Buffalo Bills,New Orleans Saints,draftkings,DraftKings,player_anytime_td,Yes,-155,,Josh Allen,anytime_td
d16a43752aaac66e9ff8768d8590b662,americanfootball_nfl,2025-09-28T17:01:00Z,Buffalo Bills,New Orleans Saints,draftkings,DraftKings,player_anytime_td,Yes,105,,Alvin Kamara,anytime_td
d16a43752aaac66e9ff8768d8590b662,americanfootball_nfl,2025-09-28T17:01:00Z,Buffalo Bills,New Orleans Saints,draftkings,DraftKings,player_anytime_td,Yes,150,,Keon Coleman,anytime_td
d16a43752aaac66e9ff8768d8590b662,americanfootball_nfl,2025-09-28T17:01:00Z,Buffalo Bills,New Orleans Saints,draftkings,DraftKings,player_anytime_td,Yes,165,,Dalton Kincaid,anytime_td
d16a43752aaac66e9ff8768d8590b662,americanfootball_nfl,2025-09-28T17:01:00Z,Buffalo Bills,New Orleans Saints,draftkings,DraftKings,player_anytime_td,Yes,205,,Khalil Shakir,anytime_td
d16a43752aaac66e9ff8768d8590b662,americanfootball_nfl,2025-09-28T17:01:00Z,Buffalo Bills,New Orleans Saints,draftkings,DraftKings,player_anytime_td,Yes,215,,Chris Olave,anytime_td
d16a43752aaac66e9ff8768d8590b662,americanfootball_nfl,2025-09-28T17:01:00Z,Buffalo Bills,New Orleans Saints,draftkings,DraftKings,player_anytime_td,Yes,265,,Juwan Johnson,anytime_td
d16a43752aaac66e9ff8768d8590b662,americanfootball_nfl,2025-09-28T17:01:00Z,Buffalo Bills,New Orleans Saints,draftkings,DraftKings,player_anytime_td,Yes,295,,Joshua Palmer,anytime_td
d16a43752aaac66e9ff8768d8590b662,americanfootball_nfl,2025-09-28T17:01:00Z,Buffalo Bills,New Orleans Saints,draftkings,DraftKings,player_anytime_td,Yes,320,,Ray Davis,anytime_td
d16a43752aaac66e9ff8768d8590b662,americanfootball_nfl,2025-09-28T17:01:00Z,Buffalo Bills,New Orleans Saints,draftkings,DraftKings,player_anytime_td,Yes,320,,Rashid Shaheed,anytime_td
d16a43752aaac66e9ff8768d8590b662,americanfootball_nfl,2025-09-28T17:01:00Z,Buffalo Bills,New Orleans Saints,draftkings,DraftKings,player_anytime_td,Yes,400,,Dawson Knox,anytime_td
d16a43752aaac66e9ff8768d8590b662,americanfootball_nfl,2025-09-28T17:01:00Z,Buffalo Bills,New Orleans Saints,draftkings,DraftKings,player_anytime_td,Yes,475,,Spencer Rattler,anytime_td
d16a43752aaac66e9ff8768d8590b662,americanfootball_nfl,2025-09-28T17:01:00Z,Buffalo Bills,New Orleans Saints,draftkings,DraftKings,player_anytime_td,Yes,500,,Kendre Miller,anytime_td
d16a43752aaac66e9ff8768d8590b662,americanfootball_nfl,2025-09-28T17:01:00Z,Buffalo Bills,New Orleans Saints,draftkings,DraftKings,player_anytime_td,Yes,500,,Buffalo Bills D/ST,anytime_td
d16a43752aaac66e9ff8768d8590b662,americanfootball_nfl,2025-09-28T17:01:00Z,Buffalo Bills,New Orleans Saints,draftkings,DraftKings,player_anytime_td,Yes,550,,Ty Johnson,anytime_td
d16a43752aaac66e9ff8768d8590b662,americanfootball_nfl,2025-09-28T17:01:00Z,Buffalo Bills,New Orleans Saints,draftkings,DraftKings,player_anytime_td,Yes,550,,New Orleans Saints D/ST,anytime_td
d16a43752aaac66e9ff8768d8590b662,americanfootball_nfl,2025-09-28T17:01:00Z,Buffalo Bills,New Orleans Saints,draftkings,DraftKings,player_anytime_td,Yes,650,,Brandin Cooks,anytime_td
d16a43752aaac66e9ff8768d8590b662,americanfootball_nfl,2025-09-28T17:01:00Z,Buffalo Bills,New Orleans Saints,draftkings,DraftKings,player_anytime_td,Yes,700,,Tyrell Shavers,anytime_td
d16a43752aaac66e9ff8768d8590b662,americanfootball_nfl,2025-09-28T17:01:00Z,Buffalo Bills,New Orleans Saints,draftkings,DraftKings,player_anytime_td,Yes,750,,Elijah Moore,anytime_td
d16a43752aaac66e9ff8768d8590b662,americanfootball_nfl,2025-09-28T17:01:00Z,Buffalo Bills,New Orleans Saints,draftkings,DraftKings,player_anytime_td,Yes,900,,Devaughn Vele,anytime_td
d16a43752aaac66e9ff8768d8590b662,americanfootball_nfl,2025-09-28T17:01:00Z,Buffalo Bills,New Orleans Saints,draftkings,DraftKings,player_anytime_td,Yes,1000,,Curtis Samuel,anytime_td
d16a43752aaac66e9ff8768d8590b662,americanfootball_nfl,2025-09-28T17:01:00Z,Buffalo Bills,New Orleans Saints,draftkings,DraftKings,player_anytime_td,Yes,1000,,Jackson Hawes,anytime_td
d16a43752aaac66e9ff8768d8590b662,americanfootball_nfl,2025-09-28T17:01:00Z,Buffalo Bills,New Orleans Saints,draftkings,DraftKings,player_anytime_td,Yes,1700,,Moliki Matavao,anytime_td
d16a43752aaac66e9ff8768d8590b662,americanfootball_nfl,2025-09-28T17:01:00Z,Buffalo Bills,New Orleans Saints,draftkings,DraftKings,player_anytime_td,Yes,1900,,Trey Palmer,anytime_td
d16a43752aaac66e9ff8768d8590b662,americanfootball_nfl,2025-09-28T17:01:00Z,Buffalo Bills,New Orleans Saints,draftkings,DraftKings,player_anytime_td,Yes,2000,,Devin Neal,anytime_td
d16a43752aaac66e9ff8768d8590b662,americanfootball_nfl,2025-09-28T17:01:00Z,Buffalo Bills,New Orleans Saints,draftkings,DraftKings,player_anytime_td,Yes,2200,,Mason Tipton,anytime_td
d16a43752aaac66e9ff8768d8590b662,americanfootball_nfl,2025-09-28T17:01:00Z,Buffalo Bills,New Orleans Saints,draftkings,DraftKings,player_anytime_td,Yes,2200,,Jack Stoll,anytime_td
d16a43752aaac66e9ff8768d8590b662,americanfootball_nfl,2025-09-28T17:01:00Z,Buffalo Bills,New Orleans Saints,draftkings,DraftKings,player_anytime_td,Yes,2500,,Reggie Gilliam,anytime_td
d16a43752aaac66e9ff8768d8590b662,americanfootball_nfl,2025-09-28T17:01:00Z,Buffalo Bills,New Orleans Saints,draftkings,DraftKings,player_anytime_td,Yes,2800,,Velus Jones Jr.,anytime_td
d16a43752aaac66e9ff8768d8590b662,americanfootball_nfl,2025-09-28T17:01:00Z,Buffalo Bills,New Orleans Saints,draftkings,DraftKings,player_pass_attempts,Over,-104,34.5,Spencer Rattler,pass_attempts
d16a43752aaac66e9ff8768d8590b662,americanfootball_nfl,2025-09-28T17:01:00Z,Buffalo Bills,New Orleans Saints,draftkings,DraftKings,player_pass_attempts,Under,-122,34.5,Spencer Rattler,pass_attempts
d16a43752aaac66e9ff8768d8590b662,americanfootball_nfl,2025-09-28T17:01:00Z,Buffalo Bills,New Orleans Saints,draftkings,DraftKings,player_pass_attempts,Over,-113,28.5,Josh Allen,pass_attempts
d16a43752aaac66e9ff8768d8590b662,americanfootball_nfl,2025-09-28T17:01:00Z,Buffalo Bills,New Orleans Saints,draftkings,DraftKings,player_pass_attempts,Under,-113,28.5,Josh Allen,pass_attempts
d16a43752aaac66e9ff8768d8590b662,americanfootball_nfl,2025-09-28T17:01:00Z,Buffalo Bills,New Orleans Saints,draftkings,DraftKings,player_pass_completions,Over,-102,21.5,Spencer Rattler,pass_completions
d16a43752aaac66e9ff8768d8590b662,americanfootball_nfl,2025-09-28T17:01:00Z,Buffalo Bills,New Orleans Saints,draftkings,DraftKings,player_pass_completions,Under,-125,21.5,Spencer Rattler,pass_completions
d16a43752aaac66e9ff8768d8590b662,americanfootball_nfl,2025-09-28T17:01:00Z,Buffalo Bills,New Orleans Saints,draftkings,DraftKings,player_pass_completions,Over,-108,19.5,Josh Allen,pass_completions
d16a43752aaac66e9ff8768d8590b662,americanfootball_nfl,2025-09-28T17:01:00Z,Buffalo Bills,New Orleans Saints,draftkings,DraftKings,player_pass_completions,Under,-118,19.5,Josh Allen,pass_completions
d16a43752aaac66e9ff8768d8590b662,americanfootball_nfl,2025-09-28T17:01:00Z,Buffalo Bills,New Orleans Saints,draftkings,DraftKings,player_pass_tds,Over,-166,1.5,Josh Allen,pass_tds
d16a43752aaac66e9ff8768d8590b662,americanfootball_nfl,2025-09-28T17:01:00Z,Buffalo Bills,New Orleans Saints,draftkings,DraftKings,player_pass_tds,Under,130,1.5,Josh Allen,pass_tds
d16a43752aaac66e9ff8768d8590b662,americanfootball_nfl,2025-09-28T17:01:00Z,Buffalo Bills,New Orleans Saints,draftkings,DraftKings,player_pass_tds,Over,-203,0.5,Spencer Rattler,pass_tds
d16a43752aaac66e9ff8768d8590b662,americanfootball_nfl,2025-09-28T17:01:00Z,Buffalo Bills,New Orleans Saints,draftkings,DraftKings,player_pass_tds,Under,158,0.5,Spencer Rattler,pass_tds
d16a43752aaac66e9ff8768d8590b662,americanfootball_nfl,2025-09-28T17:01:00Z,Buffalo Bills,New Orleans Saints,draftkings,DraftKings,player_pass_yds,Over,-111,218.5,Josh Allen,pass_yds
d16a43752aaac66e9ff8768d8590b662,americanfootball_nfl,2025-09-28T17:01:00Z,Buffalo Bills,New Orleans Saints,draftkings,DraftKings,player_pass_yds,Under,-113,218.5,Josh Allen,pass_yds
d16a43752aaac66e9ff8768d8590b662,americanfootball_nfl,2025-09-28T17:01:00Z,Buffalo Bills,New Orleans Saints,draftkings,DraftKings,player_pass_yds,Over,-112,203.5,Spencer Rattler,pass_yds
d16a43752aaac66e9ff8768d8590b662,americanfootball_nfl,2025-09-28T17:01:00Z,Buffalo Bills,New Orleans Saints,draftkings,DraftKings,player_pass_yds,Under,-112,203.5,Spencer Rattler,pass_yds
d16a43752aaac66e9ff8768d8590b662,americanfootball_nfl,2025-09-28T17:01:00Z,Buffalo Bills,New Orleans Saints,draftkings,DraftKings,player_reception_yds,Over,-111,60.5,Chris Olave,reception_yds
d16a43752aaac66e9ff8768d8590b662,americanfootball_nfl,2025-09-28T17:01:00Z,Buffalo Bills,New Orleans Saints,draftkings,DraftKings,player_reception_yds,Under,-113,60.5,Chris Olave,reception_yds
d16a43752aaac66e9ff8768d8590b662,americanfootball_nfl,2025-09-28T17:01:00Z,Buffalo Bills,New Orleans Saints,draftkings,DraftKings,player_reception_yds,Over,-111,44.5,Juwan Johnson,reception_yds
d16a43752aaac66e9ff8768d8590b662,americanfootball_nfl,2025-09-28T17:01:00Z,Buffalo Bills,New Orleans Saints,draftkings,DraftKings,player_reception_yds,Under,-113,44.5,Juwan Johnson,reception_yds
d16a43752aaac66e9ff8768d8590b662,americanfootball_nfl,2025-09-28T17:01:00Z,Buffalo Bills,New Orleans Saints,draftkings,DraftKings,player_reception_yds,Over,-114,38.5,Khalil Shakir,reception_yds
d16a43752aaac66e9ff8768d8590b662,americanfootball_nfl,2025-09-28T17:01:00Z,Buffalo Bills,New Orleans Saints,draftkings,DraftKings,player_reception_yds,Under,-110,38.5,Khalil Shakir,reception_yds
d16a43752aaac66e9ff8768d8590b662,americanfootball_nfl,2025-09-28T17:01:00Z,Buffalo Bills,New Orleans Saints,draftkings,DraftKings,player_reception_yds,Over,-114,37.5,Keon Coleman,reception_yds
d16a43752aaac66e9ff8768d8590b662,americanfootball_nfl,2025-09-28T17:01:00Z,Buffalo Bills,New Orleans Saints,draftkings,DraftKings,player_reception_yds,Under,-110,37.5,Keon Coleman,reception_yds
d16a43752aaac66e9ff8768d8590b662,americanfootball_nfl,2025-09-28T17:01:00Z,Buffalo Bills,New Orleans Saints,draftkings,DraftKings,player_reception_yds,Over,-110,35.5,Dalton Kincaid,reception_yds
d16a43752aaac66e9ff8768d8590b662,americanfootball_nfl,2025-09-28T17:01:00Z,Buffalo Bills,New Orleans Saints,draftkings,DraftKings,player_reception_yds,Under,-114,35.5,Dalton Kincaid,reception_yds
d16a43752aaac66e9ff8768d8590b662,americanfootball_nfl,2025-09-28T17:01:00Z,Buffalo Bills,New Orleans Saints,draftkings,DraftKings,player_reception_yds,Over,-114,34.5,Rashid Shaheed,reception_yds
d16a43752aaac66e9ff8768d8590b662,americanfootball_nfl,2025-09-28T17:01:00Z,Buffalo Bills,New Orleans Saints,draftkings,DraftKings,player_reception_yds,Under,-111,34.5,Rashid Shaheed,reception_yds
d16a43752aaac66e9ff8768d8590b662,americanfootball_nfl,2025-09-28T17:01:00Z,Buffalo Bills,New Orleans Saints,draftkings,DraftKings,player_reception_yds,Over,-110,21.5,Alvin Kamara,reception_yds
d16a43752aaac66e9ff8768d8590b662,americanfootball_nfl,2025-09-28T17:01:00Z,Buffalo Bills,New Orleans Saints,draftkings,DraftKings,player_reception_yds,Under,-114,21.5,Alvin Kamara,reception_yds
d16a43752aaac66e9ff8768d8590b662,americanfootball_nfl,2025-09-28T17:01:00Z,Buffalo Bills,New Orleans Saints,draftkings,DraftKings,player_reception_yds,Over,-112,12.5,Dawson Knox,reception_yds
d16a43752aaac66e9ff8768d8590b662,americanfootball_nfl,2025-09-28T17:01:00Z,Buffalo Bills,New Orleans Saints,draftkings,DraftKings,player_reception_yds,Under,-112,12.5,Dawson Knox,reception_yds
d16a43752aaac66e9ff8768d8590b662,americanfootball_nfl,2025-09-28T17:01:00Z,Buffalo Bills,New Orleans Saints,draftkings,DraftKings,player_reception_yds,Over,-111,11.5,James Cook,reception_yds
d16a43752aaac66e9ff8768d8590b662,americanfootball_nfl,2025-09-28T17:01:00Z,Buffalo Bills,New Orleans Saints,draftkings,DraftKings,player_reception_yds,Under,-113,11.5,James Cook,reception_yds
d16a43752aaac66e9ff8768d8590b662,americanfootball_nfl,2025-09-28T17:01:00Z,Buffalo Bills,New Orleans Saints,draftkings,DraftKings,player_receptions,Over,-131,5.5,Chris Olave,receptions
d16a43752aaac66e9ff8768d8590b662,americanfootball_nfl,2025-09-28T17:01:00Z,Buffalo Bills,New Orleans Saints,draftkings,DraftKings,player_receptions,Under,103,5.5,Chris Olave,receptions
d16a43752aaac66e9ff8768d8590b662,americanfootball_nfl,2025-09-28T17:01:00Z,Buffalo Bills,New Orleans Saints,draftkings,DraftKings,player_receptions,Over,-129,4.5,Juwan Johnson,receptions
d16a43752aaac66e9ff8768d8590b662,americanfootball_nfl,2025-09-28T17:01:00Z,Buffalo Bills,New Orleans Saints,draftkings,DraftKings,player_receptions,Under,101,4.5,Juwan Johnson,receptions
d16a43752aaac66e9ff8768d8590b662,americanfootball_nfl,2025-09-28T17:01:00Z,Buffalo Bills,New Orleans Saints,draftkings,DraftKings,player_receptions,Over,-131,3.5,Khalil Shakir,receptions
d16a43752aaac66e9ff8768d8590b662,americanfootball_nfl,2025-09-28T17:01:00Z,Buffalo Bills,New Orleans Saints,draftkings,DraftKings,player_receptions,Under,103,3.5,Khalil Shakir,receptions
d16a43752aaac66e9ff8768d8590b662,americanfootball_nfl,2025-09-28T17:01:00Z,Buffalo Bills,New Orleans Saints,draftkings,DraftKings,player_receptions,Over,-117,3.5,Alvin Kamara,receptions
d16a43752aaac66e9ff8768d8590b662,americanfootball_nfl,2025-09-28T17:01:00Z,Buffalo Bills,New Orleans Saints,draftkings,DraftKings,player_receptions,Under,-109,3.5,Alvin Kamara,receptions
d16a43752aaac66e9ff8768d8590b662,americanfootball_nfl,2025-09-28T17:01:00Z,Buffalo Bills,New Orleans Saints,draftkings,DraftKings,player_receptions,Over,-114,3.5,Dalton Kincaid,receptions
d16a43752aaac66e9ff8768d8590b662,americanfootball_nfl,2025-09-28T17:01:00Z,Buffalo Bills,New Orleans Saints,draftkings,DraftKings,player_receptions,Under,-112,3.5,Dalton Kincaid,receptions
d16a43752aaac66e9ff8768d8590b662,americanfootball_nfl,2025-09-28T17:01:00Z,Buffalo Bills,New Orleans Saints,draftkings,DraftKings,player_receptions,Over,-103,3.5,Rashid Shaheed,receptions
d16a43752aaac66e9ff8768d8590b662,americanfootball_nfl,2025-09-28T17:01:00Z,Buffalo Bills,New Orleans Saints,draftkings,DraftKings,player_receptions,Under,-123,3.5,Rashid Shaheed,receptions
d16a43752aaac66e9ff8768d8590b662,americanfootball_nfl,2025-09-28T17:01:00Z,Buffalo Bills,New Orleans Saints,draftkings,DraftKings,player_receptions,Over,107,3.5,Keon Coleman,receptions
d16a43752aaac66e9ff8768d8590b662,americanfootball_nfl,2025-09-28T17:01:00Z,Buffalo Bills,New Orleans Saints,draftkings,DraftKings,player_receptions,Under,-137,3.5,Keon Coleman,receptions
d16a43752aaac66e9ff8768d8590b662,americanfootball_nfl,2025-09-28T17:01:00Z,Buffalo Bills,New Orleans Saints,draftkings,DraftKings,player_receptions,Over,-164,1.5,James Cook,receptions
d16a43752aaac66e9ff8768d8590b662,americanfootball_nfl,2025-09-28T17:01:00Z,Buffalo Bills,New Orleans Saints,draftkings,DraftKings,player_receptions,Under,128,1.5,James Cook,receptions
d16a43752aaac66e9ff8768d8590b662,americanfootball_nfl,2025-09-28T17:01:00Z,Buffalo Bills,New Orleans Saints,draftkings,DraftKings,player_rush_yds,Over,-111,77.5,James Cook,rush_yds
d16a43752aaac66e9ff8768d8590b662,americanfootball_nfl,2025-09-28T17:01:00Z,Buffalo Bills,New Orleans Saints,draftkings,DraftKings,player_rush_yds,Under,-114,77.5,James Cook,rush_yds
d16a43752aaac66e9ff8768d8590b662,americanfootball_nfl,2025-09-28T17:01:00Z,Buffalo Bills,New Orleans Saints,draftkings,DraftKings,player_rush_yds,Over,-113,52.5,Alvin Kamara,rush_yds
d16a43752aaac66e9ff8768d8590b662,americanfootball_nfl,2025-09-28T17:01:00Z,Buffalo Bills,New Orleans Saints,draftkings,DraftKings,player_rush_yds,Under,-111,52.5,Alvin Kamara,rush_yds
d16a43752aaac66e9ff8768d8590b662,americanfootball_nfl,2025-09-28T17:01:00Z,Buffalo Bills,New Orleans Saints,draftkings,DraftKings,player_rush_yds,Over,-114,25.5,Josh Allen,rush_yds
d16a43752aaac66e9ff8768d8590b662,americanfootball_nfl,2025-09-28T17:01:00Z,Buffalo Bills,New Orleans Saints,draftkings,DraftKings,player_rush_yds,Under,-110,25.5,Josh Allen,rush_yds
f8fe40924827231233dc10f6999d8ff7,americanfootball_nfl,2025-09-28T17:01:00Z,New England Patriots,Carolina Panthers,draftkings,DraftKings,player_anytime_td,Yes,110,,Chuba Hubbard,anytime_td
f8fe40924827231233dc10f6999d8ff7,americanfootball_nfl,2025-09-28T17:01:00Z,New England Patriots,Carolina Panthers,draftkings,DraftKings,player_anytime_td,Yes,150,,Rhamondre Stevenson,anytime_td
f8fe40924827231233dc10f6999d8ff7,americanfootball_nfl,2025-09-28T17:01:00Z,New England Patriots,Carolina Panthers,draftkings,DraftKings,player_anytime_td,Yes,170,,Tetairoa McMillan,anytime_td
f8fe40924827231233dc10f6999d8ff7,americanfootball_nfl,2025-09-28T17:01:00Z,New England Patriots,Carolina Panthers,draftkings,DraftKings,player_anytime_td,Yes,175,,TreVeyon Henderson,anytime_td
f8fe40924827231233dc10f6999d8ff7,americanfootball_nfl,2025-09-28T17:01:00Z,New England Patriots,Carolina Panthers,draftkings,DraftKings,player_anytime_td,Yes,185,,Hunter Henry,anytime_td
f8fe40924827231233dc10f6999d8ff7,americanfootball_nfl,2025-09-28T17:01:00Z,New England Patriots,Carolina Panthers,draftkings,DraftKings,player_anytime_td,Yes,200,,Stefon Diggs,anytime_td
f8fe40924827231233dc10f6999d8ff7,americanfootball_nfl,2025-09-28T17:01:00Z,New England Patriots,Carolina Panthers,draftkings,DraftKings,player_anytime_td,Yes,205,,Kayshon Boutte,anytime_td
f8fe40924827231233dc10f6999d8ff7,americanfootball_nfl,2025-09-28T17:01:00Z,New England Patriots,Carolina Panthers,draftkings,DraftKings,player_anytime_td,Yes,295,,Hunter Renfrow,anytime_td
f8fe40924827231233dc10f6999d8ff7,americanfootball_nfl,2025-09-28T17:01:00Z,New England Patriots,Carolina Panthers,draftkings,DraftKings,player_anytime_td,Yes,300,,Drake Maye,anytime_td
f8fe40924827231233dc10f6999d8ff7,americanfootball_nfl,2025-09-28T17:01:00Z,New England Patriots,Carolina Panthers,draftkings,DraftKings,player_anytime_td,Yes,340,,DeMario Douglas,anytime_td
f8fe40924827231233dc10f6999d8ff7,americanfootball_nfl,2025-09-28T17:01:00Z,New England Patriots,Carolina Panthers,draftkings,DraftKings,player_anytime_td,Yes,350,,Rico Dowdle,anytime_td
f8fe40924827231233dc10f6999d8ff7,americanfootball_nfl,2025-09-28T17:01:00Z,New England Patriots,Carolina Panthers,draftkings,DraftKings,player_anytime_td,Yes,380,,Tommy Tremble,anytime_td
f8fe40924827231233dc10f6999d8ff7,americanfootball_nfl,2025-09-28T17:01:00Z,New England Patriots,Carolina Panthers,draftkings,DraftKings,player_anytime_td,Yes,450,,Antonio Gibson,anytime_td
f8fe40924827231233dc10f6999d8ff7,americanfootball_nfl,2025-09-28T17:01:00Z,New England Patriots,Carolina Panthers,draftkings,DraftKings,player_anytime_td,Yes,450,,Bryce Young,anytime_td
f8fe40924827231233dc10f6999d8ff7,americanfootball_nfl,2025-09-28T17:01:00Z,New England Patriots,Carolina Panthers,draftkings,DraftKings,player_anytime_td,Yes,475,,Xavier Legette,anytime_td
f8fe40924827231233dc10f6999d8ff7,americanfootball_nfl,2025-09-28T17:01:00Z,New England Patriots,Carolina Panthers,draftkings,DraftKings,player_anytime_td,Yes,500,,Austin Hooper,anytime_td
f8fe40924827231233dc10f6999d8ff7,americanfootball_nfl,2025-09-28T17:01:00Z,New England Patriots,Carolina Panthers,draftkings,DraftKings,player_anytime_td,Yes,500,,New England Patriots D/ST,anytime_td
f8fe40924827231233dc10f6999d8ff7,americanfootball_nfl,2025-09-28T17:01:00Z,New England Patriots,Carolina Panthers,draftkings,DraftKings,player_anytime_td,Yes,500,,Carolina Panthers D/ST,anytime_td
f8fe40924827231233dc10f6999d8ff7,americanfootball_nfl,2025-09-28T17:01:00Z,New England Patriots,Carolina Panthers,draftkings,DraftKings,player_anytime_td,Yes,550,,Mack Hollins,anytime_td
f8fe40924827231233dc10f6999d8ff7,americanfootball_nfl,2025-09-28T17:01:00Z,New England Patriots,Carolina Panthers,draftkings,DraftKings,player_anytime_td,Yes,650,,David Moore,anytime_td
f8fe40924827231233dc10f6999d8ff7,americanfootball_nfl,2025-09-28T17:01:00Z,New England Patriots,Carolina Panthers,draftkings,DraftKings,player_anytime_td,Yes,750,,Brycen Tremayne,anytime_td
f8fe40924827231233dc10f6999d8ff7,americanfootball_nfl,2025-09-28T17:01:00Z,New England Patriots,Carolina Panthers,draftkings,DraftKings,player_anytime_td,Yes,850,,Jimmy Horn Jr.,anytime_td
f8fe40924827231233dc10f6999d8ff7,americanfootball_nfl,2025-09-28T17:01:00Z,New England Patriots,Carolina Panthers,draftkings,DraftKings,player_anytime_td,Yes,900,,Mitchell Evans,anytime_td
f8fe40924827231233dc10f6999d8ff7,americanfootball_nfl,2025-09-28T17:01:00Z,New England Patriots,Carolina Panthers,draftkings,DraftKings,player_anytime_td,Yes,1000,,Kyle Williams,anytime_td
f8fe40924827231233dc10f6999d8ff7,americanfootball_nfl,2025-09-28T17:01:00Z,New England Patriots,Carolina Panthers,draftkings,DraftKings,player_anytime_td,Yes,1400,,Efton Chism III,anytime_td
f8fe40924827231233dc10f6999d8ff7,americanfootball_nfl,2025-09-28T17:01:00Z,New England Patriots,Carolina Panthers,draftkings,DraftKings,player_anytime_td,Yes,1800,,Trevor Etienne,anytime_td
f8fe40924827231233dc10f6999d8ff7,americanfootball_nfl,2025-09-28T17:01:00Z,New England Patriots,Carolina Panthers,draftkings,DraftKings,player_anytime_td,Yes,1900,,Jack Westover,anytime_td
f8fe40924827231233dc10f6999d8ff7,americanfootball_nfl,2025-09-28T17:01:00Z,New England Patriots,Carolina Panthers,draftkings,DraftKings,player_anytime_td,Yes,2200,,Dalevon Campbell,anytime_td
f8fe40924827231233dc10f6999d8ff7,americanfootball_nfl,2025-09-28T17:01:00Z,New England Patriots,Carolina Panthers,draftkings,DraftKings,player_pass_attempts,Over,-108,33.5,Bryce Young,pass_attempts
f8fe40924827231233dc10f6999d8ff7,americanfootball_nfl,2025-09-28T17:01:00Z,New England Patriots,Carolina Panthers,draftkings,DraftKings,player_pass_attempts,Under,-118,33.5,Bryce Young,pass_attempts
f8fe40924827231233dc10f6999d8ff7,americanfootball_nfl,2025-09-28T17:01:00Z,New England Patriots,Carolina Panthers,draftkings,DraftKings,player_pass_attempts,Over,-106,30.5,Drake Maye,pass_attempts
f8fe40924827231233dc10f6999d8ff7,americanfootball_nfl,2025-09-28T17:01:00Z,New England Patriots,Carolina Panthers,draftkings,DraftKings,player_pass_attempts,Under,-120,30.5,Drake Maye,pass_attempts
f8fe40924827231233dc10f6999d8ff7,americanfootball_nfl,2025-09-28T17:01:00Z,New England Patriots,Carolina Panthers,draftkings,DraftKings,player_pass_completions,Over,-118,20.5,Drake Maye,pass_completions
f8fe40924827231233dc10f6999d8ff7,americanfootball_nfl,2025-09-28T17:01:00Z,New England Patriots,Carolina Panthers,draftkings,DraftKings,player_pass_completions,Under,-108,20.5,Drake Maye,pass_completions
f8fe40924827231233dc10f6999d8ff7,americanfootball_nfl,2025-09-28T17:01:00Z,New England Patriots,Carolina Panthers,draftkings,DraftKings,player_pass_completions,Over,-103,20.5,Bryce Young,pass_completions
f8fe40924827231233dc10f6999d8ff7,americanfootball_nfl,2025-09-28T17:01:00Z,New England Patriots,Carolina Panthers,draftkings,DraftKings,player_pass_completions,Under,-123,20.5,Bryce Young,pass_completions
f8fe40924827231233dc10f6999d8ff7,americanfootball_nfl,2025-09-28T17:01:00Z,New England Patriots,Carolina Panthers,draftkings,DraftKings,player_pass_interceptions,Over,-109,0.5,Drake Maye,pass_interceptions
f8fe40924827231233dc10f6999d8ff7,americanfootball_nfl,2025-09-28T17:01:00Z,New England Patriots,Carolina Panthers,draftkings,DraftKings,player_pass_interceptions,Under,-117,0.5,Drake Maye,pass_interceptions
f8fe40924827231233dc10f6999d8ff7,americanfootball_nfl,2025-09-28T17:01:00Z,New England Patriots,Carolina Panthers,draftkings,DraftKings,player_pass_interceptions,Over,-143,0.5,Bryce Young,pass_interceptions
f8fe40924827231233dc10f6999d8ff7,americanfootball_nfl,2025-09-28T17:01:00Z,New England Patriots,Carolina Panthers,draftkings,DraftKings,player_pass_interceptions,Under,112,0.5,Bryce Young,pass_interceptions
f8fe40924827231233dc10f6999d8ff7,americanfootball_nfl,2025-09-28T17:01:00Z,New England Patriots,Carolina Panthers,draftkings,DraftKings,player_pass_tds,Over,-106,1.5,Drake Maye,pass_tds
f8fe40924827231233dc10f6999d8ff7,americanfootball_nfl,2025-09-28T17:01:00Z,New England Patriots,Carolina Panthers,draftkings,DraftKings,player_pass_tds,Under,-120,1.5,Drake Maye,pass_tds
f8fe40924827231233dc10f6999d8ff7,americanfootball_nfl,2025-09-28T17:01:00Z,New England Patriots,Carolina Panthers,draftkings,DraftKings,player_pass_tds,Over,175,1.5,Bryce Young,pass_tds
f8fe40924827231233dc10f6999d8ff7,americanfootball_nfl,2025-09-28T17:01:00Z,New England Patriots,Carolina Panthers,draftkings,DraftKings,player_pass_tds,Under,-227,1.5,Bryce Young,pass_tds
f8fe40924827231233dc10f6999d8ff7,americanfootball_nfl,2025-09-28T17:01:00Z,New England Patriots,Carolina Panthers,draftkings,DraftKings,player_pass_yds,Over,-111,210.5,Drake Maye,pass_yds
f8fe40924827231233dc10f6999d8ff7,americanfootball_nfl,2025-09-28T17:01:00Z,New England Patriots,Carolina Panthers,draftkings,DraftKings,player_pass_yds,Under,-113,210.5,Drake Maye,pass_yds
f8fe40924827231233dc10f6999d8ff7,americanfootball_nfl,2025-09-28T17:01:00Z,New England Patriots,Carolina Panthers,draftkings,DraftKings,player_pass_yds,Over,-112,205.5,Bryce Young,pass_yds
f8fe40924827231233dc10f6999d8ff7,americanfootball_nfl,2025-09-28T17:01:00Z,New England Patriots,Carolina Panthers,draftkings,DraftKings,player_pass_yds,Under,-112,205.5,Bryce Young,pass_yds
f8fe40924827231233dc10f6999d8ff7,americanfootball_nfl,2025-09-28T17:01:00Z,New England Patriots,Carolina Panthers,draftkings,DraftKings,player_rush_yds,Over,-109,56.5,Chuba Hubbard,rush_yds
f8fe40924827231233dc10f6999d8ff7,americanfootball_nfl,2025-09-28T17:01:00Z,New England Patriots,Carolina Panthers,draftkings,DraftKings,player_rush_yds,Under,-115,56.5,Chuba Hubbard,rush_yds
85c9b76cd6bd575b611cb4e8feb7a0b0,americanfootball_nfl,2025-09-28T17:01:00Z,Houston Texans,Tennessee Titans,draftkings,DraftKings,player_anytime_td,Yes,120,,Nico Collins,anytime_td
85c9b76cd6bd575b611cb4e8feb7a0b0,americanfootball_nfl,2025-09-28T17:01:00Z,Houston Texans,Tennessee Titans,draftkings,DraftKings,player_anytime_td,Yes,140,,Tony Pollard,anytime_td
85c9b76cd6bd575b611cb4e8feb7a0b0,americanfootball_nfl,2025-09-28T17:01:00Z,Houston Texans,Tennessee Titans,draftkings,DraftKings,player_anytime_td,Yes,155,,Nick Chubb,anytime_td
85c9b76cd6bd575b611cb4e8feb7a0b0,americanfootball_nfl,2025-09-28T17:01:00Z,Houston Texans,Tennessee Titans,draftkings,DraftKings,player_anytime_td,Yes,205,,Woody Marks,anytime_td
85c9b76cd6bd575b611cb4e8feb7a0b0,americanfootball_nfl,2025-09-28T17:01:00Z,Houston Texans,Tennessee Titans,draftkings,DraftKings,player_anytime_td,Yes,245,,Christian Kirk,anytime_td
85c9b76cd6bd575b611cb4e8feb7a0b0,americanfootball_nfl,2025-09-28T17:01:00Z,Houston Texans,Tennessee Titans,draftkings,DraftKings,player_anytime_td,Yes,265,,Calvin Ridley,anytime_td
85c9b76cd6bd575b611cb4e8feb7a0b0,americanfootball_nfl,2025-09-28T17:01:00Z,Houston Texans,Tennessee Titans,draftkings,DraftKings,player_anytime_td,Yes,280,,Dalton Schultz,anytime_td
85c9b76cd6bd575b611cb4e8feb7a0b0,americanfootball_nfl,2025-09-28T17:01:00Z,Houston Texans,Tennessee Titans,draftkings,DraftKings,player_anytime_td,Yes,400,,Dameon Pierce,anytime_td
85c9b76cd6bd575b611cb4e8feb7a0b0,americanfootball_nfl,2025-09-28T17:01:00Z,Houston Texans,Tennessee Titans,draftkings,DraftKings,player_anytime_td,Yes,425,,Jayden Higgins,anytime_td
85c9b76cd6bd575b611cb4e8feb7a0b0,americanfootball_nfl,2025-09-28T17:01:00Z,Houston Texans,Tennessee Titans,draftkings,DraftKings,player_anytime_td,Yes,425,,Xavier Hutchinson,anytime_td
85c9b76cd6bd575b611cb4e8feb7a0b0,americanfootball_nfl,2025-09-28T17:01:00Z,Houston Texans,Tennessee Titans,draftkings,DraftKings,player_anytime_td,Yes,425,,Elic Ayomanor,anytime_td
85c9b76cd6bd575b611cb4e8feb7a0b0,americanfootball_nfl,2025-09-28T17:01:00Z,Houston Texans,Tennessee Titans,draftkings,DraftKings,player_anytime_td,Yes,475,,Chigoziem Okonkwo,anytime_td
85c9b76cd6bd575b611cb4e8feb7a0b0,americanfootball_nfl,2025-09-28T17:01:00Z,Houston Texans,Tennessee Titans,draftkings,DraftKings,player_anytime_td,Yes,475,,Houston Texans D/ST,anytime_td
85c9b76cd6bd575b611cb4e8feb7a0b0,americanfootball_nfl,2025-09-28T17:01:00Z,Houston Texans,Tennessee Titans,draftkings,DraftKings,player_anytime_td,Yes,500,,Tennessee Titans D/ST,anytime_td
85c9b76cd6bd575b611cb4e8feb7a0b0,americanfootball_nfl,2025-09-28T17:01:00Z,Houston Texans,Tennessee Titans,draftkings,DraftKings,player_anytime_td,Yes,550,,C.J. Stroud,anytime_td
85c9b76cd6bd575b611cb4e8feb7a0b0,americanfootball_nfl,2025-09-28T17:01:00Z,Houston Texans,Tennessee Titans,draftkings,DraftKings,player_anytime_td,Yes,600,,Jaylin Noel,anytime_td
85c9b76cd6bd575b611cb4e8feb7a0b0,americanfootball_nfl,2025-09-28T17:01:00Z,Houston Texans,Tennessee Titans,draftkings,DraftKings,player_anytime_td,Yes,650,,Chimere Dike,anytime_td
85c9b76cd6bd575b611cb4e8feb7a0b0,americanfootball_nfl,2025-09-28T17:01:00Z,Houston Texans,Tennessee Titans,draftkings,DraftKings,player_anytime_td,Yes,700,,Cameron Ward,anytime_td
85c9b76cd6bd575b611cb4e8feb7a0b0,americanfootball_nfl,2025-09-28T17:01:00Z,Houston Texans,Tennessee Titans,draftkings,DraftKings,player_anytime_td,Yes,850,,Harrison Bryant,anytime_td
85c9b76cd6bd575b611cb4e8feb7a0b0,americanfootball_nfl,2025-09-28T17:01:00Z,Houston Texans,Tennessee Titans,draftkings,DraftKings,player_anytime_td,Yes,850,,Julius Chestnut,anytime_td
85c9b76cd6bd575b611cb4e8feb7a0b0,americanfootball_nfl,2025-09-28T17:01:00Z,Houston Texans,Tennessee Titans,draftkings,DraftKings,player_anytime_td,Yes,950,,Tyler Lockett,anytime_td
85c9b76cd6bd575b611cb4e8feb7a0b0,americanfootball_nfl,2025-09-28T17:01:00Z,Houston Texans,Tennessee Titans,draftkings,DraftKings,player_anytime_td,Yes,950,,Kalel Mullings,anytime_td
85c9b76cd6bd575b611cb4e8feb7a0b0,americanfootball_nfl,2025-09-28T17:01:00Z,Houston Texans,Tennessee Titans,draftkings,DraftKings,player_anytime_td,Yes,1000,,Dare Ogunbowale,anytime_td
85c9b76cd6bd575b611cb4e8feb7a0b0,americanfootball_nfl,2025-09-28T17:01:00Z,Houston Texans,Tennessee Titans,draftkings,DraftKings,player_anytime_td,Yes,1100,,Braxton Berrios,anytime_td
85c9b76cd6bd575b611cb4e8feb7a0b0,americanfootball_nfl,2025-09-28T17:01:00Z,Houston Texans,Tennessee Titans,draftkings,DraftKings,player_anytime_td,Yes,1200,,Van Jefferson,anytime_td
85c9b76cd6bd575b611cb4e8feb7a0b0,americanfootball_nfl,2025-09-28T17:01:00Z,Houston Texans,Tennessee Titans,draftkings,DraftKings,player_anytime_td,Yes,1200,,Gunnar Helm,anytime_td
85c9b76cd6bd575b611cb4e8feb7a0b0,americanfootball_nfl,2025-09-28T17:01:00Z,Houston Texans,Tennessee Titans,draftkings,DraftKings,player_anytime_td,Yes,1900,,Bryce Oliver,anytime_td
85c9b76cd6bd575b611cb4e8feb7a0b0,americanfootball_nfl,2025-09-28T17:01:00Z,Houston Texans,Tennessee Titans,draftkings,DraftKings,player_anytime_td,Yes,2200,,David Martin-Robinson,anytime_td
85c9b76cd6bd575b611cb4e8feb7a0b0,americanfootball_nfl,2025-09-28T17:01:00Z,Houston Texans,Tennessee Titans,draftkings,DraftKings,player_anytime_td,Yes,2500,,Jordan Mims,anytime_td
85c9b76cd6bd575b611cb4e8feb7a0b0,americanfootball_nfl,2025-09-28T17:01:00Z,Houston Texans,Tennessee Titans,draftkings,DraftKings,player_pass_attempts,Over,-126,30.5,C.J. Stroud,pass_attempts
85c9b76cd6bd575b611cb4e8feb7a0b0,americanfootball_nfl,2025-09-28T17:01:00Z,Houston Texans,Tennessee Titans,draftkings,DraftKings,player_pass_attempts,Under,-101,30.5,C.J. Stroud,pass_attempts
85c9b76cd6bd575b611cb4e8feb7a0b0,americanfootball_nfl,2025-09-28T17:01:00Z,Houston Texans,Tennessee Titans,draftkings,DraftKings,player_pass_completions,Over,-114,20.5,C.J. Stroud,pass_completions
85c9b76cd6bd575b611cb4e8feb7a0b0,americanfootball_nfl,2025-09-28T17:01:00Z,Houston Texans,Tennessee Titans,draftkings,DraftKings,player_pass_completions,Under,-112,20.5,C.J. Stroud,pass_completions
85c9b76cd6bd575b611cb4e8feb7a0b0,americanfootball_nfl,2025-09-28T17:01:00Z,Houston Texans,Tennessee Titans,draftkings,DraftKings,player_pass_tds,Over,117,1.5,C.J. Stroud,pass_tds
85c9b76cd6bd575b611cb4e8feb7a0b0,americanfootball_nfl,2025-09-28T17:01:00Z,Houston Texans,Tennessee Titans,draftkings,DraftKings,player_pass_tds,Under,-150,1.5,C.J. Stroud,pass_tds
85c9b76cd6bd575b611cb4e8feb7a0b0,americanfootball_nfl,2025-09-28T17:01:00Z,Houston Texans,Tennessee Titans,draftkings,DraftKings,player_pass_tds,Over,-203,0.5,Cameron Ward,pass_tds
85c9b76cd6bd575b611cb4e8feb7a0b0,americanfootball_nfl,2025-09-28T17:01:00Z,Houston Texans,Tennessee Titans,draftkings,DraftKings,player_pass_tds,Under,157,0.5,Cameron Ward,pass_tds
85c9b76cd6bd575b611cb4e8feb7a0b0,americanfootball_nfl,2025-09-28T17:01:00Z,Houston Texans,Tennessee Titans,draftkings,DraftKings,player_pass_yds,Over,-112,223.5,C.J. Stroud,pass_yds
85c9b76cd6bd575b611cb4e8feb7a0b0,americanfootball_nfl,2025-09-28T17:01:00Z,Houston Texans,Tennessee Titans,draftkings,DraftKings,player_pass_yds,Under,-112,223.5,C.J. Stroud,pass_yds
85c9b76cd6bd575b611cb4e8feb7a0b0,americanfootball_nfl,2025-09-28T17:01:00Z,Houston Texans,Tennessee Titans,draftkings,DraftKings,player_pass_yds,Over,-111,186.5,Cameron Ward,pass_yds
85c9b76cd6bd575b611cb4e8feb7a0b0,americanfootball_nfl,2025-09-28T17:01:00Z,Houston Texans,Tennessee Titans,draftkings,DraftKings,player_pass_yds,Under,-113,186.5,Cameron Ward,pass_yds
85c9b76cd6bd575b611cb4e8feb7a0b0,americanfootball_nfl,2025-09-28T17:01:00Z,Houston Texans,Tennessee Titans,draftkings,DraftKings,player_reception_yds,Over,-113,70.5,Nico Collins,reception_yds
85c9b76cd6bd575b611cb4e8feb7a0b0,americanfootball_nfl,2025-09-28T17:01:00Z,Houston Texans,Tennessee Titans,draftkings,DraftKings,player_reception_yds,Under,-111,70.5,Nico Collins,reception_yds
85c9b76cd6bd575b611cb4e8feb7a0b0,americanfootball_nfl,2025-09-28T17:01:00Z,Houston Texans,Tennessee Titans,draftkings,DraftKings,player_reception_yds,Over,-111,45.5,Calvin Ridley,reception_yds
85c9b76cd6bd575b611cb4e8feb7a0b0,americanfootball_nfl,2025-09-28T17:01:00Z,Houston Texans,Tennessee Titans,draftkings,DraftKings,player_reception_yds,Under,-113,45.5,Calvin Ridley,reception_yds
85c9b76cd6bd575b611cb4e8feb7a0b0,americanfootball_nfl,2025-09-28T17:01:00Z,Houston Texans,Tennessee Titans,draftkings,DraftKings,player_rush_yds,Over,-112,63.5,Tony Pollard,rush_yds
85c9b76cd6bd575b611cb4e8feb7a0b0,americanfootball_nfl,2025-09-28T17:01:00Z,Houston Texans,Tennessee Titans,draftkings,DraftKings,player_rush_yds,Under,-112,63.5,Tony Pollard,rush_yds
85c9b76cd6bd575b611cb4e8feb7a0b0,americanfootball_nfl,2025-09-28T17:01:00Z,Houston Texans,Tennessee Titans,draftkings,DraftKings,player_rush_yds,Over,-114,50.5,Nick Chubb,rush_yds
85c9b76cd6bd575b611cb4e8feb7a0b0,americanfootball_nfl,2025-09-28T17:01:00Z,Houston Texans,Tennessee Titans,draftkings,DraftKings,player_rush_yds,Under,-110,50.5,Nick Chubb,rush_yds
894976986c24d52cf1d45f0e6bb0e90c,americanfootball_nfl,2025-09-28T17:01:00Z,Tampa Bay Buccaneers,Philadelphia Eagles,draftkings,DraftKings,player_anytime_td,Yes,-145,,Saquon Barkley,anytime_td
894976986c24d52cf1d45f0e6bb0e90c,americanfootball_nfl,2025-09-28T17:01:00Z,Tampa Bay Buccaneers,Philadelphia Eagles,draftkings,DraftKings,player_anytime_td,Yes,-140,,Jalen Hurts,anytime_td
894976986c24d52cf1d45f0e6bb0e90c,americanfootball_nfl,2025-09-28T17:01:00Z,Tampa Bay Buccaneers,Philadelphia Eagles,draftkings,DraftKings,player_anytime_td,Yes,115,,Bucky Irving,anytime_td
894976986c24d52cf1d45f0e6bb0e90c,americanfootball_nfl,2025-09-28T17:01:00Z,Tampa Bay Buccaneers,Philadelphia Eagles,draftkings,DraftKings,player_anytime_td,Yes,160,,Emeka Egbuka,anytime_td
894976986c24d52cf1d45f0e6bb0e90c,americanfootball_nfl,2025-09-28T17:01:00Z,Tampa Bay Buccaneers,Philadelphia Eagles,draftkings,DraftKings,player_anytime_td,Yes,160,,AJ Brown,anytime_td
894976986c24d52cf1d45f0e6bb0e90c,americanfootball_nfl,2025-09-28T17:01:00Z,Tampa Bay Buccaneers,Philadelphia Eagles,draftkings,DraftKings,player_anytime_td,Yes,220,,DeVonta Smith,anytime_td
894976986c24d52cf1d45f0e6bb0e90c,americanfootball_nfl,2025-09-28T17:01:00Z,Tampa Bay Buccaneers,Philadelphia Eagles,draftkings,DraftKings,player_anytime_td,Yes,290,,Chris Godwin,anytime_td
894976986c24d52cf1d45f0e6bb0e90c,americanfootball_nfl,2025-09-28T17:01:00Z,Tampa Bay Buccaneers,Philadelphia Eagles,draftkings,DraftKings,player_anytime_td,Yes,320,,Cade Otton,anytime_td
894976986c24d52cf1d45f0e6bb0e90c,americanfootball_nfl,2025-09-28T17:01:00Z,Tampa Bay Buccaneers,Philadelphia Eagles,draftkings,DraftKings,player_anytime_td,Yes,330,,Rachaad White,anytime_td
894976986c24d52cf1d45f0e6bb0e90c,americanfootball_nfl,2025-09-28T17:01:00Z,Tampa Bay Buccaneers,Philadelphia Eagles,draftkings,DraftKings,player_anytime_td,Yes,340,,Sterling Shepard,anytime_td
894976986c24d52cf1d45f0e6bb0e90c,americanfootball_nfl,2025-09-28T17:01:00Z,Tampa Bay Buccaneers,Philadelphia Eagles,draftkings,DraftKings,player_anytime_td,Yes,380,,Dallas Goedert,anytime_td
894976986c24d52cf1d45f0e6bb0e90c,americanfootball_nfl,2025-09-28T17:01:00Z,Tampa Bay Buccaneers,Philadelphia Eagles,draftkings,DraftKings,player_anytime_td,Yes,500,,Jahan Dotson,anytime_td
894976986c24d52cf1d45f0e6bb0e90c,americanfootball_nfl,2025-09-28T17:01:00Z,Tampa Bay Buccaneers,Philadelphia Eagles,draftkings,DraftKings,player_anytime_td,Yes,500,,Philadelphia Eagles D/ST,anytime_td
894976986c24d52cf1d45f0e6bb0e90c,americanfootball_nfl,2025-09-28T17:01:00Z,Tampa Bay Buccaneers,Philadelphia Eagles,draftkings,DraftKings,player_anytime_td,Yes,550,,Tampa Bay Buccaneers D/ST,anytime_td
894976986c24d52cf1d45f0e6bb0e90c,americanfootball_nfl,2025-09-28T17:01:00Z,Tampa Bay Buccaneers,Philadelphia Eagles,draftkings,DraftKings,player_anytime_td,Yes,600,,Baker Mayfield,anytime_td
894976986c24d52cf1d45f0e6bb0e90c,americanfootball_nfl,2025-09-28T17:01:00Z,Tampa Bay Buccaneers,Philadelphia Eagles,draftkings,DraftKings,player_anytime_td,Yes,800,,Ryan Miller,anytime_td
894976986c24d52cf1d45f0e6bb0e90c,americanfootball_nfl,2025-09-28T17:01:00Z,Tampa Bay Buccaneers,Philadelphia Eagles,draftkings,DraftKings,player_anytime_td,Yes,850,,Tez Johnson,anytime_td
894976986c24d52cf1d45f0e6bb0e90c,americanfootball_nfl,2025-09-28T17:01:00Z,Tampa Bay Buccaneers,Philadelphia Eagles,draftkings,DraftKings,player_anytime_td,Yes,1200,,John Metchie III,anytime_td
894976986c24d52cf1d45f0e6bb0e90c,americanfootball_nfl,2025-09-28T17:01:00Z,Tampa Bay Buccaneers,Philadelphia Eagles,draftkings,DraftKings,player_anytime_td,Yes,1300,,AJ Dillon,anytime_td
894976986c24d52cf1d45f0e6bb0e90c,americanfootball_nfl,2025-09-28T17:01:00Z,Tampa Bay Buccaneers,Philadelphia Eagles,draftkings,DraftKings,player_anytime_td,Yes,1300,,Tank Bigsby,anytime_td
894976986c24d52cf1d45f0e6bb0e90c,americanfootball_nfl,2025-09-28T17:01:00Z,Tampa Bay Buccaneers,Philadelphia Eagles,draftkings,DraftKings,player_anytime_td,Yes,1400,,Grant Calcaterra,anytime_td
894976986c24d52cf1d45f0e6bb0e90c,americanfootball_nfl,2025-09-28T17:01:00Z,Tampa Bay Buccaneers,Philadelphia Eagles,draftkings,DraftKings,player_anytime_td,Yes,1500,,Kylen Granson,anytime_td
894976986c24d52cf1d45f0e6bb0e90c,americanfootball_nfl,2025-09-28T17:01:00Z,Tampa Bay Buccaneers,Philadelphia Eagles,draftkings,DraftKings,player_anytime_td,Yes,1600,,Sean Tucker,anytime_td
894976986c24d52cf1d45f0e6bb0e90c,americanfootball_nfl,2025-09-28T17:01:00Z,Tampa Bay Buccaneers,Philadelphia Eagles,draftkings,DraftKings,player_anytime_td,Yes,1600,,Payne Durham,anytime_td
894976986c24d52cf1d45f0e6bb0e90c,americanfootball_nfl,2025-09-28T17:01:00Z,Tampa Bay Buccaneers,Philadelphia Eagles,draftkings,DraftKings,player_anytime_td,Yes,1600,,Ko Kieft,anytime_td
894976986c24d52cf1d45f0e6bb0e90c,americanfootball_nfl,2025-09-28T17:01:00Z,Tampa Bay Buccaneers,Philadelphia Eagles,draftkings,DraftKings,player_anytime_td,Yes,1600,,Kameron Johnson,anytime_td
894976986c24d52cf1d45f0e6bb0e90c,americanfootball_nfl,2025-09-28T17:01:00Z,Tampa Bay Buccaneers,Philadelphia Eagles,draftkings,DraftKings,player_pass_attempts,Over,-105,31.5,Baker Mayfield,pass_attempts
894976986c24d52cf1d45f0e6bb0e90c,americanfootball_nfl,2025-09-28T17:01:00Z,Tampa Bay Buccaneers,Philadelphia Eagles,draftkings,DraftKings,player_pass_attempts,Under,-122,31.5,Baker Mayfield,pass_attempts
894976986c24d52cf1d45f0e6bb0e90c,americanfootball_nfl,2025-09-28T17:01:00Z,Tampa Bay Buccaneers,Philadelphia Eagles,draftkings,DraftKings,player_pass_attempts,Over,-110,27.5,Jalen Hurts,pass_attempts
894976986c24d52cf1d45f0e6bb0e90c,americanfootball_nfl,2025-09-28T17:01:00Z,Tampa Bay Buccaneers,Philadelphia Eagles,draftkings,DraftKings,player_pass_attempts,Under,-116,27.5,Jalen Hurts,pass_attempts
894976986c24d52cf1d45f0e6bb0e90c,americanfootball_nfl,2025-09-28T17:01:00Z,Tampa Bay Buccaneers,Philadelphia Eagles,draftkings,DraftKings,player_pass_completions,Over,-105,20.5,Baker Mayfield,pass_completions
894976986c24d52cf1d45f0e6bb0e90c,americanfootball_nfl,2025-09-28T17:01:00Z,Tampa Bay Buccaneers,Philadelphia Eagles,draftkings,DraftKings,player_pass_completions,Under,-121,20.5,Baker Mayfield,pass_completions
894976986c24d52cf1d45f0e6bb0e90c,americanfootball_nfl,2025-09-28T17:01:00Z,Tampa Bay Buccaneers,Philadelphia Eagles,draftkings,DraftKings,player_pass_completions,Over,-123,17.5,Jalen Hurts,pass_completions
894976986c24d52cf1d45f0e6bb0e90c,americanfootball_nfl,2025-09-28T17:01:00Z,Tampa Bay Buccaneers,Philadelphia Eagles,draftkings,DraftKings,player_pass_completions,Under,-104,17.5,Jalen Hurts,pass_completions
894976986c24d52cf1d45f0e6bb0e90c,americanfootball_nfl,2025-09-28T17:01:00Z,Tampa Bay Buccaneers,Philadelphia Eagles,draftkings,DraftKings,player_pass_interceptions,Over,141,0.5,Jalen Hurts,pass_interceptions
894976986c24d52cf1d45f0e6bb0e90c,americanfootball_nfl,2025-09-28T17:01:00Z,Tampa Bay Buccaneers,Philadelphia Eagles,draftkings,DraftKings,player_pass_interceptions,Under,-181,0.5,Jalen Hurts,pass_interceptions
894976986c24d52cf1d45f0e6bb0e90c,americanfootball_nfl,2025-09-28T17:01:00Z,Tampa Bay Buccaneers,Philadelphia Eagles,draftkings,DraftKings,player_pass_interceptions,Over,-127,0.5,Baker Mayfield,pass_interceptions
894976986c24d52cf1d45f0e6bb0e90c,americanfootball_nfl,2025-09-28T17:01:00Z,Tampa Bay Buccaneers,Philadelphia Eagles,draftkings,DraftKings,player_pass_interceptions,Under,100,0.5,Baker Mayfield,pass_interceptions
894976986c24d52cf1d45f0e6bb0e90c,americanfootball_nfl,2025-09-28T17:01:00Z,Tampa Bay Buccaneers,Philadelphia Eagles,draftkings,DraftKings,player_pass_tds,Over,136,1.5,Baker Mayfield,pass_tds
894976986c24d52cf1d45f0e6bb0e90c,americanfootball_nfl,2025-09-28T17:01:00Z,Tampa Bay Buccaneers,Philadelphia Eagles,draftkings,DraftKings,player_pass_tds,Under,-174,1.5,Baker Mayfield,pass_tds
894976986c24d52cf1d45f0e6bb0e90c,americanfootball_nfl,2025-09-28T17:01:00Z,Tampa Bay Buccaneers,Philadelphia Eagles,draftkings,DraftKings,player_pass_tds,Over,166,1.5,Jalen Hurts,pass_tds
894976986c24d52cf1d45f0e6bb0e90c,americanfootball_nfl,2025-09-28T17:01:00Z,Tampa Bay Buccaneers,Philadelphia Eagles,draftkings,DraftKings,player_pass_tds,Under,-215,1.5,Jalen Hurts,pass_tds
894976986c24d52cf1d45f0e6bb0e90c,americanfootball_nfl,2025-09-28T17:01:00Z,Tampa Bay Buccaneers,Philadelphia Eagles,draftkings,DraftKings,player_pass_yds,Over,-111,223.5,Baker Mayfield,pass_yds
894976986c24d52cf1d45f0e6bb0e90c,americanfootball_nfl,2025-09-28T17:01:00Z,Tampa Bay Buccaneers,Philadelphia Eagles,draftkings,DraftKings,player_pass_yds,Under,-113,223.5,Baker Mayfield,pass_yds
894976986c24d52cf1d45f0e6bb0e90c,americanfootball_nfl,2025-09-28T17:01:00Z,Tampa Bay Buccaneers,Philadelphia Eagles,draftkings,DraftKings,player_pass_yds,Over,-113,187.5,Jalen Hurts,pass_yds
894976986c24d52cf1d45f0e6bb0e90c,americanfootball_nfl,2025-09-28T17:01:00Z,Tampa Bay Buccaneers,Philadelphia Eagles,draftkings,DraftKings,player_pass_yds,Under,-111,187.5,Jalen Hurts,pass_yds
894976986c24d52cf1d45f0e6bb0e90c,americanfootball_nfl,2025-09-28T17:01:00Z,Tampa Bay Buccaneers,Philadelphia Eagles,draftkings,DraftKings,player_reception_yds,Over,-110,59.5,AJ Brown,reception_yds
894976986c24d52cf1d45f0e6bb0e90c,americanfootball_nfl,2025-09-28T17:01:00Z,Tampa Bay Buccaneers,Philadelphia Eagles,draftkings,DraftKings,player_reception_yds,Under,-114,59.5,AJ Brown,reception_yds
894976986c24d52cf1d45f0e6bb0e90c,americanfootball_nfl,2025-09-28T17:01:00Z,Tampa Bay Buccaneers,Philadelphia Eagles,draftkings,DraftKings,player_reception_yds,Over,-113,49.5,DeVonta Smith,reception_yds
894976986c24d52cf1d45f0e6bb0e90c,americanfootball_nfl,2025-09-28T17:01:00Z,Tampa Bay Buccaneers,Philadelphia Eagles,draftkings,DraftKings,player_reception_yds,Under,-111,49.5,DeVonta Smith,reception_yds
894976986c24d52cf1d45f0e6bb0e90c,americanfootball_nfl,2025-09-28T17:01:00Z,Tampa Bay Buccaneers,Philadelphia Eagles,draftkings,DraftKings,player_reception_yds,Over,-114,35.5,Dallas Goedert,reception_yds
894976986c24d52cf1d45f0e6bb0e90c,americanfootball_nfl,2025-09-28T17:01:00Z,Tampa Bay Buccaneers,Philadelphia Eagles,draftkings,DraftKings,player_reception_yds,Under,-110,35.5,Dallas Goedert,reception_yds
894976986c24d52cf1d45f0e6bb0e90c,americanfootball_nfl,2025-09-28T17:01:00Z,Tampa Bay Buccaneers,Philadelphia Eagles,draftkings,DraftKings,player_reception_yds,Over,-112,15.5,Saquon Barkley,reception_yds
894976986c24d52cf1d45f0e6bb0e90c,americanfootball_nfl,2025-09-28T17:01:00Z,Tampa Bay Buccaneers,Philadelphia Eagles,draftkings,DraftKings,player_reception_yds,Under,-112,15.5,Saquon Barkley,reception_yds
894976986c24d52cf1d45f0e6bb0e90c,americanfootball_nfl,2025-09-28T17:01:00Z,Tampa Bay Buccaneers,Philadelphia Eagles,draftkings,DraftKings,player_reception_yds,Over,-116,9.5,Jahan Dotson,reception_yds
894976986c24d52cf1d45f0e6bb0e90c,americanfootball_nfl,2025-09-28T17:01:00Z,Tampa Bay Buccaneers,Philadelphia Eagles,draftkings,DraftKings,player_reception_yds,Under,-108,9.5,Jahan Dotson,reception_yds
894976986c24d52cf1d45f0e6bb0e90c,americanfootball_nfl,2025-09-28T17:01:00Z,Tampa Bay Buccaneers,Philadelphia Eagles,draftkings,DraftKings,player_receptions,Over,-114,4.5,AJ Brown,receptions
894976986c24d52cf1d45f0e6bb0e90c,americanfootball_nfl,2025-09-28T17:01:00Z,Tampa Bay Buccaneers,Philadelphia Eagles,draftkings,DraftKings,player_receptions,Under,-112,4.5,AJ Brown,receptions
894976986c24d52cf1d45f0e6bb0e90c,americanfootball_nfl,2025-09-28T17:01:00Z,Tampa Bay Buccaneers,Philadelphia Eagles,draftkings,DraftKings,player_receptions,Over,-107,4.5,DeVonta Smith,receptions
894976986c24d52cf1d45f0e6bb0e90c,americanfootball_nfl,2025-09-28T17:01:00Z,Tampa Bay Buccaneers,Philadelphia Eagles,draftkings,DraftKings,player_receptions,Under,-119,4.5,DeVonta Smith,receptions
894976986c24d52cf1d45f0e6bb0e90c,americanfootball_nfl,2025-09-28T17:01:00Z,Tampa Bay Buccaneers,Philadelphia Eagles,draftkings,DraftKings,player_receptions,Over,-106,3.5,Dallas Goedert,receptions
894976986c24d52cf1d45f0e6bb0e90c,americanfootball_nfl,2025-09-28T17:01:00Z,Tampa Bay Buccaneers,Philadelphia Eagles,draftkings,DraftKings,player_receptions,Under,-120,3.5,Dallas Goedert,receptions
894976986c24d52cf1d45f0e6bb0e90c,americanfootball_nfl,2025-09-28T17:01:00Z,Tampa Bay Buccaneers,Philadelphia Eagles,draftkings,DraftKings,player_receptions,Over,-118,2.5,Saquon Barkley,receptions
894976986c24d52cf1d45f0e6bb0e90c,americanfootball_nfl,2025-09-28T17:01:00Z,Tampa Bay Buccaneers,Philadelphia Eagles,draftkings,DraftKings,player_receptions,Under,-108,2.5,Saquon Barkley,receptions
894976986c24d52cf1d45f0e6bb0e90c,americanfootball_nfl,2025-09-28T17:01:00Z,Tampa Bay Buccaneers,Philadelphia Eagles,draftkings,DraftKings,player_rush_yds,Over,-111,82.5,Saquon Barkley,rush_yds
894976986c24d52cf1d45f0e6bb0e90c,americanfootball_nfl,2025-09-28T17:01:00Z,Tampa Bay Buccaneers,Philadelphia Eagles,draftkings,DraftKings,player_rush_yds,Under,-113,82.5,Saquon Barkley,rush_yds
894976986c24d52cf1d45f0e6bb0e90c,americanfootball_nfl,2025-09-28T17:01:00Z,Tampa Bay Buccaneers,Philadelphia Eagles,draftkings,DraftKings,player_rush_yds,Over,-109,64.5,Bucky Irving,rush_yds
894976986c24d52cf1d45f0e6bb0e90c,americanfootball_nfl,2025-09-28T17:01:00Z,Tampa Bay Buccaneers,Philadelphia Eagles,draftkings,DraftKings,player_rush_yds,Under,-115,64.5,Bucky Irving,rush_yds
894976986c24d52cf1d45f0e6bb0e90c,americanfootball_nfl,2025-09-28T17:01:00Z,Tampa Bay Buccaneers,Philadelphia Eagles,draftkings,DraftKings,player_rush_yds,Over,-115,42.5,Jalen Hurts,rush_yds
894976986c24d52cf1d45f0e6bb0e90c,americanfootball_nfl,2025-09-28T17:01:00Z,Tampa Bay Buccaneers,Philadelphia Eagles,draftkings,DraftKings,player_rush_yds,Under,-109,42.5,Jalen Hurts,rush_yds
894976986c24d52cf1d45f0e6bb0e90c,americanfootball_nfl,2025-09-28T17:01:00Z,Tampa Bay Buccaneers,Philadelphia Eagles,draftkings,DraftKings,player_rush_yds,Over,-112,18.5,Baker Mayfield,rush_yds
894976986c24d52cf1d45f0e6bb0e90c,americanfootball_nfl,2025-09-28T17:01:00Z,Tampa Bay Buccaneers,Philadelphia Eagles,draftkings,DraftKings,player_rush_yds,Under,-112,18.5,Baker Mayfield,rush_yds
d90e0de2d5fa2d57e8812f31775ad0ba,americanfootball_nfl,2025-09-28T20:06:00Z,Los Angeles Rams,Indianapolis Colts,draftkings,DraftKings,player_anytime_td,Yes,-205,,Jonathan Taylor,anytime_td
d90e0de2d5fa2d57e8812f31775ad0ba,americanfootball_nfl,2025-09-28T20:06:00Z,Los Angeles Rams,Indianapolis Colts,draftkings,DraftKings,player_anytime_td,Yes,-190,,Kyren Williams,anytime_td
d90e0de2d5fa2d57e8812f31775ad0ba,americanfootball_nfl,2025-09-28T20:06:00Z,Los Angeles Rams,Indianapolis Colts,draftkings,DraftKings,player_anytime_td,Yes,105,,Puka Nacua,anytime_td
d90e0de2d5fa2d57e8812f31775ad0ba,americanfootball_nfl,2025-09-28T20:06:00Z,Los Angeles Rams,Indianapolis Colts,draftkings,DraftKings,player_anytime_td,Yes,130,,Davante Adams,anytime_td
d90e0de2d5fa2d57e8812f31775ad0ba,americanfootball_nfl,2025-09-28T20:06:00Z,Los Angeles Rams,Indianapolis Colts,draftkings,DraftKings,player_anytime_td,Yes,165,,Daniel Jones,anytime_td
d90e0de2d5fa2d57e8812f31775ad0ba,americanfootball_nfl,2025-09-28T20:06:00Z,Los Angeles Rams,Indianapolis Colts,draftkings,DraftKings,player_anytime_td,Yes,220,,Blake Corum,anytime_td
d90e0de2d5fa2d57e8812f31775ad0ba,americanfootball_nfl,2025-09-28T20:06:00Z,Los Angeles Rams,Indianapolis Colts,draftkings,DraftKings,player_anytime_td,Yes,225,,Tyler Warren,anytime_td
d90e0de2d5fa2d57e8812f31775ad0ba,americanfootball_nfl,2025-09-28T20:06:00Z,Los Angeles Rams,Indianapolis Colts,draftkings,DraftKings,player_anytime_td,Yes,230,,Michael Pittman Jr.,anytime_td
d90e0de2d5fa2d57e8812f31775ad0ba,americanfootball_nfl,2025-09-28T20:06:00Z,Los Angeles Rams,Indianapolis Colts,draftkings,DraftKings,player_anytime_td,Yes,280,,Josh Downs,anytime_td
d90e0de2d5fa2d57e8812f31775ad0ba,americanfootball_nfl,2025-09-28T20:06:00Z,Los Angeles Rams,Indianapolis Colts,draftkings,DraftKings,player_anytime_td,Yes,350,,Tyler Higbee,anytime_td
d90e0de2d5fa2d57e8812f31775ad0ba,americanfootball_nfl,2025-09-28T20:06:00Z,Los Angeles Rams,Indianapolis Colts,draftkings,DraftKings,player_anytime_td,Yes,360,,Jordan Whittington,anytime_td
d90e0de2d5fa2d57e8812f31775ad0ba,americanfootball_nfl,2025-09-28T20:06:00Z,Los Angeles Rams,Indianapolis Colts,draftkings,DraftKings,player_anytime_td,Yes,390,,Alec Pierce,anytime_td
d90e0de2d5fa2d57e8812f31775ad0ba,americanfootball_nfl,2025-09-28T20:06:00Z,Los Angeles Rams,Indianapolis Colts,draftkings,DraftKings,player_anytime_td,Yes,400,,Adonai Mitchell,anytime_td
d90e0de2d5fa2d57e8812f31775ad0ba,americanfootball_nfl,2025-09-28T20:06:00Z,Los Angeles Rams,Indianapolis Colts,draftkings,DraftKings,player_anytime_td,Yes,500,,Los Angeles Rams D/ST,anytime_td
d90e0de2d5fa2d57e8812f31775ad0ba,americanfootball_nfl,2025-09-28T20:06:00Z,Los Angeles Rams,Indianapolis Colts,draftkings,DraftKings,player_anytime_td,Yes,500,,Indianapolis Colts D/ST,anytime_td
d90e0de2d5fa2d57e8812f31775ad0ba,americanfootball_nfl,2025-09-28T20:06:00Z,Los Angeles Rams,Indianapolis Colts,draftkings,DraftKings,player_anytime_td,Yes,550,,Tutu Atwell,anytime_td
d90e0de2d5fa2d57e8812f31775ad0ba,americanfootball_nfl,2025-09-28T20:06:00Z,Los Angeles Rams,Indianapolis Colts,draftkings,DraftKings,player_anytime_td,Yes,600,,DJ Giddens,anytime_td
d90e0de2d5fa2d57e8812f31775ad0ba,americanfootball_nfl,2025-09-28T20:06:00Z,Los Angeles Rams,Indianapolis Colts,draftkings,DraftKings,player_anytime_td,Yes,800,,Davis Allen,anytime_td
d90e0de2d5fa2d57e8812f31775ad0ba,americanfootball_nfl,2025-09-28T20:06:00Z,Los Angeles Rams,Indianapolis Colts,draftkings,DraftKings,player_anytime_td,Yes,900,,Matthew Stafford,anytime_td
d90e0de2d5fa2d57e8812f31775ad0ba,americanfootball_nfl,2025-09-28T20:06:00Z,Los Angeles Rams,Indianapolis Colts,draftkings,DraftKings,player_anytime_td,Yes,950,,Drew Ogletree,anytime_td
d90e0de2d5fa2d57e8812f31775ad0ba,americanfootball_nfl,2025-09-28T20:06:00Z,Los Angeles Rams,Indianapolis Colts,draftkings,DraftKings,player_anytime_td,Yes,1000,,Konata Mumpfield,anytime_td
d90e0de2d5fa2d57e8812f31775ad0ba,americanfootball_nfl,2025-09-28T20:06:00Z,Los Angeles Rams,Indianapolis Colts,draftkings,DraftKings,player_anytime_td,Yes,1100,,Colby Parkinson,anytime_td
d90e0de2d5fa2d57e8812f31775ad0ba,americanfootball_nfl,2025-09-28T20:06:00Z,Los Angeles Rams,Indianapolis Colts,draftkings,DraftKings,player_anytime_td,Yes,1100,,Tyler Goodson,anytime_td
d90e0de2d5fa2d57e8812f31775ad0ba,americanfootball_nfl,2025-09-28T20:06:00Z,Los Angeles Rams,Indianapolis Colts,draftkings,DraftKings,player_anytime_td,Yes,1200,,Jarquez Hunter,anytime_td
d90e0de2d5fa2d57e8812f31775ad0ba,americanfootball_nfl,2025-09-28T20:06:00Z,Los Angeles Rams,Indianapolis Colts,draftkings,DraftKings,player_anytime_td,Yes,1200,,Mo Alie-Cox,anytime_td
d90e0de2d5fa2d57e8812f31775ad0ba,americanfootball_nfl,2025-09-28T20:06:00Z,Los Angeles Rams,Indianapolis Colts,draftkings,DraftKings,player_anytime_td,Yes,1600,,Terrance Ferguson,anytime_td
d90e0de2d5fa2d57e8812f31775ad0ba,americanfootball_nfl,2025-09-28T20:06:00Z,Los Angeles Rams,Indianapolis Colts,draftkings,DraftKings,player_anytime_td,Yes,1600,,Ashton Dulin,anytime_td
d90e0de2d5fa2d57e8812f31775ad0ba,americanfootball_nfl,2025-09-28T20:06:00Z,Los Angeles Rams,Indianapolis Colts,draftkings,DraftKings,player_anytime_td,Yes,2200,,Xavier Smith,anytime_td
d90e0de2d5fa2d57e8812f31775ad0ba,americanfootball_nfl,2025-09-28T20:06:00Z,Los Angeles Rams,Indianapolis Colts,draftkings,DraftKings,player_anytime_td,Yes,2200,,Ulysses Bentley IV,anytime_td
d90e0de2d5fa2d57e8812f31775ad0ba,americanfootball_nfl,2025-09-28T20:06:00Z,Los Angeles Rams,Indianapolis Colts,draftkings,DraftKings,player_anytime_td,Yes,3500,,Anthony Gould,anytime_td
d90e0de2d5fa2d57e8812f31775ad0ba,americanfootball_nfl,2025-09-28T20:06:00Z,Los Angeles Rams,Indianapolis Colts,draftkings,DraftKings,player_pass_yds,Over,-112,253.5,Matthew Stafford,pass_yds
d90e0de2d5fa2d57e8812f31775ad0ba,americanfootball_nfl,2025-09-28T20:06:00Z,Los Angeles Rams,Indianapolis Colts,draftkings,DraftKings,player_pass_yds,Under,-112,253.5,Matthew Stafford,pass_yds
d90e0de2d5fa2d57e8812f31775ad0ba,americanfootball_nfl,2025-09-28T20:06:00Z,Los Angeles Rams,Indianapolis Colts,draftkings,DraftKings,player_pass_yds,Over,-111,213.5,Daniel Jones,pass_yds
d90e0de2d5fa2d57e8812f31775ad0ba,americanfootball_nfl,2025-09-28T20:06:00Z,Los Angeles Rams,Indianapolis Colts,draftkings,DraftKings,player_pass_yds,Under,-113,213.5,Daniel Jones,pass_yds
d90e0de2d5fa2d57e8812f31775ad0ba,americanfootball_nfl,2025-09-28T20:06:00Z,Los Angeles Rams,Indianapolis Colts,draftkings,DraftKings,player_reception_yds,Over,-111,89.5,Puka Nacua,reception_yds
d90e0de2d5fa2d57e8812f31775ad0ba,americanfootball_nfl,2025-09-28T20:06:00Z,Los Angeles Rams,Indianapolis Colts,draftkings,DraftKings,player_reception_yds,Under,-113,89.5,Puka Nacua,reception_yds
d90e0de2d5fa2d57e8812f31775ad0ba,americanfootball_nfl,2025-09-28T20:06:00Z,Los Angeles Rams,Indianapolis Colts,draftkings,DraftKings,player_reception_yds,Over,-112,61.5,Davante Adams,reception_yds
d90e0de2d5fa2d57e8812f31775ad0ba,americanfootball_nfl,2025-09-28T20:06:00Z,Los Angeles Rams,Indianapolis Colts,draftkings,DraftKings,player_reception_yds,Under,-112,61.5,Davante Adams,reception_yds
d90e0de2d5fa2d57e8812f31775ad0ba,americanfootball_nfl,2025-09-28T20:06:00Z,Los Angeles Rams,Indianapolis Colts,draftkings,DraftKings,player_receptions,Over,108,7.5,Puka Nacua,receptions
d90e0de2d5fa2d57e8812f31775ad0ba,americanfootball_nfl,2025-09-28T20:06:00Z,Los Angeles Rams,Indianapolis Colts,draftkings,DraftKings,player_receptions,Under,-138,7.5,Puka Nacua,receptions
d90e0de2d5fa2d57e8812f31775ad0ba,americanfootball_nfl,2025-09-28T20:06:00Z,Los Angeles Rams,Indianapolis Colts,draftkings,DraftKings,player_receptions,Over,108,5.5,Davante Adams,receptions
d90e0de2d5fa2d57e8812f31775ad0ba,americanfootball_nfl,2025-09-28T20:06:00Z,Los Angeles Rams,Indianapolis Colts,draftkings,DraftKings,player_receptions,Under,-138,5.5,Davante Adams,receptions
d90e0de2d5fa2d57e8812f31775ad0ba,americanfootball_nfl,2025-09-28T20:06:00Z,Los Angeles Rams,Indianapolis Colts,draftkings,DraftKings,player_rush_yds,Over,-113,84.5,Jonathan Taylor,rush_yds
d90e0de2d5fa2d57e8812f31775ad0ba,americanfootball_nfl,2025-09-28T20:06:00Z,Los Angeles Rams,Indianapolis Colts,draftkings,DraftKings,player_rush_yds,Under,-111,84.5,Jonathan Taylor,rush_yds
d90e0de2d5fa2d57e8812f31775ad0ba,americanfootball_nfl,2025-09-28T20:06:00Z,Los Angeles Rams,Indianapolis Colts,draftkings,DraftKings,player_rush_yds,Over,-110,70.5,Kyren Williams,rush_yds
d90e0de2d5fa2d57e8812f31775ad0ba,americanfootball_nfl,2025-09-28T20:06:00Z,Los Angeles Rams,Indianapolis Colts,draftkings,DraftKings,player_rush_yds,Under,-115,70.5,Kyren Williams,rush_yds
d90e0de2d5fa2d57e8812f31775ad0ba,americanfootball_nfl,2025-09-28T20:06:00Z,Los Angeles Rams,Indianapolis Colts,draftkings,DraftKings,player_rush_yds,Over,-110,24.5,Daniel Jones,rush_yds
d90e0de2d5fa2d57e8812f31775ad0ba,americanfootball_nfl,2025-09-28T20:06:00Z,Los Angeles Rams,Indianapolis Colts,draftkings,DraftKings,player_rush_yds,Under,-114,24.5,Daniel Jones,rush_yds
09f55b4a19a83eb951a9400a11123477,americanfootball_nfl,2025-09-28T20:06:00Z,San Francisco 49ers,Jacksonville Jaguars,draftkings,DraftKings,player_anytime_td,Yes,-190,,Christian McCaffrey,anytime_td
09f55b4a19a83eb951a9400a11123477,americanfootball_nfl,2025-09-28T20:06:00Z,San Francisco 49ers,Jacksonville Jaguars,draftkings,DraftKings,player_anytime_td,Yes,125,,Travis Etienne Jr.,anytime_td
09f55b4a19a83eb951a9400a11123477,americanfootball_nfl,2025-09-28T20:06:00Z,San Francisco 49ers,Jacksonville Jaguars,draftkings,DraftKings,player_anytime_td,Yes,170,,Jauan Jennings,anytime_td
09f55b4a19a83eb951a9400a11123477,americanfootball_nfl,2025-09-28T20:06:00Z,San Francisco 49ers,Jacksonville Jaguars,draftkings,DraftKings,player_anytime_td,Yes,175,,Brian Thomas Jr,anytime_td
09f55b4a19a83eb951a9400a11123477,americanfootball_nfl,2025-09-28T20:06:00Z,San Francisco 49ers,Jacksonville Jaguars,draftkings,DraftKings,player_anytime_td,Yes,185,,Ricky Pearsall,anytime_td
09f55b4a19a83eb951a9400a11123477,americanfootball_nfl,2025-09-28T20:06:00Z,San Francisco 49ers,Jacksonville Jaguars,draftkings,DraftKings,player_anytime_td,Yes,205,,Bhayshul Tuten,anytime_td
09f55b4a19a83eb951a9400a11123477,americanfootball_nfl,2025-09-28T20:06:00Z,San Francisco 49ers,Jacksonville Jaguars,draftkings,DraftKings,player_anytime_td,Yes,215,,Travis Hunter,anytime_td
09f55b4a19a83eb951a9400a11123477,americanfootball_nfl,2025-09-28T20:06:00Z,San Francisco 49ers,Jacksonville Jaguars,draftkings,DraftKings,player_anytime_td,Yes,285,,Brenton Strange,anytime_td
09f55b4a19a83eb951a9400a11123477,americanfootball_nfl,2025-09-28T20:06:00Z,San Francisco 49ers,Jacksonville Jaguars,draftkings,DraftKings,player_anytime_td,Yes,310,,Dyami Brown,anytime_td
09f55b4a19a83eb951a9400a11123477,americanfootball_nfl,2025-09-28T20:06:00Z,San Francisco 49ers,Jacksonville Jaguars,draftkings,DraftKings,player_anytime_td,Yes,350,,Parker Washington,anytime_td
09f55b4a19a83eb951a9400a11123477,americanfootball_nfl,2025-09-28T20:06:00Z,San Francisco 49ers,Jacksonville Jaguars,draftkings,DraftKings,player_anytime_td,Yes,400,,Brian Robinson Jr.,anytime_td
09f55b4a19a83eb951a9400a11123477,americanfootball_nfl,2025-09-28T20:06:00Z,San Francisco 49ers,Jacksonville Jaguars,draftkings,DraftKings,player_anytime_td,Yes,450,,Jake Tonges,anytime_td
09f55b4a19a83eb951a9400a11123477,americanfootball_nfl,2025-09-28T20:06:00Z,San Francisco 49ers,Jacksonville Jaguars,draftkings,DraftKings,player_anytime_td,Yes,475,,Kendrick Bourne,anytime_td
09f55b4a19a83eb951a9400a11123477,americanfootball_nfl,2025-09-28T20:06:00Z,San Francisco 49ers,Jacksonville Jaguars,draftkings,DraftKings,player_anytime_td,Yes,475,,Kyle Juszczyk,anytime_td
09f55b4a19a83eb951a9400a11123477,americanfootball_nfl,2025-09-28T20:06:00Z,San Francisco 49ers,Jacksonville Jaguars,draftkings,DraftKings,player_anytime_td,Yes,500,,Mac Jones,anytime_td
09f55b4a19a83eb951a9400a11123477,americanfootball_nfl,2025-09-28T20:06:00Z,San Francisco 49ers,Jacksonville Jaguars,draftkings,DraftKings,player_anytime_td,Yes,500,,Trevor Lawrence,anytime_td
09f55b4a19a83eb951a9400a11123477,americanfootball_nfl,2025-09-28T20:06:00Z,San Francisco 49ers,Jacksonville Jaguars,draftkings,DraftKings,player_anytime_td,Yes,500,,San Francisco 49ers D/ST,anytime_td
09f55b4a19a83eb951a9400a11123477,americanfootball_nfl,2025-09-28T20:06:00Z,San Francisco 49ers,Jacksonville Jaguars,draftkings,DraftKings,player_anytime_td,Yes,500,,Jacksonville Jaguars D/ST,anytime_td
09f55b4a19a83eb951a9400a11123477,americanfootball_nfl,2025-09-28T20:06:00Z,San Francisco 49ers,Jacksonville Jaguars,draftkings,DraftKings,player_anytime_td,Yes,550,,Luke Farrell,anytime_td
09f55b4a19a83eb951a9400a11123477,americanfootball_nfl,2025-09-28T20:06:00Z,San Francisco 49ers,Jacksonville Jaguars,draftkings,DraftKings,player_anytime_td,Yes,600,,Demarcus Robinson,anytime_td
09f55b4a19a83eb951a9400a11123477,americanfootball_nfl,2025-09-28T20:06:00Z,San Francisco 49ers,Jacksonville Jaguars,draftkings,DraftKings,player_anytime_td,Yes,750,,LeQuint Allen Jr.,anytime_td
09f55b4a19a83eb951a9400a11123477,americanfootball_nfl,2025-09-28T20:06:00Z,San Francisco 49ers,Jacksonville Jaguars,draftkings,DraftKings,player_anytime_td,Yes,800,,Marquez Valdes-Scantling,anytime_td
09f55b4a19a83eb951a9400a11123477,americanfootball_nfl,2025-09-28T20:06:00Z,San Francisco 49ers,Jacksonville Jaguars,draftkings,DraftKings,player_anytime_td,Yes,850,,Skyy Moore,anytime_td
09f55b4a19a83eb951a9400a11123477,americanfootball_nfl,2025-09-28T20:06:00Z,San Francisco 49ers,Jacksonville Jaguars,draftkings,DraftKings,player_anytime_td,Yes,900,,Isaac Guerendo,anytime_td
09f55b4a19a83eb951a9400a11123477,americanfootball_nfl,2025-09-28T20:06:00Z,San Francisco 49ers,Jacksonville Jaguars,draftkings,DraftKings,player_anytime_td,Yes,900,,Tim Patrick,anytime_td
09f55b4a19a83eb951a9400a11123477,americanfootball_nfl,2025-09-28T20:06:00Z,San Francisco 49ers,Jacksonville Jaguars,draftkings,DraftKings,player_anytime_td,Yes,1400,,Quintin Morris,anytime_td
09f55b4a19a83eb951a9400a11123477,americanfootball_nfl,2025-09-28T20:06:00Z,San Francisco 49ers,Jacksonville Jaguars,draftkings,DraftKings,player_anytime_td,Yes,1500,,Brayden Willis,anytime_td
09f55b4a19a83eb951a9400a11123477,americanfootball_nfl,2025-09-28T20:06:00Z,San Francisco 49ers,Jacksonville Jaguars,draftkings,DraftKings,player_anytime_td,Yes,1500,,Johnny Mundt,anytime_td
09f55b4a19a83eb951a9400a11123477,americanfootball_nfl,2025-09-28T20:06:00Z,San Francisco 49ers,Jacksonville Jaguars,draftkings,DraftKings,player_anytime_td,Yes,1500,,Hunter Long,anytime_td
09f55b4a19a83eb951a9400a11123477,americanfootball_nfl,2025-09-28T20:06:00Z,San Francisco 49ers,Jacksonville Jaguars,draftkings,DraftKings,player_anytime_td,Yes,1500,,Austin Trammell,anytime_td
09f55b4a19a83eb951a9400a11123477,americanfootball_nfl,2025-09-28T20:06:00Z,San Francisco 49ers,Jacksonville Jaguars,draftkings,DraftKings,player_pass_tds,Over,109,1.5,Trevor Lawrence,pass_tds
09f55b4a19a83eb951a9400a11123477,americanfootball_nfl,2025-09-28T20:06:00Z,San Francisco 49ers,Jacksonville Jaguars,draftkings,DraftKings,player_pass_tds,Under,-139,1.5,Trevor Lawrence,pass_tds
09f55b4a19a83eb951a9400a11123477,americanfootball_nfl,2025-09-28T20:06:00Z,San Francisco 49ers,Jacksonville Jaguars,draftkings,DraftKings,player_pass_yds,Over,-113,225.5,Trevor Lawrence,pass_yds
09f55b4a19a83eb951a9400a11123477,americanfootball_nfl,2025-09-28T20:06:00Z,San Francisco 49ers,Jacksonville Jaguars,draftkings,DraftKings,player_pass_yds,Under,-111,225.5,Trevor Lawrence,pass_yds
09f55b4a19a83eb951a9400a11123477,americanfootball_nfl,2025-09-28T20:06:00Z,San Francisco 49ers,Jacksonville Jaguars,draftkings,DraftKings,player_reception_yds,Over,-111,61.5,Brian Thomas Jr,reception_yds
09f55b4a19a83eb951a9400a11123477,americanfootball_nfl,2025-09-28T20:06:00Z,San Francisco 49ers,Jacksonville Jaguars,draftkings,DraftKings,player_reception_yds,Under,-113,61.5,Brian Thomas Jr,reception_yds
09f55b4a19a83eb951a9400a11123477,americanfootball_nfl,2025-09-28T20:06:00Z,San Francisco 49ers,Jacksonville Jaguars,draftkings,DraftKings,player_reception_yds,Over,-114,43.5,Christian McCaffrey,reception_yds
09f55b4a19a83eb951a9400a11123477,americanfootball_nfl,2025-09-28T20:06:00Z,San Francisco 49ers,Jacksonville Jaguars,draftkings,DraftKings,player_reception_yds,Under,-110,43.5,Christian McCaffrey,reception_yds
09f55b4a19a83eb951a9400a11123477,americanfootball_nfl,2025-09-28T20:06:00Z,San Francisco 49ers,Jacksonville Jaguars,draftkings,DraftKings,player_rush_yds,Over,-110,74.5,Christian McCaffrey,rush_yds
09f55b4a19a83eb951a9400a11123477,americanfootball_nfl,2025-09-28T20:06:00Z,San Francisco 49ers,Jacksonville Jaguars,draftkings,DraftKings,player_rush_yds,Under,-114,74.5,Christian McCaffrey,rush_yds
09f55b4a19a83eb951a9400a11123477,americanfootball_nfl,2025-09-28T20:06:00Z,San Francisco 49ers,Jacksonville Jaguars,draftkings,DraftKings,player_rush_yds,Over,-114,52.5,Travis Etienne Jr.,rush_yds
09f55b4a19a83eb951a9400a11123477,americanfootball_nfl,2025-09-28T20:06:00Z,San Francisco 49ers,Jacksonville Jaguars,draftkings,DraftKings,player_rush_yds,Under,-110,52.5,Travis Etienne Jr.,rush_yds
09f55b4a19a83eb951a9400a11123477,americanfootball_nfl,2025-09-28T20:06:00Z,San Francisco 49ers,Jacksonville Jaguars,draftkings,DraftKings,player_rush_yds,Over,-106,13.5,Trevor Lawrence,rush_yds
09f55b4a19a83eb951a9400a11123477,americanfootball_nfl,2025-09-28T20:06:00Z,San Francisco 49ers,Jacksonville Jaguars,draftkings,DraftKings,player_rush_yds,Under,-119,13.5,Trevor Lawrence,rush_yds
051233db287b02fd3e7574955879ece2,americanfootball_nfl,2025-09-28T20:25:00Z,Kansas City Chiefs,Baltimore Ravens,draftkings,DraftKings,player_anytime_td,Yes,-165,,Derrick Henry,anytime_td
051233db287b02fd3e7574955879ece2,americanfootball_nfl,2025-09-28T20:25:00Z,Kansas City Chiefs,Baltimore Ravens,draftkings,DraftKings,player_anytime_td,Yes,125,,Zay Flowers,anytime_td
051233db287b02fd3e7574955879ece2,americanfootball_nfl,2025-09-28T20:25:00Z,Kansas City Chiefs,Baltimore Ravens,draftkings,DraftKings,player_anytime_td,Yes,170,,Travis Kelce,anytime_td
051233db287b02fd3e7574955879ece2,americanfootball_nfl,2025-09-28T20:25:00Z,Kansas City Chiefs,Baltimore Ravens,draftkings,DraftKings,player_anytime_td,Yes,180,,Lamar Jackson,anytime_td
051233db287b02fd3e7574955879ece2,americanfootball_nfl,2025-09-28T20:25:00Z,Kansas City Chiefs,Baltimore Ravens,draftkings,DraftKings,player_anytime_td,Yes,190,,Xavier Worthy,anytime_td
051233db287b02fd3e7574955879ece2,americanfootball_nfl,2025-09-28T20:25:00Z,Kansas City Chiefs,Baltimore Ravens,draftkings,DraftKings,player_anytime_td,Yes,200,,Kareem Hunt,anytime_td
051233db287b02fd3e7574955879ece2,americanfootball_nfl,2025-09-28T20:25:00Z,Kansas City Chiefs,Baltimore Ravens,draftkings,DraftKings,player_anytime_td,Yes,205,,Marquise Brown,anytime_td
051233db287b02fd3e7574955879ece2,americanfootball_nfl,2025-09-28T20:25:00Z,Kansas City Chiefs,Baltimore Ravens,draftkings,DraftKings,player_anytime_td,Yes,205,,Isiah Pacheco,anytime_td
051233db287b02fd3e7574955879ece2,americanfootball_nfl,2025-09-28T20:25:00Z,Kansas City Chiefs,Baltimore Ravens,draftkings,DraftKings,player_anytime_td,Yes,235,,Mark Andrews,anytime_td
051233db287b02fd3e7574955879ece2,americanfootball_nfl,2025-09-28T20:25:00Z,Kansas City Chiefs,Baltimore Ravens,draftkings,DraftKings,player_anytime_td,Yes,255,,Isaiah Likely,anytime_td
051233db287b02fd3e7574955879ece2,americanfootball_nfl,2025-09-28T20:25:00Z,Kansas City Chiefs,Baltimore Ravens,draftkings,DraftKings,player_anytime_td,Yes,280,,Rashod Bateman,anytime_td
051233db287b02fd3e7574955879ece2,americanfootball_nfl,2025-09-28T20:25:00Z,Kansas City Chiefs,Baltimore Ravens,draftkings,DraftKings,player_anytime_td,Yes,340,,Patrick Mahomes,anytime_td
051233db287b02fd3e7574955879ece2,americanfootball_nfl,2025-09-28T20:25:00Z,Kansas City Chiefs,Baltimore Ravens,draftkings,DraftKings,player_anytime_td,Yes,400,,DeAndre Hopkins,anytime_td
051233db287b02fd3e7574955879ece2,americanfootball_nfl,2025-09-28T20:25:00Z,Kansas City Chiefs,Baltimore Ravens,draftkings,DraftKings,player_anytime_td,Yes,425,,Tyquan Thornton,anytime_td
051233db287b02fd3e7574955879ece2,americanfootball_nfl,2025-09-28T20:25:00Z,Kansas City Chiefs,Baltimore Ravens,draftkings,DraftKings,player_anytime_td,Yes,425,,JuJu Smith-Schuster,anytime_td
051233db287b02fd3e7574955879ece2,americanfootball_nfl,2025-09-28T20:25:00Z,Kansas City Chiefs,Baltimore Ravens,draftkings,DraftKings,player_anytime_td,Yes,475,,Noah Gray,anytime_td
051233db287b02fd3e7574955879ece2,americanfootball_nfl,2025-09-28T20:25:00Z,Kansas City Chiefs,Baltimore Ravens,draftkings,DraftKings,player_anytime_td,Yes,500,,Jalen Royals,anytime_td
051233db287b02fd3e7574955879ece2,americanfootball_nfl,2025-09-28T20:25:00Z,Kansas City Chiefs,Baltimore Ravens,draftkings,DraftKings,player_anytime_td,Yes,500,,Justice Hill,anytime_td
051233db287b02fd3e7574955879ece2,americanfootball_nfl,2025-09-28T20:25:00Z,Kansas City Chiefs,Baltimore Ravens,draftkings,DraftKings,player_anytime_td,Yes,500,,Kansas City Chiefs D/ST,anytime_td
051233db287b02fd3e7574955879ece2,americanfootball_nfl,2025-09-28T20:25:00Z,Kansas City Chiefs,Baltimore Ravens,draftkings,DraftKings,player_anytime_td,Yes,500,,Baltimore Ravens D/ST,anytime_td
051233db287b02fd3e7574955879ece2,americanfootball_nfl,2025-09-28T20:25:00Z,Kansas City Chiefs,Baltimore Ravens,draftkings,DraftKings,player_anytime_td,Yes,800,,Tylan Wallace,anytime_td
051233db287b02fd3e7574955879ece2,americanfootball_nfl,2025-09-28T20:25:00Z,Kansas City Chiefs,Baltimore Ravens,draftkings,DraftKings,player_anytime_td,Yes,850,,Charlie Kolar,anytime_td
051233db287b02fd3e7574955879ece2,americanfootball_nfl,2025-09-28T20:25:00Z,Kansas City Chiefs,Baltimore Ravens,draftkings,DraftKings,player_anytime_td,Yes,950,,Brashard Smith,anytime_td
051233db287b02fd3e7574955879ece2,americanfootball_nfl,2025-09-28T20:25:00Z,Kansas City Chiefs,Baltimore Ravens,draftkings,DraftKings,player_anytime_td,Yes,950,,Keaton Mitchell,anytime_td
051233db287b02fd3e7574955879ece2,americanfootball_nfl,2025-09-28T20:25:00Z,Kansas City Chiefs,Baltimore Ravens,draftkings,DraftKings,player_anytime_td,Yes,1200,,Devontez Walker,anytime_td
051233db287b02fd3e7574955879ece2,americanfootball_nfl,2025-09-28T20:25:00Z,Kansas City Chiefs,Baltimore Ravens,draftkings,DraftKings,player_anytime_td,Yes,1700,,Robert Tonyan,anytime_td
051233db287b02fd3e7574955879ece2,americanfootball_nfl,2025-09-28T20:25:00Z,Kansas City Chiefs,Baltimore Ravens,draftkings,DraftKings,player_anytime_td,Yes,1700,,Rasheen Ali,anytime_td
051233db287b02fd3e7574955879ece2,americanfootball_nfl,2025-09-28T20:25:00Z,Kansas City Chiefs,Baltimore Ravens,draftkings,DraftKings,player_anytime_td,Yes,1800,,Nikko Remigio,anytime_td
051233db287b02fd3e7574955879ece2,americanfootball_nfl,2025-09-28T20:25:00Z,Kansas City Chiefs,Baltimore Ravens,draftkings,DraftKings,player_anytime_td,Yes,2000,,Elijah Mitchell,anytime_td
051233db287b02fd3e7574955879ece2,americanfootball_nfl,2025-09-28T20:25:00Z,Kansas City Chiefs,Baltimore Ravens,draftkings,DraftKings,player_anytime_td,Yes,2200,,LaJohntay Wester,anytime_td
051233db287b02fd3e7574955879ece2,americanfootball_nfl,2025-09-28T20:25:00Z,Kansas City Chiefs,Baltimore Ravens,draftkings,DraftKings,player_anytime_td,Yes,2500,,Jared Wiley,anytime_td
051233db287b02fd3e7574955879ece2,americanfootball_nfl,2025-09-28T20:25:00Z,Kansas City Chiefs,Baltimore Ravens,draftkings,DraftKings,player_pass_attempts,Over,-110,35.5,Patrick Mahomes,pass_attempts
051233db287b02fd3e7574955879ece2,americanfootball_nfl,2025-09-28T20:25:00Z,Kansas City Chiefs,Baltimore Ravens,draftkings,DraftKings,player_pass_attempts,Under,-116,35.5,Patrick Mahomes,pass_attempts
051233db287b02fd3e7574955879ece2,americanfootball_nfl,2025-09-28T20:25:00Z,Kansas City Chiefs,Baltimore Ravens,draftkings,DraftKings,player_pass_attempts,Over,-114,28.5,Lamar Jackson,pass_attempts
051233db287b02fd3e7574955879ece2,americanfootball_nfl,2025-09-28T20:25:00Z,Kansas City Chiefs,Baltimore Ravens,draftkings,DraftKings,player_pass_attempts,Under,-112,28.5,Lamar Jackson,pass_attempts
051233db287b02fd3e7574955879ece2,americanfootball_nfl,2025-09-28T20:25:00Z,Kansas City Chiefs,Baltimore Ravens,draftkings,DraftKings,player_pass_completions,Over,-106,23.5,Patrick Mahomes,pass_completions
051233db287b02fd3e7574955879ece2,americanfootball_nfl,2025-09-28T20:25:00Z,Kansas City Chiefs,Baltimore Ravens,draftkings,DraftKings,player_pass_completions,Under,-120,23.5,Patrick Mahomes,pass_completions
051233db287b02fd3e7574955879ece2,americanfootball_nfl,2025-09-28T20:25:00Z,Kansas City Chiefs,Baltimore Ravens,draftkings,DraftKings,player_pass_completions,Over,-104,19.5,Lamar Jackson,pass_completions
051233db287b02fd3e7574955879ece2,americanfootball_nfl,2025-09-28T20:25:00Z,Kansas City Chiefs,Baltimore Ravens,draftkings,DraftKings,player_pass_completions,Under,-123,19.5,Lamar Jackson,pass_completions
051233db287b02fd3e7574955879ece2,americanfootball_nfl,2025-09-28T20:25:00Z,Kansas City Chiefs,Baltimore Ravens,draftkings,DraftKings,player_pass_tds,Over,-128,1.5,Lamar Jackson,pass_tds
051233db287b02fd3e7574955879ece2,americanfootball_nfl,2025-09-28T20:25:00Z,Kansas City Chiefs,Baltimore Ravens,draftkings,DraftKings,player_pass_tds,Under,101,1.5,Lamar Jackson,pass_tds
051233db287b02fd3e7574955879ece2,americanfootball_nfl,2025-09-28T20:25:00Z,Kansas City Chiefs,Baltimore Ravens,draftkings,DraftKings,player_pass_tds,Over,-118,1.5,Patrick Mahomes,pass_tds
051233db287b02fd3e7574955879ece2,americanfootball_nfl,2025-09-28T20:25:00Z,Kansas City Chiefs,Baltimore Ravens,draftkings,DraftKings,player_pass_tds,Under,-108,1.5,Patrick Mahomes,pass_tds
051233db287b02fd3e7574955879ece2,americanfootball_nfl,2025-09-28T20:25:00Z,Kansas City Chiefs,Baltimore Ravens,draftkings,DraftKings,player_pass_yds,Over,-113,237.5,Patrick Mahomes,pass_yds
051233db287b02fd3e7574955879ece2,americanfootball_nfl,2025-09-28T20:25:00Z,Kansas City Chiefs,Baltimore Ravens,draftkings,DraftKings,player_pass_yds,Under,-111,237.5,Patrick Mahomes,pass_yds
051233db287b02fd3e7574955879ece2,americanfootball_nfl,2025-09-28T20:25:00Z,Kansas City Chiefs,Baltimore Ravens,draftkings,DraftKings,player_pass_yds,Over,-112,225.5,Lamar Jackson,pass_yds
051233db287b02fd3e7574955879ece2,americanfootball_nfl,2025-09-28T20:25:00Z,Kansas City Chiefs,Baltimore Ravens,draftkings,DraftKings,player_pass_yds,Under,-112,225.5,Lamar Jackson,pass_yds
051233db287b02fd3e7574955879ece2,americanfootball_nfl,2025-09-28T20:25:00Z,Kansas City Chiefs,Baltimore Ravens,draftkings,DraftKings,player_reception_yds,Over,-110,60.5,Zay Flowers,reception_yds
051233db287b02fd3e7574955879ece2,americanfootball_nfl,2025-09-28T20:25:00Z,Kansas City Chiefs,Baltimore Ravens,draftkings,DraftKings,player_reception_yds,Under,-114,60.5,Zay Flowers,reception_yds
051233db287b02fd3e7574955879ece2,americanfootball_nfl,2025-09-28T20:25:00Z,Kansas City Chiefs,Baltimore Ravens,draftkings,DraftKings,player_reception_yds,Over,-113,36.5,Rashod Bateman,reception_yds
051233db287b02fd3e7574955879ece2,americanfootball_nfl,2025-09-28T20:25:00Z,Kansas City Chiefs,Baltimore Ravens,draftkings,DraftKings,player_reception_yds,Under,-111,36.5,Rashod Bateman,reception_yds
051233db287b02fd3e7574955879ece2,americanfootball_nfl,2025-09-28T20:25:00Z,Kansas City Chiefs,Baltimore Ravens,draftkings,DraftKings,player_receptions,Over,-136,4.5,Zay Flowers,receptions
051233db287b02fd3e7574955879ece2,americanfootball_nfl,2025-09-28T20:25:00Z,Kansas City Chiefs,Baltimore Ravens,draftkings,DraftKings,player_receptions,Under,107,4.5,Zay Flowers,receptions
051233db287b02fd3e7574955879ece2,americanfootball_nfl,2025-09-28T20:25:00Z,Kansas City Chiefs,Baltimore Ravens,draftkings,DraftKings,player_receptions,Over,-172,2.5,Rashod Bateman,receptions
051233db287b02fd3e7574955879ece2,americanfootball_nfl,2025-09-28T20:25:00Z,Kansas City Chiefs,Baltimore Ravens,draftkings,DraftKings,player_receptions,Under,135,2.5,Rashod Bateman,receptions
051233db287b02fd3e7574955879ece2,americanfootball_nfl,2025-09-28T20:25:00Z,Kansas City Chiefs,Baltimore Ravens,draftkings,DraftKings,player_rush_yds,Over,-114,80.5,Derrick Henry,rush_yds
051233db287b02fd3e7574955879ece2,americanfootball_nfl,2025-09-28T20:25:00Z,Kansas City Chiefs,Baltimore Ravens,draftkings,DraftKings,player_rush_yds,Under,-110,80.5,Derrick Henry,rush_yds
051233db287b02fd3e7574955879ece2,americanfootball_nfl,2025-09-28T20:25:00Z,Kansas City Chiefs,Baltimore Ravens,draftkings,DraftKings,player_rush_yds,Over,-114,43.5,Lamar Jackson,rush_yds
051233db287b02fd3e7574955879ece2,americanfootball_nfl,2025-09-28T20:25:00Z,Kansas City Chiefs,Baltimore Ravens,draftkings,DraftKings,player_rush_yds,Under,-110,43.5,Lamar Jackson,rush_yds
051233db287b02fd3e7574955879ece2,americanfootball_nfl,2025-09-28T20:25:00Z,Kansas City Chiefs,Baltimore Ravens,draftkings,DraftKings,player_rush_yds,Over,-114,34.5,Isiah Pacheco,rush_yds
051233db287b02fd3e7574955879ece2,americanfootball_nfl,2025-09-28T20:25:00Z,Kansas City Chiefs,Baltimore Ravens,draftkings,DraftKings,player_rush_yds,Under,-110,34.5,Isiah Pacheco,rush_yds
051233db287b02fd3e7574955879ece2,americanfootball_nfl,2025-09-28T20:25:00Z,Kansas City Chiefs,Baltimore Ravens,draftkings,DraftKings,player_rush_yds,Over,-112,27.5,Kareem Hunt,rush_yds
051233db287b02fd3e7574955879ece2,americanfootball_nfl,2025-09-28T20:25:00Z,Kansas City Chiefs,Baltimore Ravens,draftkings,DraftKings,player_rush_yds,Under,-112,27.5,Kareem Hunt,rush_yds
051233db287b02fd3e7574955879ece2,americanfootball_nfl,2025-09-28T20:25:00Z,Kansas City Chiefs,Baltimore Ravens,draftkings,DraftKings,player_rush_yds,Over,-116,24.5,Patrick Mahomes,rush_yds
051233db287b02fd3e7574955879ece2,americanfootball_nfl,2025-09-28T20:25:00Z,Kansas City Chiefs,Baltimore Ravens,draftkings,DraftKings,player_rush_yds,Under,-109,24.5,Patrick Mahomes,rush_yds
af6fbb0a2e996613bc393115276c60e2,americanfootball_nfl,2025-09-28T20:26:00Z,Las Vegas Raiders,Chicago Bears,draftkings,DraftKings,player_anytime_td,Yes,-140,,Ashton Jeanty,anytime_td
af6fbb0a2e996613bc393115276c60e2,americanfootball_nfl,2025-09-28T20:26:00Z,Las Vegas Raiders,Chicago Bears,draftkings,DraftKings,player_anytime_td,Yes,135,,D'Andre Swift,anytime_td
af6fbb0a2e996613bc393115276c60e2,americanfootball_nfl,2025-09-28T20:26:00Z,Las Vegas Raiders,Chicago Bears,draftkings,DraftKings,player_anytime_td,Yes,140,,Jakobi Meyers,anytime_td
af6fbb0a2e996613bc393115276c60e2,americanfootball_nfl,2025-09-28T20:26:00Z,Las Vegas Raiders,Chicago Bears,draftkings,DraftKings,player_anytime_td,Yes,145,,Rome Odunze,anytime_td
af6fbb0a2e996613bc393115276c60e2,americanfootball_nfl,2025-09-28T20:26:00Z,Las Vegas Raiders,Chicago Bears,draftkings,DraftKings,player_anytime_td,Yes,155,,Brock Bowers,anytime_td
af6fbb0a2e996613bc393115276c60e2,americanfootball_nfl,2025-09-28T20:26:00Z,Las Vegas Raiders,Chicago Bears,draftkings,DraftKings,player_anytime_td,Yes,200,,DJ Moore,anytime_td
af6fbb0a2e996613bc393115276c60e2,americanfootball_nfl,2025-09-28T20:26:00Z,Las Vegas Raiders,Chicago Bears,draftkings,DraftKings,player_anytime_td,Yes,210,,Tre Tucker,anytime_td
af6fbb0a2e996613bc393115276c60e2,americanfootball_nfl,2025-09-28T20:26:00Z,Las Vegas Raiders,Chicago Bears,draftkings,DraftKings,player_anytime_td,Yes,280,,Kyle Monangai,anytime_td
af6fbb0a2e996613bc393115276c60e2,americanfootball_nfl,2025-09-28T20:26:00Z,Las Vegas Raiders,Chicago Bears,draftkings,DraftKings,player_anytime_td,Yes,340,,Dont'e Thornton Jr.,anytime_td
af6fbb0a2e996613bc393115276c60e2,americanfootball_nfl,2025-09-28T20:26:00Z,Las Vegas Raiders,Chicago Bears,draftkings,DraftKings,player_anytime_td,Yes,360,,Michael Mayer,anytime_td
af6fbb0a2e996613bc393115276c60e2,americanfootball_nfl,2025-09-28T20:26:00Z,Las Vegas Raiders,Chicago Bears,draftkings,DraftKings,player_anytime_td,Yes,380,,Caleb Williams,anytime_td
af6fbb0a2e996613bc393115276c60e2,americanfootball_nfl,2025-09-28T20:26:00Z,Las Vegas Raiders,Chicago Bears,draftkings,DraftKings,player_anytime_td,Yes,400,,Cole Kmet,anytime_td
af6fbb0a2e996613bc393115276c60e2,americanfootball_nfl,2025-09-28T20:26:00Z,Las Vegas Raiders,Chicago Bears,draftkings,DraftKings,player_anytime_td,Yes,425,,Olamide Zaccheaus,anytime_td
af6fbb0a2e996613bc393115276c60e2,americanfootball_nfl,2025-09-28T20:26:00Z,Las Vegas Raiders,Chicago Bears,draftkings,DraftKings,player_anytime_td,Yes,425,,Colston Loveland,anytime_td
af6fbb0a2e996613bc393115276c60e2,americanfootball_nfl,2025-09-28T20:26:00Z,Las Vegas Raiders,Chicago Bears,draftkings,DraftKings,player_anytime_td,Yes,500,,Las Vegas Raiders D/ST,anytime_td
af6fbb0a2e996613bc393115276c60e2,americanfootball_nfl,2025-09-28T20:26:00Z,Las Vegas Raiders,Chicago Bears,draftkings,DraftKings,player_anytime_td,Yes,500,,Chicago Bears D/ST,anytime_td
af6fbb0a2e996613bc393115276c60e2,americanfootball_nfl,2025-09-28T20:26:00Z,Las Vegas Raiders,Chicago Bears,draftkings,DraftKings,player_anytime_td,Yes,550,,Luther Burden III,anytime_td
af6fbb0a2e996613bc393115276c60e2,americanfootball_nfl,2025-09-28T20:26:00Z,Las Vegas Raiders,Chicago Bears,draftkings,DraftKings,player_anytime_td,Yes,600,,Geno Smith,anytime_td
af6fbb0a2e996613bc393115276c60e2,americanfootball_nfl,2025-09-28T20:26:00Z,Las Vegas Raiders,Chicago Bears,draftkings,DraftKings,player_anytime_td,Yes,700,,Zamir White,anytime_td
af6fbb0a2e996613bc393115276c60e2,americanfootball_nfl,2025-09-28T20:26:00Z,Las Vegas Raiders,Chicago Bears,draftkings,DraftKings,player_anytime_td,Yes,750,,Jack Bech,anytime_td
af6fbb0a2e996613bc393115276c60e2,americanfootball_nfl,2025-09-28T20:26:00Z,Las Vegas Raiders,Chicago Bears,draftkings,DraftKings,player_anytime_td,Yes,850,,Roschon Johnson,anytime_td
af6fbb0a2e996613bc393115276c60e2,americanfootball_nfl,2025-09-28T20:26:00Z,Las Vegas Raiders,Chicago Bears,draftkings,DraftKings,player_anytime_td,Yes,1100,,Ian Thomas,anytime_td
af6fbb0a2e996613bc393115276c60e2,americanfootball_nfl,2025-09-28T20:26:00Z,Las Vegas Raiders,Chicago Bears,draftkings,DraftKings,player_anytime_td,Yes,1200,,Dylan Laube,anytime_td
af6fbb0a2e996613bc393115276c60e2,americanfootball_nfl,2025-09-28T20:26:00Z,Las Vegas Raiders,Chicago Bears,draftkings,DraftKings,player_anytime_td,Yes,1300,,Justin Shorter,anytime_td
af6fbb0a2e996613bc393115276c60e2,americanfootball_nfl,2025-09-28T20:26:00Z,Las Vegas Raiders,Chicago Bears,draftkings,DraftKings,player_anytime_td,Yes,1400,,Devin Duvernay,anytime_td
af6fbb0a2e996613bc393115276c60e2,americanfootball_nfl,2025-09-28T20:26:00Z,Las Vegas Raiders,Chicago Bears,draftkings,DraftKings,player_anytime_td,Yes,1500,,Raheem Mostert,anytime_td
af6fbb0a2e996613bc393115276c60e2,americanfootball_nfl,2025-09-28T20:26:00Z,Las Vegas Raiders,Chicago Bears,draftkings,DraftKings,player_anytime_td,Yes,1600,,Alex Bachman,anytime_td
af6fbb0a2e996613bc393115276c60e2,americanfootball_nfl,2025-09-28T20:26:00Z,Las Vegas Raiders,Chicago Bears,draftkings,DraftKings,player_anytime_td,Yes,1600,,Durham Smythe,anytime_td
af6fbb0a2e996613bc393115276c60e2,americanfootball_nfl,2025-09-28T20:26:00Z,Las Vegas Raiders,Chicago Bears,draftkings,DraftKings,player_pass_attempts,Over,-122,33.5,Caleb Williams,pass_attempts
af6fbb0a2e996613bc393115276c60e2,americanfootball_nfl,2025-09-28T20:26:00Z,Las Vegas Raiders,Chicago Bears,draftkings,DraftKings,player_pass_attempts,Under,-105,33.5,Caleb Williams,pass_attempts
af6fbb0a2e996613bc393115276c60e2,americanfootball_nfl,2025-09-28T20:26:00Z,Las Vegas Raiders,Chicago Bears,draftkings,DraftKings,player_pass_attempts,Over,-110,33.5,Geno Smith,pass_attempts
af6fbb0a2e996613bc393115276c60e2,americanfootball_nfl,2025-09-28T20:26:00Z,Las Vegas Raiders,Chicago Bears,draftkings,DraftKings,player_pass_attempts,Under,-116,33.5,Geno Smith,pass_attempts
af6fbb0a2e996613bc393115276c60e2,americanfootball_nfl,2025-09-28T20:26:00Z,Las Vegas Raiders,Chicago Bears,draftkings,DraftKings,player_pass_completions,Over,-113,22.5,Geno Smith,pass_completions
af6fbb0a2e996613bc393115276c60e2,americanfootball_nfl,2025-09-28T20:26:00Z,Las Vegas Raiders,Chicago Bears,draftkings,DraftKings,player_pass_completions,Under,-113,22.5,Geno Smith,pass_completions
af6fbb0a2e996613bc393115276c60e2,americanfootball_nfl,2025-09-28T20:26:00Z,Las Vegas Raiders,Chicago Bears,draftkings,DraftKings,player_pass_completions,Over,-119,21.5,Caleb Williams,pass_completions
af6fbb0a2e996613bc393115276c60e2,americanfootball_nfl,2025-09-28T20:26:00Z,Las Vegas Raiders,Chicago Bears,draftkings,DraftKings,player_pass_completions,Under,-107,21.5,Caleb Williams,pass_completions
af6fbb0a2e996613bc393115276c60e2,americanfootball_nfl,2025-09-28T20:26:00Z,Las Vegas Raiders,Chicago Bears,draftkings,DraftKings,player_pass_interceptions,Over,-127,0.5,Geno Smith,pass_interceptions
af6fbb0a2e996613bc393115276c60e2,americanfootball_nfl,2025-09-28T20:26:00Z,Las Vegas Raiders,Chicago Bears,draftkings,DraftKings,player_pass_interceptions,Under,100,0.5,Geno Smith,pass_interceptions
af6fbb0a2e996613bc393115276c60e2,americanfootball_nfl,2025-09-28T20:26:00Z,Las Vegas Raiders,Chicago Bears,draftkings,DraftKings,player_pass_interceptions,Over,-129,0.5,Caleb Williams,pass_interceptions
af6fbb0a2e996613bc393115276c60e2,americanfootball_nfl,2025-09-28T20:26:00Z,Las Vegas Raiders,Chicago Bears,draftkings,DraftKings,player_pass_interceptions,Under,101,0.5,Caleb Williams,pass_interceptions
af6fbb0a2e996613bc393115276c60e2,americanfootball_nfl,2025-09-28T20:26:00Z,Las Vegas Raiders,Chicago Bears,draftkings,DraftKings,player_pass_tds,Over,-131,1.5,Geno Smith,pass_tds
af6fbb0a2e996613bc393115276c60e2,americanfootball_nfl,2025-09-28T20:26:00Z,Las Vegas Raiders,Chicago Bears,draftkings,DraftKings,player_pass_tds,Under,103,1.5,Geno Smith,pass_tds
af6fbb0a2e996613bc393115276c60e2,americanfootball_nfl,2025-09-28T20:26:00Z,Las Vegas Raiders,Chicago Bears,draftkings,DraftKings,player_pass_tds,Over,-103,1.5,Caleb Williams,pass_tds
af6fbb0a2e996613bc393115276c60e2,americanfootball_nfl,2025-09-28T20:26:00Z,Las Vegas Raiders,Chicago Bears,draftkings,DraftKings,player_pass_tds,Under,-124,1.5,Caleb Williams,pass_tds
af6fbb0a2e996613bc393115276c60e2,americanfootball_nfl,2025-09-28T20:26:00Z,Las Vegas Raiders,Chicago Bears,draftkings,DraftKings,player_pass_yds,Over,-112,250.5,Geno Smith,pass_yds
af6fbb0a2e996613bc393115276c60e2,americanfootball_nfl,2025-09-28T20:26:00Z,Las Vegas Raiders,Chicago Bears,draftkings,DraftKings,player_pass_yds,Under,-112,250.5,Geno Smith,pass_yds
af6fbb0a2e996613bc393115276c60e2,americanfootball_nfl,2025-09-28T20:26:00Z,Las Vegas Raiders,Chicago Bears,draftkings,DraftKings,player_pass_yds,Over,-113,230.5,Caleb Williams,pass_yds
af6fbb0a2e996613bc393115276c60e2,americanfootball_nfl,2025-09-28T20:26:00Z,Las Vegas Raiders,Chicago Bears,draftkings,DraftKings,player_pass_yds,Under,-111,230.5,Caleb Williams,pass_yds
af6fbb0a2e996613bc393115276c60e2,americanfootball_nfl,2025-09-28T20:26:00Z,Las Vegas Raiders,Chicago Bears,draftkings,DraftKings,player_reception_yds,Over,-110,66.5,Jakobi Meyers,reception_yds
af6fbb0a2e996613bc393115276c60e2,americanfootball_nfl,2025-09-28T20:26:00Z,Las Vegas Raiders,Chicago Bears,draftkings,DraftKings,player_reception_yds,Under,-114,66.5,Jakobi Meyers,reception_yds
af6fbb0a2e996613bc393115276c60e2,americanfootball_nfl,2025-09-28T20:26:00Z,Las Vegas Raiders,Chicago Bears,draftkings,DraftKings,player_reception_yds,Over,-113,61.5,Rome Odunze,reception_yds
af6fbb0a2e996613bc393115276c60e2,americanfootball_nfl,2025-09-28T20:26:00Z,Las Vegas Raiders,Chicago Bears,draftkings,DraftKings,player_reception_yds,Under,-111,61.5,Rome Odunze,reception_yds
af6fbb0a2e996613bc393115276c60e2,americanfootball_nfl,2025-09-28T20:26:00Z,Las Vegas Raiders,Chicago Bears,draftkings,DraftKings,player_reception_yds,Over,-109,49.5,DJ Moore,reception_yds
af6fbb0a2e996613bc393115276c60e2,americanfootball_nfl,2025-09-28T20:26:00Z,Las Vegas Raiders,Chicago Bears,draftkings,DraftKings,player_reception_yds,Under,-115,49.5,DJ Moore,reception_yds
af6fbb0a2e996613bc393115276c60e2,americanfootball_nfl,2025-09-28T20:26:00Z,Las Vegas Raiders,Chicago Bears,draftkings,DraftKings,player_reception_yds,Over,-117,12.5,Ashton Jeanty,reception_yds
af6fbb0a2e996613bc393115276c60e2,americanfootball_nfl,2025-09-28T20:26:00Z,Las Vegas Raiders,Chicago Bears,draftkings,DraftKings,player_reception_yds,Under,-107,12.5,Ashton Jeanty,reception_yds
af6fbb0a2e996613bc393115276c60e2,americanfootball_nfl,2025-09-28T20:26:00Z,Las Vegas Raiders,Chicago Bears,draftkings,DraftKings,player_rush_yds,Over,-110,66.5,Ashton Jeanty,rush_yds
af6fbb0a2e996613bc393115276c60e2,americanfootball_nfl,2025-09-28T20:26:00Z,Las Vegas Raiders,Chicago Bears,draftkings,DraftKings,player_rush_yds,Under,-114,66.5,Ashton Jeanty,rush_yds
af6fbb0a2e996613bc393115276c60e2,americanfootball_nfl,2025-09-28T20:26:00Z,Las Vegas Raiders,Chicago Bears,draftkings,DraftKings,player_rush_yds,Over,-115,50.5,D'Andre Swift,rush_yds
af6fbb0a2e996613bc393115276c60e2,americanfootball_nfl,2025-09-28T20:26:00Z,Las Vegas Raiders,Chicago Bears,draftkings,DraftKings,player_rush_yds,Under,-109,50.5,D'Andre Swift,rush_yds
af6fbb0a2e996613bc393115276c60e2,americanfootball_nfl,2025-09-28T20:26:00Z,Las Vegas Raiders,Chicago Bears,draftkings,DraftKings,player_rush_yds,Over,-115,22.5,Caleb Williams,rush_yds
af6fbb0a2e996613bc393115276c60e2,americanfootball_nfl,2025-09-28T20:26:00Z,Las Vegas Raiders,Chicago Bears,draftkings,DraftKings,player_rush_yds,Under,-109,22.5,Caleb Williams,rush_yds
de432abcc3bd8d42a582ae9f71388dcd,americanfootball_nfl,2025-09-29T00:21:00Z,Dallas Cowboys,Green Bay Packers,draftkings,DraftKings,player_anytime_td,Yes,-200,,Josh Jacobs,anytime_td
de432abcc3bd8d42a582ae9f71388dcd,americanfootball_nfl,2025-09-29T00:21:00Z,Dallas Cowboys,Green Bay Packers,draftkings,DraftKings,player_anytime_td,Yes,130,,Javonte Williams,anytime_td
de432abcc3bd8d42a582ae9f71388dcd,americanfootball_nfl,2025-09-29T00:21:00Z,Dallas Cowboys,Green Bay Packers,draftkings,DraftKings,player_anytime_td,Yes,150,,George Pickens,anytime_td
de432abcc3bd8d42a582ae9f71388dcd,americanfootball_nfl,2025-09-29T00:21:00Z,Dallas Cowboys,Green Bay Packers,draftkings,DraftKings,player_anytime_td,Yes,195,,Romeo Doubs,anytime_td
de432abcc3bd8d42a582ae9f71388dcd,americanfootball_nfl,2025-09-29T00:21:00Z,Dallas Cowboys,Green Bay Packers,draftkings,DraftKings,player_anytime_td,Yes,200,,Tucker Kraft,anytime_td
de432abcc3bd8d42a582ae9f71388dcd,americanfootball_nfl,2025-09-29T00:21:00Z,Dallas Cowboys,Green Bay Packers,draftkings,DraftKings,player_anytime_td,Yes,205,,Jake Ferguson,anytime_td
de432abcc3bd8d42a582ae9f71388dcd,americanfootball_nfl,2025-09-29T00:21:00Z,Dallas Cowboys,Green Bay Packers,draftkings,DraftKings,player_anytime_td,Yes,210,,Matthew Golden,anytime_td
de432abcc3bd8d42a582ae9f71388dcd,americanfootball_nfl,2025-09-29T00:21:00Z,Dallas Cowboys,Green Bay Packers,draftkings,DraftKings,player_anytime_td,Yes,240,,Dontayvion Wicks,anytime_td
de432abcc3bd8d42a582ae9f71388dcd,americanfootball_nfl,2025-09-29T00:21:00Z,Dallas Cowboys,Green Bay Packers,draftkings,DraftKings,player_anytime_td,Yes,360,,KaVontae Turpin,anytime_td
de432abcc3bd8d42a582ae9f71388dcd,americanfootball_nfl,2025-09-29T00:21:00Z,Dallas Cowboys,Green Bay Packers,draftkings,DraftKings,player_anytime_td,Yes,400,,Jalen Tolbert,anytime_td
de432abcc3bd8d42a582ae9f71388dcd,americanfootball_nfl,2025-09-29T00:21:00Z,Dallas Cowboys,Green Bay Packers,draftkings,DraftKings,player_anytime_td,Yes,400,,Emanuel Wilson,anytime_td
de432abcc3bd8d42a582ae9f71388dcd,americanfootball_nfl,2025-09-29T00:21:00Z,Dallas Cowboys,Green Bay Packers,draftkings,DraftKings,player_anytime_td,Yes,425,,Jordan Love,anytime_td
de432abcc3bd8d42a582ae9f71388dcd,americanfootball_nfl,2025-09-29T00:21:00Z,Dallas Cowboys,Green Bay Packers,draftkings,DraftKings,player_anytime_td,Yes,450,,Miles Sanders,anytime_td
de432abcc3bd8d42a582ae9f71388dcd,americanfootball_nfl,2025-09-29T00:21:00Z,Dallas Cowboys,Green Bay Packers,draftkings,DraftKings,player_anytime_td,Yes,475,,Green Bay Packers D/ST,anytime_td
de432abcc3bd8d42a582ae9f71388dcd,americanfootball_nfl,2025-09-29T00:21:00Z,Dallas Cowboys,Green Bay Packers,draftkings,DraftKings,player_anytime_td,Yes,500,,Dallas Cowboys D/ST,anytime_td
de432abcc3bd8d42a582ae9f71388dcd,americanfootball_nfl,2025-09-29T00:21:00Z,Dallas Cowboys,Green Bay Packers,draftkings,DraftKings,player_anytime_td,Yes,550,,Chris Brooks,anytime_td
de432abcc3bd8d42a582ae9f71388dcd,americanfootball_nfl,2025-09-29T00:21:00Z,Dallas Cowboys,Green Bay Packers,draftkings,DraftKings,player_anytime_td,Yes,600,,Jaydon Blue,anytime_td
de432abcc3bd8d42a582ae9f71388dcd,americanfootball_nfl,2025-09-29T00:21:00Z,Dallas Cowboys,Green Bay Packers,draftkings,DraftKings,player_anytime_td,Yes,600,,Savion Williams,anytime_td
de432abcc3bd8d42a582ae9f71388dcd,americanfootball_nfl,2025-09-29T00:21:00Z,Dallas Cowboys,Green Bay Packers,draftkings,DraftKings,player_anytime_td,Yes,650,,Malik Heath,anytime_td
de432abcc3bd8d42a582ae9f71388dcd,americanfootball_nfl,2025-09-29T00:21:00Z,Dallas Cowboys,Green Bay Packers,draftkings,DraftKings,player_anytime_td,Yes,900,,Luke Musgrave,anytime_td
de432abcc3bd8d42a582ae9f71388dcd,americanfootball_nfl,2025-09-29T00:21:00Z,Dallas Cowboys,Green Bay Packers,draftkings,DraftKings,player_anytime_td,Yes,1000,,Dak Prescott,anytime_td
de432abcc3bd8d42a582ae9f71388dcd,americanfootball_nfl,2025-09-29T00:21:00Z,Dallas Cowboys,Green Bay Packers,draftkings,DraftKings,player_anytime_td,Yes,1000,,Luke Schoonmaker,anytime_td
de432abcc3bd8d42a582ae9f71388dcd,americanfootball_nfl,2025-09-29T00:21:00Z,Dallas Cowboys,Green Bay Packers,draftkings,DraftKings,player_anytime_td,Yes,1200,,Ryan Flournoy,anytime_td
de432abcc3bd8d42a582ae9f71388dcd,americanfootball_nfl,2025-09-29T00:21:00Z,Dallas Cowboys,Green Bay Packers,draftkings,DraftKings,player_anytime_td,Yes,1200,,John FitzPatrick,anytime_td
de432abcc3bd8d42a582ae9f71388dcd,americanfootball_nfl,2025-09-29T00:21:00Z,Dallas Cowboys,Green Bay Packers,draftkings,DraftKings,player_anytime_td,Yes,1300,,Ben Sims,anytime_td
de432abcc3bd8d42a582ae9f71388dcd,americanfootball_nfl,2025-09-29T00:21:00Z,Dallas Cowboys,Green Bay Packers,draftkings,DraftKings,player_anytime_td,Yes,1400,,Brevyn Spann-Ford,anytime_td
de432abcc3bd8d42a582ae9f71388dcd,americanfootball_nfl,2025-09-29T00:21:00Z,Dallas Cowboys,Green Bay Packers,draftkings,DraftKings,player_anytime_td,Yes,2000,,Hunter Luepke,anytime_td
de432abcc3bd8d42a582ae9f71388dcd,americanfootball_nfl,2025-09-29T00:21:00Z,Dallas Cowboys,Green Bay Packers,draftkings,DraftKings,player_pass_attempts,Over,-119,36.5,Dak Prescott,pass_attempts
de432abcc3bd8d42a582ae9f71388dcd,americanfootball_nfl,2025-09-29T00:21:00Z,Dallas Cowboys,Green Bay Packers,draftkings,DraftKings,player_pass_attempts,Under,-107,36.5,Dak Prescott,pass_attempts
de432abcc3bd8d42a582ae9f71388dcd,americanfootball_nfl,2025-09-29T00:21:00Z,Dallas Cowboys,Green Bay Packers,draftkings,DraftKings,player_pass_attempts,Over,-118,28.5,Jordan Love,pass_attempts
de432abcc3bd8d42a582ae9f71388dcd,americanfootball_nfl,2025-09-29T00:21:00Z,Dallas Cowboys,Green Bay Packers,draftkings,DraftKings,player_pass_attempts,Under,-108,28.5,Jordan Love,pass_attempts
de432abcc3bd8d42a582ae9f71388dcd,americanfootball_nfl,2025-09-29T00:21:00Z,Dallas Cowboys,Green Bay Packers,draftkings,DraftKings,player_pass_completions,Over,-108,24.5,Dak Prescott,pass_completions
de432abcc3bd8d42a582ae9f71388dcd,americanfootball_nfl,2025-09-29T00:21:00Z,Dallas Cowboys,Green Bay Packers,draftkings,DraftKings,player_pass_completions,Under,-118,24.5,Dak Prescott,pass_completions
de432abcc3bd8d42a582ae9f71388dcd,americanfootball_nfl,2025-09-29T00:21:00Z,Dallas Cowboys,Green Bay Packers,draftkings,DraftKings,player_pass_completions,Over,100,19.5,Jordan Love,pass_completions
de432abcc3bd8d42a582ae9f71388dcd,americanfootball_nfl,2025-09-29T00:21:00Z,Dallas Cowboys,Green Bay Packers,draftkings,DraftKings,player_pass_completions,Under,-127,19.5,Jordan Love,pass_completions
de432abcc3bd8d42a582ae9f71388dcd,americanfootball_nfl,2025-09-29T00:21:00Z,Dallas Cowboys,Green Bay Packers,draftkings,DraftKings,player_pass_interceptions,Over,-102,0.5,Jordan Love,pass_interceptions
de432abcc3bd8d42a582ae9f71388dcd,americanfootball_nfl,2025-09-29T00:21:00Z,Dallas Cowboys,Green Bay Packers,draftkings,DraftKings,player_pass_interceptions,Under,-125,0.5,Jordan Love,pass_interceptions
de432abcc3bd8d42a582ae9f71388dcd,americanfootball_nfl,2025-09-29T00:21:00Z,Dallas Cowboys,Green Bay Packers,draftkings,DraftKings,player_pass_interceptions,Over,-164,0.5,Dak Prescott,pass_interceptions
de432abcc3bd8d42a582ae9f71388dcd,americanfootball_nfl,2025-09-29T00:21:00Z,Dallas Cowboys,Green Bay Packers,draftkings,DraftKings,player_pass_interceptions,Under,128,0.5,Dak Prescott,pass_interceptions
de432abcc3bd8d42a582ae9f71388dcd,americanfootball_nfl,2025-09-29T00:21:00Z,Dallas Cowboys,Green Bay Packers,draftkings,DraftKings,player_pass_tds,Over,-144,1.5,Jordan Love,pass_tds
de432abcc3bd8d42a582ae9f71388dcd,americanfootball_nfl,2025-09-29T00:21:00Z,Dallas Cowboys,Green Bay Packers,draftkings,DraftKings,player_pass_tds,Under,113,1.5,Jordan Love,pass_tds
de432abcc3bd8d42a582ae9f71388dcd,americanfootball_nfl,2025-09-29T00:21:00Z,Dallas Cowboys,Green Bay Packers,draftkings,DraftKings,player_pass_tds,Over,125,1.5,Dak Prescott,pass_tds
de432abcc3bd8d42a582ae9f71388dcd,americanfootball_nfl,2025-09-29T00:21:00Z,Dallas Cowboys,Green Bay Packers,draftkings,DraftKings,player_pass_tds,Under,-160,1.5,Dak Prescott,pass_tds
de432abcc3bd8d42a582ae9f71388dcd,americanfootball_nfl,2025-09-29T00:21:00Z,Dallas Cowboys,Green Bay Packers,draftkings,DraftKings,player_pass_yds,Over,-111,235.5,Dak Prescott,pass_yds
de432abcc3bd8d42a582ae9f71388dcd,americanfootball_nfl,2025-09-29T00:21:00Z,Dallas Cowboys,Green Bay Packers,draftkings,DraftKings,player_pass_yds,Under,-113,235.5,Dak Prescott,pass_yds
de432abcc3bd8d42a582ae9f71388dcd,americanfootball_nfl,2025-09-29T00:21:00Z,Dallas Cowboys,Green Bay Packers,draftkings,DraftKings,player_pass_yds,Over,-112,232.5,Jordan Love,pass_yds
de432abcc3bd8d42a582ae9f71388dcd,americanfootball_nfl,2025-09-29T00:21:00Z,Dallas Cowboys,Green Bay Packers,draftkings,DraftKings,player_pass_yds,Under,-112,232.5,Jordan Love,pass_yds
de432abcc3bd8d42a582ae9f71388dcd,americanfootball_nfl,2025-09-29T00:21:00Z,Dallas Cowboys,Green Bay Packers,draftkings,DraftKings,player_reception_yds,Over,-113,61.5,George Pickens,reception_yds
de432abcc3bd8d42a582ae9f71388dcd,americanfootball_nfl,2025-09-29T00:21:00Z,Dallas Cowboys,Green Bay Packers,draftkings,DraftKings,player_reception_yds,Under,-111,61.5,George Pickens,reception_yds
de432abcc3bd8d42a582ae9f71388dcd,americanfootball_nfl,2025-09-29T00:21:00Z,Dallas Cowboys,Green Bay Packers,draftkings,DraftKings,player_reception_yds,Over,-110,53.5,Jake Ferguson,reception_yds
de432abcc3bd8d42a582ae9f71388dcd,americanfootball_nfl,2025-09-29T00:21:00Z,Dallas Cowboys,Green Bay Packers,draftkings,DraftKings,player_reception_yds,Under,-114,53.5,Jake Ferguson,reception_yds
de432abcc3bd8d42a582ae9f71388dcd,americanfootball_nfl,2025-09-29T00:21:00Z,Dallas Cowboys,Green Bay Packers,draftkings,DraftKings,player_reception_yds,Over,-111,43.5,Romeo Doubs,reception_yds
de432abcc3bd8d42a582ae9f71388dcd,americanfootball_nfl,2025-09-29T00:21:00Z,Dallas Cowboys,Green Bay Packers,draftkings,DraftKings,player_reception_yds,Under,-113,43.5,Romeo Doubs,reception_yds
de432abcc3bd8d42a582ae9f71388dcd,americanfootball_nfl,2025-09-29T00:21:00Z,Dallas Cowboys,Green Bay Packers,draftkings,DraftKings,player_reception_yds,Over,-113,41.5,Tucker Kraft,reception_yds
de432abcc3bd8d42a582ae9f71388dcd,americanfootball_nfl,2025-09-29T00:21:00Z,Dallas Cowboys,Green Bay Packers,draftkings,DraftKings,player_reception_yds,Under,-111,41.5,Tucker Kraft,reception_yds
de432abcc3bd8d42a582ae9f71388dcd,americanfootball_nfl,2025-09-29T00:21:00Z,Dallas Cowboys,Green Bay Packers,draftkings,DraftKings,player_reception_yds,Over,-112,40.5,Dontayvion Wicks,reception_yds
de432abcc3bd8d42a582ae9f71388dcd,americanfootball_nfl,2025-09-29T00:21:00Z,Dallas Cowboys,Green Bay Packers,draftkings,DraftKings,player_reception_yds,Under,-112,40.5,Dontayvion Wicks,reception_yds
de432abcc3bd8d42a582ae9f71388dcd,americanfootball_nfl,2025-09-29T00:21:00Z,Dallas Cowboys,Green Bay Packers,draftkings,DraftKings,player_reception_yds,Over,-110,40.5,Matthew Golden,reception_yds
de432abcc3bd8d42a582ae9f71388dcd,americanfootball_nfl,2025-09-29T00:21:00Z,Dallas Cowboys,Green Bay Packers,draftkings,DraftKings,player_reception_yds,Under,-114,40.5,Matthew Golden,reception_yds
de432abcc3bd8d42a582ae9f71388dcd,americanfootball_nfl,2025-09-29T00:21:00Z,Dallas Cowboys,Green Bay Packers,draftkings,DraftKings,player_reception_yds,Over,-111,28.5,KaVontae Turpin,reception_yds
de432abcc3bd8d42a582ae9f71388dcd,americanfootball_nfl,2025-09-29T00:21:00Z,Dallas Cowboys,Green Bay Packers,draftkings,DraftKings,player_reception_yds,Under,-113,28.5,KaVontae Turpin,reception_yds
de432abcc3bd8d42a582ae9f71388dcd,americanfootball_nfl,2025-09-29T00:21:00Z,Dallas Cowboys,Green Bay Packers,draftkings,DraftKings,player_reception_yds,Over,-110,27.5,Jalen Tolbert,reception_yds
de432abcc3bd8d42a582ae9f71388dcd,americanfootball_nfl,2025-09-29T00:21:00Z,Dallas Cowboys,Green Bay Packers,draftkings,DraftKings,player_reception_yds,Under,-114,27.5,Jalen Tolbert,reception_yds
de432abcc3bd8d42a582ae9f71388dcd,americanfootball_nfl,2025-09-29T00:21:00Z,Dallas Cowboys,Green Bay Packers,draftkings,DraftKings,player_reception_yds,Over,-109,19.5,Javonte Williams,reception_yds
de432abcc3bd8d42a582ae9f71388dcd,americanfootball_nfl,2025-09-29T00:21:00Z,Dallas Cowboys,Green Bay Packers,draftkings,DraftKings,player_reception_yds,Under,-116,19.5,Javonte Williams,reception_yds
de432abcc3bd8d42a582ae9f71388dcd,americanfootball_nfl,2025-09-29T00:21:00Z,Dallas Cowboys,Green Bay Packers,draftkings,DraftKings,player_reception_yds,Over,-116,15.5,Josh Jacobs,reception_yds
de432abcc3bd8d42a582ae9f71388dcd,americanfootball_nfl,2025-09-29T00:21:00Z,Dallas Cowboys,Green Bay Packers,draftkings,DraftKings,player_reception_yds,Under,-108,15.5,Josh Jacobs,reception_yds
de432abcc3bd8d42a582ae9f71388dcd,americanfootball_nfl,2025-09-29T00:21:00Z,Dallas Cowboys,Green Bay Packers,draftkings,DraftKings,player_receptions,Over,103,6.5,Jake Ferguson,receptions
de432abcc3bd8d42a582ae9f71388dcd,americanfootball_nfl,2025-09-29T00:21:00Z,Dallas Cowboys,Green Bay Packers,draftkings,DraftKings,player_receptions,Under,-131,6.5,Jake Ferguson,receptions
de432abcc3bd8d42a582ae9f71388dcd,americanfootball_nfl,2025-09-29T00:21:00Z,Dallas Cowboys,Green Bay Packers,draftkings,DraftKings,player_receptions,Over,-152,4.5,George Pickens,receptions
de432abcc3bd8d42a582ae9f71388dcd,americanfootball_nfl,2025-09-29T00:21:00Z,Dallas Cowboys,Green Bay Packers,draftkings,DraftKings,player_receptions,Under,119,4.5,George Pickens,receptions
de432abcc3bd8d42a582ae9f71388dcd,americanfootball_nfl,2025-09-29T00:21:00Z,Dallas Cowboys,Green Bay Packers,draftkings,DraftKings,player_receptions,Over,-128,3.5,Tucker Kraft,receptions
de432abcc3bd8d42a582ae9f71388dcd,americanfootball_nfl,2025-09-29T00:21:00Z,Dallas Cowboys,Green Bay Packers,draftkings,DraftKings,player_receptions,Under,100,3.5,Tucker Kraft,receptions
de432abcc3bd8d42a582ae9f71388dcd,americanfootball_nfl,2025-09-29T00:21:00Z,Dallas Cowboys,Green Bay Packers,draftkings,DraftKings,player_receptions,Over,-111,3.5,Dontayvion Wicks,receptions
de432abcc3bd8d42a582ae9f71388dcd,americanfootball_nfl,2025-09-29T00:21:00Z,Dallas Cowboys,Green Bay Packers,draftkings,DraftKings,player_receptions,Under,-115,3.5,Dontayvion Wicks,receptions
de432abcc3bd8d42a582ae9f71388dcd,americanfootball_nfl,2025-09-29T00:21:00Z,Dallas Cowboys,Green Bay Packers,draftkings,DraftKings,player_receptions,Over,-168,2.5,Matthew Golden,receptions
de432abcc3bd8d42a582ae9f71388dcd,americanfootball_nfl,2025-09-29T00:21:00Z,Dallas Cowboys,Green Bay Packers,draftkings,DraftKings,player_receptions,Under,132,2.5,Matthew Golden,receptions
de432abcc3bd8d42a582ae9f71388dcd,americanfootball_nfl,2025-09-29T00:21:00Z,Dallas Cowboys,Green Bay Packers,draftkings,DraftKings,player_receptions,Over,-164,2.5,KaVontae Turpin,receptions
de432abcc3bd8d42a582ae9f71388dcd,americanfootball_nfl,2025-09-29T00:21:00Z,Dallas Cowboys,Green Bay Packers,draftkings,DraftKings,player_receptions,Under,128,2.5,KaVontae Turpin,receptions
de432abcc3bd8d42a582ae9f71388dcd,americanfootball_nfl,2025-09-29T00:21:00Z,Dallas Cowboys,Green Bay Packers,draftkings,DraftKings,player_rush_yds,Over,-113,74.5,Josh Jacobs,rush_yds
de432abcc3bd8d42a582ae9f71388dcd,americanfootball_nfl,2025-09-29T00:21:00Z,Dallas Cowboys,Green Bay Packers,draftkings,DraftKings,player_rush_yds,Under,-111,74.5,Josh Jacobs,rush_yds
de432abcc3bd8d42a582ae9f71388dcd,americanfootball_nfl,2025-09-29T00:21:00Z,Dallas Cowboys,Green Bay Packers,draftkings,DraftKings,player_rush_yds,Over,-111,51.5,Javonte Williams,rush_yds
de432abcc3bd8d42a582ae9f71388dcd,americanfootball_nfl,2025-09-29T00:21:00Z,Dallas Cowboys,Green Bay Packers,draftkings,DraftKings,player_rush_yds,Under,-113,51.5,Javonte Williams,rush_yds
de432abcc3bd8d42a582ae9f71388dcd,americanfootball_nfl,2025-09-29T00:21:00Z,Dallas Cowboys,Green Bay Packers,draftkings,DraftKings,player_rush_yds,Over,-107,6.5,Jordan Love,rush_yds
de432abcc3bd8d42a582ae9f71388dcd,americanfootball_nfl,2025-09-29T00:21:00Z,Dallas Cowboys,Green Bay Packers,draftkings,DraftKings,player_rush_yds,Under,-117,6.5,Jordan Love,rush_yds
de432abcc3bd8d42a582ae9f71388dcd,americanfootball_nfl,2025-09-29T00:21:00Z,Dallas Cowboys,Green Bay Packers,draftkings,DraftKings,player_rush_yds,Over,-120,4.5,Dak Prescott,rush_yds
de432abcc3bd8d42a582ae9f71388dcd,americanfootball_nfl,2025-09-29T00:21:00Z,Dallas Cowboys,Green Bay Packers,draftkings,DraftKings,player_rush_yds,Under,-104,4.5,Dak Prescott,rush_yds
bc76fb8d846588ed46297aaab4e83de9,americanfootball_nfl,2025-09-29T23:15:00Z,Miami Dolphins,New York Jets,draftkings,DraftKings,player_anytime_td,Yes,-115,,De'Von Achane,anytime_td
bc76fb8d846588ed46297aaab4e83de9,americanfootball_nfl,2025-09-29T23:15:00Z,Miami Dolphins,New York Jets,draftkings,DraftKings,player_anytime_td,Yes,110,,Breece Hall,anytime_td
bc76fb8d846588ed46297aaab4e83de9,americanfootball_nfl,2025-09-29T23:15:00Z,Miami Dolphins,New York Jets,draftkings,DraftKings,player_anytime_td,Yes,135,,Tyreek Hill,anytime_td
bc76fb8d846588ed46297aaab4e83de9,americanfootball_nfl,2025-09-29T23:15:00Z,Miami Dolphins,New York Jets,draftkings,DraftKings,player_anytime_td,Yes,145,,Garrett Wilson,anytime_td
bc76fb8d846588ed46297aaab4e83de9,americanfootball_nfl,2025-09-29T23:15:00Z,Miami Dolphins,New York Jets,draftkings,DraftKings,player_anytime_td,Yes,150,,Braelon Allen,anytime_td
bc76fb8d846588ed46297aaab4e83de9,americanfootball_nfl,2025-09-29T23:15:00Z,Miami Dolphins,New York Jets,draftkings,DraftKings,player_anytime_td,Yes,155,,Jaylen Waddle,anytime_td
bc76fb8d846588ed46297aaab4e83de9,americanfootball_nfl,2025-09-29T23:15:00Z,Miami Dolphins,New York Jets,draftkings,DraftKings,player_anytime_td,Yes,195,,Justin Fields,anytime_td
bc76fb8d846588ed46297aaab4e83de9,americanfootball_nfl,2025-09-29T23:15:00Z,Miami Dolphins,New York Jets,draftkings,DraftKings,player_anytime_td,Yes,295,,Ollie Gordon II,anytime_td
bc76fb8d846588ed46297aaab4e83de9,americanfootball_nfl,2025-09-29T23:15:00Z,Miami Dolphins,New York Jets,draftkings,DraftKings,player_anytime_td,Yes,330,,Josh Reynolds,anytime_td
bc76fb8d846588ed46297aaab4e83de9,americanfootball_nfl,2025-09-29T23:15:00Z,Miami Dolphins,New York Jets,draftkings,DraftKings,player_anytime_td,Yes,340,,Darren Waller,anytime_td
bc76fb8d846588ed46297aaab4e83de9,americanfootball_nfl,2025-09-29T23:15:00Z,Miami Dolphins,New York Jets,draftkings,DraftKings,player_anytime_td,Yes,425,,Malik Washington,anytime_td
bc76fb8d846588ed46297aaab4e83de9,americanfootball_nfl,2025-09-29T23:15:00Z,Miami Dolphins,New York Jets,draftkings,DraftKings,player_anytime_td,Yes,475,,Miami Dolphins D/ST,anytime_td
bc76fb8d846588ed46297aaab4e83de9,americanfootball_nfl,2025-09-29T23:15:00Z,Miami Dolphins,New York Jets,draftkings,DraftKings,player_anytime_td,Yes,500,,New York Jets D/ST,anytime_td
bc76fb8d846588ed46297aaab4e83de9,americanfootball_nfl,2025-09-29T23:15:00Z,Miami Dolphins,New York Jets,draftkings,DraftKings,player_anytime_td,Yes,550,,Mason Taylor,anytime_td
bc76fb8d846588ed46297aaab4e83de9,americanfootball_nfl,2025-09-29T23:15:00Z,Miami Dolphins,New York Jets,draftkings,DraftKings,player_anytime_td,Yes,700,,Nick Westbrook-Ikhine,anytime_td
bc76fb8d846588ed46297aaab4e83de9,americanfootball_nfl,2025-09-29T23:15:00Z,Miami Dolphins,New York Jets,draftkings,DraftKings,player_anytime_td,Yes,800,,Tanner Conner,anytime_td
bc76fb8d846588ed46297aaab4e83de9,americanfootball_nfl,2025-09-29T23:15:00Z,Miami Dolphins,New York Jets,draftkings,DraftKings,player_anytime_td,Yes,800,,Jeremy Ruckert,anytime_td
bc76fb8d846588ed46297aaab4e83de9,americanfootball_nfl,2025-09-29T23:15:00Z,Miami Dolphins,New York Jets,draftkings,DraftKings,player_anytime_td,Yes,800,,Allen Lazard,anytime_td
bc76fb8d846588ed46297aaab4e83de9,americanfootball_nfl,2025-09-29T23:15:00Z,Miami Dolphins,New York Jets,draftkings,DraftKings,player_anytime_td,Yes,850,,Tyler Johnson,anytime_td
bc76fb8d846588ed46297aaab4e83de9,americanfootball_nfl,2025-09-29T23:15:00Z,Miami Dolphins,New York Jets,draftkings,DraftKings,player_anytime_td,Yes,900,,Julian Hill,anytime_td
bc76fb8d846588ed46297aaab4e83de9,americanfootball_nfl,2025-09-29T23:15:00Z,Miami Dolphins,New York Jets,draftkings,DraftKings,player_anytime_td,Yes,900,,Jaylen Wright,anytime_td
bc76fb8d846588ed46297aaab4e83de9,americanfootball_nfl,2025-09-29T23:15:00Z,Miami Dolphins,New York Jets,draftkings,DraftKings,player_anytime_td,Yes,950,,Tua Tagovailoa,anytime_td
bc76fb8d846588ed46297aaab4e83de9,americanfootball_nfl,2025-09-29T23:15:00Z,Miami Dolphins,New York Jets,draftkings,DraftKings,player_anytime_td,Yes,1100,,Isaiah Williams,anytime_td
bc76fb8d846588ed46297aaab4e83de9,americanfootball_nfl,2025-09-29T23:15:00Z,Miami Dolphins,New York Jets,draftkings,DraftKings,player_anytime_td,Yes,1500,,Dee Eskridge,anytime_td
bc76fb8d846588ed46297aaab4e83de9,americanfootball_nfl,2025-09-29T23:15:00Z,Miami Dolphins,New York Jets,draftkings,DraftKings,player_anytime_td,Yes,1500,,Isaiah Davis,anytime_td
bc76fb8d846588ed46297aaab4e83de9,americanfootball_nfl,2025-09-29T23:15:00Z,Miami Dolphins,New York Jets,draftkings,DraftKings,player_anytime_td,Yes,1500,,Arian Smith,anytime_td
bc76fb8d846588ed46297aaab4e83de9,americanfootball_nfl,2025-09-29T23:15:00Z,Miami Dolphins,New York Jets,draftkings,DraftKings,player_anytime_td,Yes,2000,,Stone Smartt,anytime_td
8dcb2a6bf542ccb7e6bc58f83c8fc2ac,americanfootball_nfl,2025-09-30T00:15:00Z,Denver Broncos,Cincinnati Bengals,draftkings,DraftKings,player_anytime_td,Yes,-145,,J.K. Dobbins,anytime_td
8dcb2a6bf542ccb7e6bc58f83c8fc2ac,americanfootball_nfl,2025-09-30T00:15:00Z,Denver Broncos,Cincinnati Bengals,draftkings,DraftKings,player_anytime_td,Yes,125,,Chase Brown,anytime_td
8dcb2a6bf542ccb7e6bc58f83c8fc2ac,americanfootball_nfl,2025-09-30T00:15:00Z,Denver Broncos,Cincinnati Bengals,draftkings,DraftKings,player_anytime_td,Yes,135,,Courtland Sutton,anytime_td
8dcb2a6bf542ccb7e6bc58f83c8fc2ac,americanfootball_nfl,2025-09-30T00:15:00Z,Denver Broncos,Cincinnati Bengals,draftkings,DraftKings,player_anytime_td,Yes,140,,Ja'Marr Chase,anytime_td
8dcb2a6bf542ccb7e6bc58f83c8fc2ac,americanfootball_nfl,2025-09-30T00:15:00Z,Denver Broncos,Cincinnati Bengals,draftkings,DraftKings,player_anytime_td,Yes,190,,Tee Higgins,anytime_td
8dcb2a6bf542ccb7e6bc58f83c8fc2ac,americanfootball_nfl,2025-09-30T00:15:00Z,Denver Broncos,Cincinnati Bengals,draftkings,DraftKings,player_anytime_td,Yes,210,,RJ Harvey,anytime_td
8dcb2a6bf542ccb7e6bc58f83c8fc2ac,americanfootball_nfl,2025-09-30T00:15:00Z,Denver Broncos,Cincinnati Bengals,draftkings,DraftKings,player_anytime_td,Yes,245,,Troy Franklin,anytime_td
8dcb2a6bf542ccb7e6bc58f83c8fc2ac,americanfootball_nfl,2025-09-30T00:15:00Z,Denver Broncos,Cincinnati Bengals,draftkings,DraftKings,player_anytime_td,Yes,255,,Bo Nix,anytime_td
8dcb2a6bf542ccb7e6bc58f83c8fc2ac,americanfootball_nfl,2025-09-30T00:15:00Z,Denver Broncos,Cincinnati Bengals,draftkings,DraftKings,player_anytime_td,Yes,320,,Evan Engram,anytime_td
8dcb2a6bf542ccb7e6bc58f83c8fc2ac,americanfootball_nfl,2025-09-30T00:15:00Z,Denver Broncos,Cincinnati Bengals,draftkings,DraftKings,player_anytime_td,Yes,350,,Marvin Mims Jr.,anytime_td
8dcb2a6bf542ccb7e6bc58f83c8fc2ac,americanfootball_nfl,2025-09-30T00:15:00Z,Denver Broncos,Cincinnati Bengals,draftkings,DraftKings,player_anytime_td,Yes,450,,Denver Broncos D/ST,anytime_td
8dcb2a6bf542ccb7e6bc58f83c8fc2ac,americanfootball_nfl,2025-09-30T00:15:00Z,Denver Broncos,Cincinnati Bengals,draftkings,DraftKings,player_anytime_td,Yes,475,,Adam Trautman,anytime_td
8dcb2a6bf542ccb7e6bc58f83c8fc2ac,americanfootball_nfl,2025-09-30T00:15:00Z,Denver Broncos,Cincinnati Bengals,draftkings,DraftKings,player_anytime_td,Yes,500,,Noah Fant,anytime_td
8dcb2a6bf542ccb7e6bc58f83c8fc2ac,americanfootball_nfl,2025-09-30T00:15:00Z,Denver Broncos,Cincinnati Bengals,draftkings,DraftKings,player_anytime_td,Yes,600,,Cincinnati Bengals D/ST,anytime_td
8dcb2a6bf542ccb7e6bc58f83c8fc2ac,americanfootball_nfl,2025-09-30T00:15:00Z,Denver Broncos,Cincinnati Bengals,draftkings,DraftKings,player_anytime_td,Yes,650,,Mike Gesicki,anytime_td
8dcb2a6bf542ccb7e6bc58f83c8fc2ac,americanfootball_nfl,2025-09-30T00:15:00Z,Denver Broncos,Cincinnati Bengals,draftkings,DraftKings,player_anytime_td,Yes,700,,Tyler Badie,anytime_td
8dcb2a6bf542ccb7e6bc58f83c8fc2ac,americanfootball_nfl,2025-09-30T00:15:00Z,Denver Broncos,Cincinnati Bengals,draftkings,DraftKings,player_anytime_td,Yes,750,,Andrei Iosivas,anytime_td
8dcb2a6bf542ccb7e6bc58f83c8fc2ac,americanfootball_nfl,2025-09-30T00:15:00Z,Denver Broncos,Cincinnati Bengals,draftkings,DraftKings,player_anytime_td,Yes,800,,Jake Browning,anytime_td
8dcb2a6bf542ccb7e6bc58f83c8fc2ac,americanfootball_nfl,2025-09-30T00:15:00Z,Denver Broncos,Cincinnati Bengals,draftkings,DraftKings,player_anytime_td,Yes,850,,Jaleel McLaughlin,anytime_td
8dcb2a6bf542ccb7e6bc58f83c8fc2ac,americanfootball_nfl,2025-09-30T00:15:00Z,Denver Broncos,Cincinnati Bengals,draftkings,DraftKings,player_anytime_td,Yes,850,,Samaje Perine,anytime_td
8dcb2a6bf542ccb7e6bc58f83c8fc2ac,americanfootball_nfl,2025-09-30T00:15:00Z,Denver Broncos,Cincinnati Bengals,draftkings,DraftKings,player_anytime_td,Yes,850,,Tahj Brooks,anytime_td
8dcb2a6bf542ccb7e6bc58f83c8fc2ac,americanfootball_nfl,2025-09-30T00:15:00Z,Denver Broncos,Cincinnati Bengals,draftkings,DraftKings,player_anytime_td,Yes,900,,Drew Sample,anytime_td
8dcb2a6bf542ccb7e6bc58f83c8fc2ac,americanfootball_nfl,2025-09-30T00:15:00Z,Denver Broncos,Cincinnati Bengals,draftkings,DraftKings,player_anytime_td,Yes,1000,,Lucas Krull,anytime_td
8dcb2a6bf542ccb7e6bc58f83c8fc2ac,americanfootball_nfl,2025-09-30T00:15:00Z,Denver Broncos,Cincinnati Bengals,draftkings,DraftKings,player_anytime_td,Yes,1000,,Nate Adkins,anytime_td
8dcb2a6bf542ccb7e6bc58f83c8fc2ac,americanfootball_nfl,2025-09-30T00:15:00Z,Denver Broncos,Cincinnati Bengals,draftkings,DraftKings,player_anytime_td,Yes,1200,,Jermaine Burton,anytime_td
8dcb2a6bf542ccb7e6bc58f83c8fc2ac,americanfootball_nfl,2025-09-30T00:15:00Z,Denver Broncos,Cincinnati Bengals,draftkings,DraftKings,player_anytime_td,Yes,1300,,Adam Prentice,anytime_td
8dcb2a6bf542ccb7e6bc58f83c8fc2ac,americanfootball_nfl,2025-09-30T00:15:00Z,Denver Broncos,Cincinnati Bengals,draftkings,DraftKings,player_anytime_td,Yes,1400,,Trent Sherfield Sr.,anytime_td
8dcb2a6bf542ccb7e6bc58f83c8fc2ac,americanfootball_nfl,2025-09-30T00:15:00Z,Denver Broncos,Cincinnati Bengals,draftkings,DraftKings,player_anytime_td,Yes,1400,,Pat Bryant,anytime_td
8dcb2a6bf542ccb7e6bc58f83c8fc2ac,americanfootball_nfl,2025-09-30T00:15:00Z,Denver Broncos,Cincinnati Bengals,draftkings,DraftKings,player_anytime_td,Yes,1600,,Mitchell Tinsley,anytime_td
8dcb2a6bf542ccb7e6bc58f83c8fc2ac,americanfootball_nfl,2025-09-30T00:15:00Z,Denver Broncos,Cincinnati Bengals,draftkings,DraftKings,player_anytime_td,Yes,1700,,Charlie Jones,anytime_td
8dcb2a6bf542ccb7e6bc58f83c8fc2ac,americanfootball_nfl,2025-09-30T00:15:00Z,Denver Broncos,Cincinnati Bengals,draftkings,DraftKings,player_pass_tds,Over,105,1.5,Bo Nix,pass_tds
8dcb2a6bf542ccb7e6bc58f83c8fc2ac,americanfootball_nfl,2025-09-30T00:15:00Z,Denver Broncos,Cincinnati Bengals,draftkings,DraftKings,player_pass_tds,Under,-134,1.5,Bo Nix,pass_tds
8dcb2a6bf542ccb7e6bc58f83c8fc2ac,americanfootball_nfl,2025-09-30T00:15:00Z,Denver Broncos,Cincinnati Bengals,draftkings,DraftKings,player_pass_tds,Over,157,1.5,Jake Browning,pass_tds
8dcb2a6bf542ccb7e6bc58f83c8fc2ac,americanfootball_nfl,2025-09-30T00:15:00Z,Denver Broncos,Cincinnati Bengals,draftkings,DraftKings,player_pass_tds,Under,-202,1.5,Jake Browning,pass_tds
8dcb2a6bf542ccb7e6bc58f83c8fc2ac,americanfootball_nfl,2025-09-30T00:15:00Z,Denver Broncos,Cincinnati Bengals,draftkings,DraftKings,player_pass_yds,Over,-112,220.5,Bo Nix,pass_yds
8dcb2a6bf542ccb7e6bc58f83c8fc2ac,americanfootball_nfl,2025-09-30T00:15:00Z,Denver Broncos,Cincinnati Bengals,draftkings,DraftKings,player_pass_yds,Under,-112,220.5,Bo Nix,pass_yds
8dcb2a6bf542ccb7e6bc58f83c8fc2ac,americanfootball_nfl,2025-09-30T00:15:00Z,Denver Broncos,Cincinnati Bengals,draftkings,DraftKings,player_reception_yds,Over,-114,62.5,Courtland Sutton,reception_yds
8dcb2a6bf542ccb7e6bc58f83c8fc2ac,americanfootball_nfl,2025-09-30T00:15:00Z,Denver Broncos,Cincinnati Bengals,draftkings,DraftKings,player_reception_yds,Under,-110,62.5,Courtland Sutton,reception_yds
8dcb2a6bf542ccb7e6bc58f83c8fc2ac,americanfootball_nfl,2025-09-30T00:15:00Z,Denver Broncos,Cincinnati Bengals,draftkings,DraftKings,player_reception_yds,Over,-116,9.5,J.K. Dobbins,reception_yds
8dcb2a6bf542ccb7e6bc58f83c8fc2ac,americanfootball_nfl,2025-09-30T00:15:00Z,Denver Broncos,Cincinnati Bengals,draftkings,DraftKings,player_reception_yds,Under,-108,9.5,J.K. Dobbins,reception_yds
8dcb2a6bf542ccb7e6bc58f83c8fc2ac,americanfootball_nfl,2025-09-30T00:15:00Z,Denver Broncos,Cincinnati Bengals,draftkings,DraftKings,player_rush_yds,Over,-111,64.5,J.K. Dobbins,rush_yds
8dcb2a6bf542ccb7e6bc58f83c8fc2ac,americanfootball_nfl,2025-09-30T00:15:00Z,Denver Broncos,Cincinnati Bengals,draftkings,DraftKings,player_rush_yds,Under,-113,64.5,J.K. Dobbins,rush_yds
8dcb2a6bf542ccb7e6bc58f83c8fc2ac,americanfootball_nfl,2025-09-30T00:15:00Z,Denver Broncos,Cincinnati Bengals,draftkings,DraftKings,player_rush_yds,Over,-113,22.5,Bo Nix,rush_yds
8dcb2a6bf542ccb7e6bc58f83c8fc2ac,americanfootball_nfl,2025-09-30T00:15:00Z,Denver Broncos,Cincinnati Bengals,draftkings,DraftKings,player_rush_yds,Under,-111,22.5,Bo Nix,rush_yds
