year,week,weather,home_team,away_team,player,team,opponent,home_away,team_score,opp_score,pos,snaps,snap_pct,pass_cmp,pass_att,pass_yds,pass_tds,pass_int,sacks,rush_att,rush_yds,rush_tds,targets,receptions,rec_yds,rec_tds,fumbles
2025,1,,New Orleans Saints,Arizona Cardinals,Elijah Higgins,ARI,New Orleans Saints,away,13,20,TE,0,0.0,0,0,0,0,0,0,0,0,0,2,1,3,0,0
2025,1,,New Orleans Saints,Arizona Cardinals,Greg Dortch,ARI,New Orleans Saints,away,13,20,WR,0,0.0,0,0,0,0,0,0,0,0,0,1,1,-2,0,0
2025,1,,New Orleans Saints,Arizona Cardinals,James Conner,ARI,New Orleans Saints,away,13,20,RB,12,21.428571428571427,0,0,0,0,0,0,12,39,0,4,4,5,1,0
2025,1,,New Orleans Saints,Arizona Cardinals,Kyler Murray,ARI,New Orleans Saints,away,13,20,QB,36,64.28571428571429,21,29,163,2,0,5,7,38,0,0,0,0,0,0
2025,1,,New Orleans Saints,Arizona Cardinals,Marvin Harrison Jr.,ARI,New Orleans Saints,away,13,20,WR,0,0.0,0,0,0,0,0,0,0,0,0,6,5,71,1,0
2025,1,,New Orleans Saints,Arizona Cardinals,Michael Wilson,ARI,New Orleans Saints,away,13,20,WR,0,0.0,0,0,0,0,0,0,0,0,0,4,1,5,0,0
2025,1,,New Orleans Saints,Arizona Cardinals,Tip Reiman,ARI,New Orleans Saints,away,13,20,TE,0,0.0,0,0,0,0,0,0,0,0,0,1,1,10,0,0
2025,1,,New Orleans Saints,Arizona Cardinals,Trey Benson,ARI,New Orleans Saints,away,13,20,RB,8,14.285714285714285,0,0,0,0,0,0,8,69,0,1,1,6,0,0
2025,1,,New Orleans Saints,Arizona Cardinals,Trey McBride,ARI,New Orleans Saints,away,13,20,TE,0,0.0,0,0,0,0,0,0,0,0,0,9,6,61,0,0
2025,1,,New Orleans Saints,Arizona Cardinals,Zay Jones,ARI,New Orleans Saints,away,13,20,WR,0,0.0,0,0,0,0,0,0,0,0,0,1,1,4,0,0
2025,1,,Atlanta Falcons,Tampa Bay Buccaneers,Bijan Robinson,ATL,Tampa Bay Buccaneers,home,23,20,RB,12,17.142857142857142,0,0,0,0,0,0,12,24,0,7,6,100,1,0
2025,1,,Atlanta Falcons,Tampa Bay Buccaneers,Casey Washington,ATL,Tampa Bay Buccaneers,home,23,20,WR,0,0.0,0,0,0,0,0,0,0,0,0,6,3,33,0,0
2025,1,,Atlanta Falcons,Tampa Bay Buccaneers,Drake London,ATL,Tampa Bay Buccaneers,home,23,20,WR,0,0.0,0,0,0,0,0,0,0,0,0,15,8,55,0,0
2025,1,,Atlanta Falcons,Tampa Bay Buccaneers,KhaDarel Hodge,ATL,Tampa Bay Buccaneers,home,23,20,WR,0,0.0,0,0,0,0,0,0,0,0,0,1,0,0,0,0
2025,1,,Atlanta Falcons,Tampa Bay Buccaneers,Kyle Pitts,ATL,Tampa Bay Buccaneers,home,23,20,TE,0,0.0,0,0,0,0,0,0,0,0,0,8,7,59,0,0
2025,1,,Atlanta Falcons,Tampa Bay Buccaneers,Michael Penix,ATL,Tampa Bay Buccaneers,home,23,20,QB,48,68.57142857142857,27,42,298,1,0,1,6,21,1,0,0,0,0,1
2025,1,,Atlanta Falcons,Tampa Bay Buccaneers,Ray-Ray McCloud,ATL,Tampa Bay Buccaneers,home,23,20,WR,0,0.0,0,0,0,0,0,0,0,0,0,5,3,51,0,0
2025,1,,Atlanta Falcons,Tampa Bay Buccaneers,Tyler Allgeier,ATL,Tampa Bay Buccaneers,home,23,20,RB,10,14.285714285714285,0,0,0,0,0,0,10,24,0,0,0,0,0,0
2025,1,"58 degrees, relative humidity 61%, wind 8 mph",Baltimore Ravens,Buffalo Bills,DeAndre Hopkins,BAL,Buffalo Bills,home,40,41,WR,0,0.0,0,0,0,0,0,0,0,0,0,2,2,35,1,0
2025,1,"58 degrees, relative humidity 61%, wind 8 mph",Baltimore Ravens,Buffalo Bills,Derrick Henry,BAL,Buffalo Bills,home,40,41,RB,18,37.5,0,0,0,0,0,0,18,169,2,1,1,13,0,1
2025,1,"58 degrees, relative humidity 61%, wind 8 mph",Baltimore Ravens,Buffalo Bills,Justice Hill,BAL,Buffalo Bills,home,40,41,RB,2,4.166666666666666,0,0,0,0,0,0,2,-14,0,2,1,3,0,1
2025,1,"58 degrees, relative humidity 61%, wind 8 mph",Baltimore Ravens,Buffalo Bills,Lamar Jackson,BAL,Buffalo Bills,home,40,41,QB,25,52.083333333333336,14,19,209,2,0,2,6,70,1,0,0,0,0,0
2025,1,"58 degrees, relative humidity 61%, wind 8 mph",Baltimore Ravens,Buffalo Bills,Mark Andrews,BAL,Buffalo Bills,home,40,41,TE,0,0.0,0,0,0,0,0,0,0,0,0,1,1,5,0,0
2025,1,"58 degrees, relative humidity 61%, wind 8 mph",Baltimore Ravens,Buffalo Bills,Rasheen Ali,BAL,Buffalo Bills,home,40,41,RB,1,2.083333333333333,0,0,0,0,0,0,1,5,0,0,0,0,0,0
2025,1,"58 degrees, relative humidity 61%, wind 8 mph",Baltimore Ravens,Buffalo Bills,Rashod Bateman,BAL,Buffalo Bills,home,40,41,WR,0,0.0,0,0,0,0,0,0,0,0,0,4,2,10,0,0
2025,1,"58 degrees, relative humidity 61%, wind 8 mph",Baltimore Ravens,Buffalo Bills,Zay Flowers,BAL,Buffalo Bills,home,40,41,WR,2,4.166666666666666,0,0,0,0,0,0,2,8,0,9,7,143,1,0
2025,1,"58 degrees, relative humidity 61%, wind 8 mph",Baltimore Ravens,Buffalo Bills,Dalton Kincaid,BUF,Baltimore Ravens,away,41,40,TE,0,0.0,0,0,0,0,0,0,0,0,0,4,4,48,1,1
2025,1,"58 degrees, relative humidity 61%, wind 8 mph",Baltimore Ravens,Buffalo Bills,Dawson Knox,BUF,Baltimore Ravens,away,41,40,TE,0,0.0,0,0,0,0,0,0,0,0,0,2,2,20,0,0
2025,1,"58 degrees, relative humidity 61%, wind 8 mph",Baltimore Ravens,Buffalo Bills,Elijah Moore,BUF,Baltimore Ravens,away,41,40,WR,1,1.2987012987012987,0,0,0,0,0,0,1,8,0,1,1,3,0,0
2025,1,"58 degrees, relative humidity 61%, wind 8 mph",Baltimore Ravens,Buffalo Bills,Jackson Hawes,BUF,Baltimore Ravens,away,41,40,TE,0,0.0,0,0,0,0,0,0,0,0,0,1,1,29,0,0
2025,1,"58 degrees, relative humidity 61%, wind 8 mph",Baltimore Ravens,Buffalo Bills,James Cook,BUF,Baltimore Ravens,away,41,40,RB,13,16.883116883116884,0,0,0,0,0,0,13,44,1,5,5,58,0,0
2025,1,"58 degrees, relative humidity 61%, wind 8 mph",Baltimore Ravens,Buffalo Bills,Josh Allen,BUF,Baltimore Ravens,away,41,40,QB,60,77.92207792207793,33,46,394,2,0,1,14,30,2,0,0,0,0,0
2025,1,"58 degrees, relative humidity 61%, wind 8 mph",Baltimore Ravens,Buffalo Bills,Josh Palmer,BUF,Baltimore Ravens,away,41,40,WR,0,0.0,0,0,0,0,0,0,0,0,0,9,5,61,0,0
2025,1,"58 degrees, relative humidity 61%, wind 8 mph",Baltimore Ravens,Buffalo Bills,Keon Coleman,BUF,Baltimore Ravens,away,41,40,WR,0,0.0,0,0,0,0,0,0,0,0,0,11,8,112,1,0
2025,1,"58 degrees, relative humidity 61%, wind 8 mph",Baltimore Ravens,Buffalo Bills,Khalil Shakir,BUF,Baltimore Ravens,away,41,40,WR,0,0.0,0,0,0,0,0,0,0,0,0,9,6,64,0,0
2025,1,"58 degrees, relative humidity 61%, wind 8 mph",Baltimore Ravens,Buffalo Bills,Ray Davis,BUF,Baltimore Ravens,away,41,40,RB,1,1.2987012987012987,0,0,0,0,0,0,1,2,0,1,1,-1,0,0
2025,1,"58 degrees, relative humidity 61%, wind 8 mph",Baltimore Ravens,Buffalo Bills,Ty Johnson,BUF,Baltimore Ravens,away,41,40,RB,2,2.5974025974025974,0,0,0,0,0,0,2,24,0,2,0,0,0,0
2025,1,"85 degrees, relative humidity 71%, wind 3 mph",Carolina Panthers,Jacksonville Jaguars,Bryce Young,CAR,Jacksonville Jaguars,home,10,26,QB,40,66.66666666666666,18,35,154,1,2,1,5,40,0,0,0,0,0,1
2025,1,"85 degrees, relative humidity 71%, wind 3 mph",Carolina Panthers,Jacksonville Jaguars,Chuba Hubbard,CAR,Jacksonville Jaguars,home,10,26,RB,16,26.666666666666668,0,0,0,0,0,0,16,57,0,5,3,32,1,0
2025,1,"85 degrees, relative humidity 71%, wind 3 mph",Carolina Panthers,Jacksonville Jaguars,Hunter Renfrow,CAR,Jacksonville Jaguars,home,10,26,WR,0,0.0,0,0,0,0,0,0,0,0,0,6,2,11,0,0
2025,1,"85 degrees, relative humidity 71%, wind 3 mph",Carolina Panthers,Jacksonville Jaguars,Ja'Tavion Sanders,CAR,Jacksonville Jaguars,home,10,26,TE,0,0.0,0,0,0,0,0,0,0,0,0,3,2,27,0,0
2025,1,"85 degrees, relative humidity 71%, wind 3 mph",Carolina Panthers,Jacksonville Jaguars,Rico Dowdle,CAR,Jacksonville Jaguars,home,10,26,RB,3,5.0,0,0,0,0,0,0,3,12,0,3,2,4,0,0
2025,1,"85 degrees, relative humidity 71%, wind 3 mph",Carolina Panthers,Jacksonville Jaguars,Tetairoa McMillan,CAR,Jacksonville Jaguars,home,10,26,WR,0,0.0,0,0,0,0,0,0,0,0,0,9,5,68,0,0
2025,1,"85 degrees, relative humidity 71%, wind 3 mph",Carolina Panthers,Jacksonville Jaguars,Tommy Tremble,CAR,Jacksonville Jaguars,home,10,26,TE,0,0.0,0,0,0,0,0,0,0,0,0,1,1,2,0,0
2025,1,"85 degrees, relative humidity 71%, wind 3 mph",Carolina Panthers,Jacksonville Jaguars,Trevor Etienne,CAR,Jacksonville Jaguars,home,10,26,RB,1,1.6666666666666667,0,0,0,0,0,0,1,4,0,0,0,0,0,0
2025,1,"85 degrees, relative humidity 71%, wind 3 mph",Carolina Panthers,Jacksonville Jaguars,Xavier Legette,CAR,Jacksonville Jaguars,home,10,26,WR,0,0.0,0,0,0,0,0,0,0,0,0,7,3,10,0,0
2025,1,"68 degrees, relative humidity 38%, wind 6 mph",Chicago Bears,Minnesota Vikings,Caleb Williams,CHI,Minnesota Vikings,home,27,24,QB,41,67.21311475409836,21,35,210,1,0,2,6,58,1,0,0,0,0,0
2025,1,"68 degrees, relative humidity 38%, wind 6 mph",Chicago Bears,Minnesota Vikings,Cole Kmet,CHI,Minnesota Vikings,home,27,24,TE,0,0.0,0,0,0,0,0,0,0,0,0,4,1,31,0,0
2025,1,"68 degrees, relative humidity 38%, wind 6 mph",Chicago Bears,Minnesota Vikings,Colston Loveland,CHI,Minnesota Vikings,home,27,24,TE,0,0.0,0,0,0,0,0,0,0,0,0,2,2,12,0,0
2025,1,"68 degrees, relative humidity 38%, wind 6 mph",Chicago Bears,Minnesota Vikings,D'Andre Swift,CHI,Minnesota Vikings,home,27,24,RB,17,27.86885245901639,0,0,0,0,0,0,17,53,0,5,3,12,0,0
2025,1,"68 degrees, relative humidity 38%, wind 6 mph",Chicago Bears,Minnesota Vikings,D.J. Moore,CHI,Minnesota Vikings,home,27,24,WR,3,4.918032786885246,0,0,0,0,0,0,3,8,0,5,3,68,0,1
2025,1,"68 degrees, relative humidity 38%, wind 6 mph",Chicago Bears,Minnesota Vikings,Kyle Monangai,CHI,Minnesota Vikings,home,27,24,RB,0,0.0,0,0,0,0,0,0,0,0,0,1,1,11,0,0
2025,1,"68 degrees, relative humidity 38%, wind 6 mph",Chicago Bears,Minnesota Vikings,Luther Burden,CHI,Minnesota Vikings,home,27,24,WR,0,0.0,0,0,0,0,0,0,0,0,0,1,1,-3,0,0
2025,1,"68 degrees, relative humidity 38%, wind 6 mph",Chicago Bears,Minnesota Vikings,Olamide Zaccheaus,CHI,Minnesota Vikings,home,27,24,WR,0,0.0,0,0,0,0,0,0,0,0,0,7,4,42,0,0
2025,1,"68 degrees, relative humidity 38%, wind 6 mph",Chicago Bears,Minnesota Vikings,Rome Odunze,CHI,Minnesota Vikings,home,27,24,WR,0,0.0,0,0,0,0,0,0,0,0,0,9,6,37,1,0
2025,1,"63 degrees, relative humidity 49%, wind 10 mph",Cleveland Browns,Cincinnati Bengals,Chase Brown,CIN,Cleveland Browns,away,16,17,HB,21,45.65217391304348,0,0,0,0,0,0,21,43,1,3,2,8,0,0
2025,1,"63 degrees, relative humidity 49%, wind 10 mph",Cleveland Browns,Cincinnati Bengals,Drew Sample,CIN,Cleveland Browns,away,16,17,TE,0,0.0,0,0,0,0,0,0,0,0,0,1,0,0,0,0
2025,1,"63 degrees, relative humidity 49%, wind 10 mph",Cleveland Browns,Cincinnati Bengals,Ja'Marr Chase,CIN,Cleveland Browns,away,16,17,WR,0,0.0,0,0,0,0,0,0,0,0,0,5,2,26,0,0
2025,1,"63 degrees, relative humidity 49%, wind 10 mph",Cleveland Browns,Cincinnati Bengals,Joe Burrow,CIN,Cleveland Browns,away,16,17,QB,25,54.347826086956516,14,23,113,1,0,3,2,3,0,0,0,0,0,0
2025,1,"63 degrees, relative humidity 49%, wind 10 mph",Cleveland Browns,Cincinnati Bengals,Mike Gesicki,CIN,Cleveland Browns,away,16,17,TE,0,0.0,0,0,0,0,0,0,0,0,0,3,1,14,0,0
2025,1,"63 degrees, relative humidity 49%, wind 10 mph",Cleveland Browns,Cincinnati Bengals,Noah Fant,CIN,Cleveland Browns,away,16,17,TE,0,0.0,0,0,0,0,0,0,0,0,0,5,4,26,1,0
2025,1,"63 degrees, relative humidity 49%, wind 10 mph",Cleveland Browns,Cincinnati Bengals,Samaje Perine,CIN,Cleveland Browns,away,16,17,HB,0,0.0,0,0,0,0,0,0,0,0,0,2,2,6,0,0
2025,1,"63 degrees, relative humidity 49%, wind 10 mph",Cleveland Browns,Cincinnati Bengals,Tee Higgins,CIN,Cleveland Browns,away,16,17,WR,0,0.0,0,0,0,0,0,0,0,0,0,4,3,33,0,0
2025,1,"63 degrees, relative humidity 49%, wind 10 mph",Cleveland Browns,Cincinnati Bengals,Cedric Tillman,CLE,Cincinnati Bengals,home,17,16,WR,0,0.0,0,0,0,0,0,0,0,0,0,8,5,52,1,0
2025,1,"63 degrees, relative humidity 49%, wind 10 mph",Cleveland Browns,Cincinnati Bengals,David Njoku,CLE,Cincinnati Bengals,home,17,16,TE,0,0.0,0,0,0,0,0,0,0,0,0,6,3,37,0,0
2025,1,"63 degrees, relative humidity 49%, wind 10 mph",Cleveland Browns,Cincinnati Bengals,Dylan Sampson,CLE,Cincinnati Bengals,home,17,16,RB,12,17.391304347826086,0,0,0,0,0,0,12,29,0,8,8,64,0,0
2025,1,"63 degrees, relative humidity 49%, wind 10 mph",Cleveland Browns,Cincinnati Bengals,Harold Fannin,CLE,Cincinnati Bengals,home,17,16,TE,1,1.4492753623188406,0,0,0,0,0,0,1,3,0,9,7,63,0,0
2025,1,"63 degrees, relative humidity 49%, wind 10 mph",Cleveland Browns,Cincinnati Bengals,Isaiah Bond,CLE,Cincinnati Bengals,home,17,16,WR,0,0.0,0,0,0,0,0,0,0,0,0,1,1,5,0,0
2025,1,"63 degrees, relative humidity 49%, wind 10 mph",Cleveland Browns,Cincinnati Bengals,Jamari Thrash,CLE,Cincinnati Bengals,home,17,16,WR,0,0.0,0,0,0,0,0,0,0,0,0,1,1,6,0,0
2025,1,"63 degrees, relative humidity 49%, wind 10 mph",Cleveland Browns,Cincinnati Bengals,Jerome Ford,CLE,Cincinnati Bengals,home,17,16,RB,6,8.695652173913043,0,0,0,0,0,0,6,8,0,1,1,-3,0,0
2025,1,"63 degrees, relative humidity 49%, wind 10 mph",Cleveland Browns,Cincinnati Bengals,Jerry Jeudy,CLE,Cincinnati Bengals,home,17,16,WR,0,0.0,0,0,0,0,0,0,0,0,0,8,5,66,0,0
2025,1,"63 degrees, relative humidity 49%, wind 10 mph",Cleveland Browns,Cincinnati Bengals,Joe Flacco,CLE,Cincinnati Bengals,home,17,16,QB,47,68.11594202898551,31,45,290,1,2,2,2,6,0,0,0,0,0,0
2025,1,"63 degrees, relative humidity 49%, wind 10 mph",Cleveland Browns,Cincinnati Bengals,Raheim Sanders,CLE,Cincinnati Bengals,home,17,16,RB,3,4.3478260869565215,0,0,0,0,0,0,3,3,1,0,0,0,0,0
2025,1,"75 degrees, relative humidity 66%, wind 11 mph",Dallas Cowboys,Philadelphia Eagles,Brevyn Spann-Ford,DAL,Philadelphia Eagles,home,20,24,TE,0,0.0,0,0,0,0,0,0,0,0,0,1,0,0,0,0
2025,1,"75 degrees, relative humidity 66%, wind 11 mph",Dallas Cowboys,Philadelphia Eagles,CeeDee Lamb,DAL,Philadelphia Eagles,home,20,24,WR,0,0.0,0,0,0,0,0,0,0,0,0,13,7,110,0,0
2025,1,"75 degrees, relative humidity 66%, wind 11 mph",Dallas Cowboys,Philadelphia Eagles,Dak Prescott,DAL,Philadelphia Eagles,home,20,24,QB,35,62.5,21,34,188,0,0,0,1,3,0,0,0,0,0,0
2025,1,"75 degrees, relative humidity 66%, wind 11 mph",Dallas Cowboys,Philadelphia Eagles,George Pickens,DAL,Philadelphia Eagles,home,20,24,WR,0,0.0,0,0,0,0,0,0,0,0,0,4,3,30,0,0
2025,1,"75 degrees, relative humidity 66%, wind 11 mph",Dallas Cowboys,Philadelphia Eagles,Jake Ferguson,DAL,Philadelphia Eagles,home,20,24,TE,0,0.0,0,0,0,0,0,0,0,0,0,6,5,23,0,0
2025,1,"75 degrees, relative humidity 66%, wind 11 mph",Dallas Cowboys,Philadelphia Eagles,Jalen Tolbert,DAL,Philadelphia Eagles,home,20,24,WR,0,0.0,0,0,0,0,0,0,0,0,0,2,1,0,0,0
2025,1,"75 degrees, relative humidity 66%, wind 11 mph",Dallas Cowboys,Philadelphia Eagles,Javonte Williams,DAL,Philadelphia Eagles,home,20,24,RB,15,26.785714285714285,0,0,0,0,0,0,15,54,2,3,2,10,0,0
2025,1,"75 degrees, relative humidity 66%, wind 11 mph",Dallas Cowboys,Philadelphia Eagles,KaVontae Turpin,DAL,Philadelphia Eagles,home,20,24,WR,2,3.571428571428571,0,0,0,0,0,0,2,9,0,2,2,18,0,0
2025,1,"75 degrees, relative humidity 66%, wind 11 mph",Dallas Cowboys,Philadelphia Eagles,Luke Schoonmaker,DAL,Philadelphia Eagles,home,20,24,TE,0,0.0,0,0,0,0,0,0,0,0,0,1,0,0,0,0
2025,1,"75 degrees, relative humidity 66%, wind 11 mph",Dallas Cowboys,Philadelphia Eagles,Miles Sanders,DAL,Philadelphia Eagles,home,20,24,RB,4,7.142857142857142,0,0,0,0,0,0,4,53,0,1,1,-3,0,1
2025,1,"84 degrees, relative humidity 24%, wind 6 mph",Tennessee Titans,Denver Broncos,Adam Prentice,DEN,Tennessee Titans,away,20,12,FB,0,0.0,0,0,0,0,0,0,0,0,0,1,1,4,0,0
2025,1,"84 degrees, relative humidity 24%, wind 6 mph",Tennessee Titans,Denver Broncos,Adam Trautman,DEN,Tennessee Titans,away,20,12,TE,0,0.0,0,0,0,0,0,0,0,0,0,1,1,5,0,0
2025,1,"84 degrees, relative humidity 24%, wind 6 mph",Tennessee Titans,Denver Broncos,Bo Nix,DEN,Tennessee Titans,away,20,12,QB,48,68.57142857142857,25,40,176,1,2,1,8,18,0,0,0,0,0,1
2025,1,"84 degrees, relative humidity 24%, wind 6 mph",Tennessee Titans,Denver Broncos,Courtland Sutton,DEN,Tennessee Titans,away,20,12,WR,0,0.0,0,0,0,0,0,0,0,0,0,9,6,61,1,0
2025,1,"84 degrees, relative humidity 24%, wind 6 mph",Tennessee Titans,Denver Broncos,Evan Engram,DEN,Tennessee Titans,away,20,12,TE,0,0.0,0,0,0,0,0,0,0,0,0,4,3,21,0,0
2025,1,"84 degrees, relative humidity 24%, wind 6 mph",Tennessee Titans,Denver Broncos,J.K. Dobbins,DEN,Tennessee Titans,away,20,12,RB,16,22.857142857142858,0,0,0,0,0,0,16,63,1,2,2,5,0,0
2025,1,"84 degrees, relative humidity 24%, wind 6 mph",Tennessee Titans,Denver Broncos,Lucas Krull,DEN,Tennessee Titans,away,20,12,TE,0,0.0,0,0,0,0,0,0,0,0,0,2,1,6,0,0
2025,1,"84 degrees, relative humidity 24%, wind 6 mph",Tennessee Titans,Denver Broncos,Marvin Mims,DEN,Tennessee Titans,away,20,12,WR,0,0.0,0,0,0,0,0,0,0,0,0,4,3,12,0,1
2025,1,"84 degrees, relative humidity 24%, wind 6 mph",Tennessee Titans,Denver Broncos,RJ Harvey,DEN,Tennessee Titans,away,20,12,RB,6,8.571428571428571,0,0,0,0,0,0,6,70,0,1,1,-1,0,0
2025,1,"84 degrees, relative humidity 24%, wind 6 mph",Tennessee Titans,Denver Broncos,Trent Sherfield,DEN,Tennessee Titans,away,20,12,WR,0,0.0,0,0,0,0,0,0,0,0,0,1,1,3,0,0
2025,1,"84 degrees, relative humidity 24%, wind 6 mph",Tennessee Titans,Denver Broncos,Troy Franklin,DEN,Tennessee Titans,away,20,12,WR,0,0.0,0,0,0,0,0,0,0,0,0,6,4,44,0,0
2025,1,"84 degrees, relative humidity 24%, wind 6 mph",Tennessee Titans,Denver Broncos,Tyler Badie,DEN,Tennessee Titans,away,20,12,RB,0,0.0,0,0,0,0,0,0,0,0,0,6,2,16,0,0
2025,1,"60 degrees, relative humidity 76%, wind 5 mph",Detroit Lions,Green Bay Packers,Amon-Ra St. Brown,DET,Green Bay Packers,home,13,27,WR,0,0.0,0,0,0,0,0,0,0,0,0,6,4,45,0,0
2025,1,"60 degrees, relative humidity 76%, wind 5 mph",Detroit Lions,Green Bay Packers,David Montgomery,DET,Green Bay Packers,home,13,27,RB,11,18.0327868852459,0,0,0,0,0,0,11,25,0,4,4,18,0,0
2025,1,"60 degrees, relative humidity 76%, wind 5 mph",Detroit Lions,Green Bay Packers,Isaac TeSlaa,DET,Green Bay Packers,home,13,27,WR,0,0.0,0,0,0,0,0,0,0,0,0,1,1,13,1,0
2025,1,"60 degrees, relative humidity 76%, wind 5 mph",Detroit Lions,Green Bay Packers,Jahmyr Gibbs,DET,Green Bay Packers,home,13,27,RB,9,14.754098360655737,0,0,0,0,0,0,9,19,0,10,10,31,0,0
2025,1,"60 degrees, relative humidity 76%, wind 5 mph",Detroit Lions,Green Bay Packers,Jameson Williams,DET,Green Bay Packers,home,13,27,WR,1,1.639344262295082,0,0,0,0,0,0,1,3,0,5,4,23,0,0
2025,1,"60 degrees, relative humidity 76%, wind 5 mph",Detroit Lions,Green Bay Packers,Jared Goff,DET,Green Bay Packers,home,13,27,QB,40,65.57377049180327,31,39,225,1,1,4,1,-1,0,0,0,0,0,0
2025,1,"60 degrees, relative humidity 76%, wind 5 mph",Detroit Lions,Green Bay Packers,Kalif Raymond,DET,Green Bay Packers,home,13,27,WR,0,0.0,0,0,0,0,0,0,0,0,0,3,2,16,0,0
2025,1,"60 degrees, relative humidity 76%, wind 5 mph",Detroit Lions,Green Bay Packers,Sam LaPorta,DET,Green Bay Packers,home,13,27,TE,0,0.0,0,0,0,0,0,0,0,0,0,9,6,79,0,0
2025,1,"60 degrees, relative humidity 76%, wind 5 mph",Detroit Lions,Green Bay Packers,Chris Brooks,GNB,Detroit Lions,away,27,13,RB,1,2.127659574468085,0,0,0,0,0,0,1,1,0,1,1,2,0,0
2025,1,"60 degrees, relative humidity 76%, wind 5 mph",Detroit Lions,Green Bay Packers,Dontayvion Wicks,GNB,Detroit Lions,away,27,13,WR,0,0.0,0,0,0,0,0,0,0,0,0,2,2,30,0,0
2025,1,"60 degrees, relative humidity 76%, wind 5 mph",Detroit Lions,Green Bay Packers,Emanuel Wilson,GNB,Detroit Lions,away,27,13,RB,1,2.127659574468085,0,0,0,0,0,0,1,4,0,0,0,0,0,0
2025,1,"60 degrees, relative humidity 76%, wind 5 mph",Detroit Lions,Green Bay Packers,Jayden Reed,GNB,Detroit Lions,away,27,13,WR,0,0.0,0,0,0,0,0,0,0,0,0,5,3,45,1,0
2025,1,"60 degrees, relative humidity 76%, wind 5 mph",Detroit Lions,Green Bay Packers,John FitzPatrick,GNB,Detroit Lions,away,27,13,TE,0,0.0,0,0,0,0,0,0,0,0,0,1,1,2,0,0
2025,1,"60 degrees, relative humidity 76%, wind 5 mph",Detroit Lions,Green Bay Packers,Jordan Love,GNB,Detroit Lions,away,27,13,QB,25,53.191489361702125,16,22,188,2,0,0,3,4,0,0,0,0,0,0
2025,1,"60 degrees, relative humidity 76%, wind 5 mph",Detroit Lions,Green Bay Packers,Josh Jacobs,GNB,Detroit Lions,away,27,13,RB,19,40.42553191489361,0,0,0,0,0,0,19,66,1,1,1,4,0,0
2025,1,"60 degrees, relative humidity 76%, wind 5 mph",Detroit Lions,Green Bay Packers,Luke Musgrave,GNB,Detroit Lions,away,27,13,TE,0,0.0,0,0,0,0,0,0,0,0,0,1,1,4,0,0
2025,1,"60 degrees, relative humidity 76%, wind 5 mph",Detroit Lions,Green Bay Packers,Matthew Golden,GNB,Detroit Lions,away,27,13,WR,0,0.0,0,0,0,0,0,0,0,0,0,2,2,16,0,0
2025,1,"60 degrees, relative humidity 76%, wind 5 mph",Detroit Lions,Green Bay Packers,Romeo Doubs,GNB,Detroit Lions,away,27,13,WR,0,0.0,0,0,0,0,0,0,0,0,0,4,2,68,0,0
2025,1,"60 degrees, relative humidity 76%, wind 5 mph",Detroit Lions,Green Bay Packers,Savion Williams,GNB,Detroit Lions,away,27,13,WR,0,0.0,0,0,0,0,0,0,0,0,0,1,1,1,0,0
2025,1,"60 degrees, relative humidity 76%, wind 5 mph",Detroit Lions,Green Bay Packers,Tucker Kraft,GNB,Detroit Lions,away,27,13,TE,1,2.127659574468085,0,0,0,0,0,0,1,3,0,4,2,16,1,0
2025,1,,Houston Texans,Los Angeles Rams,C.J. Stroud,HOU,Los Angeles Rams,home,9,14,QB,32,59.25925925925925,19,27,188,0,1,3,5,32,0,0,0,0,0,0
2025,1,,Houston Texans,Los Angeles Rams,Cade Stover,HOU,Los Angeles Rams,home,9,14,TE,0,0.0,0,0,0,0,0,0,0,0,0,4,4,22,0,0
2025,1,,Houston Texans,Los Angeles Rams,Dalton Schultz,HOU,Los Angeles Rams,home,9,14,TE,0,0.0,0,0,0,0,0,0,0,0,0,5,3,28,0,0
2025,1,,Houston Texans,Los Angeles Rams,Dameon Pierce,HOU,Los Angeles Rams,home,9,14,RB,3,5.555555555555555,0,0,0,0,0,0,3,5,0,1,0,0,0,0
2025,1,,Houston Texans,Los Angeles Rams,Dare Ogunbowale,HOU,Los Angeles Rams,home,9,14,RB,2,3.7037037037037033,0,0,0,0,0,0,2,9,0,2,2,17,0,1
2025,1,,Houston Texans,Los Angeles Rams,Jayden Higgins,HOU,Los Angeles Rams,home,9,14,WR,0,0.0,0,0,0,0,0,0,0,0,0,3,2,32,0,0
2025,1,,Houston Texans,Los Angeles Rams,Jaylin Noel,HOU,Los Angeles Rams,home,9,14,WR,0,0.0,0,0,0,0,0,0,0,0,0,2,1,7,0,0
2025,1,,Houston Texans,Los Angeles Rams,Justin Watson,HOU,Los Angeles Rams,home,9,14,WR,0,0.0,0,0,0,0,0,0,0,0,0,2,2,27,0,0
2025,1,,Houston Texans,Los Angeles Rams,Nick Chubb,HOU,Los Angeles Rams,home,9,14,RB,13,24.074074074074073,0,0,0,0,0,0,13,60,0,1,0,0,0,0
2025,1,,Houston Texans,Los Angeles Rams,Nico Collins,HOU,Los Angeles Rams,home,9,14,WR,0,0.0,0,0,0,0,0,0,0,0,0,5,3,25,0,0
2025,1,,Houston Texans,Los Angeles Rams,Woody Marks,HOU,Los Angeles Rams,home,9,14,RB,3,5.555555555555555,0,0,0,0,0,0,3,3,0,0,0,0,0,0
2025,1,,Houston Texans,Los Angeles Rams,Xavier Hutchinson,HOU,Los Angeles Rams,home,9,14,WR,1,1.8518518518518516,0,0,0,0,0,0,1,5,0,2,2,30,0,0
2025,1,,Miami Dolphins,Indianapolis Colts,Adonai Mitchell,IND,Miami Dolphins,away,33,8,WR,0,0.0,0,0,0,0,0,0,0,0,0,2,2,21,0,0
2025,1,,Miami Dolphins,Indianapolis Colts,Alec Pierce,IND,Miami Dolphins,away,33,8,WR,0,0.0,0,0,0,0,0,0,0,0,0,3,1,36,0,0
2025,1,,Miami Dolphins,Indianapolis Colts,Ashton Dulin,IND,Miami Dolphins,away,33,8,WR,1,1.4492753623188406,0,0,0,0,0,0,1,15,0,0,0,0,0,0
2025,1,,Miami Dolphins,Indianapolis Colts,DJ Giddens,IND,Miami Dolphins,away,33,8,RB,12,17.391304347826086,0,0,0,0,0,0,12,41,0,0,0,0,0,0
2025,1,,Miami Dolphins,Indianapolis Colts,Daniel Jones,IND,Miami Dolphins,away,33,8,QB,36,52.17391304347826,22,29,272,1,0,1,7,26,2,0,0,0,0,0
2025,1,,Miami Dolphins,Indianapolis Colts,Jonathan Taylor,IND,Miami Dolphins,away,33,8,RB,18,26.08695652173913,0,0,0,0,0,0,18,71,0,3,3,27,0,0
2025,1,,Miami Dolphins,Indianapolis Colts,Josh Downs,IND,Miami Dolphins,away,33,8,WR,0,0.0,0,0,0,0,0,0,0,0,0,3,2,12,0,0
2025,1,,Miami Dolphins,Indianapolis Colts,Michael Pittman Jr.,IND,Miami Dolphins,away,33,8,WR,0,0.0,0,0,0,0,0,0,0,0,0,8,6,80,1,0
2025,1,,Miami Dolphins,Indianapolis Colts,Mo Alie-Cox,IND,Miami Dolphins,away,33,8,TE,0,0.0,0,0,0,0,0,0,0,0,0,1,1,20,0,0
2025,1,,Miami Dolphins,Indianapolis Colts,Tyler Warren,IND,Miami Dolphins,away,33,8,TE,1,1.4492753623188406,0,0,0,0,0,0,1,3,0,9,7,76,0,0
2025,1,,Miami Dolphins,Indianapolis Colts,Ulysses Bentley,IND,Miami Dolphins,away,33,8,RB,1,1.4492753623188406,0,0,0,0,0,0,1,0,0,0,0,0,0,0
2025,1,"85 degrees, relative humidity 71%, wind 3 mph",Carolina Panthers,Jacksonville Jaguars,Bhayshul Tuten,JAX,Carolina Panthers,away,26,10,RB,3,4.761904761904762,0,0,0,0,0,0,3,11,0,0,0,0,0,0
2025,1,"85 degrees, relative humidity 71%, wind 3 mph",Carolina Panthers,Jacksonville Jaguars,Brenton Strange,JAX,Carolina Panthers,away,26,10,TE,0,0.0,0,0,0,0,0,0,0,0,0,4,4,59,0,0
2025,1,"85 degrees, relative humidity 71%, wind 3 mph",Carolina Panthers,Jacksonville Jaguars,Brian Thomas,JAX,Carolina Panthers,away,26,10,WR,1,1.5873015873015872,0,0,0,0,0,0,1,9,1,7,1,11,0,0
2025,1,"85 degrees, relative humidity 71%, wind 3 mph",Carolina Panthers,Jacksonville Jaguars,Dyami Brown,JAX,Carolina Panthers,away,26,10,WR,2,3.1746031746031744,0,0,0,0,0,0,2,6,0,4,3,52,0,0
2025,1,"85 degrees, relative humidity 71%, wind 3 mph",Carolina Panthers,Jacksonville Jaguars,Hunter Long,JAX,Carolina Panthers,away,26,10,TE,0,0.0,0,0,0,0,0,0,0,0,0,1,1,6,1,0
2025,1,"85 degrees, relative humidity 71%, wind 3 mph",Carolina Panthers,Jacksonville Jaguars,Johnny Mundt,JAX,Carolina Panthers,away,26,10,TE,0,0.0,0,0,0,0,0,0,0,0,0,1,0,0,0,0
2025,1,"85 degrees, relative humidity 71%, wind 3 mph",Carolina Panthers,Jacksonville Jaguars,LeQuint Allen,JAX,Carolina Panthers,away,26,10,RB,1,1.5873015873015872,0,0,0,0,0,0,1,7,0,1,1,4,0,0
2025,1,"85 degrees, relative humidity 71%, wind 3 mph",Carolina Panthers,Jacksonville Jaguars,Tank Bigsby,JAX,Carolina Panthers,away,26,10,RB,5,7.936507936507936,0,0,0,0,0,0,5,12,0,0,0,0,0,0
2025,1,"85 degrees, relative humidity 71%, wind 3 mph",Carolina Panthers,Jacksonville Jaguars,Travis Etienne,JAX,Carolina Panthers,away,26,10,RB,16,25.396825396825395,0,0,0,0,0,0,16,143,0,3,3,13,0,0
2025,1,"85 degrees, relative humidity 71%, wind 3 mph",Carolina Panthers,Jacksonville Jaguars,Travis Hunter,JAX,Carolina Panthers,away,26,10,WR,0,0.0,0,0,0,0,0,0,0,0,0,8,6,33,0,0
2025,1,"85 degrees, relative humidity 71%, wind 3 mph",Carolina Panthers,Jacksonville Jaguars,Trevor Lawrence,JAX,Carolina Panthers,away,26,10,QB,35,55.55555555555556,19,31,178,1,1,0,4,12,0,0,0,0,0,0
2025,1,"62 degrees, relative humidity 80%, wind 7 mph",Kansas City Chiefs,Los Angeles Chargers,Isiah Pacheco,KAN,Kansas City Chiefs,away,27,21,RB,5,8.928571428571429,0,0,0,0,0,0,5,25,0,3,2,3,0,0
2025,1,"62 degrees, relative humidity 80%, wind 7 mph",Kansas City Chiefs,Los Angeles Chargers,Jason Brownlee,KAN,Kansas City Chiefs,away,27,21,WR,0,0.0,0,0,0,0,0,0,0,0,0,1,0,0,0,0
2025,1,"62 degrees, relative humidity 80%, wind 7 mph",Kansas City Chiefs,Los Angeles Chargers,JuJu Smith-Schuster,KAN,Kansas City Chiefs,away,27,21,WR,0,0.0,0,0,0,0,0,0,0,0,0,5,5,55,0,0
2025,1,"62 degrees, relative humidity 80%, wind 7 mph",Kansas City Chiefs,Los Angeles Chargers,Kareem Hunt,KAN,Kansas City Chiefs,away,27,21,RB,5,8.928571428571429,0,0,0,0,0,0,5,16,0,3,2,10,0,0
2025,1,"62 degrees, relative humidity 80%, wind 7 mph",Kansas City Chiefs,Los Angeles Chargers,Marquise Brown,KAN,Kansas City Chiefs,away,27,21,WR,0,0.0,0,0,0,0,0,0,0,0,0,16,10,99,0,0
2025,1,"62 degrees, relative humidity 80%, wind 7 mph",Kansas City Chiefs,Los Angeles Chargers,Noah Gray,KAN,Kansas City Chiefs,away,27,21,TE,0,0.0,0,0,0,0,0,0,0,0,0,1,1,3,0,0
2025,1,"62 degrees, relative humidity 80%, wind 7 mph",Kansas City Chiefs,Los Angeles Chargers,Patrick Mahomes,KAN,Kansas City Chiefs,away,27,21,QB,45,80.35714285714286,24,39,258,1,0,2,6,57,1,0,0,0,0,0
2025,1,"62 degrees, relative humidity 80%, wind 7 mph",Kansas City Chiefs,Los Angeles Chargers,Travis Kelce,KAN,Kansas City Chiefs,away,27,21,TE,0,0.0,0,0,0,0,0,0,0,0,0,4,2,47,1,0
2025,1,"62 degrees, relative humidity 80%, wind 7 mph",Kansas City Chiefs,Los Angeles Chargers,Tyquan Thornton,KAN,Kansas City Chiefs,away,27,21,WR,0,0.0,0,0,0,0,0,0,0,0,0,4,2,41,0,0
2025,1,"62 degrees, relative humidity 80%, wind 7 mph",Kansas City Chiefs,Los Angeles Chargers,Xavier Worthy,KAN,Kansas City Chiefs,away,27,21,WR,1,1.7857142857142856,0,0,0,0,0,0,1,0,0,1,0,0,0,0
2025,1,"62 degrees, relative humidity 80%, wind 7 mph",Kansas City Chiefs,Los Angeles Chargers,Derius Davis,LAC,Kansas City Chiefs,away,27,21,WR,1,1.694915254237288,0,0,0,0,0,0,1,3,0,0,0,0,0,0
2025,1,"62 degrees, relative humidity 80%, wind 7 mph",Kansas City Chiefs,Los Angeles Chargers,Justin Herbert,LAC,Kansas City Chiefs,away,27,21,QB,41,69.49152542372882,25,34,318,3,0,3,7,32,0,0,0,0,0,0
2025,1,"62 degrees, relative humidity 80%, wind 7 mph",Kansas City Chiefs,Los Angeles Chargers,KeAndre Lambert-Smith,LAC,Kansas City Chiefs,away,27,21,WR,0,0.0,0,0,0,0,0,0,0,0,0,1,0,0,0,0
2025,1,"62 degrees, relative humidity 80%, wind 7 mph",Kansas City Chiefs,Los Angeles Chargers,Keenan Allen,LAC,Kansas City Chiefs,away,27,21,WR,0,0.0,0,0,0,0,0,0,0,0,0,10,7,68,1,0
2025,1,"62 degrees, relative humidity 80%, wind 7 mph",Kansas City Chiefs,Los Angeles Chargers,Ladd McConkey,LAC,Kansas City Chiefs,away,27,21,WR,0,0.0,0,0,0,0,0,0,0,0,0,9,6,74,0,0
2025,1,"62 degrees, relative humidity 80%, wind 7 mph",Kansas City Chiefs,Los Angeles Chargers,Najee Harris,LAC,Kansas City Chiefs,away,27,21,RB,1,1.694915254237288,0,0,0,0,0,0,1,5,0,1,1,5,0,0
2025,1,"62 degrees, relative humidity 80%, wind 7 mph",Kansas City Chiefs,Los Angeles Chargers,Omarion Hampton,LAC,Kansas City Chiefs,away,27,21,RB,15,25.423728813559322,0,0,0,0,0,0,15,48,0,2,2,13,0,0
2025,1,"62 degrees, relative humidity 80%, wind 7 mph",Kansas City Chiefs,Los Angeles Chargers,Quentin Johnston,LAC,Kansas City Chiefs,away,27,21,WR,0,0.0,0,0,0,0,0,0,0,0,0,7,5,79,2,0
2025,1,"62 degrees, relative humidity 80%, wind 7 mph",Kansas City Chiefs,Los Angeles Chargers,Tre Harris,LAC,Kansas City Chiefs,away,27,21,WR,0,0.0,0,0,0,0,0,0,0,0,0,1,1,11,0,0
2025,1,"62 degrees, relative humidity 80%, wind 7 mph",Kansas City Chiefs,Los Angeles Chargers,Tyler Conklin,LAC,Kansas City Chiefs,away,27,21,TE,1,1.694915254237288,0,0,0,0,0,0,1,2,0,2,2,50,0,1
2025,1,"62 degrees, relative humidity 80%, wind 7 mph",Kansas City Chiefs,Los Angeles Chargers,Will Dissly,LAC,Kansas City Chiefs,away,27,21,TE,0,0.0,0,0,0,0,0,0,0,0,0,1,1,18,0,0
2025,1,,Houston Texans,Los Angeles Rams,Blake Corum,LAR,Houston Texans,away,14,9,RB,1,1.8518518518518516,0,0,0,0,0,0,1,2,0,1,1,14,0,0
2025,1,,Houston Texans,Los Angeles Rams,Colby Parkinson,LAR,Houston Texans,away,14,9,TE,0,0.0,0,0,0,0,0,0,0,0,0,2,2,-6,0,1
2025,1,,Houston Texans,Los Angeles Rams,Davante Adams,LAR,Houston Texans,away,14,9,WR,0,0.0,0,0,0,0,0,0,0,0,0,8,4,51,0,0
2025,1,,Houston Texans,Los Angeles Rams,Davis Allen,LAR,Houston Texans,away,14,9,TE,0,0.0,0,0,0,0,0,0,0,0,0,2,1,13,1,0
2025,1,,Houston Texans,Los Angeles Rams,Jordan Whittington,LAR,Houston Texans,away,14,9,WR,1,1.8518518518518516,0,0,0,0,0,0,1,5,0,0,0,0,0,0
2025,1,,Houston Texans,Los Angeles Rams,Kyren Williams,LAR,Houston Texans,away,14,9,RB,18,33.33333333333333,0,0,0,0,0,0,18,66,1,2,1,3,0,0
2025,1,,Houston Texans,Los Angeles Rams,Matthew Stafford,LAR,Houston Texans,away,14,9,QB,33,61.111111111111114,21,29,245,1,0,3,4,-2,0,0,0,0,0,1
2025,1,,Houston Texans,Los Angeles Rams,Puka Nacua,LAR,Houston Texans,away,14,9,WR,1,1.8518518518518516,0,0,0,0,0,0,1,1,0,11,10,130,0,0
2025,1,,Houston Texans,Los Angeles Rams,Tutu Atwell,LAR,Houston Texans,away,14,9,WR,0,0.0,0,0,0,0,0,0,0,0,0,1,1,4,0,0
2025,1,,Houston Texans,Los Angeles Rams,Xavier Smith,LAR,Houston Texans,away,14,9,WR,0,0.0,0,0,0,0,0,0,0,0,0,1,1,36,0,0
2025,1,"62 degrees, relative humidity 86%, wind 4 mph",New England Patriots,Las Vegas Raiders,Alex Bachman,LVR,New England Patriots,away,13,20,WR,0,0.0,0,0,0,0,0,0,0,0,0,1,0,0,0,0
2025,1,"62 degrees, relative humidity 86%, wind 4 mph",New England Patriots,Las Vegas Raiders,Ashton Jeanty,LVR,New England Patriots,away,13,20,RB,19,32.758620689655174,0,0,0,0,0,0,19,38,1,2,2,2,0,0
2025,1,"62 degrees, relative humidity 86%, wind 4 mph",New England Patriots,Las Vegas Raiders,Brock Bowers,LVR,New England Patriots,away,13,20,TE,0,0.0,0,0,0,0,0,0,0,0,0,8,5,103,0,0
2025,1,"62 degrees, relative humidity 86%, wind 4 mph",New England Patriots,Las Vegas Raiders,Dont'e Thornton,LVR,New England Patriots,away,13,20,WR,0,0.0,0,0,0,0,0,0,0,0,0,4,2,45,0,0
2025,1,"62 degrees, relative humidity 86%, wind 4 mph",New England Patriots,Las Vegas Raiders,Geno Smith,LVR,New England Patriots,away,13,20,QB,36,62.06896551724138,24,34,362,1,1,4,2,10,0,0,0,0,0,0
2025,1,"62 degrees, relative humidity 86%, wind 4 mph",New England Patriots,Las Vegas Raiders,Jack Bech,LVR,New England Patriots,away,13,20,WR,0,0.0,0,0,0,0,0,0,0,0,0,1,1,23,0,0
2025,1,"62 degrees, relative humidity 86%, wind 4 mph",New England Patriots,Las Vegas Raiders,Jakobi Meyers,LVR,New England Patriots,away,13,20,WR,0,0.0,0,0,0,0,0,0,0,0,0,10,8,97,0,0
2025,1,"62 degrees, relative humidity 86%, wind 4 mph",New England Patriots,Las Vegas Raiders,Michael Mayer,LVR,New England Patriots,away,13,20,TE,0,0.0,0,0,0,0,0,0,0,0,0,4,4,38,0,0
2025,1,"62 degrees, relative humidity 86%, wind 4 mph",New England Patriots,Las Vegas Raiders,Tre Tucker,LVR,New England Patriots,away,13,20,WR,0,0.0,0,0,0,0,0,0,0,0,0,3,2,54,1,0
2025,1,"62 degrees, relative humidity 86%, wind 4 mph",New England Patriots,Las Vegas Raiders,Zamir White,LVR,New England Patriots,away,13,20,RB,3,5.172413793103448,0,0,0,0,0,0,3,8,0,0,0,0,0,0
2025,1,,Miami Dolphins,Indianapolis Colts,Alec Ingold,MIA,Indianapolis Colts,home,8,33,FB,0,0.0,0,0,0,0,0,0,0,0,0,2,1,1,0,0
2025,1,,Miami Dolphins,Indianapolis Colts,D'Wayne Eskridge,MIA,Indianapolis Colts,home,8,33,WR,0,0.0,0,0,0,0,0,0,0,0,0,2,1,9,0,0
2025,1,,Miami Dolphins,Indianapolis Colts,De'Von Achane,MIA,Indianapolis Colts,home,8,33,RB,7,16.27906976744186,0,0,0,0,0,0,7,55,0,4,3,20,1,0
2025,1,,Miami Dolphins,Indianapolis Colts,Jaylen Waddle,MIA,Indianapolis Colts,home,8,33,WR,0,0.0,0,0,0,0,0,0,0,0,0,5,4,30,0,0
2025,1,,Miami Dolphins,Indianapolis Colts,Malik Washington,MIA,Indianapolis Colts,home,8,33,WR,1,2.3255813953488373,0,0,0,0,0,0,1,9,0,5,2,20,0,0
2025,1,,Miami Dolphins,Indianapolis Colts,Nick Westbrook-Ikhine,MIA,Indianapolis Colts,home,8,33,WR,0,0.0,0,0,0,0,0,0,0,0,0,2,1,7,0,0
2025,1,,Miami Dolphins,Indianapolis Colts,Ollie Gordon,MIA,Indianapolis Colts,home,8,33,RB,2,4.651162790697675,0,0,0,0,0,0,2,4,0,1,1,-1,0,0
2025,1,,Miami Dolphins,Indianapolis Colts,Tanner Conner,MIA,Indianapolis Colts,home,8,33,TE,0,0.0,0,0,0,0,0,0,0,0,0,4,2,20,0,0
2025,1,,Miami Dolphins,Indianapolis Colts,Tua Tagovailoa,MIA,Indianapolis Colts,home,8,33,QB,24,55.81395348837209,14,23,114,1,2,3,1,7,0,0,0,0,0,1
2025,1,,Miami Dolphins,Indianapolis Colts,Tyreek Hill,MIA,Indianapolis Colts,home,8,33,WR,0,0.0,0,0,0,0,0,0,0,0,0,6,4,40,0,0
2025,1,,Miami Dolphins,Indianapolis Colts,Zach Wilson,MIA,Indianapolis Colts,home,8,33,QB,9,20.930232558139537,5,8,32,0,0,0,1,3,0,0,0,0,0,0
2025,1,"68 degrees, relative humidity 38%, wind 6 mph",Chicago Bears,Minnesota Vikings,Aaron Jones,MIN,Chicago Bears,away,24,27,RB,8,17.391304347826086,0,0,0,0,0,0,8,23,0,3,3,44,1,0
2025,1,"68 degrees, relative humidity 38%, wind 6 mph",Chicago Bears,Minnesota Vikings,Adam Thielen,MIN,Chicago Bears,away,24,27,WR,0,0.0,0,0,0,0,0,0,0,0,0,1,0,0,0,0
2025,1,"68 degrees, relative humidity 38%, wind 6 mph",Chicago Bears,Minnesota Vikings,J.J. McCarthy,MIN,Chicago Bears,away,24,27,QB,22,47.82608695652174,13,20,143,2,1,3,2,25,1,0,0,0,0,0
2025,1,"68 degrees, relative humidity 38%, wind 6 mph",Chicago Bears,Minnesota Vikings,Jalen Nailor,MIN,Chicago Bears,away,24,27,WR,0,0.0,0,0,0,0,0,0,0,0,0,3,1,28,0,0
2025,1,"68 degrees, relative humidity 38%, wind 6 mph",Chicago Bears,Minnesota Vikings,Jordan Mason,MIN,Chicago Bears,away,24,27,RB,15,32.608695652173914,0,0,0,0,0,0,15,68,0,1,1,7,0,0
2025,1,"68 degrees, relative humidity 38%, wind 6 mph",Chicago Bears,Minnesota Vikings,Josh Oliver,MIN,Chicago Bears,away,24,27,TE,0,0.0,0,0,0,0,0,0,0,0,0,1,1,5,0,0
2025,1,"68 degrees, relative humidity 38%, wind 6 mph",Chicago Bears,Minnesota Vikings,Justin Jefferson,MIN,Chicago Bears,away,24,27,WR,1,2.1739130434782608,0,0,0,0,0,0,1,4,0,7,4,44,1,0
2025,1,"68 degrees, relative humidity 38%, wind 6 mph",Chicago Bears,Minnesota Vikings,T.J. Hockenson,MIN,Chicago Bears,away,24,27,TE,0,0.0,0,0,0,0,0,0,0,0,0,4,3,15,0,0
2025,1,,New Orleans Saints,Arizona Cardinals,Alvin Kamara,NOR,New Orleans Saints,away,13,20,RB,11,16.176470588235293,0,0,0,0,0,0,11,45,1,2,2,12,0,0
2025,1,,New Orleans Saints,Arizona Cardinals,Brandin Cooks,NOR,New Orleans Saints,away,13,20,WR,0,0.0,0,0,0,0,0,0,0,0,0,4,3,26,0,0
2025,1,,New Orleans Saints,Arizona Cardinals,Chris Olave,NOR,New Orleans Saints,away,13,20,WR,0,0.0,0,0,0,0,0,0,0,0,0,13,7,54,0,0
2025,1,,New Orleans Saints,Arizona Cardinals,Devaughn Vele,NOR,New Orleans Saints,away,13,20,WR,0,0.0,0,0,0,0,0,0,0,0,0,2,1,13,0,0
2025,1,,New Orleans Saints,Arizona Cardinals,Devin Neal,NOR,New Orleans Saints,away,13,20,RB,2,2.941176470588235,0,0,0,0,0,0,2,9,0,0,0,0,0,0
2025,1,,New Orleans Saints,Arizona Cardinals,Juwan Johnson,NOR,New Orleans Saints,away,13,20,TE,0,0.0,0,0,0,0,0,0,0,0,0,11,8,76,0,0
2025,1,,New Orleans Saints,Arizona Cardinals,Kendre Miller,NOR,New Orleans Saints,away,13,20,RB,5,7.352941176470589,0,0,0,0,0,0,5,24,0,0,0,0,0,0
2025,1,,New Orleans Saints,Arizona Cardinals,Rashid Shaheed,NOR,New Orleans Saints,away,13,20,WR,0,0.0,0,0,0,0,0,0,0,0,0,9,6,33,0,0
2025,1,,New Orleans Saints,Arizona Cardinals,Spencer Rattler,NOR,New Orleans Saints,away,13,20,QB,50,73.52941176470588,27,46,214,0,0,1,4,29,0,0,0,0,0,0
2025,1,"62 degrees, relative humidity 86%, wind 4 mph",New England Patriots,Las Vegas Raiders,Antonio Gibson,NWE,New England Patriots,away,13,20,RB,1,1.5625,0,0,0,0,0,0,1,3,0,1,0,0,0,0
2025,1,"62 degrees, relative humidity 86%, wind 4 mph",New England Patriots,Las Vegas Raiders,Austin Hooper,NWE,New England Patriots,away,13,20,TE,0,0.0,0,0,0,0,0,0,0,0,0,1,1,10,0,0
2025,1,"62 degrees, relative humidity 86%, wind 4 mph",New England Patriots,Las Vegas Raiders,Demario Douglas,NWE,New England Patriots,away,13,20,WR,1,1.5625,0,0,0,0,0,0,1,4,0,7,2,-2,1,0
2025,1,"62 degrees, relative humidity 86%, wind 4 mph",New England Patriots,Las Vegas Raiders,Drake Maye,NWE,New England Patriots,away,13,20,QB,50,78.125,30,46,287,1,1,4,4,11,0,1,1,2,0,1
2025,1,"62 degrees, relative humidity 86%, wind 4 mph",New England Patriots,Las Vegas Raiders,Hunter Henry,NWE,New England Patriots,away,13,20,TE,0,0.0,0,0,0,0,0,0,0,0,0,8,4,66,0,0
2025,1,"62 degrees, relative humidity 86%, wind 4 mph",New England Patriots,Las Vegas Raiders,Kayshon Boutte,NWE,New England Patriots,away,13,20,WR,0,0.0,0,0,0,0,0,0,0,0,0,8,6,103,0,0
2025,1,"62 degrees, relative humidity 86%, wind 4 mph",New England Patriots,Las Vegas Raiders,Kyle Williams,NWE,New England Patriots,away,13,20,WR,0,0.0,0,0,0,0,0,0,0,0,0,1,1,12,0,0
2025,1,"62 degrees, relative humidity 86%, wind 4 mph",New England Patriots,Las Vegas Raiders,Mack Hollins,NWE,New England Patriots,away,13,20,WR,0,0.0,0,0,0,0,0,0,0,0,0,2,1,3,0,0
2025,1,"62 degrees, relative humidity 86%, wind 4 mph",New England Patriots,Las Vegas Raiders,Rhamondre Stevenson,NWE,New England Patriots,away,13,20,RB,7,10.9375,0,0,0,0,0,0,7,15,0,3,2,12,0,0
2025,1,"62 degrees, relative humidity 86%, wind 4 mph",New England Patriots,Las Vegas Raiders,Stefon Diggs,NWE,New England Patriots,away,13,20,WR,0,0.0,0,0,0,0,0,0,0,0,0,7,6,57,0,0
2025,1,"62 degrees, relative humidity 86%, wind 4 mph",New England Patriots,Las Vegas Raiders,TreVeyon Henderson,NWE,New England Patriots,away,13,20,RB,5,7.8125,0,0,0,0,0,0,5,27,0,6,6,24,0,0
2025,1,"68 degrees, relative humidity 68%, wind 5 mph",New York Giants,Washington Commanders,Cam Skattebo,NYG,Washington Commanders,home,6,21,RB,2,3.3333333333333335,0,0,0,0,0,0,2,-3,0,2,2,12,0,0
2025,1,"68 degrees, relative humidity 68%, wind 5 mph",New York Giants,Washington Commanders,Daniel Bellinger,NYG,Washington Commanders,home,6,21,TE,0,0.0,0,0,0,0,0,0,0,0,0,1,1,14,0,0
2025,1,"68 degrees, relative humidity 68%, wind 5 mph",New York Giants,Washington Commanders,Darius Slayton,NYG,Washington Commanders,home,6,21,WR,0,0.0,0,0,0,0,0,0,0,0,0,1,0,0,0,0
2025,1,"68 degrees, relative humidity 68%, wind 5 mph",New York Giants,Washington Commanders,Devin Singletary,NYG,Washington Commanders,home,6,21,RB,3,5.0,0,0,0,0,0,0,3,9,0,0,0,0,0,0
2025,1,"68 degrees, relative humidity 68%, wind 5 mph",New York Giants,Washington Commanders,Malik Nabers,NYG,Washington Commanders,home,6,21,WR,0,0.0,0,0,0,0,0,0,0,0,0,12,5,71,0,0
2025,1,"68 degrees, relative humidity 68%, wind 5 mph",New York Giants,Washington Commanders,Russell Wilson,NYG,Washington Commanders,home,6,21,QB,45,75.0,17,37,168,0,0,2,8,44,0,0,0,0,0,1
2025,1,"68 degrees, relative humidity 68%, wind 5 mph",New York Giants,Washington Commanders,Theo Johnson,NYG,Washington Commanders,home,6,21,TE,0,0.0,0,0,0,0,0,0,0,0,0,3,1,5,0,0
2025,1,"68 degrees, relative humidity 68%, wind 5 mph",New York Giants,Washington Commanders,Tyrone Tracy Jr.,NYG,Washington Commanders,home,6,21,RB,10,16.666666666666664,0,0,0,0,0,0,10,24,0,5,2,11,0,0
2025,1,"68 degrees, relative humidity 68%, wind 5 mph",New York Giants,Washington Commanders,Wan'Dale Robinson,NYG,Washington Commanders,home,6,21,WR,0,0.0,0,0,0,0,0,0,0,0,0,8,6,55,0,0
2025,1,"67 degrees, relative humidity 79%, wind 3 mph",New York Jets,Pittsburgh Steelers,Braelon Allen,NYJ,Pittsburgh Steelers,home,34,32,RB,6,9.836065573770492,0,0,0,0,0,0,6,9,1,0,0,0,0,0
2025,1,"67 degrees, relative humidity 79%, wind 3 mph",New York Jets,Pittsburgh Steelers,Breece Hall,NYJ,Pittsburgh Steelers,home,34,32,RB,19,31.147540983606557,0,0,0,0,0,0,19,107,0,4,2,38,0,0
2025,1,"67 degrees, relative humidity 79%, wind 3 mph",New York Jets,Pittsburgh Steelers,Garrett Wilson,NYJ,Pittsburgh Steelers,home,34,32,WR,0,0.0,0,0,0,0,0,0,0,0,0,9,7,95,1,0
2025,1,"67 degrees, relative humidity 79%, wind 3 mph",New York Jets,Pittsburgh Steelers,Isaiah Davis,NYJ,Pittsburgh Steelers,home,34,32,RB,2,3.278688524590164,0,0,0,0,0,0,2,18,0,0,0,0,0,0
2025,1,"67 degrees, relative humidity 79%, wind 3 mph",New York Jets,Pittsburgh Steelers,Jeremy Ruckert,NYJ,Pittsburgh Steelers,home,34,32,TE,0,0.0,0,0,0,0,0,0,0,0,0,2,2,16,0,0
2025,1,"67 degrees, relative humidity 79%, wind 3 mph",New York Jets,Pittsburgh Steelers,Josh Reynolds,NYJ,Pittsburgh Steelers,home,34,32,WR,0,0.0,0,0,0,0,0,0,0,0,0,3,2,18,0,0
2025,1,"67 degrees, relative humidity 79%, wind 3 mph",New York Jets,Pittsburgh Steelers,Justin Fields,NYJ,Pittsburgh Steelers,home,34,32,QB,34,55.73770491803278,16,22,218,1,0,1,12,48,2,0,0,0,0,0
2025,1,"67 degrees, relative humidity 79%, wind 3 mph",New York Jets,Pittsburgh Steelers,Mason Taylor,NYJ,Pittsburgh Steelers,home,34,32,TE,0,0.0,0,0,0,0,0,0,0,0,0,1,1,20,0,0
2025,1,"67 degrees, relative humidity 79%, wind 3 mph",New York Jets,Pittsburgh Steelers,Tyler Johnson,NYJ,Pittsburgh Steelers,home,34,32,WR,0,0.0,0,0,0,0,0,0,0,0,0,2,2,31,0,0
2025,1,"75 degrees, relative humidity 66%, wind 11 mph",Dallas Cowboys,Philadelphia Eagles,A.J. Brown,PHI,Dallas Cowboys,away,24,20,WR,0,0.0,0,0,0,0,0,0,0,0,0,1,1,8,0,0
2025,1,"75 degrees, relative humidity 66%, wind 11 mph",Dallas Cowboys,Philadelphia Eagles,AJ Dillon,PHI,Dallas Cowboys,away,24,20,RB,3,4.918032786885246,0,0,0,0,0,0,3,10,0,0,0,0,0,0
2025,1,"75 degrees, relative humidity 66%, wind 11 mph",Dallas Cowboys,Philadelphia Eagles,Dallas Goedert,PHI,Dallas Cowboys,away,24,20,TE,0,0.0,0,0,0,0,0,0,0,0,0,7,7,44,0,0
2025,1,"75 degrees, relative humidity 66%, wind 11 mph",Dallas Cowboys,Philadelphia Eagles,DeVonta Smith,PHI,Dallas Cowboys,away,24,20,WR,0,0.0,0,0,0,0,0,0,0,0,0,3,3,16,0,0
2025,1,"75 degrees, relative humidity 66%, wind 11 mph",Dallas Cowboys,Philadelphia Eagles,Jahan Dotson,PHI,Dallas Cowboys,away,24,20,WR,0,0.0,0,0,0,0,0,0,0,0,0,3,3,59,0,0
2025,1,"75 degrees, relative humidity 66%, wind 11 mph",Dallas Cowboys,Philadelphia Eagles,Jalen Hurts,PHI,Dallas Cowboys,away,24,20,QB,37,60.65573770491803,19,23,152,0,0,1,14,62,2,0,0,0,0,0
2025,1,"75 degrees, relative humidity 66%, wind 11 mph",Dallas Cowboys,Philadelphia Eagles,Kylen Granson,PHI,Dallas Cowboys,away,24,20,TE,0,0.0,0,0,0,0,0,0,0,0,0,1,1,1,0,0
2025,1,"75 degrees, relative humidity 66%, wind 11 mph",Dallas Cowboys,Philadelphia Eagles,Saquon Barkley,PHI,Dallas Cowboys,away,24,20,RB,18,29.508196721311474,0,0,0,0,0,0,18,60,1,5,4,24,0,0
2025,1,"75 degrees, relative humidity 66%, wind 11 mph",Dallas Cowboys,Philadelphia Eagles,Will Shipley,PHI,Dallas Cowboys,away,24,20,RB,3,4.918032786885246,0,0,0,0,0,0,3,26,0,0,0,0,0,0
2025,1,"67 degrees, relative humidity 79%, wind 3 mph",New York Jets,Pittsburgh Steelers,Aaron Rodgers,PIT,New York Jets,away,32,34,QB,31,62.0,22,30,244,4,0,4,1,-1,0,0,0,0,0,0
2025,1,"67 degrees, relative humidity 79%, wind 3 mph",New York Jets,Pittsburgh Steelers,Ben Skowronek,PIT,New York Jets,away,32,34,WR,0,0.0,0,0,0,0,0,0,0,0,0,1,1,22,1,0
2025,1,"67 degrees, relative humidity 79%, wind 3 mph",New York Jets,Pittsburgh Steelers,Calvin Austin,PIT,New York Jets,away,32,34,UNK,0,0.0,0,0,0,0,0,0,0,0,0,6,4,70,1,0
2025,1,"67 degrees, relative humidity 79%, wind 3 mph",New York Jets,Pittsburgh Steelers,D.K. Metcalf,PIT,New York Jets,away,32,34,WR,0,0.0,0,0,0,0,0,0,0,0,0,7,4,83,0,0
2025,1,"67 degrees, relative humidity 79%, wind 3 mph",New York Jets,Pittsburgh Steelers,Jaylen Warren,PIT,New York Jets,away,32,34,RB,11,22.0,0,0,0,0,0,0,11,37,0,2,2,22,1,0
2025,1,"67 degrees, relative humidity 79%, wind 3 mph",New York Jets,Pittsburgh Steelers,Jonnu Smith,PIT,New York Jets,away,32,34,TE,0,0.0,0,0,0,0,0,0,0,0,0,6,5,15,1,0
2025,1,"67 degrees, relative humidity 79%, wind 3 mph",New York Jets,Pittsburgh Steelers,Kaleb Johnson,PIT,New York Jets,away,32,34,RB,1,2.0,0,0,0,0,0,0,1,-2,0,0,0,0,0,1
2025,1,"67 degrees, relative humidity 79%, wind 3 mph",New York Jets,Pittsburgh Steelers,Kenneth Gainwell,PIT,New York Jets,away,32,34,RB,7,14.000000000000002,0,0,0,0,0,0,7,19,0,4,3,4,0,1
2025,1,"67 degrees, relative humidity 79%, wind 3 mph",New York Jets,Pittsburgh Steelers,Pat Freiermuth,PIT,New York Jets,away,32,34,TE,0,0.0,0,0,0,0,0,0,0,0,0,3,3,28,0,0
2025,1,"67 degrees, relative humidity 83%, wind 6 mph",Seattle Seahawks,San Francisco 49ers,AJ Barner,SEA,San Francisco 49ers,home,17,13,TE,1,2.0408163265306123,0,0,0,0,0,0,1,2,0,2,1,0,0,0
2025,1,"67 degrees, relative humidity 83%, wind 6 mph",Seattle Seahawks,San Francisco 49ers,Cooper Kupp,SEA,San Francisco 49ers,home,17,13,WR,0,0.0,0,0,0,0,0,0,0,0,0,3,2,15,0,0
2025,1,"67 degrees, relative humidity 83%, wind 6 mph",Seattle Seahawks,San Francisco 49ers,Elijah Arroyo,SEA,San Francisco 49ers,home,17,13,TE,0,0.0,0,0,0,0,0,0,0,0,0,1,1,7,0,0
2025,1,"67 degrees, relative humidity 83%, wind 6 mph",Seattle Seahawks,San Francisco 49ers,Jalen Milroe,SEA,San Francisco 49ers,home,17,13,QB,1,2.0408163265306123,0,0,0,0,0,0,1,1,0,0,0,0,0,0
2025,1,"67 degrees, relative humidity 83%, wind 6 mph",Seattle Seahawks,San Francisco 49ers,Jaxon Smith-Njigba,SEA,San Francisco 49ers,home,17,13,WR,0,0.0,0,0,0,0,0,0,0,0,0,13,9,124,0,2
2025,1,"67 degrees, relative humidity 83%, wind 6 mph",Seattle Seahawks,San Francisco 49ers,Kenneth Walker,SEA,San Francisco 49ers,home,17,13,UNK,10,20.408163265306122,0,0,0,0,0,0,10,20,0,3,3,4,0,0
2025,1,"67 degrees, relative humidity 83%, wind 6 mph",Seattle Seahawks,San Francisco 49ers,Sam Darnold,SEA,San Francisco 49ers,home,17,13,QB,25,51.02040816326531,16,23,150,0,0,1,2,14,0,0,0,0,0,1
2025,1,"67 degrees, relative humidity 83%, wind 6 mph",Seattle Seahawks,San Francisco 49ers,Zach Charbonnet,SEA,San Francisco 49ers,home,17,13,RB,12,24.489795918367346,0,0,0,0,0,0,12,47,1,0,0,0,0,0
2025,1,"67 degrees, relative humidity 83%, wind 6 mph",Seattle Seahawks,San Francisco 49ers,Brian Robinson Jr.,SFO,Seattle Seahawks,away,13,17,RB,9,12.676056338028168,0,0,0,0,0,0,9,33,0,2,1,4,0,0
2025,1,"67 degrees, relative humidity 83%, wind 6 mph",Seattle Seahawks,San Francisco 49ers,Brock Purdy,SFO,Seattle Seahawks,away,13,17,QB,40,56.33802816901409,26,35,277,2,2,1,5,17,0,0,0,0,0,0
2025,1,"67 degrees, relative humidity 83%, wind 6 mph",Seattle Seahawks,San Francisco 49ers,Christian McCaffrey,SFO,Seattle Seahawks,away,13,17,RB,22,30.985915492957744,0,0,0,0,0,0,22,69,0,10,9,73,0,0
2025,1,"67 degrees, relative humidity 83%, wind 6 mph",Seattle Seahawks,San Francisco 49ers,George Kittle,SFO,Seattle Seahawks,away,13,17,TE,0,0.0,0,0,0,0,0,0,0,0,0,4,4,25,1,0
2025,1,"67 degrees, relative humidity 83%, wind 6 mph",Seattle Seahawks,San Francisco 49ers,Jake Tonges,SFO,Seattle Seahawks,away,13,17,TE,0,0.0,0,0,0,0,0,0,0,0,0,3,3,15,1,0
2025,1,"67 degrees, relative humidity 83%, wind 6 mph",Seattle Seahawks,San Francisco 49ers,Jauan Jennings,SFO,Seattle Seahawks,away,13,17,WR,0,0.0,0,0,0,0,0,0,0,0,0,5,2,16,0,0
2025,1,"67 degrees, relative humidity 83%, wind 6 mph",Seattle Seahawks,San Francisco 49ers,Kyle Juszczyk,SFO,Seattle Seahawks,away,13,17,FB,0,0.0,0,0,0,0,0,0,0,0,0,2,2,32,0,0
2025,1,"67 degrees, relative humidity 83%, wind 6 mph",Seattle Seahawks,San Francisco 49ers,Luke Farrell,SFO,Seattle Seahawks,away,13,17,TE,0,0.0,0,0,0,0,0,0,0,0,0,1,1,4,0,0
2025,1,"67 degrees, relative humidity 83%, wind 6 mph",Seattle Seahawks,San Francisco 49ers,Ricky Pearsall,SFO,Seattle Seahawks,away,13,17,WR,0,0.0,0,0,0,0,0,0,0,0,0,7,4,108,0,0
2025,1,,Atlanta Falcons,Tampa Bay Buccaneers,Baker Mayfield,TAM,Atlanta Falcons,away,20,23,QB,37,67.27272727272727,17,32,167,3,0,1,5,39,0,0,0,0,0,0
2025,1,,Atlanta Falcons,Tampa Bay Buccaneers,Bucky Irving,TAM,Atlanta Falcons,away,20,23,RB,14,25.454545454545453,0,0,0,0,0,0,14,37,0,4,4,8,1,0
2025,1,,Atlanta Falcons,Tampa Bay Buccaneers,Cade Otton,TAM,Atlanta Falcons,away,20,23,TE,0,0.0,0,0,0,0,0,0,0,0,0,3,0,0,0,0
2025,1,,Atlanta Falcons,Tampa Bay Buccaneers,Emeka Egbuka,TAM,Atlanta Falcons,away,20,23,WR,1,1.8181818181818181,0,0,0,0,0,0,1,9,0,6,4,67,2,0
2025,1,,Atlanta Falcons,Tampa Bay Buccaneers,Mike Evans,TAM,Atlanta Falcons,away,20,23,WR,0,0.0,0,0,0,0,0,0,0,0,0,8,5,51,0,0
2025,1,,Atlanta Falcons,Tampa Bay Buccaneers,Rachaad White,TAM,Atlanta Falcons,away,20,23,RB,2,3.6363636363636362,0,0,0,0,0,0,2,14,0,1,1,2,0,0
2025,1,,Atlanta Falcons,Tampa Bay Buccaneers,Ryan Miller,TAM,Atlanta Falcons,away,20,23,WR,0,0.0,0,0,0,0,0,0,0,0,0,1,0,0,0,0
2025,1,,Atlanta Falcons,Tampa Bay Buccaneers,Sean Tucker,TAM,Atlanta Falcons,away,20,23,RB,1,1.8181818181818181,0,0,0,0,0,0,1,2,0,0,0,0,0,0
2025,1,,Atlanta Falcons,Tampa Bay Buccaneers,Sterling Shepard,TAM,Atlanta Falcons,away,20,23,WR,0,0.0,0,0,0,0,0,0,0,0,0,6,3,39,0,0
2025,1,,Atlanta Falcons,Tampa Bay Buccaneers,Tez Johnson,TAM,Atlanta Falcons,away,20,23,WR,0,0.0,0,0,0,0,0,0,0,0,0,1,0,0,0,0
2025,1,"84 degrees, relative humidity 24%, wind 6 mph",Tennessee Titans,Denver Broncos,Bryce Oliver,TEN,Denver Broncos,home,12,20,WR,0,0.0,0,0,0,0,0,0,0,0,0,1,1,8,0,0
2025,1,"84 degrees, relative humidity 24%, wind 6 mph",Tennessee Titans,Denver Broncos,Calvin Ridley,TEN,Denver Broncos,home,12,20,WR,0,0.0,0,0,0,0,0,0,0,0,0,8,4,27,0,0
2025,1,"84 degrees, relative humidity 24%, wind 6 mph",Tennessee Titans,Denver Broncos,Cam Ward,TEN,Denver Broncos,home,12,20,QB,28,57.14285714285714,12,28,112,0,0,6,0,0,0,0,0,0,0,1
2025,1,"84 degrees, relative humidity 24%, wind 6 mph",Tennessee Titans,Denver Broncos,Chigoziem Okonkwo,TEN,Denver Broncos,home,12,20,TE,0,0.0,0,0,0,0,0,0,0,0,0,4,3,19,0,0
2025,1,"84 degrees, relative humidity 24%, wind 6 mph",Tennessee Titans,Denver Broncos,Chimere Dike,TEN,Denver Broncos,home,12,20,WR,1,2.0408163265306123,0,0,0,0,0,0,1,9,0,1,0,0,0,0
2025,1,"84 degrees, relative humidity 24%, wind 6 mph",Tennessee Titans,Denver Broncos,Elic Ayomanor,TEN,Denver Broncos,home,12,20,WR,0,0.0,0,0,0,0,0,0,0,0,0,7,2,13,0,0
2025,1,"84 degrees, relative humidity 24%, wind 6 mph",Tennessee Titans,Denver Broncos,Gunnar Helm,TEN,Denver Broncos,home,12,20,TE,0,0.0,0,0,0,0,0,0,0,0,0,2,1,16,0,0
2025,1,"84 degrees, relative humidity 24%, wind 6 mph",Tennessee Titans,Denver Broncos,Julius Chestnut,TEN,Denver Broncos,home,12,20,RB,2,4.081632653061225,0,0,0,0,0,0,2,2,0,0,0,0,0,0
2025,1,"84 degrees, relative humidity 24%, wind 6 mph",Tennessee Titans,Denver Broncos,Tony Pollard,TEN,Denver Broncos,home,12,20,RB,18,36.734693877551024,0,0,0,0,0,0,18,60,0,1,1,29,0,1
2025,1,"84 degrees, relative humidity 24%, wind 6 mph",Tennessee Titans,Denver Broncos,Tyler Lockett,TEN,Denver Broncos,home,12,20,WR,0,0.0,0,0,0,0,0,0,0,0,0,1,0,0,0,0
2025,1,"68 degrees, relative humidity 68%, wind 5 mph",New York Giants,Washington Commanders,Austin Ekeler,WAS,New York Giants,away,21,6,RB,6,9.67741935483871,0,0,0,0,0,0,6,26,0,3,3,31,0,0
2025,1,"68 degrees, relative humidity 68%, wind 5 mph",New York Giants,Washington Commanders,Chris Moore,WAS,New York Giants,away,21,6,WR,0,0.0,0,0,0,0,0,0,0,0,0,1,1,34,0,0
2025,1,"68 degrees, relative humidity 68%, wind 5 mph",New York Giants,Washington Commanders,Deebo Samuel,WAS,New York Giants,away,21,6,WR,1,1.6129032258064515,0,0,0,0,0,0,1,19,1,10,7,77,0,0
2025,1,"68 degrees, relative humidity 68%, wind 5 mph",New York Giants,Washington Commanders,Jacory Croskey-Merritt,WAS,New York Giants,away,21,6,RB,10,16.129032258064516,0,0,0,0,0,0,10,82,1,1,0,0,0,0
2025,1,"68 degrees, relative humidity 68%, wind 5 mph",New York Giants,Washington Commanders,Jayden Daniels,WAS,New York Giants,away,21,6,QB,41,66.12903225806451,19,30,233,1,0,3,11,68,0,0,0,0,0,0
2025,1,"68 degrees, relative humidity 68%, wind 5 mph",New York Giants,Washington Commanders,Jaylin Lane,WAS,New York Giants,away,21,6,WR,0,0.0,0,0,0,0,0,0,0,0,0,2,1,11,0,0
2025,1,"68 degrees, relative humidity 68%, wind 5 mph",New York Giants,Washington Commanders,Jeremy McNichols,WAS,New York Giants,away,21,6,RB,4,6.451612903225806,0,0,0,0,0,0,4,25,0,0,0,0,0,0
2025,1,"68 degrees, relative humidity 68%, wind 5 mph",New York Giants,Washington Commanders,Noah Brown,WAS,New York Giants,away,21,6,WR,0,0.0,0,0,0,0,0,0,0,0,0,3,2,27,0,0
2025,1,"68 degrees, relative humidity 68%, wind 5 mph",New York Giants,Washington Commanders,Terry McLaurin,WAS,New York Giants,away,21,6,WR,0,0.0,0,0,0,0,0,0,0,0,0,4,2,27,0,0
2025,1,"68 degrees, relative humidity 68%, wind 5 mph",New York Giants,Washington Commanders,Zach Ertz,WAS,New York Giants,away,21,6,TE,0,0.0,0,0,0,0,0,0,0,0,0,5,3,26,1,0
2025,2,,Carolina Panthers,Arizona Cardinals,Elijah Higgins,ARI,Carolina Panthers,away,27,22,TE,0,0.0,0,0,0,0,0,0,0,0,0,3,2,45,0,0
2025,2,,Carolina Panthers,Arizona Cardinals,Greg Dortch,ARI,Carolina Panthers,away,27,22,WR,0,0.0,0,0,0,0,0,0,0,0,0,1,1,11,0,0
2025,2,,Carolina Panthers,Arizona Cardinals,Jacoby Brissett,ARI,Carolina Panthers,away,27,22,QB,1,2.127659574468085,0,0,0,0,0,0,1,2,0,0,0,0,0,0
2025,2,,Carolina Panthers,Arizona Cardinals,James Conner,ARI,Carolina Panthers,away,27,22,RB,11,23.404255319148938,0,0,0,0,0,0,11,34,1,1,1,18,0,0
2025,2,,Carolina Panthers,Arizona Cardinals,Kyler Murray,ARI,Carolina Panthers,away,27,22,QB,32,68.08510638297872,17,25,220,1,1,1,7,32,0,0,0,0,0,0
2025,2,,Carolina Panthers,Arizona Cardinals,Marvin Harrison Jr.,ARI,Carolina Panthers,away,27,22,WR,0,0.0,0,0,0,0,0,0,0,0,0,5,2,27,0,0
2025,2,,Carolina Panthers,Arizona Cardinals,Michael Wilson,ARI,Carolina Panthers,away,27,22,WR,0,0.0,0,0,0,0,0,0,0,0,0,2,1,11,1,0
2025,2,,Carolina Panthers,Arizona Cardinals,Trey Benson,ARI,Carolina Panthers,away,27,22,RB,3,6.382978723404255,0,0,0,0,0,0,3,14,0,6,4,30,0,0
2025,2,,Carolina Panthers,Arizona Cardinals,Trey McBride,ARI,Carolina Panthers,away,27,22,TE,0,0.0,0,0,0,0,0,0,0,0,0,7,6,78,0,0
2025,2,,Minnesota Vikings,Atlanta Falcons,Bijan Robinson,ATL,Minnesota Vikings,away,6,22,RB,22,36.666666666666664,0,0,0,0,0,0,22,143,0,5,3,25,0,0
2025,2,,Minnesota Vikings,Atlanta Falcons,Darnell Mooney,ATL,Minnesota Vikings,away,6,22,WR,0,0.0,0,0,0,0,0,0,0,0,0,4,2,20,0,0
2025,2,,Minnesota Vikings,Atlanta Falcons,Drake London,ATL,Minnesota Vikings,away,6,22,WR,0,0.0,0,0,0,0,0,0,0,0,0,4,3,49,0,1
2025,2,,Minnesota Vikings,Atlanta Falcons,Kyle Pitts,ATL,Minnesota Vikings,away,6,22,TE,0,0.0,0,0,0,0,0,0,0,0,0,5,4,37,0,0
2025,2,,Minnesota Vikings,Atlanta Falcons,Michael Penix,ATL,Minnesota Vikings,away,6,22,QB,22,36.666666666666664,13,21,135,0,0,3,1,-1,0,0,0,0,0,0
2025,2,,Minnesota Vikings,Atlanta Falcons,Ray-Ray McCloud,ATL,Minnesota Vikings,away,6,22,WR,0,0.0,0,0,0,0,0,0,0,0,0,2,0,0,0,0
2025,2,,Minnesota Vikings,Atlanta Falcons,Tyler Allgeier,ATL,Minnesota Vikings,away,6,22,RB,16,26.666666666666668,0,0,0,0,0,0,16,76,1,1,1,4,0,0
2025,2,"82 degrees, relative humidity 49%, wind 3 mph",Cleveland Browns,Baltimore Ravens,Cooper Rush,BAL,Cleveland Browns,away,41,17,QB,3,6.0,0,0,0,0,0,0,3,-4,0,0,0,0,0,0
2025,2,"82 degrees, relative humidity 49%, wind 3 mph",Cleveland Browns,Baltimore Ravens,DeAndre Hopkins,BAL,Cleveland Browns,away,41,17,WR,0,0.0,0,0,0,0,0,0,0,0,0,2,2,64,1,0
2025,2,"82 degrees, relative humidity 49%, wind 3 mph",Cleveland Browns,Baltimore Ravens,Derrick Henry,BAL,Cleveland Browns,away,41,17,RB,11,22.0,0,0,0,0,0,0,11,23,0,0,0,0,0,1
2025,2,"82 degrees, relative humidity 49%, wind 3 mph",Cleveland Browns,Baltimore Ravens,Devontez Walker,BAL,Cleveland Browns,away,41,17,WR,0,0.0,0,0,0,0,0,0,0,0,0,2,2,26,2,0
2025,2,"82 degrees, relative humidity 49%, wind 3 mph",Cleveland Browns,Baltimore Ravens,Justice Hill,BAL,Cleveland Browns,away,41,17,RB,3,6.0,0,0,0,0,0,0,3,7,0,3,3,18,0,0
2025,2,"82 degrees, relative humidity 49%, wind 3 mph",Cleveland Browns,Baltimore Ravens,Lamar Jackson,BAL,Cleveland Browns,away,41,17,QB,31,62.0,19,29,225,4,0,3,2,13,0,0,0,0,0,0
2025,2,"82 degrees, relative humidity 49%, wind 3 mph",Cleveland Browns,Baltimore Ravens,Mark Andrews,BAL,Cleveland Browns,away,41,17,TE,1,2.0,0,0,0,0,0,0,1,2,0,3,1,2,0,0
2025,2,"82 degrees, relative humidity 49%, wind 3 mph",Cleveland Browns,Baltimore Ravens,Rashod Bateman,BAL,Cleveland Browns,away,41,17,WR,0,0.0,0,0,0,0,0,0,0,0,0,4,2,15,0,0
2025,2,"82 degrees, relative humidity 49%, wind 3 mph",Cleveland Browns,Baltimore Ravens,Tylan Wallace,BAL,Cleveland Browns,away,41,17,WR,0,0.0,0,0,0,0,0,0,0,0,0,2,2,25,1,0
2025,2,"82 degrees, relative humidity 49%, wind 3 mph",Cleveland Browns,Baltimore Ravens,Zaire Mitchell-Paden,BAL,Cleveland Browns,away,41,17,TE,0,0.0,0,0,0,0,0,0,0,0,0,1,0,0,0,0
2025,2,"82 degrees, relative humidity 49%, wind 3 mph",Cleveland Browns,Baltimore Ravens,Zay Flowers,BAL,Cleveland Browns,away,41,17,WR,1,2.0,0,0,0,0,0,0,1,4,0,11,7,75,0,0
2025,2,"80 degrees, relative humidity 49%, wind 3 mph",New York Jets,Buffalo Bills,Dalton Kincaid,BUF,New York Jets,away,10,30,TE,0,0.0,0,0,0,0,0,0,0,0,0,6,4,37,0,0
2025,2,"80 degrees, relative humidity 49%, wind 3 mph",New York Jets,Buffalo Bills,Dawson Knox,BUF,New York Jets,away,10,30,TE,0,0.0,0,0,0,0,0,0,0,0,0,5,2,19,0,0
2025,2,"80 degrees, relative humidity 49%, wind 3 mph",New York Jets,Buffalo Bills,Elijah Moore,BUF,New York Jets,away,10,30,WR,2,2.857142857142857,0,0,0,0,0,0,2,6,1,1,1,31,0,0
2025,2,"80 degrees, relative humidity 49%, wind 3 mph",New York Jets,Buffalo Bills,Jackson Hawes,BUF,New York Jets,away,10,30,TE,0,0.0,0,0,0,0,0,0,0,0,0,1,1,5,0,0
2025,2,"80 degrees, relative humidity 49%, wind 3 mph",New York Jets,Buffalo Bills,James Cook,BUF,New York Jets,away,10,30,RB,21,30.0,0,0,0,0,0,0,21,132,2,1,1,3,0,1
2025,2,"80 degrees, relative humidity 49%, wind 3 mph",New York Jets,Buffalo Bills,Josh Allen,BUF,New York Jets,away,10,30,QB,31,44.285714285714285,14,25,148,0,0,1,6,59,0,0,0,0,0,0
2025,2,"80 degrees, relative humidity 49%, wind 3 mph",New York Jets,Buffalo Bills,Josh Palmer,BUF,New York Jets,away,10,30,WR,0,0.0,0,0,0,0,0,0,0,0,0,3,2,47,0,0
2025,2,"80 degrees, relative humidity 49%, wind 3 mph",New York Jets,Buffalo Bills,Keon Coleman,BUF,New York Jets,away,10,30,WR,0,0.0,0,0,0,0,0,0,0,0,0,3,3,26,0,0
2025,2,"80 degrees, relative humidity 49%, wind 3 mph",New York Jets,Buffalo Bills,Khalil Shakir,BUF,New York Jets,away,10,30,WR,0,0.0,0,0,0,0,0,0,0,0,0,2,1,12,0,0
2025,2,"80 degrees, relative humidity 49%, wind 3 mph",New York Jets,Buffalo Bills,Mitchell Trubisky,BUF,New York Jets,away,10,30,QB,5,7.142857142857142,1,2,32,0,0,0,3,-3,0,0,0,0,0,0
2025,2,"80 degrees, relative humidity 49%, wind 3 mph",New York Jets,Buffalo Bills,Ray Davis,BUF,New York Jets,away,10,30,RB,9,12.857142857142856,0,0,0,0,0,0,9,24,0,0,0,0,0,0
2025,2,"80 degrees, relative humidity 49%, wind 3 mph",New York Jets,Buffalo Bills,Ty Johnson,BUF,New York Jets,away,10,30,RB,2,2.857142857142857,0,0,0,0,0,0,2,6,0,1,0,0,0,0
2025,2,"80 degrees, relative humidity 49%, wind 3 mph",New York Jets,Buffalo Bills,Tyrell Shavers,BUF,New York Jets,away,10,30,WR,0,0.0,0,0,0,0,0,0,0,0,0,2,0,0,0,0
2025,2,,Carolina Panthers,Arizona Cardinals,Bryce Young,CAR,Arizona Cardinals,home,22,27,QB,57,77.02702702702703,35,55,328,3,1,3,2,2,0,0,0,0,0,1
2025,2,,Carolina Panthers,Arizona Cardinals,Brycen Tremayne,CAR,Arizona Cardinals,home,22,27,WR,0,0.0,0,0,0,0,0,0,0,0,0,5,3,48,0,0
2025,2,,Carolina Panthers,Arizona Cardinals,Chuba Hubbard,CAR,Arizona Cardinals,home,22,27,RB,10,13.513513513513514,0,0,0,0,0,0,10,38,0,6,5,39,1,0
2025,2,,Carolina Panthers,Arizona Cardinals,Hunter Renfrow,CAR,Arizona Cardinals,home,22,27,WR,0,0.0,0,0,0,0,0,0,0,0,0,9,7,48,2,0
2025,2,,Carolina Panthers,Arizona Cardinals,Ja'Tavion Sanders,CAR,Arizona Cardinals,home,22,27,TE,0,0.0,0,0,0,0,0,0,0,0,0,9,7,54,0,0
2025,2,,Carolina Panthers,Arizona Cardinals,Mitchell Evans,CAR,Arizona Cardinals,home,22,27,TE,0,0.0,0,0,0,0,0,0,0,0,0,1,1,9,0,0
2025,2,,Carolina Panthers,Arizona Cardinals,Rico Dowdle,CAR,Arizona Cardinals,home,22,27,RB,6,8.108108108108109,0,0,0,0,0,0,6,9,0,1,1,10,0,0
2025,2,,Carolina Panthers,Arizona Cardinals,Tetairoa McMillan,CAR,Arizona Cardinals,home,22,27,WR,0,0.0,0,0,0,0,0,0,0,0,0,10,6,100,0,0
2025,2,,Carolina Panthers,Arizona Cardinals,Tommy Tremble,CAR,Arizona Cardinals,home,22,27,TE,0,0.0,0,0,0,0,0,0,0,0,0,3,3,20,0,0
2025,2,,Carolina Panthers,Arizona Cardinals,Trevor Etienne,CAR,Arizona Cardinals,home,22,27,RB,0,0.0,0,0,0,0,0,0,0,0,0,1,1,2,0,0
2025,2,,Carolina Panthers,Arizona Cardinals,Xavier Legette,CAR,Arizona Cardinals,home,22,27,WR,1,1.3513513513513513,0,0,0,0,0,0,1,0,0,8,1,-2,0,0
2025,2,,Chicago Bears,Detroit Lions,Caleb Williams,CHI,Detroit Lions,home,21,52,QB,35,58.333333333333336,19,30,207,2,1,4,5,27,0,0,0,0,0,0
2025,2,,Chicago Bears,Detroit Lions,Cole Kmet,CHI,Detroit Lions,home,21,52,TE,0,0.0,0,0,0,0,0,0,0,0,0,2,2,29,0,0
2025,2,,Chicago Bears,Detroit Lions,Colston Loveland,CHI,Detroit Lions,home,21,52,TE,0,0.0,0,0,0,0,0,0,0,0,0,1,0,0,0,0
2025,2,,Chicago Bears,Detroit Lions,D'Andre Swift,CHI,Detroit Lions,home,21,52,RB,12,20.0,0,0,0,0,0,0,12,63,1,3,3,6,0,1
2025,2,,Chicago Bears,Detroit Lions,D.J. Moore,CHI,Detroit Lions,home,21,52,WR,0,0.0,0,0,0,0,0,0,0,0,0,6,5,46,0,0
2025,2,,Chicago Bears,Detroit Lions,Kyle Monangai,CHI,Detroit Lions,home,21,52,RB,7,11.666666666666666,0,0,0,0,0,0,7,28,0,3,1,8,0,0
2025,2,,Chicago Bears,Detroit Lions,Luther Burden,CHI,Detroit Lions,home,21,52,WR,0,0.0,0,0,0,0,0,0,0,0,0,2,1,5,0,0
2025,2,,Chicago Bears,Detroit Lions,Olamide Zaccheaus,CHI,Detroit Lions,home,21,52,WR,1,1.6666666666666667,0,0,0,0,0,0,1,9,0,5,2,12,0,0
2025,2,,Chicago Bears,Detroit Lions,Rome Odunze,CHI,Detroit Lions,home,21,52,WR,0,0.0,0,0,0,0,0,0,0,0,0,11,7,128,2,0
2025,2,,Chicago Bears,Detroit Lions,Tyson Bagent,CHI,Detroit Lions,home,21,52,QB,5,8.333333333333332,2,3,27,0,0,0,2,7,0,0,0,0,0,1
2025,2,"85 degrees, relative humidity 37%, wind 3 mph",Jacksonville Jaguars,Cincinnati Bengals,Andrei Iosivas,CIN,Jacksonville Jaguars,away,31,27,WR,0,0.0,0,0,0,0,0,0,0,0,0,5,1,12,0,0
2025,2,"85 degrees, relative humidity 37%, wind 3 mph",Jacksonville Jaguars,Cincinnati Bengals,Chase Brown,CIN,Jacksonville Jaguars,away,31,27,HB,16,25.806451612903224,0,0,0,0,0,0,16,47,0,3,2,18,0,0
2025,2,"85 degrees, relative humidity 37%, wind 3 mph",Jacksonville Jaguars,Cincinnati Bengals,Drew Sample,CIN,Jacksonville Jaguars,away,31,27,TE,0,0.0,0,0,0,0,0,0,0,0,0,2,1,7,0,0
2025,2,"85 degrees, relative humidity 37%, wind 3 mph",Jacksonville Jaguars,Cincinnati Bengals,Ja'Marr Chase,CIN,Jacksonville Jaguars,away,31,27,WR,0,0.0,0,0,0,0,0,0,0,0,0,16,14,165,1,0
2025,2,"85 degrees, relative humidity 37%, wind 3 mph",Jacksonville Jaguars,Cincinnati Bengals,Jake Browning,CIN,Jacksonville Jaguars,away,31,27,QB,33,53.2258064516129,21,32,241,2,3,1,1,1,1,0,0,0,0,0
2025,2,"85 degrees, relative humidity 37%, wind 3 mph",Jacksonville Jaguars,Cincinnati Bengals,Joe Burrow,CIN,Jacksonville Jaguars,away,31,27,QB,13,20.967741935483872,7,13,76,1,0,2,0,0,0,0,0,0,0,0
2025,2,"85 degrees, relative humidity 37%, wind 3 mph",Jacksonville Jaguars,Cincinnati Bengals,Mike Gesicki,CIN,Jacksonville Jaguars,away,31,27,TE,0,0.0,0,0,0,0,0,0,0,0,0,4,3,18,0,0
2025,2,"85 degrees, relative humidity 37%, wind 3 mph",Jacksonville Jaguars,Cincinnati Bengals,Mitchell Tinsley,CIN,Jacksonville Jaguars,away,31,27,WR,0,0.0,0,0,0,0,0,0,0,0,0,1,1,13,1,0
2025,2,"85 degrees, relative humidity 37%, wind 3 mph",Jacksonville Jaguars,Cincinnati Bengals,Noah Fant,CIN,Jacksonville Jaguars,away,31,27,TE,0,0.0,0,0,0,0,0,0,0,0,0,4,3,28,0,0
2025,2,"85 degrees, relative humidity 37%, wind 3 mph",Jacksonville Jaguars,Cincinnati Bengals,Tee Higgins,CIN,Jacksonville Jaguars,away,31,27,WR,0,0.0,0,0,0,0,0,0,0,0,0,8,3,56,1,0
2025,2,"82 degrees, relative humidity 49%, wind 3 mph",Cleveland Browns,Baltimore Ravens,Cedric Tillman,CLE,Baltimore Ravens,home,17,41,WR,0,0.0,0,0,0,0,0,0,0,0,0,7,2,22,1,0
2025,2,"82 degrees, relative humidity 49%, wind 3 mph",Cleveland Browns,Baltimore Ravens,David Njoku,CLE,Baltimore Ravens,home,17,41,TE,0,0.0,0,0,0,0,0,0,0,0,0,5,4,40,0,0
2025,2,"82 degrees, relative humidity 49%, wind 3 mph",Cleveland Browns,Baltimore Ravens,Dillon Gabriel,CLE,Baltimore Ravens,home,17,41,QB,3,4.285714285714286,3,3,19,1,0,0,0,0,0,0,0,0,0,0
2025,2,"82 degrees, relative humidity 49%, wind 3 mph",Cleveland Browns,Baltimore Ravens,Dylan Sampson,CLE,Baltimore Ravens,home,17,41,RB,4,5.714285714285714,0,0,0,0,0,0,4,6,0,3,3,13,1,0
2025,2,"82 degrees, relative humidity 49%, wind 3 mph",Cleveland Browns,Baltimore Ravens,Harold Fannin,CLE,Baltimore Ravens,home,17,41,TE,0,0.0,0,0,0,0,0,0,0,0,0,5,5,48,0,0
2025,2,"82 degrees, relative humidity 49%, wind 3 mph",Cleveland Browns,Baltimore Ravens,Isaiah Bond,CLE,Baltimore Ravens,home,17,41,WR,1,1.4285714285714286,0,0,0,0,0,0,1,9,0,3,1,6,0,0
2025,2,"82 degrees, relative humidity 49%, wind 3 mph",Cleveland Browns,Baltimore Ravens,Jamari Thrash,CLE,Baltimore Ravens,home,17,41,WR,0,0.0,0,0,0,0,0,0,0,0,0,1,1,5,0,0
2025,2,"82 degrees, relative humidity 49%, wind 3 mph",Cleveland Browns,Baltimore Ravens,Jerome Ford,CLE,Baltimore Ravens,home,17,41,RB,6,8.571428571428571,0,0,0,0,0,0,6,31,0,6,5,23,0,0
2025,2,"82 degrees, relative humidity 49%, wind 3 mph",Cleveland Browns,Baltimore Ravens,Jerry Jeudy,CLE,Baltimore Ravens,home,17,41,WR,0,0.0,0,0,0,0,0,0,0,0,0,8,4,51,0,0
2025,2,"82 degrees, relative humidity 49%, wind 3 mph",Cleveland Browns,Baltimore Ravens,Joe Flacco,CLE,Baltimore Ravens,home,17,41,QB,46,65.71428571428571,25,45,199,1,1,2,1,8,0,0,0,0,0,1
2025,2,"82 degrees, relative humidity 49%, wind 3 mph",Cleveland Browns,Baltimore Ravens,Quinshon Judkins,CLE,Baltimore Ravens,home,17,41,RB,10,14.285714285714285,0,0,0,0,0,0,10,61,0,3,3,10,0,0
2025,2,,New York Giants,Dallas Cowboys,Brevyn Spann-Ford,DAL,New York Giants,away,40,37,TE,0,0.0,0,0,0,0,0,0,0,0,0,1,1,3,0,0
2025,2,,New York Giants,Dallas Cowboys,CeeDee Lamb,DAL,New York Giants,away,40,37,WR,0,0.0,0,0,0,0,0,0,0,0,0,11,9,112,0,0
2025,2,,New York Giants,Dallas Cowboys,Dak Prescott,DAL,New York Giants,away,40,37,QB,55,68.75,38,52,361,2,1,3,3,17,0,0,0,0,0,1
2025,2,,New York Giants,Dallas Cowboys,George Pickens,DAL,New York Giants,away,40,37,WR,0,0.0,0,0,0,0,0,0,0,0,0,9,5,68,1,0
2025,2,,New York Giants,Dallas Cowboys,Jake Ferguson,DAL,New York Giants,away,40,37,TE,0,0.0,0,0,0,0,0,0,0,0,0,12,9,78,0,0
2025,2,,New York Giants,Dallas Cowboys,Jalen Tolbert,DAL,New York Giants,away,40,37,WR,0,0.0,0,0,0,0,0,0,0,0,0,4,2,16,0,0
2025,2,,New York Giants,Dallas Cowboys,Javonte Williams,DAL,New York Giants,away,40,37,RB,18,22.5,0,0,0,0,0,0,18,97,1,7,6,33,0,0
2025,2,,New York Giants,Dallas Cowboys,KaVontae Turpin,DAL,New York Giants,away,40,37,WR,2,2.5,0,0,0,0,0,0,2,6,0,4,4,47,1,0
2025,2,,New York Giants,Dallas Cowboys,Luke Schoonmaker,DAL,New York Giants,away,40,37,TE,0,0.0,0,0,0,0,0,0,0,0,0,2,0,0,0,0
2025,2,,New York Giants,Dallas Cowboys,Miles Sanders,DAL,New York Giants,away,40,37,RB,5,6.25,0,0,0,0,0,0,5,15,1,2,2,4,0,0
2025,2,,Denver Broncos,Indianapolis Colts,Adam Trautman,DEN,Indianapolis Colts,home,28,29,TE,0,0.0,0,0,0,0,0,0,0,0,0,3,3,10,1,0
2025,2,,Denver Broncos,Indianapolis Colts,Bo Nix,DEN,Indianapolis Colts,home,28,29,QB,33,61.111111111111114,22,30,206,3,1,0,3,20,0,0,0,0,0,0
2025,2,,Denver Broncos,Indianapolis Colts,Courtland Sutton,DEN,Indianapolis Colts,home,28,29,WR,0,0.0,0,0,0,0,0,0,0,0,0,4,1,6,0,0
2025,2,,Denver Broncos,Indianapolis Colts,Evan Engram,DEN,Indianapolis Colts,home,28,29,TE,0,0.0,0,0,0,0,0,0,0,0,0,2,1,12,0,0
2025,2,,Denver Broncos,Indianapolis Colts,J.K. Dobbins,DEN,Indianapolis Colts,home,28,29,RB,14,25.925925925925924,0,0,0,0,0,0,14,76,1,2,1,9,0,0
2025,2,,Denver Broncos,Indianapolis Colts,Marvin Mims,DEN,Indianapolis Colts,home,28,29,WR,0,0.0,0,0,0,0,0,0,0,0,0,2,2,24,1,0
2025,2,,Denver Broncos,Indianapolis Colts,Pat Bryant,DEN,Indianapolis Colts,home,28,29,WR,0,0.0,0,0,0,0,0,0,0,0,0,3,2,18,0,0
2025,2,,Denver Broncos,Indianapolis Colts,RJ Harvey,DEN,Indianapolis Colts,home,28,29,RB,5,9.25925925925926,0,0,0,0,0,0,5,8,0,2,1,16,0,0
2025,2,,Denver Broncos,Indianapolis Colts,Trent Sherfield,DEN,Indianapolis Colts,home,28,29,WR,0,0.0,0,0,0,0,0,0,0,0,0,1,1,3,0,0
2025,2,,Denver Broncos,Indianapolis Colts,Troy Franklin,DEN,Indianapolis Colts,home,28,29,WR,1,1.8518518518518516,0,0,0,0,0,0,1,11,0,9,8,89,1,0
2025,2,,Denver Broncos,Indianapolis Colts,Tyler Badie,DEN,Indianapolis Colts,home,28,29,RB,1,1.8518518518518516,0,0,0,0,0,0,1,3,0,2,2,19,0,0
2025,2,,Chicago Bears,Detroit Lions,Amon-Ra St. Brown,DET,Chicago Bears,away,52,21,WR,2,3.4482758620689653,0,0,0,0,0,0,2,7,0,11,9,115,3,0
2025,2,,Chicago Bears,Detroit Lions,Brock Wright,DET,Chicago Bears,away,52,21,TE,0,0.0,0,0,0,0,0,0,0,0,0,3,3,28,1,0
2025,2,,Chicago Bears,Detroit Lions,Craig Reynolds,DET,Chicago Bears,away,52,21,RB,3,5.172413793103448,0,0,0,0,0,0,3,4,0,0,0,0,0,0
2025,2,,Chicago Bears,Detroit Lions,David Montgomery,DET,Chicago Bears,away,52,21,RB,11,18.96551724137931,0,0,0,0,0,0,11,57,1,1,1,4,0,0
2025,2,,Chicago Bears,Detroit Lions,Isaac TeSlaa,DET,Chicago Bears,away,52,21,WR,0,0.0,0,0,0,0,0,0,0,0,0,1,1,29,0,0
2025,2,,Chicago Bears,Detroit Lions,Jahmyr Gibbs,DET,Chicago Bears,away,52,21,RB,12,20.689655172413794,0,0,0,0,0,0,12,94,1,3,3,10,0,0
2025,2,,Chicago Bears,Detroit Lions,Jameson Williams,DET,Chicago Bears,away,52,21,WR,0,0.0,0,0,0,0,0,0,0,0,0,4,2,108,1,0
2025,2,,Chicago Bears,Detroit Lions,Jared Goff,DET,Chicago Bears,away,52,21,QB,29,50.0,23,28,334,5,0,0,1,6,0,0,0,0,0,0
2025,2,,Chicago Bears,Detroit Lions,Kalif Raymond,DET,Chicago Bears,away,52,21,WR,1,1.7241379310344827,0,0,0,0,0,0,1,9,0,1,1,14,0,0
2025,2,,Chicago Bears,Detroit Lions,Sam LaPorta,DET,Chicago Bears,away,52,21,TE,0,0.0,0,0,0,0,0,0,0,0,0,4,3,26,0,0
2025,2,"65 degrees, relative humidity 78%, wind 7 mph",Washington Commanders,Green Bay Packers,Chris Brooks,GNB,Washington Commanders,away,27,18,RB,0,0.0,0,0,0,0,0,0,0,0,0,4,3,27,0,0
2025,2,"65 degrees, relative humidity 78%, wind 7 mph",Washington Commanders,Green Bay Packers,Dontayvion Wicks,GNB,Washington Commanders,away,27,18,WR,0,0.0,0,0,0,0,0,0,0,0,0,6,4,44,0,0
2025,2,"65 degrees, relative humidity 78%, wind 7 mph",Washington Commanders,Green Bay Packers,Jordan Love,GNB,Washington Commanders,away,27,18,QB,34,55.73770491803278,19,31,292,2,0,2,3,12,0,0,0,0,0,0
2025,2,"65 degrees, relative humidity 78%, wind 7 mph",Washington Commanders,Green Bay Packers,Josh Jacobs,GNB,Washington Commanders,away,27,18,RB,23,37.704918032786885,0,0,0,0,0,0,23,84,1,0,0,0,0,0
2025,2,"65 degrees, relative humidity 78%, wind 7 mph",Washington Commanders,Green Bay Packers,Luke Musgrave,GNB,Washington Commanders,away,27,18,TE,0,0.0,0,0,0,0,0,0,0,0,0,2,2,32,0,0
2025,2,"65 degrees, relative humidity 78%, wind 7 mph",Washington Commanders,Green Bay Packers,Malik Heath,GNB,Washington Commanders,away,27,18,WR,0,0.0,0,0,0,0,0,0,0,0,0,1,1,37,0,0
2025,2,"65 degrees, relative humidity 78%, wind 7 mph",Washington Commanders,Green Bay Packers,Matthew Golden,GNB,Washington Commanders,away,27,18,WR,2,3.278688524590164,0,0,0,0,0,0,2,15,0,2,0,0,0,0
2025,2,"65 degrees, relative humidity 78%, wind 7 mph",Washington Commanders,Green Bay Packers,Romeo Doubs,GNB,Washington Commanders,away,27,18,WR,0,0.0,0,0,0,0,0,0,0,0,0,5,3,28,1,0
2025,2,"65 degrees, relative humidity 78%, wind 7 mph",Washington Commanders,Green Bay Packers,Savion Williams,GNB,Washington Commanders,away,27,18,WR,2,3.278688524590164,0,0,0,0,0,0,2,24,0,0,0,0,0,0
2025,2,"65 degrees, relative humidity 78%, wind 7 mph",Washington Commanders,Green Bay Packers,Tucker Kraft,GNB,Washington Commanders,away,27,18,TE,0,0.0,0,0,0,0,0,0,0,0,0,7,6,124,1,0
2025,2,,Houston Texans,Tampa Bay Buccaneers,C.J. Stroud,HOU,Tampa Bay Buccaneers,home,20,19,QB,28,65.11627906976744,13,24,207,1,0,3,4,27,0,0,0,0,0,0
2025,2,,Houston Texans,Tampa Bay Buccaneers,Dalton Schultz,HOU,Tampa Bay Buccaneers,home,20,19,TE,0,0.0,0,0,0,0,0,0,0,0,0,4,3,29,0,0
2025,2,,Houston Texans,Tampa Bay Buccaneers,Harrison Bryant,HOU,Tampa Bay Buccaneers,home,20,19,TE,0,0.0,0,0,0,0,0,0,0,0,0,1,0,0,0,0
2025,2,,Houston Texans,Tampa Bay Buccaneers,Jayden Higgins,HOU,Tampa Bay Buccaneers,home,20,19,WR,0,0.0,0,0,0,0,0,0,0,0,0,1,1,28,0,0
2025,2,,Houston Texans,Tampa Bay Buccaneers,Justin Watson,HOU,Tampa Bay Buccaneers,home,20,19,WR,0,0.0,0,0,0,0,0,0,0,0,0,2,1,3,0,0
2025,2,,Houston Texans,Tampa Bay Buccaneers,Nick Chubb,HOU,Tampa Bay Buccaneers,home,20,19,RB,12,27.906976744186046,0,0,0,0,0,0,12,43,1,2,2,29,0,0
2025,2,,Houston Texans,Tampa Bay Buccaneers,Nico Collins,HOU,Tampa Bay Buccaneers,home,20,19,WR,0,0.0,0,0,0,0,0,0,0,0,0,9,3,52,1,0
2025,2,,Houston Texans,Tampa Bay Buccaneers,Woody Marks,HOU,Tampa Bay Buccaneers,home,20,19,RB,3,6.976744186046512,0,0,0,0,0,0,3,14,0,1,1,37,0,0
2025,2,,Houston Texans,Tampa Bay Buccaneers,Xavier Hutchinson,HOU,Tampa Bay Buccaneers,home,20,19,WR,0,0.0,0,0,0,0,0,0,0,0,0,3,2,29,0,0
2025,2,,Denver Broncos,Indianapolis Colts,Adonai Mitchell,IND,Denver Broncos,away,29,28,WR,0,0.0,0,0,0,0,0,0,0,0,0,4,2,20,0,0
2025,2,,Denver Broncos,Indianapolis Colts,Alec Pierce,IND,Denver Broncos,away,29,28,WR,0,0.0,0,0,0,0,0,0,0,0,0,5,4,68,0,0
2025,2,,Denver Broncos,Indianapolis Colts,DJ Giddens,IND,Denver Broncos,away,29,28,RB,0,0.0,0,0,0,0,0,0,0,0,0,1,0,0,0,0
2025,2,,Denver Broncos,Indianapolis Colts,Daniel Jones,IND,Denver Broncos,away,29,28,QB,40,60.60606060606061,23,34,316,1,0,1,6,2,1,0,0,0,0,0
2025,2,,Denver Broncos,Indianapolis Colts,Jonathan Taylor,IND,Denver Broncos,away,29,28,RB,25,37.878787878787875,0,0,0,0,0,0,25,165,0,2,2,50,1,0
2025,2,,Denver Broncos,Indianapolis Colts,Josh Downs,IND,Denver Broncos,away,29,28,WR,0,0.0,0,0,0,0,0,0,0,0,0,8,6,51,0,0
2025,2,,Denver Broncos,Indianapolis Colts,Michael Pittman Jr.,IND,Denver Broncos,away,29,28,WR,0,0.0,0,0,0,0,0,0,0,0,0,5,4,40,0,0
2025,2,,Denver Broncos,Indianapolis Colts,Mo Alie-Cox,IND,Denver Broncos,away,29,28,TE,0,0.0,0,0,0,0,0,0,0,0,0,1,1,8,0,0
2025,2,,Denver Broncos,Indianapolis Colts,Tyler Warren,IND,Denver Broncos,away,29,28,TE,1,1.5151515151515151,0,0,0,0,0,0,1,0,0,7,4,79,0,0
2025,2,"85 degrees, relative humidity 37%, wind 3 mph",Jacksonville Jaguars,Cincinnati Bengals,Bhayshul Tuten,JAX,Cincinnati Bengals,home,27,31,RB,8,11.594202898550725,0,0,0,0,0,0,8,42,0,2,2,32,1,0
2025,2,"85 degrees, relative humidity 37%, wind 3 mph",Jacksonville Jaguars,Cincinnati Bengals,Brenton Strange,JAX,Cincinnati Bengals,home,27,31,TE,0,0.0,0,0,0,0,0,0,0,0,0,5,3,17,0,0
2025,2,"85 degrees, relative humidity 37%, wind 3 mph",Jacksonville Jaguars,Cincinnati Bengals,Brian Thomas,JAX,Cincinnati Bengals,home,27,31,WR,0,0.0,0,0,0,0,0,0,0,0,0,12,4,49,0,0
2025,2,"85 degrees, relative humidity 37%, wind 3 mph",Jacksonville Jaguars,Cincinnati Bengals,Dyami Brown,JAX,Cincinnati Bengals,home,27,31,WR,1,1.4492753623188406,0,0,0,0,0,0,1,9,0,7,5,57,1,0
2025,2,"85 degrees, relative humidity 37%, wind 3 mph",Jacksonville Jaguars,Cincinnati Bengals,LeQuint Allen,JAX,Cincinnati Bengals,home,27,31,RB,2,2.898550724637681,0,0,0,0,0,0,2,13,0,0,0,0,0,0
2025,2,"85 degrees, relative humidity 37%, wind 3 mph",Jacksonville Jaguars,Cincinnati Bengals,Parker Washington,JAX,Cincinnati Bengals,home,27,31,WR,0,0.0,0,0,0,0,0,0,0,0,0,5,5,76,0,0
2025,2,"85 degrees, relative humidity 37%, wind 3 mph",Jacksonville Jaguars,Cincinnati Bengals,Tim Patrick,JAX,Cincinnati Bengals,home,27,31,WR,0,0.0,0,0,0,0,0,0,0,0,0,1,0,0,0,0
2025,2,"85 degrees, relative humidity 37%, wind 3 mph",Jacksonville Jaguars,Cincinnati Bengals,Travis Etienne,JAX,Cincinnati Bengals,home,27,31,RB,14,20.28985507246377,0,0,0,0,0,0,14,71,0,3,2,18,1,0
2025,2,"85 degrees, relative humidity 37%, wind 3 mph",Jacksonville Jaguars,Cincinnati Bengals,Travis Hunter,JAX,Cincinnati Bengals,home,27,31,WR,0,0.0,0,0,0,0,0,0,0,0,0,6,3,22,0,0
2025,2,"85 degrees, relative humidity 37%, wind 3 mph",Jacksonville Jaguars,Cincinnati Bengals,Trevor Lawrence,JAX,Cincinnati Bengals,home,27,31,QB,44,63.76811594202898,24,42,271,3,2,1,2,4,0,0,0,0,0,1
2025,2,"88 degrees, relative humidity 46%, wind 12 mph",Kansas City Chiefs,Philadelphia Eagles,Brashard Smith,KAN,Kansas City Chiefs,away,17,20,RB,1,1.8181818181818181,0,0,0,0,0,0,1,2,0,1,0,0,0,0
2025,2,"88 degrees, relative humidity 46%, wind 12 mph",Kansas City Chiefs,Philadelphia Eagles,Isiah Pacheco,KAN,Kansas City Chiefs,away,17,20,RB,10,18.181818181818183,0,0,0,0,0,0,10,22,0,2,1,7,0,0
2025,2,"88 degrees, relative humidity 46%, wind 12 mph",Kansas City Chiefs,Philadelphia Eagles,JuJu Smith-Schuster,KAN,Kansas City Chiefs,away,17,20,WR,0,0.0,0,0,0,0,0,0,0,0,0,3,1,5,0,0
2025,2,"88 degrees, relative humidity 46%, wind 12 mph",Kansas City Chiefs,Philadelphia Eagles,Kareem Hunt,KAN,Kansas City Chiefs,away,17,20,RB,8,14.545454545454545,0,0,0,0,0,0,8,31,0,1,1,3,0,1
2025,2,"88 degrees, relative humidity 46%, wind 12 mph",Kansas City Chiefs,Philadelphia Eagles,Marquise Brown,KAN,Kansas City Chiefs,away,17,20,WR,0,0.0,0,0,0,0,0,0,0,0,0,5,5,30,0,0
2025,2,"88 degrees, relative humidity 46%, wind 12 mph",Kansas City Chiefs,Philadelphia Eagles,Nikko Remigio,KAN,Kansas City Chiefs,away,17,20,WR,0,0.0,0,0,0,0,0,0,0,0,0,1,1,21,0,0
2025,2,"88 degrees, relative humidity 46%, wind 12 mph",Kansas City Chiefs,Philadelphia Eagles,Noah Gray,KAN,Kansas City Chiefs,away,17,20,TE,0,0.0,0,0,0,0,0,0,0,0,0,5,1,1,0,0
2025,2,"88 degrees, relative humidity 46%, wind 12 mph",Kansas City Chiefs,Philadelphia Eagles,Patrick Mahomes,KAN,Kansas City Chiefs,away,17,20,QB,36,65.45454545454545,16,29,187,1,1,2,7,66,1,0,0,0,0,0
2025,2,"88 degrees, relative humidity 46%, wind 12 mph",Kansas City Chiefs,Philadelphia Eagles,Travis Kelce,KAN,Kansas City Chiefs,away,17,20,TE,0,0.0,0,0,0,0,0,0,0,0,0,6,4,61,0,0
2025,2,"88 degrees, relative humidity 46%, wind 12 mph",Kansas City Chiefs,Philadelphia Eagles,Tyquan Thornton,KAN,Kansas City Chiefs,away,17,20,WR,0,0.0,0,0,0,0,0,0,0,0,0,5,2,59,1,0
2025,2,,Las Vegas Raiders,Los Angeles Chargers,Justin Herbert,LAC,Las Vegas Raiders,away,9,20,QB,36,67.9245283018868,19,27,242,2,0,2,9,31,0,0,0,0,0,2
2025,2,,Las Vegas Raiders,Los Angeles Chargers,Keenan Allen,LAC,Las Vegas Raiders,away,9,20,WR,0,0.0,0,0,0,0,0,0,0,0,0,7,5,61,1,0
2025,2,,Las Vegas Raiders,Los Angeles Chargers,Ladd McConkey,LAC,Las Vegas Raiders,away,9,20,WR,0,0.0,0,0,0,0,0,0,0,0,0,5,5,48,0,0
2025,2,,Las Vegas Raiders,Los Angeles Chargers,Najee Harris,LAC,Las Vegas Raiders,away,9,20,RB,8,15.09433962264151,0,0,0,0,0,0,8,28,0,2,2,20,0,0
2025,2,,Las Vegas Raiders,Los Angeles Chargers,Omarion Hampton,LAC,Las Vegas Raiders,away,9,20,RB,8,15.09433962264151,0,0,0,0,0,0,8,24,0,2,1,1,0,0
2025,2,,Las Vegas Raiders,Los Angeles Chargers,Quentin Johnston,LAC,Las Vegas Raiders,away,9,20,WR,1,1.8867924528301887,0,0,0,0,0,0,1,-2,0,7,3,71,1,0
2025,2,,Las Vegas Raiders,Los Angeles Chargers,Tre Harris,LAC,Las Vegas Raiders,away,9,20,WR,0,0.0,0,0,0,0,0,0,0,0,0,3,2,34,0,0
2025,2,,Las Vegas Raiders,Los Angeles Chargers,Will Dissly,LAC,Las Vegas Raiders,away,9,20,TE,0,0.0,0,0,0,0,0,0,0,0,0,1,1,7,0,0
2025,2,"83 degrees, relative humidity 46%, wind 3 mph",Tennessee Titans,Los Angeles Rams,Blake Corum,LAR,Tennessee Titans,away,19,33,RB,5,8.620689655172415,0,0,0,0,0,0,5,44,1,0,0,0,0,0
2025,2,"83 degrees, relative humidity 46%, wind 3 mph",Tennessee Titans,Los Angeles Rams,Davante Adams,LAR,Tennessee Titans,away,19,33,WR,0,0.0,0,0,0,0,0,0,0,0,0,13,6,106,1,0
2025,2,"83 degrees, relative humidity 46%, wind 3 mph",Tennessee Titans,Los Angeles Rams,Davis Allen,LAR,Tennessee Titans,away,19,33,TE,0,0.0,0,0,0,0,0,0,0,0,0,1,1,8,1,0
2025,2,"83 degrees, relative humidity 46%, wind 3 mph",Tennessee Titans,Los Angeles Rams,Jordan Whittington,LAR,Tennessee Titans,away,19,33,WR,0,0.0,0,0,0,0,0,0,0,0,0,2,2,42,0,0
2025,2,"83 degrees, relative humidity 46%, wind 3 mph",Tennessee Titans,Los Angeles Rams,Kyren Williams,LAR,Tennessee Titans,away,19,33,RB,17,29.310344827586203,0,0,0,0,0,0,17,66,0,2,2,14,0,0
2025,2,"83 degrees, relative humidity 46%, wind 3 mph",Tennessee Titans,Los Angeles Rams,Matthew Stafford,LAR,Tennessee Titans,away,19,33,QB,35,60.3448275862069,23,33,298,2,1,1,2,-6,0,0,0,0,0,1
2025,2,"83 degrees, relative humidity 46%, wind 3 mph",Tennessee Titans,Los Angeles Rams,Puka Nacua,LAR,Tennessee Titans,away,19,33,WR,1,1.7241379310344827,0,0,0,0,0,0,1,45,1,9,8,91,0,0
2025,2,"83 degrees, relative humidity 46%, wind 3 mph",Tennessee Titans,Los Angeles Rams,Tutu Atwell,LAR,Tennessee Titans,away,19,33,WR,0,0.0,0,0,0,0,0,0,0,0,0,1,0,0,0,0
2025,2,"83 degrees, relative humidity 46%, wind 3 mph",Tennessee Titans,Los Angeles Rams,Tyler Higbee,LAR,Tennessee Titans,away,19,33,TE,0,0.0,0,0,0,0,0,0,0,0,0,4,4,37,0,0
2025,2,,Las Vegas Raiders,Los Angeles Chargers,Ashton Jeanty,LVR,Las Vegas Raiders,away,9,20,RB,11,17.741935483870968,0,0,0,0,0,0,11,43,0,4,3,1,0,0
2025,2,,Las Vegas Raiders,Los Angeles Chargers,Brock Bowers,LVR,Las Vegas Raiders,away,9,20,TE,0,0.0,0,0,0,0,0,0,0,0,0,8,5,38,0,0
2025,2,,Las Vegas Raiders,Los Angeles Chargers,Dont'e Thornton,LVR,Las Vegas Raiders,away,9,20,WR,0,0.0,0,0,0,0,0,0,0,0,0,4,1,20,0,0
2025,2,,Las Vegas Raiders,Los Angeles Chargers,Dylan Laube,LVR,Las Vegas Raiders,away,9,20,RB,0,0.0,0,0,0,0,0,0,0,0,0,2,2,17,0,0
2025,2,,Las Vegas Raiders,Los Angeles Chargers,Geno Smith,LVR,Las Vegas Raiders,away,9,20,QB,48,77.41935483870968,24,43,180,0,3,3,5,20,0,0,0,0,0,0
2025,2,,Las Vegas Raiders,Los Angeles Chargers,Jakobi Meyers,LVR,Las Vegas Raiders,away,9,20,WR,0,0.0,0,0,0,0,0,0,0,0,0,12,6,68,0,0
2025,2,,Las Vegas Raiders,Los Angeles Chargers,Michael Mayer,LVR,Las Vegas Raiders,away,9,20,TE,0,0.0,0,0,0,0,0,0,0,0,0,2,2,9,0,0
2025,2,,Las Vegas Raiders,Los Angeles Chargers,Tre Tucker,LVR,Las Vegas Raiders,away,9,20,WR,1,1.6129032258064515,0,0,0,0,0,0,1,7,0,8,3,12,0,0
2025,2,,Las Vegas Raiders,Los Angeles Chargers,Zamir White,LVR,Las Vegas Raiders,away,9,20,RB,2,3.225806451612903,0,0,0,0,0,0,2,-2,0,3,2,15,0,0
2025,2,"89 degrees, relative humidity 56%, wind 4 mph",Miami Dolphins,New England Patriots,Alec Ingold,MIA,New England Patriots,home,33,27,FB,0,0.0,0,0,0,0,0,0,0,0,0,2,2,13,0,0
2025,2,"89 degrees, relative humidity 56%, wind 4 mph",Miami Dolphins,New England Patriots,D'Wayne Eskridge,MIA,New England Patriots,home,33,27,WR,0,0.0,0,0,0,0,0,0,0,0,0,1,1,8,0,0
2025,2,"89 degrees, relative humidity 56%, wind 4 mph",Miami Dolphins,New England Patriots,De'Von Achane,MIA,New England Patriots,home,33,27,RB,11,23.404255319148938,0,0,0,0,0,0,11,30,0,10,8,92,1,0
2025,2,"89 degrees, relative humidity 56%, wind 4 mph",Miami Dolphins,New England Patriots,Jaylen Waddle,MIA,New England Patriots,home,33,27,WR,0,0.0,0,0,0,0,0,0,0,0,0,6,5,68,1,0
2025,2,"89 degrees, relative humidity 56%, wind 4 mph",Miami Dolphins,New England Patriots,Malik Washington,MIA,New England Patriots,home,33,27,WR,3,6.382978723404255,0,0,0,0,0,0,3,23,0,2,1,2,0,0
2025,2,"89 degrees, relative humidity 56%, wind 4 mph",Miami Dolphins,New England Patriots,Nick Westbrook-Ikhine,MIA,New England Patriots,home,33,27,WR,0,0.0,0,0,0,0,0,0,0,0,0,3,2,18,0,0
2025,2,"89 degrees, relative humidity 56%, wind 4 mph",Miami Dolphins,New England Patriots,Ollie Gordon,MIA,New England Patriots,home,33,27,RB,1,2.127659574468085,0,0,0,0,0,0,1,8,0,1,1,5,0,0
2025,2,"89 degrees, relative humidity 56%, wind 4 mph",Miami Dolphins,New England Patriots,Tua Tagovailoa,MIA,New England Patriots,home,33,27,QB,32,68.08510638297872,26,32,315,2,1,5,0,0,0,0,0,0,0,0
2025,2,"89 degrees, relative humidity 56%, wind 4 mph",Miami Dolphins,New England Patriots,Tyreek Hill,MIA,New England Patriots,home,33,27,WR,0,0.0,0,0,0,0,0,0,0,0,0,7,6,109,0,0
2025,2,,Minnesota Vikings,Atlanta Falcons,Aaron Jones,MIN,Atlanta Falcons,home,22,6,RB,5,12.5,0,0,0,0,0,0,5,23,0,1,0,0,0,0
2025,2,,Minnesota Vikings,Atlanta Falcons,Adam Thielen,MIN,Atlanta Falcons,home,22,6,WR,0,0.0,0,0,0,0,0,0,0,0,0,3,2,26,0,0
2025,2,,Minnesota Vikings,Atlanta Falcons,J.J. McCarthy,MIN,Atlanta Falcons,home,22,6,QB,26,65.0,11,21,158,0,2,6,5,25,0,0,0,0,0,3
2025,2,,Minnesota Vikings,Atlanta Falcons,Jalen Nailor,MIN,Atlanta Falcons,home,22,6,WR,0,0.0,0,0,0,0,0,0,0,0,0,5,3,31,0,0
2025,2,,Minnesota Vikings,Atlanta Falcons,Jordan Mason,MIN,Atlanta Falcons,home,22,6,RB,9,22.5,0,0,0,0,0,0,9,30,0,3,2,8,0,0
2025,2,,Minnesota Vikings,Atlanta Falcons,Justin Jefferson,MIN,Atlanta Falcons,home,22,6,WR,0,0.0,0,0,0,0,0,0,0,0,0,6,3,81,0,0
2025,2,,Minnesota Vikings,Atlanta Falcons,T.J. Hockenson,MIN,Atlanta Falcons,home,22,6,TE,0,0.0,0,0,0,0,0,0,0,0,0,3,1,12,0,0
2025,2,,New Orleans Saints,San Francisco 49ers,Alvin Kamara,NOR,New Orleans Saints,away,21,26,RB,21,32.8125,0,0,0,0,0,0,21,99,0,6,6,21,0,1
2025,2,,New Orleans Saints,San Francisco 49ers,Brandin Cooks,NOR,New Orleans Saints,away,21,26,WR,0,0.0,0,0,0,0,0,0,0,0,0,2,2,26,0,0
2025,2,,New Orleans Saints,San Francisco 49ers,Chris Olave,NOR,New Orleans Saints,away,21,26,WR,0,0.0,0,0,0,0,0,0,0,0,0,10,6,54,0,0
2025,2,,New Orleans Saints,San Francisco 49ers,Devaughn Vele,NOR,New Orleans Saints,away,21,26,WR,0,0.0,0,0,0,0,0,0,0,0,0,1,1,3,1,0
2025,2,,New Orleans Saints,San Francisco 49ers,Juwan Johnson,NOR,New Orleans Saints,away,21,26,TE,0,0.0,0,0,0,0,0,0,0,0,0,9,5,49,1,0
2025,2,,New Orleans Saints,San Francisco 49ers,Kendre Miller,NOR,New Orleans Saints,away,21,26,RB,5,7.8125,0,0,0,0,0,0,5,8,0,1,1,2,0,0
2025,2,,New Orleans Saints,San Francisco 49ers,Rashid Shaheed,NOR,New Orleans Saints,away,21,26,WR,0,0.0,0,0,0,0,0,0,0,0,0,5,4,52,1,0
2025,2,,New Orleans Saints,San Francisco 49ers,Spencer Rattler,NOR,New Orleans Saints,away,21,26,QB,38,59.375,25,34,207,3,0,3,4,14,0,0,0,0,0,1
2025,2,"89 degrees, relative humidity 56%, wind 4 mph",Miami Dolphins,New England Patriots,Antonio Gibson,NWE,Miami Dolphins,away,27,33,RB,5,9.615384615384617,0,0,0,0,0,0,5,27,0,1,1,1,0,0
2025,2,"89 degrees, relative humidity 56%, wind 4 mph",Miami Dolphins,New England Patriots,Austin Hooper,NWE,Miami Dolphins,away,27,33,TE,0,0.0,0,0,0,0,0,0,0,0,0,3,3,38,0,0
2025,2,"89 degrees, relative humidity 56%, wind 4 mph",Miami Dolphins,New England Patriots,Demario Douglas,NWE,Miami Dolphins,away,27,33,WR,0,0.0,0,0,0,0,0,0,0,0,0,1,1,8,0,0
2025,2,"89 degrees, relative humidity 56%, wind 4 mph",Miami Dolphins,New England Patriots,Drake Maye,NWE,Miami Dolphins,away,27,33,QB,33,63.46153846153846,19,23,230,2,0,3,10,31,1,0,0,0,0,0
2025,2,"89 degrees, relative humidity 56%, wind 4 mph",Miami Dolphins,New England Patriots,Hunter Henry,NWE,Miami Dolphins,away,27,33,TE,0,0.0,0,0,0,0,0,0,0,0,0,3,1,9,0,0
2025,2,"89 degrees, relative humidity 56%, wind 4 mph",Miami Dolphins,New England Patriots,Kayshon Boutte,NWE,Miami Dolphins,away,27,33,WR,0,0.0,0,0,0,0,0,0,0,0,0,1,1,16,1,0
2025,2,"89 degrees, relative humidity 56%, wind 4 mph",Miami Dolphins,New England Patriots,Mack Hollins,NWE,Miami Dolphins,away,27,33,WR,0,0.0,0,0,0,0,0,0,0,0,0,2,1,8,1,0
2025,2,"89 degrees, relative humidity 56%, wind 4 mph",Miami Dolphins,New England Patriots,Rhamondre Stevenson,NWE,Miami Dolphins,away,27,33,RB,11,21.153846153846153,0,0,0,0,0,0,11,54,0,5,5,88,0,0
2025,2,"89 degrees, relative humidity 56%, wind 4 mph",Miami Dolphins,New England Patriots,Stefon Diggs,NWE,Miami Dolphins,away,27,33,WR,0,0.0,0,0,0,0,0,0,0,0,0,5,4,32,0,0
2025,2,"89 degrees, relative humidity 56%, wind 4 mph",Miami Dolphins,New England Patriots,TreVeyon Henderson,NWE,Miami Dolphins,away,27,33,RB,3,5.769230769230769,0,0,0,0,0,0,3,10,0,2,2,30,0,0
2025,2,,New York Giants,Dallas Cowboys,Cam Skattebo,NYG,Dallas Cowboys,home,37,40,RB,11,17.741935483870968,0,0,0,0,0,0,11,45,1,3,2,14,0,0
2025,2,,New York Giants,Dallas Cowboys,Darius Slayton,NYG,Dallas Cowboys,home,37,40,WR,0,0.0,0,0,0,0,0,0,0,0,0,3,2,61,0,0
2025,2,,New York Giants,Dallas Cowboys,Devin Singletary,NYG,Dallas Cowboys,home,37,40,RB,1,1.6129032258064515,0,0,0,0,0,0,1,4,0,1,1,-4,0,0
2025,2,,New York Giants,Dallas Cowboys,Jaxson Dart,NYG,Dallas Cowboys,home,37,40,QB,1,1.6129032258064515,0,0,0,0,0,0,1,-3,0,0,0,0,0,0
2025,2,,New York Giants,Dallas Cowboys,Malik Nabers,NYG,Dallas Cowboys,home,37,40,WR,0,0.0,0,0,0,0,0,0,0,0,0,13,9,167,2,0
2025,2,,New York Giants,Dallas Cowboys,Russell Wilson,NYG,Dallas Cowboys,home,37,40,QB,44,70.96774193548387,30,41,450,3,1,3,3,23,0,0,0,0,0,1
2025,2,,New York Giants,Dallas Cowboys,Theo Johnson,NYG,Dallas Cowboys,home,37,40,TE,0,0.0,0,0,0,0,0,0,0,0,0,5,4,34,0,0
2025,2,,New York Giants,Dallas Cowboys,Tyrone Tracy Jr.,NYG,Dallas Cowboys,home,37,40,RB,5,8.064516129032258,0,0,0,0,0,0,5,15,0,5,4,36,0,0
2025,2,,New York Giants,Dallas Cowboys,Wan'Dale Robinson,NYG,Dallas Cowboys,home,37,40,WR,0,0.0,0,0,0,0,0,0,0,0,0,10,8,142,1,0
2025,2,"80 degrees, relative humidity 49%, wind 3 mph",New York Jets,Buffalo Bills,Arian Smith,NYJ,Buffalo Bills,home,30,10,WR,1,2.3255813953488373,0,0,0,0,0,0,1,-10,0,2,1,8,0,0
2025,2,"80 degrees, relative humidity 49%, wind 3 mph",New York Jets,Buffalo Bills,Braelon Allen,NYJ,Buffalo Bills,home,30,10,RB,2,4.651162790697675,0,0,0,0,0,0,2,11,0,1,0,0,0,0
2025,2,"80 degrees, relative humidity 49%, wind 3 mph",New York Jets,Buffalo Bills,Breece Hall,NYJ,Buffalo Bills,home,30,10,RB,10,23.25581395348837,0,0,0,0,0,0,10,29,0,3,2,9,0,0
2025,2,"80 degrees, relative humidity 49%, wind 3 mph",New York Jets,Buffalo Bills,Garrett Wilson,NYJ,Buffalo Bills,home,30,10,WR,0,0.0,0,0,0,0,0,0,0,0,0,8,4,50,0,1
2025,2,"80 degrees, relative humidity 49%, wind 3 mph",New York Jets,Buffalo Bills,Isaiah Davis,NYJ,Buffalo Bills,home,30,10,RB,0,0.0,0,0,0,0,0,0,0,0,0,3,1,6,0,0
2025,2,"80 degrees, relative humidity 49%, wind 3 mph",New York Jets,Buffalo Bills,Jeremy Ruckert,NYJ,Buffalo Bills,home,30,10,TE,0,0.0,0,0,0,0,0,0,0,0,0,1,1,5,1,0
2025,2,"80 degrees, relative humidity 49%, wind 3 mph",New York Jets,Buffalo Bills,Justin Fields,NYJ,Buffalo Bills,home,30,10,QB,16,37.2093023255814,3,11,27,0,0,2,5,49,0,0,0,0,0,2
2025,2,"80 degrees, relative humidity 49%, wind 3 mph",New York Jets,Buffalo Bills,Mason Taylor,NYJ,Buffalo Bills,home,30,10,TE,0,0.0,0,0,0,0,0,0,0,0,0,2,1,5,0,0
2025,2,"80 degrees, relative humidity 49%, wind 3 mph",New York Jets,Buffalo Bills,Tyler Johnson,NYJ,Buffalo Bills,home,30,10,WR,0,0.0,0,0,0,0,0,0,0,0,0,1,0,0,0,0
2025,2,"80 degrees, relative humidity 49%, wind 3 mph",New York Jets,Buffalo Bills,Tyrod Taylor,NYJ,Buffalo Bills,home,30,10,QB,14,32.55813953488372,7,11,56,1,0,2,3,21,0,0,0,0,0,0
2025,2,"88 degrees, relative humidity 46%, wind 12 mph",Kansas City Chiefs,Philadelphia Eagles,A.J. Brown,PHI,Kansas City Chiefs,away,17,20,WR,0,0.0,0,0,0,0,0,0,0,0,0,8,5,27,0,0
2025,2,"88 degrees, relative humidity 46%, wind 12 mph",Kansas City Chiefs,Philadelphia Eagles,AJ Dillon,PHI,Kansas City Chiefs,away,17,20,RB,3,5.357142857142857,0,0,0,0,0,0,3,19,0,0,0,0,0,0
2025,2,"88 degrees, relative humidity 46%, wind 12 mph",Kansas City Chiefs,Philadelphia Eagles,DeVonta Smith,PHI,Kansas City Chiefs,away,17,20,WR,0,0.0,0,0,0,0,0,0,0,0,0,6,4,53,0,0
2025,2,"88 degrees, relative humidity 46%, wind 12 mph",Kansas City Chiefs,Philadelphia Eagles,Grant Calcaterra,PHI,Kansas City Chiefs,away,17,20,TE,0,0.0,0,0,0,0,0,0,0,0,0,2,1,6,0,0
2025,2,"88 degrees, relative humidity 46%, wind 12 mph",Kansas City Chiefs,Philadelphia Eagles,Jahan Dotson,PHI,Kansas City Chiefs,away,17,20,WR,0,0.0,0,0,0,0,0,0,0,0,0,1,1,4,0,0
2025,2,"88 degrees, relative humidity 46%, wind 12 mph",Kansas City Chiefs,Philadelphia Eagles,Jalen Hurts,PHI,Kansas City Chiefs,away,17,20,QB,31,55.35714285714286,15,22,101,0,0,2,9,15,1,0,0,0,0,1
2025,2,"88 degrees, relative humidity 46%, wind 12 mph",Kansas City Chiefs,Philadelphia Eagles,John Metchie,PHI,Kansas City Chiefs,away,17,20,WR,0,0.0,0,0,0,0,0,0,0,0,0,1,1,0,0,0
2025,2,"88 degrees, relative humidity 46%, wind 12 mph",Kansas City Chiefs,Philadelphia Eagles,Kylen Granson,PHI,Kansas City Chiefs,away,17,20,TE,0,0.0,0,0,0,0,0,0,0,0,0,1,1,5,0,0
2025,2,"88 degrees, relative humidity 46%, wind 12 mph",Kansas City Chiefs,Philadelphia Eagles,Saquon Barkley,PHI,Kansas City Chiefs,away,17,20,RB,22,39.285714285714285,0,0,0,0,0,0,22,88,1,2,2,6,0,0
2025,2,"79 degrees, relative humidity 46%, wind 5 mph",Pittsburgh Steelers,Seattle Seahawks,Aaron Rodgers,PIT,Seattle Seahawks,home,31,17,QB,34,60.71428571428571,18,33,203,1,2,3,1,3,0,0,0,0,0,0
2025,2,"79 degrees, relative humidity 46%, wind 5 mph",Pittsburgh Steelers,Seattle Seahawks,Calvin Austin,PIT,Seattle Seahawks,home,31,17,UNK,0,0.0,0,0,0,0,0,0,0,0,0,4,1,22,0,0
2025,2,"79 degrees, relative humidity 46%, wind 5 mph",Pittsburgh Steelers,Seattle Seahawks,Connor Heyward,PIT,Seattle Seahawks,home,31,17,TE,0,0.0,0,0,0,0,0,0,0,0,0,1,1,6,0,0
2025,2,"79 degrees, relative humidity 46%, wind 5 mph",Pittsburgh Steelers,Seattle Seahawks,D.K. Metcalf,PIT,Seattle Seahawks,home,31,17,WR,0,0.0,0,0,0,0,0,0,0,0,0,6,3,20,1,0
2025,2,"79 degrees, relative humidity 46%, wind 5 mph",Pittsburgh Steelers,Seattle Seahawks,Darnell Washington,PIT,Seattle Seahawks,home,31,17,TE,0,0.0,0,0,0,0,0,0,0,0,0,1,0,0,0,0
2025,2,"79 degrees, relative humidity 46%, wind 5 mph",Pittsburgh Steelers,Seattle Seahawks,Jaylen Warren,PIT,Seattle Seahawks,home,31,17,RB,14,25.0,0,0,0,0,0,0,14,48,0,4,4,86,0,0
2025,2,"79 degrees, relative humidity 46%, wind 5 mph",Pittsburgh Steelers,Seattle Seahawks,Jonnu Smith,PIT,Seattle Seahawks,home,31,17,TE,0,0.0,0,0,0,0,0,0,0,0,0,4,4,27,0,0
2025,2,"79 degrees, relative humidity 46%, wind 5 mph",Pittsburgh Steelers,Seattle Seahawks,Kaleb Johnson,PIT,Seattle Seahawks,home,31,17,RB,1,1.7857142857142856,0,0,0,0,0,0,1,1,0,0,0,0,0,0
2025,2,"79 degrees, relative humidity 46%, wind 5 mph",Pittsburgh Steelers,Seattle Seahawks,Kenneth Gainwell,PIT,Seattle Seahawks,home,31,17,RB,5,8.928571428571429,0,0,0,0,0,0,5,20,0,5,3,16,0,0
2025,2,"79 degrees, relative humidity 46%, wind 5 mph",Pittsburgh Steelers,Seattle Seahawks,Mason Rudolph,PIT,Seattle Seahawks,home,31,17,QB,2,3.571428571428571,2,2,12,0,0,0,0,0,0,0,0,0,0,0
2025,2,"79 degrees, relative humidity 46%, wind 5 mph",Pittsburgh Steelers,Seattle Seahawks,Pat Freiermuth,PIT,Seattle Seahawks,home,31,17,TE,0,0.0,0,0,0,0,0,0,0,0,0,4,3,31,0,0
2025,2,"79 degrees, relative humidity 46%, wind 5 mph",Pittsburgh Steelers,Seattle Seahawks,Roman Wilson,PIT,Seattle Seahawks,home,31,17,WR,0,0.0,0,0,0,0,0,0,0,0,0,2,1,7,0,0
2025,2,"79 degrees, relative humidity 46%, wind 5 mph",Pittsburgh Steelers,Seattle Seahawks,AJ Barner,SEA,Pittsburgh Steelers,away,17,31,TE,1,1.6129032258064515,0,0,0,0,0,0,1,2,0,3,2,26,1,0
2025,2,"79 degrees, relative humidity 46%, wind 5 mph",Pittsburgh Steelers,Seattle Seahawks,Cooper Kupp,SEA,Pittsburgh Steelers,away,17,31,WR,0,0.0,0,0,0,0,0,0,0,0,0,9,7,90,0,0
2025,2,"79 degrees, relative humidity 46%, wind 5 mph",Pittsburgh Steelers,Seattle Seahawks,Elijah Arroyo,SEA,Pittsburgh Steelers,away,17,31,TE,0,0.0,0,0,0,0,0,0,0,0,0,3,2,31,0,0
2025,2,"79 degrees, relative humidity 46%, wind 5 mph",Pittsburgh Steelers,Seattle Seahawks,Jaxon Smith-Njigba,SEA,Pittsburgh Steelers,away,17,31,WR,0,0.0,0,0,0,0,0,0,0,0,0,10,8,103,0,0
2025,2,"79 degrees, relative humidity 46%, wind 5 mph",Pittsburgh Steelers,Seattle Seahawks,Kenneth Walker,SEA,Pittsburgh Steelers,away,17,31,UNK,13,20.967741935483872,0,0,0,0,0,0,13,105,1,1,1,13,0,0
2025,2,"79 degrees, relative humidity 46%, wind 5 mph",Pittsburgh Steelers,Seattle Seahawks,Sam Darnold,SEA,Pittsburgh Steelers,away,17,31,QB,33,53.2258064516129,22,33,295,2,2,2,0,0,0,0,0,0,0,0
2025,2,"79 degrees, relative humidity 46%, wind 5 mph",Pittsburgh Steelers,Seattle Seahawks,Tory Horton,SEA,Pittsburgh Steelers,away,17,31,WR,0,0.0,0,0,0,0,0,0,0,0,0,4,2,32,1,0
2025,2,"79 degrees, relative humidity 46%, wind 5 mph",Pittsburgh Steelers,Seattle Seahawks,Zach Charbonnet,SEA,Pittsburgh Steelers,away,17,31,RB,15,24.193548387096776,0,0,0,0,0,0,15,10,0,0,0,0,0,0
2025,2,,New Orleans Saints,San Francisco 49ers,Brayden Willis,SFO,New Orleans Saints,away,21,26,TE,0,0.0,0,0,0,0,0,0,0,0,0,1,0,0,0,0
2025,2,,New Orleans Saints,San Francisco 49ers,Brian Robinson Jr.,SFO,New Orleans Saints,away,21,26,RB,6,9.230769230769232,0,0,0,0,0,0,6,20,0,1,1,-1,0,0
2025,2,,New Orleans Saints,San Francisco 49ers,Christian McCaffrey,SFO,New Orleans Saints,away,21,26,RB,13,20.0,0,0,0,0,0,0,13,55,0,7,6,52,1,0
2025,2,,New Orleans Saints,San Francisco 49ers,Jake Tonges,SFO,New Orleans Saints,away,21,26,TE,0,0.0,0,0,0,0,0,0,0,0,0,5,4,31,0,0
2025,2,,New Orleans Saints,San Francisco 49ers,Jauan Jennings,SFO,New Orleans Saints,away,21,26,WR,0,0.0,0,0,0,0,0,0,0,0,0,10,5,89,1,0
2025,2,,New Orleans Saints,San Francisco 49ers,Kendrick Bourne,SFO,New Orleans Saints,away,21,26,WR,0,0.0,0,0,0,0,0,0,0,0,0,3,3,32,0,0
2025,2,,New Orleans Saints,San Francisco 49ers,Kyle Juszczyk,SFO,New Orleans Saints,away,21,26,FB,0,0.0,0,0,0,0,0,0,0,0,0,1,1,5,0,0
2025,2,,New Orleans Saints,San Francisco 49ers,Luke Farrell,SFO,New Orleans Saints,away,21,26,TE,0,0.0,0,0,0,0,0,0,0,0,0,3,2,15,1,0
2025,2,,New Orleans Saints,San Francisco 49ers,Mac Jones,SFO,New Orleans Saints,away,21,26,QB,45,69.23076923076923,26,39,279,3,0,3,6,6,0,0,0,0,0,2
2025,2,,New Orleans Saints,San Francisco 49ers,Marquez Valdes-Scantling,SFO,New Orleans Saints,away,21,26,WR,0,0.0,0,0,0,0,0,0,0,0,0,1,0,0,0,0
2025,2,,New Orleans Saints,San Francisco 49ers,Ricky Pearsall,SFO,New Orleans Saints,away,21,26,WR,1,1.5384615384615385,0,0,0,0,0,0,1,-4,0,6,4,56,0,0
2025,2,,Houston Texans,Tampa Bay Buccaneers,Baker Mayfield,TAM,Houston Texans,away,19,20,QB,41,60.29411764705882,25,38,215,2,0,4,3,33,0,0,0,0,0,1
2025,2,,Houston Texans,Tampa Bay Buccaneers,Bucky Irving,TAM,Houston Texans,away,19,20,RB,17,25.0,0,0,0,0,0,0,17,71,0,6,6,50,0,0
2025,2,,Houston Texans,Tampa Bay Buccaneers,Cade Otton,TAM,Houston Texans,away,19,20,TE,0,0.0,0,0,0,0,0,0,0,0,0,4,3,25,0,0
2025,2,,Houston Texans,Tampa Bay Buccaneers,Emeka Egbuka,TAM,Houston Texans,away,19,20,WR,0,0.0,0,0,0,0,0,0,0,0,0,7,4,29,1,0
2025,2,,Houston Texans,Tampa Bay Buccaneers,Mike Evans,TAM,Houston Texans,away,19,20,WR,0,0.0,0,0,0,0,0,0,0,0,0,11,5,56,0,0
2025,2,,Houston Texans,Tampa Bay Buccaneers,Payne Durham,TAM,Houston Texans,away,19,20,TE,0,0.0,0,0,0,0,0,0,0,0,0,1,0,0,0,0
2025,2,,Houston Texans,Tampa Bay Buccaneers,Rachaad White,TAM,Houston Texans,away,19,20,RB,10,14.705882352941178,0,0,0,0,0,0,10,65,1,2,2,1,0,0
2025,2,,Houston Texans,Tampa Bay Buccaneers,Ryan Miller,TAM,Houston Texans,away,19,20,WR,0,0.0,0,0,0,0,0,0,0,0,0,1,1,20,1,0
2025,2,,Houston Texans,Tampa Bay Buccaneers,Sterling Shepard,TAM,Houston Texans,away,19,20,WR,0,0.0,0,0,0,0,0,0,0,0,0,4,4,34,0,0
2025,2,"83 degrees, relative humidity 46%, wind 3 mph",Tennessee Titans,Los Angeles Rams,Calvin Ridley,TEN,Los Angeles Rams,home,33,19,WR,0,0.0,0,0,0,0,0,0,0,0,0,6,3,57,0,0
2025,2,"83 degrees, relative humidity 46%, wind 3 mph",Tennessee Titans,Los Angeles Rams,Cam Ward,TEN,Los Angeles Rams,home,33,19,QB,37,62.71186440677966,19,33,175,1,0,5,4,8,0,0,0,0,0,1
2025,2,"83 degrees, relative humidity 46%, wind 3 mph",Tennessee Titans,Los Angeles Rams,Chigoziem Okonkwo,TEN,Los Angeles Rams,home,33,19,TE,0,0.0,0,0,0,0,0,0,0,0,0,6,4,35,0,0
2025,2,"83 degrees, relative humidity 46%, wind 3 mph",Tennessee Titans,Los Angeles Rams,Chimere Dike,TEN,Los Angeles Rams,home,33,19,WR,2,3.389830508474576,0,0,0,0,0,0,2,9,0,5,2,-1,0,0
2025,2,"83 degrees, relative humidity 46%, wind 3 mph",Tennessee Titans,Los Angeles Rams,Elic Ayomanor,TEN,Los Angeles Rams,home,33,19,WR,0,0.0,0,0,0,0,0,0,0,0,0,6,4,56,1,0
2025,2,"83 degrees, relative humidity 46%, wind 3 mph",Tennessee Titans,Los Angeles Rams,Gunnar Helm,TEN,Los Angeles Rams,home,33,19,TE,0,0.0,0,0,0,0,0,0,0,0,0,2,2,9,0,0
2025,2,"83 degrees, relative humidity 46%, wind 3 mph",Tennessee Titans,Los Angeles Rams,Tony Pollard,TEN,Los Angeles Rams,home,33,19,RB,20,33.89830508474576,0,0,0,0,0,0,20,92,0,1,0,0,0,0
2025,2,"83 degrees, relative humidity 46%, wind 3 mph",Tennessee Titans,Los Angeles Rams,Tyler Lockett,TEN,Los Angeles Rams,home,33,19,WR,0,0.0,0,0,0,0,0,0,0,0,0,3,2,9,0,0
2025,2,"83 degrees, relative humidity 46%, wind 3 mph",Tennessee Titans,Los Angeles Rams,Van Jefferson,TEN,Los Angeles Rams,home,33,19,WR,0,0.0,0,0,0,0,0,0,0,0,0,2,2,10,0,0
2025,2,"65 degrees, relative humidity 78%, wind 7 mph",Washington Commanders,Green Bay Packers,Austin Ekeler,WAS,Green Bay Packers,home,18,27,RB,8,13.114754098360656,0,0,0,0,0,0,8,17,0,4,2,7,0,0
2025,2,"65 degrees, relative humidity 78%, wind 7 mph",Washington Commanders,Green Bay Packers,Ben Sinnott,WAS,Green Bay Packers,home,18,27,TE,0,0.0,0,0,0,0,0,0,0,0,0,1,1,7,0,0
2025,2,"65 degrees, relative humidity 78%, wind 7 mph",Washington Commanders,Green Bay Packers,Deebo Samuel,WAS,Green Bay Packers,home,18,27,WR,0,0.0,0,0,0,0,0,0,0,0,0,8,7,44,1,0
2025,2,"65 degrees, relative humidity 78%, wind 7 mph",Washington Commanders,Green Bay Packers,Jacory Croskey-Merritt,WAS,Green Bay Packers,home,18,27,RB,4,6.557377049180328,0,0,0,0,0,0,4,17,0,1,0,0,0,0
2025,2,"65 degrees, relative humidity 78%, wind 7 mph",Washington Commanders,Green Bay Packers,Jayden Daniels,WAS,Green Bay Packers,home,18,27,QB,49,80.32786885245902,24,42,200,2,0,4,7,17,0,0,0,0,0,0
2025,2,"65 degrees, relative humidity 78%, wind 7 mph",Washington Commanders,Green Bay Packers,Jaylin Lane,WAS,Green Bay Packers,home,18,27,WR,0,0.0,0,0,0,0,0,0,0,0,0,4,1,2,0,0
2025,2,"65 degrees, relative humidity 78%, wind 7 mph",Washington Commanders,Green Bay Packers,Luke McCaffrey,WAS,Green Bay Packers,home,18,27,WR,0,0.0,0,0,0,0,0,0,0,0,0,1,1,19,0,0
2025,2,"65 degrees, relative humidity 78%, wind 7 mph",Washington Commanders,Green Bay Packers,Noah Brown,WAS,Green Bay Packers,home,18,27,WR,0,0.0,0,0,0,0,0,0,0,0,0,4,1,9,0,0
2025,2,"65 degrees, relative humidity 78%, wind 7 mph",Washington Commanders,Green Bay Packers,Terry McLaurin,WAS,Green Bay Packers,home,18,27,WR,0,0.0,0,0,0,0,0,0,0,0,0,9,5,48,0,0
2025,2,"65 degrees, relative humidity 78%, wind 7 mph",Washington Commanders,Green Bay Packers,Zach Ertz,WAS,Green Bay Packers,home,18,27,TE,0,0.0,0,0,0,0,0,0,0,0,0,8,6,64,1,0
2025,3,"72 degrees, relative humidity 65%, wind 7 mph",Arizona Cardinals,San Francisco 49ers,Elijah Higgins,ARI,San Francisco 49ers,home,15,16,TE,0,0.0,0,0,0,0,0,0,0,0,0,1,1,7,0,0
2025,3,"72 degrees, relative humidity 65%, wind 7 mph",Arizona Cardinals,San Francisco 49ers,Emari Demercado,ARI,San Francisco 49ers,home,15,16,RB,2,3.1746031746031744,0,0,0,0,0,0,2,0,0,1,0,0,0,0
2025,3,"72 degrees, relative humidity 65%, wind 7 mph",Arizona Cardinals,San Francisco 49ers,Greg Dortch,ARI,San Francisco 49ers,home,15,16,WR,1,1.5873015873015872,0,0,0,0,0,0,1,5,0,2,2,3,0,0
2025,3,"72 degrees, relative humidity 65%, wind 7 mph",Arizona Cardinals,San Francisco 49ers,James Conner,ARI,San Francisco 49ers,home,15,16,RB,9,14.285714285714285,0,0,0,0,0,0,9,22,0,4,3,15,0,1
2025,3,"72 degrees, relative humidity 65%, wind 7 mph",Arizona Cardinals,San Francisco 49ers,Kyler Murray,ARI,San Francisco 49ers,home,15,16,QB,41,65.07936507936508,22,35,159,1,0,1,6,37,0,0,0,0,0,0
2025,3,"72 degrees, relative humidity 65%, wind 7 mph",Arizona Cardinals,San Francisco 49ers,Marvin Harrison Jr.,ARI,San Francisco 49ers,home,15,16,WR,0,0.0,0,0,0,0,0,0,0,0,0,6,3,44,0,0
2025,3,"72 degrees, relative humidity 65%, wind 7 mph",Arizona Cardinals,San Francisco 49ers,Michael Wilson,ARI,San Francisco 49ers,home,15,16,WR,0,0.0,0,0,0,0,0,0,0,0,0,2,1,5,0,0
2025,3,"72 degrees, relative humidity 65%, wind 7 mph",Arizona Cardinals,San Francisco 49ers,Tip Reiman,ARI,San Francisco 49ers,home,15,16,TE,0,0.0,0,0,0,0,0,0,0,0,0,3,2,8,0,0
2025,3,"72 degrees, relative humidity 65%, wind 7 mph",Arizona Cardinals,San Francisco 49ers,Trey Benson,ARI,San Francisco 49ers,home,15,16,RB,10,15.873015873015872,0,0,0,0,0,0,10,42,0,4,3,9,0,0
2025,3,"72 degrees, relative humidity 65%, wind 7 mph",Arizona Cardinals,San Francisco 49ers,Trey McBride,ARI,San Francisco 49ers,home,15,16,TE,0,0.0,0,0,0,0,0,0,0,0,0,8,5,43,1,0
2025,3,"72 degrees, relative humidity 65%, wind 7 mph",Arizona Cardinals,San Francisco 49ers,Zay Jones,ARI,San Francisco 49ers,home,15,16,WR,0,0.0,0,0,0,0,0,0,0,0,0,3,2,25,0,0
2025,3,"83 degrees, relative humidity 51%, wind 5 mph",Atlanta Falcons,Carolina Panthers,Bijan Robinson,ATL,Carolina Panthers,home,0,30,RB,13,19.696969696969695,0,0,0,0,0,0,13,72,0,6,5,39,0,0
2025,3,"83 degrees, relative humidity 51%, wind 5 mph",Atlanta Falcons,Carolina Panthers,Charlie Woerner,ATL,Carolina Panthers,home,0,30,TE,0,0.0,0,0,0,0,0,0,0,0,0,1,1,-5,0,0
2025,3,"83 degrees, relative humidity 51%, wind 5 mph",Atlanta Falcons,Carolina Panthers,Darnell Mooney,ATL,Carolina Panthers,home,0,30,WR,0,0.0,0,0,0,0,0,0,0,0,0,11,4,44,0,0
2025,3,"83 degrees, relative humidity 51%, wind 5 mph",Atlanta Falcons,Carolina Panthers,David Sills,ATL,Carolina Panthers,home,0,30,UNK,0,0.0,0,0,0,0,0,0,0,0,0,2,1,9,0,0
2025,3,"83 degrees, relative humidity 51%, wind 5 mph",Atlanta Falcons,Carolina Panthers,Drake London,ATL,Carolina Panthers,home,0,30,WR,0,0.0,0,0,0,0,0,0,0,0,0,8,5,55,0,0
2025,3,"83 degrees, relative humidity 51%, wind 5 mph",Atlanta Falcons,Carolina Panthers,Kirk Cousins,ATL,Carolina Panthers,home,0,30,QB,7,10.606060606060606,5,7,29,0,0,0,0,0,0,0,0,0,0,0
2025,3,"83 degrees, relative humidity 51%, wind 5 mph",Atlanta Falcons,Carolina Panthers,Kyle Pitts,ATL,Carolina Panthers,home,0,30,TE,0,0.0,0,0,0,0,0,0,0,0,0,6,4,39,0,0
2025,3,"83 degrees, relative humidity 51%, wind 5 mph",Atlanta Falcons,Carolina Panthers,Michael Penix,ATL,Carolina Panthers,home,0,30,QB,38,57.57575757575758,18,36,172,0,2,0,2,9,0,0,0,0,0,0
2025,3,"83 degrees, relative humidity 51%, wind 5 mph",Atlanta Falcons,Carolina Panthers,Nathan Carter,ATL,Carolina Panthers,home,0,30,RB,7,10.606060606060606,0,0,0,0,0,0,7,46,0,0,0,0,0,1
2025,3,"83 degrees, relative humidity 51%, wind 5 mph",Atlanta Falcons,Carolina Panthers,Ray-Ray McCloud,ATL,Carolina Panthers,home,0,30,WR,0,0.0,0,0,0,0,0,0,0,0,0,5,2,20,0,0
2025,3,"83 degrees, relative humidity 51%, wind 5 mph",Atlanta Falcons,Carolina Panthers,Tyler Allgeier,ATL,Carolina Panthers,home,0,30,RB,1,1.5151515151515151,0,0,0,0,0,0,1,4,0,2,1,0,0,0
2025,3,"74 degrees, relative humidity 64%, wind 7 mph",Baltimore Ravens,Detroit Lions,Charlie Kolar,BAL,Detroit Lions,home,38,30,TE,0,0.0,0,0,0,0,0,0,0,0,0,3,2,22,0,0
2025,3,"74 degrees, relative humidity 64%, wind 7 mph",Baltimore Ravens,Detroit Lions,DeAndre Hopkins,BAL,Detroit Lions,home,38,30,WR,0,0.0,0,0,0,0,0,0,0,0,0,2,1,13,0,0
2025,3,"74 degrees, relative humidity 64%, wind 7 mph",Baltimore Ravens,Detroit Lions,Derrick Henry,BAL,Detroit Lions,home,38,30,RB,13,27.659574468085108,0,1,0,0,0,0,12,50,1,1,1,7,0,1
2025,3,"74 degrees, relative humidity 64%, wind 7 mph",Baltimore Ravens,Detroit Lions,Devontez Walker,BAL,Detroit Lions,home,38,30,WR,0,0.0,0,0,0,0,0,0,0,0,0,1,1,34,0,0
2025,3,"74 degrees, relative humidity 64%, wind 7 mph",Baltimore Ravens,Detroit Lions,Justice Hill,BAL,Detroit Lions,home,38,30,RB,0,0.0,0,0,0,0,0,0,0,0,0,4,3,45,0,0
2025,3,"74 degrees, relative humidity 64%, wind 7 mph",Baltimore Ravens,Detroit Lions,Lamar Jackson,BAL,Detroit Lions,home,38,30,QB,34,72.3404255319149,21,27,288,3,0,7,7,35,0,0,0,0,0,1
2025,3,"74 degrees, relative humidity 64%, wind 7 mph",Baltimore Ravens,Detroit Lions,Mark Andrews,BAL,Detroit Lions,home,38,30,TE,0,0.0,0,0,0,0,0,0,0,0,0,6,6,91,2,0
2025,3,"74 degrees, relative humidity 64%, wind 7 mph",Baltimore Ravens,Detroit Lions,Rashod Bateman,BAL,Detroit Lions,home,38,30,WR,0,0.0,0,0,0,0,0,0,0,0,0,7,5,63,1,0
2025,3,"74 degrees, relative humidity 64%, wind 7 mph",Baltimore Ravens,Detroit Lions,Tylan Wallace,BAL,Detroit Lions,home,38,30,WR,0,0.0,0,0,0,0,0,0,0,0,0,1,0,0,0,0
2025,3,"74 degrees, relative humidity 64%, wind 7 mph",Baltimore Ravens,Detroit Lions,Zay Flowers,BAL,Detroit Lions,home,38,30,WR,0,0.0,0,0,0,0,0,0,0,0,0,3,2,13,0,0
2025,3,"68 degrees, relative humidity 71%, wind 7 mph",Miami Dolphins,Buffalo Bills,Dalton Kincaid,BUF,Miami Dolphins,away,31,21,TE,0,0.0,0,0,0,0,0,0,0,0,0,6,5,66,1,0
2025,3,"68 degrees, relative humidity 71%, wind 7 mph",Miami Dolphins,Buffalo Bills,Elijah Moore,BUF,Miami Dolphins,away,31,21,WR,1,1.8181818181818181,0,0,0,0,0,0,1,11,0,3,2,30,0,0
2025,3,"68 degrees, relative humidity 71%, wind 7 mph",Miami Dolphins,Buffalo Bills,Jackson Hawes,BUF,Miami Dolphins,away,31,21,TE,0,0.0,0,0,0,0,0,0,0,0,0,1,1,5,1,0
2025,3,"68 degrees, relative humidity 71%, wind 7 mph",Miami Dolphins,Buffalo Bills,James Cook,BUF,Miami Dolphins,away,31,21,RB,19,34.54545454545455,0,0,0,0,0,0,19,108,1,3,3,10,0,0
2025,3,"68 degrees, relative humidity 71%, wind 7 mph",Miami Dolphins,Buffalo Bills,Josh Allen,BUF,Miami Dolphins,away,31,21,QB,32,58.18181818181818,22,28,213,3,0,2,4,25,0,0,0,0,0,1
2025,3,"68 degrees, relative humidity 71%, wind 7 mph",Miami Dolphins,Buffalo Bills,Josh Palmer,BUF,Miami Dolphins,away,31,21,WR,0,0.0,0,0,0,0,0,0,0,0,0,1,1,5,0,0
2025,3,"68 degrees, relative humidity 71%, wind 7 mph",Miami Dolphins,Buffalo Bills,Keon Coleman,BUF,Miami Dolphins,away,31,21,WR,0,0.0,0,0,0,0,0,0,0,0,0,4,3,20,0,0
2025,3,"68 degrees, relative humidity 71%, wind 7 mph",Miami Dolphins,Buffalo Bills,Khalil Shakir,BUF,Miami Dolphins,away,31,21,WR,0,0.0,0,0,0,0,0,0,0,0,0,4,4,45,1,0
2025,3,"68 degrees, relative humidity 71%, wind 7 mph",Miami Dolphins,Buffalo Bills,Ray Davis,BUF,Miami Dolphins,away,31,21,RB,0,0.0,0,0,0,0,0,0,0,0,0,1,0,0,0,0
2025,3,"68 degrees, relative humidity 71%, wind 7 mph",Miami Dolphins,Buffalo Bills,Ty Johnson,BUF,Miami Dolphins,away,31,21,RB,3,5.454545454545454,0,0,0,0,0,0,3,13,0,2,1,8,0,0
2025,3,"68 degrees, relative humidity 71%, wind 7 mph",Miami Dolphins,Buffalo Bills,Tyrell Shavers,BUF,Miami Dolphins,away,31,21,WR,0,0.0,0,0,0,0,0,0,0,0,0,2,2,24,0,0
2025,3,"83 degrees, relative humidity 51%, wind 5 mph",Atlanta Falcons,Carolina Panthers,Andy Dalton,CAR,Atlanta Falcons,away,30,0,QB,1,1.8518518518518516,0,0,0,0,0,0,1,-1,0,0,0,0,0,0
2025,3,"83 degrees, relative humidity 51%, wind 5 mph",Atlanta Falcons,Carolina Panthers,Bryce Young,CAR,Atlanta Falcons,away,30,0,QB,26,48.148148148148145,16,24,121,0,0,1,2,8,1,0,0,0,0,0
2025,3,"83 degrees, relative humidity 51%, wind 5 mph",Atlanta Falcons,Carolina Panthers,Brycen Tremayne,CAR,Atlanta Falcons,away,30,0,WR,0,0.0,0,0,0,0,0,0,0,0,0,2,2,15,0,0
2025,3,"83 degrees, relative humidity 51%, wind 5 mph",Atlanta Falcons,Carolina Panthers,Chuba Hubbard,CAR,Atlanta Falcons,away,30,0,RB,17,31.48148148148148,0,0,0,0,0,0,17,73,0,3,2,3,0,0
2025,3,"83 degrees, relative humidity 51%, wind 5 mph",Atlanta Falcons,Carolina Panthers,David Moore,CAR,Atlanta Falcons,away,30,0,WR,0,0.0,0,0,0,0,0,0,0,0,0,1,1,5,0,0
2025,3,"83 degrees, relative humidity 51%, wind 5 mph",Atlanta Falcons,Carolina Panthers,Hunter Renfrow,CAR,Atlanta Falcons,away,30,0,WR,0,0.0,0,0,0,0,0,0,0,0,0,4,2,6,0,0
2025,3,"83 degrees, relative humidity 51%, wind 5 mph",Atlanta Falcons,Carolina Panthers,Ja'Tavion Sanders,CAR,Atlanta Falcons,away,30,0,TE,0,0.0,0,0,0,0,0,0,0,0,0,2,2,11,0,0
2025,3,"83 degrees, relative humidity 51%, wind 5 mph",Atlanta Falcons,Carolina Panthers,Mitchell Evans,CAR,Atlanta Falcons,away,30,0,TE,0,0.0,0,0,0,0,0,0,0,0,0,1,1,9,0,0
2025,3,"83 degrees, relative humidity 51%, wind 5 mph",Atlanta Falcons,Carolina Panthers,Rico Dowdle,CAR,Atlanta Falcons,away,30,0,RB,10,18.51851851851852,0,0,0,0,0,0,10,30,1,1,1,8,0,0
2025,3,"83 degrees, relative humidity 51%, wind 5 mph",Atlanta Falcons,Carolina Panthers,Tetairoa McMillan,CAR,Atlanta Falcons,away,30,0,WR,0,0.0,0,0,0,0,0,0,0,0,0,8,3,48,0,0
2025,3,"83 degrees, relative humidity 51%, wind 5 mph",Atlanta Falcons,Carolina Panthers,Tommy Tremble,CAR,Atlanta Falcons,away,30,0,TE,0,0.0,0,0,0,0,0,0,0,0,0,2,2,16,0,0
2025,3,"82 degrees, relative humidity 48%, wind 4 mph",Dallas Cowboys,Chicago Bears,Caleb Williams,CHI,Dallas Cowboys,away,31,14,QB,33,57.89473684210527,19,28,298,4,0,0,5,12,0,0,0,0,0,0
2025,3,"82 degrees, relative humidity 48%, wind 4 mph",Dallas Cowboys,Chicago Bears,Cole Kmet,CHI,Dallas Cowboys,away,31,14,TE,0,0.0,0,0,0,0,0,0,0,0,0,1,1,10,1,0
2025,3,"82 degrees, relative humidity 48%, wind 4 mph",Dallas Cowboys,Chicago Bears,Colston Loveland,CHI,Dallas Cowboys,away,31,14,TE,0,0.0,0,0,0,0,0,0,0,0,0,3,1,31,0,0
2025,3,"82 degrees, relative humidity 48%, wind 4 mph",Dallas Cowboys,Chicago Bears,D'Andre Swift,CHI,Dallas Cowboys,away,31,14,RB,13,22.807017543859647,0,0,0,0,0,0,13,33,0,4,3,45,0,0
2025,3,"82 degrees, relative humidity 48%, wind 4 mph",Dallas Cowboys,Chicago Bears,D.J. Moore,CHI,Dallas Cowboys,away,31,14,WR,3,5.263157894736842,0,0,0,0,0,0,3,7,0,5,4,21,1,0
2025,3,"82 degrees, relative humidity 48%, wind 4 mph",Dallas Cowboys,Chicago Bears,Kyle Monangai,CHI,Dallas Cowboys,away,31,14,RB,6,10.526315789473683,0,0,0,0,0,0,6,16,0,1,1,4,0,0
2025,3,"82 degrees, relative humidity 48%, wind 4 mph",Dallas Cowboys,Chicago Bears,Luther Burden,CHI,Dallas Cowboys,away,31,14,WR,1,1.7543859649122806,0,0,0,0,0,0,1,7,0,3,3,101,1,0
2025,3,"82 degrees, relative humidity 48%, wind 4 mph",Dallas Cowboys,Chicago Bears,Olamide Zaccheaus,CHI,Dallas Cowboys,away,31,14,WR,1,1.7543859649122806,0,0,0,0,0,0,1,12,0,4,3,24,0,0
2025,3,"82 degrees, relative humidity 48%, wind 4 mph",Dallas Cowboys,Chicago Bears,Rome Odunze,CHI,Dallas Cowboys,away,31,14,WR,0,0.0,0,0,0,0,0,0,0,0,0,7,3,62,1,0
2025,3,,Cincinnati Bengals,Minnesota Vikings,Brett Rypien,CIN,Minnesota Vikings,home,10,48,QB,0,0.0,0,0,0,0,0,1,0,0,0,0,0,0,0,0
2025,3,,Cincinnati Bengals,Minnesota Vikings,Cam Grandy,CIN,Minnesota Vikings,home,10,48,TE,0,0.0,0,0,0,0,0,0,0,0,0,1,1,6,0,1
2025,3,,Cincinnati Bengals,Minnesota Vikings,Chase Brown,CIN,Minnesota Vikings,home,10,48,HB,10,20.833333333333336,0,0,0,0,0,0,10,3,0,5,4,17,0,1
2025,3,,Cincinnati Bengals,Minnesota Vikings,Drew Sample,CIN,Minnesota Vikings,home,10,48,TE,0,0.0,0,0,0,0,0,0,0,0,0,3,2,20,1,0
2025,3,,Cincinnati Bengals,Minnesota Vikings,Ja'Marr Chase,CIN,Minnesota Vikings,home,10,48,WR,1,2.083333333333333,0,0,0,0,0,0,1,9,0,6,5,50,0,1
2025,3,,Cincinnati Bengals,Minnesota Vikings,Jake Browning,CIN,Minnesota Vikings,home,10,48,QB,28,58.333333333333336,19,27,140,1,2,3,1,3,0,0,0,0,0,0
2025,3,,Cincinnati Bengals,Minnesota Vikings,Mike Gesicki,CIN,Minnesota Vikings,home,10,48,TE,0,0.0,0,0,0,0,0,0,0,0,0,3,1,6,0,0
2025,3,,Cincinnati Bengals,Minnesota Vikings,Mitchell Tinsley,CIN,Minnesota Vikings,home,10,48,WR,0,0.0,0,0,0,0,0,0,0,0,0,1,0,0,0,0
2025,3,,Cincinnati Bengals,Minnesota Vikings,Noah Fant,CIN,Minnesota Vikings,home,10,48,TE,0,0.0,0,0,0,0,0,0,0,0,0,5,5,26,0,1
2025,3,,Cincinnati Bengals,Minnesota Vikings,Samaje Perine,CIN,Minnesota Vikings,home,10,48,HB,4,8.333333333333332,0,0,0,0,0,0,4,21,0,0,0,0,0,1
2025,3,,Cincinnati Bengals,Minnesota Vikings,Tahj Brooks,CIN,Minnesota Vikings,home,10,48,HB,5,10.416666666666668,0,0,0,0,0,0,5,17,0,0,0,0,0,0
2025,3,,Cincinnati Bengals,Minnesota Vikings,Tee Higgins,CIN,Minnesota Vikings,home,10,48,WR,0,0.0,0,0,0,0,0,0,0,0,0,2,1,15,0,0
2025,3,"79 degrees, relative humidity 53%, wind 10 mph",Green Bay Packers,Cleveland Browns,Cedric Tillman,CLE,Green Bay Packers,away,13,10,WR,0,0.0,0,0,0,0,0,0,0,0,0,3,3,26,0,0
2025,3,"79 degrees, relative humidity 53%, wind 10 mph",Green Bay Packers,Cleveland Browns,David Njoku,CLE,Green Bay Packers,away,13,10,TE,0,0.0,0,0,0,0,0,0,0,0,0,7,5,40,0,0
2025,3,"79 degrees, relative humidity 53%, wind 10 mph",Green Bay Packers,Cleveland Browns,Dylan Sampson,CLE,Green Bay Packers,away,13,10,RB,1,1.8181818181818181,0,0,0,0,0,0,1,2,0,0,0,0,0,0
2025,3,"79 degrees, relative humidity 53%, wind 10 mph",Green Bay Packers,Cleveland Browns,Harold Fannin,CLE,Green Bay Packers,away,13,10,TE,0,0.0,0,0,0,0,0,0,0,0,0,4,3,25,0,0
2025,3,"79 degrees, relative humidity 53%, wind 10 mph",Green Bay Packers,Cleveland Browns,Isaiah Bond,CLE,Green Bay Packers,away,13,10,WR,0,0.0,0,0,0,0,0,0,0,0,0,4,2,16,0,0
2025,3,"79 degrees, relative humidity 53%, wind 10 mph",Green Bay Packers,Cleveland Browns,Jamari Thrash,CLE,Green Bay Packers,away,13,10,WR,0,0.0,0,0,0,0,0,0,0,0,0,3,2,7,0,0
2025,3,"79 degrees, relative humidity 53%, wind 10 mph",Green Bay Packers,Cleveland Browns,Jerome Ford,CLE,Green Bay Packers,away,13,10,RB,0,0.0,0,0,0,0,0,0,0,0,0,4,4,10,0,0
2025,3,"79 degrees, relative humidity 53%, wind 10 mph",Green Bay Packers,Cleveland Browns,Jerry Jeudy,CLE,Green Bay Packers,away,13,10,WR,0,0.0,0,0,0,0,0,0,0,0,0,5,1,17,0,0
2025,3,"79 degrees, relative humidity 53%, wind 10 mph",Green Bay Packers,Cleveland Browns,Joe Flacco,CLE,Green Bay Packers,away,13,10,QB,36,65.45454545454545,21,36,142,0,1,2,0,0,0,0,0,0,0,0
2025,3,"79 degrees, relative humidity 53%, wind 10 mph",Green Bay Packers,Cleveland Browns,Luke Wypler,CLE,Green Bay Packers,away,13,10,C,0,0.0,0,0,0,0,0,0,0,0,0,1,0,0,0,0
2025,3,"79 degrees, relative humidity 53%, wind 10 mph",Green Bay Packers,Cleveland Browns,Quinshon Judkins,CLE,Green Bay Packers,away,13,10,RB,18,32.72727272727273,0,0,0,0,0,0,18,94,1,2,1,1,0,0
2025,3,"82 degrees, relative humidity 48%, wind 4 mph",Dallas Cowboys,Chicago Bears,Dak Prescott,DAL,Chicago Bears,home,14,31,QB,40,61.53846153846154,31,40,251,1,2,2,0,0,0,0,0,0,0,0
2025,3,"82 degrees, relative humidity 48%, wind 4 mph",Dallas Cowboys,Chicago Bears,George Pickens,DAL,Chicago Bears,home,14,31,WR,0,0.0,0,0,0,0,0,0,0,0,0,9,5,68,1,0
2025,3,"82 degrees, relative humidity 48%, wind 4 mph",Dallas Cowboys,Chicago Bears,Jake Ferguson,DAL,Chicago Bears,home,14,31,TE,0,0.0,0,0,0,0,0,0,0,0,0,14,13,82,0,0
2025,3,"82 degrees, relative humidity 48%, wind 4 mph",Dallas Cowboys,Chicago Bears,Jalen Tolbert,DAL,Chicago Bears,home,14,31,WR,0,0.0,0,0,0,0,0,0,0,0,0,6,3,24,0,0
2025,3,"82 degrees, relative humidity 48%, wind 4 mph",Dallas Cowboys,Chicago Bears,Javonte Williams,DAL,Chicago Bears,home,14,31,RB,10,15.384615384615385,0,0,0,0,0,0,10,76,0,5,5,16,0,1
2025,3,"82 degrees, relative humidity 48%, wind 4 mph",Dallas Cowboys,Chicago Bears,Joe Milton,DAL,Chicago Bears,home,14,31,QB,5,7.6923076923076925,3,5,41,0,1,0,0,0,0,0,0,0,0,0
2025,3,"82 degrees, relative humidity 48%, wind 4 mph",Dallas Cowboys,Chicago Bears,KaVontae Turpin,DAL,Chicago Bears,home,14,31,WR,1,1.5384615384615385,0,0,0,0,0,0,1,4,0,3,2,64,0,0
2025,3,"82 degrees, relative humidity 48%, wind 4 mph",Dallas Cowboys,Chicago Bears,Luke Schoonmaker,DAL,Chicago Bears,home,14,31,TE,0,0.0,0,0,0,0,0,0,0,0,0,1,1,5,0,0
2025,3,"82 degrees, relative humidity 48%, wind 4 mph",Dallas Cowboys,Chicago Bears,Miles Sanders,DAL,Chicago Bears,home,14,31,RB,9,13.846153846153847,0,0,0,0,0,0,9,41,0,3,3,12,0,0
2025,3,"82 degrees, relative humidity 48%, wind 4 mph",Dallas Cowboys,Chicago Bears,Ryan Flournoy,DAL,Chicago Bears,home,14,31,WR,0,0.0,0,0,0,0,0,0,0,0,0,3,2,21,0,0
2025,3,,Denver Broncos,Los Angeles Chargers,Bo Nix,DEN,Los Angeles Chargers,home,20,23,QB,33,71.73913043478261,14,25,153,1,0,2,8,33,0,0,0,0,0,0
2025,3,,Denver Broncos,Los Angeles Chargers,Courtland Sutton,DEN,Los Angeles Chargers,home,20,23,WR,0,0.0,0,0,0,0,0,0,0,0,0,8,6,118,1,0
2025,3,,Denver Broncos,Los Angeles Chargers,J.K. Dobbins,DEN,Los Angeles Chargers,home,20,23,RB,11,23.91304347826087,0,0,0,0,0,0,11,83,1,2,1,0,0,0
2025,3,,Denver Broncos,Los Angeles Chargers,Lucas Krull,DEN,Los Angeles Chargers,home,20,23,TE,0,0.0,0,0,0,0,0,0,0,0,0,2,1,9,0,0
2025,3,,Denver Broncos,Los Angeles Chargers,Marvin Mims,DEN,Los Angeles Chargers,home,20,23,WR,0,0.0,0,0,0,0,0,0,0,0,0,4,1,4,0,0
2025,3,,Denver Broncos,Los Angeles Chargers,RJ Harvey,DEN,Los Angeles Chargers,home,20,23,RB,2,4.3478260869565215,0,0,0,0,0,0,2,2,0,3,3,14,0,0
2025,3,,Denver Broncos,Los Angeles Chargers,Troy Franklin,DEN,Los Angeles Chargers,home,20,23,WR,0,0.0,0,0,0,0,0,0,0,0,0,4,2,8,0,0
2025,3,"74 degrees, relative humidity 64%, wind 7 mph",Baltimore Ravens,Detroit Lions,Amon-Ra St. Brown,DET,Baltimore Ravens,away,30,38,WR,0,0.0,0,0,0,0,0,0,0,0,0,8,7,77,1,0
2025,3,"74 degrees, relative humidity 64%, wind 7 mph",Baltimore Ravens,Detroit Lions,David Montgomery,DET,Baltimore Ravens,away,30,38,RB,12,18.181818181818183,0,0,0,0,0,0,12,151,2,1,1,13,0,0
2025,3,"74 degrees, relative humidity 64%, wind 7 mph",Baltimore Ravens,Detroit Lions,Isaac TeSlaa,DET,Baltimore Ravens,away,30,38,WR,0,0.0,0,0,0,0,0,0,0,0,0,2,0,0,0,0
2025,3,"74 degrees, relative humidity 64%, wind 7 mph",Baltimore Ravens,Detroit Lions,Jahmyr Gibbs,DET,Baltimore Ravens,away,30,38,RB,22,33.33333333333333,0,0,0,0,0,0,22,67,2,6,5,32,0,0
2025,3,"74 degrees, relative humidity 64%, wind 7 mph",Baltimore Ravens,Detroit Lions,Jameson Williams,DET,Baltimore Ravens,away,30,38,WR,0,0.0,0,0,0,0,0,0,0,0,0,3,2,43,0,0
2025,3,"74 degrees, relative humidity 64%, wind 7 mph",Baltimore Ravens,Detroit Lions,Jared Goff,DET,Baltimore Ravens,away,30,38,QB,32,48.484848484848484,20,28,202,1,0,0,4,6,0,0,0,0,0,1
2025,3,"74 degrees, relative humidity 64%, wind 7 mph",Baltimore Ravens,Detroit Lions,Kalif Raymond,DET,Baltimore Ravens,away,30,38,WR,0,0.0,0,0,0,0,0,0,0,0,0,2,1,4,0,0
2025,3,"74 degrees, relative humidity 64%, wind 7 mph",Baltimore Ravens,Detroit Lions,Sam LaPorta,DET,Baltimore Ravens,away,30,38,TE,0,0.0,0,0,0,0,0,0,0,0,0,4,4,33,0,0
2025,3,"79 degrees, relative humidity 53%, wind 10 mph",Green Bay Packers,Cleveland Browns,Dontayvion Wicks,GNB,Green Bay Packers,away,13,10,WR,0,0.0,0,0,0,0,0,0,0,0,0,4,2,21,0,0
2025,3,"79 degrees, relative humidity 53%, wind 10 mph",Green Bay Packers,Cleveland Browns,Emanuel Wilson,GNB,Green Bay Packers,away,13,10,RB,6,10.714285714285714,0,0,0,0,0,0,6,25,0,0,0,0,0,0
2025,3,"79 degrees, relative humidity 53%, wind 10 mph",Green Bay Packers,Cleveland Browns,John FitzPatrick,GNB,Green Bay Packers,away,13,10,TE,0,0.0,0,0,0,0,0,0,0,0,0,2,2,12,1,0
2025,3,"79 degrees, relative humidity 53%, wind 10 mph",Green Bay Packers,Cleveland Browns,Jordan Love,GNB,Green Bay Packers,away,13,10,QB,29,51.78571428571429,18,25,183,1,1,5,4,18,0,0,0,0,0,0
2025,3,"79 degrees, relative humidity 53%, wind 10 mph",Green Bay Packers,Cleveland Browns,Josh Jacobs,GNB,Green Bay Packers,away,13,10,RB,16,28.57142857142857,0,0,0,0,0,0,16,30,0,9,5,44,0,1
2025,3,"79 degrees, relative humidity 53%, wind 10 mph",Green Bay Packers,Cleveland Browns,Matthew Golden,GNB,Green Bay Packers,away,13,10,WR,3,5.357142857142857,0,0,0,0,0,0,3,9,0,4,4,52,0,0
2025,3,"79 degrees, relative humidity 53%, wind 10 mph",Green Bay Packers,Cleveland Browns,Romeo Doubs,GNB,Green Bay Packers,away,13,10,WR,0,0.0,0,0,0,0,0,0,0,0,0,2,2,25,0,0
2025,3,"79 degrees, relative humidity 53%, wind 10 mph",Green Bay Packers,Cleveland Browns,Savion Williams,GNB,Green Bay Packers,away,13,10,WR,2,3.571428571428571,0,0,0,0,0,0,2,-1,0,0,0,0,0,0
2025,3,"79 degrees, relative humidity 53%, wind 10 mph",Green Bay Packers,Cleveland Browns,Tucker Kraft,GNB,Green Bay Packers,away,13,10,TE,0,0.0,0,0,0,0,0,0,0,0,0,4,3,29,0,0
2025,3,"85 degrees, relative humidity 59%, wind 11 mph",Houston Texans,Jacksonville Jaguars,C.J. Stroud,HOU,Jacksonville Jaguars,home,10,17,QB,42,73.68421052631578,25,38,204,1,2,2,4,22,0,0,0,0,0,0
2025,3,"85 degrees, relative humidity 59%, wind 11 mph",Houston Texans,Jacksonville Jaguars,Christian Kirk,HOU,Jacksonville Jaguars,home,10,17,WR,0,0.0,0,0,0,0,0,0,0,0,0,8,3,25,0,0
2025,3,"85 degrees, relative humidity 59%, wind 11 mph",Houston Texans,Jacksonville Jaguars,Dalton Schultz,HOU,Jacksonville Jaguars,home,10,17,TE,0,0.0,0,0,0,0,0,0,0,0,0,6,5,39,0,0
2025,3,"85 degrees, relative humidity 59%, wind 11 mph",Houston Texans,Jacksonville Jaguars,Jayden Higgins,HOU,Jacksonville Jaguars,home,10,17,WR,0,0.0,0,0,0,0,0,0,0,0,0,1,1,5,0,0
2025,3,"85 degrees, relative humidity 59%, wind 11 mph",Houston Texans,Jacksonville Jaguars,Jaylin Noel,HOU,Jacksonville Jaguars,home,10,17,WR,0,0.0,0,0,0,0,0,0,0,0,0,1,1,4,0,0
2025,3,"85 degrees, relative humidity 59%, wind 11 mph",Houston Texans,Jacksonville Jaguars,Nick Chubb,HOU,Jacksonville Jaguars,home,10,17,RB,9,15.789473684210526,0,0,0,0,0,0,9,38,0,4,3,2,0,0
2025,3,"85 degrees, relative humidity 59%, wind 11 mph",Houston Texans,Jacksonville Jaguars,Nico Collins,HOU,Jacksonville Jaguars,home,10,17,WR,0,0.0,0,0,0,0,0,0,0,0,0,11,8,104,1,1
2025,3,"85 degrees, relative humidity 59%, wind 11 mph",Houston Texans,Jacksonville Jaguars,Woody Marks,HOU,Jacksonville Jaguars,home,10,17,RB,6,10.526315789473683,0,0,0,0,0,0,6,27,0,2,1,9,0,0
2025,3,"85 degrees, relative humidity 59%, wind 11 mph",Houston Texans,Jacksonville Jaguars,Xavier Hutchinson,HOU,Jacksonville Jaguars,home,10,17,WR,0,0.0,0,0,0,0,0,0,0,0,0,3,3,16,0,0
2025,3,"84 degrees, relative humidity 49%, wind 8 mph",Tennessee Titans,Indianapolis Colts,Adonai Mitchell,IND,Tennessee Titans,away,20,41,WR,0,0.0,0,0,0,0,0,0,0,0,0,2,0,0,0,0
2025,3,"84 degrees, relative humidity 49%, wind 8 mph",Tennessee Titans,Indianapolis Colts,Alec Pierce,IND,Tennessee Titans,away,20,41,WR,0,0.0,0,0,0,0,0,0,0,0,0,5,4,67,0,0
2025,3,"84 degrees, relative humidity 49%, wind 8 mph",Tennessee Titans,Indianapolis Colts,Anthony Richardson,IND,Tennessee Titans,away,20,41,QB,4,7.547169811320755,0,0,0,0,0,0,4,-1,0,0,0,0,0,0
2025,3,"84 degrees, relative humidity 49%, wind 8 mph",Tennessee Titans,Indianapolis Colts,DJ Giddens,IND,Tennessee Titans,away,20,41,RB,1,1.8867924528301887,0,0,0,0,0,0,1,3,0,0,0,0,0,0
2025,3,"84 degrees, relative humidity 49%, wind 8 mph",Tennessee Titans,Indianapolis Colts,Daniel Jones,IND,Tennessee Titans,away,20,41,QB,29,54.71698113207547,18,25,228,1,0,0,4,27,0,0,0,0,0,0
2025,3,"84 degrees, relative humidity 49%, wind 8 mph",Tennessee Titans,Indianapolis Colts,Jonathan Taylor,IND,Tennessee Titans,away,20,41,RB,17,32.075471698113205,0,0,0,0,0,0,17,102,3,4,3,16,0,0
2025,3,"84 degrees, relative humidity 49%, wind 8 mph",Tennessee Titans,Indianapolis Colts,Josh Downs,IND,Tennessee Titans,away,20,41,WR,0,0.0,0,0,0,0,0,0,0,0,0,3,2,34,0,0
2025,3,"84 degrees, relative humidity 49%, wind 8 mph",Tennessee Titans,Indianapolis Colts,Michael Pittman Jr.,IND,Tennessee Titans,away,20,41,WR,0,0.0,0,0,0,0,0,0,0,0,0,6,6,73,1,0
2025,3,"84 degrees, relative humidity 49%, wind 8 mph",Tennessee Titans,Indianapolis Colts,Tyler Goodson,IND,Tennessee Titans,away,20,41,RB,2,3.7735849056603774,0,0,0,0,0,0,2,6,0,0,0,0,0,0
2025,3,"84 degrees, relative humidity 49%, wind 8 mph",Tennessee Titans,Indianapolis Colts,Tyler Warren,IND,Tennessee Titans,away,20,41,TE,0,0.0,0,0,0,0,0,0,0,0,0,5,3,38,0,0
2025,3,"85 degrees, relative humidity 59%, wind 11 mph",Houston Texans,Jacksonville Jaguars,Bhayshul Tuten,JAX,Houston Texans,away,17,10,RB,6,9.375,0,0,0,0,0,0,6,21,1,1,0,0,0,0
2025,3,"85 degrees, relative humidity 59%, wind 11 mph",Houston Texans,Jacksonville Jaguars,Brenton Strange,JAX,Houston Texans,away,17,10,TE,0,0.0,0,0,0,0,0,0,0,0,0,7,6,61,0,0
2025,3,"85 degrees, relative humidity 59%, wind 11 mph",Houston Texans,Jacksonville Jaguars,Brian Thomas,JAX,Houston Texans,away,17,10,WR,0,0.0,0,0,0,0,0,0,0,0,0,6,2,55,0,0
2025,3,"85 degrees, relative humidity 59%, wind 11 mph",Houston Texans,Jacksonville Jaguars,Dyami Brown,JAX,Houston Texans,away,17,10,WR,0,0.0,0,0,0,0,0,0,0,0,0,3,2,7,0,0
2025,3,"85 degrees, relative humidity 59%, wind 11 mph",Houston Texans,Jacksonville Jaguars,Hunter Long,JAX,Houston Texans,away,17,10,TE,0,0.0,0,0,0,0,0,0,0,0,0,3,2,12,0,0
2025,3,"85 degrees, relative humidity 59%, wind 11 mph",Houston Texans,Jacksonville Jaguars,Johnny Mundt,JAX,Houston Texans,away,17,10,TE,0,0.0,0,0,0,0,0,0,0,0,0,1,1,7,0,0
2025,3,"85 degrees, relative humidity 59%, wind 11 mph",Houston Texans,Jacksonville Jaguars,LeQuint Allen,JAX,Houston Texans,away,17,10,RB,0,0.0,0,0,0,0,0,0,0,0,0,1,1,9,0,0
2025,3,"85 degrees, relative humidity 59%, wind 11 mph",Houston Texans,Jacksonville Jaguars,Parker Washington,JAX,Houston Texans,away,17,10,WR,0,0.0,0,0,0,0,0,0,0,0,0,11,4,34,0,0
2025,3,"85 degrees, relative humidity 59%, wind 11 mph",Houston Texans,Jacksonville Jaguars,Tim Patrick,JAX,Houston Texans,away,17,10,WR,0,0.0,0,0,0,0,0,0,0,0,0,1,1,16,0,0
2025,3,"85 degrees, relative humidity 59%, wind 11 mph",Houston Texans,Jacksonville Jaguars,Travis Etienne,JAX,Houston Texans,away,17,10,RB,16,25.0,0,0,0,0,0,0,16,56,1,2,0,0,0,0
2025,3,"85 degrees, relative humidity 59%, wind 11 mph",Houston Texans,Jacksonville Jaguars,Travis Hunter,JAX,Houston Texans,away,17,10,WR,0,0.0,0,0,0,0,0,0,0,0,0,2,1,21,0,0
2025,3,"85 degrees, relative humidity 59%, wind 11 mph",Houston Texans,Jacksonville Jaguars,Trevor Lawrence,JAX,Houston Texans,away,17,10,QB,42,65.625,20,40,222,0,1,2,2,9,0,0,0,0,0,0
2025,3,"65 degrees, relative humidity 56%, wind 5 mph",New York Giants,Kansas City Chiefs,Brashard Smith,KAN,New York Giants,away,9,22,RB,2,3.076923076923077,0,0,0,0,0,0,2,13,0,1,0,0,0,0
2025,3,"65 degrees, relative humidity 56%, wind 5 mph",New York Giants,Kansas City Chiefs,Isiah Pacheco,KAN,New York Giants,away,9,22,RB,10,15.384615384615385,0,0,0,0,0,0,10,45,0,1,1,3,0,0
2025,3,"65 degrees, relative humidity 56%, wind 5 mph",New York Giants,Kansas City Chiefs,JuJu Smith-Schuster,KAN,New York Giants,away,9,22,WR,0,0.0,0,0,0,0,0,0,0,0,0,4,4,55,0,0
2025,3,"65 degrees, relative humidity 56%, wind 5 mph",New York Giants,Kansas City Chiefs,Kareem Hunt,KAN,New York Giants,away,9,22,RB,10,15.384615384615385,0,0,0,0,0,0,10,34,1,1,1,10,0,0
2025,3,"65 degrees, relative humidity 56%, wind 5 mph",New York Giants,Kansas City Chiefs,Marquise Brown,KAN,New York Giants,away,9,22,WR,0,0.0,0,0,0,0,0,0,0,0,0,6,4,42,0,0
2025,3,"65 degrees, relative humidity 56%, wind 5 mph",New York Giants,Kansas City Chiefs,Nikko Remigio,KAN,New York Giants,away,9,22,WR,1,1.5384615384615385,0,0,0,0,0,0,1,11,0,0,0,0,0,0
2025,3,"65 degrees, relative humidity 56%, wind 5 mph",New York Giants,Kansas City Chiefs,Noah Gray,KAN,New York Giants,away,9,22,TE,0,0.0,0,0,0,0,0,0,0,0,0,6,3,17,0,0
2025,3,"65 degrees, relative humidity 56%, wind 5 mph",New York Giants,Kansas City Chiefs,Patrick Mahomes,KAN,New York Giants,away,9,22,QB,42,64.61538461538461,22,37,224,1,0,2,5,2,0,0,0,0,0,2
2025,3,"65 degrees, relative humidity 56%, wind 5 mph",New York Giants,Kansas City Chiefs,Travis Kelce,KAN,New York Giants,away,9,22,TE,0,0.0,0,0,0,0,0,0,0,0,0,7,4,26,0,0
2025,3,"65 degrees, relative humidity 56%, wind 5 mph",New York Giants,Kansas City Chiefs,Tyquan Thornton,KAN,New York Giants,away,9,22,WR,0,0.0,0,0,0,0,0,0,0,0,0,9,5,71,1,0
2025,3,,Denver Broncos,Los Angeles Chargers,Derius Davis,LAC,Denver Broncos,away,23,20,WR,1,1.3333333333333335,0,0,0,0,0,0,1,2,0,0,0,0,0,1
2025,3,,Denver Broncos,Los Angeles Chargers,Justin Herbert,LAC,Denver Broncos,away,23,20,QB,49,65.33333333333333,28,47,300,1,1,5,2,6,0,0,0,0,0,0
2025,3,,Denver Broncos,Los Angeles Chargers,Keenan Allen,LAC,Denver Broncos,away,23,20,WR,0,0.0,0,0,0,0,0,0,0,0,0,11,7,65,1,0
2025,3,,Denver Broncos,Los Angeles Chargers,Ladd McConkey,LAC,Denver Broncos,away,23,20,WR,0,0.0,0,0,0,0,0,0,0,0,0,7,4,41,0,0
2025,3,,Denver Broncos,Los Angeles Chargers,Najee Harris,LAC,Denver Broncos,away,23,20,RB,6,8.0,0,0,0,0,0,0,6,28,0,0,0,0,0,0
2025,3,,Denver Broncos,Los Angeles Chargers,Omarion Hampton,LAC,Denver Broncos,away,23,20,RB,19,25.333333333333336,0,0,0,0,0,0,19,70,1,7,6,59,0,1
2025,3,,Denver Broncos,Los Angeles Chargers,Oronde Gadsden,LAC,Denver Broncos,away,23,20,UNK,0,0.0,0,0,0,0,0,0,0,0,0,7,5,46,0,0
2025,3,,Denver Broncos,Los Angeles Chargers,Quentin Johnston,LAC,Denver Broncos,away,23,20,WR,0,0.0,0,0,0,0,0,0,0,0,0,9,6,89,0,0
2025,3,,Denver Broncos,Los Angeles Chargers,Tre Harris,LAC,Denver Broncos,away,23,20,WR,0,0.0,0,0,0,0,0,0,0,0,0,1,0,0,0,0
2025,3,,Denver Broncos,Los Angeles Chargers,Tucker Fisk,LAC,Denver Broncos,away,23,20,TE,0,0.0,0,0,0,0,0,0,0,0,0,1,0,0,0,0
2025,3,,Denver Broncos,Los Angeles Chargers,Tyler Conklin,LAC,Denver Broncos,away,23,20,TE,0,0.0,0,0,0,0,0,0,0,0,0,2,0,0,0,0
2025,3,"73 degrees, relative humidity 47%, wind 9 mph",Los Angeles Rams,Philadelphia Eagles,Blake Corum,LAR,Philadelphia Eagles,home,26,33,RB,8,12.307692307692308,0,0,0,0,0,0,8,53,0,0,0,0,0,0
2025,3,"73 degrees, relative humidity 47%, wind 9 mph",Los Angeles Rams,Philadelphia Eagles,Davante Adams,LAR,Philadelphia Eagles,home,26,33,WR,0,0.0,0,0,0,0,0,0,0,0,0,8,3,56,1,0
2025,3,"73 degrees, relative humidity 47%, wind 9 mph",Los Angeles Rams,Philadelphia Eagles,Davis Allen,LAR,Philadelphia Eagles,home,26,33,TE,0,0.0,0,0,0,0,0,0,0,0,0,1,1,3,0,0
2025,3,"73 degrees, relative humidity 47%, wind 9 mph",Los Angeles Rams,Philadelphia Eagles,Jordan Whittington,LAR,Philadelphia Eagles,home,26,33,WR,2,3.076923076923077,0,0,0,0,0,0,2,7,0,3,2,7,0,0
2025,3,"73 degrees, relative humidity 47%, wind 9 mph",Los Angeles Rams,Philadelphia Eagles,Joshua Karty,LAR,Philadelphia Eagles,home,26,33,K,1,1.5384615384615385,0,1,0,0,0,0,0,0,0,0,0,0,0,0
2025,3,"73 degrees, relative humidity 47%, wind 9 mph",Los Angeles Rams,Philadelphia Eagles,Kyren Williams,LAR,Philadelphia Eagles,home,26,33,RB,20,30.76923076923077,0,0,0,0,0,0,20,94,0,3,2,18,1,0
2025,3,"73 degrees, relative humidity 47%, wind 9 mph",Los Angeles Rams,Philadelphia Eagles,Matthew Stafford,LAR,Philadelphia Eagles,home,26,33,QB,33,50.76923076923077,19,33,196,2,1,1,0,0,0,0,0,0,0,0
2025,3,"73 degrees, relative humidity 47%, wind 9 mph",Los Angeles Rams,Philadelphia Eagles,Puka Nacua,LAR,Philadelphia Eagles,home,26,33,WR,1,1.5384615384615385,0,0,0,0,0,0,1,6,0,15,11,112,0,0
2025,3,"73 degrees, relative humidity 47%, wind 9 mph",Los Angeles Rams,Philadelphia Eagles,Tutu Atwell,LAR,Philadelphia Eagles,home,26,33,WR,0,0.0,0,0,0,0,0,0,0,0,0,1,0,0,0,0
2025,3,"73 degrees, relative humidity 47%, wind 9 mph",Los Angeles Rams,Philadelphia Eagles,Tyler Higbee,LAR,Philadelphia Eagles,home,26,33,TE,0,0.0,0,0,0,0,0,0,0,0,0,2,0,0,0,0
2025,3,"72 degrees, relative humidity 72%, wind 6 mph",Las Vegas Raiders,Washington Commanders,Ashton Jeanty,LVR,Las Vegas Raiders,away,41,24,RB,17,29.82456140350877,0,0,0,0,0,0,17,63,0,0,0,0,0,0
2025,3,"72 degrees, relative humidity 72%, wind 6 mph",Las Vegas Raiders,Washington Commanders,Brock Bowers,LVR,Las Vegas Raiders,away,41,24,TE,0,0.0,0,0,0,0,0,0,0,0,0,5,4,38,0,0
2025,3,"72 degrees, relative humidity 72%, wind 6 mph",Las Vegas Raiders,Washington Commanders,Dont'e Thornton,LVR,Las Vegas Raiders,away,41,24,WR,0,0.0,0,0,0,0,0,0,0,0,0,4,2,29,0,0
2025,3,"72 degrees, relative humidity 72%, wind 6 mph",Las Vegas Raiders,Washington Commanders,Dylan Laube,LVR,Las Vegas Raiders,away,41,24,RB,3,5.263157894736842,0,0,0,0,0,0,3,2,0,1,0,0,0,0
2025,3,"72 degrees, relative humidity 72%, wind 6 mph",Las Vegas Raiders,Washington Commanders,Geno Smith,LVR,Las Vegas Raiders,away,41,24,QB,31,54.385964912280706,19,29,289,3,0,5,2,5,0,0,0,0,0,0
2025,3,"72 degrees, relative humidity 72%, wind 6 mph",Las Vegas Raiders,Washington Commanders,Jack Bech,LVR,Las Vegas Raiders,away,41,24,WR,0,0.0,0,0,0,0,0,0,0,0,0,1,1,10,0,0
2025,3,"72 degrees, relative humidity 72%, wind 6 mph",Las Vegas Raiders,Washington Commanders,Jakobi Meyers,LVR,Las Vegas Raiders,away,41,24,WR,0,0.0,0,0,0,0,0,0,0,0,0,4,3,63,0,0
2025,3,"72 degrees, relative humidity 72%, wind 6 mph",Las Vegas Raiders,Washington Commanders,Michael Mayer,LVR,Las Vegas Raiders,away,41,24,TE,0,0.0,0,0,0,0,0,0,0,0,0,1,0,0,0,0
2025,3,"72 degrees, relative humidity 72%, wind 6 mph",Las Vegas Raiders,Washington Commanders,Tre Tucker,LVR,Las Vegas Raiders,away,41,24,WR,1,1.7543859649122806,0,0,0,0,0,0,1,4,0,9,8,145,3,0
2025,3,"72 degrees, relative humidity 72%, wind 6 mph",Las Vegas Raiders,Washington Commanders,Zamir White,LVR,Las Vegas Raiders,away,41,24,RB,5,8.771929824561402,0,0,0,0,0,0,5,19,0,2,1,4,0,0
2025,3,"68 degrees, relative humidity 71%, wind 7 mph",Miami Dolphins,Buffalo Bills,De'Von Achane,MIA,Buffalo Bills,home,21,31,RB,12,20.33898305084746,0,0,0,0,0,0,12,62,0,9,7,29,0,0
2025,3,"68 degrees, relative humidity 71%, wind 7 mph",Miami Dolphins,Buffalo Bills,Jaylen Waddle,MIA,Buffalo Bills,home,21,31,WR,0,0.0,0,0,0,0,0,0,0,0,0,6,5,39,1,0
2025,3,"68 degrees, relative humidity 71%, wind 7 mph",Miami Dolphins,Buffalo Bills,Julian Hill,MIA,Buffalo Bills,home,21,31,TE,0,0.0,0,0,0,0,0,0,0,0,0,1,1,4,0,0
2025,3,"68 degrees, relative humidity 71%, wind 7 mph",Miami Dolphins,Buffalo Bills,Malik Washington,MIA,Buffalo Bills,home,21,31,WR,2,3.389830508474576,0,0,0,0,0,0,2,20,0,5,3,12,0,0
2025,3,"68 degrees, relative humidity 71%, wind 7 mph",Miami Dolphins,Buffalo Bills,Ollie Gordon,MIA,Buffalo Bills,home,21,31,RB,9,15.254237288135593,0,0,0,0,0,0,9,38,1,0,0,0,0,0
2025,3,"68 degrees, relative humidity 71%, wind 7 mph",Miami Dolphins,Buffalo Bills,Tanner Conner,MIA,Buffalo Bills,home,21,31,TE,0,0.0,0,0,0,0,0,0,0,0,0,2,1,13,0,0
2025,3,"68 degrees, relative humidity 71%, wind 7 mph",Miami Dolphins,Buffalo Bills,Tua Tagovailoa,MIA,Buffalo Bills,home,21,31,QB,36,61.016949152542374,22,34,146,2,1,0,2,10,0,0,0,0,0,1
2025,3,"68 degrees, relative humidity 71%, wind 7 mph",Miami Dolphins,Buffalo Bills,Tyreek Hill,MIA,Buffalo Bills,home,21,31,WR,0,0.0,0,0,0,0,0,0,0,0,0,10,5,49,1,0
2025,3,,Cincinnati Bengals,Minnesota Vikings,Adam Thielen,MIN,Cincinnati Bengals,away,48,10,WR,0,0.0,0,0,0,0,0,0,0,0,0,2,0,0,0,0
2025,3,,Cincinnati Bengals,Minnesota Vikings,Cam Akers,MIN,Cincinnati Bengals,away,48,10,RB,5,9.090909090909092,0,0,0,0,0,0,5,19,0,1,0,0,0,0
2025,3,,Cincinnati Bengals,Minnesota Vikings,Carson Wentz,MIN,Cincinnati Bengals,away,48,10,QB,22,40.0,14,20,173,2,0,3,2,4,0,0,0,0,0,0
2025,3,,Cincinnati Bengals,Minnesota Vikings,Jalen Nailor,MIN,Cincinnati Bengals,away,48,10,WR,0,0.0,0,0,0,0,0,0,0,0,0,5,3,37,0,0
2025,3,,Cincinnati Bengals,Minnesota Vikings,Jordan Mason,MIN,Cincinnati Bengals,away,48,10,RB,16,29.09090909090909,0,0,0,0,0,0,16,116,2,0,0,0,0,0
2025,3,,Cincinnati Bengals,Minnesota Vikings,Josh Oliver,MIN,Cincinnati Bengals,away,48,10,TE,0,0.0,0,0,0,0,0,0,0,0,0,1,1,12,1,0
2025,3,,Cincinnati Bengals,Minnesota Vikings,Justin Jefferson,MIN,Cincinnati Bengals,away,48,10,WR,0,0.0,0,0,0,0,0,0,0,0,0,7,5,75,0,0
2025,3,,Cincinnati Bengals,Minnesota Vikings,Max Brosmer,MIN,Cincinnati Bengals,away,48,10,QB,4,7.2727272727272725,2,4,29,0,0,0,0,0,0,0,0,0,0,0
2025,3,,Cincinnati Bengals,Minnesota Vikings,T.J. Hockenson,MIN,Cincinnati Bengals,away,48,10,TE,0,0.0,0,0,0,0,0,0,0,0,0,6,5,49,1,0
2025,3,,Cincinnati Bengals,Minnesota Vikings,Tai Felton,MIN,Cincinnati Bengals,away,48,10,WR,0,0.0,0,0,0,0,0,0,0,0,0,1,1,9,0,0
2025,3,,Cincinnati Bengals,Minnesota Vikings,Zavier Scott,MIN,Cincinnati Bengals,away,48,10,RB,8,14.545454545454545,0,0,0,0,0,0,8,30,0,1,1,20,0,1
2025,3,"63 degrees, relative humidity 84%, wind 3 mph",New Orleans Saints,Seattle Seahawks,Alvin Kamara,NOR,New Orleans Saints,away,44,13,RB,18,26.47058823529412,0,0,0,0,0,0,18,42,0,2,1,14,0,0
2025,3,"63 degrees, relative humidity 84%, wind 3 mph",New Orleans Saints,Seattle Seahawks,Brandin Cooks,NOR,New Orleans Saints,away,44,13,WR,0,0.0,0,0,0,0,0,0,0,0,0,5,3,24,0,0
2025,3,"63 degrees, relative humidity 84%, wind 3 mph",New Orleans Saints,Seattle Seahawks,Chris Olave,NOR,New Orleans Saints,away,44,13,WR,0,0.0,0,0,0,0,0,0,0,0,0,14,10,57,0,0
2025,3,"63 degrees, relative humidity 84%, wind 3 mph",New Orleans Saints,Seattle Seahawks,Jack Stoll,NOR,New Orleans Saints,away,44,13,TE,0,0.0,0,0,0,0,0,0,0,0,0,3,2,21,1,0
2025,3,"63 degrees, relative humidity 84%, wind 3 mph",New Orleans Saints,Seattle Seahawks,Juwan Johnson,NOR,New Orleans Saints,away,44,13,TE,0,0.0,0,0,0,0,0,0,0,0,0,8,6,51,0,0
2025,3,"63 degrees, relative humidity 84%, wind 3 mph",New Orleans Saints,Seattle Seahawks,Kendre Miller,NOR,New Orleans Saints,away,44,13,RB,7,10.294117647058822,0,0,0,0,0,0,7,27,0,2,2,9,0,0
2025,3,"63 degrees, relative humidity 84%, wind 3 mph",New Orleans Saints,Seattle Seahawks,Kevin Austin,NOR,New Orleans Saints,away,44,13,WR,0,0.0,0,0,0,0,0,0,0,0,0,1,0,0,0,0
2025,3,"63 degrees, relative humidity 84%, wind 3 mph",New Orleans Saints,Seattle Seahawks,Rashid Shaheed,NOR,New Orleans Saints,away,44,13,WR,0,0.0,0,0,0,0,0,0,0,0,0,6,4,42,0,0
2025,3,"63 degrees, relative humidity 84%, wind 3 mph",New Orleans Saints,Seattle Seahawks,Spencer Rattler,NOR,New Orleans Saints,away,44,13,QB,41,60.29411764705882,28,39,218,1,1,2,2,10,0,0,0,0,0,0
2025,3,"63 degrees, relative humidity 84%, wind 3 mph",New Orleans Saints,Seattle Seahawks,Tyler Shough,NOR,New Orleans Saints,away,44,13,QB,2,2.941176470588235,0,2,0,0,0,0,0,0,0,0,0,0,0,0
2025,3,"66 degrees, relative humidity 54%, wind 5 mph",New England Patriots,Pittsburgh Steelers,Antonio Gibson,NWE,New England Patriots,away,14,21,RB,7,10.606060606060606,0,0,0,0,0,0,7,28,0,0,0,0,0,1
2025,3,"66 degrees, relative humidity 54%, wind 5 mph",New England Patriots,Pittsburgh Steelers,Austin Hooper,NWE,New England Patriots,away,14,21,TE,0,0.0,0,0,0,0,0,0,0,0,0,3,2,28,0,0
2025,3,"66 degrees, relative humidity 54%, wind 5 mph",New England Patriots,Pittsburgh Steelers,Demario Douglas,NWE,New England Patriots,away,14,21,WR,0,0.0,0,0,0,0,0,0,0,0,0,5,2,7,0,0
2025,3,"66 degrees, relative humidity 54%, wind 5 mph",New England Patriots,Pittsburgh Steelers,Drake Maye,NWE,New England Patriots,away,14,21,QB,44,66.66666666666666,28,37,268,2,1,5,7,45,0,0,0,0,0,1
2025,3,"66 degrees, relative humidity 54%, wind 5 mph",New England Patriots,Pittsburgh Steelers,Hunter Henry,NWE,New England Patriots,away,14,21,TE,0,0.0,0,0,0,0,0,0,0,0,0,11,8,90,2,0
2025,3,"66 degrees, relative humidity 54%, wind 5 mph",New England Patriots,Pittsburgh Steelers,Kayshon Boutte,NWE,New England Patriots,away,14,21,WR,0,0.0,0,0,0,0,0,0,0,0,0,3,2,28,0,0
2025,3,"66 degrees, relative humidity 54%, wind 5 mph",New England Patriots,Pittsburgh Steelers,Kyle Williams,NWE,New England Patriots,away,14,21,WR,0,0.0,0,0,0,0,0,0,0,0,0,1,1,8,0,0
2025,3,"66 degrees, relative humidity 54%, wind 5 mph",New England Patriots,Pittsburgh Steelers,Mack Hollins,NWE,New England Patriots,away,14,21,WR,0,0.0,0,0,0,0,0,0,0,0,0,4,4,27,0,0
2025,3,"66 degrees, relative humidity 54%, wind 5 mph",New England Patriots,Pittsburgh Steelers,Rhamondre Stevenson,NWE,New England Patriots,away,14,21,RB,4,6.0606060606060606,0,0,0,0,0,0,4,18,0,3,3,38,0,2
2025,3,"66 degrees, relative humidity 54%, wind 5 mph",New England Patriots,Pittsburgh Steelers,Stefon Diggs,NWE,New England Patriots,away,14,21,WR,0,0.0,0,0,0,0,0,0,0,0,0,3,3,23,0,0
2025,3,"66 degrees, relative humidity 54%, wind 5 mph",New England Patriots,Pittsburgh Steelers,TreVeyon Henderson,NWE,New England Patriots,away,14,21,RB,11,16.666666666666664,0,0,0,0,0,0,11,28,0,3,3,19,0,0
2025,3,"65 degrees, relative humidity 56%, wind 5 mph",New York Giants,Kansas City Chiefs,Cam Skattebo,NYG,Kansas City Chiefs,home,22,9,RB,10,16.94915254237288,0,0,0,0,0,0,10,60,1,8,6,61,0,0
2025,3,"65 degrees, relative humidity 56%, wind 5 mph",New York Giants,Kansas City Chiefs,Chris Manhertz,NYG,Kansas City Chiefs,home,22,9,TE,0,0.0,0,0,0,0,0,0,0,0,0,1,1,7,0,0
2025,3,"65 degrees, relative humidity 56%, wind 5 mph",New York Giants,Kansas City Chiefs,Daniel Bellinger,NYG,Kansas City Chiefs,home,22,9,TE,0,0.0,0,0,0,0,0,0,0,0,0,1,1,6,0,0
2025,3,"65 degrees, relative humidity 56%, wind 5 mph",New York Giants,Kansas City Chiefs,Darius Slayton,NYG,Kansas City Chiefs,home,22,9,WR,0,0.0,0,0,0,0,0,0,0,0,0,4,4,30,0,0
2025,3,"65 degrees, relative humidity 56%, wind 5 mph",New York Giants,Kansas City Chiefs,Devin Singletary,NYG,Kansas City Chiefs,home,22,9,RB,4,6.779661016949152,0,0,0,0,0,0,4,11,0,0,0,0,0,0
2025,3,"65 degrees, relative humidity 56%, wind 5 mph",New York Giants,Kansas City Chiefs,Jaxson Dart,NYG,Kansas City Chiefs,home,22,9,QB,1,1.694915254237288,0,0,0,0,0,0,1,3,0,0,0,0,0,0
2025,3,"65 degrees, relative humidity 56%, wind 5 mph",New York Giants,Kansas City Chiefs,Malik Nabers,NYG,Kansas City Chiefs,home,22,9,WR,0,0.0,0,0,0,0,0,0,0,0,0,7,2,13,0,0
2025,3,"65 degrees, relative humidity 56%, wind 5 mph",New York Giants,Kansas City Chiefs,Russell Wilson,NYG,Kansas City Chiefs,home,22,9,QB,37,62.71186440677966,18,32,160,0,2,2,5,27,0,0,0,0,0,0
2025,3,"65 degrees, relative humidity 56%, wind 5 mph",New York Giants,Kansas City Chiefs,Theo Johnson,NYG,Kansas City Chiefs,home,22,9,TE,0,0.0,0,0,0,0,0,0,0,0,0,2,1,10,0,0
2025,3,"65 degrees, relative humidity 56%, wind 5 mph",New York Giants,Kansas City Chiefs,Tyrone Tracy Jr.,NYG,Kansas City Chiefs,home,22,9,RB,7,11.864406779661017,0,0,0,0,0,0,7,29,0,3,2,7,0,0
2025,3,"65 degrees, relative humidity 56%, wind 5 mph",New York Giants,Kansas City Chiefs,Wan'Dale Robinson,NYG,Kansas City Chiefs,home,22,9,WR,0,0.0,0,0,0,0,0,0,0,0,0,4,1,26,0,0
2025,3,"88 degrees, relative humidity 55%, wind 5 mph",New York Jets,Tampa Bay Buccaneers,Allen Lazard,NYJ,Tampa Bay Buccaneers,home,27,29,WR,0,0.0,0,0,0,0,0,0,0,0,0,3,2,13,1,0
2025,3,"88 degrees, relative humidity 55%, wind 5 mph",New York Jets,Tampa Bay Buccaneers,Arian Smith,NYJ,Tampa Bay Buccaneers,home,27,29,WR,0,0.0,0,0,0,0,0,0,0,0,0,2,2,2,0,0
2025,3,"88 degrees, relative humidity 55%, wind 5 mph",New York Jets,Tampa Bay Buccaneers,Braelon Allen,NYJ,Tampa Bay Buccaneers,home,27,29,RB,6,10.16949152542373,0,0,0,0,0,0,6,30,0,2,2,17,0,0
2025,3,"88 degrees, relative humidity 55%, wind 5 mph",New York Jets,Tampa Bay Buccaneers,Breece Hall,NYJ,Tampa Bay Buccaneers,home,27,29,RB,9,15.254237288135593,0,0,0,0,0,0,9,21,0,6,4,31,0,0
2025,3,"88 degrees, relative humidity 55%, wind 5 mph",New York Jets,Tampa Bay Buccaneers,Garrett Wilson,NYJ,Tampa Bay Buccaneers,home,27,29,WR,0,0.0,0,0,0,0,0,0,0,0,0,13,10,84,1,0
2025,3,"88 degrees, relative humidity 55%, wind 5 mph",New York Jets,Tampa Bay Buccaneers,Mason Taylor,NYJ,Tampa Bay Buccaneers,home,27,29,TE,0,0.0,0,0,0,0,0,0,0,0,0,6,4,18,0,0
2025,3,"88 degrees, relative humidity 55%, wind 5 mph",New York Jets,Tampa Bay Buccaneers,Tyler Johnson,NYJ,Tampa Bay Buccaneers,home,27,29,WR,0,0.0,0,0,0,0,0,0,0,0,0,3,2,32,0,0
2025,3,"88 degrees, relative humidity 55%, wind 5 mph",New York Jets,Tampa Bay Buccaneers,Tyrod Taylor,NYJ,Tampa Bay Buccaneers,home,27,29,QB,44,74.57627118644068,26,36,197,2,1,4,8,48,0,0,0,0,0,1
2025,3,"73 degrees, relative humidity 47%, wind 9 mph",Los Angeles Rams,Philadelphia Eagles,A.J. Brown,PHI,Los Angeles Rams,away,33,26,WR,0,0.0,0,0,0,0,0,0,0,0,0,10,6,109,1,0
2025,3,"73 degrees, relative humidity 47%, wind 9 mph",Los Angeles Rams,Philadelphia Eagles,Dallas Goedert,PHI,Los Angeles Rams,away,33,26,TE,0,0.0,0,0,0,0,0,0,0,0,0,2,1,33,1,0
2025,3,"73 degrees, relative humidity 47%, wind 9 mph",Los Angeles Rams,Philadelphia Eagles,DeVonta Smith,PHI,Los Angeles Rams,away,33,26,WR,0,0.0,0,0,0,0,0,0,0,0,0,9,8,60,1,0
2025,3,"73 degrees, relative humidity 47%, wind 9 mph",Los Angeles Rams,Philadelphia Eagles,Jahan Dotson,PHI,Los Angeles Rams,away,33,26,WR,0,0.0,0,0,0,0,0,0,0,0,0,3,1,7,0,0
2025,3,"73 degrees, relative humidity 47%, wind 9 mph",Los Angeles Rams,Philadelphia Eagles,Jalen Hurts,PHI,Los Angeles Rams,away,33,26,QB,41,69.49152542372882,21,32,226,3,0,4,9,40,1,0,0,0,0,1
2025,3,"73 degrees, relative humidity 47%, wind 9 mph",Los Angeles Rams,Philadelphia Eagles,John Metchie,PHI,Los Angeles Rams,away,33,26,WR,0,0.0,0,0,0,0,0,0,0,0,0,1,1,8,0,0
2025,3,"73 degrees, relative humidity 47%, wind 9 mph",Los Angeles Rams,Philadelphia Eagles,Saquon Barkley,PHI,Los Angeles Rams,away,33,26,RB,18,30.508474576271187,0,0,0,0,0,0,18,46,0,5,4,9,0,0
2025,3,"66 degrees, relative humidity 54%, wind 5 mph",New England Patriots,Pittsburgh Steelers,Aaron Rodgers,PIT,New England Patriots,away,14,21,QB,27,55.10204081632652,16,23,139,2,1,0,4,1,0,0,0,0,0,0
2025,3,"66 degrees, relative humidity 54%, wind 5 mph",New England Patriots,Pittsburgh Steelers,Calvin Austin,PIT,New England Patriots,away,14,21,UNK,0,0.0,0,0,0,0,0,0,0,0,0,5,3,34,1,0
2025,3,"66 degrees, relative humidity 54%, wind 5 mph",New England Patriots,Pittsburgh Steelers,D.K. Metcalf,PIT,New England Patriots,away,14,21,WR,0,0.0,0,0,0,0,0,0,0,0,0,4,3,32,1,0
2025,3,"66 degrees, relative humidity 54%, wind 5 mph",New England Patriots,Pittsburgh Steelers,Jaylen Warren,PIT,New England Patriots,away,14,21,RB,18,36.734693877551024,0,0,0,0,0,0,18,47,0,6,5,34,0,0
2025,3,"66 degrees, relative humidity 54%, wind 5 mph",New England Patriots,Pittsburgh Steelers,Jonnu Smith,PIT,New England Patriots,away,14,21,TE,0,0.0,0,0,0,0,0,0,0,0,0,3,3,23,0,1
2025,3,"66 degrees, relative humidity 54%, wind 5 mph",New England Patriots,Pittsburgh Steelers,Kenneth Gainwell,PIT,New England Patriots,away,14,21,RB,4,8.16326530612245,0,0,0,0,0,0,4,16,1,1,1,10,0,0
2025,3,"66 degrees, relative humidity 54%, wind 5 mph",New England Patriots,Pittsburgh Steelers,Pat Freiermuth,PIT,New England Patriots,away,14,21,TE,0,0.0,0,0,0,0,0,0,0,0,0,3,1,6,0,0
2025,3,"63 degrees, relative humidity 84%, wind 3 mph",New Orleans Saints,Seattle Seahawks,AJ Barner,SEA,New Orleans Saints,away,44,13,TE,0,0.0,0,0,0,0,0,0,0,0,0,1,1,23,0,0
2025,3,"63 degrees, relative humidity 84%, wind 3 mph",New Orleans Saints,Seattle Seahawks,Cooper Kupp,SEA,New Orleans Saints,away,44,13,WR,0,0.0,0,0,0,0,0,0,0,0,0,3,2,31,0,0
2025,3,"63 degrees, relative humidity 84%, wind 3 mph",New Orleans Saints,Seattle Seahawks,Dareke Young,SEA,New Orleans Saints,away,44,13,WR,0,0.0,0,0,0,0,0,0,0,0,0,1,1,12,0,0
2025,3,"63 degrees, relative humidity 84%, wind 3 mph",New Orleans Saints,Seattle Seahawks,Drew Lock,SEA,New Orleans Saints,away,44,13,QB,4,7.4074074074074066,2,3,15,0,0,0,1,-1,0,0,0,0,0,0
2025,3,"63 degrees, relative humidity 84%, wind 3 mph",New Orleans Saints,Seattle Seahawks,Elijah Arroyo,SEA,New Orleans Saints,away,44,13,TE,0,0.0,0,0,0,0,0,0,0,0,0,1,0,0,0,0
2025,3,"63 degrees, relative humidity 84%, wind 3 mph",New Orleans Saints,Seattle Seahawks,Eric Saubert,SEA,New Orleans Saints,away,44,13,TE,0,0.0,0,0,0,0,0,0,0,0,0,1,1,12,0,0
2025,3,"63 degrees, relative humidity 84%, wind 3 mph",New Orleans Saints,Seattle Seahawks,George Holani,SEA,New Orleans Saints,away,44,13,RB,10,18.51851851851852,0,0,0,0,0,0,10,27,0,2,2,15,0,1
2025,3,"63 degrees, relative humidity 84%, wind 3 mph",New Orleans Saints,Seattle Seahawks,Jacardia Wright,SEA,New Orleans Saints,away,44,13,RB,5,9.25925925925926,0,0,0,0,0,0,5,20,0,0,0,0,0,0
2025,3,"63 degrees, relative humidity 84%, wind 3 mph",New Orleans Saints,Seattle Seahawks,Jalen Milroe,SEA,New Orleans Saints,away,44,13,QB,1,1.8518518518518516,0,0,0,0,0,0,1,3,0,0,0,0,0,0
2025,3,"63 degrees, relative humidity 84%, wind 3 mph",New Orleans Saints,Seattle Seahawks,Jaxon Smith-Njigba,SEA,New Orleans Saints,away,44,13,WR,0,0.0,0,0,0,0,0,0,0,0,0,6,5,96,1,0
2025,3,"63 degrees, relative humidity 84%, wind 3 mph",New Orleans Saints,Seattle Seahawks,Kenneth Walker,SEA,New Orleans Saints,away,44,13,UNK,16,29.629629629629626,0,0,0,0,0,0,16,38,2,1,1,12,0,0
2025,3,"63 degrees, relative humidity 84%, wind 3 mph",New Orleans Saints,Seattle Seahawks,Sam Darnold,SEA,New Orleans Saints,away,44,13,QB,18,33.33333333333333,14,18,218,2,0,0,0,0,0,0,0,0,0,0
2025,3,"63 degrees, relative humidity 84%, wind 3 mph",New Orleans Saints,Seattle Seahawks,Tory Horton,SEA,New Orleans Saints,away,44,13,WR,0,0.0,0,0,0,0,0,0,0,0,0,4,3,32,1,0
2025,3,"72 degrees, relative humidity 65%, wind 7 mph",Arizona Cardinals,San Francisco 49ers,Brian Robinson Jr.,SFO,Arizona Cardinals,away,16,15,RB,2,3.278688524590164,0,0,0,0,0,0,2,22,0,0,0,0,0,0
2025,3,"72 degrees, relative humidity 65%, wind 7 mph",Arizona Cardinals,San Francisco 49ers,Christian McCaffrey,SFO,Arizona Cardinals,away,16,15,RB,17,27.86885245901639,0,0,0,0,0,0,17,52,0,15,10,88,0,0
2025,3,"72 degrees, relative humidity 65%, wind 7 mph",Arizona Cardinals,San Francisco 49ers,Jake Tonges,SFO,Arizona Cardinals,away,16,15,TE,0,0.0,0,0,0,0,0,0,0,0,0,3,2,21,0,0
2025,3,"72 degrees, relative humidity 65%, wind 7 mph",Arizona Cardinals,San Francisco 49ers,Kendrick Bourne,SFO,Arizona Cardinals,away,16,15,WR,0,0.0,0,0,0,0,0,0,0,0,0,6,4,38,0,0
2025,3,"72 degrees, relative humidity 65%, wind 7 mph",Arizona Cardinals,San Francisco 49ers,Kyle Juszczyk,SFO,Arizona Cardinals,away,16,15,FB,0,0.0,0,0,0,0,0,0,0,0,0,1,1,1,1,0
2025,3,"72 degrees, relative humidity 65%, wind 7 mph",Arizona Cardinals,San Francisco 49ers,Mac Jones,SFO,Arizona Cardinals,away,16,15,QB,42,68.85245901639344,27,41,284,1,1,1,1,-1,0,0,0,0,0,0
2025,3,"72 degrees, relative humidity 65%, wind 7 mph",Arizona Cardinals,San Francisco 49ers,Marquez Valdes-Scantling,SFO,Arizona Cardinals,away,16,15,WR,0,0.0,0,0,0,0,0,0,0,0,0,1,1,9,0,0
2025,3,"72 degrees, relative humidity 65%, wind 7 mph",Arizona Cardinals,San Francisco 49ers,Ricky Pearsall,SFO,Arizona Cardinals,away,16,15,WR,0,0.0,0,0,0,0,0,0,0,0,0,11,8,117,0,0
2025,3,"72 degrees, relative humidity 65%, wind 7 mph",Arizona Cardinals,San Francisco 49ers,Skyy Moore,SFO,Arizona Cardinals,away,16,15,WR,0,0.0,0,0,0,0,0,0,0,0,0,1,1,10,0,0
2025,3,"88 degrees, relative humidity 55%, wind 5 mph",New York Jets,Tampa Bay Buccaneers,Baker Mayfield,TAM,New York Jets,away,29,27,QB,33,52.38095238095239,19,29,233,1,0,1,4,44,0,0,0,0,0,1
2025,3,"88 degrees, relative humidity 55%, wind 5 mph",New York Jets,Tampa Bay Buccaneers,Bucky Irving,TAM,New York Jets,away,29,27,RB,25,39.682539682539684,0,0,0,0,0,0,25,66,0,4,4,33,0,0
2025,3,"88 degrees, relative humidity 55%, wind 5 mph",New York Jets,Tampa Bay Buccaneers,Emeka Egbuka,TAM,New York Jets,away,29,27,WR,0,0.0,0,0,0,0,0,0,0,0,0,8,6,85,0,0
2025,3,"88 degrees, relative humidity 55%, wind 5 mph",New York Jets,Tampa Bay Buccaneers,Mike Evans,TAM,New York Jets,away,29,27,WR,0,0.0,0,0,0,0,0,0,0,0,0,9,4,33,1,0
2025,3,"88 degrees, relative humidity 55%, wind 5 mph",New York Jets,Tampa Bay Buccaneers,Rachaad White,TAM,New York Jets,away,29,27,RB,5,7.936507936507936,0,0,0,0,0,0,5,12,0,1,1,2,0,0
2025,3,"88 degrees, relative humidity 55%, wind 5 mph",New York Jets,Tampa Bay Buccaneers,Ryan Miller,TAM,New York Jets,away,29,27,WR,0,0.0,0,0,0,0,0,0,0,0,0,1,0,0,0,0
2025,3,"88 degrees, relative humidity 55%, wind 5 mph",New York Jets,Tampa Bay Buccaneers,Sterling Shepard,TAM,New York Jets,away,29,27,WR,0,0.0,0,0,0,0,0,0,0,0,0,5,4,80,0,0
2025,3,"88 degrees, relative humidity 55%, wind 5 mph",New York Jets,Tampa Bay Buccaneers,Tez Johnson,TAM,New York Jets,away,29,27,WR,0,0.0,0,0,0,0,0,0,0,0,0,1,0,0,0,0
2025,3,"84 degrees, relative humidity 49%, wind 8 mph",Tennessee Titans,Indianapolis Colts,Calvin Ridley,TEN,Indianapolis Colts,home,41,20,WR,0,0.0,0,0,0,0,0,0,0,0,0,7,1,27,0,0
2025,3,"84 degrees, relative humidity 49%, wind 8 mph",Tennessee Titans,Indianapolis Colts,Cam Ward,TEN,Indianapolis Colts,home,41,20,QB,41,67.21311475409836,23,38,219,1,1,4,3,12,0,0,0,0,0,0
2025,3,"84 degrees, relative humidity 49%, wind 8 mph",Tennessee Titans,Indianapolis Colts,Chigoziem Okonkwo,TEN,Indianapolis Colts,home,41,20,TE,0,0.0,0,0,0,0,0,0,0,0,0,6,5,66,0,0
2025,3,"84 degrees, relative humidity 49%, wind 8 mph",Tennessee Titans,Indianapolis Colts,Chimere Dike,TEN,Indianapolis Colts,home,41,20,WR,2,3.278688524590164,0,0,0,0,0,0,2,3,0,4,3,2,0,0
2025,3,"84 degrees, relative humidity 49%, wind 8 mph",Tennessee Titans,Indianapolis Colts,Elic Ayomanor,TEN,Indianapolis Colts,home,41,20,WR,0,0.0,0,0,0,0,0,0,0,0,0,5,4,38,1,0
2025,3,"84 degrees, relative humidity 49%, wind 8 mph",Tennessee Titans,Indianapolis Colts,Gunnar Helm,TEN,Indianapolis Colts,home,41,20,TE,0,0.0,0,0,0,0,0,0,0,0,0,3,3,27,0,0
2025,3,"84 degrees, relative humidity 49%, wind 8 mph",Tennessee Titans,Indianapolis Colts,Julius Chestnut,TEN,Indianapolis Colts,home,41,20,RB,2,3.278688524590164,0,0,0,0,0,0,2,26,0,0,0,0,0,0
2025,3,"84 degrees, relative humidity 49%, wind 8 mph",Tennessee Titans,Indianapolis Colts,Tony Pollard,TEN,Indianapolis Colts,home,41,20,RB,16,26.229508196721312,0,0,0,0,0,0,16,45,1,4,2,14,0,0
2025,3,"84 degrees, relative humidity 49%, wind 8 mph",Tennessee Titans,Indianapolis Colts,Tyler Lockett,TEN,Indianapolis Colts,home,41,20,WR,0,0.0,0,0,0,0,0,0,0,0,0,4,4,37,0,0
2025,3,"84 degrees, relative humidity 49%, wind 8 mph",Tennessee Titans,Indianapolis Colts,Van Jefferson,TEN,Indianapolis Colts,home,41,20,WR,0,0.0,0,0,0,0,0,0,0,0,0,1,1,8,0,0
2025,3,"72 degrees, relative humidity 72%, wind 6 mph",Las Vegas Raiders,Washington Commanders,Chris Moore,WAS,Las Vegas Raiders,away,41,24,WR,0,0.0,0,0,0,0,0,0,0,0,0,2,2,25,0,0
2025,3,"72 degrees, relative humidity 72%, wind 6 mph",Las Vegas Raiders,Washington Commanders,Chris Rodriguez,WAS,Las Vegas Raiders,away,41,24,RB,11,20.754716981132077,0,0,0,0,0,0,11,39,0,0,0,0,0,0
2025,3,"72 degrees, relative humidity 72%, wind 6 mph",Las Vegas Raiders,Washington Commanders,Deebo Samuel,WAS,Las Vegas Raiders,away,41,24,WR,3,5.660377358490567,0,0,0,0,0,0,3,18,0,3,2,11,0,0
2025,3,"72 degrees, relative humidity 72%, wind 6 mph",Las Vegas Raiders,Washington Commanders,Jacory Croskey-Merritt,WAS,Las Vegas Raiders,away,41,24,RB,8,15.09433962264151,0,0,0,0,0,0,8,26,1,1,1,5,0,0
2025,3,"72 degrees, relative humidity 72%, wind 6 mph",Las Vegas Raiders,Washington Commanders,Jaylin Lane,WAS,Las Vegas Raiders,away,41,24,WR,0,0.0,0,0,0,0,0,0,0,0,0,2,1,-2,0,0
2025,3,"72 degrees, relative humidity 72%, wind 6 mph",Las Vegas Raiders,Washington Commanders,Jeremy McNichols,WAS,Las Vegas Raiders,away,41,24,RB,4,7.547169811320755,0,0,0,0,0,0,4,78,1,0,0,0,0,0
2025,3,"72 degrees, relative humidity 72%, wind 6 mph",Las Vegas Raiders,Washington Commanders,Luke McCaffrey,WAS,Las Vegas Raiders,away,41,24,WR,0,0.0,0,0,0,0,0,0,0,0,0,3,3,56,1,0
2025,3,"72 degrees, relative humidity 72%, wind 6 mph",Las Vegas Raiders,Washington Commanders,Marcus Mariota,WAS,Las Vegas Raiders,away,41,24,QB,27,50.943396226415096,15,21,207,1,0,1,6,40,1,0,0,0,0,1
2025,3,"72 degrees, relative humidity 72%, wind 6 mph",Las Vegas Raiders,Washington Commanders,Terry McLaurin,WAS,Las Vegas Raiders,away,41,24,WR,0,0.0,0,0,0,0,0,0,0,0,0,4,3,74,0,0
2025,3,"72 degrees, relative humidity 72%, wind 6 mph",Las Vegas Raiders,Washington Commanders,Zach Ertz,WAS,Las Vegas Raiders,away,41,24,TE,0,0.0,0,0,0,0,0,0,0,0,0,3,3,38,0,0
2025,4,,Arizona Cardinals,Seattle Seahawks,Emari Demercado,ARI,Seattle Seahawks,home,23,20,RB,2,3.4482758620689653,0,0,0,0,0,0,2,8,0,2,2,13,1,0
2025,4,,Arizona Cardinals,Seattle Seahawks,Greg Dortch,ARI,Seattle Seahawks,home,23,20,WR,1,1.7241379310344827,0,0,0,0,0,0,1,4,0,5,4,35,0,0
2025,4,,Arizona Cardinals,Seattle Seahawks,Kyler Murray,ARI,Seattle Seahawks,home,23,20,QB,46,79.3103448275862,27,41,200,2,2,6,5,41,0,0,0,0,0,0
2025,4,,Arizona Cardinals,Seattle Seahawks,Marvin Harrison Jr.,ARI,Seattle Seahawks,home,23,20,WR,0,0.0,0,0,0,0,0,0,0,0,0,10,6,66,1,0
2025,4,,Arizona Cardinals,Seattle Seahawks,Michael Carter,ARI,Seattle Seahawks,home,23,20,RB,1,1.7241379310344827,0,0,0,0,0,0,1,1,0,0,0,0,0,0
2025,4,,Arizona Cardinals,Seattle Seahawks,Michael Wilson,ARI,Seattle Seahawks,home,23,20,WR,0,0.0,0,0,0,0,0,0,0,0,0,6,3,15,0,0
2025,4,,Arizona Cardinals,Seattle Seahawks,Trey Benson,ARI,Seattle Seahawks,home,23,20,RB,8,13.793103448275861,0,0,0,0,0,0,8,35,0,5,5,19,0,0
2025,4,,Arizona Cardinals,Seattle Seahawks,Trey McBride,ARI,Seattle Seahawks,home,23,20,TE,0,0.0,0,0,0,0,0,0,0,0,0,11,7,52,0,0
2025,4,,Arizona Cardinals,Seattle Seahawks,Xavier Weaver,ARI,Seattle Seahawks,home,23,20,WR,0,0.0,0,0,0,0,0,0,0,0,0,1,0,0,0,0
2025,4,,Washington Commanders,Atlanta Falcons,Bijan Robinson,ATL,Washington Commanders,away,34,27,RB,17,26.984126984126984,0,0,0,0,0,0,17,75,1,5,4,106,0,1
2025,4,,Washington Commanders,Atlanta Falcons,Casey Washington,ATL,Washington Commanders,away,34,27,WR,0,0.0,0,0,0,0,0,0,0,0,0,3,1,19,0,0
2025,4,,Washington Commanders,Atlanta Falcons,Darnell Mooney,ATL,Washington Commanders,away,34,27,WR,0,0.0,0,0,0,0,0,0,0,0,0,1,1,15,0,0
2025,4,,Washington Commanders,Atlanta Falcons,Drake London,ATL,Washington Commanders,away,34,27,WR,0,0.0,0,0,0,0,0,0,0,0,0,10,8,110,1,0
2025,4,,Washington Commanders,Atlanta Falcons,Kyle Pitts,ATL,Washington Commanders,away,34,27,TE,0,0.0,0,0,0,0,0,0,0,0,0,5,5,70,1,0
2025,4,,Washington Commanders,Atlanta Falcons,Michael Penix,ATL,Washington Commanders,away,34,27,QB,30,47.61904761904761,20,26,313,2,1,1,4,2,0,0,0,0,0,0
2025,4,,Washington Commanders,Atlanta Falcons,Ray-Ray McCloud,ATL,Washington Commanders,away,34,27,WR,0,0.0,0,0,0,0,0,0,0,0,0,2,1,-7,0,0
2025,4,,Washington Commanders,Atlanta Falcons,Tyler Allgeier,ATL,Washington Commanders,away,34,27,RB,16,25.396825396825395,0,0,0,0,0,0,16,51,1,0,0,0,0,0
2025,4,"89 degrees, relative humidity 38%, wind 10 mph",Baltimore Ravens,Kansas City Chiefs,Cooper Rush,BAL,Kansas City Chiefs,home,20,37,QB,13,26.0,9,13,52,0,0,0,0,0,0,0,0,0,0,0
2025,4,"89 degrees, relative humidity 38%, wind 10 mph",Baltimore Ravens,Kansas City Chiefs,DeAndre Hopkins,BAL,Kansas City Chiefs,home,20,37,WR,0,0.0,0,0,0,0,0,0,0,0,0,1,0,0,0,0
2025,4,"89 degrees, relative humidity 38%, wind 10 mph",Baltimore Ravens,Kansas City Chiefs,Derrick Henry,BAL,Kansas City Chiefs,home,20,37,RB,8,16.0,0,0,0,0,0,0,8,42,0,3,2,16,0,0
2025,4,"89 degrees, relative humidity 38%, wind 10 mph",Baltimore Ravens,Kansas City Chiefs,Justice Hill,BAL,Kansas City Chiefs,home,20,37,RB,3,6.0,0,0,0,0,0,0,3,76,1,6,5,41,1,0
2025,4,"89 degrees, relative humidity 38%, wind 10 mph",Baltimore Ravens,Kansas City Chiefs,Lamar Jackson,BAL,Kansas City Chiefs,home,20,37,QB,26,52.0,14,20,147,1,1,3,6,48,0,0,0,0,0,1
2025,4,"89 degrees, relative humidity 38%, wind 10 mph",Baltimore Ravens,Kansas City Chiefs,Mark Andrews,BAL,Kansas City Chiefs,home,20,37,TE,0,0.0,0,0,0,0,0,0,0,0,0,8,7,30,0,0
2025,4,"89 degrees, relative humidity 38%, wind 10 mph",Baltimore Ravens,Kansas City Chiefs,Rashod Bateman,BAL,Kansas City Chiefs,home,20,37,WR,0,0.0,0,0,0,0,0,0,0,0,0,2,1,24,0,0
2025,4,"89 degrees, relative humidity 38%, wind 10 mph",Baltimore Ravens,Kansas City Chiefs,Tylan Wallace,BAL,Kansas City Chiefs,home,20,37,WR,0,0.0,0,0,0,0,0,0,0,0,0,2,1,14,0,0
2025,4,"89 degrees, relative humidity 38%, wind 10 mph",Baltimore Ravens,Kansas City Chiefs,Zay Flowers,BAL,Kansas City Chiefs,home,20,37,WR,0,0.0,0,0,0,0,0,0,0,0,0,8,7,74,0,0
2025,4,"73 degrees, relative humidity 56%, wind 7 mph",New Orleans Saints,Buffalo Bills,Curtis Samuel,BUF,New Orleans Saints,away,31,19,WR,0,0.0,0,0,0,0,0,0,0,0,0,2,1,9,0,0
2025,4,"73 degrees, relative humidity 56%, wind 7 mph",New Orleans Saints,Buffalo Bills,Dalton Kincaid,BUF,New Orleans Saints,away,31,19,TE,0,0.0,0,0,0,0,0,0,0,0,0,2,1,28,1,0
2025,4,"73 degrees, relative humidity 56%, wind 7 mph",New Orleans Saints,Buffalo Bills,Dawson Knox,BUF,New Orleans Saints,away,31,19,TE,0,0.0,0,0,0,0,0,0,0,0,0,1,0,0,0,0
2025,4,"73 degrees, relative humidity 56%, wind 7 mph",New Orleans Saints,Buffalo Bills,Elijah Moore,BUF,New Orleans Saints,away,31,19,WR,1,1.8518518518518516,0,0,0,0,0,0,1,0,0,0,0,0,0,0
2025,4,"73 degrees, relative humidity 56%, wind 7 mph",New Orleans Saints,Buffalo Bills,Jackson Hawes,BUF,New Orleans Saints,away,31,19,TE,0,0.0,0,0,0,0,0,0,0,0,0,1,1,15,0,0
2025,4,"73 degrees, relative humidity 56%, wind 7 mph",New Orleans Saints,Buffalo Bills,James Cook,BUF,New Orleans Saints,away,31,19,RB,22,40.74074074074074,0,0,0,0,0,0,22,117,1,4,3,18,0,0
2025,4,"73 degrees, relative humidity 56%, wind 7 mph",New Orleans Saints,Buffalo Bills,Josh Allen,BUF,New Orleans Saints,away,31,19,QB,29,53.70370370370371,16,22,209,2,1,3,7,45,1,0,0,0,0,0
2025,4,"73 degrees, relative humidity 56%, wind 7 mph",New Orleans Saints,Buffalo Bills,Josh Palmer,BUF,New Orleans Saints,away,31,19,WR,0,0.0,0,0,0,0,0,0,0,0,0,3,2,25,0,0
2025,4,"73 degrees, relative humidity 56%, wind 7 mph",New Orleans Saints,Buffalo Bills,Keon Coleman,BUF,New Orleans Saints,away,31,19,WR,0,0.0,0,0,0,0,0,0,0,0,0,4,3,45,0,0
2025,4,"73 degrees, relative humidity 56%, wind 7 mph",New Orleans Saints,Buffalo Bills,Khalil Shakir,BUF,New Orleans Saints,away,31,19,WR,0,0.0,0,0,0,0,0,0,0,0,0,5,5,69,1,0
2025,4,"73 degrees, relative humidity 56%, wind 7 mph",New Orleans Saints,Buffalo Bills,Ray Davis,BUF,New Orleans Saints,away,31,19,RB,1,1.8518518518518516,0,0,0,0,0,0,1,3,0,0,0,0,0,0
2025,4,"73 degrees, relative humidity 56%, wind 7 mph",New Orleans Saints,Buffalo Bills,Ty Johnson,BUF,New Orleans Saints,away,31,19,RB,1,1.8518518518518516,0,0,0,0,0,0,1,0,0,0,0,0,0,0
2025,4,"76 degrees, relative humidity 70%, wind 7 mph",Carolina Panthers,New England Patriots,Andy Dalton,CAR,New England Patriots,home,13,42,QB,6,9.375,5,6,58,1,0,0,0,0,0,0,0,0,0,0
2025,4,"76 degrees, relative humidity 70%, wind 7 mph",Carolina Panthers,New England Patriots,Bryce Young,CAR,New England Patriots,home,13,42,QB,31,48.4375,18,30,150,1,0,1,1,3,0,0,0,0,0,0
2025,4,"76 degrees, relative humidity 70%, wind 7 mph",Carolina Panthers,New England Patriots,Brycen Tremayne,CAR,New England Patriots,home,13,42,WR,0,0.0,0,0,0,0,0,0,0,0,0,4,3,36,0,1
2025,4,"76 degrees, relative humidity 70%, wind 7 mph",Carolina Panthers,New England Patriots,Chuba Hubbard,CAR,New England Patriots,home,13,42,RB,10,15.625,0,0,0,0,0,0,10,49,0,3,3,20,0,0
2025,4,"76 degrees, relative humidity 70%, wind 7 mph",Carolina Panthers,New England Patriots,David Moore,CAR,New England Patriots,home,13,42,WR,1,1.5625,0,0,0,0,0,0,1,12,0,0,0,0,0,0
2025,4,"76 degrees, relative humidity 70%, wind 7 mph",Carolina Panthers,New England Patriots,Hunter Renfrow,CAR,New England Patriots,home,13,42,WR,0,0.0,0,0,0,0,0,0,0,0,0,2,2,10,0,0
2025,4,"76 degrees, relative humidity 70%, wind 7 mph",Carolina Panthers,New England Patriots,James Mitchell,CAR,New England Patriots,home,13,42,TE,0,0.0,0,0,0,0,0,0,0,0,0,2,2,17,0,0
2025,4,"76 degrees, relative humidity 70%, wind 7 mph",Carolina Panthers,New England Patriots,Mitchell Evans,CAR,New England Patriots,home,13,42,TE,0,0.0,0,0,0,0,0,0,0,0,0,4,3,23,1,0
2025,4,"76 degrees, relative humidity 70%, wind 7 mph",Carolina Panthers,New England Patriots,Rico Dowdle,CAR,New England Patriots,home,13,42,RB,9,14.0625,0,0,0,0,0,0,9,32,0,1,1,-2,0,0
2025,4,"76 degrees, relative humidity 70%, wind 7 mph",Carolina Panthers,New England Patriots,Tetairoa McMillan,CAR,New England Patriots,home,13,42,WR,0,0.0,0,0,0,0,0,0,0,0,0,8,4,62,0,0
2025,4,"76 degrees, relative humidity 70%, wind 7 mph",Carolina Panthers,New England Patriots,Tommy Tremble,CAR,New England Patriots,home,13,42,TE,0,0.0,0,0,0,0,0,0,0,0,0,8,5,42,1,0
2025,4,"76 degrees, relative humidity 70%, wind 7 mph",Carolina Panthers,New England Patriots,Trevor Etienne,CAR,New England Patriots,home,13,42,RB,7,10.9375,0,0,0,0,0,0,7,33,0,0,0,0,0,0
2025,4,,Las Vegas Raiders,Chicago Bears,Caleb Williams,CHI,Las Vegas Raiders,away,24,25,QB,45,71.42857142857143,22,37,212,1,1,1,8,13,0,0,0,0,0,2
2025,4,,Las Vegas Raiders,Chicago Bears,Cole Kmet,CHI,Las Vegas Raiders,away,24,25,TE,0,0.0,0,0,0,0,0,0,0,0,0,9,3,46,0,0
2025,4,,Las Vegas Raiders,Chicago Bears,D'Andre Swift,CHI,Las Vegas Raiders,away,24,25,RB,14,22.22222222222222,0,0,0,0,0,0,14,38,1,6,4,22,0,0
2025,4,,Las Vegas Raiders,Chicago Bears,D.J. Moore,CHI,Las Vegas Raiders,away,24,25,WR,0,0.0,0,0,0,0,0,0,0,0,0,5,4,38,0,0
2025,4,,Las Vegas Raiders,Chicago Bears,Kyle Monangai,CHI,Las Vegas Raiders,away,24,25,RB,4,6.349206349206349,0,0,0,0,0,0,4,18,0,0,0,0,0,0
2025,4,,Las Vegas Raiders,Chicago Bears,Luther Burden,CHI,Las Vegas Raiders,away,24,25,WR,0,0.0,0,0,0,0,0,0,0,0,0,2,2,-4,0,0
2025,4,,Las Vegas Raiders,Chicago Bears,Olamide Zaccheaus,CHI,Las Vegas Raiders,away,24,25,WR,0,0.0,0,0,0,0,0,0,0,0,0,6,5,41,0,0
2025,4,,Las Vegas Raiders,Chicago Bears,Rome Odunze,CHI,Las Vegas Raiders,away,24,25,WR,0,0.0,0,0,0,0,0,0,0,0,0,8,4,69,1,0
2025,4,"66 degrees, relative humidity 55%, wind 12 mph",Cincinnati Bengals,Denver Broncos,Andrei Iosivas,CIN,Denver Broncos,home,3,28,WR,1,2.5,0,0,0,0,0,0,1,5,0,1,1,22,0,0
2025,4,"66 degrees, relative humidity 55%, wind 12 mph",Cincinnati Bengals,Denver Broncos,Chase Brown,CIN,Denver Broncos,home,3,28,HB,10,25.0,0,0,0,0,0,0,10,40,0,3,3,31,0,0
2025,4,"66 degrees, relative humidity 55%, wind 12 mph",Cincinnati Bengals,Denver Broncos,Ja'Marr Chase,CIN,Denver Broncos,home,3,28,WR,0,0.0,0,0,0,0,0,0,0,0,0,8,5,23,0,0
2025,4,"66 degrees, relative humidity 55%, wind 12 mph",Cincinnati Bengals,Denver Broncos,Jake Browning,CIN,Denver Broncos,home,3,28,QB,28,70.0,14,25,125,0,0,3,3,4,0,0,0,0,0,0
2025,4,"66 degrees, relative humidity 55%, wind 12 mph",Cincinnati Bengals,Denver Broncos,Mike Gesicki,CIN,Denver Broncos,home,3,28,TE,0,0.0,0,0,0,0,0,0,0,0,0,1,1,8,0,0
2025,4,"66 degrees, relative humidity 55%, wind 12 mph",Cincinnati Bengals,Denver Broncos,Mitchell Tinsley,CIN,Denver Broncos,home,3,28,WR,0,0.0,0,0,0,0,0,0,0,0,0,2,1,9,0,0
2025,4,"66 degrees, relative humidity 55%, wind 12 mph",Cincinnati Bengals,Denver Broncos,Samaje Perine,CIN,Denver Broncos,home,3,28,HB,1,2.5,0,0,0,0,0,0,1,4,0,1,0,0,0,0
2025,4,"66 degrees, relative humidity 55%, wind 12 mph",Cincinnati Bengals,Denver Broncos,Tee Higgins,CIN,Denver Broncos,home,3,28,WR,0,0.0,0,0,0,0,0,0,0,0,0,6,3,32,0,0
2025,4,,Cleveland Browns,Detroit Lions,Blake Whiteheart,CLE,Detroit Lions,home,10,34,TE,0,0.0,0,0,0,0,0,0,0,0,0,1,0,0,0,0
2025,4,,Cleveland Browns,Detroit Lions,Cedric Tillman,CLE,Detroit Lions,home,10,34,WR,0,0.0,0,0,0,0,0,0,0,0,0,2,1,6,0,0
2025,4,,Cleveland Browns,Detroit Lions,David Njoku,CLE,Detroit Lions,home,10,34,TE,0,0.0,0,0,0,0,0,0,0,0,0,3,2,11,0,0
2025,4,,Cleveland Browns,Detroit Lions,Dillon Gabriel,CLE,Detroit Lions,home,10,34,QB,1,1.6129032258064515,0,1,0,0,0,0,0,0,0,0,0,0,0,0
2025,4,,Cleveland Browns,Detroit Lions,Dylan Sampson,CLE,Detroit Lions,home,10,34,RB,1,1.6129032258064515,0,0,0,0,0,0,1,-2,0,1,0,0,0,0
2025,4,,Cleveland Browns,Detroit Lions,Harold Fannin,CLE,Detroit Lions,home,10,34,TE,1,1.6129032258064515,0,0,0,0,0,0,1,1,0,6,2,24,0,0
2025,4,,Cleveland Browns,Detroit Lions,Isaiah Bond,CLE,Detroit Lions,home,10,34,WR,0,0.0,0,0,0,0,0,0,0,0,0,6,3,58,0,0
2025,4,,Cleveland Browns,Detroit Lions,Jerome Ford,CLE,Detroit Lions,home,10,34,RB,1,1.6129032258064515,0,0,0,0,0,0,1,-1,0,2,1,4,0,0
2025,4,,Cleveland Browns,Detroit Lions,Jerry Jeudy,CLE,Detroit Lions,home,10,34,WR,0,0.0,0,0,0,0,0,0,0,0,0,9,3,48,0,0
2025,4,,Cleveland Browns,Detroit Lions,Joe Flacco,CLE,Detroit Lions,home,10,34,QB,37,59.67741935483871,16,34,184,0,2,3,3,-1,0,0,0,0,0,1
2025,4,,Cleveland Browns,Detroit Lions,Quinshon Judkins,CLE,Detroit Lions,home,10,34,RB,21,33.87096774193548,0,0,0,0,0,0,21,82,1,4,4,33,0,0
2025,4,,Dallas Cowboys,Green Bay Packers,Dak Prescott,DAL,Green Bay Packers,home,40,40,QB,41,62.121212121212125,31,40,319,3,0,1,1,2,1,0,0,0,0,0
2025,4,,Dallas Cowboys,Green Bay Packers,George Pickens,DAL,Green Bay Packers,home,40,40,WR,0,0.0,0,0,0,0,0,0,0,0,0,11,8,134,2,0
2025,4,,Dallas Cowboys,Green Bay Packers,Hunter Luepke,DAL,Green Bay Packers,home,40,40,RB,1,1.5151515151515151,0,0,0,0,0,0,1,6,0,1,0,0,0,0
2025,4,,Dallas Cowboys,Green Bay Packers,Jake Ferguson,DAL,Green Bay Packers,home,40,40,TE,0,0.0,0,0,0,0,0,0,0,0,0,7,7,40,1,0
2025,4,,Dallas Cowboys,Green Bay Packers,Jalen Tolbert,DAL,Green Bay Packers,home,40,40,WR,0,0.0,0,0,0,0,0,0,0,0,0,6,4,61,0,0
2025,4,,Dallas Cowboys,Green Bay Packers,Javonte Williams,DAL,Green Bay Packers,home,40,40,RB,20,30.303030303030305,0,0,0,0,0,0,20,85,1,3,3,15,0,0
2025,4,,Dallas Cowboys,Green Bay Packers,KaVontae Turpin,DAL,Green Bay Packers,home,40,40,WR,1,1.5151515151515151,0,0,0,0,0,0,1,4,0,4,3,30,0,0
2025,4,,Dallas Cowboys,Green Bay Packers,Luke Schoonmaker,DAL,Green Bay Packers,home,40,40,TE,0,0.0,0,0,0,0,0,0,0,0,0,2,2,8,0,0
2025,4,,Dallas Cowboys,Green Bay Packers,Miles Sanders,DAL,Green Bay Packers,home,40,40,RB,2,3.0303030303030303,0,0,0,0,0,0,2,8,0,2,2,17,0,0
2025,4,,Dallas Cowboys,Green Bay Packers,Ryan Flournoy,DAL,Green Bay Packers,home,40,40,WR,1,1.5151515151515151,0,0,0,0,0,0,1,12,0,2,2,14,0,0
2025,4,"66 degrees, relative humidity 55%, wind 12 mph",Cincinnati Bengals,Denver Broncos,Adam Prentice,DEN,Cincinnati Bengals,away,28,3,FB,1,1.25,0,0,0,0,0,0,1,4,0,0,0,0,0,0
2025,4,"66 degrees, relative humidity 55%, wind 12 mph",Cincinnati Bengals,Denver Broncos,Adam Trautman,DEN,Cincinnati Bengals,away,28,3,TE,0,0.0,0,0,0,0,0,0,0,0,0,3,2,32,0,0
2025,4,"66 degrees, relative humidity 55%, wind 12 mph",Cincinnati Bengals,Denver Broncos,Bo Nix,DEN,Cincinnati Bengals,away,28,3,QB,48,60.0,29,42,326,2,1,0,6,7,1,0,0,0,0,0
2025,4,"66 degrees, relative humidity 55%, wind 12 mph",Cincinnati Bengals,Denver Broncos,Courtland Sutton,DEN,Cincinnati Bengals,away,28,3,WR,0,0.0,0,0,0,0,0,0,0,0,0,6,5,81,1,0
2025,4,"66 degrees, relative humidity 55%, wind 12 mph",Cincinnati Bengals,Denver Broncos,Evan Engram,DEN,Cincinnati Bengals,away,28,3,TE,0,0.0,0,0,0,0,0,0,0,0,0,7,4,29,0,0
2025,4,"66 degrees, relative humidity 55%, wind 12 mph",Cincinnati Bengals,Denver Broncos,J.K. Dobbins,DEN,Cincinnati Bengals,away,28,3,RB,16,20.0,0,0,0,0,0,0,16,101,0,1,1,4,0,0
2025,4,"66 degrees, relative humidity 55%, wind 12 mph",Cincinnati Bengals,Denver Broncos,Marvin Mims,DEN,Cincinnati Bengals,away,28,3,WR,1,1.25,0,0,0,0,0,0,1,16,1,6,6,69,0,0
2025,4,"66 degrees, relative humidity 55%, wind 12 mph",Cincinnati Bengals,Denver Broncos,Nate Adkins,DEN,Cincinnati Bengals,away,28,3,TE,0,0.0,0,0,0,0,0,0,0,0,0,3,2,5,0,0
2025,4,"66 degrees, relative humidity 55%, wind 12 mph",Cincinnati Bengals,Denver Broncos,Pat Bryant,DEN,Cincinnati Bengals,away,28,3,WR,0,0.0,0,0,0,0,0,0,0,0,0,1,0,0,0,0
2025,4,"66 degrees, relative humidity 55%, wind 12 mph",Cincinnati Bengals,Denver Broncos,RJ Harvey,DEN,Cincinnati Bengals,away,28,3,RB,14,17.5,0,0,0,0,0,0,14,58,0,5,4,40,1,0
2025,4,"66 degrees, relative humidity 55%, wind 12 mph",Cincinnati Bengals,Denver Broncos,Troy Franklin,DEN,Cincinnati Bengals,away,28,3,WR,0,0.0,0,0,0,0,0,0,0,0,0,8,4,55,0,0
2025,4,"66 degrees, relative humidity 55%, wind 12 mph",Cincinnati Bengals,Denver Broncos,Tyler Badie,DEN,Cincinnati Bengals,away,28,3,RB,0,0.0,0,0,0,0,0,0,0,0,0,2,1,11,0,0
2025,4,,Cleveland Browns,Detroit Lions,Amon-Ra St. Brown,DET,Cleveland Browns,away,34,10,WR,0,0.0,0,0,0,0,0,0,0,0,0,7,7,70,2,0
2025,4,,Cleveland Browns,Detroit Lions,David Montgomery,DET,Cleveland Browns,away,34,10,RB,9,16.071428571428573,0,0,0,0,0,0,9,12,0,1,0,0,0,0
2025,4,,Cleveland Browns,Detroit Lions,Jacob Saylors,DET,Cleveland Browns,away,34,10,RB,2,3.571428571428571,0,0,0,0,0,0,2,11,0,0,0,0,0,0
2025,4,,Cleveland Browns,Detroit Lions,Jahmyr Gibbs,DET,Cleveland Browns,away,34,10,RB,15,26.785714285714285,0,0,0,0,0,0,15,91,1,2,2,6,0,0
2025,4,,Cleveland Browns,Detroit Lions,Jameson Williams,DET,Cleveland Browns,away,34,10,WR,1,1.7857142857142856,0,0,0,0,0,0,1,-3,0,8,2,40,0,0
2025,4,,Cleveland Browns,Detroit Lions,Jared Goff,DET,Cleveland Browns,away,34,10,QB,27,48.214285714285715,16,27,168,2,1,0,0,0,0,0,0,0,0,0
2025,4,,Cleveland Browns,Detroit Lions,Kalif Raymond,DET,Cleveland Browns,away,34,10,WR,0,0.0,0,0,0,0,0,0,0,0,0,3,2,13,0,0
2025,4,,Cleveland Browns,Detroit Lions,Kyle Allen,DET,Cleveland Browns,away,34,10,QB,2,3.571428571428571,0,0,0,0,0,0,2,-2,0,0,0,0,0,0
2025,4,,Cleveland Browns,Detroit Lions,Sam LaPorta,DET,Cleveland Browns,away,34,10,TE,0,0.0,0,0,0,0,0,0,0,0,0,4,3,39,0,0
2025,4,,Dallas Cowboys,Green Bay Packers,Chris Brooks,GNB,Dallas Cowboys,away,40,40,RB,0,0.0,0,0,0,0,0,0,0,0,0,1,1,1,0,0
2025,4,,Dallas Cowboys,Green Bay Packers,Dontayvion Wicks,GNB,Dallas Cowboys,away,40,40,WR,0,0.0,0,0,0,0,0,0,0,0,0,4,2,19,0,0
2025,4,,Dallas Cowboys,Green Bay Packers,Emanuel Wilson,GNB,Dallas Cowboys,away,40,40,RB,8,10.256410256410255,0,0,0,0,0,0,8,44,0,3,3,37,0,0
2025,4,,Dallas Cowboys,Green Bay Packers,Jordan Love,GNB,Dallas Cowboys,away,40,40,QB,46,58.97435897435898,31,43,337,3,0,1,3,28,0,0,0,0,0,1
2025,4,,Dallas Cowboys,Green Bay Packers,Josh Jacobs,GNB,Dallas Cowboys,away,40,40,RB,22,28.205128205128204,0,0,0,0,0,0,22,86,2,4,4,71,0,0
2025,4,,Dallas Cowboys,Green Bay Packers,Luke Musgrave,GNB,Dallas Cowboys,away,40,40,TE,0,0.0,0,0,0,0,0,0,0,0,0,1,1,6,0,0
2025,4,,Dallas Cowboys,Green Bay Packers,Malik Heath,GNB,Dallas Cowboys,away,40,40,WR,0,0.0,0,0,0,0,0,0,0,0,0,1,1,9,0,0
2025,4,,Dallas Cowboys,Green Bay Packers,Matthew Golden,GNB,Dallas Cowboys,away,40,40,WR,1,1.282051282051282,0,0,0,0,0,0,1,5,0,6,5,58,0,0
2025,4,,Dallas Cowboys,Green Bay Packers,Romeo Doubs,GNB,Dallas Cowboys,away,40,40,WR,0,0.0,0,0,0,0,0,0,0,0,0,8,6,58,3,0
2025,4,,Dallas Cowboys,Green Bay Packers,Savion Williams,GNB,Dallas Cowboys,away,40,40,WR,1,1.282051282051282,0,0,0,0,0,0,1,1,0,3,3,22,0,0
2025,4,,Dallas Cowboys,Green Bay Packers,Tucker Kraft,GNB,Dallas Cowboys,away,40,40,TE,0,0.0,0,0,0,0,0,0,0,0,0,5,5,56,0,0
2025,4,,Tennessee Titans,Houston Texans,C.J. Stroud,HOU,Tennessee Titans,away,26,0,QB,32,50.79365079365079,22,28,233,2,0,2,4,11,0,0,0,0,0,0
2025,4,,Tennessee Titans,Houston Texans,Christian Kirk,HOU,Tennessee Titans,away,26,0,WR,0,0.0,0,0,0,0,0,0,0,0,0,4,3,20,0,0
2025,4,,Tennessee Titans,Houston Texans,Dalton Schultz,HOU,Tennessee Titans,away,26,0,TE,0,0.0,0,0,0,0,0,0,0,0,0,6,5,30,0,0
2025,4,,Tennessee Titans,Houston Texans,Jayden Higgins,HOU,Tennessee Titans,away,26,0,WR,0,0.0,0,0,0,0,0,0,0,0,0,1,1,24,1,0
2025,4,,Tennessee Titans,Houston Texans,Jaylin Noel,HOU,Tennessee Titans,away,26,0,WR,1,1.5873015873015872,0,0,0,0,0,0,1,2,0,1,1,-2,0,0
2025,4,,Tennessee Titans,Houston Texans,Nick Chubb,HOU,Tennessee Titans,away,26,0,RB,13,20.634920634920633,0,0,0,0,0,0,13,47,0,2,2,15,0,0
2025,4,,Tennessee Titans,Houston Texans,Nico Collins,HOU,Tennessee Titans,away,26,0,WR,0,0.0,0,0,0,0,0,0,0,0,0,6,4,79,0,0
2025,4,,Tennessee Titans,Houston Texans,Woody Marks,HOU,Tennessee Titans,away,26,0,RB,17,26.984126984126984,0,0,0,0,0,0,17,69,1,5,4,50,1,0
2025,4,,Tennessee Titans,Houston Texans,Xavier Hutchinson,HOU,Tennessee Titans,away,26,0,WR,0,0.0,0,0,0,0,0,0,0,0,0,3,2,17,0,0
2025,4,,Indianapolis Colts,Los Angeles Rams,Adonai Mitchell,IND,Los Angeles Rams,home,20,27,WR,0,0.0,0,0,0,0,0,0,0,0,0,4,3,96,0,1
2025,4,,Indianapolis Colts,Los Angeles Rams,Ashton Dulin,IND,Los Angeles Rams,home,20,27,WR,1,1.8518518518518516,0,0,0,0,0,0,1,7,0,1,1,11,0,0
2025,4,,Indianapolis Colts,Los Angeles Rams,Daniel Jones,IND,Los Angeles Rams,home,20,27,QB,34,62.96296296296296,24,33,262,1,2,2,1,-1,0,0,0,0,0,1
2025,4,,Indianapolis Colts,Los Angeles Rams,Jonathan Taylor,IND,Los Angeles Rams,home,20,27,RB,17,31.48148148148148,0,0,0,0,0,0,17,76,0,5,5,20,0,0
2025,4,,Indianapolis Colts,Los Angeles Rams,Josh Downs,IND,Los Angeles Rams,home,20,27,WR,0,0.0,0,0,0,0,0,0,0,0,0,5,4,24,0,0
2025,4,,Indianapolis Colts,Los Angeles Rams,Michael Pittman Jr.,IND,Los Angeles Rams,home,20,27,WR,0,0.0,0,0,0,0,0,0,0,0,0,10,5,41,1,0
2025,4,,Indianapolis Colts,Los Angeles Rams,Tyler Goodson,IND,Los Angeles Rams,home,20,27,RB,0,0.0,0,0,0,0,0,0,0,0,0,1,1,0,0,0
2025,4,,Indianapolis Colts,Los Angeles Rams,Tyler Warren,IND,Los Angeles Rams,home,20,27,TE,2,3.7037037037037033,0,0,0,0,0,0,2,3,1,6,5,70,0,0
2025,4,"72 degrees, relative humidity 72%, wind 7 mph",San Francisco 49ers,Jacksonville Jaguars,Bhayshul Tuten,JAX,San Francisco 49ers,away,21,26,RB,4,6.349206349206349,0,0,0,0,0,0,4,14,0,1,1,8,0,0
2025,4,"72 degrees, relative humidity 72%, wind 7 mph",San Francisco 49ers,Jacksonville Jaguars,Brenton Strange,JAX,San Francisco 49ers,away,21,26,TE,0,0.0,0,0,0,0,0,0,0,0,0,7,6,45,0,0
2025,4,"72 degrees, relative humidity 72%, wind 7 mph",San Francisco 49ers,Jacksonville Jaguars,Brian Thomas,JAX,San Francisco 49ers,away,21,26,WR,1,1.5873015873015872,0,0,0,0,0,0,1,7,0,7,5,49,0,0
2025,4,"72 degrees, relative humidity 72%, wind 7 mph",San Francisco 49ers,Jacksonville Jaguars,Hunter Long,JAX,San Francisco 49ers,away,21,26,TE,0,0.0,0,0,0,0,0,0,0,0,0,3,3,23,1,0
2025,4,"72 degrees, relative humidity 72%, wind 7 mph",San Francisco 49ers,Jacksonville Jaguars,Johnny Mundt,JAX,San Francisco 49ers,away,21,26,TE,0,0.0,0,0,0,0,0,0,0,0,0,1,0,0,0,0
2025,4,"72 degrees, relative humidity 72%, wind 7 mph",San Francisco 49ers,Jacksonville Jaguars,LeQuint Allen,JAX,San Francisco 49ers,away,21,26,RB,0,0.0,0,0,0,0,0,0,0,0,0,1,1,7,0,0
2025,4,"72 degrees, relative humidity 72%, wind 7 mph",San Francisco 49ers,Jacksonville Jaguars,Parker Washington,JAX,San Francisco 49ers,away,21,26,WR,1,1.5873015873015872,0,0,0,0,0,0,1,-1,0,2,0,0,0,0
2025,4,"72 degrees, relative humidity 72%, wind 7 mph",San Francisco 49ers,Jacksonville Jaguars,Tim Patrick,JAX,San Francisco 49ers,away,21,26,WR,0,0.0,0,0,0,0,0,0,0,0,0,1,1,-1,0,0
2025,4,"72 degrees, relative humidity 72%, wind 7 mph",San Francisco 49ers,Jacksonville Jaguars,Travis Etienne,JAX,San Francisco 49ers,away,21,26,RB,19,30.158730158730158,0,0,0,0,0,0,19,124,1,2,1,1,0,0
2025,4,"72 degrees, relative humidity 72%, wind 7 mph",San Francisco 49ers,Jacksonville Jaguars,Travis Hunter,JAX,San Francisco 49ers,away,21,26,WR,0,0.0,0,0,0,0,0,0,0,0,0,5,3,42,0,1
2025,4,"72 degrees, relative humidity 72%, wind 7 mph",San Francisco 49ers,Jacksonville Jaguars,Trevor Lawrence,JAX,San Francisco 49ers,away,21,26,QB,38,60.317460317460316,21,31,174,1,0,0,7,7,0,0,0,0,0,0
2025,4,"89 degrees, relative humidity 38%, wind 10 mph",Baltimore Ravens,Kansas City Chiefs,Brashard Smith,KAN,Baltimore Ravens,away,37,20,RB,4,5.797101449275362,0,0,0,0,0,0,4,9,0,4,3,27,0,0
2025,4,"89 degrees, relative humidity 38%, wind 10 mph",Baltimore Ravens,Kansas City Chiefs,Gardner Minshew,KAN,Baltimore Ravens,away,37,20,UNK,2,2.898550724637681,0,0,0,0,0,0,2,-3,0,0,0,0,0,0
2025,4,"89 degrees, relative humidity 38%, wind 10 mph",Baltimore Ravens,Kansas City Chiefs,Isiah Pacheco,KAN,Baltimore Ravens,away,37,20,RB,7,10.144927536231885,0,0,0,0,0,0,7,35,0,3,2,13,1,0
2025,4,"89 degrees, relative humidity 38%, wind 10 mph",Baltimore Ravens,Kansas City Chiefs,JuJu Smith-Schuster,KAN,Baltimore Ravens,away,37,20,WR,0,0.0,0,0,0,0,0,0,0,0,0,6,4,36,1,0
2025,4,"89 degrees, relative humidity 38%, wind 10 mph",Baltimore Ravens,Kansas City Chiefs,Kareem Hunt,KAN,Baltimore Ravens,away,37,20,RB,13,18.84057971014493,0,0,0,0,0,0,13,34,0,1,1,13,0,0
2025,4,"89 degrees, relative humidity 38%, wind 10 mph",Baltimore Ravens,Kansas City Chiefs,Marquise Brown,KAN,Baltimore Ravens,away,37,20,WR,0,0.0,0,0,0,0,0,0,0,0,0,5,3,38,1,0
2025,4,"89 degrees, relative humidity 38%, wind 10 mph",Baltimore Ravens,Kansas City Chiefs,Noah Gray,KAN,Baltimore Ravens,away,37,20,TE,0,0.0,0,0,0,0,0,0,0,0,0,1,1,1,0,0
2025,4,"89 degrees, relative humidity 38%, wind 10 mph",Baltimore Ravens,Kansas City Chiefs,Patrick Mahomes,KAN,Baltimore Ravens,away,37,20,QB,41,59.42028985507246,25,37,270,4,0,1,4,5,0,0,0,0,0,0
2025,4,"89 degrees, relative humidity 38%, wind 10 mph",Baltimore Ravens,Kansas City Chiefs,Travis Kelce,KAN,Baltimore Ravens,away,37,20,TE,0,0.0,0,0,0,0,0,0,0,0,0,5,5,48,0,0
2025,4,"89 degrees, relative humidity 38%, wind 10 mph",Baltimore Ravens,Kansas City Chiefs,Tyquan Thornton,KAN,Baltimore Ravens,away,37,20,WR,0,0.0,0,0,0,0,0,0,0,0,0,2,1,11,1,0
2025,4,"89 degrees, relative humidity 38%, wind 10 mph",Baltimore Ravens,Kansas City Chiefs,Xavier Worthy,KAN,Baltimore Ravens,away,37,20,WR,2,2.898550724637681,0,0,0,0,0,0,2,38,0,8,5,83,0,0
2025,4,"81 degrees, relative humidity 53%, wind 4 mph",Los Angeles Chargers,New York Giants,Justin Herbert,LAC,New York Giants,home,18,21,QB,42,77.77777777777779,23,41,203,1,2,2,1,24,0,0,0,0,0,0
2025,4,"81 degrees, relative humidity 53%, wind 4 mph",Los Angeles Chargers,New York Giants,Keenan Allen,LAC,New York Giants,home,18,21,WR,0,0.0,0,0,0,0,0,0,0,0,0,7,5,37,0,0
2025,4,"81 degrees, relative humidity 53%, wind 4 mph",Los Angeles Chargers,New York Giants,Ladd McConkey,LAC,New York Giants,home,18,21,WR,0,0.0,0,0,0,0,0,0,0,0,0,6,1,11,0,0
2025,4,"81 degrees, relative humidity 53%, wind 4 mph",Los Angeles Chargers,New York Giants,Omarion Hampton,LAC,New York Giants,home,18,21,RB,12,22.22222222222222,0,0,0,0,0,0,12,128,1,5,5,37,0,0
2025,4,"81 degrees, relative humidity 53%, wind 4 mph",Los Angeles Chargers,New York Giants,Oronde Gadsden,LAC,New York Giants,home,18,21,UNK,0,0.0,0,0,0,0,0,0,0,0,0,3,2,16,0,0
2025,4,"81 degrees, relative humidity 53%, wind 4 mph",Los Angeles Chargers,New York Giants,Quentin Johnston,LAC,New York Giants,home,18,21,WR,0,0.0,0,0,0,0,0,0,0,0,0,13,8,98,1,0
2025,4,"81 degrees, relative humidity 53%, wind 4 mph",Los Angeles Chargers,New York Giants,Scott Matlock,LAC,New York Giants,home,18,21,FB,0,0.0,0,0,0,0,0,0,0,0,0,1,1,1,0,0
2025,4,"81 degrees, relative humidity 53%, wind 4 mph",Los Angeles Chargers,New York Giants,Tre Harris,LAC,New York Giants,home,18,21,WR,0,0.0,0,0,0,0,0,0,0,0,0,1,0,0,0,0
2025,4,"81 degrees, relative humidity 53%, wind 4 mph",Los Angeles Chargers,New York Giants,Tucker Fisk,LAC,New York Giants,home,18,21,TE,0,0.0,0,0,0,0,0,0,0,0,0,1,0,0,0,0
2025,4,"81 degrees, relative humidity 53%, wind 4 mph",Los Angeles Chargers,New York Giants,Tyler Conklin,LAC,New York Giants,home,18,21,TE,0,0.0,0,0,0,0,0,0,0,0,0,1,1,3,0,0
2025,4,,Indianapolis Colts,Los Angeles Rams,Blake Corum,LAR,Indianapolis Colts,away,27,20,RB,9,13.432835820895523,0,0,0,0,0,0,9,21,0,4,2,-5,0,0
2025,4,,Indianapolis Colts,Los Angeles Rams,Colby Parkinson,LAR,Indianapolis Colts,away,27,20,TE,0,0.0,0,0,0,0,0,0,0,0,0,2,2,17,0,0
2025,4,,Indianapolis Colts,Los Angeles Rams,Davante Adams,LAR,Indianapolis Colts,away,27,20,WR,0,0.0,0,0,0,0,0,0,0,0,0,6,4,56,1,0
2025,4,,Indianapolis Colts,Los Angeles Rams,Davis Allen,LAR,Indianapolis Colts,away,27,20,TE,0,0.0,0,0,0,0,0,0,0,0,0,1,1,0,0,0
2025,4,,Indianapolis Colts,Los Angeles Rams,Jordan Whittington,LAR,Indianapolis Colts,away,27,20,WR,0,0.0,0,0,0,0,0,0,0,0,0,1,1,7,0,0
2025,4,,Indianapolis Colts,Los Angeles Rams,Kyren Williams,LAR,Indianapolis Colts,away,27,20,RB,13,19.402985074626866,0,0,0,0,0,0,13,77,0,4,3,17,0,1
2025,4,,Indianapolis Colts,Los Angeles Rams,Matthew Stafford,LAR,Indianapolis Colts,away,27,20,QB,45,67.16417910447761,29,41,375,3,0,3,4,4,0,0,0,0,0,0
2025,4,,Indianapolis Colts,Los Angeles Rams,Puka Nacua,LAR,Indianapolis Colts,away,27,20,WR,0,0.0,0,0,0,0,0,0,0,0,0,15,13,170,1,0
2025,4,,Indianapolis Colts,Los Angeles Rams,Tutu Atwell,LAR,Indianapolis Colts,away,27,20,WR,0,0.0,0,0,0,0,0,0,0,0,0,2,1,88,1,0
2025,4,,Indianapolis Colts,Los Angeles Rams,Tyler Higbee,LAR,Indianapolis Colts,away,27,20,TE,0,0.0,0,0,0,0,0,0,0,0,0,5,2,25,0,0
2025,4,,Las Vegas Raiders,Chicago Bears,Ashton Jeanty,LVR,Las Vegas Raiders,away,24,25,RB,21,40.38461538461539,0,0,0,0,0,0,21,138,1,2,2,17,2,1
2025,4,,Las Vegas Raiders,Chicago Bears,Brock Bowers,LVR,Las Vegas Raiders,away,24,25,TE,0,0.0,0,0,0,0,0,0,0,0,0,6,5,46,0,0
2025,4,,Las Vegas Raiders,Chicago Bears,Dont'e Thornton,LVR,Las Vegas Raiders,away,24,25,WR,0,0.0,0,0,0,0,0,0,0,0,0,2,0,0,0,0
2025,4,,Las Vegas Raiders,Chicago Bears,Geno Smith,LVR,Las Vegas Raiders,away,24,25,QB,25,48.07692307692308,14,21,117,2,3,0,4,31,0,0,0,0,0,0
2025,4,,Las Vegas Raiders,Chicago Bears,Jakobi Meyers,LVR,Las Vegas Raiders,away,24,25,WR,0,0.0,0,0,0,0,0,0,0,0,0,7,4,30,0,0
2025,4,,Las Vegas Raiders,Chicago Bears,Raheem Mostert,LVR,Las Vegas Raiders,away,24,25,RB,4,7.6923076923076925,0,0,0,0,0,0,4,62,0,1,1,11,0,0
2025,4,,Las Vegas Raiders,Chicago Bears,Tre Tucker,LVR,Las Vegas Raiders,away,24,25,WR,2,3.8461538461538463,0,0,0,0,0,0,2,9,0,2,2,13,0,0
2025,4,"88 degrees, relative humidity 57%, wind 17 mph",New York Jets,Miami Dolphins,Darren Waller,MIA,New York Jets,away,27,21,TE,0,0.0,0,0,0,0,0,0,0,0,0,4,3,27,2,0
2025,4,"88 degrees, relative humidity 57%, wind 17 mph",New York Jets,Miami Dolphins,De'Von Achane,MIA,New York Jets,away,27,21,RB,20,35.714285714285715,0,0,0,0,0,0,20,99,1,2,1,2,0,1
2025,4,"88 degrees, relative humidity 57%, wind 17 mph",New York Jets,Miami Dolphins,Jaylen Waddle,MIA,New York Jets,away,27,21,WR,0,0.0,0,0,0,0,0,0,0,0,0,6,3,48,0,0
2025,4,"88 degrees, relative humidity 57%, wind 17 mph",New York Jets,Miami Dolphins,Julian Hill,MIA,New York Jets,away,27,21,TE,0,0.0,0,0,0,0,0,0,0,0,0,2,1,19,0,0
2025,4,"88 degrees, relative humidity 57%, wind 17 mph",New York Jets,Miami Dolphins,Malik Washington,MIA,New York Jets,away,27,21,WR,2,3.571428571428571,0,0,0,0,0,0,2,8,0,3,2,13,0,0
2025,4,"88 degrees, relative humidity 57%, wind 17 mph",New York Jets,Miami Dolphins,Nick Westbrook-Ikhine,MIA,New York Jets,away,27,21,WR,0,0.0,0,0,0,0,0,0,0,0,0,1,1,1,0,0
2025,4,"88 degrees, relative humidity 57%, wind 17 mph",New York Jets,Miami Dolphins,Ollie Gordon,MIA,New York Jets,away,27,21,RB,6,10.714285714285714,0,0,0,0,0,0,6,10,0,1,0,0,0,0
2025,4,"88 degrees, relative humidity 57%, wind 17 mph",New York Jets,Miami Dolphins,Tua Tagovailoa,MIA,New York Jets,away,27,21,QB,28,50.0,17,25,177,2,0,0,3,6,0,0,0,0,0,1
2025,4,"88 degrees, relative humidity 57%, wind 17 mph",New York Jets,Miami Dolphins,Tyreek Hill,MIA,New York Jets,away,27,21,WR,0,0.0,0,0,0,0,0,0,0,0,0,6,6,67,0,0
2025,4,"61 degrees, relative humidity 70%, wind 5 mph",Minnesota Vikings,Pittsburgh Steelers,Adam Thielen,MIN,Pittsburgh Steelers,home,21,24,WR,0,0.0,0,0,0,0,0,0,0,0,0,2,2,11,0,0
2025,4,"61 degrees, relative humidity 70%, wind 5 mph",Minnesota Vikings,Pittsburgh Steelers,Carson Wentz,MIN,Pittsburgh Steelers,home,21,24,QB,48,72.72727272727273,30,46,350,2,2,6,2,12,0,0,0,0,0,1
2025,4,"61 degrees, relative humidity 70%, wind 5 mph",Minnesota Vikings,Pittsburgh Steelers,Jalen Nailor,MIN,Pittsburgh Steelers,home,21,24,WR,0,0.0,0,0,0,0,0,0,0,0,0,4,1,2,1,0
2025,4,"61 degrees, relative humidity 70%, wind 5 mph",Minnesota Vikings,Pittsburgh Steelers,Jordan Addison,MIN,Pittsburgh Steelers,home,21,24,WR,0,0.0,0,0,0,0,0,0,0,0,0,8,4,114,0,0
2025,4,"61 degrees, relative humidity 70%, wind 5 mph",Minnesota Vikings,Pittsburgh Steelers,Jordan Mason,MIN,Pittsburgh Steelers,home,21,24,RB,16,24.242424242424242,0,0,0,0,0,0,16,57,0,3,3,15,0,1
2025,4,"61 degrees, relative humidity 70%, wind 5 mph",Minnesota Vikings,Pittsburgh Steelers,Josh Oliver,MIN,Pittsburgh Steelers,home,21,24,TE,0,0.0,0,0,0,0,0,0,0,0,0,1,0,0,0,0
2025,4,"61 degrees, relative humidity 70%, wind 5 mph",Minnesota Vikings,Pittsburgh Steelers,Justin Jefferson,MIN,Pittsburgh Steelers,home,21,24,WR,0,0.0,0,0,0,0,0,0,0,0,0,11,10,126,0,0
2025,4,"61 degrees, relative humidity 70%, wind 5 mph",Minnesota Vikings,Pittsburgh Steelers,T.J. Hockenson,MIN,Pittsburgh Steelers,home,21,24,TE,0,0.0,0,0,0,0,0,0,0,0,0,5,4,39,0,0
2025,4,"61 degrees, relative humidity 70%, wind 5 mph",Minnesota Vikings,Pittsburgh Steelers,Zavier Scott,MIN,Pittsburgh Steelers,home,21,24,RB,2,3.0303030303030303,0,0,0,0,0,0,2,1,0,8,6,43,1,0
2025,4,"73 degrees, relative humidity 56%, wind 7 mph",New Orleans Saints,Buffalo Bills,Alvin Kamara,NOR,New Orleans Saints,away,31,19,RB,15,24.193548387096776,0,0,0,0,0,0,15,70,0,5,4,2,0,0
2025,4,"73 degrees, relative humidity 56%, wind 7 mph",New Orleans Saints,Buffalo Bills,Brandin Cooks,NOR,New Orleans Saints,away,31,19,WR,0,0.0,0,0,0,0,0,0,0,0,0,4,3,22,0,0
2025,4,"73 degrees, relative humidity 56%, wind 7 mph",New Orleans Saints,Buffalo Bills,Chris Olave,NOR,New Orleans Saints,away,31,19,WR,1,1.6129032258064515,0,1,0,0,1,0,0,0,0,6,3,20,1,0
2025,4,"73 degrees, relative humidity 56%, wind 7 mph",New Orleans Saints,Buffalo Bills,Jack Stoll,NOR,New Orleans Saints,away,31,19,TE,0,0.0,0,0,0,0,0,0,0,0,0,1,1,7,0,0
2025,4,"73 degrees, relative humidity 56%, wind 7 mph",New Orleans Saints,Buffalo Bills,Juwan Johnson,NOR,New Orleans Saints,away,31,19,TE,0,0.0,0,0,0,0,0,0,0,0,0,3,3,28,0,0
2025,4,"73 degrees, relative humidity 56%, wind 7 mph",New Orleans Saints,Buffalo Bills,Kendre Miller,NOR,New Orleans Saints,away,31,19,RB,11,17.741935483870968,0,0,0,0,0,0,11,65,1,0,0,0,0,0
2025,4,"73 degrees, relative humidity 56%, wind 7 mph",New Orleans Saints,Buffalo Bills,Rashid Shaheed,NOR,New Orleans Saints,away,31,19,WR,2,3.225806451612903,0,0,0,0,0,0,2,5,0,5,4,47,0,0
2025,4,"73 degrees, relative humidity 56%, wind 7 mph",New Orleans Saints,Buffalo Bills,Spencer Rattler,NOR,New Orleans Saints,away,31,19,QB,33,53.2258064516129,18,27,126,1,0,3,6,49,0,1,0,0,0,1
2025,4,"76 degrees, relative humidity 70%, wind 7 mph",Carolina Panthers,New England Patriots,Antonio Gibson,NWE,Carolina Panthers,away,42,13,RB,6,12.76595744680851,0,0,0,0,0,0,6,27,1,0,0,0,0,0
2025,4,"76 degrees, relative humidity 70%, wind 7 mph",Carolina Panthers,New England Patriots,Austin Hooper,NWE,Carolina Panthers,away,42,13,TE,0,0.0,0,0,0,0,0,0,0,0,0,1,1,24,0,0
2025,4,"76 degrees, relative humidity 70%, wind 7 mph",Carolina Panthers,New England Patriots,Drake Maye,NWE,Carolina Panthers,away,42,13,QB,20,42.5531914893617,14,17,203,2,0,1,3,11,1,0,0,0,0,0
2025,4,"76 degrees, relative humidity 70%, wind 7 mph",Carolina Panthers,New England Patriots,Hunter Henry,NWE,Carolina Panthers,away,42,13,TE,0,0.0,0,0,0,0,0,0,0,0,0,2,2,39,1,0
2025,4,"76 degrees, relative humidity 70%, wind 7 mph",Carolina Panthers,New England Patriots,Joshua Dobbs,NWE,Carolina Panthers,away,42,13,QB,4,8.51063829787234,0,1,0,0,0,0,3,-2,0,0,0,0,0,0
2025,4,"76 degrees, relative humidity 70%, wind 7 mph",Carolina Panthers,New England Patriots,Kayshon Boutte,NWE,Carolina Panthers,away,42,13,WR,0,0.0,0,0,0,0,0,0,0,0,0,3,1,18,0,0
2025,4,"76 degrees, relative humidity 70%, wind 7 mph",Carolina Panthers,New England Patriots,Kyle Williams,NWE,Carolina Panthers,away,42,13,WR,1,2.127659574468085,0,0,0,0,0,0,1,-2,0,0,0,0,0,0
2025,4,"76 degrees, relative humidity 70%, wind 7 mph",Carolina Panthers,New England Patriots,Mack Hollins,NWE,Carolina Panthers,away,42,13,WR,0,0.0,0,0,0,0,0,0,0,0,0,1,1,4,1,0
2025,4,"76 degrees, relative humidity 70%, wind 7 mph",Carolina Panthers,New England Patriots,Rhamondre Stevenson,NWE,Carolina Panthers,away,42,13,RB,9,19.148936170212767,0,0,0,0,0,0,9,38,0,1,1,3,0,0
2025,4,"76 degrees, relative humidity 70%, wind 7 mph",Carolina Panthers,New England Patriots,Stefon Diggs,NWE,Carolina Panthers,away,42,13,WR,0,0.0,0,0,0,0,0,0,0,0,0,7,6,101,0,0
2025,4,"76 degrees, relative humidity 70%, wind 7 mph",Carolina Panthers,New England Patriots,TreVeyon Henderson,NWE,Carolina Panthers,away,42,13,RB,7,14.893617021276595,0,0,0,0,0,0,7,32,1,2,2,14,0,0
2025,4,"81 degrees, relative humidity 53%, wind 4 mph",Los Angeles Chargers,New York Giants,Cam Skattebo,NYG,Los Angeles Chargers,away,21,18,RB,25,39.682539682539684,0,0,0,0,0,0,25,79,0,2,2,11,0,0
2025,4,"81 degrees, relative humidity 53%, wind 4 mph",Los Angeles Chargers,New York Giants,Daniel Bellinger,NYG,Los Angeles Chargers,away,21,18,TE,0,0.0,0,0,0,0,0,0,0,0,0,1,1,13,0,0
2025,4,"81 degrees, relative humidity 53%, wind 4 mph",Los Angeles Chargers,New York Giants,Darius Slayton,NYG,Los Angeles Chargers,away,21,18,WR,0,0.0,0,0,0,0,0,0,0,0,0,4,3,44,0,0
2025,4,"81 degrees, relative humidity 53%, wind 4 mph",Los Angeles Chargers,New York Giants,Devin Singletary,NYG,Los Angeles Chargers,away,21,18,RB,7,11.11111111111111,0,0,0,0,0,0,7,28,0,0,0,0,0,0
2025,4,"81 degrees, relative humidity 53%, wind 4 mph",Los Angeles Chargers,New York Giants,Jaxson Dart,NYG,Los Angeles Chargers,away,21,18,QB,30,47.61904761904761,13,20,111,1,0,5,10,54,1,0,0,0,0,1
2025,4,"81 degrees, relative humidity 53%, wind 4 mph",Los Angeles Chargers,New York Giants,Malik Nabers,NYG,Los Angeles Chargers,away,21,18,WR,0,0.0,0,0,0,0,0,0,0,0,0,3,2,20,0,0
2025,4,"81 degrees, relative humidity 53%, wind 4 mph",Los Angeles Chargers,New York Giants,Russell Wilson,NYG,Los Angeles Chargers,away,21,18,QB,1,1.5873015873015872,1,1,8,0,0,1,0,0,0,0,0,0,0,1
2025,4,"81 degrees, relative humidity 53%, wind 4 mph",Los Angeles Chargers,New York Giants,Theo Johnson,NYG,Los Angeles Chargers,away,21,18,TE,0,0.0,0,0,0,0,0,0,0,0,0,5,3,17,1,0
2025,4,"81 degrees, relative humidity 53%, wind 4 mph",Los Angeles Chargers,New York Giants,Wan'Dale Robinson,NYG,Los Angeles Chargers,away,21,18,WR,0,0.0,0,0,0,0,0,0,0,0,0,5,3,14,0,0
2025,4,"88 degrees, relative humidity 57%, wind 17 mph",New York Jets,Miami Dolphins,Allen Lazard,NYJ,Miami Dolphins,home,21,27,WR,0,0.0,0,0,0,0,0,0,0,0,0,1,1,8,0,0
2025,4,"88 degrees, relative humidity 57%, wind 17 mph",New York Jets,Miami Dolphins,Braelon Allen,NYJ,Miami Dolphins,home,21,27,RB,4,7.2727272727272725,0,0,0,0,0,0,4,26,0,0,0,0,0,1
2025,4,"88 degrees, relative humidity 57%, wind 17 mph",New York Jets,Miami Dolphins,Breece Hall,NYJ,Miami Dolphins,home,21,27,RB,14,25.454545454545453,0,0,0,0,0,0,14,81,0,6,5,30,0,0
2025,4,"88 degrees, relative humidity 57%, wind 17 mph",New York Jets,Miami Dolphins,Garrett Wilson,NYJ,Miami Dolphins,home,21,27,WR,0,0.0,0,0,0,0,0,0,0,0,0,8,6,82,1,0
2025,4,"88 degrees, relative humidity 57%, wind 17 mph",New York Jets,Miami Dolphins,Isaiah Davis,NYJ,Miami Dolphins,home,21,27,RB,3,5.454545454545454,0,0,0,0,0,0,3,9,0,2,2,18,0,0
2025,4,"88 degrees, relative humidity 57%, wind 17 mph",New York Jets,Miami Dolphins,Jeremy Ruckert,NYJ,Miami Dolphins,home,21,27,TE,0,0.0,0,0,0,0,0,0,0,0,0,1,1,23,0,0
2025,4,"88 degrees, relative humidity 57%, wind 17 mph",New York Jets,Miami Dolphins,Josh Reynolds,NYJ,Miami Dolphins,home,21,27,WR,0,0.0,0,0,0,0,0,0,0,0,0,2,0,0,0,0
2025,4,"88 degrees, relative humidity 57%, wind 17 mph",New York Jets,Miami Dolphins,Justin Fields,NYJ,Miami Dolphins,home,21,27,QB,34,61.81818181818181,20,27,226,1,0,2,7,81,1,0,0,0,0,1
2025,4,"88 degrees, relative humidity 57%, wind 17 mph",New York Jets,Miami Dolphins,Mason Taylor,NYJ,Miami Dolphins,home,21,27,TE,0,0.0,0,0,0,0,0,0,0,0,0,7,5,65,0,0
2025,4,"88 degrees, relative humidity 61%, wind 6 mph",Tampa Bay Buccaneers,Philadelphia Eagles,A.J. Brown,PHI,Tampa Bay Buccaneers,away,25,31,WR,0,0.0,0,0,0,0,0,0,0,0,0,9,2,7,0,0
2025,4,"88 degrees, relative humidity 61%, wind 6 mph",Tampa Bay Buccaneers,Philadelphia Eagles,AJ Dillon,PHI,Tampa Bay Buccaneers,away,25,31,RB,3,5.357142857142857,0,0,0,0,0,0,3,17,0,0,0,0,0,0
2025,4,"88 degrees, relative humidity 61%, wind 6 mph",Tampa Bay Buccaneers,Philadelphia Eagles,Braden Mann,PHI,Tampa Bay Buccaneers,away,25,31,P,1,1.7857142857142856,0,0,0,0,0,0,1,-34,0,0,0,0,0,0
2025,4,"88 degrees, relative humidity 61%, wind 6 mph",Tampa Bay Buccaneers,Philadelphia Eagles,Dallas Goedert,PHI,Tampa Bay Buccaneers,away,25,31,TE,0,0.0,0,0,0,0,0,0,0,0,0,4,4,37,2,0
2025,4,"88 degrees, relative humidity 61%, wind 6 mph",Tampa Bay Buccaneers,Philadelphia Eagles,DeVonta Smith,PHI,Tampa Bay Buccaneers,away,25,31,WR,0,0.0,0,0,0,0,0,0,0,0,0,2,2,29,0,0
2025,4,"88 degrees, relative humidity 61%, wind 6 mph",Tampa Bay Buccaneers,Philadelphia Eagles,Grant Calcaterra,PHI,Tampa Bay Buccaneers,away,25,31,TE,0,0.0,0,0,0,0,0,0,0,0,0,2,1,16,0,0
2025,4,"88 degrees, relative humidity 61%, wind 6 mph",Tampa Bay Buccaneers,Philadelphia Eagles,Jalen Hurts,PHI,Tampa Bay Buccaneers,away,25,31,QB,33,58.92857142857143,15,24,130,2,0,2,9,62,0,0,0,0,0,1
2025,4,"88 degrees, relative humidity 61%, wind 6 mph",Tampa Bay Buccaneers,Philadelphia Eagles,John Metchie,PHI,Tampa Bay Buccaneers,away,25,31,WR,0,0.0,0,0,0,0,0,0,0,0,0,2,2,10,0,0
2025,4,"88 degrees, relative humidity 61%, wind 6 mph",Tampa Bay Buccaneers,Philadelphia Eagles,Saquon Barkley,PHI,Tampa Bay Buccaneers,away,25,31,RB,19,33.92857142857143,0,0,0,0,0,0,19,43,1,4,4,31,0,0
2025,4,"88 degrees, relative humidity 61%, wind 6 mph",Tampa Bay Buccaneers,Philadelphia Eagles,Will Shipley,PHI,Tampa Bay Buccaneers,away,25,31,RB,0,0.0,0,0,0,0,0,0,0,0,0,1,0,0,0,0
2025,4,"61 degrees, relative humidity 70%, wind 5 mph",Minnesota Vikings,Pittsburgh Steelers,Aaron Rodgers,PIT,Minnesota Vikings,away,24,21,QB,25,49.01960784313725,18,22,200,1,0,2,3,8,0,0,0,0,0,1
2025,4,"61 degrees, relative humidity 70%, wind 5 mph",Minnesota Vikings,Pittsburgh Steelers,Ben Skowronek,PIT,Minnesota Vikings,away,24,21,WR,0,0.0,0,0,0,0,0,0,0,0,0,1,0,0,0,0
2025,4,"61 degrees, relative humidity 70%, wind 5 mph",Minnesota Vikings,Pittsburgh Steelers,Calvin Austin,PIT,Minnesota Vikings,away,24,21,UNK,0,0.0,0,0,0,0,0,0,0,0,0,2,2,13,0,0
2025,4,"61 degrees, relative humidity 70%, wind 5 mph",Minnesota Vikings,Pittsburgh Steelers,Connor Heyward,PIT,Minnesota Vikings,away,24,21,TE,1,1.9607843137254901,0,0,0,0,0,0,1,2,0,0,0,0,0,0
2025,4,"61 degrees, relative humidity 70%, wind 5 mph",Minnesota Vikings,Pittsburgh Steelers,D.K. Metcalf,PIT,Minnesota Vikings,away,24,21,WR,0,0.0,0,0,0,0,0,0,0,0,0,5,5,126,1,0
2025,4,"61 degrees, relative humidity 70%, wind 5 mph",Minnesota Vikings,Pittsburgh Steelers,Darnell Washington,PIT,Minnesota Vikings,away,24,21,TE,0,0.0,0,0,0,0,0,0,0,0,0,3,3,20,0,0
2025,4,"61 degrees, relative humidity 70%, wind 5 mph",Minnesota Vikings,Pittsburgh Steelers,Jonnu Smith,PIT,Minnesota Vikings,away,24,21,TE,0,0.0,0,0,0,0,0,0,0,0,0,3,2,6,0,0
2025,4,"61 degrees, relative humidity 70%, wind 5 mph",Minnesota Vikings,Pittsburgh Steelers,Kaleb Johnson,PIT,Minnesota Vikings,away,24,21,RB,6,11.76470588235294,0,0,0,0,0,0,6,22,0,1,0,0,0,0
2025,4,"61 degrees, relative humidity 70%, wind 5 mph",Minnesota Vikings,Pittsburgh Steelers,Kenneth Gainwell,PIT,Minnesota Vikings,away,24,21,RB,19,37.254901960784316,0,0,0,0,0,0,19,99,2,6,6,35,0,0
2025,4,"61 degrees, relative humidity 70%, wind 5 mph",Minnesota Vikings,Pittsburgh Steelers,Scott Miller,PIT,Minnesota Vikings,away,24,21,WR,0,0.0,0,0,0,0,0,0,0,0,0,1,0,0,0,0
2025,4,,Arizona Cardinals,Seattle Seahawks,AJ Barner,SEA,Arizona Cardinals,away,20,23,TE,0,0.0,0,0,0,0,0,0,0,0,0,3,3,32,1,0
2025,4,,Arizona Cardinals,Seattle Seahawks,Cooper Kupp,SEA,Arizona Cardinals,away,20,23,WR,0,0.0,0,0,0,0,0,0,0,0,0,5,4,26,0,0
2025,4,,Arizona Cardinals,Seattle Seahawks,Elijah Arroyo,SEA,Arizona Cardinals,away,20,23,TE,0,0.0,0,0,0,0,0,0,0,0,0,4,2,44,0,0
2025,4,,Arizona Cardinals,Seattle Seahawks,Jake Bobo,SEA,Arizona Cardinals,away,20,23,WR,0,0.0,0,0,0,0,0,0,0,0,0,1,1,17,0,0
2025,4,,Arizona Cardinals,Seattle Seahawks,Jaxon Smith-Njigba,SEA,Arizona Cardinals,away,20,23,WR,3,4.918032786885246,0,0,0,0,0,0,3,11,0,5,4,79,0,0
2025,4,,Arizona Cardinals,Seattle Seahawks,Kenneth Walker,SEA,Arizona Cardinals,away,20,23,UNK,19,31.147540983606557,0,0,0,0,0,0,19,81,0,2,1,29,0,0
2025,4,,Arizona Cardinals,Seattle Seahawks,Sam Darnold,SEA,Arizona Cardinals,away,20,23,QB,27,44.26229508196721,18,26,242,1,0,3,1,24,0,0,0,0,0,1
2025,4,,Arizona Cardinals,Seattle Seahawks,Tory Horton,SEA,Arizona Cardinals,away,20,23,WR,0,0.0,0,0,0,0,0,0,0,0,0,2,1,10,0,0
2025,4,,Arizona Cardinals,Seattle Seahawks,Zach Charbonnet,SEA,Arizona Cardinals,away,20,23,RB,12,19.672131147540984,0,0,0,0,0,0,12,39,1,2,2,5,0,0
2025,4,"72 degrees, relative humidity 72%, wind 7 mph",San Francisco 49ers,Jacksonville Jaguars,Brian Robinson Jr.,SFO,San Francisco 49ers,away,21,26,RB,5,8.064516129032258,0,0,0,0,0,0,5,21,0,0,0,0,0,0
2025,4,"72 degrees, relative humidity 72%, wind 7 mph",San Francisco 49ers,Jacksonville Jaguars,Brock Purdy,SFO,San Francisco 49ers,away,21,26,QB,40,64.51612903225806,22,38,309,2,2,1,2,13,0,0,0,0,0,1
2025,4,"72 degrees, relative humidity 72%, wind 7 mph",San Francisco 49ers,Jacksonville Jaguars,Christian McCaffrey,SFO,San Francisco 49ers,away,21,26,RB,17,27.419354838709676,0,0,0,0,0,0,17,49,0,11,6,92,1,1
2025,4,"72 degrees, relative humidity 72%, wind 7 mph",San Francisco 49ers,Jacksonville Jaguars,Demarcus Robinson,SFO,San Francisco 49ers,away,21,26,WR,0,0.0,0,0,0,0,0,0,0,0,0,2,1,20,0,0
2025,4,"72 degrees, relative humidity 72%, wind 7 mph",San Francisco 49ers,Jacksonville Jaguars,Jake Tonges,SFO,San Francisco 49ers,away,21,26,TE,0,0.0,0,0,0,0,0,0,0,0,0,5,3,58,1,0
2025,4,"72 degrees, relative humidity 72%, wind 7 mph",San Francisco 49ers,Jacksonville Jaguars,Jauan Jennings,SFO,San Francisco 49ers,away,21,26,WR,0,0.0,0,0,0,0,0,0,0,0,0,4,2,24,0,0
2025,4,"72 degrees, relative humidity 72%, wind 7 mph",San Francisco 49ers,Jacksonville Jaguars,Kendrick Bourne,SFO,San Francisco 49ers,away,21,26,WR,0,0.0,0,0,0,0,0,0,0,0,0,4,1,17,0,0
2025,4,"72 degrees, relative humidity 72%, wind 7 mph",San Francisco 49ers,Jacksonville Jaguars,Kyle Juszczyk,SFO,San Francisco 49ers,away,21,26,FB,0,0.0,0,0,0,0,0,0,0,0,0,3,3,32,0,0
2025,4,"72 degrees, relative humidity 72%, wind 7 mph",San Francisco 49ers,Jacksonville Jaguars,Luke Farrell,SFO,San Francisco 49ers,away,21,26,TE,0,0.0,0,0,0,0,0,0,0,0,0,2,2,20,0,1
2025,4,"72 degrees, relative humidity 72%, wind 7 mph",San Francisco 49ers,Jacksonville Jaguars,Ricky Pearsall,SFO,San Francisco 49ers,away,21,26,WR,0,0.0,0,0,0,0,0,0,0,0,0,5,4,46,0,0
2025,4,"72 degrees, relative humidity 72%, wind 7 mph",San Francisco 49ers,Jacksonville Jaguars,Skyy Moore,SFO,San Francisco 49ers,away,21,26,WR,0,0.0,0,0,0,0,0,0,0,0,0,1,0,0,0,0
2025,4,"88 degrees, relative humidity 61%, wind 6 mph",Tampa Bay Buccaneers,Philadelphia Eagles,Baker Mayfield,TAM,Tampa Bay Buccaneers,away,25,31,QB,42,63.63636363636363,22,40,289,2,1,2,2,13,0,0,0,0,0,1
2025,4,"88 degrees, relative humidity 61%, wind 6 mph",Tampa Bay Buccaneers,Philadelphia Eagles,Bucky Irving,TAM,Tampa Bay Buccaneers,away,25,31,RB,15,22.727272727272727,0,0,0,0,0,0,15,63,0,5,5,102,1,1
2025,4,"88 degrees, relative humidity 61%, wind 6 mph",Tampa Bay Buccaneers,Philadelphia Eagles,Cade Otton,TAM,Tampa Bay Buccaneers,away,25,31,TE,0,0.0,0,0,0,0,0,0,0,0,0,4,3,9,0,0
2025,4,"88 degrees, relative humidity 61%, wind 6 mph",Tampa Bay Buccaneers,Philadelphia Eagles,Chris Godwin,TAM,Tampa Bay Buccaneers,away,25,31,WR,0,0.0,0,0,0,0,0,0,0,0,0,10,3,26,0,0
2025,4,"88 degrees, relative humidity 61%, wind 6 mph",Tampa Bay Buccaneers,Philadelphia Eagles,Emeka Egbuka,TAM,Tampa Bay Buccaneers,away,25,31,WR,1,1.5151515151515151,0,0,0,0,0,0,1,0,0,10,4,101,1,0
2025,4,"88 degrees, relative humidity 61%, wind 6 mph",Tampa Bay Buccaneers,Philadelphia Eagles,Rachaad White,TAM,Tampa Bay Buccaneers,away,25,31,RB,6,9.090909090909092,0,0,0,0,0,0,6,17,0,5,4,29,0,0
2025,4,"88 degrees, relative humidity 61%, wind 6 mph",Tampa Bay Buccaneers,Philadelphia Eagles,Sterling Shepard,TAM,Tampa Bay Buccaneers,away,25,31,WR,1,1.5151515151515151,0,0,0,0,0,0,1,6,0,4,2,14,0,0
2025,4,"88 degrees, relative humidity 61%, wind 6 mph",Tampa Bay Buccaneers,Philadelphia Eagles,Tez Johnson,TAM,Tampa Bay Buccaneers,away,25,31,WR,1,1.5151515151515151,0,0,0,0,0,0,1,5,0,1,1,8,0,0
2025,4,,Tennessee Titans,Houston Texans,Calvin Ridley,TEN,Houston Texans,home,0,26,WR,0,0.0,0,0,0,0,0,0,0,0,0,3,2,30,0,0
2025,4,,Tennessee Titans,Houston Texans,Cam Ward,TEN,Houston Texans,home,0,26,QB,28,63.63636363636363,10,26,108,0,1,2,2,22,0,0,0,0,0,0
2025,4,,Tennessee Titans,Houston Texans,Chigoziem Okonkwo,TEN,Houston Texans,home,0,26,TE,0,0.0,0,0,0,0,0,0,0,0,0,3,1,4,0,0
2025,4,,Tennessee Titans,Houston Texans,Chimere Dike,TEN,Houston Texans,home,0,26,WR,1,2.272727272727273,0,0,0,0,0,0,1,-4,0,0,0,0,0,0
2025,4,,Tennessee Titans,Houston Texans,Elic Ayomanor,TEN,Houston Texans,home,0,26,WR,0,0.0,0,0,0,0,0,0,0,0,0,7,2,44,0,0
2025,4,,Tennessee Titans,Houston Texans,Gunnar Helm,TEN,Houston Texans,home,0,26,TE,0,0.0,0,0,0,0,0,0,0,0,0,1,1,12,0,0
2025,4,,Tennessee Titans,Houston Texans,Julius Chestnut,TEN,Houston Texans,home,0,26,RB,1,2.272727272727273,0,0,0,0,0,0,1,0,0,1,0,0,0,0
2025,4,,Tennessee Titans,Houston Texans,Tony Pollard,TEN,Houston Texans,home,0,26,RB,14,31.818181818181817,0,0,0,0,0,0,14,64,0,3,3,12,0,0
2025,4,,Tennessee Titans,Houston Texans,Tyler Lockett,TEN,Houston Texans,home,0,26,WR,0,0.0,0,0,0,0,0,0,0,0,0,4,0,0,0,0
2025,4,,Tennessee Titans,Houston Texans,Van Jefferson,TEN,Houston Texans,home,0,26,WR,0,0.0,0,0,0,0,0,0,0,0,0,1,1,6,0,0
2025,4,,Washington Commanders,Atlanta Falcons,Chris Moore,WAS,Atlanta Falcons,home,27,34,WR,1,2.0408163265306123,0,0,0,0,0,0,1,9,0,3,0,0,0,0
2025,4,,Washington Commanders,Atlanta Falcons,Chris Rodriguez,WAS,Atlanta Falcons,home,27,34,RB,7,14.285714285714285,0,0,0,0,0,0,7,59,0,0,0,0,0,0
2025,4,,Washington Commanders,Atlanta Falcons,Deebo Samuel,WAS,Atlanta Falcons,home,27,34,WR,3,6.122448979591836,0,0,0,0,0,0,3,9,0,6,6,72,1,1
2025,4,,Washington Commanders,Atlanta Falcons,Jacory Croskey-Merritt,WAS,Atlanta Falcons,home,27,34,RB,7,14.285714285714285,0,0,0,0,0,0,7,47,0,2,2,10,0,0
2025,4,,Washington Commanders,Atlanta Falcons,Jaylin Lane,WAS,Atlanta Falcons,home,27,34,WR,0,0.0,0,0,0,0,0,0,0,0,0,3,2,18,0,2
2025,4,,Washington Commanders,Atlanta Falcons,Jeremy McNichols,WAS,Atlanta Falcons,home,27,34,RB,2,4.081632653061225,0,0,0,0,0,0,2,3,0,2,1,0,0,0
2025,4,,Washington Commanders,Atlanta Falcons,Luke McCaffrey,WAS,Atlanta Falcons,home,27,34,WR,0,0.0,0,0,0,0,0,0,0,0,0,3,2,21,1,0
2025,4,,Washington Commanders,Atlanta Falcons,Marcus Mariota,WAS,Atlanta Falcons,home,27,34,QB,29,59.183673469387756,16,27,156,2,1,2,2,20,0,0,0,0,0,0
2025,4,,Washington Commanders,Atlanta Falcons,Tay Martin,WAS,Atlanta Falcons,home,27,34,WR,0,0.0,0,0,0,0,0,0,0,0,0,1,1,14,0,0
2025,4,,Washington Commanders,Atlanta Falcons,Zach Ertz,WAS,Atlanta Falcons,home,27,34,TE,0,0.0,0,0,0,0,0,0,0,0,0,4,2,21,0,1
2025,5,,Arizona Cardinals,Tennessee Titans,Elijah Higgins,ARI,Tennessee Titans,home,22,21,TE,0,0.0,0,0,0,0,0,0,0,0,0,2,2,10,0,0
2025,5,,Arizona Cardinals,Tennessee Titans,Emari Demercado,ARI,Tennessee Titans,home,22,21,RB,3,4.918032786885246,0,0,0,0,0,0,3,81,0,0,0,0,0,1
2025,5,,Arizona Cardinals,Tennessee Titans,Greg Dortch,ARI,Tennessee Titans,home,22,21,WR,0,0.0,0,0,0,0,0,0,0,0,0,2,2,12,0,0
2025,5,,Arizona Cardinals,Tennessee Titans,Jacoby Brissett,ARI,Tennessee Titans,home,22,21,QB,1,1.639344262295082,0,1,0,0,0,0,0,0,0,0,0,0,0,0
2025,5,,Arizona Cardinals,Tennessee Titans,Kyler Murray,ARI,Tennessee Titans,home,22,21,QB,35,57.377049180327866,23,31,220,0,0,3,4,25,1,0,0,0,0,1
2025,5,,Arizona Cardinals,Tennessee Titans,Marvin Harrison Jr.,ARI,Tennessee Titans,home,22,21,WR,0,0.0,0,0,0,0,0,0,0,0,0,5,4,98,0,0
2025,5,,Arizona Cardinals,Tennessee Titans,Michael Carter,ARI,Tennessee Titans,home,22,21,RB,18,29.508196721311474,0,0,0,0,0,0,18,51,1,5,5,22,0,0
2025,5,,Arizona Cardinals,Tennessee Titans,Michael Wilson,ARI,Tennessee Titans,home,22,21,WR,0,0.0,0,0,0,0,0,0,0,0,0,4,2,16,0,0
2025,5,,Arizona Cardinals,Tennessee Titans,Tip Reiman,ARI,Tennessee Titans,home,22,21,TE,0,0.0,0,0,0,0,0,0,0,0,0,1,0,0,0,0
2025,5,,Arizona Cardinals,Tennessee Titans,Trey McBride,ARI,Tennessee Titans,home,22,21,TE,0,0.0,0,0,0,0,0,0,0,0,0,7,5,41,0,0
2025,5,,Arizona Cardinals,Tennessee Titans,Zay Jones,ARI,Tennessee Titans,home,22,21,WR,0,0.0,0,0,0,0,0,0,0,0,0,3,2,8,0,0
2025,5,,Arizona Cardinals,Tennessee Titans,Zonovan Knight,ARI,Tennessee Titans,home,22,21,RB,4,6.557377049180328,0,0,0,0,0,0,4,11,1,1,1,13,0,0
2025,5,"78 degrees, relative humidity 45%, wind 2 mph",Baltimore Ravens,Houston Texans,Charlie Kolar,BAL,Houston Texans,home,44,10,TE,0,0.0,0,0,0,0,0,0,0,0,0,1,1,10,0,0
2025,5,"78 degrees, relative humidity 45%, wind 2 mph",Baltimore Ravens,Houston Texans,Cooper Rush,BAL,Houston Texans,home,44,10,QB,20,51.28205128205128,14,20,179,0,3,1,0,0,0,0,0,0,0,0
2025,5,"78 degrees, relative humidity 45%, wind 2 mph",Baltimore Ravens,Houston Texans,DeAndre Hopkins,BAL,Houston Texans,home,44,10,WR,0,0.0,0,0,0,0,0,0,0,0,0,2,2,46,0,0
2025,5,"78 degrees, relative humidity 45%, wind 2 mph",Baltimore Ravens,Houston Texans,Derrick Henry,BAL,Houston Texans,home,44,10,RB,15,38.46153846153847,0,0,0,0,0,0,15,33,1,1,0,0,0,0
2025,5,"78 degrees, relative humidity 45%, wind 2 mph",Baltimore Ravens,Houston Texans,Isaiah Likely,BAL,Houston Texans,home,44,10,TE,0,0.0,0,0,0,0,0,0,0,0,0,1,1,12,0,0
2025,5,"78 degrees, relative humidity 45%, wind 2 mph",Baltimore Ravens,Houston Texans,Justice Hill,BAL,Houston Texans,home,44,10,RB,1,2.564102564102564,0,0,0,0,0,0,1,3,0,2,1,9,0,0
2025,5,"78 degrees, relative humidity 45%, wind 2 mph",Baltimore Ravens,Houston Texans,Keaton Mitchell,BAL,Houston Texans,home,44,10,RB,3,7.6923076923076925,0,0,0,0,0,0,3,8,0,1,1,5,0,0
2025,5,"78 degrees, relative humidity 45%, wind 2 mph",Baltimore Ravens,Houston Texans,Mark Andrews,BAL,Houston Texans,home,44,10,TE,0,0.0,0,0,0,0,0,0,0,0,0,3,2,22,0,0
2025,5,"78 degrees, relative humidity 45%, wind 2 mph",Baltimore Ravens,Houston Texans,Rashod Bateman,BAL,Houston Texans,home,44,10,WR,0,0.0,0,0,0,0,0,0,0,0,0,3,0,0,0,0
2025,5,"78 degrees, relative humidity 45%, wind 2 mph",Baltimore Ravens,Houston Texans,Zaire Mitchell-Paden,BAL,Houston Texans,home,44,10,TE,0,0.0,0,0,0,0,0,0,0,0,0,1,1,3,0,0
2025,5,"78 degrees, relative humidity 45%, wind 2 mph",Baltimore Ravens,Houston Texans,Zay Flowers,BAL,Houston Texans,home,44,10,WR,0,0.0,0,0,0,0,0,0,0,0,0,5,5,72,0,0
2025,5,"66 degrees, relative humidity 58%, wind 3 mph",Buffalo Bills,New England Patriots,Curtis Samuel,BUF,New England Patriots,home,23,20,WR,0,0.0,0,0,0,0,0,0,0,0,0,2,2,26,1,0
2025,5,"66 degrees, relative humidity 58%, wind 3 mph",Buffalo Bills,New England Patriots,Dalton Kincaid,BUF,New England Patriots,home,23,20,TE,0,0.0,0,0,0,0,0,0,0,0,0,6,6,108,0,0
2025,5,"66 degrees, relative humidity 58%, wind 3 mph",Buffalo Bills,New England Patriots,Dawson Knox,BUF,New England Patriots,home,23,20,TE,0,0.0,0,0,0,0,0,0,0,0,0,2,2,15,0,0
2025,5,"66 degrees, relative humidity 58%, wind 3 mph",Buffalo Bills,New England Patriots,James Cook,BUF,New England Patriots,home,23,20,RB,15,25.0,0,0,0,0,0,0,15,49,0,1,0,0,0,0
2025,5,"66 degrees, relative humidity 58%, wind 3 mph",Buffalo Bills,New England Patriots,Josh Allen,BUF,New England Patriots,home,23,20,QB,40,66.66666666666666,22,31,253,2,1,1,9,53,0,0,0,0,0,1
2025,5,"66 degrees, relative humidity 58%, wind 3 mph",Buffalo Bills,New England Patriots,Josh Palmer,BUF,New England Patriots,home,23,20,WR,0,0.0,0,0,0,0,0,0,0,0,0,2,2,36,0,0
2025,5,"66 degrees, relative humidity 58%, wind 3 mph",Buffalo Bills,New England Patriots,Keon Coleman,BUF,New England Patriots,home,23,20,WR,0,0.0,0,0,0,0,0,0,0,0,0,7,4,23,1,1
2025,5,"66 degrees, relative humidity 58%, wind 3 mph",Buffalo Bills,New England Patriots,Khalil Shakir,BUF,New England Patriots,home,23,20,WR,1,1.6666666666666667,0,0,0,0,0,0,1,5,0,9,6,45,0,0
2025,5,"66 degrees, relative humidity 58%, wind 3 mph",Buffalo Bills,New England Patriots,Ray Davis,BUF,New England Patriots,home,23,20,RB,2,3.3333333333333335,0,0,0,0,0,0,2,1,0,0,0,0,0,0
2025,5,"66 degrees, relative humidity 58%, wind 3 mph",Buffalo Bills,New England Patriots,Ty Johnson,BUF,New England Patriots,home,23,20,RB,2,3.3333333333333335,0,0,0,0,0,0,2,10,0,0,0,0,0,0
2025,5,"66 degrees, relative humidity 58%, wind 3 mph",Buffalo Bills,New England Patriots,Tyrell Shavers,BUF,New England Patriots,home,23,20,WR,0,0.0,0,0,0,0,0,0,0,0,0,1,0,0,0,0
2025,5,"77 degrees, relative humidity 57%, wind 8 mph",Miami Dolphins,Carolina Panthers,Bryce Young,CAR,Miami Dolphins,away,27,24,QB,33,53.2258064516129,19,30,198,2,1,3,3,1,0,0,0,0,0,1
2025,5,"77 degrees, relative humidity 57%, wind 8 mph",Miami Dolphins,Carolina Panthers,Brycen Tremayne,CAR,Miami Dolphins,away,27,24,WR,0,0.0,0,0,0,0,0,0,0,0,0,1,1,9,0,0
2025,5,"77 degrees, relative humidity 57%, wind 8 mph",Miami Dolphins,Carolina Panthers,Hunter Renfrow,CAR,Miami Dolphins,away,27,24,WR,0,0.0,0,0,0,0,0,0,0,0,0,3,1,7,0,0
2025,5,"77 degrees, relative humidity 57%, wind 8 mph",Miami Dolphins,Carolina Panthers,James Mitchell,CAR,Miami Dolphins,away,27,24,TE,0,0.0,0,0,0,0,0,0,0,0,0,1,1,11,0,0
2025,5,"77 degrees, relative humidity 57%, wind 8 mph",Miami Dolphins,Carolina Panthers,Jimmy Horn,CAR,Miami Dolphins,away,27,24,WR,2,3.225806451612903,0,0,0,0,0,0,2,10,0,3,2,21,0,0
2025,5,"77 degrees, relative humidity 57%, wind 8 mph",Miami Dolphins,Carolina Panthers,Mitchell Evans,CAR,Miami Dolphins,away,27,24,TE,0,0.0,0,0,0,0,0,0,0,0,0,1,1,4,1,0
2025,5,"77 degrees, relative humidity 57%, wind 8 mph",Miami Dolphins,Carolina Panthers,Rico Dowdle,CAR,Miami Dolphins,away,27,24,RB,23,37.096774193548384,0,0,0,0,0,0,23,206,1,4,3,28,0,0
2025,5,"77 degrees, relative humidity 57%, wind 8 mph",Miami Dolphins,Carolina Panthers,Tetairoa McMillan,CAR,Miami Dolphins,away,27,24,WR,0,0.0,0,0,0,0,0,0,0,0,0,8,6,73,0,0
2025,5,"77 degrees, relative humidity 57%, wind 8 mph",Miami Dolphins,Carolina Panthers,Tommy Tremble,CAR,Miami Dolphins,away,27,24,TE,0,0.0,0,0,0,0,0,0,0,0,0,2,1,7,0,0
2025,5,"77 degrees, relative humidity 57%, wind 8 mph",Miami Dolphins,Carolina Panthers,Trevor Etienne,CAR,Miami Dolphins,away,27,24,RB,4,6.451612903225806,0,0,0,0,0,0,4,22,0,1,1,7,0,0
2025,5,"77 degrees, relative humidity 57%, wind 8 mph",Miami Dolphins,Carolina Panthers,Xavier Legette,CAR,Miami Dolphins,away,27,24,WR,0,0.0,0,0,0,0,0,0,0,0,0,3,2,31,1,0
2025,5,"84 degrees, relative humidity 39%, wind 7 mph",Cincinnati Bengals,Detroit Lions,Andrei Iosivas,CIN,Detroit Lions,home,37,24,WR,0,0.0,0,0,0,0,0,0,0,0,0,7,5,82,0,0
2025,5,"84 degrees, relative humidity 39%, wind 7 mph",Cincinnati Bengals,Detroit Lions,Chase Brown,CIN,Detroit Lions,home,37,24,HB,8,14.285714285714285,0,0,0,0,0,0,8,27,0,8,7,21,0,1
2025,5,"84 degrees, relative humidity 39%, wind 7 mph",Cincinnati Bengals,Detroit Lions,Drew Sample,CIN,Detroit Lions,home,37,24,TE,0,0.0,0,0,0,0,0,0,0,0,0,1,1,-1,0,0
2025,5,"84 degrees, relative humidity 39%, wind 7 mph",Cincinnati Bengals,Detroit Lions,Ja'Marr Chase,CIN,Detroit Lions,home,37,24,WR,0,0.0,0,0,0,0,0,0,0,0,0,10,6,110,2,0
2025,5,"84 degrees, relative humidity 39%, wind 7 mph",Cincinnati Bengals,Detroit Lions,Jake Browning,CIN,Detroit Lions,home,37,24,QB,44,78.57142857142857,26,40,251,3,3,2,4,31,0,0,0,0,0,1
2025,5,"84 degrees, relative humidity 39%, wind 7 mph",Cincinnati Bengals,Detroit Lions,Mike Gesicki,CIN,Detroit Lions,home,37,24,TE,0,0.0,0,0,0,0,0,0,0,0,0,5,2,15,0,0
2025,5,"84 degrees, relative humidity 39%, wind 7 mph",Cincinnati Bengals,Detroit Lions,Samaje Perine,CIN,Detroit Lions,home,37,24,HB,4,7.142857142857142,0,0,0,0,0,0,4,27,0,2,2,2,0,0
2025,5,"84 degrees, relative humidity 39%, wind 7 mph",Cincinnati Bengals,Detroit Lions,Tee Higgins,CIN,Detroit Lions,home,37,24,WR,0,0.0,0,0,0,0,0,0,0,0,0,7,3,22,1,0
2025,5,"61 degrees, relative humidity 48%, wind 14 mph",Cleveland Browns,Minnesota Vikings,David Njoku,CLE,Minnesota Vikings,home,21,17,TE,0,0.0,0,0,0,0,0,0,0,0,0,9,6,67,1,0
2025,5,"61 degrees, relative humidity 48%, wind 14 mph",Cleveland Browns,Minnesota Vikings,Dillon Gabriel,CLE,Minnesota Vikings,home,21,17,QB,35,53.84615384615385,19,33,190,2,0,2,2,5,0,0,0,0,0,0
2025,5,"61 degrees, relative humidity 48%, wind 14 mph",Cleveland Browns,Minnesota Vikings,Dylan Sampson,CLE,Minnesota Vikings,home,21,17,RB,1,1.5384615384615385,0,0,0,0,0,0,1,-4,0,2,1,6,0,0
2025,5,"61 degrees, relative humidity 48%, wind 14 mph",Cleveland Browns,Minnesota Vikings,Harold Fannin,CLE,Minnesota Vikings,home,21,17,TE,0,0.0,0,0,0,0,0,0,0,0,0,4,4,13,1,0
2025,5,"61 degrees, relative humidity 48%, wind 14 mph",Cleveland Browns,Minnesota Vikings,Isaiah Bond,CLE,Minnesota Vikings,home,21,17,WR,0,0.0,0,0,0,0,0,0,0,0,0,7,2,29,0,0
2025,5,"61 degrees, relative humidity 48%, wind 14 mph",Cleveland Browns,Minnesota Vikings,Jamari Thrash,CLE,Minnesota Vikings,home,21,17,WR,0,0.0,0,0,0,0,0,0,0,0,0,1,1,22,0,0
2025,5,"61 degrees, relative humidity 48%, wind 14 mph",Cleveland Browns,Minnesota Vikings,Jerome Ford,CLE,Minnesota Vikings,home,21,17,RB,5,7.6923076923076925,0,0,0,0,0,0,5,18,0,2,2,20,0,0
2025,5,"61 degrees, relative humidity 48%, wind 14 mph",Cleveland Browns,Minnesota Vikings,Jerry Jeudy,CLE,Minnesota Vikings,home,21,17,WR,0,0.0,0,0,0,0,0,0,0,0,0,5,2,15,0,0
2025,5,"61 degrees, relative humidity 48%, wind 14 mph",Cleveland Browns,Minnesota Vikings,Malachi Corley,CLE,Minnesota Vikings,home,21,17,WR,1,1.5384615384615385,0,0,0,0,0,0,1,11,0,0,0,0,0,0
2025,5,"61 degrees, relative humidity 48%, wind 14 mph",Cleveland Browns,Minnesota Vikings,Quinshon Judkins,CLE,Minnesota Vikings,home,21,17,RB,23,35.38461538461539,0,0,0,0,0,0,23,110,0,2,1,18,0,0
2025,5,"82 degrees, relative humidity 46%, wind 3 mph",New York Jets,Dallas Cowboys,Dak Prescott,DAL,New York Jets,away,22,37,QB,36,62.06896551724138,18,29,237,4,0,1,7,28,0,0,0,0,0,0
2025,5,"82 degrees, relative humidity 46%, wind 3 mph",New York Jets,Dallas Cowboys,George Pickens,DAL,New York Jets,away,22,37,WR,0,0.0,0,0,0,0,0,0,0,0,0,4,2,57,1,0
2025,5,"82 degrees, relative humidity 46%, wind 3 mph",New York Jets,Dallas Cowboys,Hunter Luepke,DAL,New York Jets,away,22,37,RB,0,0.0,0,0,0,0,0,0,0,0,0,1,1,10,0,0
2025,5,"82 degrees, relative humidity 46%, wind 3 mph",New York Jets,Dallas Cowboys,Jake Ferguson,DAL,New York Jets,away,22,37,TE,0,0.0,0,0,0,0,0,0,0,0,0,9,7,49,2,0
2025,5,"82 degrees, relative humidity 46%, wind 3 mph",New York Jets,Dallas Cowboys,Jalen Tolbert,DAL,New York Jets,away,22,37,WR,0,0.0,0,0,0,0,0,0,0,0,0,1,0,0,0,0
2025,5,"82 degrees, relative humidity 46%, wind 3 mph",New York Jets,Dallas Cowboys,Javonte Williams,DAL,New York Jets,away,22,37,RB,16,27.586206896551722,0,0,0,0,0,0,16,135,1,2,1,4,1,0
2025,5,"82 degrees, relative humidity 46%, wind 3 mph",New York Jets,Dallas Cowboys,Jaydon Blue,DAL,New York Jets,away,22,37,RB,4,6.896551724137931,0,0,0,0,0,0,4,7,0,0,0,0,0,0
2025,5,"82 degrees, relative humidity 46%, wind 3 mph",New York Jets,Dallas Cowboys,Luke Schoonmaker,DAL,New York Jets,away,22,37,TE,0,0.0,0,0,0,0,0,0,0,0,0,2,1,3,0,0
2025,5,"82 degrees, relative humidity 46%, wind 3 mph",New York Jets,Dallas Cowboys,Ryan Flournoy,DAL,New York Jets,away,22,37,WR,2,3.4482758620689653,0,0,0,0,0,0,2,10,0,9,6,114,0,0
2025,5,"80 degrees, relative humidity 43%, wind 6 mph",Philadelphia Eagles,Denver Broncos,Adam Prentice,DEN,Philadelphia Eagles,away,17,21,FB,1,1.4705882352941175,0,0,0,0,0,0,1,8,0,0,0,0,0,0
2025,5,"80 degrees, relative humidity 43%, wind 6 mph",Philadelphia Eagles,Denver Broncos,Adam Trautman,DEN,Philadelphia Eagles,away,17,21,TE,0,0.0,0,0,0,0,0,0,0,0,0,1,1,11,0,0
2025,5,"80 degrees, relative humidity 43%, wind 6 mph",Philadelphia Eagles,Denver Broncos,Bo Nix,DEN,Philadelphia Eagles,away,17,21,QB,42,61.76470588235294,24,39,242,1,0,2,3,22,0,0,0,0,0,0
2025,5,"80 degrees, relative humidity 43%, wind 6 mph",Philadelphia Eagles,Denver Broncos,Courtland Sutton,DEN,Philadelphia Eagles,away,17,21,WR,0,0.0,0,0,0,0,0,0,0,0,0,10,8,99,0,0
2025,5,"80 degrees, relative humidity 43%, wind 6 mph",Philadelphia Eagles,Denver Broncos,Evan Engram,DEN,Philadelphia Eagles,away,17,21,TE,0,0.0,0,0,0,0,0,0,0,0,0,6,4,33,1,0
2025,5,"80 degrees, relative humidity 43%, wind 6 mph",Philadelphia Eagles,Denver Broncos,J.K. Dobbins,DEN,Philadelphia Eagles,away,17,21,RB,20,29.411764705882355,0,0,0,0,0,0,20,79,1,1,1,5,0,0
2025,5,"80 degrees, relative humidity 43%, wind 6 mph",Philadelphia Eagles,Denver Broncos,Marvin Mims,DEN,Philadelphia Eagles,away,17,21,WR,1,1.4705882352941175,0,0,0,0,0,0,1,9,0,5,2,10,0,0
2025,5,"80 degrees, relative humidity 43%, wind 6 mph",Philadelphia Eagles,Denver Broncos,Nate Adkins,DEN,Philadelphia Eagles,away,17,21,TE,0,0.0,0,0,0,0,0,0,0,0,0,1,0,0,0,0
2025,5,"80 degrees, relative humidity 43%, wind 6 mph",Philadelphia Eagles,Denver Broncos,RJ Harvey,DEN,Philadelphia Eagles,away,17,21,RB,4,5.88235294117647,0,0,0,0,0,0,4,12,0,3,3,18,0,0
2025,5,"80 degrees, relative humidity 43%, wind 6 mph",Philadelphia Eagles,Denver Broncos,Trent Sherfield,DEN,Philadelphia Eagles,away,17,21,WR,0,0.0,0,0,0,0,0,0,0,0,0,2,1,15,0,0
2025,5,"80 degrees, relative humidity 43%, wind 6 mph",Philadelphia Eagles,Denver Broncos,Troy Franklin,DEN,Philadelphia Eagles,away,17,21,WR,0,0.0,0,0,0,0,0,0,0,0,0,5,3,35,0,0
2025,5,"80 degrees, relative humidity 43%, wind 6 mph",Philadelphia Eagles,Denver Broncos,Tyler Badie,DEN,Philadelphia Eagles,away,17,21,RB,0,0.0,0,0,0,0,0,0,0,0,0,2,1,16,0,0
2025,5,"84 degrees, relative humidity 39%, wind 7 mph",Cincinnati Bengals,Detroit Lions,Amon-Ra St. Brown,DET,Cincinnati Bengals,away,24,37,WR,0,0.0,0,0,0,0,0,0,0,0,0,9,8,100,0,0
2025,5,"84 degrees, relative humidity 39%, wind 7 mph",Cincinnati Bengals,Detroit Lions,Brock Wright,DET,Cincinnati Bengals,away,24,37,TE,0,0.0,0,0,0,0,0,0,0,0,0,3,2,9,1,0
2025,5,"84 degrees, relative humidity 39%, wind 7 mph",Cincinnati Bengals,Detroit Lions,David Montgomery,DET,Cincinnati Bengals,away,24,37,RB,19,33.33333333333333,1,1,3,1,0,0,18,65,1,1,1,6,0,0
2025,5,"84 degrees, relative humidity 39%, wind 7 mph",Cincinnati Bengals,Detroit Lions,Isaac TeSlaa,DET,Cincinnati Bengals,away,24,37,WR,0,0.0,0,0,0,0,0,0,0,0,0,1,1,12,1,0
2025,5,"84 degrees, relative humidity 39%, wind 7 mph",Cincinnati Bengals,Detroit Lions,Jahmyr Gibbs,DET,Cincinnati Bengals,away,24,37,RB,12,21.052631578947366,0,0,0,0,0,0,12,54,0,2,2,33,1,0
2025,5,"84 degrees, relative humidity 39%, wind 7 mph",Cincinnati Bengals,Detroit Lions,Jameson Williams,DET,Cincinnati Bengals,away,24,37,WR,1,1.7543859649122806,0,0,0,0,0,0,1,1,0,1,1,9,0,0
2025,5,"84 degrees, relative humidity 39%, wind 7 mph",Cincinnati Bengals,Detroit Lions,Jared Goff,DET,Cincinnati Bengals,away,24,37,QB,25,43.859649122807014,19,23,258,3,0,4,2,-2,0,0,0,0,0,1
2025,5,"84 degrees, relative humidity 39%, wind 7 mph",Cincinnati Bengals,Detroit Lions,Sam LaPorta,DET,Cincinnati Bengals,away,24,37,TE,0,0.0,0,0,0,0,0,0,0,0,0,6,5,92,1,0
2025,5,"78 degrees, relative humidity 45%, wind 2 mph",Baltimore Ravens,Houston Texans,Brenden Bates,HOU,Baltimore Ravens,away,10,44,TE,0,0.0,0,0,0,0,0,0,0,0,0,2,2,23,0,0
2025,5,"78 degrees, relative humidity 45%, wind 2 mph",Baltimore Ravens,Houston Texans,British Brooks,HOU,Baltimore Ravens,away,10,44,RB,2,3.125,0,0,0,0,0,0,2,15,0,0,0,0,0,0
2025,5,"78 degrees, relative humidity 45%, wind 2 mph",Baltimore Ravens,Houston Texans,C.J. Stroud,HOU,Baltimore Ravens,away,10,44,QB,28,43.75,23,27,244,4,0,2,1,30,0,0,0,0,0,0
2025,5,"78 degrees, relative humidity 45%, wind 2 mph",Baltimore Ravens,Houston Texans,Christian Kirk,HOU,Baltimore Ravens,away,10,44,WR,0,0.0,0,0,0,0,0,0,0,0,0,4,4,64,0,0
2025,5,"78 degrees, relative humidity 45%, wind 2 mph",Baltimore Ravens,Houston Texans,Dalton Schultz,HOU,Baltimore Ravens,away,10,44,TE,0,0.0,0,0,0,0,0,0,0,0,0,6,5,60,0,0
2025,5,"78 degrees, relative humidity 45%, wind 2 mph",Baltimore Ravens,Houston Texans,Dameon Pierce,HOU,Baltimore Ravens,away,10,44,RB,7,10.9375,0,0,0,0,0,0,7,21,0,0,0,0,0,0
2025,5,"78 degrees, relative humidity 45%, wind 2 mph",Baltimore Ravens,Houston Texans,Davis Mills,HOU,Baltimore Ravens,away,10,44,QB,7,10.9375,2,4,23,0,0,0,3,3,0,0,0,0,0,0
2025,5,"78 degrees, relative humidity 45%, wind 2 mph",Baltimore Ravens,Houston Texans,Harrison Bryant,HOU,Baltimore Ravens,away,10,44,TE,0,0.0,0,0,0,0,0,0,0,0,0,2,1,5,0,0
2025,5,"78 degrees, relative humidity 45%, wind 2 mph",Baltimore Ravens,Houston Texans,Jayden Higgins,HOU,Baltimore Ravens,away,10,44,WR,0,0.0,0,0,0,0,0,0,0,0,0,4,4,32,0,0
2025,5,"78 degrees, relative humidity 45%, wind 2 mph",Baltimore Ravens,Houston Texans,Jaylin Noel,HOU,Baltimore Ravens,away,10,44,WR,1,1.5625,0,0,0,0,0,0,1,5,0,3,2,13,1,0
2025,5,"78 degrees, relative humidity 45%, wind 2 mph",Baltimore Ravens,Houston Texans,Nick Chubb,HOU,Baltimore Ravens,away,10,44,RB,11,17.1875,0,0,0,0,0,0,11,61,1,1,0,0,0,0
2025,5,"78 degrees, relative humidity 45%, wind 2 mph",Baltimore Ravens,Houston Texans,Nico Collins,HOU,Baltimore Ravens,away,10,44,WR,1,1.5625,0,0,0,0,0,0,1,8,0,5,4,52,1,0
2025,5,"78 degrees, relative humidity 45%, wind 2 mph",Baltimore Ravens,Houston Texans,Woody Marks,HOU,Baltimore Ravens,away,10,44,RB,7,10.9375,0,0,0,0,0,0,7,24,0,1,0,0,0,0
2025,5,"78 degrees, relative humidity 45%, wind 2 mph",Baltimore Ravens,Houston Texans,Xavier Hutchinson,HOU,Baltimore Ravens,away,10,44,WR,0,0.0,0,0,0,0,0,0,0,0,0,3,3,18,2,0
2025,5,,Las Vegas Raiders,Indianapolis Colts,Adonai Mitchell,IND,Las Vegas Raiders,away,40,6,WR,0,0.0,0,0,0,0,0,0,0,0,0,1,0,0,0,0
2025,5,,Las Vegas Raiders,Indianapolis Colts,Ameer Abdullah,IND,Las Vegas Raiders,away,40,6,RB,2,3.508771929824561,0,0,0,0,0,0,2,6,1,0,0,0,0,0
2025,5,,Las Vegas Raiders,Indianapolis Colts,Anthony Richardson,IND,Las Vegas Raiders,away,40,6,QB,2,3.508771929824561,1,2,9,0,0,0,0,0,0,1,1,9,0,0
2025,5,,Las Vegas Raiders,Indianapolis Colts,Ashton Dulin,IND,Las Vegas Raiders,away,40,6,WR,0,0.0,0,0,0,0,0,0,0,0,0,5,2,55,0,0
2025,5,,Las Vegas Raiders,Indianapolis Colts,Bernhard Raimann,IND,Las Vegas Raiders,away,40,6,T,0,0.0,0,0,0,0,0,0,0,0,0,1,0,0,0,0
2025,5,,Las Vegas Raiders,Indianapolis Colts,DJ Giddens,IND,Las Vegas Raiders,away,40,6,RB,5,8.771929824561402,0,0,0,0,0,0,5,22,0,1,0,0,0,0
2025,5,,Las Vegas Raiders,Indianapolis Colts,Daniel Jones,IND,Las Vegas Raiders,away,40,6,QB,30,52.63157894736842,20,29,212,2,0,0,1,2,0,0,0,0,0,1
2025,5,,Las Vegas Raiders,Indianapolis Colts,Jonathan Taylor,IND,Las Vegas Raiders,away,40,6,RB,17,29.82456140350877,0,0,0,0,0,0,17,66,3,4,3,20,0,0
2025,5,,Las Vegas Raiders,Indianapolis Colts,Josh Downs,IND,Las Vegas Raiders,away,40,6,WR,0,0.0,0,0,0,0,0,0,0,0,0,8,6,54,0,0
2025,5,,Las Vegas Raiders,Indianapolis Colts,Michael Pittman Jr.,IND,Las Vegas Raiders,away,40,6,WR,0,0.0,0,0,0,0,0,0,0,0,0,6,5,39,1,0
2025,5,,Las Vegas Raiders,Indianapolis Colts,Tyler Warren,IND,Las Vegas Raiders,away,40,6,TE,1,1.7543859649122806,0,1,0,0,0,0,0,0,0,4,4,44,1,0
2025,5,"80 degrees, relative humidity 79%, wind 12 mph",Kansas City Chiefs,Jacksonville Jaguars,Bhayshul Tuten,JAX,Kansas City Chiefs,away,31,28,RB,4,7.8431372549019605,0,0,0,0,0,0,4,6,0,1,1,5,0,0
2025,5,"80 degrees, relative humidity 79%, wind 12 mph",Kansas City Chiefs,Jacksonville Jaguars,Brenton Strange,JAX,Kansas City Chiefs,away,31,28,TE,0,0.0,0,0,0,0,0,0,0,0,0,1,1,22,0,0
2025,5,"80 degrees, relative humidity 79%, wind 12 mph",Kansas City Chiefs,Jacksonville Jaguars,Brian Thomas,JAX,Kansas City Chiefs,away,31,28,WR,0,0.0,0,0,0,0,0,0,0,0,0,6,4,80,0,0
2025,5,"80 degrees, relative humidity 79%, wind 12 mph",Kansas City Chiefs,Jacksonville Jaguars,Dyami Brown,JAX,Kansas City Chiefs,away,31,28,WR,0,0.0,0,0,0,0,0,0,0,0,0,4,2,15,0,0
2025,5,"80 degrees, relative humidity 79%, wind 12 mph",Kansas City Chiefs,Jacksonville Jaguars,Hunter Long,JAX,Kansas City Chiefs,away,31,28,TE,0,0.0,0,0,0,0,0,0,0,0,0,1,1,3,0,0
2025,5,"80 degrees, relative humidity 79%, wind 12 mph",Kansas City Chiefs,Jacksonville Jaguars,Johnny Mundt,JAX,Kansas City Chiefs,away,31,28,TE,0,0.0,0,0,0,0,0,0,0,0,0,1,1,7,0,0
2025,5,"80 degrees, relative humidity 79%, wind 12 mph",Kansas City Chiefs,Jacksonville Jaguars,Parker Washington,JAX,Kansas City Chiefs,away,31,28,WR,0,0.0,0,0,0,0,0,0,0,0,0,3,2,16,1,0
2025,5,"80 degrees, relative humidity 79%, wind 12 mph",Kansas City Chiefs,Jacksonville Jaguars,Tim Patrick,JAX,Kansas City Chiefs,away,31,28,WR,0,0.0,0,0,0,0,0,0,0,0,0,1,0,0,0,0
2025,5,"80 degrees, relative humidity 79%, wind 12 mph",Kansas City Chiefs,Jacksonville Jaguars,Travis Etienne,JAX,Kansas City Chiefs,away,31,28,RB,12,23.52941176470588,0,0,0,0,0,0,12,49,0,4,3,9,0,0
2025,5,"80 degrees, relative humidity 79%, wind 12 mph",Kansas City Chiefs,Jacksonville Jaguars,Travis Hunter,JAX,Kansas City Chiefs,away,31,28,WR,0,0.0,0,0,0,0,0,0,0,0,0,3,3,64,0,0
2025,5,"80 degrees, relative humidity 79%, wind 12 mph",Kansas City Chiefs,Jacksonville Jaguars,Trevor Lawrence,JAX,Kansas City Chiefs,away,31,28,QB,35,68.62745098039215,18,25,221,1,1,3,10,54,2,0,0,0,0,1
2025,5,"80 degrees, relative humidity 79%, wind 12 mph",Kansas City Chiefs,Jacksonville Jaguars,Brashard Smith,KAN,Kansas City Chiefs,away,31,28,RB,1,1.5873015873015872,0,0,0,0,0,0,1,4,0,3,3,32,0,0
2025,5,"80 degrees, relative humidity 79%, wind 12 mph",Kansas City Chiefs,Jacksonville Jaguars,Isiah Pacheco,KAN,Kansas City Chiefs,away,31,28,RB,7,11.11111111111111,0,0,0,0,0,0,7,36,0,3,3,20,0,0
2025,5,"80 degrees, relative humidity 79%, wind 12 mph",Kansas City Chiefs,Jacksonville Jaguars,JuJu Smith-Schuster,KAN,Kansas City Chiefs,away,31,28,WR,0,0.0,0,0,0,0,0,0,0,0,0,3,2,17,0,0
2025,5,"80 degrees, relative humidity 79%, wind 12 mph",Kansas City Chiefs,Jacksonville Jaguars,Kareem Hunt,KAN,Kansas City Chiefs,away,31,28,RB,7,11.11111111111111,0,0,0,0,0,0,7,49,2,1,1,8,0,0
2025,5,"80 degrees, relative humidity 79%, wind 12 mph",Kansas City Chiefs,Jacksonville Jaguars,Marquise Brown,KAN,Kansas City Chiefs,away,31,28,WR,0,0.0,0,0,0,0,0,0,0,0,0,8,4,48,0,0
2025,5,"80 degrees, relative humidity 79%, wind 12 mph",Kansas City Chiefs,Jacksonville Jaguars,Patrick Mahomes,KAN,Kansas City Chiefs,away,31,28,QB,47,74.60317460317461,29,41,318,1,1,0,6,60,1,0,0,0,0,0
2025,5,"80 degrees, relative humidity 79%, wind 12 mph",Kansas City Chiefs,Jacksonville Jaguars,Travis Kelce,KAN,Kansas City Chiefs,away,31,28,TE,0,0.0,0,0,0,0,0,0,0,0,0,8,7,61,1,0
2025,5,"80 degrees, relative humidity 79%, wind 12 mph",Kansas City Chiefs,Jacksonville Jaguars,Tyquan Thornton,KAN,Kansas City Chiefs,away,31,28,WR,0,0.0,0,0,0,0,0,0,0,0,0,5,3,90,0,0
2025,5,"80 degrees, relative humidity 79%, wind 12 mph",Kansas City Chiefs,Jacksonville Jaguars,Xavier Worthy,KAN,Kansas City Chiefs,away,31,28,WR,1,1.5873015873015872,0,0,0,0,0,0,1,9,0,9,6,42,0,0
2025,5,,Los Angeles Chargers,Washington Commanders,Hassan Haskins,LAC,Washington Commanders,home,27,10,RB,5,8.333333333333332,0,0,0,0,0,0,5,13,0,1,1,2,0,0
2025,5,,Los Angeles Chargers,Washington Commanders,Justin Herbert,LAC,Washington Commanders,home,27,10,QB,33,55.00000000000001,22,29,166,1,1,4,4,60,0,0,0,0,0,0
2025,5,,Los Angeles Chargers,Washington Commanders,Keenan Allen,LAC,Washington Commanders,home,27,10,WR,0,0.0,0,0,0,0,0,0,0,0,0,9,5,58,0,0
2025,5,,Los Angeles Chargers,Washington Commanders,Kimani Vidal,LAC,Washington Commanders,home,27,10,RB,4,6.666666666666667,0,0,0,0,0,0,4,18,0,1,1,1,0,0
2025,5,,Los Angeles Chargers,Washington Commanders,Ladd McConkey,LAC,Washington Commanders,home,27,10,WR,0,0.0,0,0,0,0,0,0,0,0,0,7,5,39,1,0
2025,5,,Los Angeles Chargers,Washington Commanders,Omarion Hampton,LAC,Washington Commanders,home,27,10,RB,12,20.0,0,0,0,0,0,0,12,44,0,6,6,26,0,0
2025,5,,Los Angeles Chargers,Washington Commanders,Oronde Gadsden,LAC,Washington Commanders,home,27,10,UNK,0,0.0,0,0,0,0,0,0,0,0,0,1,1,14,0,0
2025,5,,Los Angeles Chargers,Washington Commanders,Quentin Johnston,LAC,Washington Commanders,home,27,10,WR,1,1.6666666666666667,0,0,0,0,0,0,1,9,0,4,4,40,0,1
2025,5,,Los Angeles Chargers,Washington Commanders,Trey Lance,LAC,Washington Commanders,home,27,10,QB,5,8.333333333333332,3,4,44,0,0,1,1,11,0,0,0,0,0,0
2025,5,,Los Angeles Chargers,Washington Commanders,Tyler Conklin,LAC,Washington Commanders,home,27,10,TE,0,0.0,0,0,0,0,0,0,0,0,0,3,2,30,0,0
2025,5,,Los Angeles Rams,San Francisco 49ers,Blake Corum,LAR,San Francisco 49ers,home,26,23,RB,1,1.5873015873015872,0,0,0,0,0,0,1,13,0,2,0,0,0,0
2025,5,,Los Angeles Rams,San Francisco 49ers,Colby Parkinson,LAR,San Francisco 49ers,home,26,23,TE,0,0.0,0,0,0,0,0,0,0,0,0,1,0,0,0,0
2025,5,,Los Angeles Rams,San Francisco 49ers,Davante Adams,LAR,San Francisco 49ers,home,26,23,WR,0,0.0,0,0,0,0,0,0,0,0,0,11,5,88,0,0
2025,5,,Los Angeles Rams,San Francisco 49ers,Davis Allen,LAR,San Francisco 49ers,home,26,23,TE,0,0.0,0,0,0,0,0,0,0,0,0,2,2,24,0,0
2025,5,,Los Angeles Rams,San Francisco 49ers,Jordan Whittington,LAR,San Francisco 49ers,home,26,23,WR,0,0.0,0,0,0,0,0,0,0,0,0,3,2,33,0,0
2025,5,,Los Angeles Rams,San Francisco 49ers,Kyren Williams,LAR,San Francisco 49ers,home,26,23,RB,14,22.22222222222222,0,0,0,0,0,0,14,65,0,10,8,66,2,1
2025,5,,Los Angeles Rams,San Francisco 49ers,Matthew Stafford,LAR,San Francisco 49ers,home,26,23,QB,48,76.19047619047619,30,47,389,3,0,1,1,0,0,0,0,0,0,1
2025,5,,Los Angeles Rams,San Francisco 49ers,Puka Nacua,LAR,San Francisco 49ers,home,26,23,WR,0,0.0,0,0,0,0,0,0,0,0,0,12,10,85,1,0
2025,5,,Los Angeles Rams,San Francisco 49ers,Terrance Ferguson,LAR,San Francisco 49ers,home,26,23,TE,0,0.0,0,0,0,0,0,0,0,0,0,1,1,21,0,0
2025,5,,Los Angeles Rams,San Francisco 49ers,Tutu Atwell,LAR,San Francisco 49ers,home,26,23,WR,0,0.0,0,0,0,0,0,0,0,0,0,4,2,72,0,0
2025,5,,Las Vegas Raiders,Indianapolis Colts,Albert Okwuegbunam,LVR,Las Vegas Raiders,away,40,6,TE,0,0.0,0,0,0,0,0,0,0,0,0,6,5,36,0,0
2025,5,,Las Vegas Raiders,Indianapolis Colts,Alex Bachman,LVR,Las Vegas Raiders,away,40,6,WR,0,0.0,0,0,0,0,0,0,0,0,0,1,1,9,0,0
2025,5,,Las Vegas Raiders,Indianapolis Colts,Ashton Jeanty,LVR,Las Vegas Raiders,away,40,6,RB,14,22.950819672131146,0,0,0,0,0,0,14,67,0,7,5,42,0,0
2025,5,,Las Vegas Raiders,Indianapolis Colts,Dont'e Thornton,LVR,Las Vegas Raiders,away,40,6,WR,0,0.0,0,0,0,0,0,0,0,0,0,2,0,0,0,0
2025,5,,Las Vegas Raiders,Indianapolis Colts,Geno Smith,LVR,Las Vegas Raiders,away,40,6,QB,39,63.934426229508205,25,36,228,0,2,4,3,8,0,0,0,0,0,0
2025,5,,Las Vegas Raiders,Indianapolis Colts,Ian Thomas,LVR,Las Vegas Raiders,away,40,6,TE,0,0.0,0,0,0,0,0,0,0,0,0,3,3,20,0,0
2025,5,,Las Vegas Raiders,Indianapolis Colts,Jack Bech,LVR,Las Vegas Raiders,away,40,6,WR,0,0.0,0,0,0,0,0,0,0,0,0,5,3,27,0,0
2025,5,,Las Vegas Raiders,Indianapolis Colts,Jakobi Meyers,LVR,Las Vegas Raiders,away,40,6,WR,0,0.0,0,0,0,0,0,0,0,0,0,6,4,32,0,0
2025,5,,Las Vegas Raiders,Indianapolis Colts,Raheem Mostert,LVR,Las Vegas Raiders,away,40,6,RB,7,11.475409836065573,0,0,0,0,0,0,7,22,0,0,0,0,0,0
2025,5,,Las Vegas Raiders,Indianapolis Colts,Tre Tucker,LVR,Las Vegas Raiders,away,40,6,WR,1,1.639344262295082,0,0,0,0,0,0,1,9,0,6,4,62,0,0
2025,5,"77 degrees, relative humidity 57%, wind 8 mph",Miami Dolphins,Carolina Panthers,Alec Ingold,MIA,Carolina Panthers,home,24,27,FB,0,0.0,0,0,0,0,0,0,0,0,0,1,0,0,0,0
2025,5,"77 degrees, relative humidity 57%, wind 8 mph",Miami Dolphins,Carolina Panthers,Darren Waller,MIA,Carolina Panthers,home,24,27,TE,0,0.0,0,0,0,0,0,0,0,0,0,5,5,78,1,0
2025,5,"77 degrees, relative humidity 57%, wind 8 mph",Miami Dolphins,Carolina Panthers,De'Von Achane,MIA,Carolina Panthers,home,24,27,RB,10,20.0,0,0,0,0,0,0,10,16,0,7,6,30,1,0
2025,5,"77 degrees, relative humidity 57%, wind 8 mph",Miami Dolphins,Carolina Panthers,Jaylen Waddle,MIA,Carolina Panthers,home,24,27,WR,0,0.0,0,0,0,0,0,0,0,0,0,9,6,110,1,0
2025,5,"77 degrees, relative humidity 57%, wind 8 mph",Miami Dolphins,Carolina Panthers,Julian Hill,MIA,Carolina Panthers,home,24,27,TE,0,0.0,0,0,0,0,0,0,0,0,0,5,4,22,0,0
2025,5,"77 degrees, relative humidity 57%, wind 8 mph",Miami Dolphins,Carolina Panthers,Malik Washington,MIA,Carolina Panthers,home,24,27,WR,0,0.0,0,0,0,0,0,0,0,0,0,5,4,0,0,0
2025,5,"77 degrees, relative humidity 57%, wind 8 mph",Miami Dolphins,Carolina Panthers,Ollie Gordon,MIA,Carolina Panthers,home,24,27,RB,3,6.0,0,0,0,0,0,0,3,-2,0,0,0,0,0,0
2025,5,"77 degrees, relative humidity 57%, wind 8 mph",Miami Dolphins,Carolina Panthers,Tanner Conner,MIA,Carolina Panthers,home,24,27,TE,0,0.0,0,0,0,0,0,0,0,0,0,2,2,16,0,0
2025,5,"77 degrees, relative humidity 57%, wind 8 mph",Miami Dolphins,Carolina Panthers,Tua Tagovailoa,MIA,Carolina Panthers,home,24,27,QB,37,74.0,27,36,256,3,0,3,1,5,0,0,0,0,0,0
2025,5,"61 degrees, relative humidity 48%, wind 14 mph",Cleveland Browns,Minnesota Vikings,Cam Akers,MIN,Cleveland Browns,away,17,21,RB,1,1.7241379310344827,1,1,32,1,0,0,0,0,0,0,0,0,0,0
2025,5,"61 degrees, relative humidity 48%, wind 14 mph",Cleveland Browns,Minnesota Vikings,Carson Wentz,MIN,Cleveland Browns,away,17,21,QB,37,63.793103448275865,25,34,236,1,0,3,3,13,0,0,0,0,0,0
2025,5,"61 degrees, relative humidity 48%, wind 14 mph",Cleveland Browns,Minnesota Vikings,Jalen Nailor,MIN,Cleveland Browns,away,17,21,WR,1,1.7241379310344827,0,0,0,0,0,0,1,15,0,4,3,27,0,0
2025,5,"61 degrees, relative humidity 48%, wind 14 mph",Cleveland Browns,Minnesota Vikings,Jordan Addison,MIN,Cleveland Browns,away,17,21,WR,0,0.0,0,0,0,0,0,0,0,0,0,6,5,41,1,0
2025,5,"61 degrees, relative humidity 48%, wind 14 mph",Cleveland Browns,Minnesota Vikings,Jordan Mason,MIN,Cleveland Browns,away,17,21,RB,13,22.413793103448278,0,0,0,0,0,0,13,52,1,4,3,4,0,1
2025,5,"61 degrees, relative humidity 48%, wind 14 mph",Cleveland Browns,Minnesota Vikings,Josh Oliver,MIN,Cleveland Browns,away,17,21,TE,0,0.0,0,0,0,0,0,0,0,0,0,3,2,35,1,0
2025,5,"61 degrees, relative humidity 48%, wind 14 mph",Cleveland Browns,Minnesota Vikings,Justin Jefferson,MIN,Cleveland Browns,away,17,21,WR,0,0.0,0,0,0,0,0,0,0,0,0,11,7,123,0,0
2025,5,"61 degrees, relative humidity 48%, wind 14 mph",Cleveland Browns,Minnesota Vikings,Max Brosmer,MIN,Cleveland Browns,away,17,21,QB,1,1.7241379310344827,0,0,0,0,0,0,1,-1,0,0,0,0,0,0
2025,5,"61 degrees, relative humidity 48%, wind 14 mph",Cleveland Browns,Minnesota Vikings,T.J. Hockenson,MIN,Cleveland Browns,away,17,21,TE,0,0.0,0,0,0,0,0,0,0,0,0,6,6,38,0,0
2025,5,"61 degrees, relative humidity 48%, wind 14 mph",Cleveland Browns,Minnesota Vikings,Zavier Scott,MIN,Cleveland Browns,away,17,21,RB,5,8.620689655172415,0,0,0,0,0,0,5,18,0,0,0,0,0,1
2025,5,,New York Giants,New Orleans Saints,Alvin Kamara,NOR,New York Giants,away,26,14,RB,8,12.903225806451612,0,0,0,0,0,0,8,27,0,6,4,28,0,0
2025,5,,New York Giants,New Orleans Saints,Brandin Cooks,NOR,New York Giants,away,26,14,WR,0,0.0,0,0,0,0,0,0,0,0,0,1,1,5,0,0
2025,5,,New York Giants,New Orleans Saints,Chris Olave,NOR,New York Giants,away,26,14,WR,0,0.0,0,0,0,0,0,0,0,0,0,11,7,59,0,0
2025,5,,New York Giants,New Orleans Saints,Devaughn Vele,NOR,New York Giants,away,26,14,WR,0,0.0,0,0,0,0,0,0,0,0,0,2,2,13,0,0
2025,5,,New York Giants,New Orleans Saints,Juwan Johnson,NOR,New York Giants,away,26,14,TE,0,0.0,0,0,0,0,0,0,0,0,0,4,2,17,0,0
2025,5,,New York Giants,New Orleans Saints,Kendre Miller,NOR,New York Giants,away,26,14,RB,10,16.129032258064516,0,0,0,0,0,0,10,41,0,1,1,8,0,0
2025,5,,New York Giants,New Orleans Saints,Rashid Shaheed,NOR,New York Giants,away,26,14,WR,0,0.0,0,0,0,0,0,0,0,0,0,5,4,114,1,0
2025,5,,New York Giants,New Orleans Saints,Spencer Rattler,NOR,New York Giants,away,26,14,QB,37,59.67741935483871,21,31,225,1,0,0,6,21,0,1,1,0,0,0
2025,5,,New York Giants,New Orleans Saints,Taysom Hill,NOR,New York Giants,away,26,14,QB,7,11.29032258064516,1,1,19,0,0,0,6,-1,0,0,0,0,0,0
2025,5,"66 degrees, relative humidity 58%, wind 3 mph",Buffalo Bills,New England Patriots,Antonio Gibson,NWE,Buffalo Bills,away,20,23,RB,6,11.538461538461538,0,0,0,0,0,0,6,21,0,1,1,5,0,1
2025,5,"66 degrees, relative humidity 58%, wind 3 mph",Buffalo Bills,New England Patriots,Demario Douglas,NWE,Buffalo Bills,away,20,23,WR,0,0.0,0,0,0,0,0,0,0,0,0,3,2,17,0,0
2025,5,"66 degrees, relative humidity 58%, wind 3 mph",Buffalo Bills,New England Patriots,Drake Maye,NWE,Buffalo Bills,away,20,23,QB,33,63.46153846153846,22,30,273,0,0,4,3,12,0,0,0,0,0,0
2025,5,"66 degrees, relative humidity 58%, wind 3 mph",Buffalo Bills,New England Patriots,Hunter Henry,NWE,Buffalo Bills,away,20,23,TE,0,0.0,0,0,0,0,0,0,0,0,0,4,2,46,0,0
2025,5,"66 degrees, relative humidity 58%, wind 3 mph",Buffalo Bills,New England Patriots,Kayshon Boutte,NWE,Buffalo Bills,away,20,23,WR,0,0.0,0,0,0,0,0,0,0,0,0,3,3,43,0,0
2025,5,"66 degrees, relative humidity 58%, wind 3 mph",Buffalo Bills,New England Patriots,Rhamondre Stevenson,NWE,Buffalo Bills,away,20,23,RB,7,13.461538461538462,0,0,0,0,0,0,7,14,2,2,2,13,0,1
2025,5,"66 degrees, relative humidity 58%, wind 3 mph",Buffalo Bills,New England Patriots,Stefon Diggs,NWE,Buffalo Bills,away,20,23,WR,0,0.0,0,0,0,0,0,0,0,0,0,12,10,146,0,0
2025,5,"66 degrees, relative humidity 58%, wind 3 mph",Buffalo Bills,New England Patriots,TreVeyon Henderson,NWE,Buffalo Bills,away,20,23,RB,6,11.538461538461538,0,0,0,0,0,0,6,24,0,3,2,3,0,0
2025,5,,New York Giants,New Orleans Saints,Beaux Collins,NYG,New Orleans Saints,home,14,26,WR,0,0.0,0,0,0,0,0,0,0,0,0,3,1,7,0,0
2025,5,,New York Giants,New Orleans Saints,Cam Skattebo,NYG,New Orleans Saints,home,14,26,RB,15,21.73913043478261,0,0,0,0,0,0,15,59,0,7,6,45,0,1
2025,5,,New York Giants,New Orleans Saints,Daniel Bellinger,NYG,New Orleans Saints,home,14,26,TE,0,0.0,0,0,0,0,0,0,0,0,0,4,4,52,0,0
2025,5,,New York Giants,New Orleans Saints,Darius Slayton,NYG,New Orleans Saints,home,14,26,WR,0,0.0,0,0,0,0,0,0,0,0,0,6,3,31,0,1
2025,5,,New York Giants,New Orleans Saints,Devin Singletary,NYG,New Orleans Saints,home,14,26,RB,6,8.695652173913043,0,0,0,0,0,0,6,20,0,2,1,4,0,0
2025,5,,New York Giants,New Orleans Saints,Jalin Hyatt,NYG,New Orleans Saints,home,14,26,WR,0,0.0,0,0,0,0,0,0,0,0,0,3,0,0,0,0
2025,5,,New York Giants,New Orleans Saints,Jaxson Dart,NYG,New Orleans Saints,home,14,26,QB,47,68.11594202898551,26,40,202,2,2,1,7,55,0,0,0,0,0,1
2025,5,,New York Giants,New Orleans Saints,Theo Johnson,NYG,New Orleans Saints,home,14,26,TE,0,0.0,0,0,0,0,0,0,0,0,0,7,6,33,2,0
2025,5,,New York Giants,New Orleans Saints,Wan'Dale Robinson,NYG,New Orleans Saints,home,14,26,WR,1,1.4492753623188406,0,0,0,0,0,0,1,2,0,7,5,30,0,0
2025,5,"82 degrees, relative humidity 46%, wind 3 mph",New York Jets,Dallas Cowboys,Allen Lazard,NYJ,Dallas Cowboys,home,37,22,WR,0,0.0,0,0,0,0,0,0,0,0,0,2,1,3,0,0
2025,5,"82 degrees, relative humidity 46%, wind 3 mph",New York Jets,Dallas Cowboys,Andrew Beck,NYJ,Dallas Cowboys,home,37,22,FB,0,0.0,0,0,0,0,0,0,0,0,0,2,1,1,1,0
2025,5,"82 degrees, relative humidity 46%, wind 3 mph",New York Jets,Dallas Cowboys,Arian Smith,NYJ,Dallas Cowboys,home,37,22,WR,0,0.0,0,0,0,0,0,0,0,0,0,1,1,14,0,0
2025,5,"82 degrees, relative humidity 46%, wind 3 mph",New York Jets,Dallas Cowboys,Breece Hall,NYJ,Dallas Cowboys,home,37,22,RB,14,20.588235294117645,0,0,0,0,0,0,14,113,0,5,4,42,0,1
2025,5,"82 degrees, relative humidity 46%, wind 3 mph",New York Jets,Dallas Cowboys,Garrett Wilson,NYJ,Dallas Cowboys,home,37,22,WR,0,0.0,0,0,0,0,0,0,0,0,0,10,6,71,1,0
2025,5,"82 degrees, relative humidity 46%, wind 3 mph",New York Jets,Dallas Cowboys,Isaiah Davis,NYJ,Dallas Cowboys,home,37,22,RB,1,1.4705882352941175,0,0,0,0,0,0,1,5,0,4,3,28,0,0
2025,5,"82 degrees, relative humidity 46%, wind 3 mph",New York Jets,Dallas Cowboys,Jeremy Ruckert,NYJ,Dallas Cowboys,home,37,22,TE,0,0.0,0,0,0,0,0,0,0,0,0,4,4,28,0,0
2025,5,"82 degrees, relative humidity 46%, wind 3 mph",New York Jets,Dallas Cowboys,Josh Reynolds,NYJ,Dallas Cowboys,home,37,22,WR,0,0.0,0,0,0,0,0,0,0,0,0,4,3,29,0,0
2025,5,"82 degrees, relative humidity 46%, wind 3 mph",New York Jets,Dallas Cowboys,Justin Fields,NYJ,Dallas Cowboys,home,37,22,QB,53,77.94117647058823,32,46,283,2,0,5,7,26,0,0,0,0,0,0
2025,5,"82 degrees, relative humidity 46%, wind 3 mph",New York Jets,Dallas Cowboys,Mason Taylor,NYJ,Dallas Cowboys,home,37,22,TE,0,0.0,0,0,0,0,0,0,0,0,0,12,9,67,0,0
2025,5,"80 degrees, relative humidity 43%, wind 6 mph",Philadelphia Eagles,Denver Broncos,A.J. Brown,PHI,Denver Broncos,home,21,17,WR,0,0.0,0,0,0,0,0,0,0,0,0,8,5,43,0,0
2025,5,"80 degrees, relative humidity 43%, wind 6 mph",Philadelphia Eagles,Denver Broncos,AJ Dillon,PHI,Denver Broncos,home,21,17,RB,2,4.081632653061225,0,0,0,0,0,0,2,12,0,0,0,0,0,0
2025,5,"80 degrees, relative humidity 43%, wind 6 mph",Philadelphia Eagles,Denver Broncos,Dallas Goedert,PHI,Denver Broncos,home,21,17,TE,0,0.0,0,0,0,0,0,0,0,0,0,9,3,19,1,0
2025,5,"80 degrees, relative humidity 43%, wind 6 mph",Philadelphia Eagles,Denver Broncos,DeVonta Smith,PHI,Denver Broncos,home,21,17,WR,0,0.0,0,0,0,0,0,0,0,0,0,10,8,114,0,0
2025,5,"80 degrees, relative humidity 43%, wind 6 mph",Philadelphia Eagles,Denver Broncos,Grant Calcaterra,PHI,Denver Broncos,home,21,17,TE,0,0.0,0,0,0,0,0,0,0,0,0,2,2,18,0,0
2025,5,"80 degrees, relative humidity 43%, wind 6 mph",Philadelphia Eagles,Denver Broncos,Jahan Dotson,PHI,Denver Broncos,home,21,17,WR,0,0.0,0,0,0,0,0,0,0,0,0,3,1,24,0,0
2025,5,"80 degrees, relative humidity 43%, wind 6 mph",Philadelphia Eagles,Denver Broncos,Jalen Hurts,PHI,Denver Broncos,home,21,17,QB,40,81.63265306122449,23,38,280,2,0,6,2,3,0,0,0,0,0,0
2025,5,"80 degrees, relative humidity 43%, wind 6 mph",Philadelphia Eagles,Denver Broncos,Saquon Barkley,PHI,Denver Broncos,home,21,17,RB,6,12.244897959183673,0,0,0,0,0,0,6,30,0,3,3,58,1,0
2025,5,"80 degrees, relative humidity 43%, wind 6 mph",Philadelphia Eagles,Denver Broncos,Will Shipley,PHI,Denver Broncos,home,21,17,RB,1,2.0408163265306123,0,0,0,0,0,0,1,0,0,2,1,4,0,0
2025,5,"61 degrees, relative humidity 73%, wind 8 mph",Seattle Seahawks,Tampa Bay Buccaneers,AJ Barner,SEA,Tampa Bay Buccaneers,home,38,35,TE,0,0.0,0,0,0,0,0,0,0,0,0,7,7,53,2,0
2025,5,"61 degrees, relative humidity 73%, wind 8 mph",Seattle Seahawks,Tampa Bay Buccaneers,Cooper Kupp,SEA,Tampa Bay Buccaneers,home,38,35,WR,0,0.0,0,0,0,0,0,0,0,0,0,9,6,59,0,0
2025,5,"61 degrees, relative humidity 73%, wind 8 mph",Seattle Seahawks,Tampa Bay Buccaneers,Dareke Young,SEA,Tampa Bay Buccaneers,home,38,35,WR,0,0.0,0,0,0,0,0,0,0,0,0,1,1,36,0,0
2025,5,"61 degrees, relative humidity 73%, wind 8 mph",Seattle Seahawks,Tampa Bay Buccaneers,Elijah Arroyo,SEA,Tampa Bay Buccaneers,home,38,35,TE,0,0.0,0,0,0,0,0,0,0,0,0,1,1,10,0,0
2025,5,"61 degrees, relative humidity 73%, wind 8 mph",Seattle Seahawks,Tampa Bay Buccaneers,Jalen Milroe,SEA,Tampa Bay Buccaneers,home,38,35,QB,1,1.8518518518518516,0,0,0,0,0,0,1,0,0,0,0,0,0,1
2025,5,"61 degrees, relative humidity 73%, wind 8 mph",Seattle Seahawks,Tampa Bay Buccaneers,Jaxon Smith-Njigba,SEA,Tampa Bay Buccaneers,home,38,35,WR,0,0.0,0,0,0,0,0,0,0,0,0,9,8,132,1,0
2025,5,"61 degrees, relative humidity 73%, wind 8 mph",Seattle Seahawks,Tampa Bay Buccaneers,Kenneth Walker,SEA,Tampa Bay Buccaneers,home,38,35,UNK,10,18.51851851851852,0,0,0,0,0,0,10,86,0,1,1,0,0,0
2025,5,"61 degrees, relative humidity 73%, wind 8 mph",Seattle Seahawks,Tampa Bay Buccaneers,Sam Darnold,SEA,Tampa Bay Buccaneers,home,38,35,QB,34,62.96296296296296,28,34,341,4,1,0,0,0,0,0,0,0,0,0
2025,5,"61 degrees, relative humidity 73%, wind 8 mph",Seattle Seahawks,Tampa Bay Buccaneers,Tory Horton,SEA,Tampa Bay Buccaneers,home,38,35,WR,0,0.0,0,0,0,0,0,0,0,0,0,4,3,39,1,0
2025,5,"61 degrees, relative humidity 73%, wind 8 mph",Seattle Seahawks,Tampa Bay Buccaneers,Zach Charbonnet,SEA,Tampa Bay Buccaneers,home,38,35,RB,9,16.666666666666664,0,0,0,0,0,0,9,36,1,2,1,12,0,0
2025,5,,Los Angeles Rams,San Francisco 49ers,Brian Robinson Jr.,SFO,Los Angeles Rams,away,23,26,RB,5,6.097560975609756,0,0,0,0,0,0,5,12,0,0,0,0,0,0
2025,5,,Los Angeles Rams,San Francisco 49ers,Christian McCaffrey,SFO,Los Angeles Rams,away,23,26,RB,22,26.82926829268293,0,0,0,0,0,0,22,57,0,9,8,82,1,0
2025,5,,Los Angeles Rams,San Francisco 49ers,Demarcus Robinson,SFO,Los Angeles Rams,away,23,26,WR,0,0.0,0,0,0,0,0,0,0,0,0,7,3,39,0,0
2025,5,,Los Angeles Rams,San Francisco 49ers,Jake Tonges,SFO,Los Angeles Rams,away,23,26,TE,0,0.0,0,0,0,0,0,0,0,0,0,11,7,41,1,0
2025,5,,Los Angeles Rams,San Francisco 49ers,Kendrick Bourne,SFO,Los Angeles Rams,away,23,26,WR,0,0.0,0,0,0,0,0,0,0,0,0,11,10,142,0,0
2025,5,,Los Angeles Rams,San Francisco 49ers,Kyle Juszczyk,SFO,Los Angeles Rams,away,23,26,FB,1,1.2195121951219512,0,0,0,0,0,0,1,-1,0,4,3,21,0,0
2025,5,,Los Angeles Rams,San Francisco 49ers,Luke Farrell,SFO,Los Angeles Rams,away,23,26,TE,0,0.0,0,0,0,0,0,0,0,0,0,2,1,8,0,0
2025,5,,Los Angeles Rams,San Francisco 49ers,Mac Jones,SFO,Los Angeles Rams,away,23,26,QB,53,64.63414634146342,33,49,342,2,0,1,4,5,0,0,0,0,0,0
2025,5,,Los Angeles Rams,San Francisco 49ers,Malik Turner,SFO,Los Angeles Rams,away,23,26,WR,0,0.0,0,0,0,0,0,0,0,0,0,1,0,0,0,0
2025,5,,Los Angeles Rams,San Francisco 49ers,Marquez Valdes-Scantling,SFO,Los Angeles Rams,away,23,26,WR,0,0.0,0,0,0,0,0,0,0,0,0,3,1,9,0,0
2025,5,,Los Angeles Rams,San Francisco 49ers,Skyy Moore,SFO,Los Angeles Rams,away,23,26,WR,1,1.2195121951219512,0,0,0,0,0,0,1,1,0,0,0,0,0,0
2025,5,"61 degrees, relative humidity 73%, wind 8 mph",Seattle Seahawks,Tampa Bay Buccaneers,Baker Mayfield,TAM,Seattle Seahawks,away,35,38,QB,38,66.66666666666666,29,33,379,2,0,1,5,15,0,0,0,0,0,0
2025,5,"61 degrees, relative humidity 73%, wind 8 mph",Seattle Seahawks,Tampa Bay Buccaneers,Cade Otton,TAM,Seattle Seahawks,away,35,38,TE,0,0.0,0,0,0,0,0,0,0,0,0,5,4,81,0,0
2025,5,"61 degrees, relative humidity 73%, wind 8 mph",Seattle Seahawks,Tampa Bay Buccaneers,Chris Godwin,TAM,Seattle Seahawks,away,35,38,WR,0,0.0,0,0,0,0,0,0,0,0,0,4,3,26,0,0
2025,5,"61 degrees, relative humidity 73%, wind 8 mph",Seattle Seahawks,Tampa Bay Buccaneers,Emeka Egbuka,TAM,Seattle Seahawks,away,35,38,WR,0,0.0,0,0,0,0,0,0,0,0,0,7,7,163,1,0
2025,5,"61 degrees, relative humidity 73%, wind 8 mph",Seattle Seahawks,Tampa Bay Buccaneers,Kameron Johnson,TAM,Seattle Seahawks,away,35,38,WR,1,1.7543859649122806,0,0,0,0,0,0,1,2,0,0,0,0,0,0
2025,5,"61 degrees, relative humidity 73%, wind 8 mph",Seattle Seahawks,Tampa Bay Buccaneers,Rachaad White,TAM,Seattle Seahawks,away,35,38,RB,14,24.561403508771928,0,0,0,0,0,0,14,41,2,4,4,30,0,0
2025,5,"61 degrees, relative humidity 73%, wind 8 mph",Seattle Seahawks,Tampa Bay Buccaneers,Sean Tucker,TAM,Seattle Seahawks,away,35,38,RB,3,5.263157894736842,0,0,0,0,0,0,3,3,0,3,3,-4,0,0
2025,5,"61 degrees, relative humidity 73%, wind 8 mph",Seattle Seahawks,Tampa Bay Buccaneers,Sterling Shepard,TAM,Seattle Seahawks,away,35,38,WR,1,1.7543859649122806,0,0,0,0,0,0,1,-5,0,5,4,24,1,0
2025,5,"61 degrees, relative humidity 73%, wind 8 mph",Seattle Seahawks,Tampa Bay Buccaneers,Tez Johnson,TAM,Seattle Seahawks,away,35,38,WR,0,0.0,0,0,0,0,0,0,0,0,0,4,4,59,0,0
2025,5,,Arizona Cardinals,Tennessee Titans,Calvin Ridley,TEN,Arizona Cardinals,away,21,22,WR,0,0.0,0,0,0,0,0,0,0,0,0,10,5,131,0,0
2025,5,,Arizona Cardinals,Tennessee Titans,Cam Ward,TEN,Arizona Cardinals,away,21,22,QB,44,69.84126984126983,21,39,265,0,1,2,5,-6,0,0,0,0,0,0
2025,5,,Arizona Cardinals,Tennessee Titans,Chigoziem Okonkwo,TEN,Arizona Cardinals,away,21,22,TE,0,0.0,0,0,0,0,0,0,0,0,0,5,4,48,0,0
2025,5,,Arizona Cardinals,Tennessee Titans,Chimere Dike,TEN,Arizona Cardinals,away,21,22,WR,0,0.0,0,0,0,0,0,0,0,0,0,5,2,17,0,0
2025,5,,Arizona Cardinals,Tennessee Titans,Elic Ayomanor,TEN,Arizona Cardinals,away,21,22,WR,0,0.0,0,0,0,0,0,0,0,0,0,4,2,18,0,0
2025,5,,Arizona Cardinals,Tennessee Titans,Gunnar Helm,TEN,Arizona Cardinals,away,21,22,TE,0,0.0,0,0,0,0,0,0,0,0,0,5,4,34,0,0
2025,5,,Arizona Cardinals,Tennessee Titans,Julius Chestnut,TEN,Arizona Cardinals,away,21,22,RB,1,1.5873015873015872,0,0,0,0,0,0,1,3,0,1,0,0,0,0
2025,5,,Arizona Cardinals,Tennessee Titans,Tony Pollard,TEN,Arizona Cardinals,away,21,22,RB,14,22.22222222222222,0,0,0,0,0,0,14,67,1,3,3,11,0,1
2025,5,,Arizona Cardinals,Tennessee Titans,Tyjae Spears,TEN,Arizona Cardinals,away,21,22,RB,4,6.349206349206349,0,0,0,0,0,0,4,14,0,0,0,0,0,0
2025,5,,Arizona Cardinals,Tennessee Titans,Tyler Lockett,TEN,Arizona Cardinals,away,21,22,WR,0,0.0,0,0,0,0,0,0,0,0,0,4,1,6,0,0
2025,5,,Los Angeles Chargers,Washington Commanders,Chris Moore,WAS,Los Angeles Chargers,away,10,27,WR,0,0.0,0,0,0,0,0,0,0,0,0,1,0,0,0,0
2025,5,,Los Angeles Chargers,Washington Commanders,Chris Rodriguez,WAS,Los Angeles Chargers,away,10,27,RB,5,9.25925925925926,0,0,0,0,0,0,5,7,0,0,0,0,0,0
2025,5,,Los Angeles Chargers,Washington Commanders,Deebo Samuel,WAS,Los Angeles Chargers,away,10,27,WR,0,0.0,0,0,0,0,0,0,0,0,0,11,8,96,1,0
2025,5,,Los Angeles Chargers,Washington Commanders,Jacory Croskey-Merritt,WAS,Los Angeles Chargers,away,10,27,RB,14,25.925925925925924,0,0,0,0,0,0,14,111,2,2,2,39,0,1
2025,5,,Los Angeles Chargers,Washington Commanders,Jayden Daniels,WAS,Los Angeles Chargers,away,10,27,QB,34,62.96296296296296,15,26,231,1,0,1,8,39,0,0,0,0,0,0
2025,5,,Los Angeles Chargers,Washington Commanders,Jaylin Lane,WAS,Los Angeles Chargers,away,10,27,WR,0,0.0,0,0,0,0,0,0,0,0,0,2,1,16,0,0
2025,5,,Los Angeles Chargers,Washington Commanders,Jeremy McNichols,WAS,Los Angeles Chargers,away,10,27,RB,1,1.8518518518518516,0,0,0,0,0,0,1,6,0,2,1,12,0,0
2025,5,,Los Angeles Chargers,Washington Commanders,John Bates,WAS,Los Angeles Chargers,away,10,27,TE,0,0.0,0,0,0,0,0,0,0,0,0,1,1,9,0,0
2025,5,,Los Angeles Chargers,Washington Commanders,Luke McCaffrey,WAS,Los Angeles Chargers,away,10,27,WR,0,0.0,0,0,0,0,0,0,0,0,0,2,1,50,0,0
2025,5,,Los Angeles Chargers,Washington Commanders,Tay Martin,WAS,Los Angeles Chargers,away,10,27,WR,0,0.0,0,0,0,0,0,0,0,0,0,1,1,9,0,0
2025,5,,Los Angeles Chargers,Washington Commanders,Zach Ertz,WAS,Los Angeles Chargers,away,10,27,TE,0,0.0,0,0,0,0,0,0,0,0,0,1,0,0,0,0
2025,6,,Arizona Cardinals,Indianapolis Colts,Elijah Higgins,ARI,Indianapolis Colts,home,27,31,TE,0,0.0,0,0,0,0,0,0,0,0,0,2,2,34,0,0
2025,6,,Arizona Cardinals,Indianapolis Colts,Emari Demercado,ARI,Indianapolis Colts,home,27,31,RB,1,1.4705882352941175,0,0,0,0,0,0,1,1,0,1,0,0,0,0
2025,6,,Arizona Cardinals,Indianapolis Colts,Greg Dortch,ARI,Indianapolis Colts,home,27,31,WR,0,0.0,0,0,0,0,0,0,0,0,0,3,3,9,1,0
2025,6,,Arizona Cardinals,Indianapolis Colts,Jacoby Brissett,ARI,Indianapolis Colts,home,27,31,QB,47,69.11764705882352,27,44,320,2,1,2,3,19,0,0,0,0,0,0
2025,6,,Arizona Cardinals,Indianapolis Colts,Marvin Harrison Jr.,ARI,Indianapolis Colts,home,27,31,WR,0,0.0,0,0,0,0,0,0,0,0,0,2,2,32,0,0
2025,6,,Arizona Cardinals,Indianapolis Colts,Michael Carter,ARI,Indianapolis Colts,home,27,31,RB,9,13.23529411764706,0,0,0,0,0,0,9,34,0,5,2,30,0,0
2025,6,,Arizona Cardinals,Indianapolis Colts,Michael Wilson,ARI,Indianapolis Colts,home,27,31,WR,0,0.0,0,0,0,0,0,0,0,0,0,5,4,44,0,0
2025,6,,Arizona Cardinals,Indianapolis Colts,Trey McBride,ARI,Indianapolis Colts,home,27,31,TE,0,0.0,0,0,0,0,0,0,0,0,0,11,8,72,1,0
2025,6,,Arizona Cardinals,Indianapolis Colts,Zay Jones,ARI,Indianapolis Colts,home,27,31,WR,0,0.0,0,0,0,0,0,0,0,0,0,8,5,79,0,0
2025,6,,Arizona Cardinals,Indianapolis Colts,Zonovan Knight,ARI,Indianapolis Colts,home,27,31,RB,11,16.176470588235293,0,0,0,0,0,0,11,34,1,2,1,20,0,0
2025,6,,Buffalo Bills,Atlanta Falcons,Bijan Robinson,ATL,Buffalo Bills,away,24,14,RB,19,29.6875,0,0,0,0,0,0,19,170,1,8,6,68,0,0
2025,6,,Buffalo Bills,Atlanta Falcons,Casey Washington,ATL,Buffalo Bills,away,24,14,WR,0,0.0,0,0,0,0,0,0,0,0,0,2,0,0,0,0
2025,6,,Buffalo Bills,Atlanta Falcons,Drake London,ATL,Buffalo Bills,away,24,14,WR,0,0.0,0,0,0,0,0,0,0,0,0,16,10,158,1,0
2025,6,,Buffalo Bills,Atlanta Falcons,Feleipe Franks,ATL,Buffalo Bills,away,24,14,TE,1,1.5625,0,0,0,0,0,0,1,2,0,0,0,0,0,0
2025,6,,Buffalo Bills,Atlanta Falcons,Kyle Pitts,ATL,Buffalo Bills,away,24,14,TE,0,0.0,0,0,0,0,0,0,0,0,0,4,3,18,0,0
2025,6,,Buffalo Bills,Atlanta Falcons,Michael Penix,ATL,Buffalo Bills,away,24,14,QB,34,53.125,20,32,250,1,0,2,2,6,0,0,0,0,0,0
2025,6,,Buffalo Bills,Atlanta Falcons,Tyler Allgeier,ATL,Buffalo Bills,away,24,14,RB,10,15.625,0,0,0,0,0,0,10,32,1,1,1,6,0,0
2025,6,"64 degrees, relative humidity 66%, wind 15 mph",Baltimore Ravens,Los Angeles Rams,Charlie Kolar,BAL,Los Angeles Rams,home,17,3,TE,0,0.0,0,0,0,0,0,0,0,0,0,1,0,0,0,0
2025,6,"64 degrees, relative humidity 66%, wind 15 mph",Baltimore Ravens,Los Angeles Rams,Cooper Rush,BAL,Los Angeles Rams,home,17,3,QB,20,28.169014084507044,11,19,72,0,1,0,1,0,0,0,0,0,0,1
2025,6,"64 degrees, relative humidity 66%, wind 15 mph",Baltimore Ravens,Los Angeles Rams,DeAndre Hopkins,BAL,Los Angeles Rams,home,17,3,WR,0,0.0,0,0,0,0,0,0,0,0,0,4,2,20,0,0
2025,6,"64 degrees, relative humidity 66%, wind 15 mph",Baltimore Ravens,Los Angeles Rams,Derrick Henry,BAL,Los Angeles Rams,home,17,3,RB,24,33.80281690140845,0,0,0,0,0,0,24,122,0,2,1,8,0,0
2025,6,"64 degrees, relative humidity 66%, wind 15 mph",Baltimore Ravens,Los Angeles Rams,Isaiah Likely,BAL,Los Angeles Rams,home,17,3,TE,0,0.0,0,0,0,0,0,0,0,0,0,2,2,6,0,1
2025,6,"64 degrees, relative humidity 66%, wind 15 mph",Baltimore Ravens,Los Angeles Rams,Justice Hill,BAL,Los Angeles Rams,home,17,3,RB,6,8.450704225352112,0,0,0,0,0,0,6,16,0,6,5,28,0,0
2025,6,"64 degrees, relative humidity 66%, wind 15 mph",Baltimore Ravens,Los Angeles Rams,Mark Andrews,BAL,Los Angeles Rams,home,17,3,TE,3,4.225352112676056,0,0,0,0,0,0,3,2,0,6,4,24,0,0
2025,6,"64 degrees, relative humidity 66%, wind 15 mph",Baltimore Ravens,Los Angeles Rams,Rashod Bateman,BAL,Los Angeles Rams,home,17,3,WR,0,0.0,0,0,0,0,0,0,0,0,0,1,1,8,0,0
2025,6,"64 degrees, relative humidity 66%, wind 15 mph",Baltimore Ravens,Los Angeles Rams,Tyler Huntley,BAL,Los Angeles Rams,home,17,3,QB,18,25.352112676056336,10,15,68,0,0,4,3,39,0,0,0,0,0,0
2025,6,"64 degrees, relative humidity 66%, wind 15 mph",Baltimore Ravens,Los Angeles Rams,Zay Flowers,BAL,Los Angeles Rams,home,17,3,WR,0,0.0,0,0,0,0,0,0,0,0,0,10,6,46,0,1
2025,6,,Buffalo Bills,Atlanta Falcons,Dawson Knox,BUF,Atlanta Falcons,home,14,24,TE,0,0.0,0,0,0,0,0,0,0,0,0,2,1,19,1,0
2025,6,,Buffalo Bills,Atlanta Falcons,Elijah Moore,BUF,Atlanta Falcons,home,14,24,WR,0,0.0,0,0,0,0,0,0,0,0,0,2,0,0,0,0
2025,6,,Buffalo Bills,Atlanta Falcons,James Cook,BUF,Atlanta Falcons,home,14,24,RB,17,34.0,0,0,0,0,0,0,17,87,0,0,0,0,0,0
2025,6,,Buffalo Bills,Atlanta Falcons,Josh Allen,BUF,Atlanta Falcons,home,14,24,QB,32,64.0,15,26,180,2,2,4,6,42,0,0,0,0,0,2
2025,6,,Buffalo Bills,Atlanta Falcons,Josh Palmer,BUF,Atlanta Falcons,home,14,24,WR,0,0.0,0,0,0,0,0,0,0,0,0,2,2,60,0,0
2025,6,,Buffalo Bills,Atlanta Falcons,Keon Coleman,BUF,Atlanta Falcons,home,14,24,WR,0,0.0,0,0,0,0,0,0,0,0,0,6,3,11,0,0
2025,6,,Buffalo Bills,Atlanta Falcons,Khalil Shakir,BUF,Atlanta Falcons,home,14,24,WR,0,0.0,0,0,0,0,0,0,0,0,0,5,3,33,0,0
2025,6,,Buffalo Bills,Atlanta Falcons,Ray Davis,BUF,Atlanta Falcons,home,14,24,RB,0,0.0,0,0,0,0,0,0,0,0,0,2,2,19,1,0
2025,6,,Buffalo Bills,Atlanta Falcons,Ty Johnson,BUF,Atlanta Falcons,home,14,24,RB,1,2.0,0,0,0,0,0,0,1,5,0,2,1,11,0,0
2025,6,,Buffalo Bills,Atlanta Falcons,Tyrell Shavers,BUF,Atlanta Falcons,home,14,24,WR,0,0.0,0,0,0,0,0,0,0,0,0,5,3,27,0,0
2025,6,"68 degrees, relative humidity 71%, wind 15 mph",Dallas Cowboys,Carolina Panthers,Bryce Young,CAR,Dallas Cowboys,away,30,27,QB,28,44.44444444444444,17,25,199,3,1,1,3,5,0,0,0,0,0,0
2025,6,"68 degrees, relative humidity 71%, wind 15 mph",Dallas Cowboys,Carolina Panthers,DeeJay Dallas,CAR,Dallas Cowboys,away,30,27,RB,1,1.5873015873015872,0,0,0,0,0,0,1,0,0,0,0,0,0,0
2025,6,"68 degrees, relative humidity 71%, wind 15 mph",Dallas Cowboys,Carolina Panthers,Hunter Renfrow,CAR,Dallas Cowboys,away,30,27,WR,0,0.0,0,0,0,0,0,0,0,0,0,2,1,7,0,0
2025,6,"68 degrees, relative humidity 71%, wind 15 mph",Dallas Cowboys,Carolina Panthers,Jimmy Horn,CAR,Dallas Cowboys,away,30,27,WR,1,1.5873015873015872,0,0,0,0,0,0,1,11,0,2,2,36,0,0
2025,6,"68 degrees, relative humidity 71%, wind 15 mph",Dallas Cowboys,Carolina Panthers,Mitchell Evans,CAR,Dallas Cowboys,away,30,27,TE,0,0.0,0,0,0,0,0,0,0,0,0,1,1,21,0,0
2025,6,"68 degrees, relative humidity 71%, wind 15 mph",Dallas Cowboys,Carolina Panthers,Rico Dowdle,CAR,Dallas Cowboys,away,30,27,RB,30,47.61904761904761,0,0,0,0,0,0,30,183,0,5,4,56,1,1
2025,6,"68 degrees, relative humidity 71%, wind 15 mph",Dallas Cowboys,Carolina Panthers,Tetairoa McMillan,CAR,Dallas Cowboys,away,30,27,WR,0,0.0,0,0,0,0,0,0,0,0,0,5,3,29,2,0
2025,6,"68 degrees, relative humidity 71%, wind 15 mph",Dallas Cowboys,Carolina Panthers,Tommy Tremble,CAR,Dallas Cowboys,away,30,27,TE,0,0.0,0,0,0,0,0,0,0,0,0,4,4,39,0,0
2025,6,"68 degrees, relative humidity 71%, wind 15 mph",Dallas Cowboys,Carolina Panthers,Trevor Etienne,CAR,Dallas Cowboys,away,30,27,RB,3,4.761904761904762,0,0,0,0,0,0,3,17,0,0,0,0,0,0
2025,6,"68 degrees, relative humidity 71%, wind 15 mph",Dallas Cowboys,Carolina Panthers,Xavier Legette,CAR,Dallas Cowboys,away,30,27,WR,0,0.0,0,0,0,0,0,0,0,0,0,2,2,11,0,1
2025,6,"59 degrees, relative humidity 82%, wind 12 mph",Washington Commanders,Chicago Bears,Caleb Williams,CHI,Washington Commanders,away,24,25,QB,33,58.92857142857143,17,29,252,1,0,3,4,-2,1,0,0,0,0,0
2025,6,"59 degrees, relative humidity 82%, wind 12 mph",Washington Commanders,Chicago Bears,Cole Kmet,CHI,Washington Commanders,away,24,25,TE,0,0.0,0,0,0,0,0,0,0,0,0,2,1,0,0,0
2025,6,"59 degrees, relative humidity 82%, wind 12 mph",Washington Commanders,Chicago Bears,Colston Loveland,CHI,Washington Commanders,away,24,25,TE,0,0.0,0,0,0,0,0,0,0,0,0,3,2,11,0,0
2025,6,"59 degrees, relative humidity 82%, wind 12 mph",Washington Commanders,Chicago Bears,D'Andre Swift,CHI,Washington Commanders,away,24,25,RB,14,25.0,0,0,0,0,0,0,14,108,0,3,2,67,1,0
2025,6,"59 degrees, relative humidity 82%, wind 12 mph",Washington Commanders,Chicago Bears,D.J. Moore,CHI,Washington Commanders,away,24,25,WR,2,3.571428571428571,0,0,0,0,0,0,2,10,0,5,3,42,0,0
2025,6,"59 degrees, relative humidity 82%, wind 12 mph",Washington Commanders,Chicago Bears,Kyle Monangai,CHI,Washington Commanders,away,24,25,RB,5,8.928571428571429,0,0,0,0,0,0,5,19,0,1,1,25,0,0
2025,6,"59 degrees, relative humidity 82%, wind 12 mph",Washington Commanders,Chicago Bears,Luther Burden,CHI,Washington Commanders,away,24,25,WR,0,0.0,0,0,0,0,0,0,0,0,0,4,4,51,0,0
2025,6,"59 degrees, relative humidity 82%, wind 12 mph",Washington Commanders,Chicago Bears,Olamide Zaccheaus,CHI,Washington Commanders,away,24,25,WR,1,1.7857142857142856,0,0,0,0,0,0,1,4,0,6,2,24,0,0
2025,6,"59 degrees, relative humidity 82%, wind 12 mph",Washington Commanders,Chicago Bears,Rome Odunze,CHI,Washington Commanders,away,24,25,WR,0,0.0,0,0,0,0,0,0,0,0,0,5,2,32,0,0
2025,6,"59 degrees, relative humidity 82%, wind 12 mph",Washington Commanders,Chicago Bears,Roschon Johnson,CHI,Washington Commanders,away,24,25,RB,1,1.7857142857142856,0,0,0,0,0,0,1,6,0,0,0,0,0,0
2025,6,"64 degrees, relative humidity 56%, wind 14 mph",Cincinnati Bengals,Green Bay Packers,Andrei Iosivas,CIN,Green Bay Packers,home,18,27,WR,0,0.0,0,0,0,0,0,0,0,0,0,4,1,5,0,0
2025,6,"64 degrees, relative humidity 56%, wind 14 mph",Cincinnati Bengals,Green Bay Packers,Chase Brown,CIN,Green Bay Packers,home,18,27,HB,9,14.754098360655737,0,0,0,0,0,0,9,42,0,2,2,7,0,0
2025,6,"64 degrees, relative humidity 56%, wind 14 mph",Cincinnati Bengals,Green Bay Packers,Drew Sample,CIN,Green Bay Packers,home,18,27,TE,0,0.0,0,0,0,0,0,0,0,0,0,2,1,-2,0,0
2025,6,"64 degrees, relative humidity 56%, wind 14 mph",Cincinnati Bengals,Green Bay Packers,Ja'Marr Chase,CIN,Green Bay Packers,home,18,27,WR,1,1.639344262295082,0,0,0,0,0,0,1,-3,0,12,10,94,1,0
2025,6,"64 degrees, relative humidity 56%, wind 14 mph",Cincinnati Bengals,Green Bay Packers,Joe Flacco,CIN,Green Bay Packers,home,18,27,QB,45,73.77049180327869,29,45,219,2,0,1,0,0,0,0,0,0,0,0
2025,6,"64 degrees, relative humidity 56%, wind 14 mph",Cincinnati Bengals,Green Bay Packers,Noah Fant,CIN,Green Bay Packers,home,18,27,TE,0,0.0,0,0,0,0,0,0,0,0,0,4,4,27,0,0
2025,6,"64 degrees, relative humidity 56%, wind 14 mph",Cincinnati Bengals,Green Bay Packers,Samaje Perine,CIN,Green Bay Packers,home,18,27,HB,6,9.836065573770492,0,0,0,0,0,0,6,16,0,3,2,16,0,0
2025,6,"64 degrees, relative humidity 56%, wind 14 mph",Cincinnati Bengals,Green Bay Packers,Tanner Hudson,CIN,Green Bay Packers,home,18,27,TE,0,0.0,0,0,0,0,0,0,0,0,0,5,4,10,1,0
2025,6,"64 degrees, relative humidity 56%, wind 14 mph",Cincinnati Bengals,Green Bay Packers,Tee Higgins,CIN,Green Bay Packers,home,18,27,WR,0,0.0,0,0,0,0,0,0,0,0,0,8,5,62,0,0
2025,6,"64 degrees, relative humidity 77%, wind 8 mph",Cleveland Browns,Pittsburgh Steelers,Blake Whiteheart,CLE,Pittsburgh Steelers,home,9,23,TE,0,0.0,0,0,0,0,0,0,0,0,0,1,1,0,0,0
2025,6,"64 degrees, relative humidity 77%, wind 8 mph",Cleveland Browns,Pittsburgh Steelers,David Njoku,CLE,Pittsburgh Steelers,home,9,23,TE,0,0.0,0,0,0,0,0,0,0,0,0,6,3,28,0,0
2025,6,"64 degrees, relative humidity 77%, wind 8 mph",Cleveland Browns,Pittsburgh Steelers,Dillon Gabriel,CLE,Pittsburgh Steelers,home,9,23,QB,52,75.36231884057972,29,52,221,0,0,6,0,0,0,0,0,0,0,0
2025,6,"64 degrees, relative humidity 77%, wind 8 mph",Cleveland Browns,Pittsburgh Steelers,Dylan Sampson,CLE,Pittsburgh Steelers,home,9,23,RB,3,4.3478260869565215,0,0,0,0,0,0,3,12,0,2,2,12,0,0
2025,6,"64 degrees, relative humidity 77%, wind 8 mph",Cleveland Browns,Pittsburgh Steelers,Gage Larvadain,CLE,Pittsburgh Steelers,home,9,23,WR,0,0.0,0,0,0,0,0,0,0,0,0,4,2,22,0,0
2025,6,"64 degrees, relative humidity 77%, wind 8 mph",Cleveland Browns,Pittsburgh Steelers,Harold Fannin,CLE,Pittsburgh Steelers,home,9,23,TE,0,0.0,0,0,0,0,0,0,0,0,0,10,7,81,0,0
2025,6,"64 degrees, relative humidity 77%, wind 8 mph",Cleveland Browns,Pittsburgh Steelers,Isaiah Bond,CLE,Pittsburgh Steelers,home,9,23,WR,0,0.0,0,0,0,0,0,0,0,0,0,5,2,9,0,0
2025,6,"64 degrees, relative humidity 77%, wind 8 mph",Cleveland Browns,Pittsburgh Steelers,Jamari Thrash,CLE,Pittsburgh Steelers,home,9,23,WR,0,0.0,0,0,0,0,0,0,0,0,0,3,2,13,0,0
2025,6,"64 degrees, relative humidity 77%, wind 8 mph",Cleveland Browns,Pittsburgh Steelers,Jerome Ford,CLE,Pittsburgh Steelers,home,9,23,RB,2,2.898550724637681,0,0,0,0,0,0,2,17,0,6,5,13,0,0
2025,6,"64 degrees, relative humidity 77%, wind 8 mph",Cleveland Browns,Pittsburgh Steelers,Jerry Jeudy,CLE,Pittsburgh Steelers,home,9,23,WR,0,0.0,0,0,0,0,0,0,0,0,0,13,5,43,0,0
2025,6,"64 degrees, relative humidity 77%, wind 8 mph",Cleveland Browns,Pittsburgh Steelers,Quinshon Judkins,CLE,Pittsburgh Steelers,home,9,23,RB,12,17.391304347826086,0,0,0,0,0,0,12,36,0,1,0,0,0,0
2025,6,"68 degrees, relative humidity 71%, wind 15 mph",Dallas Cowboys,Carolina Panthers,Brevyn Spann-Ford,DAL,Carolina Panthers,home,27,30,TE,0,0.0,0,0,0,0,0,0,0,0,0,1,1,2,0,0
2025,6,"68 degrees, relative humidity 71%, wind 15 mph",Dallas Cowboys,Carolina Panthers,Dak Prescott,DAL,Carolina Panthers,home,27,30,QB,36,67.9245283018868,25,34,261,3,0,0,2,-1,0,0,0,0,0,1
2025,6,"68 degrees, relative humidity 71%, wind 15 mph",Dallas Cowboys,Carolina Panthers,George Pickens,DAL,Carolina Panthers,home,27,30,WR,0,0.0,0,0,0,0,0,0,0,0,0,11,9,168,1,0
2025,6,"68 degrees, relative humidity 71%, wind 15 mph",Dallas Cowboys,Carolina Panthers,Hunter Luepke,DAL,Carolina Panthers,home,27,30,RB,0,0.0,0,0,0,0,0,0,0,0,0,2,2,7,1,0
2025,6,"68 degrees, relative humidity 71%, wind 15 mph",Dallas Cowboys,Carolina Panthers,Jake Ferguson,DAL,Carolina Panthers,home,27,30,TE,0,0.0,0,0,0,0,0,0,0,0,0,3,3,33,1,0
2025,6,"68 degrees, relative humidity 71%, wind 15 mph",Dallas Cowboys,Carolina Panthers,Jalen Tolbert,DAL,Carolina Panthers,home,27,30,WR,0,0.0,0,0,0,0,0,0,0,0,0,1,1,8,0,0
2025,6,"68 degrees, relative humidity 71%, wind 15 mph",Dallas Cowboys,Carolina Panthers,Javonte Williams,DAL,Carolina Panthers,home,27,30,RB,13,24.528301886792452,0,0,0,0,0,0,13,29,0,8,5,5,0,0
2025,6,"68 degrees, relative humidity 71%, wind 15 mph",Dallas Cowboys,Carolina Panthers,Jaydon Blue,DAL,Carolina Panthers,home,27,30,RB,3,5.660377358490567,0,0,0,0,0,0,3,0,0,0,0,0,0,0
2025,6,"68 degrees, relative humidity 71%, wind 15 mph",Dallas Cowboys,Carolina Panthers,Luke Schoonmaker,DAL,Carolina Panthers,home,27,30,TE,0,0.0,0,0,0,0,0,0,0,0,0,2,1,8,0,0
2025,6,"68 degrees, relative humidity 71%, wind 15 mph",Dallas Cowboys,Carolina Panthers,Ryan Flournoy,DAL,Carolina Panthers,home,27,30,WR,1,1.8867924528301887,0,0,0,0,0,0,1,3,0,6,3,30,0,0
2025,6,"59 degrees, relative humidity 69%, wind 6 mph",New York Jets,Denver Broncos,Adam Prentice,DEN,New York Jets,away,11,13,FB,1,1.7857142857142856,0,0,0,0,0,0,1,3,0,0,0,0,0,0
2025,6,"59 degrees, relative humidity 69%, wind 6 mph",New York Jets,Denver Broncos,Bo Nix,DEN,New York Jets,away,11,13,QB,35,62.5,19,30,174,1,0,1,5,24,0,0,0,0,0,0
2025,6,"59 degrees, relative humidity 69%, wind 6 mph",New York Jets,Denver Broncos,Courtland Sutton,DEN,New York Jets,away,11,13,WR,0,0.0,0,0,0,0,0,0,0,0,0,3,1,17,0,0
2025,6,"59 degrees, relative humidity 69%, wind 6 mph",New York Jets,Denver Broncos,Evan Engram,DEN,New York Jets,away,11,13,TE,1,1.7857142857142856,0,0,0,0,0,0,1,7,0,6,5,42,0,0
2025,6,"59 degrees, relative humidity 69%, wind 6 mph",New York Jets,Denver Broncos,J.K. Dobbins,DEN,New York Jets,away,11,13,RB,14,25.0,0,0,0,0,0,0,14,40,0,1,0,0,0,0
2025,6,"59 degrees, relative humidity 69%, wind 6 mph",New York Jets,Denver Broncos,Jaleel McLaughlin,DEN,New York Jets,away,11,13,RB,1,1.7857142857142856,0,0,0,0,0,0,1,0,0,1,0,0,0,0
2025,6,"59 degrees, relative humidity 69%, wind 6 mph",New York Jets,Denver Broncos,Marvin Mims,DEN,New York Jets,away,11,13,WR,1,1.7857142857142856,0,0,0,0,0,0,1,-2,0,3,2,30,0,1
2025,6,"59 degrees, relative humidity 69%, wind 6 mph",New York Jets,Denver Broncos,Nate Adkins,DEN,New York Jets,away,11,13,TE,0,0.0,0,0,0,0,0,0,0,0,0,2,2,23,1,0
2025,6,"59 degrees, relative humidity 69%, wind 6 mph",New York Jets,Denver Broncos,Pat Bryant,DEN,New York Jets,away,11,13,WR,0,0.0,0,0,0,0,0,0,0,0,0,2,2,22,0,0
2025,6,"59 degrees, relative humidity 69%, wind 6 mph",New York Jets,Denver Broncos,RJ Harvey,DEN,New York Jets,away,11,13,RB,2,3.571428571428571,0,0,0,0,0,0,2,4,0,4,4,21,0,0
2025,6,"59 degrees, relative humidity 69%, wind 6 mph",New York Jets,Denver Broncos,Troy Franklin,DEN,New York Jets,away,11,13,WR,1,1.7857142857142856,0,0,0,0,0,0,1,2,0,4,3,19,0,1
2025,6,"85 degrees, relative humidity 37%, wind 13 mph",Detroit Lions,Kansas City Chiefs,Amon-Ra St. Brown,DET,Kansas City Chiefs,home,17,30,WR,1,1.9230769230769231,0,0,0,0,0,0,1,2,0,10,9,45,0,1
2025,6,"85 degrees, relative humidity 37%, wind 13 mph",Detroit Lions,Kansas City Chiefs,David Montgomery,DET,Kansas City Chiefs,home,17,30,RB,4,7.6923076923076925,0,0,0,0,0,0,4,24,0,2,2,37,0,0
2025,6,"85 degrees, relative humidity 37%, wind 13 mph",Detroit Lions,Kansas City Chiefs,Jahmyr Gibbs,DET,Kansas City Chiefs,home,17,30,RB,17,32.69230769230769,0,0,0,0,0,0,17,65,0,2,1,0,0,0
2025,6,"85 degrees, relative humidity 37%, wind 13 mph",Detroit Lions,Kansas City Chiefs,Jameson Williams,DET,Kansas City Chiefs,home,17,30,WR,0,0.0,0,0,0,0,0,0,0,0,0,7,6,66,1,0
2025,6,"85 degrees, relative humidity 37%, wind 13 mph",Detroit Lions,Kansas City Chiefs,Jared Goff,DET,Kansas City Chiefs,home,17,30,QB,30,57.692307692307686,23,29,203,2,0,1,1,7,0,0,0,0,0,0
2025,6,"85 degrees, relative humidity 37%, wind 13 mph",Detroit Lions,Kansas City Chiefs,Sam LaPorta,DET,Kansas City Chiefs,home,17,30,TE,0,0.0,0,0,0,0,0,0,0,0,0,6,5,55,1,0
2025,6,"64 degrees, relative humidity 56%, wind 14 mph",Cincinnati Bengals,Green Bay Packers,Bo Melton,GNB,Cincinnati Bengals,away,27,18,CB,1,1.694915254237288,0,0,0,0,0,0,1,3,0,0,0,0,0,0
2025,6,"64 degrees, relative humidity 56%, wind 14 mph",Cincinnati Bengals,Green Bay Packers,Chris Brooks,GNB,Cincinnati Bengals,away,27,18,RB,1,1.694915254237288,0,0,0,0,0,0,1,1,0,0,0,0,0,0
2025,6,"64 degrees, relative humidity 56%, wind 14 mph",Cincinnati Bengals,Green Bay Packers,Dontayvion Wicks,GNB,Cincinnati Bengals,away,27,18,WR,0,0.0,0,0,0,0,0,0,0,0,0,2,2,15,0,0
2025,6,"64 degrees, relative humidity 56%, wind 14 mph",Cincinnati Bengals,Green Bay Packers,Emanuel Wilson,GNB,Cincinnati Bengals,away,27,18,RB,3,5.084745762711865,0,0,0,0,0,0,3,11,0,1,1,-4,0,0
2025,6,"64 degrees, relative humidity 56%, wind 14 mph",Cincinnati Bengals,Green Bay Packers,Jordan Love,GNB,Cincinnati Bengals,away,27,18,QB,33,55.932203389830505,19,26,259,1,1,1,7,26,0,0,0,0,0,0
2025,6,"64 degrees, relative humidity 56%, wind 14 mph",Cincinnati Bengals,Green Bay Packers,Josh Jacobs,GNB,Cincinnati Bengals,away,27,18,RB,18,30.508474576271187,0,0,0,0,0,0,18,93,2,5,5,57,0,0
2025,6,"64 degrees, relative humidity 56%, wind 14 mph",Cincinnati Bengals,Green Bay Packers,Luke Musgrave,GNB,Cincinnati Bengals,away,27,18,TE,0,0.0,0,0,0,0,0,0,0,0,0,2,1,7,0,0
2025,6,"64 degrees, relative humidity 56%, wind 14 mph",Cincinnati Bengals,Green Bay Packers,Matthew Golden,GNB,Cincinnati Bengals,away,27,18,WR,2,3.389830508474576,0,0,0,0,0,0,2,16,0,5,3,86,0,0
2025,6,"64 degrees, relative humidity 56%, wind 14 mph",Cincinnati Bengals,Green Bay Packers,Romeo Doubs,GNB,Cincinnati Bengals,away,27,18,WR,0,0.0,0,0,0,0,0,0,0,0,0,9,5,55,0,0
2025,6,"64 degrees, relative humidity 56%, wind 14 mph",Cincinnati Bengals,Green Bay Packers,Savion Williams,GNB,Cincinnati Bengals,away,27,18,WR,1,1.694915254237288,0,0,0,0,0,0,1,3,0,0,0,0,0,0
2025,6,"64 degrees, relative humidity 56%, wind 14 mph",Cincinnati Bengals,Green Bay Packers,Tucker Kraft,GNB,Cincinnati Bengals,away,27,18,TE,0,0.0,0,0,0,0,0,0,0,0,0,2,2,43,1,0
2025,6,,Arizona Cardinals,Indianapolis Colts,Alec Pierce,IND,Arizona Cardinals,away,31,27,WR,0,0.0,0,0,0,0,0,0,0,0,0,4,2,48,0,0
2025,6,,Arizona Cardinals,Indianapolis Colts,Ameer Abdullah,IND,Arizona Cardinals,away,31,27,RB,1,1.7543859649122806,0,0,0,0,0,0,1,7,0,1,1,9,0,0
2025,6,,Arizona Cardinals,Indianapolis Colts,Daniel Jones,IND,Arizona Cardinals,away,31,27,QB,35,61.40350877192983,22,30,212,2,1,1,5,20,1,0,0,0,0,0
2025,6,,Arizona Cardinals,Indianapolis Colts,Jonathan Taylor,IND,Arizona Cardinals,away,31,27,RB,21,36.84210526315789,0,0,0,0,0,0,21,123,1,4,4,14,0,0
2025,6,,Arizona Cardinals,Indianapolis Colts,Josh Downs,IND,Arizona Cardinals,away,31,27,WR,0,0.0,0,0,0,0,0,0,0,0,0,7,6,42,1,0
2025,6,,Arizona Cardinals,Indianapolis Colts,Michael Pittman Jr.,IND,Arizona Cardinals,away,31,27,WR,0,0.0,0,0,0,0,0,0,0,0,0,3,2,20,0,0
2025,6,,Arizona Cardinals,Indianapolis Colts,Mo Alie-Cox,IND,Arizona Cardinals,away,31,27,TE,0,0.0,0,0,0,0,0,0,0,0,0,2,1,16,0,0
2025,6,,Arizona Cardinals,Indianapolis Colts,Tyler Warren,IND,Arizona Cardinals,away,31,27,TE,0,0.0,0,0,0,0,0,0,0,0,0,9,6,63,1,0
2025,6,"76 degrees, relative humidity 59%, wind 8 mph",Jacksonville Jaguars,Seattle Seahawks,Bhayshul Tuten,JAX,Seattle Seahawks,home,20,12,RB,2,3.278688524590164,0,0,0,0,0,0,2,14,0,3,2,14,0,0
2025,6,"76 degrees, relative humidity 59%, wind 8 mph",Jacksonville Jaguars,Seattle Seahawks,Brian Thomas,JAX,Seattle Seahawks,home,20,12,WR,0,0.0,0,0,0,0,0,0,0,0,0,10,8,90,1,0
2025,6,"76 degrees, relative humidity 59%, wind 8 mph",Jacksonville Jaguars,Seattle Seahawks,Dyami Brown,JAX,Seattle Seahawks,home,20,12,WR,1,1.639344262295082,0,0,0,0,0,0,1,7,0,5,2,13,0,0
2025,6,"76 degrees, relative humidity 59%, wind 8 mph",Jacksonville Jaguars,Seattle Seahawks,Hunter Long,JAX,Seattle Seahawks,home,20,12,TE,0,0.0,0,0,0,0,0,0,0,0,0,3,2,19,0,0
2025,6,"76 degrees, relative humidity 59%, wind 8 mph",Jacksonville Jaguars,Seattle Seahawks,Johnny Mundt,JAX,Seattle Seahawks,home,20,12,TE,0,0.0,0,0,0,0,0,0,0,0,0,2,1,14,0,0
2025,6,"76 degrees, relative humidity 59%, wind 8 mph",Jacksonville Jaguars,Seattle Seahawks,LeQuint Allen,JAX,Seattle Seahawks,home,20,12,RB,1,1.639344262295082,0,0,0,0,0,0,1,2,0,2,1,10,0,0
2025,6,"76 degrees, relative humidity 59%, wind 8 mph",Jacksonville Jaguars,Seattle Seahawks,Parker Washington,JAX,Seattle Seahawks,home,20,12,WR,0,0.0,0,0,0,0,0,0,0,0,0,4,2,29,0,1
2025,6,"76 degrees, relative humidity 59%, wind 8 mph",Jacksonville Jaguars,Seattle Seahawks,Tim Patrick,JAX,Seattle Seahawks,home,20,12,WR,0,0.0,0,0,0,0,0,0,0,0,0,1,1,26,1,0
2025,6,"76 degrees, relative humidity 59%, wind 8 mph",Jacksonville Jaguars,Seattle Seahawks,Travis Etienne,JAX,Seattle Seahawks,home,20,12,RB,12,19.672131147540984,0,0,0,0,0,0,12,27,0,5,4,28,0,0
2025,6,"76 degrees, relative humidity 59%, wind 8 mph",Jacksonville Jaguars,Seattle Seahawks,Travis Hunter,JAX,Seattle Seahawks,home,20,12,WR,0,0.0,0,0,0,0,0,0,0,0,0,7,4,15,0,0
2025,6,"76 degrees, relative humidity 59%, wind 8 mph",Jacksonville Jaguars,Seattle Seahawks,Trevor Lawrence,JAX,Seattle Seahawks,home,20,12,QB,45,73.77049180327869,27,42,258,2,0,7,3,9,0,0,0,0,0,0
2025,6,"85 degrees, relative humidity 37%, wind 13 mph",Detroit Lions,Kansas City Chiefs,Brashard Smith,KAN,Detroit Lions,away,30,17,RB,0,0.0,0,0,0,0,0,0,0,0,0,4,3,21,0,0
2025,6,"85 degrees, relative humidity 37%, wind 13 mph",Detroit Lions,Kansas City Chiefs,Isiah Pacheco,KAN,Detroit Lions,away,30,17,RB,12,20.33898305084746,0,0,0,0,0,0,12,51,0,3,1,0,0,0
2025,6,"85 degrees, relative humidity 37%, wind 13 mph",Detroit Lions,Kansas City Chiefs,JuJu Smith-Schuster,KAN,Detroit Lions,away,30,17,WR,0,0.0,0,0,0,0,0,0,0,0,0,3,3,57,0,0
2025,6,"85 degrees, relative humidity 37%, wind 13 mph",Detroit Lions,Kansas City Chiefs,Kareem Hunt,KAN,Detroit Lions,away,30,17,RB,6,10.16949152542373,0,0,0,0,0,0,6,23,0,1,1,11,0,0
2025,6,"85 degrees, relative humidity 37%, wind 13 mph",Detroit Lions,Kansas City Chiefs,Marquise Brown,KAN,Detroit Lions,away,30,17,WR,0,0.0,0,0,0,0,0,0,0,0,0,4,4,45,2,0
2025,6,"85 degrees, relative humidity 37%, wind 13 mph",Detroit Lions,Kansas City Chiefs,Noah Gray,KAN,Detroit Lions,away,30,17,TE,0,0.0,0,0,0,0,0,0,0,0,0,2,2,25,0,0
2025,6,"85 degrees, relative humidity 37%, wind 13 mph",Detroit Lions,Kansas City Chiefs,Patrick Mahomes,KAN,Detroit Lions,away,30,17,QB,40,67.79661016949152,22,30,257,3,0,3,10,32,1,0,0,0,0,1
2025,6,"85 degrees, relative humidity 37%, wind 13 mph",Detroit Lions,Kansas City Chiefs,Travis Kelce,KAN,Detroit Lions,away,30,17,TE,0,0.0,0,0,0,0,0,0,0,0,0,7,6,78,0,0
2025,6,"85 degrees, relative humidity 37%, wind 13 mph",Detroit Lions,Kansas City Chiefs,Xavier Worthy,KAN,Detroit Lions,away,30,17,WR,1,1.694915254237288,0,0,0,0,0,0,1,6,0,4,2,20,1,0
2025,6,"85 degrees, relative humidity 62%, wind 4 mph",Miami Dolphins,Los Angeles Chargers,Hassan Haskins,LAC,Miami Dolphins,away,27,29,RB,6,9.523809523809524,0,0,0,0,0,0,6,14,0,1,1,9,0,0
2025,6,"85 degrees, relative humidity 62%, wind 4 mph",Miami Dolphins,Los Angeles Chargers,Justin Herbert,LAC,Miami Dolphins,away,27,29,QB,39,61.904761904761905,29,38,264,2,0,1,1,2,0,0,0,0,0,0
2025,6,"85 degrees, relative humidity 62%, wind 4 mph",Miami Dolphins,Los Angeles Chargers,KeAndre Lambert-Smith,LAC,Miami Dolphins,away,27,29,WR,0,0.0,0,0,0,0,0,0,0,0,0,2,1,1,0,0
2025,6,"85 degrees, relative humidity 62%, wind 4 mph",Miami Dolphins,Los Angeles Chargers,Keenan Allen,LAC,Miami Dolphins,away,27,29,WR,0,0.0,0,0,0,0,0,0,0,0,0,7,4,27,0,1
2025,6,"85 degrees, relative humidity 62%, wind 4 mph",Miami Dolphins,Los Angeles Chargers,Kimani Vidal,LAC,Miami Dolphins,away,27,29,RB,18,28.57142857142857,0,0,0,0,0,0,18,124,0,4,3,14,1,0
2025,6,"85 degrees, relative humidity 62%, wind 4 mph",Miami Dolphins,Los Angeles Chargers,Ladd McConkey,LAC,Miami Dolphins,away,27,29,WR,0,0.0,0,0,0,0,0,0,0,0,0,9,7,100,1,0
2025,6,"85 degrees, relative humidity 62%, wind 4 mph",Miami Dolphins,Los Angeles Chargers,Oronde Gadsden,LAC,Miami Dolphins,away,27,29,UNK,0,0.0,0,0,0,0,0,0,0,0,0,8,7,68,0,1
2025,6,"85 degrees, relative humidity 62%, wind 4 mph",Miami Dolphins,Los Angeles Chargers,Tre Harris,LAC,Miami Dolphins,away,27,29,WR,0,0.0,0,0,0,0,0,0,0,0,0,5,4,27,0,0
2025,6,"85 degrees, relative humidity 62%, wind 4 mph",Miami Dolphins,Los Angeles Chargers,Will Dissly,LAC,Miami Dolphins,away,27,29,TE,0,0.0,0,0,0,0,0,0,0,0,0,2,2,18,0,0
2025,6,"64 degrees, relative humidity 66%, wind 15 mph",Baltimore Ravens,Los Angeles Rams,Blake Corum,LAR,Baltimore Ravens,away,3,17,RB,5,10.204081632653061,0,0,0,0,0,0,5,23,0,0,0,0,0,0
2025,6,"64 degrees, relative humidity 66%, wind 15 mph",Baltimore Ravens,Los Angeles Rams,Davante Adams,LAR,Baltimore Ravens,away,3,17,WR,0,0.0,0,0,0,0,0,0,0,0,0,9,4,39,0,0
2025,6,"64 degrees, relative humidity 66%, wind 15 mph",Baltimore Ravens,Los Angeles Rams,Davis Allen,LAR,Baltimore Ravens,away,3,17,TE,0,0.0,0,0,0,0,0,0,0,0,0,2,1,7,0,0
2025,6,"64 degrees, relative humidity 66%, wind 15 mph",Baltimore Ravens,Los Angeles Rams,Jordan Whittington,LAR,Baltimore Ravens,away,3,17,WR,0,0.0,0,0,0,0,0,0,0,0,0,4,3,23,0,0
2025,6,"64 degrees, relative humidity 66%, wind 15 mph",Baltimore Ravens,Los Angeles Rams,Konata Mumpfield,LAR,Baltimore Ravens,away,3,17,WR,0,0.0,0,0,0,0,0,0,0,0,0,2,1,7,0,0
2025,6,"64 degrees, relative humidity 66%, wind 15 mph",Baltimore Ravens,Los Angeles Rams,Kyren Williams,LAR,Baltimore Ravens,away,3,17,RB,13,26.53061224489796,0,0,0,0,0,0,13,50,1,2,2,37,0,0
2025,6,"64 degrees, relative humidity 66%, wind 15 mph",Baltimore Ravens,Los Angeles Rams,Matthew Stafford,LAR,Baltimore Ravens,away,3,17,QB,30,61.224489795918366,17,26,181,1,0,2,4,1,0,0,0,0,0,2
2025,6,"64 degrees, relative humidity 66%, wind 15 mph",Baltimore Ravens,Los Angeles Rams,Puka Nacua,LAR,Baltimore Ravens,away,3,17,WR,0,0.0,0,0,0,0,0,0,0,0,0,3,2,28,0,0
2025,6,"64 degrees, relative humidity 66%, wind 15 mph",Baltimore Ravens,Los Angeles Rams,Terrance Ferguson,LAR,Baltimore Ravens,away,3,17,TE,1,2.0408163265306123,0,0,0,0,0,0,1,0,0,0,0,0,0,0
2025,6,"64 degrees, relative humidity 66%, wind 15 mph",Baltimore Ravens,Los Angeles Rams,Tyler Higbee,LAR,Baltimore Ravens,away,3,17,TE,0,0.0,0,0,0,0,0,0,0,0,0,4,4,40,1,0
2025,6,,Tennessee Titans,Las Vegas Raiders,Alex Cappa,LVR,Tennessee Titans,away,20,10,G,0,0.0,0,0,0,0,0,0,0,0,0,1,0,0,0,0
2025,6,,Tennessee Titans,Las Vegas Raiders,Ashton Jeanty,LVR,Tennessee Titans,away,20,10,RB,23,41.81818181818181,0,0,0,0,0,0,23,75,1,4,2,11,0,0
2025,6,,Tennessee Titans,Las Vegas Raiders,Geno Smith,LVR,Tennessee Titans,away,20,10,QB,27,49.09090909090909,17,23,174,1,1,2,4,-3,0,0,0,0,0,0
2025,6,,Tennessee Titans,Las Vegas Raiders,Ian Thomas,LVR,Tennessee Titans,away,20,10,TE,0,0.0,0,0,0,0,0,0,0,0,0,1,1,4,0,0
2025,6,,Tennessee Titans,Las Vegas Raiders,Jack Bech,LVR,Tennessee Titans,away,20,10,WR,0,0.0,0,0,0,0,0,0,0,0,0,1,0,0,0,0
2025,6,,Tennessee Titans,Las Vegas Raiders,Jakobi Meyers,LVR,Tennessee Titans,away,20,10,WR,0,0.0,0,0,0,0,0,0,0,0,0,4,4,39,0,0
2025,6,,Tennessee Titans,Las Vegas Raiders,Michael Mayer,LVR,Tennessee Titans,away,20,10,TE,0,0.0,0,0,0,0,0,0,0,0,0,7,5,50,1,0
2025,6,,Tennessee Titans,Las Vegas Raiders,Raheem Mostert,LVR,Tennessee Titans,away,20,10,RB,5,9.090909090909092,0,0,0,0,0,0,5,-4,0,0,0,0,0,0
2025,6,,Tennessee Titans,Las Vegas Raiders,Tre Tucker,LVR,Tennessee Titans,away,20,10,WR,0,0.0,0,0,0,0,0,0,0,0,0,5,5,70,0,0
2025,6,"85 degrees, relative humidity 62%, wind 4 mph",Miami Dolphins,Los Angeles Chargers,Alec Ingold,MIA,Los Angeles Chargers,home,29,27,FB,1,1.8518518518518516,0,0,0,0,0,0,1,3,0,1,1,22,0,0
2025,6,"85 degrees, relative humidity 62%, wind 4 mph",Miami Dolphins,Los Angeles Chargers,D'Wayne Eskridge,MIA,Los Angeles Chargers,home,29,27,WR,0,0.0,0,0,0,0,0,0,0,0,0,1,0,0,0,0
2025,6,"85 degrees, relative humidity 62%, wind 4 mph",Miami Dolphins,Los Angeles Chargers,Darren Waller,MIA,Los Angeles Chargers,home,29,27,TE,0,0.0,0,0,0,0,0,0,0,0,0,3,2,12,1,0
2025,6,"85 degrees, relative humidity 62%, wind 4 mph",Miami Dolphins,Los Angeles Chargers,De'Von Achane,MIA,Los Angeles Chargers,home,29,27,RB,16,29.629629629629626,0,0,0,0,0,0,16,128,2,6,4,22,0,0
2025,6,"85 degrees, relative humidity 62%, wind 4 mph",Miami Dolphins,Los Angeles Chargers,Jaylen Waddle,MIA,Los Angeles Chargers,home,29,27,WR,1,1.8518518518518516,1,1,8,0,0,0,0,0,0,8,6,95,0,0
2025,6,"85 degrees, relative humidity 62%, wind 4 mph",Miami Dolphins,Los Angeles Chargers,Julian Hill,MIA,Los Angeles Chargers,home,29,27,TE,0,0.0,0,0,0,0,0,0,0,0,0,3,3,31,0,0
2025,6,"85 degrees, relative humidity 62%, wind 4 mph",Miami Dolphins,Los Angeles Chargers,Malik Washington,MIA,Los Angeles Chargers,home,29,27,WR,1,1.8518518518518516,0,0,0,0,0,0,1,1,0,5,4,22,0,0
2025,6,"85 degrees, relative humidity 62%, wind 4 mph",Miami Dolphins,Los Angeles Chargers,Nick Westbrook-Ikhine,MIA,Los Angeles Chargers,home,29,27,WR,0,0.0,0,0,0,0,0,0,0,0,0,1,0,0,0,0
2025,6,"85 degrees, relative humidity 62%, wind 4 mph",Miami Dolphins,Los Angeles Chargers,Ollie Gordon,MIA,Los Angeles Chargers,home,29,27,RB,2,3.7037037037037033,0,0,0,0,0,0,2,1,0,1,1,1,0,0
2025,6,"85 degrees, relative humidity 62%, wind 4 mph",Miami Dolphins,Los Angeles Chargers,Tanner Conner,MIA,Los Angeles Chargers,home,29,27,TE,0,0.0,0,0,0,0,0,0,0,0,0,1,1,8,0,0
2025,6,"85 degrees, relative humidity 62%, wind 4 mph",Miami Dolphins,Los Angeles Chargers,Tua Tagovailoa,MIA,Los Angeles Chargers,home,29,27,QB,33,61.111111111111114,21,32,205,1,3,2,1,4,0,0,0,0,0,0
2025,6,,New Orleans Saints,New England Patriots,Alvin Kamara,NOR,New Orleans Saints,away,19,25,RB,10,20.408163265306122,0,0,0,0,0,0,10,31,0,5,5,45,0,0
2025,6,,New Orleans Saints,New England Patriots,Brandin Cooks,NOR,New Orleans Saints,away,19,25,WR,0,0.0,0,0,0,0,0,0,0,0,0,1,1,21,0,0
2025,6,,New Orleans Saints,New England Patriots,Chris Olave,NOR,New Orleans Saints,away,19,25,WR,0,0.0,0,0,0,0,0,0,0,0,0,10,6,98,0,0
2025,6,,New Orleans Saints,New England Patriots,Foster Moreau,NOR,New Orleans Saints,away,19,25,TE,0,0.0,0,0,0,0,0,0,0,0,0,1,1,9,0,0
2025,6,,New Orleans Saints,New England Patriots,Juwan Johnson,NOR,New Orleans Saints,away,19,25,TE,0,0.0,0,0,0,0,0,0,0,0,0,2,2,15,0,1
2025,6,,New Orleans Saints,New England Patriots,Kendre Miller,NOR,New Orleans Saints,away,19,25,RB,8,16.3265306122449,0,0,0,0,0,0,8,21,0,1,1,11,0,0
2025,6,,New Orleans Saints,New England Patriots,Rashid Shaheed,NOR,New Orleans Saints,away,19,25,WR,0,0.0,0,0,0,0,0,0,0,0,0,6,4,28,0,0
2025,6,,New Orleans Saints,New England Patriots,Spencer Rattler,NOR,New Orleans Saints,away,19,25,QB,30,61.224489795918366,20,26,227,0,0,2,4,20,0,0,0,0,0,0
2025,6,,New Orleans Saints,New England Patriots,Taysom Hill,NOR,New Orleans Saints,away,19,25,QB,1,2.0408163265306123,0,0,0,0,0,0,1,1,1,0,0,0,0,0
2025,6,,New Orleans Saints,New England Patriots,Austin Hooper,NWE,New Orleans Saints,away,19,25,TE,0,0.0,0,0,0,0,0,0,0,0,0,1,1,5,0,0
2025,6,,New Orleans Saints,New England Patriots,Demario Douglas,NWE,New Orleans Saints,away,19,25,WR,0,0.0,0,0,0,0,0,0,0,0,0,4,3,71,1,0
2025,6,,New Orleans Saints,New England Patriots,Drake Maye,NWE,New Orleans Saints,away,19,25,QB,35,61.40350877192983,18,26,261,3,0,1,9,28,0,0,0,0,0,1
2025,6,,New Orleans Saints,New England Patriots,Hunter Henry,NWE,New Orleans Saints,away,19,25,TE,0,0.0,0,0,0,0,0,0,0,0,0,3,3,27,0,0
2025,6,,New Orleans Saints,New England Patriots,Kayshon Boutte,NWE,New Orleans Saints,away,19,25,WR,0,0.0,0,0,0,0,0,0,0,0,0,5,5,93,2,0
2025,6,,New Orleans Saints,New England Patriots,Kyle Williams,NWE,New Orleans Saints,away,19,25,WR,0,0.0,0,0,0,0,0,0,0,0,0,2,0,0,0,0
2025,6,,New Orleans Saints,New England Patriots,Mack Hollins,NWE,New Orleans Saints,away,19,25,WR,0,0.0,0,0,0,0,0,0,0,0,0,3,2,28,0,0
2025,6,,New Orleans Saints,New England Patriots,Rhamondre Stevenson,NWE,New Orleans Saints,away,19,25,RB,13,22.807017543859647,0,0,0,0,0,0,13,18,0,1,0,0,0,0
2025,6,,New Orleans Saints,New England Patriots,Stefon Diggs,NWE,New Orleans Saints,away,19,25,WR,0,0.0,0,0,0,0,0,0,0,0,0,3,3,28,0,0
2025,6,,New Orleans Saints,New England Patriots,TreVeyon Henderson,NWE,New Orleans Saints,away,19,25,RB,9,15.789473684210526,0,0,0,0,0,0,9,27,0,2,1,9,0,0
2025,6,"53 degrees, relative humidity 31%, wind 3 mph",Philadelphia Eagles,New York Giants,Cam Skattebo,NYG,Philadelphia Eagles,away,34,17,RB,19,29.230769230769234,0,0,0,0,0,0,19,98,3,2,2,12,0,0
2025,6,"53 degrees, relative humidity 31%, wind 3 mph",Philadelphia Eagles,New York Giants,Devin Singletary,NYG,Philadelphia Eagles,away,34,17,RB,3,4.615384615384616,0,0,0,0,0,0,3,10,0,0,0,0,0,0
2025,6,"53 degrees, relative humidity 31%, wind 3 mph",Philadelphia Eagles,New York Giants,Jalin Hyatt,NYG,Philadelphia Eagles,away,34,17,WR,0,0.0,0,0,0,0,0,0,0,0,0,5,3,17,0,0
2025,6,"53 degrees, relative humidity 31%, wind 3 mph",Philadelphia Eagles,New York Giants,Jaxson Dart,NYG,Philadelphia Eagles,away,34,17,QB,38,58.46153846153847,17,25,195,1,0,2,13,58,1,0,0,0,0,0
2025,6,"53 degrees, relative humidity 31%, wind 3 mph",Philadelphia Eagles,New York Giants,Lil'Jordan Humphrey,NYG,Philadelphia Eagles,away,34,17,WR,0,0.0,0,0,0,0,0,0,0,0,0,8,4,55,0,0
2025,6,"53 degrees, relative humidity 31%, wind 3 mph",Philadelphia Eagles,New York Giants,Russell Wilson,NYG,Philadelphia Eagles,away,34,17,QB,1,1.5384615384615385,0,1,0,0,0,0,0,0,0,0,0,0,0,0
2025,6,"53 degrees, relative humidity 31%, wind 3 mph",Philadelphia Eagles,New York Giants,Theo Johnson,NYG,Philadelphia Eagles,away,34,17,TE,0,0.0,0,0,0,0,0,0,0,0,0,4,2,27,0,0
2025,6,"53 degrees, relative humidity 31%, wind 3 mph",Philadelphia Eagles,New York Giants,Tyrone Tracy Jr.,NYG,Philadelphia Eagles,away,34,17,RB,4,6.153846153846154,0,0,0,0,0,0,4,6,0,0,0,0,0,0
2025,6,"53 degrees, relative humidity 31%, wind 3 mph",Philadelphia Eagles,New York Giants,Wan'Dale Robinson,NYG,Philadelphia Eagles,away,34,17,WR,0,0.0,0,0,0,0,0,0,0,0,0,7,6,84,1,0
2025,6,"59 degrees, relative humidity 69%, wind 6 mph",New York Jets,Denver Broncos,Andrew Beck,NYJ,Denver Broncos,home,13,11,FB,0,0.0,0,0,0,0,0,0,0,0,0,1,1,6,0,0
2025,6,"59 degrees, relative humidity 69%, wind 6 mph",New York Jets,Denver Broncos,Arian Smith,NYJ,Denver Broncos,home,13,11,WR,0,0.0,0,0,0,0,0,0,0,0,0,1,0,0,0,0
2025,6,"59 degrees, relative humidity 69%, wind 6 mph",New York Jets,Denver Broncos,Breece Hall,NYJ,Denver Broncos,home,13,11,RB,22,45.83333333333333,0,0,0,0,0,0,22,59,0,0,0,0,0,0
2025,6,"59 degrees, relative humidity 69%, wind 6 mph",New York Jets,Denver Broncos,Garrett Wilson,NYJ,Denver Broncos,home,13,11,WR,0,0.0,0,0,0,0,0,0,0,0,0,8,3,13,0,0
2025,6,"59 degrees, relative humidity 69%, wind 6 mph",New York Jets,Denver Broncos,Isaiah Davis,NYJ,Denver Broncos,home,13,11,RB,2,4.166666666666666,0,0,0,0,0,0,2,2,0,1,1,-1,0,0
2025,6,"59 degrees, relative humidity 69%, wind 6 mph",New York Jets,Denver Broncos,Josh Reynolds,NYJ,Denver Broncos,home,13,11,WR,0,0.0,0,0,0,0,0,0,0,0,0,3,3,25,0,0
2025,6,"59 degrees, relative humidity 69%, wind 6 mph",New York Jets,Denver Broncos,Justin Fields,NYJ,Denver Broncos,home,13,11,QB,24,50.0,9,17,45,0,0,9,7,31,0,0,0,0,0,0
2025,6,"59 degrees, relative humidity 69%, wind 6 mph",New York Jets,Denver Broncos,Mason Taylor,NYJ,Denver Broncos,home,13,11,TE,0,0.0,0,0,0,0,0,0,0,0,0,1,1,2,0,0
2025,6,"59 degrees, relative humidity 69%, wind 6 mph",New York Jets,Denver Broncos,Tyler Johnson,NYJ,Denver Broncos,home,13,11,WR,0,0.0,0,0,0,0,0,0,0,0,0,1,0,0,0,0
2025,6,"53 degrees, relative humidity 31%, wind 3 mph",Philadelphia Eagles,New York Giants,A.J. Brown,PHI,New York Giants,home,17,34,WR,0,0.0,0,0,0,0,0,0,0,0,0,9,6,80,0,0
2025,6,"53 degrees, relative humidity 31%, wind 3 mph",Philadelphia Eagles,New York Giants,AJ Dillon,PHI,New York Giants,home,17,34,RB,1,1.8867924528301887,0,0,0,0,0,0,1,2,0,2,2,18,0,1
2025,6,"53 degrees, relative humidity 31%, wind 3 mph",Philadelphia Eagles,New York Giants,Dallas Goedert,PHI,New York Giants,home,17,34,TE,0,0.0,0,0,0,0,0,0,0,0,0,11,9,110,1,0
2025,6,"53 degrees, relative humidity 31%, wind 3 mph",Philadelphia Eagles,New York Giants,DeVonta Smith,PHI,New York Giants,home,17,34,WR,0,0.0,0,0,0,0,0,0,0,0,0,5,4,49,0,0
2025,6,"53 degrees, relative humidity 31%, wind 3 mph",Philadelphia Eagles,New York Giants,Jahan Dotson,PHI,New York Giants,home,17,34,WR,0,0.0,0,0,0,0,0,0,0,0,0,2,1,17,0,0
2025,6,"53 degrees, relative humidity 31%, wind 3 mph",Philadelphia Eagles,New York Giants,Jalen Hurts,PHI,New York Giants,home,17,34,QB,40,75.47169811320755,24,33,283,1,1,3,7,13,1,0,0,0,0,0
2025,6,"53 degrees, relative humidity 31%, wind 3 mph",Philadelphia Eagles,New York Giants,Saquon Barkley,PHI,New York Giants,home,17,34,RB,12,22.641509433962266,0,0,0,0,0,0,12,58,0,3,2,9,0,0
2025,6,"64 degrees, relative humidity 77%, wind 8 mph",Cleveland Browns,Pittsburgh Steelers,Aaron Rodgers,PIT,Cleveland Browns,away,23,9,QB,31,53.44827586206896,21,30,235,2,0,0,1,1,0,0,0,0,0,0
2025,6,"64 degrees, relative humidity 77%, wind 8 mph",Cleveland Browns,Pittsburgh Steelers,Connor Heyward,PIT,Cleveland Browns,away,23,9,TE,0,0.0,0,0,0,0,0,0,0,0,0,1,1,12,1,0
2025,6,"64 degrees, relative humidity 77%, wind 8 mph",Cleveland Browns,Pittsburgh Steelers,D.K. Metcalf,PIT,Cleveland Browns,away,23,9,WR,0,0.0,0,0,0,0,0,0,0,0,0,9,4,95,1,0
2025,6,"64 degrees, relative humidity 77%, wind 8 mph",Cleveland Browns,Pittsburgh Steelers,Darnell Washington,PIT,Cleveland Browns,away,23,9,TE,0,0.0,0,0,0,0,0,0,0,0,0,5,3,62,0,1
2025,6,"64 degrees, relative humidity 77%, wind 8 mph",Cleveland Browns,Pittsburgh Steelers,Jaylen Warren,PIT,Cleveland Browns,away,23,9,RB,11,18.96551724137931,0,0,0,0,0,0,11,52,0,2,2,11,0,0
2025,6,"64 degrees, relative humidity 77%, wind 8 mph",Cleveland Browns,Pittsburgh Steelers,Jonnu Smith,PIT,Cleveland Browns,away,23,9,TE,1,1.7241379310344827,0,0,0,0,0,0,1,10,0,4,3,18,0,0
2025,6,"64 degrees, relative humidity 77%, wind 8 mph",Cleveland Browns,Pittsburgh Steelers,Kaleb Johnson,PIT,Cleveland Browns,away,23,9,RB,6,10.344827586206897,0,0,0,0,0,0,6,15,0,0,0,0,0,0
2025,6,"64 degrees, relative humidity 77%, wind 8 mph",Cleveland Browns,Pittsburgh Steelers,Kenneth Gainwell,PIT,Cleveland Browns,away,23,9,RB,6,10.344827586206897,0,0,0,0,0,0,6,22,0,6,6,14,0,0
2025,6,"64 degrees, relative humidity 77%, wind 8 mph",Cleveland Browns,Pittsburgh Steelers,Mason Rudolph,PIT,Cleveland Browns,away,23,9,QB,3,5.172413793103448,0,0,0,0,0,0,3,0,0,0,0,0,0,0
2025,6,"64 degrees, relative humidity 77%, wind 8 mph",Cleveland Browns,Pittsburgh Steelers,Pat Freiermuth,PIT,Cleveland Browns,away,23,9,TE,0,0.0,0,0,0,0,0,0,0,0,0,1,1,11,0,0
2025,6,"64 degrees, relative humidity 77%, wind 8 mph",Cleveland Browns,Pittsburgh Steelers,Roman Wilson,PIT,Cleveland Browns,away,23,9,WR,0,0.0,0,0,0,0,0,0,0,0,0,1,1,12,0,0
2025,6,"76 degrees, relative humidity 59%, wind 8 mph",Jacksonville Jaguars,Seattle Seahawks,AJ Barner,SEA,Jacksonville Jaguars,away,12,20,TE,0,0.0,0,0,0,0,0,0,0,0,0,3,3,71,0,0
2025,6,"76 degrees, relative humidity 59%, wind 8 mph",Jacksonville Jaguars,Seattle Seahawks,Cooper Kupp,SEA,Jacksonville Jaguars,away,12,20,WR,0,0.0,0,0,0,0,0,0,0,0,0,3,2,40,1,0
2025,6,"76 degrees, relative humidity 59%, wind 8 mph",Jacksonville Jaguars,Seattle Seahawks,Elijah Arroyo,SEA,Jacksonville Jaguars,away,12,20,TE,0,0.0,0,0,0,0,0,0,0,0,0,2,1,6,0,0
2025,6,"76 degrees, relative humidity 59%, wind 8 mph",Jacksonville Jaguars,Seattle Seahawks,Jaxon Smith-Njigba,SEA,Jacksonville Jaguars,away,12,20,WR,0,0.0,0,0,0,0,0,0,0,0,0,13,8,162,1,0
2025,6,"76 degrees, relative humidity 59%, wind 8 mph",Jacksonville Jaguars,Seattle Seahawks,Kenneth Walker,SEA,Jacksonville Jaguars,away,12,20,UNK,10,18.867924528301888,0,0,0,0,0,0,10,34,0,1,1,3,0,0
2025,6,"76 degrees, relative humidity 59%, wind 8 mph",Jacksonville Jaguars,Seattle Seahawks,Sam Darnold,SEA,Jacksonville Jaguars,away,12,20,QB,31,58.490566037735846,16,27,295,2,0,1,4,2,0,0,0,0,0,0
2025,6,"76 degrees, relative humidity 59%, wind 8 mph",Jacksonville Jaguars,Seattle Seahawks,Tory Horton,SEA,Jacksonville Jaguars,away,12,20,WR,0,0.0,0,0,0,0,0,0,0,0,0,1,0,0,0,0
2025,6,"76 degrees, relative humidity 59%, wind 8 mph",Jacksonville Jaguars,Seattle Seahawks,Zach Charbonnet,SEA,Jacksonville Jaguars,away,12,20,RB,12,22.641509433962266,0,0,0,0,0,0,12,24,0,1,1,13,0,0
2025,6,"82 degrees, relative humidity 49%, wind 10 mph",San Francisco 49ers,Tampa Bay Buccaneers,Brian Robinson Jr.,SFO,San Francisco 49ers,away,30,19,RB,0,0.0,0,0,0,0,0,0,0,0,0,3,3,8,0,0
2025,6,"82 degrees, relative humidity 49%, wind 10 mph",San Francisco 49ers,Tampa Bay Buccaneers,Christian McCaffrey,SFO,San Francisco 49ers,away,30,19,RB,17,27.86885245901639,0,0,0,0,0,0,17,54,1,8,7,57,0,0
2025,6,"82 degrees, relative humidity 49%, wind 10 mph",San Francisco 49ers,Tampa Bay Buccaneers,Demarcus Robinson,SFO,San Francisco 49ers,away,30,19,WR,0,0.0,0,0,0,0,0,0,0,0,0,3,2,44,0,0
2025,6,"82 degrees, relative humidity 49%, wind 10 mph",San Francisco 49ers,Tampa Bay Buccaneers,Jake Tonges,SFO,San Francisco 49ers,away,30,19,TE,0,0.0,0,0,0,0,0,0,0,0,0,7,6,58,0,0
2025,6,"82 degrees, relative humidity 49%, wind 10 mph",San Francisco 49ers,Tampa Bay Buccaneers,Jauan Jennings,SFO,San Francisco 49ers,away,30,19,WR,0,0.0,0,0,0,0,0,0,0,0,0,3,1,7,0,0
2025,6,"82 degrees, relative humidity 49%, wind 10 mph",San Francisco 49ers,Tampa Bay Buccaneers,Kendrick Bourne,SFO,San Francisco 49ers,away,30,19,WR,0,0.0,0,0,0,0,0,0,0,0,0,9,5,142,0,0
2025,6,"82 degrees, relative humidity 49%, wind 10 mph",San Francisco 49ers,Tampa Bay Buccaneers,Kyle Juszczyk,SFO,San Francisco 49ers,away,30,19,FB,0,0.0,0,0,0,0,0,0,0,0,0,1,1,9,0,0
2025,6,"82 degrees, relative humidity 49%, wind 10 mph",San Francisco 49ers,Tampa Bay Buccaneers,Mac Jones,SFO,San Francisco 49ers,away,30,19,QB,44,72.1311475409836,27,39,347,0,2,6,5,13,0,0,0,0,0,1
2025,6,"82 degrees, relative humidity 49%, wind 10 mph",San Francisco 49ers,Tampa Bay Buccaneers,Marquez Valdes-Scantling,SFO,San Francisco 49ers,away,30,19,WR,0,0.0,0,0,0,0,0,0,0,0,0,3,2,22,0,0
2025,6,"82 degrees, relative humidity 49%, wind 10 mph",San Francisco 49ers,Tampa Bay Buccaneers,Baker Mayfield,TAM,San Francisco 49ers,away,30,19,QB,26,53.06122448979592,17,23,256,2,0,1,3,14,0,0,0,0,0,1
2025,6,"82 degrees, relative humidity 49%, wind 10 mph",San Francisco 49ers,Tampa Bay Buccaneers,Cade Otton,TAM,San Francisco 49ers,away,30,19,TE,0,0.0,0,0,0,0,0,0,0,0,0,6,5,51,0,0
2025,6,"82 degrees, relative humidity 49%, wind 10 mph",San Francisco 49ers,Tampa Bay Buccaneers,Emeka Egbuka,TAM,San Francisco 49ers,away,30,19,WR,0,0.0,0,0,0,0,0,0,0,0,0,4,2,24,0,0
2025,6,"82 degrees, relative humidity 49%, wind 10 mph",San Francisco 49ers,Tampa Bay Buccaneers,Kameron Johnson,TAM,San Francisco 49ers,away,30,19,WR,0,0.0,0,0,0,0,0,0,0,0,0,4,4,64,1,0
2025,6,"82 degrees, relative humidity 49%, wind 10 mph",San Francisco 49ers,Tampa Bay Buccaneers,Rachaad White,TAM,San Francisco 49ers,away,30,19,RB,17,34.69387755102041,0,0,0,0,0,0,17,65,1,3,3,21,0,0
2025,6,"82 degrees, relative humidity 49%, wind 10 mph",San Francisco 49ers,Tampa Bay Buccaneers,Sean Tucker,TAM,San Francisco 49ers,away,30,19,RB,6,12.244897959183673,0,0,0,0,0,0,6,25,1,0,0,0,0,0
2025,6,"82 degrees, relative humidity 49%, wind 10 mph",San Francisco 49ers,Tampa Bay Buccaneers,Sterling Shepard,TAM,San Francisco 49ers,away,30,19,WR,0,0.0,0,0,0,0,0,0,0,0,0,3,2,51,0,0
2025,6,"82 degrees, relative humidity 49%, wind 10 mph",San Francisco 49ers,Tampa Bay Buccaneers,Tez Johnson,TAM,San Francisco 49ers,away,30,19,WR,0,0.0,0,0,0,0,0,0,0,0,0,3,1,45,1,0
2025,6,,Tennessee Titans,Las Vegas Raiders,Calvin Ridley,TEN,Las Vegas Raiders,home,10,20,WR,0,0.0,0,0,0,0,0,0,0,0,0,1,1,18,0,0
2025,6,,Tennessee Titans,Las Vegas Raiders,Cam Ward,TEN,Las Vegas Raiders,home,10,20,QB,38,71.69811320754717,26,38,222,1,1,6,0,0,0,0,0,0,0,2
2025,6,,Tennessee Titans,Las Vegas Raiders,Chigoziem Okonkwo,TEN,Las Vegas Raiders,home,10,20,TE,0,0.0,0,0,0,0,0,0,0,0,0,6,6,46,0,0
2025,6,,Tennessee Titans,Las Vegas Raiders,Chimere Dike,TEN,Las Vegas Raiders,home,10,20,WR,0,0.0,0,0,0,0,0,0,0,0,0,3,2,8,0,0
2025,6,,Tennessee Titans,Las Vegas Raiders,David Martin-Robinson,TEN,Las Vegas Raiders,home,10,20,TE,0,0.0,0,0,0,0,0,0,0,0,0,1,1,1,1,0
2025,6,,Tennessee Titans,Las Vegas Raiders,Elic Ayomanor,TEN,Las Vegas Raiders,home,10,20,WR,0,0.0,0,0,0,0,0,0,0,0,0,5,3,27,0,0
2025,6,,Tennessee Titans,Las Vegas Raiders,Gunnar Helm,TEN,Las Vegas Raiders,home,10,20,TE,0,0.0,0,0,0,0,0,0,0,0,0,3,2,15,0,0
2025,6,,Tennessee Titans,Las Vegas Raiders,Tony Pollard,TEN,Las Vegas Raiders,home,10,20,RB,10,18.867924528301888,0,0,0,0,0,0,10,34,0,2,2,13,0,0
2025,6,,Tennessee Titans,Las Vegas Raiders,Tyjae Spears,TEN,Las Vegas Raiders,home,10,20,RB,5,9.433962264150944,0,0,0,0,0,0,5,31,0,4,4,19,0,0
2025,6,,Tennessee Titans,Las Vegas Raiders,Tyler Lockett,TEN,Las Vegas Raiders,home,10,20,WR,0,0.0,0,0,0,0,0,0,0,0,0,3,1,0,0,0
2025,6,,Tennessee Titans,Las Vegas Raiders,Van Jefferson,TEN,Las Vegas Raiders,home,10,20,WR,0,0.0,0,0,0,0,0,0,0,0,0,6,4,75,0,0
2025,6,"59 degrees, relative humidity 82%, wind 12 mph",Washington Commanders,Chicago Bears,Chris Moore,WAS,Chicago Bears,home,25,24,WR,0,0.0,0,0,0,0,0,0,0,0,0,5,3,46,1,0
2025,6,"59 degrees, relative humidity 82%, wind 12 mph",Washington Commanders,Chicago Bears,Deebo Samuel,WAS,Chicago Bears,home,25,24,WR,1,1.7543859649122806,0,0,0,0,0,0,1,-1,0,5,4,15,0,0
2025,6,"59 degrees, relative humidity 82%, wind 12 mph",Washington Commanders,Chicago Bears,Jacory Croskey-Merritt,WAS,Chicago Bears,home,25,24,RB,17,29.82456140350877,0,0,0,0,0,0,17,61,0,1,1,7,0,1
2025,6,"59 degrees, relative humidity 82%, wind 12 mph",Washington Commanders,Chicago Bears,Jayden Daniels,WAS,Chicago Bears,home,25,24,QB,36,63.1578947368421,19,26,211,3,1,3,10,52,0,0,0,0,0,2
2025,6,"59 degrees, relative humidity 82%, wind 12 mph",Washington Commanders,Chicago Bears,Jaylin Lane,WAS,Chicago Bears,home,25,24,WR,1,1.7543859649122806,0,0,0,0,0,0,1,7,0,2,1,37,0,0
2025,6,"59 degrees, relative humidity 82%, wind 12 mph",Washington Commanders,Chicago Bears,Jeremy McNichols,WAS,Chicago Bears,home,25,24,RB,2,3.508771929824561,0,0,0,0,0,0,2,5,0,4,3,30,0,0
2025,6,"59 degrees, relative humidity 82%, wind 12 mph",Washington Commanders,Chicago Bears,Luke McCaffrey,WAS,Chicago Bears,home,25,24,WR,0,0.0,0,0,0,0,0,0,0,0,0,1,1,33,1,0
2025,6,"59 degrees, relative humidity 82%, wind 12 mph",Washington Commanders,Chicago Bears,Zach Ertz,WAS,Chicago Bears,home,25,24,TE,0,0.0,0,0,0,0,0,0,0,0,0,6,6,43,1,0
2025,7,,Arizona Cardinals,Green Bay Packers,D'Ernest Johnson,ARI,Green Bay Packers,home,27,23,RB,1,1.5625,0,0,0,0,0,0,1,0,0,0,0,0,0,0
2025,7,,Arizona Cardinals,Green Bay Packers,Elijah Higgins,ARI,Green Bay Packers,home,27,23,TE,0,0.0,0,0,0,0,0,0,0,0,0,1,1,3,0,0
2025,7,,Arizona Cardinals,Green Bay Packers,Greg Dortch,ARI,Green Bay Packers,home,27,23,WR,0,0.0,0,0,0,0,0,0,0,0,0,2,2,5,0,0
2025,7,,Arizona Cardinals,Green Bay Packers,Jacoby Brissett,ARI,Green Bay Packers,home,27,23,QB,42,65.625,25,36,279,2,0,6,6,26,0,0,0,0,0,1
2025,7,,Arizona Cardinals,Green Bay Packers,Marvin Harrison Jr.,ARI,Green Bay Packers,home,27,23,WR,0,0.0,0,0,0,0,0,0,0,0,0,6,2,58,0,0
2025,7,,Arizona Cardinals,Green Bay Packers,Michael Carter,ARI,Green Bay Packers,home,27,23,RB,7,10.9375,0,0,0,0,0,0,7,11,0,2,2,25,0,0
2025,7,,Arizona Cardinals,Green Bay Packers,Michael Wilson,ARI,Green Bay Packers,home,27,23,WR,0,0.0,0,0,0,0,0,0,0,0,0,4,3,40,0,0
2025,7,,Arizona Cardinals,Green Bay Packers,Trey McBride,ARI,Green Bay Packers,home,27,23,TE,0,0.0,0,0,0,0,0,0,0,0,0,13,10,74,2,0
2025,7,,Arizona Cardinals,Green Bay Packers,Zay Jones,ARI,Green Bay Packers,home,27,23,WR,0,0.0,0,0,0,0,0,0,0,0,0,2,2,67,0,0
2025,7,,Arizona Cardinals,Green Bay Packers,Zonovan Knight,ARI,Green Bay Packers,home,27,23,RB,14,21.875,0,0,0,0,0,0,14,57,0,4,3,7,0,0
2025,7,"74 degrees, relative humidity 49%, wind 5 mph",Atlanta Falcons,San Francisco 49ers,Bijan Robinson,ATL,San Francisco 49ers,home,10,20,RB,14,24.137931034482758,0,0,0,0,0,0,14,40,0,8,6,52,1,0
2025,7,"74 degrees, relative humidity 49%, wind 5 mph",Atlanta Falcons,San Francisco 49ers,Casey Washington,ATL,San Francisco 49ers,home,10,20,WR,0,0.0,0,0,0,0,0,0,0,0,0,2,1,17,0,0
2025,7,"74 degrees, relative humidity 49%, wind 5 mph",Atlanta Falcons,San Francisco 49ers,Charlie Woerner,ATL,San Francisco 49ers,home,10,20,TE,0,0.0,0,0,0,0,0,0,0,0,0,1,0,0,0,0
2025,7,"74 degrees, relative humidity 49%, wind 5 mph",Atlanta Falcons,San Francisco 49ers,Darnell Mooney,ATL,San Francisco 49ers,home,10,20,WR,0,0.0,0,0,0,0,0,0,0,0,0,5,3,68,0,0
2025,7,"74 degrees, relative humidity 49%, wind 5 mph",Atlanta Falcons,San Francisco 49ers,Drake London,ATL,San Francisco 49ers,home,10,20,WR,0,0.0,0,0,0,0,0,0,0,0,0,10,4,42,0,0
2025,7,"74 degrees, relative humidity 49%, wind 5 mph",Atlanta Falcons,San Francisco 49ers,Kyle Pitts,ATL,San Francisco 49ers,home,10,20,TE,0,0.0,0,0,0,0,0,0,0,0,0,10,7,62,0,0
2025,7,"74 degrees, relative humidity 49%, wind 5 mph",Atlanta Falcons,San Francisco 49ers,Michael Penix,ATL,San Francisco 49ers,home,10,20,QB,40,68.96551724137932,21,38,241,1,0,2,2,6,0,0,0,0,0,1
2025,7,"74 degrees, relative humidity 49%, wind 5 mph",Atlanta Falcons,San Francisco 49ers,Tyler Allgeier,ATL,San Francisco 49ers,home,10,20,RB,4,6.896551724137931,0,0,0,0,0,0,4,16,0,0,0,0,0,0
2025,7,"71 degrees, relative humidity 70%, wind 13 mph",New York Jets,Carolina Panthers,Andy Dalton,CAR,New York Jets,away,6,13,QB,9,13.23529411764706,4,7,60,0,0,1,2,-2,0,0,0,0,0,0
2025,7,"71 degrees, relative humidity 70%, wind 13 mph",New York Jets,Carolina Panthers,Bryce Young,CAR,New York Jets,away,6,13,QB,27,39.705882352941174,15,25,138,1,0,1,2,10,0,0,0,0,0,1
2025,7,"71 degrees, relative humidity 70%, wind 13 mph",New York Jets,Carolina Panthers,Chuba Hubbard,CAR,New York Jets,away,6,13,RB,14,20.588235294117645,0,0,0,0,0,0,14,31,0,3,2,24,0,0
2025,7,"71 degrees, relative humidity 70%, wind 13 mph",New York Jets,Carolina Panthers,Ja'Tavion Sanders,CAR,New York Jets,away,6,13,TE,0,0.0,0,0,0,0,0,0,0,0,0,2,0,0,0,0
2025,7,"71 degrees, relative humidity 70%, wind 13 mph",New York Jets,Carolina Panthers,Jalen Coker,CAR,New York Jets,away,6,13,WR,0,0.0,0,0,0,0,0,0,0,0,0,2,0,0,0,0
2025,7,"71 degrees, relative humidity 70%, wind 13 mph",New York Jets,Carolina Panthers,Jimmy Horn,CAR,New York Jets,away,6,13,WR,1,1.4705882352941175,0,0,0,0,0,0,1,7,0,2,1,8,0,0
2025,7,"71 degrees, relative humidity 70%, wind 13 mph",New York Jets,Carolina Panthers,Mitchell Evans,CAR,New York Jets,away,6,13,TE,0,0.0,0,0,0,0,0,0,0,0,0,3,2,24,0,0
2025,7,"71 degrees, relative humidity 70%, wind 13 mph",New York Jets,Carolina Panthers,Rico Dowdle,CAR,New York Jets,away,6,13,RB,17,25.0,0,0,0,0,0,0,17,79,0,2,1,17,0,0
2025,7,"71 degrees, relative humidity 70%, wind 13 mph",New York Jets,Carolina Panthers,Tetairoa McMillan,CAR,New York Jets,away,6,13,WR,0,0.0,0,0,0,0,0,0,0,0,0,5,3,33,0,0
2025,7,"71 degrees, relative humidity 70%, wind 13 mph",New York Jets,Carolina Panthers,Tommy Tremble,CAR,New York Jets,away,6,13,TE,0,0.0,0,0,0,0,0,0,0,0,0,1,1,0,0,0
2025,7,"71 degrees, relative humidity 70%, wind 13 mph",New York Jets,Carolina Panthers,Xavier Legette,CAR,New York Jets,away,6,13,WR,0,0.0,0,0,0,0,0,0,0,0,0,11,9,92,1,0
2025,7,"49 degrees, relative humidity 87%, wind 8 mph",New Orleans Saints,Chicago Bears,Caleb Williams,CHI,New Orleans Saints,away,26,14,QB,30,45.45454545454545,15,26,172,0,1,1,4,-2,0,0,0,0,0,2
2025,7,"49 degrees, relative humidity 87%, wind 8 mph",New Orleans Saints,Chicago Bears,Cole Kmet,CHI,New Orleans Saints,away,26,14,TE,0,0.0,0,0,0,0,0,0,0,0,0,1,1,16,0,0
2025,7,"49 degrees, relative humidity 87%, wind 8 mph",New Orleans Saints,Chicago Bears,Colston Loveland,CHI,New Orleans Saints,away,26,14,TE,0,0.0,0,0,0,0,0,0,0,0,0,4,3,24,0,0
2025,7,"49 degrees, relative humidity 87%, wind 8 mph",New Orleans Saints,Chicago Bears,D'Andre Swift,CHI,New Orleans Saints,away,26,14,RB,19,28.78787878787879,0,0,0,0,0,0,19,124,1,1,1,14,0,0
2025,7,"49 degrees, relative humidity 87%, wind 8 mph",New Orleans Saints,Chicago Bears,D.J. Moore,CHI,New Orleans Saints,away,26,14,WR,1,1.5151515151515151,0,0,0,0,0,0,1,9,0,5,3,43,0,0
2025,7,"49 degrees, relative humidity 87%, wind 8 mph",New Orleans Saints,Chicago Bears,Kyle Monangai,CHI,New Orleans Saints,away,26,14,RB,13,19.696969696969695,0,0,0,0,0,0,13,81,1,3,2,13,0,0
2025,7,"49 degrees, relative humidity 87%, wind 8 mph",New Orleans Saints,Chicago Bears,Luther Burden,CHI,New Orleans Saints,away,26,14,WR,1,1.5151515151515151,0,0,0,0,0,0,1,-1,0,2,1,22,0,0
2025,7,"49 degrees, relative humidity 87%, wind 8 mph",New Orleans Saints,Chicago Bears,Olamide Zaccheaus,CHI,New Orleans Saints,away,26,14,WR,1,1.5151515151515151,0,0,0,0,0,0,1,0,0,3,2,9,0,0
2025,7,"49 degrees, relative humidity 87%, wind 8 mph",New Orleans Saints,Chicago Bears,Rome Odunze,CHI,New Orleans Saints,away,26,14,WR,0,0.0,0,0,0,0,0,0,0,0,0,6,2,31,0,0
2025,7,"49 degrees, relative humidity 87%, wind 8 mph",New Orleans Saints,Chicago Bears,Roschon Johnson,CHI,New Orleans Saints,away,26,14,RB,1,1.5151515151515151,0,0,0,0,0,0,1,11,0,0,0,0,0,0
2025,7,"60 degrees, relative humidity 74%, wind 5 mph",Pittsburgh Steelers,Cincinnati Bengals,Andrei Iosivas,CIN,Pittsburgh Steelers,away,33,31,WR,0,0.0,0,0,0,0,0,0,0,0,0,4,3,49,0,0
2025,7,"60 degrees, relative humidity 74%, wind 5 mph",Pittsburgh Steelers,Cincinnati Bengals,Chase Brown,CIN,Pittsburgh Steelers,away,33,31,HB,11,15.714285714285714,0,0,0,0,0,0,11,108,0,4,2,-8,0,0
2025,7,"60 degrees, relative humidity 74%, wind 5 mph",Pittsburgh Steelers,Cincinnati Bengals,Ja'Marr Chase,CIN,Pittsburgh Steelers,away,33,31,WR,0,0.0,0,0,0,0,0,0,0,0,0,23,16,161,1,0
2025,7,"60 degrees, relative humidity 74%, wind 5 mph",Pittsburgh Steelers,Cincinnati Bengals,Joe Flacco,CIN,Pittsburgh Steelers,away,33,31,QB,52,74.28571428571429,31,47,342,3,0,2,5,3,0,0,0,0,0,0
2025,7,"60 degrees, relative humidity 74%, wind 5 mph",Pittsburgh Steelers,Cincinnati Bengals,Noah Fant,CIN,Pittsburgh Steelers,away,33,31,TE,0,0.0,0,0,0,0,0,0,0,0,0,4,4,44,1,0
2025,7,"60 degrees, relative humidity 74%, wind 5 mph",Pittsburgh Steelers,Cincinnati Bengals,Samaje Perine,CIN,Pittsburgh Steelers,away,33,31,HB,7,10.0,0,0,0,0,0,0,7,31,0,0,0,0,0,0
2025,7,"60 degrees, relative humidity 74%, wind 5 mph",Pittsburgh Steelers,Cincinnati Bengals,Tee Higgins,CIN,Pittsburgh Steelers,away,33,31,WR,0,0.0,0,0,0,0,0,0,0,0,0,10,6,96,1,0
2025,7,"65 degrees, relative humidity 85%, wind 17 mph",Miami Dolphins,Cleveland Browns,Blake Whiteheart,CLE,Miami Dolphins,away,31,6,TE,0,0.0,0,0,0,0,0,0,0,0,0,1,1,4,0,1
2025,7,"65 degrees, relative humidity 85%, wind 17 mph",Miami Dolphins,Cleveland Browns,Dillon Gabriel,CLE,Miami Dolphins,away,31,6,QB,22,43.13725490196079,13,18,116,0,0,2,4,12,0,0,0,0,0,0
2025,7,"65 degrees, relative humidity 85%, wind 17 mph",Miami Dolphins,Cleveland Browns,Dylan Sampson,CLE,Miami Dolphins,away,31,6,RB,3,5.88235294117647,0,0,0,0,0,0,3,8,0,1,1,9,0,0
2025,7,"65 degrees, relative humidity 85%, wind 17 mph",Miami Dolphins,Cleveland Browns,Gage Larvadain,CLE,Miami Dolphins,away,31,6,WR,0,0.0,0,0,0,0,0,0,0,0,0,1,0,0,0,0
2025,7,"65 degrees, relative humidity 85%, wind 17 mph",Miami Dolphins,Cleveland Browns,Harold Fannin,CLE,Miami Dolphins,away,31,6,TE,0,0.0,0,0,0,0,0,0,0,0,0,5,4,36,0,0
2025,7,"65 degrees, relative humidity 85%, wind 17 mph",Miami Dolphins,Cleveland Browns,Jamari Thrash,CLE,Miami Dolphins,away,31,6,WR,0,0.0,0,0,0,0,0,0,0,0,0,2,1,23,0,0
2025,7,"65 degrees, relative humidity 85%, wind 17 mph",Miami Dolphins,Cleveland Browns,Jerome Ford,CLE,Miami Dolphins,away,31,6,RB,1,1.9607843137254901,0,0,0,0,0,0,1,0,0,2,2,10,0,0
2025,7,"65 degrees, relative humidity 85%, wind 17 mph",Miami Dolphins,Cleveland Browns,Jerry Jeudy,CLE,Miami Dolphins,away,31,6,WR,0,0.0,0,0,0,0,0,0,0,0,0,4,2,17,0,0
2025,7,"65 degrees, relative humidity 85%, wind 17 mph",Miami Dolphins,Cleveland Browns,Malachi Corley,CLE,Miami Dolphins,away,31,6,WR,0,0.0,0,0,0,0,0,0,0,0,0,2,2,17,0,0
2025,7,"65 degrees, relative humidity 85%, wind 17 mph",Miami Dolphins,Cleveland Browns,Quinshon Judkins,CLE,Miami Dolphins,away,31,6,RB,25,49.01960784313725,0,0,0,0,0,0,25,84,3,0,0,0,0,0
2025,7,,Washington Commanders,Dallas Cowboys,CeeDee Lamb,DAL,Washington Commanders,away,44,22,WR,0,0.0,0,0,0,0,0,0,0,0,0,8,5,110,1,0
2025,7,,Washington Commanders,Dallas Cowboys,Dak Prescott,DAL,Washington Commanders,away,44,22,QB,35,57.377049180327866,21,30,264,3,0,1,5,7,0,0,0,0,0,1
2025,7,,Washington Commanders,Dallas Cowboys,George Pickens,DAL,Washington Commanders,away,44,22,WR,0,0.0,0,0,0,0,0,0,0,0,0,6,4,82,0,0
2025,7,,Washington Commanders,Dallas Cowboys,Hunter Luepke,DAL,Washington Commanders,away,44,22,RB,0,0.0,0,0,0,0,0,0,0,0,0,1,1,3,0,0
2025,7,,Washington Commanders,Dallas Cowboys,Jake Ferguson,DAL,Washington Commanders,away,44,22,TE,0,0.0,0,0,0,0,0,0,0,0,0,7,7,29,2,0
2025,7,,Washington Commanders,Dallas Cowboys,Jalen Tolbert,DAL,Washington Commanders,away,44,22,WR,0,0.0,0,0,0,0,0,0,0,0,0,2,1,16,0,0
2025,7,,Washington Commanders,Dallas Cowboys,Javonte Williams,DAL,Washington Commanders,away,44,22,RB,19,31.147540983606557,0,0,0,0,0,0,19,116,1,4,1,2,0,0
2025,7,,Washington Commanders,Dallas Cowboys,Jaydon Blue,DAL,Washington Commanders,away,44,22,RB,7,11.475409836065573,0,0,0,0,0,0,7,29,0,1,1,5,0,0
2025,7,,Washington Commanders,Dallas Cowboys,KaVontae Turpin,DAL,Washington Commanders,away,44,22,WR,0,0.0,0,0,0,0,0,0,0,0,0,1,1,17,0,0
2025,7,"72 degrees, relative humidity 17%, wind 3 mph",New York Giants,Denver Broncos,Adam Prentice,DEN,New York Giants,away,33,32,FB,0,0.0,0,0,0,0,0,0,0,0,0,1,0,0,0,0
2025,7,"72 degrees, relative humidity 17%, wind 3 mph",New York Giants,Denver Broncos,Bo Nix,DEN,New York Giants,away,33,32,QB,55,74.32432432432432,27,50,279,2,0,2,5,48,2,0,0,0,0,1
2025,7,"72 degrees, relative humidity 17%, wind 3 mph",New York Giants,Denver Broncos,Courtland Sutton,DEN,New York Giants,away,33,32,WR,0,0.0,0,0,0,0,0,0,0,0,0,10,6,87,0,0
2025,7,"72 degrees, relative humidity 17%, wind 3 mph",New York Giants,Denver Broncos,Evan Engram,DEN,New York Giants,away,33,32,TE,0,0.0,0,0,0,0,0,0,0,0,0,8,5,42,0,0
2025,7,"72 degrees, relative humidity 17%, wind 3 mph",New York Giants,Denver Broncos,Garett Bolles,DEN,New York Giants,away,33,32,T,0,0.0,0,0,0,0,0,0,0,0,0,1,0,0,0,0
2025,7,"72 degrees, relative humidity 17%, wind 3 mph",New York Giants,Denver Broncos,J.K. Dobbins,DEN,New York Giants,away,33,32,RB,14,18.91891891891892,0,0,0,0,0,0,14,81,0,1,1,-1,0,0
2025,7,"72 degrees, relative humidity 17%, wind 3 mph",New York Giants,Denver Broncos,Marvin Mims,DEN,New York Giants,away,33,32,WR,1,1.3513513513513513,0,0,0,0,0,0,1,13,0,7,6,85,0,0
2025,7,"72 degrees, relative humidity 17%, wind 3 mph",New York Giants,Denver Broncos,Nate Adkins,DEN,New York Giants,away,33,32,TE,0,0.0,0,0,0,0,0,0,0,0,0,3,2,20,0,0
2025,7,"72 degrees, relative humidity 17%, wind 3 mph",New York Giants,Denver Broncos,Pat Bryant,DEN,New York Giants,away,33,32,WR,0,0.0,0,0,0,0,0,0,0,0,0,4,1,6,0,0
2025,7,"72 degrees, relative humidity 17%, wind 3 mph",New York Giants,Denver Broncos,RJ Harvey,DEN,New York Giants,away,33,32,RB,4,5.405405405405405,0,0,0,0,0,0,4,0,0,2,1,2,1,0
2025,7,"72 degrees, relative humidity 17%, wind 3 mph",New York Giants,Denver Broncos,Troy Franklin,DEN,New York Giants,away,33,32,WR,0,0.0,0,0,0,0,0,0,0,0,0,10,3,19,1,0
2025,7,"72 degrees, relative humidity 17%, wind 3 mph",New York Giants,Denver Broncos,Tyler Badie,DEN,New York Giants,away,33,32,RB,0,0.0,0,0,0,0,0,0,0,0,0,2,2,19,0,0
2025,7,,Tampa Bay Buccaneers,Detroit Lions,Amon-Ra St. Brown,DET,Tampa Bay Buccaneers,away,24,9,WR,0,0.0,0,0,0,0,0,0,0,0,0,10,6,86,1,0
2025,7,,Tampa Bay Buccaneers,Detroit Lions,Brock Wright,DET,Tampa Bay Buccaneers,away,24,9,TE,0,0.0,0,0,0,0,0,0,0,0,0,3,3,23,0,0
2025,7,,Tampa Bay Buccaneers,Detroit Lions,David Montgomery,DET,Tampa Bay Buccaneers,away,24,9,RB,13,21.311475409836063,0,0,0,0,0,0,13,21,0,3,2,18,0,0
2025,7,,Tampa Bay Buccaneers,Detroit Lions,Isaac TeSlaa,DET,Tampa Bay Buccaneers,away,24,9,WR,0,0.0,0,0,0,0,0,0,0,0,0,1,0,0,0,0
2025,7,,Tampa Bay Buccaneers,Detroit Lions,Jahmyr Gibbs,DET,Tampa Bay Buccaneers,away,24,9,RB,17,27.86885245901639,0,0,0,0,0,0,17,136,2,3,3,82,0,0
2025,7,,Tampa Bay Buccaneers,Detroit Lions,Jameson Williams,DET,Tampa Bay Buccaneers,away,24,9,WR,0,0.0,0,0,0,0,0,0,0,0,0,2,0,0,0,0
2025,7,,Tampa Bay Buccaneers,Detroit Lions,Jared Goff,DET,Tampa Bay Buccaneers,away,24,9,QB,31,50.81967213114754,20,29,241,1,1,4,2,7,0,0,0,0,0,1
2025,7,,Tampa Bay Buccaneers,Detroit Lions,Kalif Raymond,DET,Tampa Bay Buccaneers,away,24,9,WR,0,0.0,0,0,0,0,0,0,0,0,0,3,3,17,0,0
2025,7,,Tampa Bay Buccaneers,Detroit Lions,Sam LaPorta,DET,Tampa Bay Buccaneers,away,24,9,TE,0,0.0,0,0,0,0,0,0,0,0,0,3,3,15,0,0
2025,7,,Arizona Cardinals,Green Bay Packers,Chris Brooks,GNB,Arizona Cardinals,away,23,27,RB,0,0.0,0,0,0,0,0,0,0,0,0,1,0,0,0,0
2025,7,,Arizona Cardinals,Green Bay Packers,Dontayvion Wicks,GNB,Arizona Cardinals,away,23,27,WR,0,0.0,0,0,0,0,0,0,0,0,0,2,1,5,0,0
2025,7,,Arizona Cardinals,Green Bay Packers,Emanuel Wilson,GNB,Arizona Cardinals,away,23,27,RB,6,11.538461538461538,0,0,0,0,0,0,6,17,0,1,1,-2,0,0
2025,7,,Arizona Cardinals,Green Bay Packers,John FitzPatrick,GNB,Arizona Cardinals,away,23,27,TE,0,0.0,0,0,0,0,0,0,0,0,0,1,1,6,0,0
2025,7,,Arizona Cardinals,Green Bay Packers,Jordan Love,GNB,Arizona Cardinals,away,23,27,QB,33,63.46153846153846,19,29,179,1,0,1,4,22,0,0,0,0,0,2
2025,7,,Arizona Cardinals,Green Bay Packers,Josh Jacobs,GNB,Arizona Cardinals,away,23,27,RB,13,25.0,0,0,0,0,0,0,13,55,2,1,1,3,0,0
2025,7,,Arizona Cardinals,Green Bay Packers,Matthew Golden,GNB,Arizona Cardinals,away,23,27,WR,0,0.0,0,0,0,0,0,0,0,0,0,4,4,37,0,0
2025,7,,Arizona Cardinals,Green Bay Packers,Romeo Doubs,GNB,Arizona Cardinals,away,23,27,WR,0,0.0,0,0,0,0,0,0,0,0,0,8,6,72,0,0
2025,7,,Arizona Cardinals,Green Bay Packers,Tucker Kraft,GNB,Arizona Cardinals,away,23,27,TE,0,0.0,0,0,0,0,0,0,0,0,0,10,5,58,1,0
2025,7,"56 degrees, relative humidity 54%, wind 5 mph",Houston Texans,Seattle Seahawks,Braxton Berrios,HOU,Seattle Seahawks,home,19,27,WR,0,0.0,0,0,0,0,0,0,0,0,0,3,1,-1,0,0
2025,7,"56 degrees, relative humidity 54%, wind 5 mph",Houston Texans,Seattle Seahawks,C.J. Stroud,HOU,Seattle Seahawks,home,19,27,QB,51,77.27272727272727,23,49,229,1,1,3,2,25,0,0,0,0,0,0
2025,7,"56 degrees, relative humidity 54%, wind 5 mph",Houston Texans,Seattle Seahawks,Dalton Schultz,HOU,Seattle Seahawks,home,19,27,TE,0,0.0,0,0,0,0,0,0,0,0,0,10,9,98,0,0
2025,7,"56 degrees, relative humidity 54%, wind 5 mph",Houston Texans,Seattle Seahawks,Dare Ogunbowale,HOU,Seattle Seahawks,home,19,27,RB,0,0.0,0,0,0,0,0,0,0,0,0,1,0,0,0,0
2025,7,"56 degrees, relative humidity 54%, wind 5 mph",Houston Texans,Seattle Seahawks,Jayden Higgins,HOU,Seattle Seahawks,home,19,27,WR,0,0.0,0,0,0,0,0,0,0,0,0,3,0,0,0,0
2025,7,"56 degrees, relative humidity 54%, wind 5 mph",Houston Texans,Seattle Seahawks,Jaylin Noel,HOU,Seattle Seahawks,home,19,27,WR,0,0.0,0,0,0,0,0,0,0,0,0,7,4,77,0,0
2025,7,"56 degrees, relative humidity 54%, wind 5 mph",Houston Texans,Seattle Seahawks,Nick Chubb,HOU,Seattle Seahawks,home,19,27,RB,5,7.575757575757576,0,0,0,0,0,0,5,16,0,3,1,-5,0,0
2025,7,"56 degrees, relative humidity 54%, wind 5 mph",Houston Texans,Seattle Seahawks,Nico Collins,HOU,Seattle Seahawks,home,19,27,WR,0,0.0,0,0,0,0,0,0,0,0,0,10,4,27,0,0
2025,7,"56 degrees, relative humidity 54%, wind 5 mph",Houston Texans,Seattle Seahawks,Woody Marks,HOU,Seattle Seahawks,home,19,27,RB,10,15.151515151515152,0,0,0,0,0,0,10,15,0,5,3,20,1,0
2025,7,"56 degrees, relative humidity 54%, wind 5 mph",Houston Texans,Seattle Seahawks,Xavier Hutchinson,HOU,Seattle Seahawks,home,19,27,WR,0,0.0,0,0,0,0,0,0,0,0,0,4,1,13,0,0
2025,7,,Los Angeles Chargers,Indianapolis Colts,Adonai Mitchell,IND,Los Angeles Chargers,away,24,38,WR,0,0.0,0,0,0,0,0,0,0,0,0,1,1,8,0,0
2025,7,,Los Angeles Chargers,Indianapolis Colts,Alec Pierce,IND,Los Angeles Chargers,away,24,38,WR,0,0.0,0,0,0,0,0,0,0,0,0,10,5,98,0,0
2025,7,,Los Angeles Chargers,Indianapolis Colts,Ameer Abdullah,IND,Los Angeles Chargers,away,24,38,RB,2,3.508771929824561,0,0,0,0,0,0,2,19,0,1,1,8,0,0
2025,7,,Los Angeles Chargers,Indianapolis Colts,Anthony Gould,IND,Los Angeles Chargers,away,24,38,WR,0,0.0,0,0,0,0,0,0,0,0,0,1,1,3,0,0
2025,7,,Los Angeles Chargers,Indianapolis Colts,Daniel Jones,IND,Los Angeles Chargers,away,24,38,QB,39,68.42105263157895,23,34,288,2,0,1,5,7,0,0,0,0,0,0
2025,7,,Los Angeles Chargers,Indianapolis Colts,Jonathan Taylor,IND,Los Angeles Chargers,away,24,38,RB,16,28.07017543859649,0,0,0,0,0,0,16,94,3,3,3,38,0,0
2025,7,,Los Angeles Chargers,Indianapolis Colts,Michael Pittman Jr.,IND,Los Angeles Chargers,away,24,38,WR,0,0.0,0,0,0,0,0,0,0,0,0,9,7,58,1,0
2025,7,,Los Angeles Chargers,Indianapolis Colts,Mo Alie-Cox,IND,Los Angeles Chargers,away,24,38,TE,0,0.0,0,0,0,0,0,0,0,0,0,2,1,6,0,0
2025,7,,Los Angeles Chargers,Indianapolis Colts,Tyler Warren,IND,Los Angeles Chargers,away,24,38,TE,0,0.0,0,0,0,0,0,0,0,0,0,5,4,69,1,0
2025,7,"59 degrees, relative humidity 95%, wind 9 mph",Jacksonville Jaguars,Los Angeles Rams,Bhayshul Tuten,JAX,Los Angeles Rams,home,35,7,RB,5,7.462686567164178,0,0,0,0,0,0,5,22,0,0,0,0,0,0
2025,7,"59 degrees, relative humidity 95%, wind 9 mph",Jacksonville Jaguars,Los Angeles Rams,Brian Thomas,JAX,Los Angeles Rams,home,35,7,WR,0,0.0,0,0,0,0,0,0,0,0,0,7,3,31,0,0
2025,7,"59 degrees, relative humidity 95%, wind 9 mph",Jacksonville Jaguars,Los Angeles Rams,Dyami Brown,JAX,Los Angeles Rams,home,35,7,WR,0,0.0,0,0,0,0,0,0,0,0,0,4,2,50,0,0
2025,7,"59 degrees, relative humidity 95%, wind 9 mph",Jacksonville Jaguars,Los Angeles Rams,Hunter Long,JAX,Los Angeles Rams,home,35,7,TE,0,0.0,0,0,0,0,0,0,0,0,0,3,2,16,0,1
2025,7,"59 degrees, relative humidity 95%, wind 9 mph",Jacksonville Jaguars,Los Angeles Rams,Johnny Mundt,JAX,Los Angeles Rams,home,35,7,TE,0,0.0,0,0,0,0,0,0,0,0,0,4,1,9,0,0
2025,7,"59 degrees, relative humidity 95%, wind 9 mph",Jacksonville Jaguars,Los Angeles Rams,LeQuint Allen,JAX,Los Angeles Rams,home,35,7,RB,0,0.0,0,0,0,0,0,0,0,0,0,1,1,4,0,0
2025,7,"59 degrees, relative humidity 95%, wind 9 mph",Jacksonville Jaguars,Los Angeles Rams,Parker Washington,JAX,Los Angeles Rams,home,35,7,WR,3,4.477611940298507,0,0,0,0,0,0,3,10,0,10,4,52,0,0
2025,7,"59 degrees, relative humidity 95%, wind 9 mph",Jacksonville Jaguars,Los Angeles Rams,Tim Patrick,JAX,Los Angeles Rams,home,35,7,WR,0,0.0,0,0,0,0,0,0,0,0,0,1,1,22,0,0
2025,7,"59 degrees, relative humidity 95%, wind 9 mph",Jacksonville Jaguars,Los Angeles Rams,Travis Etienne,JAX,Los Angeles Rams,home,35,7,RB,8,11.940298507462686,0,0,0,0,0,0,8,44,0,3,1,11,0,0
2025,7,"59 degrees, relative humidity 95%, wind 9 mph",Jacksonville Jaguars,Los Angeles Rams,Travis Hunter,JAX,Los Angeles Rams,home,35,7,WR,1,1.4925373134328357,0,0,0,0,0,0,1,0,0,14,8,101,1,0
2025,7,"59 degrees, relative humidity 95%, wind 9 mph",Jacksonville Jaguars,Los Angeles Rams,Trevor Lawrence,JAX,Los Angeles Rams,home,35,7,QB,50,74.6268656716418,23,48,296,1,0,7,2,18,0,0,0,0,0,0
2025,7,"57 degrees, relative humidity 41%, wind 9 mph",Las Vegas Raiders,Kansas City Chiefs,Brashard Smith,KAN,Las Vegas Raiders,away,31,0,RB,14,18.421052631578945,0,0,0,0,0,0,14,39,0,5,5,42,0,0
2025,7,"57 degrees, relative humidity 41%, wind 9 mph",Las Vegas Raiders,Kansas City Chiefs,Gardner Minshew,KAN,Las Vegas Raiders,away,31,0,UNK,3,3.9473684210526314,0,0,0,0,0,0,3,-3,0,0,0,0,0,0
2025,7,"57 degrees, relative humidity 41%, wind 9 mph",Las Vegas Raiders,Kansas City Chiefs,Isiah Pacheco,KAN,Las Vegas Raiders,away,31,0,RB,15,19.736842105263158,0,0,0,0,0,0,15,57,1,2,1,-3,0,0
2025,7,"57 degrees, relative humidity 41%, wind 9 mph",Las Vegas Raiders,Kansas City Chiefs,JuJu Smith-Schuster,KAN,Las Vegas Raiders,away,31,0,WR,0,0.0,0,0,0,0,0,0,0,0,0,3,3,35,0,0
2025,7,"57 degrees, relative humidity 41%, wind 9 mph",Las Vegas Raiders,Kansas City Chiefs,Kareem Hunt,KAN,Las Vegas Raiders,away,31,0,RB,4,5.263157894736842,0,0,0,0,0,0,4,18,0,0,0,0,0,0
2025,7,"57 degrees, relative humidity 41%, wind 9 mph",Las Vegas Raiders,Kansas City Chiefs,Marquise Brown,KAN,Las Vegas Raiders,away,31,0,WR,0,0.0,0,0,0,0,0,0,0,0,0,4,2,14,1,1
2025,7,"57 degrees, relative humidity 41%, wind 9 mph",Las Vegas Raiders,Kansas City Chiefs,Noah Gray,KAN,Las Vegas Raiders,away,31,0,TE,0,0.0,0,0,0,0,0,0,0,0,0,1,1,28,0,0
2025,7,"57 degrees, relative humidity 41%, wind 9 mph",Las Vegas Raiders,Kansas City Chiefs,Patrick Mahomes,KAN,Las Vegas Raiders,away,31,0,QB,39,51.31578947368421,26,35,286,3,0,1,4,28,0,0,0,0,0,0
2025,7,"57 degrees, relative humidity 41%, wind 9 mph",Las Vegas Raiders,Kansas City Chiefs,Rashee Rice,KAN,Las Vegas Raiders,away,31,0,WR,0,0.0,0,0,0,0,0,0,0,0,0,10,7,42,2,0
2025,7,"57 degrees, relative humidity 41%, wind 9 mph",Las Vegas Raiders,Kansas City Chiefs,Travis Kelce,KAN,Las Vegas Raiders,away,31,0,TE,0,0.0,0,0,0,0,0,0,0,0,0,3,3,54,0,0
2025,7,"57 degrees, relative humidity 41%, wind 9 mph",Las Vegas Raiders,Kansas City Chiefs,Tyquan Thornton,KAN,Las Vegas Raiders,away,31,0,WR,0,0.0,0,0,0,0,0,0,0,0,0,2,1,39,0,0
2025,7,"57 degrees, relative humidity 41%, wind 9 mph",Las Vegas Raiders,Kansas City Chiefs,Xavier Worthy,KAN,Las Vegas Raiders,away,31,0,WR,1,1.3157894736842104,0,0,0,0,0,0,1,13,0,4,3,35,0,0
2025,7,,Los Angeles Chargers,Indianapolis Colts,Hassan Haskins,LAC,Indianapolis Colts,home,38,24,RB,1,1.4084507042253522,0,0,0,0,0,0,1,3,0,2,2,2,0,0
2025,7,,Los Angeles Chargers,Indianapolis Colts,Justin Herbert,LAC,Indianapolis Colts,home,38,24,QB,61,85.91549295774648,37,55,420,3,2,3,6,31,0,0,0,0,0,0
2025,7,,Los Angeles Chargers,Indianapolis Colts,Keenan Allen,LAC,Indianapolis Colts,home,38,24,WR,0,0.0,0,0,0,0,0,0,0,0,0,14,11,119,1,0
2025,7,,Los Angeles Chargers,Indianapolis Colts,Kimani Vidal,LAC,Indianapolis Colts,home,38,24,RB,9,12.676056338028168,0,0,0,0,0,0,9,20,0,5,4,15,0,0
2025,7,,Los Angeles Chargers,Indianapolis Colts,Ladd McConkey,LAC,Indianapolis Colts,home,38,24,WR,0,0.0,0,0,0,0,0,0,0,0,0,15,9,67,0,0
2025,7,,Los Angeles Chargers,Indianapolis Colts,Oronde Gadsden,LAC,Indianapolis Colts,home,38,24,UNK,0,0.0,0,0,0,0,0,0,0,0,0,9,7,164,1,0
2025,7,,Los Angeles Chargers,Indianapolis Colts,Quentin Johnston,LAC,Indianapolis Colts,home,38,24,WR,0,0.0,0,0,0,0,0,0,0,0,0,6,2,30,1,0
2025,7,,Los Angeles Chargers,Indianapolis Colts,Tre Harris,LAC,Indianapolis Colts,home,38,24,WR,0,0.0,0,0,0,0,0,0,0,0,0,2,2,23,0,0
2025,7,,Los Angeles Chargers,Indianapolis Colts,Will Dissly,LAC,Indianapolis Colts,home,38,24,TE,0,0.0,0,0,0,0,0,0,0,0,0,1,0,0,0,0
2025,7,"59 degrees, relative humidity 95%, wind 9 mph",Jacksonville Jaguars,Los Angeles Rams,Blake Corum,LAR,Jacksonville Jaguars,away,7,35,RB,12,19.35483870967742,0,0,0,0,0,0,12,37,0,1,1,6,0,0
2025,7,"59 degrees, relative humidity 95%, wind 9 mph",Jacksonville Jaguars,Los Angeles Rams,Colby Parkinson,LAR,Jacksonville Jaguars,away,7,35,TE,0,0.0,0,0,0,0,0,0,0,0,0,3,3,47,0,0
2025,7,"59 degrees, relative humidity 95%, wind 9 mph",Jacksonville Jaguars,Los Angeles Rams,Davante Adams,LAR,Jacksonville Jaguars,away,7,35,WR,0,0.0,0,0,0,0,0,0,0,0,0,8,5,35,3,0
2025,7,"59 degrees, relative humidity 95%, wind 9 mph",Jacksonville Jaguars,Los Angeles Rams,Davis Allen,LAR,Jacksonville Jaguars,away,7,35,TE,0,0.0,0,0,0,0,0,0,0,0,0,1,1,4,0,0
2025,7,"59 degrees, relative humidity 95%, wind 9 mph",Jacksonville Jaguars,Los Angeles Rams,Jimmy Garoppolo,LAR,Jacksonville Jaguars,away,7,35,QB,3,4.838709677419355,0,0,0,0,0,0,3,-3,0,0,0,0,0,0
2025,7,"59 degrees, relative humidity 95%, wind 9 mph",Jacksonville Jaguars,Los Angeles Rams,Jordan Whittington,LAR,Jacksonville Jaguars,away,7,35,WR,0,0.0,0,0,0,0,0,0,0,0,0,4,2,9,0,0
2025,7,"59 degrees, relative humidity 95%, wind 9 mph",Jacksonville Jaguars,Los Angeles Rams,Konata Mumpfield,LAR,Jacksonville Jaguars,away,7,35,WR,0,0.0,0,0,0,0,0,0,0,0,0,1,1,5,1,0
2025,7,"59 degrees, relative humidity 95%, wind 9 mph",Jacksonville Jaguars,Los Angeles Rams,Kyren Williams,LAR,Jacksonville Jaguars,away,7,35,RB,12,19.35483870967742,0,0,0,0,0,0,12,54,0,3,2,11,0,0
2025,7,"59 degrees, relative humidity 95%, wind 9 mph",Jacksonville Jaguars,Los Angeles Rams,Matthew Stafford,LAR,Jacksonville Jaguars,away,7,35,QB,35,56.451612903225815,21,33,182,5,0,0,2,1,0,0,0,0,0,0
2025,7,"59 degrees, relative humidity 95%, wind 9 mph",Jacksonville Jaguars,Los Angeles Rams,Terrance Ferguson,LAR,Jacksonville Jaguars,away,7,35,TE,0,0.0,0,0,0,0,0,0,0,0,0,3,1,31,1,0
2025,7,"59 degrees, relative humidity 95%, wind 9 mph",Jacksonville Jaguars,Los Angeles Rams,Tyler Higbee,LAR,Jacksonville Jaguars,away,7,35,TE,0,0.0,0,0,0,0,0,0,0,0,0,6,3,19,0,0
2025,7,"59 degrees, relative humidity 95%, wind 9 mph",Jacksonville Jaguars,Los Angeles Rams,Xavier Smith,LAR,Jacksonville Jaguars,away,7,35,WR,0,0.0,0,0,0,0,0,0,0,0,0,3,2,15,0,0
2025,7,"57 degrees, relative humidity 41%, wind 9 mph",Las Vegas Raiders,Kansas City Chiefs,Ashton Jeanty,LVR,Las Vegas Raiders,away,31,0,RB,6,20.689655172413794,0,0,0,0,0,0,6,21,0,1,1,13,0,0
2025,7,"57 degrees, relative humidity 41%, wind 9 mph",Las Vegas Raiders,Kansas City Chiefs,Carter Runyon,LVR,Las Vegas Raiders,away,31,0,TE,0,0.0,0,0,0,0,0,0,0,0,0,1,1,3,0,0
2025,7,"57 degrees, relative humidity 41%, wind 9 mph",Las Vegas Raiders,Kansas City Chiefs,Dont'e Thornton,LVR,Las Vegas Raiders,away,31,0,WR,0,0.0,0,0,0,0,0,0,0,0,0,3,0,0,0,0
2025,7,"57 degrees, relative humidity 41%, wind 9 mph",Las Vegas Raiders,Kansas City Chiefs,Dylan Laube,LVR,Las Vegas Raiders,away,31,0,RB,2,6.896551724137931,0,0,0,0,0,0,2,3,0,1,1,1,0,0
2025,7,"57 degrees, relative humidity 41%, wind 9 mph",Las Vegas Raiders,Kansas City Chiefs,Geno Smith,LVR,Las Vegas Raiders,away,31,0,QB,18,62.06896551724138,10,16,67,0,0,1,2,1,0,0,0,0,0,1
2025,7,"57 degrees, relative humidity 41%, wind 9 mph",Las Vegas Raiders,Kansas City Chiefs,Jack Bech,LVR,Las Vegas Raiders,away,31,0,WR,0,0.0,0,0,0,0,0,0,0,0,0,2,2,13,0,0
2025,7,"57 degrees, relative humidity 41%, wind 9 mph",Las Vegas Raiders,Kansas City Chiefs,Kenny Pickett,LVR,Las Vegas Raiders,away,31,0,QB,3,10.344827586206897,2,2,8,0,0,0,1,0,0,0,0,0,0,1
2025,7,"57 degrees, relative humidity 41%, wind 9 mph",Las Vegas Raiders,Kansas City Chiefs,Michael Mayer,LVR,Las Vegas Raiders,away,31,0,TE,0,0.0,0,0,0,0,0,0,0,0,0,2,1,10,0,0
2025,7,"57 degrees, relative humidity 41%, wind 9 mph",Las Vegas Raiders,Kansas City Chiefs,Raheem Mostert,LVR,Las Vegas Raiders,away,31,0,RB,0,0.0,0,0,0,0,0,0,0,0,0,1,1,2,0,0
2025,7,"57 degrees, relative humidity 41%, wind 9 mph",Las Vegas Raiders,Kansas City Chiefs,Tre Tucker,LVR,Las Vegas Raiders,away,31,0,WR,0,0.0,0,0,0,0,0,0,0,0,0,6,5,33,0,0
2025,7,"65 degrees, relative humidity 85%, wind 17 mph",Miami Dolphins,Cleveland Browns,D'Wayne Eskridge,MIA,Cleveland Browns,home,6,31,WR,0,0.0,0,0,0,0,0,0,0,0,0,2,2,45,0,1
2025,7,"65 degrees, relative humidity 85%, wind 17 mph",Miami Dolphins,Cleveland Browns,De'Von Achane,MIA,Cleveland Browns,home,6,31,RB,13,24.528301886792452,0,0,0,0,0,0,13,82,0,5,3,16,0,0
2025,7,"65 degrees, relative humidity 85%, wind 17 mph",Miami Dolphins,Cleveland Browns,Jaylen Waddle,MIA,Cleveland Browns,home,6,31,WR,0,0.0,0,0,0,0,0,0,0,0,0,4,1,15,0,0
2025,7,"65 degrees, relative humidity 85%, wind 17 mph",Miami Dolphins,Cleveland Browns,Julian Hill,MIA,Cleveland Browns,home,6,31,TE,0,0.0,0,0,0,0,0,0,0,0,0,2,1,1,0,0
2025,7,"65 degrees, relative humidity 85%, wind 17 mph",Miami Dolphins,Cleveland Browns,Malik Washington,MIA,Cleveland Browns,home,6,31,WR,0,0.0,0,0,0,0,0,0,0,0,0,8,5,30,0,0
2025,7,"65 degrees, relative humidity 85%, wind 17 mph",Miami Dolphins,Cleveland Browns,Nick Westbrook-Ikhine,MIA,Cleveland Browns,home,6,31,WR,0,0.0,0,0,0,0,0,0,0,0,0,4,3,16,0,0
2025,7,"65 degrees, relative humidity 85%, wind 17 mph",Miami Dolphins,Cleveland Browns,Ollie Gordon,MIA,Cleveland Browns,home,6,31,RB,5,9.433962264150944,0,0,0,0,0,0,5,11,0,2,1,2,0,0
2025,7,"65 degrees, relative humidity 85%, wind 17 mph",Miami Dolphins,Cleveland Browns,Quinn Ewers,MIA,Cleveland Browns,home,6,31,QB,9,16.9811320754717,5,8,53,0,0,2,1,0,0,0,0,0,0,2
2025,7,"65 degrees, relative humidity 85%, wind 17 mph",Miami Dolphins,Cleveland Browns,Tanner Conner,MIA,Cleveland Browns,home,6,31,TE,0,0.0,0,0,0,0,0,0,0,0,0,3,1,28,0,0
2025,7,"65 degrees, relative humidity 85%, wind 17 mph",Miami Dolphins,Cleveland Browns,Tua Tagovailoa,MIA,Cleveland Browns,home,6,31,QB,26,49.056603773584904,12,23,100,0,3,2,3,6,0,0,0,0,0,3
2025,7,,Minnesota Vikings,Philadelphia Eagles,Adam Thielen,MIN,Philadelphia Eagles,home,28,22,WR,0,0.0,0,0,0,0,0,0,0,0,0,2,1,10,0,0
2025,7,,Minnesota Vikings,Philadelphia Eagles,C.J. Ham,MIN,Philadelphia Eagles,home,28,22,FB,0,0.0,0,0,0,0,0,0,0,0,0,1,1,5,0,0
2025,7,,Minnesota Vikings,Philadelphia Eagles,Carson Wentz,MIN,Philadelphia Eagles,home,28,22,QB,46,70.76923076923077,26,42,313,0,2,2,4,28,0,0,0,0,0,1
2025,7,,Minnesota Vikings,Philadelphia Eagles,Jalen Nailor,MIN,Philadelphia Eagles,home,28,22,WR,0,0.0,0,0,0,0,0,0,0,0,0,4,2,37,0,0
2025,7,,Minnesota Vikings,Philadelphia Eagles,Jordan Addison,MIN,Philadelphia Eagles,home,28,22,WR,0,0.0,0,0,0,0,0,0,0,0,0,12,9,128,0,0
2025,7,,Minnesota Vikings,Philadelphia Eagles,Jordan Mason,MIN,Philadelphia Eagles,home,28,22,RB,15,23.076923076923077,0,0,0,0,0,0,15,57,1,0,0,0,0,0
2025,7,,Minnesota Vikings,Philadelphia Eagles,Josh Oliver,MIN,Philadelphia Eagles,home,28,22,TE,0,0.0,0,0,0,0,0,0,0,0,0,1,1,9,0,0
2025,7,,Minnesota Vikings,Philadelphia Eagles,Justin Jefferson,MIN,Philadelphia Eagles,home,28,22,WR,0,0.0,0,0,0,0,0,0,0,0,0,10,5,79,0,0
2025,7,,Minnesota Vikings,Philadelphia Eagles,T.J. Hockenson,MIN,Philadelphia Eagles,home,28,22,TE,0,0.0,0,0,0,0,0,0,0,0,0,9,6,43,0,0
2025,7,,Minnesota Vikings,Philadelphia Eagles,Zavier Scott,MIN,Philadelphia Eagles,home,28,22,RB,4,6.153846153846154,0,0,0,0,0,0,4,4,0,1,1,2,0,0
2025,7,"49 degrees, relative humidity 87%, wind 8 mph",New Orleans Saints,Chicago Bears,Alvin Kamara,NOR,New Orleans Saints,away,26,14,RB,11,22.448979591836736,0,0,0,0,0,0,11,28,0,3,3,1,0,0
2025,7,"49 degrees, relative humidity 87%, wind 8 mph",New Orleans Saints,Chicago Bears,Brandin Cooks,NOR,New Orleans Saints,away,26,14,WR,0,0.0,0,0,0,0,0,0,0,0,0,1,1,3,0,0
2025,7,"49 degrees, relative humidity 87%, wind 8 mph",New Orleans Saints,Chicago Bears,Chris Olave,NOR,New Orleans Saints,away,26,14,WR,0,0.0,0,0,0,0,0,0,0,0,0,7,5,98,2,0
2025,7,"49 degrees, relative humidity 87%, wind 8 mph",New Orleans Saints,Chicago Bears,Devin Neal,NOR,New Orleans Saints,away,26,14,RB,1,2.0408163265306123,0,0,0,0,0,0,1,1,0,0,0,0,0,0
2025,7,"49 degrees, relative humidity 87%, wind 8 mph",New Orleans Saints,Chicago Bears,Jack Stoll,NOR,New Orleans Saints,away,26,14,TE,0,0.0,0,0,0,0,0,0,0,0,0,1,0,0,0,0
2025,7,"49 degrees, relative humidity 87%, wind 8 mph",New Orleans Saints,Chicago Bears,Juwan Johnson,NOR,New Orleans Saints,away,26,14,TE,0,0.0,0,0,0,0,0,0,0,0,0,7,5,79,0,0
2025,7,"49 degrees, relative humidity 87%, wind 8 mph",New Orleans Saints,Chicago Bears,Kendre Miller,NOR,New Orleans Saints,away,26,14,RB,1,2.0408163265306123,0,0,0,0,0,0,1,7,0,0,0,0,0,0
2025,7,"49 degrees, relative humidity 87%, wind 8 mph",New Orleans Saints,Chicago Bears,Mason Tipton,NOR,New Orleans Saints,away,26,14,WR,0,0.0,0,0,0,0,0,0,0,0,0,1,0,0,0,0
2025,7,"49 degrees, relative humidity 87%, wind 8 mph",New Orleans Saints,Chicago Bears,Rashid Shaheed,NOR,New Orleans Saints,away,26,14,WR,0,0.0,0,0,0,0,0,0,0,0,0,9,4,40,0,0
2025,7,"49 degrees, relative humidity 87%, wind 8 mph",New Orleans Saints,Chicago Bears,Spencer Rattler,NOR,New Orleans Saints,away,26,14,QB,34,69.38775510204081,20,32,233,2,3,4,2,12,0,0,0,0,0,1
2025,7,"49 degrees, relative humidity 87%, wind 8 mph",New Orleans Saints,Chicago Bears,Taysom Hill,NOR,New Orleans Saints,away,26,14,QB,2,4.081632653061225,0,0,0,0,0,0,2,-4,0,2,2,12,0,0
2025,7,"60 degrees, relative humidity 78%, wind 18 mph",Tennessee Titans,New England Patriots,Austin Hooper,NWE,Tennessee Titans,away,13,31,TE,0,0.0,0,0,0,0,0,0,0,0,0,2,2,11,1,0
2025,7,"60 degrees, relative humidity 78%, wind 18 mph",Tennessee Titans,New England Patriots,Demario Douglas,NWE,Tennessee Titans,away,13,31,WR,0,0.0,0,0,0,0,0,0,0,0,0,3,3,17,0,0
2025,7,"60 degrees, relative humidity 78%, wind 18 mph",Tennessee Titans,New England Patriots,Drake Maye,NWE,Tennessee Titans,away,13,31,QB,31,51.66666666666667,21,23,222,2,0,4,8,62,0,0,0,0,0,0
2025,7,"60 degrees, relative humidity 78%, wind 18 mph",Tennessee Titans,New England Patriots,Hunter Henry,NWE,Tennessee Titans,away,13,31,TE,0,0.0,0,0,0,0,0,0,0,0,0,5,4,33,0,0
2025,7,"60 degrees, relative humidity 78%, wind 18 mph",Tennessee Titans,New England Patriots,Joshua Dobbs,NWE,Tennessee Titans,away,13,31,QB,3,5.0,1,1,12,0,0,0,2,-2,0,0,0,0,0,0
2025,7,"60 degrees, relative humidity 78%, wind 18 mph",Tennessee Titans,New England Patriots,Kayshon Boutte,NWE,Tennessee Titans,away,13,31,WR,0,0.0,0,0,0,0,0,0,0,0,0,2,2,55,1,0
2025,7,"60 degrees, relative humidity 78%, wind 18 mph",Tennessee Titans,New England Patriots,Kyle Williams,NWE,Tennessee Titans,away,13,31,WR,0,0.0,0,0,0,0,0,0,0,0,0,1,0,0,0,0
2025,7,"60 degrees, relative humidity 78%, wind 18 mph",Tennessee Titans,New England Patriots,Mack Hollins,NWE,Tennessee Titans,away,13,31,WR,1,1.6666666666666667,0,0,0,0,0,0,1,4,0,2,2,49,0,0
2025,7,"60 degrees, relative humidity 78%, wind 18 mph",Tennessee Titans,New England Patriots,Rhamondre Stevenson,NWE,Tennessee Titans,away,13,31,RB,18,30.0,0,0,0,0,0,0,18,88,1,2,2,0,0,0
2025,7,"60 degrees, relative humidity 78%, wind 18 mph",Tennessee Titans,New England Patriots,Stefon Diggs,NWE,Tennessee Titans,away,13,31,WR,0,0.0,0,0,0,0,0,0,0,0,0,7,7,69,0,0
2025,7,"60 degrees, relative humidity 78%, wind 18 mph",Tennessee Titans,New England Patriots,Terrell Jennings,NWE,Tennessee Titans,away,13,31,RB,5,8.333333333333332,0,0,0,0,0,0,5,18,0,0,0,0,0,0
2025,7,"60 degrees, relative humidity 78%, wind 18 mph",Tennessee Titans,New England Patriots,TreVeyon Henderson,NWE,Tennessee Titans,away,13,31,RB,2,3.3333333333333335,0,0,0,0,0,0,2,5,0,0,0,0,0,0
2025,7,"72 degrees, relative humidity 17%, wind 3 mph",New York Giants,Denver Broncos,Beaux Collins,NYG,Denver Broncos,home,32,33,WR,0,0.0,0,0,0,0,0,0,0,0,0,1,0,0,0,0
2025,7,"72 degrees, relative humidity 17%, wind 3 mph",New York Giants,Denver Broncos,Cam Skattebo,NYG,Denver Broncos,home,32,33,RB,16,24.615384615384617,0,0,0,0,0,0,16,60,0,6,3,34,1,0
2025,7,"72 degrees, relative humidity 17%, wind 3 mph",New York Giants,Denver Broncos,Daniel Bellinger,NYG,Denver Broncos,home,32,33,TE,0,0.0,0,0,0,0,0,0,0,0,0,4,3,88,1,0
2025,7,"72 degrees, relative humidity 17%, wind 3 mph",New York Giants,Denver Broncos,Devin Singletary,NYG,Denver Broncos,home,32,33,RB,2,3.076923076923077,0,0,0,0,0,0,2,2,0,0,0,0,0,0
2025,7,"72 degrees, relative humidity 17%, wind 3 mph",New York Giants,Denver Broncos,Jalin Hyatt,NYG,Denver Broncos,home,32,33,WR,0,0.0,0,0,0,0,0,0,0,0,0,1,0,0,0,0
2025,7,"72 degrees, relative humidity 17%, wind 3 mph",New York Giants,Denver Broncos,Jaxson Dart,NYG,Denver Broncos,home,32,33,QB,38,58.46153846153847,15,33,283,3,1,4,5,11,1,0,0,0,0,0
2025,7,"72 degrees, relative humidity 17%, wind 3 mph",New York Giants,Denver Broncos,Lil'Jordan Humphrey,NYG,Denver Broncos,home,32,33,WR,0,0.0,0,0,0,0,0,0,0,0,0,2,0,0,0,0
2025,7,"72 degrees, relative humidity 17%, wind 3 mph",New York Giants,Denver Broncos,Theo Johnson,NYG,Denver Broncos,home,32,33,TE,0,0.0,0,0,0,0,0,0,0,0,0,7,3,66,1,0
2025,7,"72 degrees, relative humidity 17%, wind 3 mph",New York Giants,Denver Broncos,Tyrone Tracy Jr.,NYG,Denver Broncos,home,32,33,RB,9,13.846153846153847,0,0,0,0,0,0,9,46,1,0,0,0,0,0
2025,7,"72 degrees, relative humidity 17%, wind 3 mph",New York Giants,Denver Broncos,Wan'Dale Robinson,NYG,Denver Broncos,home,32,33,WR,0,0.0,0,0,0,0,0,0,0,0,0,12,6,95,0,0
2025,7,"71 degrees, relative humidity 70%, wind 13 mph",New York Jets,Carolina Panthers,Allen Lazard,NYJ,Carolina Panthers,home,13,6,WR,0,0.0,0,0,0,0,0,0,0,0,0,3,2,16,0,0
2025,7,"71 degrees, relative humidity 70%, wind 13 mph",New York Jets,Carolina Panthers,Arian Smith,NYJ,Carolina Panthers,home,13,6,WR,0,0.0,0,0,0,0,0,0,0,0,0,3,1,0,0,0
2025,7,"71 degrees, relative humidity 70%, wind 13 mph",New York Jets,Carolina Panthers,Breece Hall,NYJ,Carolina Panthers,home,13,6,RB,11,20.37037037037037,0,0,0,0,0,0,11,38,0,3,2,14,0,0
2025,7,"71 degrees, relative humidity 70%, wind 13 mph",New York Jets,Carolina Panthers,Isaiah Davis,NYJ,Carolina Panthers,home,13,6,RB,2,3.7037037037037033,0,0,0,0,0,0,2,10,0,4,2,22,0,0
2025,7,"71 degrees, relative humidity 70%, wind 13 mph",New York Jets,Carolina Panthers,Jeremy Ruckert,NYJ,Carolina Panthers,home,13,6,TE,0,0.0,0,0,0,0,0,0,0,0,0,1,0,0,0,0
2025,7,"71 degrees, relative humidity 70%, wind 13 mph",New York Jets,Carolina Panthers,Josh Reynolds,NYJ,Carolina Panthers,home,13,6,WR,0,0.0,0,0,0,0,0,0,0,0,0,9,3,29,0,0
2025,7,"71 degrees, relative humidity 70%, wind 13 mph",New York Jets,Carolina Panthers,Justin Fields,NYJ,Carolina Panthers,home,13,6,QB,16,29.629629629629626,6,12,46,0,0,3,4,22,0,0,0,0,0,0
2025,7,"71 degrees, relative humidity 70%, wind 13 mph",New York Jets,Carolina Panthers,Mason Taylor,NYJ,Carolina Panthers,home,13,6,TE,0,0.0,0,0,0,0,0,0,0,0,0,5,3,31,0,0
2025,7,"71 degrees, relative humidity 70%, wind 13 mph",New York Jets,Carolina Panthers,Tyler Johnson,NYJ,Carolina Panthers,home,13,6,WR,0,0.0,0,0,0,0,0,0,0,0,0,3,3,60,0,0
2025,7,"71 degrees, relative humidity 70%, wind 13 mph",New York Jets,Carolina Panthers,Tyrod Taylor,NYJ,Carolina Panthers,home,13,6,QB,25,46.2962962962963,10,22,126,0,2,3,3,11,0,0,0,0,0,0
2025,7,,Minnesota Vikings,Philadelphia Eagles,A.J. Brown,PHI,Minnesota Vikings,away,22,28,WR,0,0.0,0,0,0,0,0,0,0,0,0,6,4,121,2,0
2025,7,,Minnesota Vikings,Philadelphia Eagles,Dallas Goedert,PHI,Minnesota Vikings,away,22,28,TE,0,0.0,0,0,0,0,0,0,0,0,0,3,3,18,0,0
2025,7,,Minnesota Vikings,Philadelphia Eagles,DeVonta Smith,PHI,Minnesota Vikings,away,22,28,WR,0,0.0,0,0,0,0,0,0,0,0,0,11,9,183,1,0
2025,7,,Minnesota Vikings,Philadelphia Eagles,Jalen Hurts,PHI,Minnesota Vikings,away,22,28,QB,27,58.69565217391305,19,23,326,3,0,3,4,-10,0,0,0,0,0,0
2025,7,,Minnesota Vikings,Philadelphia Eagles,Saquon Barkley,PHI,Minnesota Vikings,away,22,28,RB,18,39.130434782608695,0,0,0,0,0,0,18,44,0,1,1,-2,0,0
2025,7,,Minnesota Vikings,Philadelphia Eagles,Tank Bigsby,PHI,Minnesota Vikings,away,22,28,RB,1,2.1739130434782608,0,0,0,0,0,0,1,11,0,1,1,-1,0,0
2025,7,,Minnesota Vikings,Philadelphia Eagles,Will Shipley,PHI,Minnesota Vikings,away,22,28,RB,0,0.0,0,0,0,0,0,0,0,0,0,1,1,7,0,0
2025,7,"60 degrees, relative humidity 74%, wind 5 mph",Pittsburgh Steelers,Cincinnati Bengals,Aaron Rodgers,PIT,Cincinnati Bengals,home,31,33,QB,35,64.81481481481481,23,34,249,4,2,0,1,6,0,0,0,0,0,0
2025,7,"60 degrees, relative humidity 74%, wind 5 mph",Pittsburgh Steelers,Cincinnati Bengals,Connor Heyward,PIT,Cincinnati Bengals,home,31,33,TE,0,0.0,0,0,0,0,0,0,0,0,0,1,0,0,0,0
2025,7,"60 degrees, relative humidity 74%, wind 5 mph",Pittsburgh Steelers,Cincinnati Bengals,D.K. Metcalf,PIT,Cincinnati Bengals,home,31,33,WR,0,0.0,0,0,0,0,0,0,0,0,0,5,3,50,0,0
2025,7,"60 degrees, relative humidity 74%, wind 5 mph",Pittsburgh Steelers,Cincinnati Bengals,Darnell Washington,PIT,Cincinnati Bengals,home,31,33,TE,0,0.0,0,0,0,0,0,0,0,0,0,5,3,2,1,0
2025,7,"60 degrees, relative humidity 74%, wind 5 mph",Pittsburgh Steelers,Cincinnati Bengals,Jaylen Warren,PIT,Cincinnati Bengals,home,31,33,RB,16,29.629629629629626,0,0,0,0,0,0,16,127,0,5,4,31,0,0
2025,7,"60 degrees, relative humidity 74%, wind 5 mph",Pittsburgh Steelers,Cincinnati Bengals,Jonnu Smith,PIT,Cincinnati Bengals,home,31,33,TE,0,0.0,0,0,0,0,0,0,0,0,0,6,3,28,1,0
2025,7,"60 degrees, relative humidity 74%, wind 5 mph",Pittsburgh Steelers,Cincinnati Bengals,Kenneth Gainwell,PIT,Cincinnati Bengals,home,31,33,RB,3,5.555555555555555,0,0,0,0,0,0,3,14,0,2,2,1,0,0
2025,7,"60 degrees, relative humidity 74%, wind 5 mph",Pittsburgh Steelers,Cincinnati Bengals,Pat Freiermuth,PIT,Cincinnati Bengals,home,31,33,TE,0,0.0,0,0,0,0,0,0,0,0,0,6,5,111,2,0
2025,7,"60 degrees, relative humidity 74%, wind 5 mph",Pittsburgh Steelers,Cincinnati Bengals,Roman Wilson,PIT,Cincinnati Bengals,home,31,33,WR,0,0.0,0,0,0,0,0,0,0,0,0,2,2,17,0,0
2025,7,"60 degrees, relative humidity 74%, wind 5 mph",Pittsburgh Steelers,Cincinnati Bengals,Scott Miller,PIT,Cincinnati Bengals,home,31,33,WR,0,0.0,0,0,0,0,0,0,0,0,0,1,1,9,0,0
2025,7,"56 degrees, relative humidity 54%, wind 5 mph",Houston Texans,Seattle Seahawks,AJ Barner,SEA,Houston Texans,away,27,19,TE,1,1.5384615384615385,0,0,0,0,0,0,1,2,0,3,1,7,0,0
2025,7,"56 degrees, relative humidity 54%, wind 5 mph",Houston Texans,Seattle Seahawks,Cooper Kupp,SEA,Houston Texans,away,27,19,WR,1,1.5384615384615385,0,1,0,0,1,0,0,0,0,1,1,32,0,0
2025,7,"56 degrees, relative humidity 54%, wind 5 mph",Houston Texans,Seattle Seahawks,Elijah Arroyo,SEA,Houston Texans,away,27,19,TE,0,0.0,0,0,0,0,0,0,0,0,0,5,4,42,0,1
2025,7,"56 degrees, relative humidity 54%, wind 5 mph",Houston Texans,Seattle Seahawks,Jake Bobo,SEA,Houston Texans,away,27,19,WR,0,0.0,0,0,0,0,0,0,0,0,0,1,1,3,0,0
2025,7,"56 degrees, relative humidity 54%, wind 5 mph",Houston Texans,Seattle Seahawks,Jaxon Smith-Njigba,SEA,Houston Texans,away,27,19,WR,0,0.0,0,0,0,0,0,0,0,0,0,14,8,123,1,0
2025,7,"56 degrees, relative humidity 54%, wind 5 mph",Houston Texans,Seattle Seahawks,Kenneth Walker,SEA,Houston Texans,away,27,19,UNK,17,26.153846153846157,0,0,0,0,0,0,17,66,0,0,0,0,0,0
2025,7,"56 degrees, relative humidity 54%, wind 5 mph",Houston Texans,Seattle Seahawks,Sam Darnold,SEA,Houston Texans,away,27,19,QB,34,52.307692307692314,17,31,213,1,1,2,3,1,0,0,0,0,0,1
2025,7,"56 degrees, relative humidity 54%, wind 5 mph",Houston Texans,Seattle Seahawks,Tory Horton,SEA,Houston Texans,away,27,19,WR,0,0.0,0,0,0,0,0,0,0,0,0,3,0,0,0,0
2025,7,"56 degrees, relative humidity 54%, wind 5 mph",Houston Texans,Seattle Seahawks,Zach Charbonnet,SEA,Houston Texans,away,27,19,RB,12,18.461538461538463,0,0,0,0,0,0,12,49,2,2,2,6,0,0
2025,7,"74 degrees, relative humidity 49%, wind 5 mph",Atlanta Falcons,San Francisco 49ers,Brian Robinson Jr.,SFO,Atlanta Falcons,away,20,10,RB,9,13.846153846153847,0,0,0,0,0,0,9,36,0,0,0,0,0,0
2025,7,"74 degrees, relative humidity 49%, wind 5 mph",Atlanta Falcons,San Francisco 49ers,Christian McCaffrey,SFO,Atlanta Falcons,away,20,10,RB,24,36.92307692307693,0,0,0,0,0,0,24,129,2,8,7,72,0,0
2025,7,"74 degrees, relative humidity 49%, wind 5 mph",Atlanta Falcons,San Francisco 49ers,Connor Colby,SFO,Atlanta Falcons,away,20,10,OL,0,0.0,0,0,0,0,0,0,0,0,0,1,1,-1,0,0
2025,7,"74 degrees, relative humidity 49%, wind 5 mph",Atlanta Falcons,San Francisco 49ers,Demarcus Robinson,SFO,Atlanta Falcons,away,20,10,WR,0,0.0,0,0,0,0,0,0,0,0,0,1,0,0,0,0
2025,7,"74 degrees, relative humidity 49%, wind 5 mph",Atlanta Falcons,San Francisco 49ers,George Kittle,SFO,Atlanta Falcons,away,20,10,TE,0,0.0,0,0,0,0,0,0,0,0,0,2,0,0,0,0
2025,7,"74 degrees, relative humidity 49%, wind 5 mph",Atlanta Falcons,San Francisco 49ers,Jauan Jennings,SFO,Atlanta Falcons,away,20,10,WR,0,0.0,0,0,0,0,0,0,0,0,0,7,4,31,0,0
2025,7,"74 degrees, relative humidity 49%, wind 5 mph",Atlanta Falcons,San Francisco 49ers,Kendrick Bourne,SFO,Atlanta Falcons,away,20,10,WR,0,0.0,0,0,0,0,0,0,0,0,0,2,2,14,0,0
2025,7,"74 degrees, relative humidity 49%, wind 5 mph",Atlanta Falcons,San Francisco 49ers,Kyle Juszczyk,SFO,Atlanta Falcons,away,20,10,FB,1,1.5384615384615385,0,0,0,0,0,0,1,-2,0,1,1,10,0,0
2025,7,"74 degrees, relative humidity 49%, wind 5 mph",Atlanta Falcons,San Francisco 49ers,Luke Farrell,SFO,Atlanta Falcons,away,20,10,TE,0,0.0,0,0,0,0,0,0,0,0,0,1,1,11,0,0
2025,7,"74 degrees, relative humidity 49%, wind 5 mph",Atlanta Falcons,San Francisco 49ers,Mac Jones,SFO,Atlanta Falcons,away,20,10,QB,31,47.69230769230769,17,26,152,0,1,1,5,11,0,0,0,0,0,0
2025,7,"74 degrees, relative humidity 49%, wind 5 mph",Atlanta Falcons,San Francisco 49ers,Skyy Moore,SFO,Atlanta Falcons,away,20,10,WR,0,0.0,0,0,0,0,0,0,0,0,0,1,1,15,0,0
2025,7,,Tampa Bay Buccaneers,Detroit Lions,Baker Mayfield,TAM,Tampa Bay Buccaneers,away,24,9,QB,50,80.64516129032258,28,50,228,1,1,4,0,0,0,0,0,0,0,1
2025,7,,Tampa Bay Buccaneers,Detroit Lions,Cade Otton,TAM,Tampa Bay Buccaneers,away,24,9,TE,0,0.0,0,0,0,0,0,0,0,0,0,9,7,65,0,0
2025,7,,Tampa Bay Buccaneers,Detroit Lions,Emeka Egbuka,TAM,Tampa Bay Buccaneers,away,24,9,WR,0,0.0,0,0,0,0,0,0,0,0,0,12,4,58,0,0
2025,7,,Tampa Bay Buccaneers,Detroit Lions,Kameron Johnson,TAM,Tampa Bay Buccaneers,away,24,9,WR,0,0.0,0,0,0,0,0,0,0,0,0,1,0,0,0,0
2025,7,,Tampa Bay Buccaneers,Detroit Lions,Mike Evans,TAM,Tampa Bay Buccaneers,away,24,9,WR,0,0.0,0,0,0,0,0,0,0,0,0,4,0,0,0,0
2025,7,,Tampa Bay Buccaneers,Detroit Lions,Rachaad White,TAM,Tampa Bay Buccaneers,away,24,9,RB,10,16.129032258064516,0,0,0,0,0,0,10,38,0,6,4,6,0,0
2025,7,,Tampa Bay Buccaneers,Detroit Lions,Ryan Miller,TAM,Tampa Bay Buccaneers,away,24,9,WR,0,0.0,0,0,0,0,0,0,0,0,0,1,1,14,0,0
2025,7,,Tampa Bay Buccaneers,Detroit Lions,Sean Tucker,TAM,Tampa Bay Buccaneers,away,24,9,RB,1,1.6129032258064515,0,0,0,0,0,0,1,4,0,1,1,2,0,0
2025,7,,Tampa Bay Buccaneers,Detroit Lions,Sterling Shepard,TAM,Tampa Bay Buccaneers,away,24,9,WR,0,0.0,0,0,0,0,0,0,0,0,0,7,7,25,0,1
2025,7,,Tampa Bay Buccaneers,Detroit Lions,Teddy Bridgewater,TAM,Tampa Bay Buccaneers,away,24,9,QB,1,1.6129032258064515,0,0,0,0,0,0,1,-1,0,0,0,0,0,0
2025,7,,Tampa Bay Buccaneers,Detroit Lions,Tez Johnson,TAM,Tampa Bay Buccaneers,away,24,9,WR,0,0.0,0,0,0,0,0,0,0,0,0,9,4,58,1,0
2025,7,"60 degrees, relative humidity 78%, wind 18 mph",Tennessee Titans,New England Patriots,Cam Ward,TEN,New England Patriots,home,31,13,QB,34,73.91304347826086,25,34,255,1,1,5,0,0,0,0,0,0,0,1
2025,7,"60 degrees, relative humidity 78%, wind 18 mph",Tennessee Titans,New England Patriots,Chigoziem Okonkwo,TEN,New England Patriots,home,31,13,TE,0,0.0,0,0,0,0,0,0,0,0,0,2,0,0,0,0
2025,7,"60 degrees, relative humidity 78%, wind 18 mph",Tennessee Titans,New England Patriots,Chimere Dike,TEN,New England Patriots,home,31,13,WR,1,2.1739130434782608,0,0,0,0,0,0,1,-1,0,4,4,70,1,0
2025,7,"60 degrees, relative humidity 78%, wind 18 mph",Tennessee Titans,New England Patriots,Elic Ayomanor,TEN,New England Patriots,home,31,13,WR,0,0.0,0,0,0,0,0,0,0,0,0,5,2,29,0,0
2025,7,"60 degrees, relative humidity 78%, wind 18 mph",Tennessee Titans,New England Patriots,Gunnar Helm,TEN,New England Patriots,home,31,13,TE,0,0.0,0,0,0,0,0,0,0,0,0,5,4,36,0,0
2025,7,"60 degrees, relative humidity 78%, wind 18 mph",Tennessee Titans,New England Patriots,Tony Pollard,TEN,New England Patriots,home,31,13,RB,6,13.043478260869565,0,0,0,0,0,0,6,18,0,6,6,43,0,0
2025,7,"60 degrees, relative humidity 78%, wind 18 mph",Tennessee Titans,New England Patriots,Tyjae Spears,TEN,New England Patriots,home,31,13,RB,5,10.869565217391305,0,0,0,0,0,0,5,22,0,4,3,18,0,0
2025,7,"60 degrees, relative humidity 78%, wind 18 mph",Tennessee Titans,New England Patriots,Tyler Lockett,TEN,New England Patriots,home,31,13,WR,0,0.0,0,0,0,0,0,0,0,0,0,2,2,18,0,0
2025,7,"60 degrees, relative humidity 78%, wind 18 mph",Tennessee Titans,New England Patriots,Van Jefferson,TEN,New England Patriots,home,31,13,WR,0,0.0,0,0,0,0,0,0,0,0,0,4,4,41,0,0
2025,7,,Washington Commanders,Dallas Cowboys,Chris Moore,WAS,Dallas Cowboys,home,22,44,WR,0,0.0,0,0,0,0,0,0,0,0,0,5,2,59,0,0
2025,7,,Washington Commanders,Dallas Cowboys,Chris Rodriguez,WAS,Dallas Cowboys,home,22,44,RB,3,5.0,0,0,0,0,0,0,3,12,1,0,0,0,0,0
2025,7,,Washington Commanders,Dallas Cowboys,Jacory Croskey-Merritt,WAS,Dallas Cowboys,home,22,44,RB,13,21.666666666666668,0,0,0,0,0,0,13,33,0,2,1,-1,0,0
2025,7,,Washington Commanders,Dallas Cowboys,Jayden Daniels,WAS,Dallas Cowboys,home,22,44,QB,30,50.0,12,22,156,1,0,2,8,35,1,0,0,0,0,1
2025,7,,Washington Commanders,Dallas Cowboys,Jaylin Lane,WAS,Dallas Cowboys,home,22,44,WR,0,0.0,0,0,0,0,0,0,0,0,0,6,3,60,0,0
2025,7,,Washington Commanders,Dallas Cowboys,Jeremy McNichols,WAS,Dallas Cowboys,home,22,44,RB,2,3.3333333333333335,0,0,0,0,0,0,2,22,0,3,2,23,0,0
2025,7,,Washington Commanders,Dallas Cowboys,John Bates,WAS,Dallas Cowboys,home,22,44,TE,0,0.0,0,0,0,0,0,0,0,0,0,2,1,5,0,0
2025,7,,Washington Commanders,Dallas Cowboys,Luke McCaffrey,WAS,Dallas Cowboys,home,22,44,WR,0,0.0,0,0,0,0,0,0,0,0,0,2,0,0,0,0
2025,7,,Washington Commanders,Dallas Cowboys,Marcus Mariota,WAS,Dallas Cowboys,home,22,44,QB,12,20.0,4,10,63,0,1,2,2,34,0,0,0,0,0,0
2025,7,,Washington Commanders,Dallas Cowboys,Robbie Chosen,WAS,Dallas Cowboys,home,22,44,WR,0,0.0,0,0,0,0,0,0,0,0,0,4,4,36,0,0
2025,7,,Washington Commanders,Dallas Cowboys,Zach Ertz,WAS,Dallas Cowboys,home,22,44,TE,0,0.0,0,0,0,0,0,0,0,0,0,7,3,37,1,0
2025,8,,Atlanta Falcons,Miami Dolphins,Bijan Robinson,ATL,Miami Dolphins,home,34,10,RB,9,18.75,0,0,0,0,0,0,9,25,0,3,3,23,0,1
2025,8,,Atlanta Falcons,Miami Dolphins,Casey Washington,ATL,Miami Dolphins,home,34,10,WR,0,0.0,0,0,0,0,0,0,0,0,0,1,1,25,0,0
2025,8,,Atlanta Falcons,Miami Dolphins,Darnell Mooney,ATL,Miami Dolphins,home,34,10,WR,0,0.0,0,0,0,0,0,0,0,0,0,4,1,11,0,0
2025,8,,Atlanta Falcons,Miami Dolphins,David Sills,ATL,Miami Dolphins,home,34,10,UNK,0,0.0,0,0,0,0,0,0,0,0,0,3,2,14,0,0
2025,8,,Atlanta Falcons,Miami Dolphins,KhaDarel Hodge,ATL,Miami Dolphins,home,34,10,WR,0,0.0,0,0,0,0,0,0,0,0,0,8,3,31,0,0
2025,8,,Atlanta Falcons,Miami Dolphins,Kirk Cousins,ATL,Miami Dolphins,home,34,10,QB,33,68.75,21,31,173,0,0,1,2,2,0,0,0,0,0,0
2025,8,,Atlanta Falcons,Miami Dolphins,Kyle Pitts,ATL,Miami Dolphins,home,34,10,TE,0,0.0,0,0,0,0,0,0,0,0,0,9,9,59,0,0
2025,8,,Atlanta Falcons,Miami Dolphins,Nathan Carter,ATL,Miami Dolphins,home,34,10,RB,2,4.166666666666666,0,0,0,0,0,0,2,14,0,0,0,0,0,0
2025,8,,Atlanta Falcons,Miami Dolphins,Tyler Allgeier,ATL,Miami Dolphins,home,34,10,RB,4,8.333333333333332,0,0,0,0,0,0,4,4,1,2,2,10,0,0
2025,8,"60 degrees, relative humidity 38%, wind 2 mph",Chicago Bears,Baltimore Ravens,Charlie Kolar,BAL,Chicago Bears,away,30,16,TE,0,0.0,0,0,0,0,0,0,0,0,0,1,1,10,1,0
2025,8,"60 degrees, relative humidity 38%, wind 2 mph",Chicago Bears,Baltimore Ravens,DeAndre Hopkins,BAL,Chicago Bears,away,30,16,WR,0,0.0,0,0,0,0,0,0,0,0,0,1,1,14,0,0
2025,8,"60 degrees, relative humidity 38%, wind 2 mph",Chicago Bears,Baltimore Ravens,Derrick Henry,BAL,Chicago Bears,away,30,16,RB,21,36.84210526315789,0,0,0,0,0,0,21,71,2,1,0,0,0,0
2025,8,"60 degrees, relative humidity 38%, wind 2 mph",Chicago Bears,Baltimore Ravens,Isaiah Likely,BAL,Chicago Bears,away,30,16,TE,0,0.0,0,0,0,0,0,0,0,0,0,2,2,8,0,0
2025,8,"60 degrees, relative humidity 38%, wind 2 mph",Chicago Bears,Baltimore Ravens,Justice Hill,BAL,Chicago Bears,away,30,16,RB,1,1.7543859649122806,0,0,0,0,0,0,1,2,0,0,0,0,0,0
2025,8,"60 degrees, relative humidity 38%, wind 2 mph",Chicago Bears,Baltimore Ravens,Keaton Mitchell,BAL,Chicago Bears,away,30,16,RB,4,7.017543859649122,0,0,0,0,0,0,4,43,0,0,0,0,0,0
2025,8,"60 degrees, relative humidity 38%, wind 2 mph",Chicago Bears,Baltimore Ravens,Mark Andrews,BAL,Chicago Bears,away,30,16,TE,0,0.0,0,0,0,0,0,0,0,0,0,3,3,34,0,1
2025,8,"60 degrees, relative humidity 38%, wind 2 mph",Chicago Bears,Baltimore Ravens,Rashod Bateman,BAL,Chicago Bears,away,30,16,WR,0,0.0,0,0,0,0,0,0,0,0,0,4,2,51,0,0
2025,8,"60 degrees, relative humidity 38%, wind 2 mph",Chicago Bears,Baltimore Ravens,Tylan Wallace,BAL,Chicago Bears,away,30,16,WR,0,0.0,0,0,0,0,0,0,0,0,0,1,1,6,0,0
2025,8,"60 degrees, relative humidity 38%, wind 2 mph",Chicago Bears,Baltimore Ravens,Tyler Huntley,BAL,Chicago Bears,away,30,16,QB,30,52.63157894736842,17,22,186,1,0,2,8,53,0,0,0,0,0,0
2025,8,"60 degrees, relative humidity 38%, wind 2 mph",Chicago Bears,Baltimore Ravens,Zay Flowers,BAL,Chicago Bears,away,30,16,WR,1,1.7543859649122806,0,0,0,0,0,0,1,8,0,9,7,63,0,0
2025,8,"63 degrees, relative humidity 36%, wind 9 mph",Carolina Panthers,Buffalo Bills,Dalton Kincaid,BUF,Carolina Panthers,away,9,40,TE,0,0.0,0,0,0,0,0,0,0,0,0,3,1,23,0,0
2025,8,"63 degrees, relative humidity 36%, wind 9 mph",Carolina Panthers,Buffalo Bills,Dawson Knox,BUF,Carolina Panthers,away,9,40,TE,0,0.0,0,0,0,0,0,0,0,0,0,1,1,15,0,0
2025,8,"63 degrees, relative humidity 36%, wind 9 mph",Carolina Panthers,Buffalo Bills,Elijah Moore,BUF,Carolina Panthers,away,9,40,WR,0,0.0,0,0,0,0,0,0,0,0,0,4,1,14,0,0
2025,8,"63 degrees, relative humidity 36%, wind 9 mph",Carolina Panthers,Buffalo Bills,Jackson Hawes,BUF,Carolina Panthers,away,9,40,TE,0,0.0,0,0,0,0,0,0,0,0,0,3,2,15,0,0
2025,8,"63 degrees, relative humidity 36%, wind 9 mph",Carolina Panthers,Buffalo Bills,James Cook,BUF,Carolina Panthers,away,9,40,RB,19,32.758620689655174,0,0,0,0,0,0,19,216,2,0,0,0,0,0
2025,8,"63 degrees, relative humidity 36%, wind 9 mph",Carolina Panthers,Buffalo Bills,Josh Allen,BUF,Carolina Panthers,away,9,40,QB,22,37.93103448275862,12,19,163,1,0,2,3,7,2,0,0,0,0,0
2025,8,"63 degrees, relative humidity 36%, wind 9 mph",Carolina Panthers,Buffalo Bills,Keon Coleman,BUF,Carolina Panthers,away,9,40,WR,0,0.0,0,0,0,0,0,0,0,0,0,4,3,30,0,0
2025,8,"63 degrees, relative humidity 36%, wind 9 mph",Carolina Panthers,Buffalo Bills,Khalil Shakir,BUF,Carolina Panthers,away,9,40,WR,0,0.0,0,0,0,0,0,0,0,0,0,7,6,88,1,0
2025,8,"63 degrees, relative humidity 36%, wind 9 mph",Carolina Panthers,Buffalo Bills,Mitchell Trubisky,BUF,Carolina Panthers,away,9,40,QB,4,6.896551724137931,2,4,22,0,0,0,0,0,0,0,0,0,0,0
2025,8,"63 degrees, relative humidity 36%, wind 9 mph",Carolina Panthers,Buffalo Bills,Ray Davis,BUF,Carolina Panthers,away,9,40,RB,9,15.517241379310345,0,0,0,0,0,0,9,16,0,1,0,0,0,0
2025,8,"63 degrees, relative humidity 36%, wind 9 mph",Carolina Panthers,Buffalo Bills,Ty Johnson,BUF,Carolina Panthers,away,9,40,RB,4,6.896551724137931,0,0,0,0,0,0,4,6,0,0,0,0,0,0
2025,8,"63 degrees, relative humidity 36%, wind 9 mph",Carolina Panthers,Buffalo Bills,Andy Dalton,CAR,Buffalo Bills,home,40,9,QB,26,50.0,16,24,175,0,1,7,2,1,0,0,0,0,0,2
2025,8,"63 degrees, relative humidity 36%, wind 9 mph",Carolina Panthers,Buffalo Bills,Chuba Hubbard,CAR,Buffalo Bills,home,40,9,RB,12,23.076923076923077,0,0,0,0,0,0,12,34,1,1,0,0,0,0
2025,8,"63 degrees, relative humidity 36%, wind 9 mph",Carolina Panthers,Buffalo Bills,Ja'Tavion Sanders,CAR,Buffalo Bills,home,40,9,TE,0,0.0,0,0,0,0,0,0,0,0,0,3,3,19,0,0
2025,8,"63 degrees, relative humidity 36%, wind 9 mph",Carolina Panthers,Buffalo Bills,Jalen Coker,CAR,Buffalo Bills,home,40,9,WR,0,0.0,0,0,0,0,0,0,0,0,0,4,3,36,0,0
2025,8,"63 degrees, relative humidity 36%, wind 9 mph",Carolina Panthers,Buffalo Bills,Jimmy Horn,CAR,Buffalo Bills,home,40,9,WR,2,3.8461538461538463,0,0,0,0,0,0,2,9,0,1,0,0,0,0
2025,8,"63 degrees, relative humidity 36%, wind 9 mph",Carolina Panthers,Buffalo Bills,Rico Dowdle,CAR,Buffalo Bills,home,40,9,RB,8,15.384615384615385,0,0,0,0,0,0,8,54,0,0,0,0,0,0
2025,8,"63 degrees, relative humidity 36%, wind 9 mph",Carolina Panthers,Buffalo Bills,Tetairoa McMillan,CAR,Buffalo Bills,home,40,9,WR,0,0.0,0,0,0,0,0,0,0,0,0,10,7,99,0,0
2025,8,"63 degrees, relative humidity 36%, wind 9 mph",Carolina Panthers,Buffalo Bills,Tommy Tremble,CAR,Buffalo Bills,home,40,9,TE,0,0.0,0,0,0,0,0,0,0,0,0,1,1,4,0,0
2025,8,"63 degrees, relative humidity 36%, wind 9 mph",Carolina Panthers,Buffalo Bills,Trevor Etienne,CAR,Buffalo Bills,home,40,9,RB,4,7.6923076923076925,0,0,0,0,0,0,4,16,0,0,0,0,0,0
2025,8,"63 degrees, relative humidity 36%, wind 9 mph",Carolina Panthers,Buffalo Bills,Xavier Legette,CAR,Buffalo Bills,home,40,9,WR,0,0.0,0,0,0,0,0,0,0,0,0,3,2,17,0,0
2025,8,"60 degrees, relative humidity 38%, wind 2 mph",Chicago Bears,Baltimore Ravens,Caleb Williams,CHI,Baltimore Ravens,home,16,30,QB,41,67.21311475409836,25,38,285,0,1,1,3,24,0,0,0,0,0,0
2025,8,"60 degrees, relative humidity 38%, wind 2 mph",Chicago Bears,Baltimore Ravens,Colston Loveland,CHI,Baltimore Ravens,home,16,30,TE,0,0.0,0,0,0,0,0,0,0,0,0,5,3,38,0,0
2025,8,"60 degrees, relative humidity 38%, wind 2 mph",Chicago Bears,Baltimore Ravens,D'Andre Swift,CHI,Baltimore Ravens,home,16,30,RB,11,18.0327868852459,0,0,0,0,0,0,11,45,1,2,2,26,0,0
2025,8,"60 degrees, relative humidity 38%, wind 2 mph",Chicago Bears,Baltimore Ravens,D.J. Moore,CHI,Baltimore Ravens,home,16,30,WR,2,3.278688524590164,0,0,0,0,0,0,2,3,0,7,4,73,0,0
2025,8,"60 degrees, relative humidity 38%, wind 2 mph",Chicago Bears,Baltimore Ravens,Devin Duvernay,CHI,Baltimore Ravens,home,16,30,WR,0,0.0,0,0,0,0,0,0,0,0,0,3,1,2,0,0
2025,8,"60 degrees, relative humidity 38%, wind 2 mph",Chicago Bears,Baltimore Ravens,Kyle Monangai,CHI,Baltimore Ravens,home,16,30,RB,7,11.475409836065573,0,0,0,0,0,0,7,24,0,0,0,0,0,0
2025,8,"60 degrees, relative humidity 38%, wind 2 mph",Chicago Bears,Baltimore Ravens,Luther Burden,CHI,Baltimore Ravens,home,16,30,WR,0,0.0,0,0,0,0,0,0,0,0,0,1,1,-1,0,0
2025,8,"60 degrees, relative humidity 38%, wind 2 mph",Chicago Bears,Baltimore Ravens,Olamide Zaccheaus,CHI,Baltimore Ravens,home,16,30,WR,0,0.0,0,0,0,0,0,0,0,0,0,7,7,33,0,0
2025,8,"60 degrees, relative humidity 38%, wind 2 mph",Chicago Bears,Baltimore Ravens,Rome Odunze,CHI,Baltimore Ravens,home,16,30,WR,0,0.0,0,0,0,0,0,0,0,0,0,10,7,114,0,0
2025,8,"57 degrees, relative humidity 48%, wind 8 mph",Cincinnati Bengals,New York Jets,Andrei Iosivas,CIN,New York Jets,home,39,38,WR,0,0.0,0,0,0,0,0,0,0,0,0,3,0,0,0,0
2025,8,"57 degrees, relative humidity 48%, wind 8 mph",Cincinnati Bengals,New York Jets,Chase Brown,CIN,New York Jets,home,39,38,HB,12,21.052631578947366,0,0,0,0,0,0,12,73,1,3,3,32,1,0
2025,8,"57 degrees, relative humidity 48%, wind 8 mph",Cincinnati Bengals,New York Jets,Ja'Marr Chase,CIN,New York Jets,home,39,38,WR,0,0.0,0,0,0,0,0,0,0,0,0,19,12,91,0,0
2025,8,"57 degrees, relative humidity 48%, wind 8 mph",Cincinnati Bengals,New York Jets,Joe Flacco,CIN,New York Jets,home,39,38,QB,36,63.1578947368421,21,34,223,2,0,1,2,14,1,0,0,0,0,0
2025,8,"57 degrees, relative humidity 48%, wind 8 mph",Cincinnati Bengals,New York Jets,Noah Fant,CIN,New York Jets,home,39,38,TE,0,0.0,0,0,0,0,0,0,0,0,0,3,3,41,0,0
2025,8,"57 degrees, relative humidity 48%, wind 8 mph",Cincinnati Bengals,New York Jets,Samaje Perine,CIN,New York Jets,home,39,38,HB,9,15.789473684210526,0,0,0,0,0,0,9,94,1,1,1,6,0,0
2025,8,"57 degrees, relative humidity 48%, wind 8 mph",Cincinnati Bengals,New York Jets,Tanner Hudson,CIN,New York Jets,home,39,38,TE,0,0.0,0,0,0,0,0,0,0,0,0,2,1,9,0,0
2025,8,"57 degrees, relative humidity 48%, wind 8 mph",Cincinnati Bengals,New York Jets,Tee Higgins,CIN,New York Jets,home,39,38,WR,0,0.0,0,0,0,0,0,0,0,0,0,2,1,44,1,0
2025,8,"53 degrees, relative humidity 52%, wind 7 mph",Cleveland Browns,New England Patriots,David Njoku,CLE,New England Patriots,home,13,32,TE,0,0.0,0,0,0,0,0,0,0,0,0,5,4,37,1,0
2025,8,"53 degrees, relative humidity 52%, wind 7 mph",Cleveland Browns,New England Patriots,Dillon Gabriel,CLE,New England Patriots,home,13,32,QB,36,70.58823529411765,21,35,156,2,2,1,1,13,0,0,0,0,0,0
2025,8,"53 degrees, relative humidity 52%, wind 7 mph",Cleveland Browns,New England Patriots,Dylan Sampson,CLE,New England Patriots,home,13,32,RB,3,5.88235294117647,0,0,0,0,0,0,3,0,0,6,5,29,0,0
2025,8,"53 degrees, relative humidity 52%, wind 7 mph",Cleveland Browns,New England Patriots,Gage Larvadain,CLE,New England Patriots,home,13,32,WR,1,1.9607843137254901,0,0,0,0,0,0,1,3,0,0,0,0,0,0
2025,8,"53 degrees, relative humidity 52%, wind 7 mph",Cleveland Browns,New England Patriots,Harold Fannin,CLE,New England Patriots,home,13,32,TE,1,1.9607843137254901,0,0,0,0,0,0,1,2,0,8,6,62,1,0
2025,8,"53 degrees, relative humidity 52%, wind 7 mph",Cleveland Browns,New England Patriots,Isaiah Bond,CLE,New England Patriots,home,13,32,WR,0,0.0,0,0,0,0,0,0,0,0,0,4,0,0,0,0
2025,8,"53 degrees, relative humidity 52%, wind 7 mph",Cleveland Browns,New England Patriots,Jamari Thrash,CLE,New England Patriots,home,13,32,WR,0,0.0,0,0,0,0,0,0,0,0,0,3,2,31,0,0
2025,8,"53 degrees, relative humidity 52%, wind 7 mph",Cleveland Browns,New England Patriots,Jerome Ford,CLE,New England Patriots,home,13,32,RB,0,0.0,0,0,0,0,0,0,0,0,0,2,1,-1,0,0
2025,8,"53 degrees, relative humidity 52%, wind 7 mph",Cleveland Browns,New England Patriots,Jerry Jeudy,CLE,New England Patriots,home,13,32,WR,0,0.0,0,0,0,0,0,0,0,0,0,2,0,0,0,0
2025,8,"53 degrees, relative humidity 52%, wind 7 mph",Cleveland Browns,New England Patriots,Malachi Corley,CLE,New England Patriots,home,13,32,WR,1,1.9607843137254901,0,0,0,0,0,0,1,31,0,0,0,0,0,0
2025,8,"53 degrees, relative humidity 52%, wind 7 mph",Cleveland Browns,New England Patriots,Quinshon Judkins,CLE,New England Patriots,home,13,32,RB,9,17.647058823529413,0,0,0,0,0,0,9,19,0,3,3,-2,0,0
2025,8,"67 degrees, relative humidity 25%, wind 4 mph",Dallas Cowboys,Denver Broncos,Brevyn Spann-Ford,DAL,Denver Broncos,home,24,44,TE,0,0.0,0,0,0,0,0,0,0,0,0,1,1,9,0,0
2025,8,"67 degrees, relative humidity 25%, wind 4 mph",Dallas Cowboys,Denver Broncos,CeeDee Lamb,DAL,Denver Broncos,home,24,44,WR,1,1.5151515151515151,0,0,0,0,0,0,1,2,0,10,7,74,0,0
2025,8,"67 degrees, relative humidity 25%, wind 4 mph",Dallas Cowboys,Denver Broncos,Dak Prescott,DAL,Denver Broncos,home,24,44,QB,37,56.060606060606055,19,31,188,0,2,2,6,31,0,0,0,0,0,0
2025,8,"67 degrees, relative humidity 25%, wind 4 mph",Dallas Cowboys,Denver Broncos,George Pickens,DAL,Denver Broncos,home,24,44,WR,0,0.0,0,0,0,0,0,0,0,0,0,9,7,78,0,0
2025,8,"67 degrees, relative humidity 25%, wind 4 mph",Dallas Cowboys,Denver Broncos,Hunter Luepke,DAL,Denver Broncos,home,24,44,RB,1,1.5151515151515151,0,0,0,0,0,0,1,2,0,0,0,0,0,0
2025,8,"67 degrees, relative humidity 25%, wind 4 mph",Dallas Cowboys,Denver Broncos,Jake Ferguson,DAL,Denver Broncos,home,24,44,TE,0,0.0,0,0,0,0,0,0,0,0,0,1,0,0,0,0
2025,8,"67 degrees, relative humidity 25%, wind 4 mph",Dallas Cowboys,Denver Broncos,Jalen Tolbert,DAL,Denver Broncos,home,24,44,WR,0,0.0,0,0,0,0,0,0,0,0,0,2,2,47,1,0
2025,8,"67 degrees, relative humidity 25%, wind 4 mph",Dallas Cowboys,Denver Broncos,Javonte Williams,DAL,Denver Broncos,home,24,44,RB,13,19.696969696969695,0,0,0,0,0,0,13,41,2,2,1,8,0,0
2025,8,"67 degrees, relative humidity 25%, wind 4 mph",Dallas Cowboys,Denver Broncos,Jaydon Blue,DAL,Denver Broncos,home,24,44,RB,8,12.121212121212121,0,0,0,0,0,0,8,29,0,0,0,0,0,1
2025,8,"67 degrees, relative humidity 25%, wind 4 mph",Dallas Cowboys,Denver Broncos,Joe Milton,DAL,Denver Broncos,home,24,44,QB,4,6.0606060606060606,3,4,58,1,0,0,0,0,0,0,0,0,0,0
2025,8,"67 degrees, relative humidity 25%, wind 4 mph",Dallas Cowboys,Denver Broncos,KaVontae Turpin,DAL,Denver Broncos,home,24,44,WR,0,0.0,0,0,0,0,0,0,0,0,0,5,1,-2,0,0
2025,8,"67 degrees, relative humidity 25%, wind 4 mph",Dallas Cowboys,Denver Broncos,Luke Schoonmaker,DAL,Denver Broncos,home,24,44,TE,0,0.0,0,0,0,0,0,0,0,0,0,3,2,25,0,0
2025,8,"67 degrees, relative humidity 25%, wind 4 mph",Dallas Cowboys,Denver Broncos,Malik Davis,DAL,Denver Broncos,home,24,44,RB,2,3.0303030303030303,0,0,0,0,0,0,2,3,0,0,0,0,0,0
2025,8,"67 degrees, relative humidity 25%, wind 4 mph",Dallas Cowboys,Denver Broncos,Ryan Flournoy,DAL,Denver Broncos,home,24,44,WR,0,0.0,0,0,0,0,0,0,0,0,0,2,1,7,0,0
2025,8,"67 degrees, relative humidity 25%, wind 4 mph",Dallas Cowboys,Denver Broncos,Bo Nix,DEN,Dallas Cowboys,away,44,24,QB,30,52.63157894736842,19,29,247,4,1,0,1,-1,0,0,0,0,0,0
2025,8,"67 degrees, relative humidity 25%, wind 4 mph",Dallas Cowboys,Denver Broncos,Courtland Sutton,DEN,Dallas Cowboys,away,44,24,WR,0,0.0,0,0,0,0,0,0,0,0,0,6,4,67,0,0
2025,8,"67 degrees, relative humidity 25%, wind 4 mph",Dallas Cowboys,Denver Broncos,Evan Engram,DEN,Dallas Cowboys,away,44,24,TE,0,0.0,0,0,0,0,0,0,0,0,0,4,4,36,0,0
2025,8,"67 degrees, relative humidity 25%, wind 4 mph",Dallas Cowboys,Denver Broncos,J.K. Dobbins,DEN,Dallas Cowboys,away,44,24,RB,15,26.31578947368421,0,0,0,0,0,0,15,111,0,2,2,10,0,0
2025,8,"67 degrees, relative humidity 25%, wind 4 mph",Dallas Cowboys,Denver Broncos,Jarrett Stidham,DEN,Dallas Cowboys,away,44,24,QB,1,1.7543859649122806,0,0,0,0,0,0,1,-1,0,0,0,0,0,0
2025,8,"67 degrees, relative humidity 25%, wind 4 mph",Dallas Cowboys,Denver Broncos,Marvin Mims,DEN,Dallas Cowboys,away,44,24,WR,3,5.263157894736842,0,0,0,0,0,0,3,18,0,1,0,0,0,0
2025,8,"67 degrees, relative humidity 25%, wind 4 mph",Dallas Cowboys,Denver Broncos,Nate Adkins,DEN,Dallas Cowboys,away,44,24,TE,0,0.0,0,0,0,0,0,0,0,0,0,1,0,0,0,0
2025,8,"67 degrees, relative humidity 25%, wind 4 mph",Dallas Cowboys,Denver Broncos,Pat Bryant,DEN,Dallas Cowboys,away,44,24,WR,0,0.0,0,0,0,0,0,0,0,0,0,4,2,40,1,0
2025,8,"67 degrees, relative humidity 25%, wind 4 mph",Dallas Cowboys,Denver Broncos,RJ Harvey,DEN,Dallas Cowboys,away,44,24,RB,7,12.280701754385964,0,0,0,0,0,0,7,46,2,1,1,5,1,0
2025,8,"67 degrees, relative humidity 25%, wind 4 mph",Dallas Cowboys,Denver Broncos,Troy Franklin,DEN,Dallas Cowboys,away,44,24,WR,0,0.0,0,0,0,0,0,0,0,0,0,8,6,89,2,0
2025,8,"67 degrees, relative humidity 25%, wind 4 mph",Dallas Cowboys,Denver Broncos,Tyler Badie,DEN,Dallas Cowboys,away,44,24,RB,1,1.7543859649122806,0,0,0,0,0,0,1,6,0,0,0,0,0,0
2025,8,"46 degrees, relative humidity 56%, wind 5 mph",Pittsburgh Steelers,Green Bay Packers,Christian Watson,GNB,Pittsburgh Steelers,away,25,35,WR,0,0.0,0,0,0,0,0,0,0,0,0,4,4,85,0,0
2025,8,"46 degrees, relative humidity 56%, wind 5 mph",Pittsburgh Steelers,Green Bay Packers,Emanuel Wilson,GNB,Pittsburgh Steelers,away,25,35,RB,11,17.46031746031746,0,0,0,0,0,0,11,61,0,4,3,26,0,1
2025,8,"46 degrees, relative humidity 56%, wind 5 mph",Pittsburgh Steelers,Green Bay Packers,John FitzPatrick,GNB,Pittsburgh Steelers,away,25,35,TE,0,0.0,0,0,0,0,0,0,0,0,0,1,1,4,0,0
2025,8,"46 degrees, relative humidity 56%, wind 5 mph",Pittsburgh Steelers,Green Bay Packers,Jordan Love,GNB,Pittsburgh Steelers,away,25,35,QB,38,60.317460317460316,29,37,360,3,0,0,1,-1,0,0,0,0,0,0
2025,8,"46 degrees, relative humidity 56%, wind 5 mph",Pittsburgh Steelers,Green Bay Packers,Josh Jacobs,GNB,Pittsburgh Steelers,away,25,35,RB,13,20.634920634920633,0,0,0,0,0,0,13,33,1,3,3,12,0,0
2025,8,"46 degrees, relative humidity 56%, wind 5 mph",Pittsburgh Steelers,Green Bay Packers,Luke Musgrave,GNB,Pittsburgh Steelers,away,25,35,TE,0,0.0,0,0,0,0,0,0,0,0,0,1,1,5,0,0
2025,8,"46 degrees, relative humidity 56%, wind 5 mph",Pittsburgh Steelers,Green Bay Packers,Malik Heath,GNB,Pittsburgh Steelers,away,25,35,WR,0,0.0,0,0,0,0,0,0,0,0,0,3,3,29,0,0
2025,8,"46 degrees, relative humidity 56%, wind 5 mph",Pittsburgh Steelers,Green Bay Packers,Matthew Golden,GNB,Pittsburgh Steelers,away,25,35,WR,0,0.0,0,0,0,0,0,0,0,0,0,3,3,4,0,0
2025,8,"46 degrees, relative humidity 56%, wind 5 mph",Pittsburgh Steelers,Green Bay Packers,Romeo Doubs,GNB,Pittsburgh Steelers,away,25,35,WR,0,0.0,0,0,0,0,0,0,0,0,0,6,3,44,0,0
2025,8,"46 degrees, relative humidity 56%, wind 5 mph",Pittsburgh Steelers,Green Bay Packers,Savion Williams,GNB,Pittsburgh Steelers,away,25,35,WR,1,1.5873015873015872,0,0,0,0,0,0,1,1,0,1,1,8,1,0
2025,8,"46 degrees, relative humidity 56%, wind 5 mph",Pittsburgh Steelers,Green Bay Packers,Tucker Kraft,GNB,Pittsburgh Steelers,away,25,35,TE,0,0.0,0,0,0,0,0,0,0,0,0,9,7,143,2,0
2025,8,,San Francisco 49ers,Houston Texans,Braxton Berrios,HOU,San Francisco 49ers,away,26,15,WR,0,0.0,0,0,0,0,0,0,0,0,0,5,5,38,0,0
2025,8,,San Francisco 49ers,Houston Texans,C.J. Stroud,HOU,San Francisco 49ers,away,26,15,QB,46,61.33333333333333,30,39,318,2,1,0,7,30,0,0,0,0,0,0
2025,8,,San Francisco 49ers,Houston Texans,Dalton Schultz,HOU,San Francisco 49ers,away,26,15,TE,0,0.0,0,0,0,0,0,0,0,0,0,3,2,24,0,0
2025,8,,San Francisco 49ers,Houston Texans,Dare Ogunbowale,HOU,San Francisco 49ers,away,26,15,RB,1,1.3333333333333335,0,0,0,0,0,0,1,9,0,1,1,8,0,0
2025,8,,San Francisco 49ers,Houston Texans,Harrison Bryant,HOU,San Francisco 49ers,away,26,15,TE,0,0.0,0,0,0,0,0,0,0,0,0,1,0,0,0,0
2025,8,,San Francisco 49ers,Houston Texans,Jared Wayne,HOU,San Francisco 49ers,away,26,15,WR,0,0.0,0,0,0,0,0,0,0,0,0,2,2,20,0,0
2025,8,,San Francisco 49ers,Houston Texans,Jayden Higgins,HOU,San Francisco 49ers,away,26,15,WR,0,0.0,0,0,0,0,0,0,0,0,0,8,4,34,1,0
2025,8,,San Francisco 49ers,Houston Texans,Jaylin Noel,HOU,San Francisco 49ers,away,26,15,WR,0,0.0,0,0,0,0,0,0,0,0,0,6,5,63,0,0
2025,8,,San Francisco 49ers,Houston Texans,Nick Chubb,HOU,San Francisco 49ers,away,26,15,RB,17,22.666666666666664,0,0,0,0,0,0,17,56,0,2,2,13,0,0
2025,8,,San Francisco 49ers,Houston Texans,Woody Marks,HOU,San Francisco 49ers,away,26,15,RB,11,14.666666666666666,0,0,0,0,0,0,11,62,0,4,4,49,0,0
2025,8,,San Francisco 49ers,Houston Texans,Xavier Hutchinson,HOU,San Francisco 49ers,away,26,15,WR,0,0.0,0,0,0,0,0,0,0,0,0,6,5,69,1,0
2025,8,,Tennessee Titans,Indianapolis Colts,Adonai Mitchell,IND,Tennessee Titans,away,38,14,WR,0,0.0,0,0,0,0,0,0,0,0,0,1,0,0,0,0
2025,8,,Tennessee Titans,Indianapolis Colts,Alec Pierce,IND,Tennessee Titans,away,38,14,WR,0,0.0,0,0,0,0,0,0,0,0,0,5,2,69,0,0
2025,8,,Tennessee Titans,Indianapolis Colts,Ameer Abdullah,IND,Tennessee Titans,away,38,14,RB,2,4.081632653061225,0,0,0,0,0,0,2,5,0,1,1,3,0,0
2025,8,,Tennessee Titans,Indianapolis Colts,Andrew Ogletree,IND,Tennessee Titans,away,38,14,TE,0,0.0,0,0,0,0,0,0,0,0,0,1,0,0,0,0
2025,8,,Tennessee Titans,Indianapolis Colts,Ashton Dulin,IND,Tennessee Titans,away,38,14,WR,0,0.0,0,0,0,0,0,0,0,0,0,1,1,-8,0,0
2025,8,,Tennessee Titans,Indianapolis Colts,Daniel Jones,IND,Tennessee Titans,away,38,14,QB,30,61.224489795918366,21,29,272,3,0,3,1,3,0,0,0,0,0,0
2025,8,,Tennessee Titans,Indianapolis Colts,Jonathan Taylor,IND,Tennessee Titans,away,38,14,RB,12,24.489795918367346,0,0,0,0,0,0,12,153,2,2,2,21,1,0
2025,8,,Tennessee Titans,Indianapolis Colts,Josh Downs,IND,Tennessee Titans,away,38,14,WR,0,0.0,0,0,0,0,0,0,0,0,0,3,3,39,1,0
2025,8,,Tennessee Titans,Indianapolis Colts,Michael Pittman Jr.,IND,Tennessee Titans,away,38,14,WR,0,0.0,0,0,0,0,0,0,0,0,0,9,8,95,1,0
2025,8,,Tennessee Titans,Indianapolis Colts,Riley Leonard,IND,Tennessee Titans,away,38,14,QB,3,6.122448979591836,0,2,0,0,0,0,1,1,0,0,0,0,0,0
2025,8,,Tennessee Titans,Indianapolis Colts,Tyler Goodson,IND,Tennessee Titans,away,38,14,RB,2,4.081632653061225,0,0,0,0,0,0,2,2,0,0,0,0,0,0
2025,8,,Tennessee Titans,Indianapolis Colts,Tyler Warren,IND,Tennessee Titans,away,38,14,TE,0,0.0,0,0,0,0,0,0,0,0,0,5,4,53,0,0
2025,8,"54 degrees, relative humidity 94%, wind 8 mph",Washington Commanders,Kansas City Chiefs,Brashard Smith,KAN,Washington Commanders,away,28,7,RB,3,4.6875,0,0,0,0,0,0,3,8,0,0,0,0,0,1
2025,8,"54 degrees, relative humidity 94%, wind 8 mph",Washington Commanders,Kansas City Chiefs,Isiah Pacheco,KAN,Washington Commanders,away,28,7,RB,12,18.75,0,0,0,0,0,0,12,58,0,0,0,0,0,0
2025,8,"54 degrees, relative humidity 94%, wind 8 mph",Washington Commanders,Kansas City Chiefs,JuJu Smith-Schuster,KAN,Washington Commanders,away,28,7,WR,0,0.0,0,0,0,0,0,0,0,0,0,2,2,29,0,0
2025,8,"54 degrees, relative humidity 94%, wind 8 mph",Washington Commanders,Kansas City Chiefs,Kareem Hunt,KAN,Washington Commanders,away,28,7,RB,9,14.0625,0,0,0,0,0,0,9,40,1,1,1,2,1,0
2025,8,"54 degrees, relative humidity 94%, wind 8 mph",Washington Commanders,Kansas City Chiefs,Marquise Brown,KAN,Washington Commanders,away,28,7,WR,0,0.0,0,0,0,0,0,0,0,0,0,1,0,0,0,0
2025,8,"54 degrees, relative humidity 94%, wind 8 mph",Washington Commanders,Kansas City Chiefs,Noah Gray,KAN,Washington Commanders,away,28,7,TE,0,0.0,0,0,0,0,0,0,0,0,0,4,2,23,0,0
2025,8,"54 degrees, relative humidity 94%, wind 8 mph",Washington Commanders,Kansas City Chiefs,Patrick Mahomes,KAN,Washington Commanders,away,28,7,QB,38,59.375,25,34,299,3,2,3,4,30,0,0,0,0,0,0
2025,8,"54 degrees, relative humidity 94%, wind 8 mph",Washington Commanders,Kansas City Chiefs,Rashee Rice,KAN,Washington Commanders,away,28,7,WR,2,3.125,0,0,0,0,0,0,2,12,0,9,9,93,1,1
2025,8,"54 degrees, relative humidity 94%, wind 8 mph",Washington Commanders,Kansas City Chiefs,Travis Kelce,KAN,Washington Commanders,away,28,7,TE,0,0.0,0,0,0,0,0,0,0,0,0,8,6,99,1,0
2025,8,"54 degrees, relative humidity 94%, wind 8 mph",Washington Commanders,Kansas City Chiefs,Xavier Worthy,KAN,Washington Commanders,away,28,7,WR,0,0.0,0,0,0,0,0,0,0,0,0,7,5,53,0,0
2025,8,,Minnesota Vikings,Los Angeles Chargers,Jaret Patterson,LAC,Minnesota Vikings,away,37,10,RB,11,16.176470588235293,0,0,0,0,0,0,11,30,0,0,0,0,0,0
2025,8,,Minnesota Vikings,Los Angeles Chargers,Justin Herbert,LAC,Minnesota Vikings,away,37,10,QB,32,47.05882352941176,18,25,227,3,1,2,7,62,0,0,0,0,0,0
2025,8,,Minnesota Vikings,Los Angeles Chargers,Keenan Allen,LAC,Minnesota Vikings,away,37,10,WR,0,0.0,0,0,0,0,0,0,0,0,0,5,4,44,0,0
2025,8,,Minnesota Vikings,Los Angeles Chargers,Kimani Vidal,LAC,Minnesota Vikings,away,37,10,RB,23,33.82352941176471,0,0,0,0,0,0,23,117,1,2,1,10,0,0
2025,8,,Minnesota Vikings,Los Angeles Chargers,Ladd McConkey,LAC,Minnesota Vikings,away,37,10,WR,0,0.0,0,0,0,0,0,0,0,0,0,10,6,88,1,0
2025,8,,Minnesota Vikings,Los Angeles Chargers,Nyheim Hines,LAC,Minnesota Vikings,away,37,10,RB,2,2.941176470588235,0,0,0,0,0,0,2,-2,0,0,0,0,0,0
2025,8,,Minnesota Vikings,Los Angeles Chargers,Oronde Gadsden,LAC,Minnesota Vikings,away,37,10,UNK,0,0.0,0,0,0,0,0,0,0,0,0,5,5,77,1,0
2025,8,,Minnesota Vikings,Los Angeles Chargers,Tre Harris,LAC,Minnesota Vikings,away,37,10,WR,0,0.0,0,0,0,0,0,0,0,0,0,2,2,8,1,0
2025,8,,Atlanta Falcons,Miami Dolphins,Alec Ingold,MIA,Atlanta Falcons,away,10,34,FB,0,0.0,0,0,0,0,0,0,0,0,0,1,1,0,0,0
2025,8,,Atlanta Falcons,Miami Dolphins,Cedrick Wilson Jr.,MIA,Atlanta Falcons,away,10,34,WR,0,0.0,0,0,0,0,0,0,0,0,0,1,1,2,0,0
2025,8,,Atlanta Falcons,Miami Dolphins,De'Von Achane,MIA,Atlanta Falcons,away,10,34,RB,18,28.125,0,0,0,0,0,0,18,67,0,7,5,24,1,0
2025,8,,Atlanta Falcons,Miami Dolphins,Jaylen Waddle,MIA,Atlanta Falcons,away,10,34,WR,0,0.0,0,0,0,0,0,0,0,0,0,6,5,99,1,0
2025,8,,Atlanta Falcons,Miami Dolphins,Jaylen Wright,MIA,Atlanta Falcons,away,10,34,RB,9,14.0625,0,0,0,0,0,0,9,28,0,1,1,0,0,0
2025,8,,Atlanta Falcons,Miami Dolphins,Malik Washington,MIA,Atlanta Falcons,away,10,34,WR,0,0.0,0,0,0,0,0,0,0,0,0,5,4,36,1,0
2025,8,,Atlanta Falcons,Miami Dolphins,Nick Westbrook-Ikhine,MIA,Atlanta Falcons,away,10,34,WR,0,0.0,0,0,0,0,0,0,0,0,0,3,1,18,0,0
2025,8,,Atlanta Falcons,Miami Dolphins,Ollie Gordon,MIA,Atlanta Falcons,away,10,34,RB,10,15.625,0,0,0,0,0,0,10,46,0,1,1,20,1,0
2025,8,,Atlanta Falcons,Miami Dolphins,Tanner Conner,MIA,Atlanta Falcons,away,10,34,TE,0,0.0,0,0,0,0,0,0,0,0,0,2,2,6,0,0
2025,8,,Atlanta Falcons,Miami Dolphins,Tua Tagovailoa,MIA,Atlanta Falcons,away,10,34,QB,26,40.625,20,26,205,4,0,1,0,0,0,0,0,0,0,0
2025,8,,Atlanta Falcons,Miami Dolphins,Zach Wilson,MIA,Atlanta Falcons,away,10,34,QB,1,1.5625,1,1,0,0,0,0,0,0,0,0,0,0,0,0
2025,8,,Minnesota Vikings,Los Angeles Chargers,Aaron Jones,MIN,Los Angeles Chargers,home,10,37,RB,5,11.904761904761903,0,0,0,0,0,0,5,15,0,4,2,15,0,0
2025,8,,Minnesota Vikings,Los Angeles Chargers,Adam Thielen,MIN,Los Angeles Chargers,home,10,37,WR,0,0.0,0,0,0,0,0,0,0,0,0,2,0,0,0,0
2025,8,,Minnesota Vikings,Los Angeles Chargers,Ben Yurosek,MIN,Los Angeles Chargers,home,10,37,TE,0,0.0,0,0,0,0,0,0,0,0,0,2,1,5,0,0
2025,8,,Minnesota Vikings,Los Angeles Chargers,Carson Wentz,MIN,Los Angeles Chargers,home,10,37,QB,27,64.28571428571429,15,27,144,1,1,5,0,0,0,0,0,0,0,1
2025,8,,Minnesota Vikings,Los Angeles Chargers,Jalen Nailor,MIN,Los Angeles Chargers,home,10,37,WR,0,0.0,0,0,0,0,0,0,0,0,0,1,0,0,0,0
2025,8,,Minnesota Vikings,Los Angeles Chargers,Jordan Addison,MIN,Los Angeles Chargers,home,10,37,WR,0,0.0,0,0,0,0,0,0,0,0,0,4,3,26,1,0
2025,8,,Minnesota Vikings,Los Angeles Chargers,Jordan Mason,MIN,Los Angeles Chargers,home,10,37,RB,4,9.523809523809524,0,0,0,0,0,0,4,3,0,1,1,3,0,0
2025,8,,Minnesota Vikings,Los Angeles Chargers,Justin Jefferson,MIN,Los Angeles Chargers,home,10,37,WR,0,0.0,0,0,0,0,0,0,0,0,0,11,7,74,0,0
2025,8,,Minnesota Vikings,Los Angeles Chargers,Max Brosmer,MIN,Los Angeles Chargers,home,10,37,QB,4,9.523809523809524,3,4,13,0,0,0,0,0,0,0,0,0,0,0
2025,8,,Minnesota Vikings,Los Angeles Chargers,T.J. Hockenson,MIN,Los Angeles Chargers,home,10,37,TE,0,0.0,0,0,0,0,0,0,0,0,0,3,2,26,0,0
2025,8,,Minnesota Vikings,Los Angeles Chargers,Zavier Scott,MIN,Los Angeles Chargers,home,10,37,RB,2,4.761904761904762,0,0,0,0,0,0,2,16,0,2,2,8,0,0
2025,8,,New Orleans Saints,Tampa Bay Buccaneers,Alvin Kamara,NOR,New Orleans Saints,away,3,23,RB,6,9.090909090909092,0,0,0,0,0,0,6,21,0,2,2,24,0,0
2025,8,,New Orleans Saints,Tampa Bay Buccaneers,Brandin Cooks,NOR,New Orleans Saints,away,3,23,WR,0,0.0,0,0,0,0,0,0,0,0,0,4,3,22,0,0
2025,8,,New Orleans Saints,Tampa Bay Buccaneers,Chris Olave,NOR,New Orleans Saints,away,3,23,WR,1,1.5151515151515151,0,0,0,0,0,0,1,-3,0,12,8,63,0,0
2025,8,,New Orleans Saints,Tampa Bay Buccaneers,Devaughn Vele,NOR,New Orleans Saints,away,3,23,WR,0,0.0,0,0,0,0,0,0,0,0,0,5,1,10,0,0
2025,8,,New Orleans Saints,Tampa Bay Buccaneers,Devin Neal,NOR,New Orleans Saints,away,3,23,RB,0,0.0,0,0,0,0,0,0,0,0,0,3,3,11,0,0
2025,8,,New Orleans Saints,Tampa Bay Buccaneers,Foster Moreau,NOR,New Orleans Saints,away,3,23,TE,0,0.0,0,0,0,0,0,0,0,0,0,1,0,0,0,0
2025,8,,New Orleans Saints,Tampa Bay Buccaneers,Jack Stoll,NOR,New Orleans Saints,away,3,23,TE,0,0.0,0,0,0,0,0,0,0,0,0,1,0,0,0,0
2025,8,,New Orleans Saints,Tampa Bay Buccaneers,Juwan Johnson,NOR,New Orleans Saints,away,3,23,TE,0,0.0,0,0,0,0,0,0,0,0,0,8,5,53,0,0
2025,8,,New Orleans Saints,Tampa Bay Buccaneers,Mason Tipton,NOR,New Orleans Saints,away,3,23,WR,0,0.0,0,0,0,0,0,0,0,0,0,1,0,0,0,0
2025,8,,New Orleans Saints,Tampa Bay Buccaneers,Rashid Shaheed,NOR,New Orleans Saints,away,3,23,WR,0,0.0,0,0,0,0,0,0,0,0,0,12,9,75,0,1
2025,8,,New Orleans Saints,Tampa Bay Buccaneers,Spencer Rattler,NOR,New Orleans Saints,away,3,23,QB,24,36.36363636363637,15,21,136,0,1,3,3,12,0,0,0,0,0,1
2025,8,,New Orleans Saints,Tampa Bay Buccaneers,Taysom Hill,NOR,New Orleans Saints,away,3,23,QB,2,3.0303030303030303,0,0,0,0,0,0,2,6,0,1,1,6,0,0
2025,8,,New Orleans Saints,Tampa Bay Buccaneers,Tyler Shough,NOR,New Orleans Saints,away,3,23,QB,33,50.0,17,30,128,0,1,2,3,12,0,0,0,0,0,0
2025,8,"53 degrees, relative humidity 52%, wind 7 mph",Cleveland Browns,New England Patriots,Austin Hooper,NWE,Cleveland Browns,away,32,13,TE,0,0.0,0,0,0,0,0,0,0,0,0,2,2,38,0,0
2025,8,"53 degrees, relative humidity 52%, wind 7 mph",Cleveland Browns,New England Patriots,Demario Douglas,NWE,Cleveland Browns,away,32,13,WR,2,3.389830508474576,0,0,0,0,0,0,2,3,0,1,1,44,0,0
2025,8,"53 degrees, relative humidity 52%, wind 7 mph",Cleveland Browns,New England Patriots,Drake Maye,NWE,Cleveland Browns,away,32,13,QB,31,52.54237288135594,18,24,282,3,1,6,7,50,0,0,0,0,0,1
2025,8,"53 degrees, relative humidity 52%, wind 7 mph",Cleveland Browns,New England Patriots,Hunter Henry,NWE,Cleveland Browns,away,32,13,TE,0,0.0,0,0,0,0,0,0,0,0,0,1,1,7,1,0
2025,8,"53 degrees, relative humidity 52%, wind 7 mph",Cleveland Browns,New England Patriots,Kayshon Boutte,NWE,Cleveland Browns,away,32,13,WR,0,0.0,0,0,0,0,0,0,0,0,0,5,3,75,1,0
2025,8,"53 degrees, relative humidity 52%, wind 7 mph",Cleveland Browns,New England Patriots,Mack Hollins,NWE,Cleveland Browns,away,32,13,WR,0,0.0,0,0,0,0,0,0,0,0,0,7,7,89,0,0
2025,8,"53 degrees, relative humidity 52%, wind 7 mph",Cleveland Browns,New England Patriots,Rhamondre Stevenson,NWE,Cleveland Browns,away,32,13,RB,14,23.728813559322035,0,0,0,0,0,0,14,34,0,2,1,15,0,0
2025,8,"53 degrees, relative humidity 52%, wind 7 mph",Cleveland Browns,New England Patriots,Stefon Diggs,NWE,Cleveland Browns,away,32,13,WR,0,0.0,0,0,0,0,0,0,0,0,0,5,3,14,1,0
2025,8,"53 degrees, relative humidity 52%, wind 7 mph",Cleveland Browns,New England Patriots,Terrell Jennings,NWE,Cleveland Browns,away,32,13,RB,2,3.389830508474576,0,0,0,0,0,0,2,15,0,0,0,0,0,0
2025,8,"53 degrees, relative humidity 52%, wind 7 mph",Cleveland Browns,New England Patriots,TreVeyon Henderson,NWE,Cleveland Browns,away,32,13,RB,10,16.94915254237288,0,0,0,0,0,0,10,75,0,0,0,0,0,1
2025,8,"60 degrees, relative humidity 41%, wind 4 mph",New York Giants,Philadelphia Eagles,Beaux Collins,NYG,Philadelphia Eagles,home,20,38,WR,0,0.0,0,0,0,0,0,0,0,0,0,2,1,18,0,0
2025,8,"60 degrees, relative humidity 41%, wind 4 mph",New York Giants,Philadelphia Eagles,Cam Skattebo,NYG,Philadelphia Eagles,home,20,38,RB,3,6.666666666666667,0,0,0,0,0,0,3,12,0,2,1,18,1,0
2025,8,"60 degrees, relative humidity 41%, wind 4 mph",New York Giants,Philadelphia Eagles,Daniel Bellinger,NYG,Philadelphia Eagles,home,20,38,TE,0,0.0,0,0,0,0,0,0,0,0,0,1,1,21,0,0
2025,8,"60 degrees, relative humidity 41%, wind 4 mph",New York Giants,Philadelphia Eagles,Darius Slayton,NYG,Philadelphia Eagles,home,20,38,WR,0,0.0,0,0,0,0,0,0,0,0,0,5,2,26,0,0
2025,8,"60 degrees, relative humidity 41%, wind 4 mph",New York Giants,Philadelphia Eagles,Devin Singletary,NYG,Philadelphia Eagles,home,20,38,RB,2,4.444444444444445,0,0,0,0,0,0,2,0,0,1,1,28,0,0
2025,8,"60 degrees, relative humidity 41%, wind 4 mph",New York Giants,Philadelphia Eagles,Jaxson Dart,NYG,Philadelphia Eagles,home,20,38,QB,30,66.66666666666666,14,24,193,1,0,5,6,17,1,0,0,0,0,0
2025,8,"60 degrees, relative humidity 41%, wind 4 mph",New York Giants,Philadelphia Eagles,Theo Johnson,NYG,Philadelphia Eagles,home,20,38,TE,0,0.0,0,0,0,0,0,0,0,0,0,4,3,20,0,0
2025,8,"60 degrees, relative humidity 41%, wind 4 mph",New York Giants,Philadelphia Eagles,Tyrone Tracy Jr.,NYG,Philadelphia Eagles,home,20,38,RB,10,22.22222222222222,0,0,0,0,0,0,10,39,0,3,2,14,0,0
2025,8,"60 degrees, relative humidity 41%, wind 4 mph",New York Giants,Philadelphia Eagles,Wan'Dale Robinson,NYG,Philadelphia Eagles,home,20,38,WR,0,0.0,0,0,0,0,0,0,0,0,0,4,3,48,0,0
2025,8,"57 degrees, relative humidity 48%, wind 8 mph",Cincinnati Bengals,New York Jets,Allen Lazard,NYJ,Cincinnati Bengals,away,38,39,WR,0,0.0,0,0,0,0,0,0,0,0,0,2,1,5,0,0
2025,8,"57 degrees, relative humidity 48%, wind 8 mph",Cincinnati Bengals,New York Jets,Andrew Beck,NYJ,Cincinnati Bengals,away,38,39,FB,0,0.0,0,0,0,0,0,0,0,0,0,1,1,9,0,0
2025,8,"57 degrees, relative humidity 48%, wind 8 mph",Cincinnati Bengals,New York Jets,Arian Smith,NYJ,Cincinnati Bengals,away,38,39,WR,0,0.0,0,0,0,0,0,0,0,0,0,1,1,23,0,0
2025,8,"57 degrees, relative humidity 48%, wind 8 mph",Cincinnati Bengals,New York Jets,Breece Hall,NYJ,Cincinnati Bengals,away,38,39,RB,19,27.142857142857142,1,1,4,1,0,0,18,133,2,3,2,14,0,0
2025,8,"57 degrees, relative humidity 48%, wind 8 mph",Cincinnati Bengals,New York Jets,Isaiah Davis,NYJ,Cincinnati Bengals,away,38,39,RB,7,10.0,0,0,0,0,0,0,7,65,0,5,5,44,0,0
2025,8,"57 degrees, relative humidity 48%, wind 8 mph",Cincinnati Bengals,New York Jets,Isaiah Williams,NYJ,Cincinnati Bengals,away,38,39,WR,1,1.4285714285714286,0,0,0,0,0,0,1,25,0,4,3,31,0,0
2025,8,"57 degrees, relative humidity 48%, wind 8 mph",Cincinnati Bengals,New York Jets,Jeremy Ruckert,NYJ,Cincinnati Bengals,away,38,39,TE,0,0.0,0,0,0,0,0,0,0,0,0,1,1,24,0,0
2025,8,"57 degrees, relative humidity 48%, wind 8 mph",Cincinnati Bengals,New York Jets,Justin Fields,NYJ,Cincinnati Bengals,away,38,39,QB,43,61.42857142857143,21,32,244,1,0,0,11,31,0,0,0,0,0,0
2025,8,"57 degrees, relative humidity 48%, wind 8 mph",Cincinnati Bengals,New York Jets,Mason Taylor,NYJ,Cincinnati Bengals,away,38,39,TE,0,0.0,0,0,0,0,0,0,0,0,0,8,5,34,1,0
2025,8,"57 degrees, relative humidity 48%, wind 8 mph",Cincinnati Bengals,New York Jets,Tyler Johnson,NYJ,Cincinnati Bengals,away,38,39,WR,0,0.0,0,0,0,0,0,0,0,0,0,5,3,64,1,0
2025,8,"60 degrees, relative humidity 41%, wind 4 mph",New York Giants,Philadelphia Eagles,Dallas Goedert,PHI,New York Giants,away,38,20,TE,0,0.0,0,0,0,0,0,0,0,0,0,3,3,28,2,0
2025,8,"60 degrees, relative humidity 41%, wind 4 mph",New York Giants,Philadelphia Eagles,DeVonta Smith,PHI,New York Giants,away,38,20,WR,0,0.0,0,0,0,0,0,0,0,0,0,9,6,84,0,0
2025,8,"60 degrees, relative humidity 41%, wind 4 mph",New York Giants,Philadelphia Eagles,Jahan Dotson,PHI,New York Giants,away,38,20,WR,0,0.0,0,0,0,0,0,0,0,0,0,2,1,40,1,0
2025,8,"60 degrees, relative humidity 41%, wind 4 mph",New York Giants,Philadelphia Eagles,Jalen Hurts,PHI,New York Giants,away,38,20,QB,24,45.28301886792453,15,20,179,4,0,4,4,22,0,0,0,0,0,0
2025,8,"60 degrees, relative humidity 41%, wind 4 mph",New York Giants,Philadelphia Eagles,Saquon Barkley,PHI,New York Giants,away,38,20,RB,14,26.41509433962264,0,0,0,0,0,0,14,150,1,5,4,24,1,0
2025,8,"60 degrees, relative humidity 41%, wind 4 mph",New York Giants,Philadelphia Eagles,Tank Bigsby,PHI,New York Giants,away,38,20,RB,9,16.9811320754717,0,0,0,0,0,0,9,104,0,0,0,0,0,0
2025,8,"60 degrees, relative humidity 41%, wind 4 mph",New York Giants,Philadelphia Eagles,Tanner McKee,PHI,New York Giants,away,38,20,QB,3,5.660377358490567,0,0,0,0,0,0,3,-2,0,0,0,0,0,0
2025,8,"60 degrees, relative humidity 41%, wind 4 mph",New York Giants,Philadelphia Eagles,Will Shipley,PHI,New York Giants,away,38,20,RB,3,5.660377358490567,0,0,0,0,0,0,3,2,0,0,0,0,0,0
2025,8,"60 degrees, relative humidity 41%, wind 4 mph",New York Giants,Philadelphia Eagles,Xavier Gipson,PHI,New York Giants,away,38,20,WR,0,0.0,0,0,0,0,0,0,0,0,0,1,1,3,0,0
2025,8,"46 degrees, relative humidity 56%, wind 5 mph",Pittsburgh Steelers,Green Bay Packers,Aaron Rodgers,PIT,Green Bay Packers,home,35,25,QB,36,66.66666666666666,24,36,219,2,0,3,0,0,0,0,0,0,0,0
2025,8,"46 degrees, relative humidity 56%, wind 5 mph",Pittsburgh Steelers,Green Bay Packers,Ben Skowronek,PIT,Green Bay Packers,home,35,25,WR,0,0.0,0,0,0,0,0,0,0,0,0,1,1,13,0,0
2025,8,"46 degrees, relative humidity 56%, wind 5 mph",Pittsburgh Steelers,Green Bay Packers,Calvin Austin,PIT,Green Bay Packers,home,35,25,UNK,0,0.0,0,0,0,0,0,0,0,0,0,6,4,28,0,0
2025,8,"46 degrees, relative humidity 56%, wind 5 mph",Pittsburgh Steelers,Green Bay Packers,D.K. Metcalf,PIT,Green Bay Packers,home,35,25,WR,0,0.0,0,0,0,0,0,0,0,0,0,7,5,55,1,0
2025,8,"46 degrees, relative humidity 56%, wind 5 mph",Pittsburgh Steelers,Green Bay Packers,Jaylen Warren,PIT,Green Bay Packers,home,35,25,RB,13,24.074074074074073,0,0,0,0,0,0,13,62,0,3,2,11,0,0
2025,8,"46 degrees, relative humidity 56%, wind 5 mph",Pittsburgh Steelers,Green Bay Packers,Jonnu Smith,PIT,Green Bay Packers,home,35,25,TE,0,0.0,0,0,0,0,0,0,0,0,0,3,2,17,0,0
2025,8,"46 degrees, relative humidity 56%, wind 5 mph",Pittsburgh Steelers,Green Bay Packers,Kenneth Gainwell,PIT,Green Bay Packers,home,35,25,RB,5,9.25925925925926,0,0,0,0,0,0,5,31,0,2,2,4,0,1
2025,8,"46 degrees, relative humidity 56%, wind 5 mph",Pittsburgh Steelers,Green Bay Packers,Pat Freiermuth,PIT,Green Bay Packers,home,35,25,TE,0,0.0,0,0,0,0,0,0,0,0,0,4,3,13,0,0
2025,8,"46 degrees, relative humidity 56%, wind 5 mph",Pittsburgh Steelers,Green Bay Packers,Roman Wilson,PIT,Green Bay Packers,home,35,25,WR,0,0.0,0,0,0,0,0,0,0,0,0,5,4,74,1,0
2025,8,"46 degrees, relative humidity 56%, wind 5 mph",Pittsburgh Steelers,Green Bay Packers,Spencer Anderson,PIT,Green Bay Packers,home,35,25,OL,0,0.0,0,0,0,0,0,0,0,0,0,1,1,4,0,0
2025,8,,San Francisco 49ers,Houston Texans,Christian McCaffrey,SFO,San Francisco 49ers,away,26,15,RB,8,19.047619047619047,0,0,0,0,0,0,8,25,0,6,3,43,0,0
2025,8,,San Francisco 49ers,Houston Texans,Demarcus Robinson,SFO,San Francisco 49ers,away,26,15,WR,0,0.0,0,0,0,0,0,0,0,0,0,3,2,5,0,0
2025,8,,San Francisco 49ers,Houston Texans,George Kittle,SFO,San Francisco 49ers,away,26,15,TE,0,0.0,0,0,0,0,0,0,0,0,0,5,4,43,1,0
2025,8,,San Francisco 49ers,Houston Texans,Jake Tonges,SFO,San Francisco 49ers,away,26,15,TE,0,0.0,0,0,0,0,0,0,0,0,0,1,1,2,1,0
2025,8,,San Francisco 49ers,Houston Texans,Jauan Jennings,SFO,San Francisco 49ers,away,26,15,WR,0,0.0,0,0,0,0,0,0,0,0,0,7,4,45,0,0
2025,8,,San Francisco 49ers,Houston Texans,Jordan Watkins,SFO,San Francisco 49ers,away,26,15,WR,0,0.0,0,0,0,0,0,0,0,0,0,2,1,7,0,0
2025,8,,San Francisco 49ers,Houston Texans,Kendrick Bourne,SFO,San Francisco 49ers,away,26,15,WR,0,0.0,0,0,0,0,0,0,0,0,0,4,3,44,0,0
2025,8,,San Francisco 49ers,Houston Texans,Kyle Juszczyk,SFO,San Francisco 49ers,away,26,15,FB,0,0.0,0,0,0,0,0,0,0,0,0,2,1,4,0,0
2025,8,,San Francisco 49ers,Houston Texans,Mac Jones,SFO,San Francisco 49ers,away,26,15,QB,34,80.95238095238095,19,32,193,2,1,2,2,23,0,0,0,0,0,0
2025,8,,San Francisco 49ers,Houston Texans,Skyy Moore,SFO,San Francisco 49ers,away,26,15,WR,0,0.0,0,0,0,0,0,0,0,0,0,1,0,0,0,0
2025,8,,New Orleans Saints,Tampa Bay Buccaneers,Baker Mayfield,TAM,New Orleans Saints,away,3,23,QB,24,45.28301886792453,15,24,152,0,0,3,0,0,0,0,0,0,0,1
2025,8,,New Orleans Saints,Tampa Bay Buccaneers,Cade Otton,TAM,New Orleans Saints,away,3,23,TE,0,0.0,0,0,0,0,0,0,0,0,0,5,4,40,0,0
2025,8,,New Orleans Saints,Tampa Bay Buccaneers,Emeka Egbuka,TAM,New Orleans Saints,away,3,23,WR,0,0.0,0,0,0,0,0,0,0,0,0,9,3,35,0,0
2025,8,,New Orleans Saints,Tampa Bay Buccaneers,Josh Williams,TAM,New Orleans Saints,away,3,23,RB,4,7.547169811320755,0,0,0,0,0,0,4,11,0,0,0,0,0,0
2025,8,,New Orleans Saints,Tampa Bay Buccaneers,Rachaad White,TAM,New Orleans Saints,away,3,23,RB,13,24.528301886792452,0,0,0,0,0,0,13,35,0,2,2,26,0,0
2025,8,,New Orleans Saints,Tampa Bay Buccaneers,Sean Tucker,TAM,New Orleans Saints,away,3,23,RB,12,22.641509433962266,0,0,0,0,0,0,12,42,1,0,0,0,0,1
2025,8,,New Orleans Saints,Tampa Bay Buccaneers,Sterling Shepard,TAM,New Orleans Saints,away,3,23,WR,0,0.0,0,0,0,0,0,0,0,0,0,2,1,8,0,0
2025,8,,New Orleans Saints,Tampa Bay Buccaneers,Tez Johnson,TAM,New Orleans Saints,away,3,23,WR,0,0.0,0,0,0,0,0,0,0,0,0,6,5,43,0,0
2025,8,,Tennessee Titans,Indianapolis Colts,Cam Ward,TEN,Indianapolis Colts,home,14,38,QB,40,63.49206349206349,22,38,259,1,1,4,2,4,0,0,0,0,0,0
2025,8,,Tennessee Titans,Indianapolis Colts,Chigoziem Okonkwo,TEN,Indianapolis Colts,home,14,38,TE,0,0.0,0,0,0,0,0,0,0,0,0,5,4,53,0,0
2025,8,,Tennessee Titans,Indianapolis Colts,Chimere Dike,TEN,Indianapolis Colts,home,14,38,WR,1,1.5873015873015872,0,0,0,0,0,0,1,1,0,8,7,93,0,0
2025,8,,Tennessee Titans,Indianapolis Colts,Elic Ayomanor,TEN,Indianapolis Colts,home,14,38,WR,0,0.0,0,0,0,0,0,0,0,0,0,8,4,52,0,0
2025,8,,Tennessee Titans,Indianapolis Colts,Gunnar Helm,TEN,Indianapolis Colts,home,14,38,TE,0,0.0,0,0,0,0,0,0,0,0,0,3,2,23,1,0
2025,8,,Tennessee Titans,Indianapolis Colts,Julius Chestnut,TEN,Indianapolis Colts,home,14,38,RB,2,3.1746031746031744,0,0,0,0,0,0,2,5,0,0,0,0,0,0
2025,8,,Tennessee Titans,Indianapolis Colts,Tony Pollard,TEN,Indianapolis Colts,home,14,38,RB,11,17.46031746031746,0,0,0,0,0,0,11,44,0,2,1,9,0,0
2025,8,,Tennessee Titans,Indianapolis Colts,Tyjae Spears,TEN,Indianapolis Colts,home,14,38,RB,9,14.285714285714285,0,0,0,0,0,0,9,59,1,3,3,23,0,0
2025,8,,Tennessee Titans,Indianapolis Colts,Van Jefferson,TEN,Indianapolis Colts,home,14,38,WR,0,0.0,0,0,0,0,0,0,0,0,0,8,1,6,0,0
2025,8,"54 degrees, relative humidity 94%, wind 8 mph",Washington Commanders,Kansas City Chiefs,Ben Sinnott,WAS,Kansas City Chiefs,home,7,28,TE,0,0.0,0,0,0,0,0,0,0,0,0,1,1,22,0,0
2025,8,"54 degrees, relative humidity 94%, wind 8 mph",Washington Commanders,Kansas City Chiefs,Chris Rodriguez,WAS,Kansas City Chiefs,home,7,28,RB,1,2.0,0,0,0,0,0,0,1,2,0,0,0,0,0,0
2025,8,"54 degrees, relative humidity 94%, wind 8 mph",Washington Commanders,Kansas City Chiefs,Deebo Samuel,WAS,Kansas City Chiefs,home,7,28,WR,1,2.0,0,0,0,0,0,0,1,1,0,6,3,11,0,0
2025,8,"54 degrees, relative humidity 94%, wind 8 mph",Washington Commanders,Kansas City Chiefs,Jacory Croskey-Merritt,WAS,Kansas City Chiefs,home,7,28,RB,9,18.0,0,0,0,0,0,0,9,25,0,1,0,0,0,0
2025,8,"54 degrees, relative humidity 94%, wind 8 mph",Washington Commanders,Kansas City Chiefs,Jaylin Lane,WAS,Kansas City Chiefs,home,7,28,WR,0,0.0,0,0,0,0,0,0,0,0,0,2,1,0,0,0
2025,8,"54 degrees, relative humidity 94%, wind 8 mph",Washington Commanders,Kansas City Chiefs,Jeremy McNichols,WAS,Kansas City Chiefs,home,7,28,RB,1,2.0,0,0,0,0,0,0,1,4,0,6,5,64,0,0
2025,8,"54 degrees, relative humidity 94%, wind 8 mph",Washington Commanders,Kansas City Chiefs,John Bates,WAS,Kansas City Chiefs,home,7,28,TE,0,0.0,0,0,0,0,0,0,0,0,0,1,1,22,0,0
2025,8,"54 degrees, relative humidity 94%, wind 8 mph",Washington Commanders,Kansas City Chiefs,Luke McCaffrey,WAS,Kansas City Chiefs,home,7,28,WR,0,0.0,0,0,0,0,0,0,0,0,0,3,3,24,0,0
2025,8,"54 degrees, relative humidity 94%, wind 8 mph",Washington Commanders,Kansas City Chiefs,Marcus Mariota,WAS,Kansas City Chiefs,home,7,28,QB,38,76.0,21,30,213,1,2,2,8,28,0,0,0,0,0,1
2025,8,"54 degrees, relative humidity 94%, wind 8 mph",Washington Commanders,Kansas City Chiefs,Terry McLaurin,WAS,Kansas City Chiefs,home,7,28,WR,0,0.0,0,0,0,0,0,0,0,0,0,4,3,54,1,0
2025,8,"54 degrees, relative humidity 94%, wind 8 mph",Washington Commanders,Kansas City Chiefs,Zach Ertz,WAS,Kansas City Chiefs,home,7,28,TE,0,0.0,0,0,0,0,0,0,0,0,0,6,4,16,0,0
2025,9,,Dallas Cowboys,Arizona Cardinals,Elijah Higgins,ARI,Dallas Cowboys,away,17,27,TE,0,0.0,0,0,0,0,0,0,0,0,0,3,3,30,0,0
2025,9,,Dallas Cowboys,Arizona Cardinals,Emari Demercado,ARI,Dallas Cowboys,away,17,27,RB,14,23.333333333333332,0,0,0,0,0,0,14,79,0,1,1,-1,0,0
2025,9,,Dallas Cowboys,Arizona Cardinals,Greg Dortch,ARI,Dallas Cowboys,away,17,27,WR,1,1.6666666666666667,0,0,0,0,0,0,1,9,0,0,0,0,0,0
2025,9,,Dallas Cowboys,Arizona Cardinals,Jacoby Brissett,ARI,Dallas Cowboys,away,17,27,QB,36,60.0,21,31,261,2,0,5,5,4,1,0,0,0,0,1
2025,9,,Dallas Cowboys,Arizona Cardinals,Marvin Harrison Jr.,ARI,Dallas Cowboys,away,17,27,WR,0,0.0,0,0,0,0,0,0,0,0,0,10,7,96,1,0
2025,9,,Dallas Cowboys,Arizona Cardinals,Michael Wilson,ARI,Dallas Cowboys,away,17,27,WR,0,0.0,0,0,0,0,0,0,0,0,0,4,3,61,0,0
2025,9,,Dallas Cowboys,Arizona Cardinals,Trey McBride,ARI,Dallas Cowboys,away,17,27,TE,0,0.0,0,0,0,0,0,0,0,0,0,9,5,55,1,0
2025,9,,Dallas Cowboys,Arizona Cardinals,Zonovan Knight,ARI,Dallas Cowboys,away,17,27,RB,9,15.0,0,0,0,0,0,0,9,27,0,2,2,20,0,0
2025,9,"52 degrees, relative humidity 51%, wind 7 mph",Atlanta Falcons,New England Patriots,Bijan Robinson,ATL,New England Patriots,home,23,24,RB,12,22.641509433962266,0,0,0,0,0,0,12,46,0,10,8,50,0,0
2025,9,"52 degrees, relative humidity 51%, wind 7 mph",Atlanta Falcons,New England Patriots,Darnell Mooney,ATL,New England Patriots,home,23,24,WR,0,0.0,0,0,0,0,0,0,0,0,0,2,1,15,0,0
2025,9,"52 degrees, relative humidity 51%, wind 7 mph",Atlanta Falcons,New England Patriots,David Sills,ATL,New England Patriots,home,23,24,UNK,0,0.0,0,0,0,0,0,0,0,0,0,1,0,0,0,0
2025,9,"52 degrees, relative humidity 51%, wind 7 mph",Atlanta Falcons,New England Patriots,Drake London,ATL,New England Patriots,home,23,24,WR,0,0.0,0,0,0,0,0,0,0,0,0,14,9,118,3,0
2025,9,"52 degrees, relative humidity 51%, wind 7 mph",Atlanta Falcons,New England Patriots,Kyle Pitts,ATL,New England Patriots,home,23,24,TE,0,0.0,0,0,0,0,0,0,0,0,0,7,4,38,0,0
2025,9,"52 degrees, relative humidity 51%, wind 7 mph",Atlanta Falcons,New England Patriots,Michael Penix,ATL,New England Patriots,home,23,24,QB,39,73.58490566037736,22,37,221,3,0,1,2,19,0,0,0,0,0,1
2025,9,"52 degrees, relative humidity 51%, wind 7 mph",Atlanta Falcons,New England Patriots,Tyler Allgeier,ATL,New England Patriots,home,23,24,RB,2,3.7735849056603774,0,0,0,0,0,0,2,6,0,0,0,0,0,0
2025,9,"73 degrees, relative humidity 57%, wind 5 mph",Miami Dolphins,Baltimore Ravens,Charlie Kolar,BAL,Miami Dolphins,away,6,28,TE,0,0.0,0,0,0,0,0,0,0,0,0,2,2,23,1,0
2025,9,"73 degrees, relative humidity 57%, wind 5 mph",Miami Dolphins,Baltimore Ravens,DeAndre Hopkins,BAL,Miami Dolphins,away,6,28,WR,0,0.0,0,0,0,0,0,0,0,0,0,1,0,0,0,0
2025,9,"73 degrees, relative humidity 57%, wind 5 mph",Miami Dolphins,Baltimore Ravens,Derrick Henry,BAL,Miami Dolphins,away,6,28,RB,19,35.18518518518518,0,0,0,0,0,0,19,119,0,1,1,2,0,0
2025,9,"73 degrees, relative humidity 57%, wind 5 mph",Miami Dolphins,Baltimore Ravens,Isaiah Likely,BAL,Miami Dolphins,away,6,28,TE,0,0.0,0,0,0,0,0,0,0,0,0,4,3,60,0,0
2025,9,"73 degrees, relative humidity 57%, wind 5 mph",Miami Dolphins,Baltimore Ravens,Justice Hill,BAL,Miami Dolphins,away,6,28,RB,1,1.8518518518518516,0,0,0,0,0,0,1,2,0,2,2,13,0,0
2025,9,"73 degrees, relative humidity 57%, wind 5 mph",Miami Dolphins,Baltimore Ravens,Keaton Mitchell,BAL,Miami Dolphins,away,6,28,RB,4,7.4074074074074066,0,0,0,0,0,0,4,11,0,1,1,7,0,0
2025,9,"73 degrees, relative humidity 57%, wind 5 mph",Miami Dolphins,Baltimore Ravens,Lamar Jackson,BAL,Miami Dolphins,away,6,28,QB,28,51.85185185185185,18,23,204,4,0,2,5,14,0,0,0,0,0,0
2025,9,"73 degrees, relative humidity 57%, wind 5 mph",Miami Dolphins,Baltimore Ravens,Mark Andrews,BAL,Miami Dolphins,away,6,28,TE,2,3.7037037037037033,0,0,0,0,0,0,2,4,0,3,2,22,2,0
2025,9,"73 degrees, relative humidity 57%, wind 5 mph",Miami Dolphins,Baltimore Ravens,Rashod Bateman,BAL,Miami Dolphins,away,6,28,WR,0,0.0,0,0,0,0,0,0,0,0,0,4,2,13,1,0
2025,9,"73 degrees, relative humidity 57%, wind 5 mph",Miami Dolphins,Baltimore Ravens,Zay Flowers,BAL,Miami Dolphins,away,6,28,WR,0,0.0,0,0,0,0,0,0,0,0,0,5,5,64,0,0
2025,9,"54 degrees, relative humidity 55%, wind 6 mph",Kansas City Chiefs,Buffalo Bills,Curtis Samuel,BUF,Kansas City Chiefs,away,28,21,WR,0,0.0,0,0,0,0,0,0,0,0,0,1,1,6,0,0
2025,9,"54 degrees, relative humidity 55%, wind 6 mph",Kansas City Chiefs,Buffalo Bills,Dalton Kincaid,BUF,Kansas City Chiefs,away,28,21,TE,0,0.0,0,0,0,0,0,0,0,0,0,6,6,101,1,0
2025,9,"54 degrees, relative humidity 55%, wind 6 mph",Kansas City Chiefs,Buffalo Bills,Dawson Knox,BUF,Kansas City Chiefs,away,28,21,TE,0,0.0,0,0,0,0,0,0,0,0,0,1,1,30,0,0
2025,9,"54 degrees, relative humidity 55%, wind 6 mph",Kansas City Chiefs,Buffalo Bills,Elijah Moore,BUF,Kansas City Chiefs,away,28,21,WR,0,0.0,0,0,0,0,0,0,0,0,0,1,1,28,0,0
2025,9,"54 degrees, relative humidity 55%, wind 6 mph",Kansas City Chiefs,Buffalo Bills,Jackson Hawes,BUF,Kansas City Chiefs,away,28,21,TE,0,0.0,0,0,0,0,0,0,0,0,0,2,1,18,0,0
2025,9,"54 degrees, relative humidity 55%, wind 6 mph",Kansas City Chiefs,Buffalo Bills,James Cook,BUF,Kansas City Chiefs,away,28,21,RB,27,44.26229508196721,0,0,0,0,0,0,27,114,0,1,1,11,0,0
2025,9,"54 degrees, relative humidity 55%, wind 6 mph",Kansas City Chiefs,Buffalo Bills,Josh Allen,BUF,Kansas City Chiefs,away,28,21,QB,32,52.459016393442624,23,26,273,1,0,3,6,19,2,0,0,0,0,0
2025,9,"54 degrees, relative humidity 55%, wind 6 mph",Kansas City Chiefs,Buffalo Bills,Keon Coleman,BUF,Kansas City Chiefs,away,28,21,WR,0,0.0,0,0,0,0,0,0,0,0,0,2,2,17,0,0
2025,9,"54 degrees, relative humidity 55%, wind 6 mph",Kansas City Chiefs,Buffalo Bills,Khalil Shakir,BUF,Kansas City Chiefs,away,28,21,WR,0,0.0,0,0,0,0,0,0,0,0,0,8,7,43,0,0
2025,9,"54 degrees, relative humidity 55%, wind 6 mph",Kansas City Chiefs,Buffalo Bills,Ty Johnson,BUF,Kansas City Chiefs,away,28,21,RB,2,3.278688524590164,0,0,0,0,0,0,2,8,1,2,2,12,0,0
2025,9,"54 degrees, relative humidity 55%, wind 6 mph",Kansas City Chiefs,Buffalo Bills,Tyrell Shavers,BUF,Kansas City Chiefs,away,28,21,WR,0,0.0,0,0,0,0,0,0,0,0,0,1,1,7,0,0
2025,9,"47 degrees, relative humidity 53%, wind 15 mph",Green Bay Packers,Carolina Panthers,Bryce Young,CAR,Green Bay Packers,away,13,16,QB,22,41.509433962264154,11,20,102,0,1,1,2,9,0,0,0,0,0,1
2025,9,"47 degrees, relative humidity 53%, wind 15 mph",Green Bay Packers,Carolina Panthers,Brycen Tremayne,CAR,Green Bay Packers,away,13,16,WR,0,0.0,0,0,0,0,0,0,0,0,0,1,1,8,0,0
2025,9,"47 degrees, relative humidity 53%, wind 15 mph",Green Bay Packers,Carolina Panthers,Chuba Hubbard,CAR,Green Bay Packers,away,13,16,RB,5,9.433962264150944,0,0,0,0,0,0,5,17,0,1,0,0,0,0
2025,9,"47 degrees, relative humidity 53%, wind 15 mph",Green Bay Packers,Carolina Panthers,Ja'Tavion Sanders,CAR,Green Bay Packers,away,13,16,TE,0,0.0,0,0,0,0,0,0,0,0,0,1,1,5,0,0
2025,9,"47 degrees, relative humidity 53%, wind 15 mph",Green Bay Packers,Carolina Panthers,Jalen Coker,CAR,Green Bay Packers,away,13,16,WR,0,0.0,0,0,0,0,0,0,0,0,0,1,1,9,0,0
2025,9,"47 degrees, relative humidity 53%, wind 15 mph",Green Bay Packers,Carolina Panthers,Jimmy Horn,CAR,Green Bay Packers,away,13,16,WR,1,1.8867924528301887,0,0,0,0,0,0,1,7,0,2,1,1,0,0
2025,9,"47 degrees, relative humidity 53%, wind 15 mph",Green Bay Packers,Carolina Panthers,Rico Dowdle,CAR,Green Bay Packers,away,13,16,RB,25,47.16981132075472,0,0,0,0,0,0,25,130,2,3,2,11,0,0
2025,9,"47 degrees, relative humidity 53%, wind 15 mph",Green Bay Packers,Carolina Panthers,Tetairoa McMillan,CAR,Green Bay Packers,away,13,16,WR,0,0.0,0,0,0,0,0,0,0,0,0,6,4,46,0,0
2025,9,"47 degrees, relative humidity 53%, wind 15 mph",Green Bay Packers,Carolina Panthers,Tommy Tremble,CAR,Green Bay Packers,away,13,16,TE,0,0.0,0,0,0,0,0,0,0,0,0,1,0,0,0,0
2025,9,"47 degrees, relative humidity 53%, wind 15 mph",Green Bay Packers,Carolina Panthers,Xavier Legette,CAR,Green Bay Packers,away,13,16,WR,0,0.0,0,0,0,0,0,0,0,0,0,3,1,22,0,0
2025,9,"50 degrees, relative humidity 74%, wind 6 mph",Cincinnati Bengals,Chicago Bears,Brittain Brown,CHI,Cincinnati Bengals,away,42,47,RB,5,6.756756756756757,0,0,0,0,0,0,5,37,1,1,0,0,0,0
2025,9,"50 degrees, relative humidity 74%, wind 6 mph",Cincinnati Bengals,Chicago Bears,Caleb Williams,CHI,Cincinnati Bengals,away,42,47,QB,39,52.702702702702695,20,34,280,3,0,2,5,53,0,2,2,22,1,0
2025,9,"50 degrees, relative humidity 74%, wind 6 mph",Cincinnati Bengals,Chicago Bears,Cole Kmet,CHI,Cincinnati Bengals,away,42,47,TE,1,1.3513513513513513,0,1,0,0,0,0,0,0,0,2,1,10,0,0
2025,9,"50 degrees, relative humidity 74%, wind 6 mph",Cincinnati Bengals,Chicago Bears,Colston Loveland,CHI,Cincinnati Bengals,away,42,47,TE,0,0.0,0,0,0,0,0,0,0,0,0,7,6,118,2,0
2025,9,"50 degrees, relative humidity 74%, wind 6 mph",Cincinnati Bengals,Chicago Bears,D.J. Moore,CHI,Cincinnati Bengals,away,42,47,WR,2,2.7027027027027026,1,1,2,1,0,0,1,17,1,6,4,72,0,0
2025,9,"50 degrees, relative humidity 74%, wind 6 mph",Cincinnati Bengals,Chicago Bears,Kyle Monangai,CHI,Cincinnati Bengals,away,42,47,RB,26,35.13513513513514,0,0,0,0,0,0,26,176,0,5,3,22,0,0
2025,9,"50 degrees, relative humidity 74%, wind 6 mph",Cincinnati Bengals,Chicago Bears,Olamide Zaccheaus,CHI,Cincinnati Bengals,away,42,47,WR,0,0.0,0,0,0,0,0,0,0,0,0,8,6,58,1,0
2025,9,"50 degrees, relative humidity 74%, wind 6 mph",Cincinnati Bengals,Chicago Bears,Rome Odunze,CHI,Cincinnati Bengals,away,42,47,WR,0,0.0,0,0,0,0,0,0,0,0,0,3,0,0,0,0
2025,9,"50 degrees, relative humidity 74%, wind 6 mph",Cincinnati Bengals,Chicago Bears,Tyson Bagent,CHI,Cincinnati Bengals,away,42,47,QB,1,1.3513513513513513,1,1,20,0,0,0,0,0,0,0,0,0,0,0
2025,9,"50 degrees, relative humidity 74%, wind 6 mph",Cincinnati Bengals,Chicago Bears,Andrei Iosivas,CIN,Chicago Bears,home,47,42,WR,1,1.6129032258064515,0,0,0,0,0,0,1,4,0,7,5,66,1,0
2025,9,"50 degrees, relative humidity 74%, wind 6 mph",Cincinnati Bengals,Chicago Bears,Chase Brown,CIN,Chicago Bears,home,47,42,HB,11,17.741935483870968,0,0,0,0,0,0,11,37,0,14,8,75,0,0
2025,9,"50 degrees, relative humidity 74%, wind 6 mph",Cincinnati Bengals,Chicago Bears,Ja'Marr Chase,CIN,Chicago Bears,home,47,42,WR,0,0.0,0,0,0,0,0,0,0,0,0,8,6,111,0,0
2025,9,"50 degrees, relative humidity 74%, wind 6 mph",Cincinnati Bengals,Chicago Bears,Joe Flacco,CIN,Chicago Bears,home,47,42,QB,48,77.41935483870968,31,47,470,4,2,3,1,-1,0,0,0,0,0,1
2025,9,"50 degrees, relative humidity 74%, wind 6 mph",Cincinnati Bengals,Chicago Bears,Mitchell Tinsley,CIN,Chicago Bears,home,47,42,WR,0,0.0,0,0,0,0,0,0,0,0,0,2,1,27,0,0
2025,9,"50 degrees, relative humidity 74%, wind 6 mph",Cincinnati Bengals,Chicago Bears,Noah Fant,CIN,Chicago Bears,home,47,42,TE,0,0.0,0,0,0,0,0,0,0,0,0,3,2,28,1,0
2025,9,"50 degrees, relative humidity 74%, wind 6 mph",Cincinnati Bengals,Chicago Bears,Samaje Perine,CIN,Chicago Bears,home,47,42,HB,1,1.6129032258064515,0,0,0,0,0,0,1,5,0,0,0,0,0,0
2025,9,"50 degrees, relative humidity 74%, wind 6 mph",Cincinnati Bengals,Chicago Bears,Tahj Brooks,CIN,Chicago Bears,home,47,42,HB,1,1.6129032258064515,0,0,0,0,0,0,1,1,0,0,0,0,0,0
2025,9,"50 degrees, relative humidity 74%, wind 6 mph",Cincinnati Bengals,Chicago Bears,Tanner Hudson,CIN,Chicago Bears,home,47,42,TE,0,0.0,0,0,0,0,0,0,0,0,0,2,2,42,0,0
2025,9,"50 degrees, relative humidity 74%, wind 6 mph",Cincinnati Bengals,Chicago Bears,Tee Higgins,CIN,Chicago Bears,home,47,42,WR,0,0.0,0,0,0,0,0,0,0,0,0,9,7,121,2,0
2025,9,,Dallas Cowboys,Arizona Cardinals,CeeDee Lamb,DAL,Arizona Cardinals,home,27,17,WR,0,0.0,0,0,0,0,0,0,0,0,0,12,7,85,0,0
2025,9,,Dallas Cowboys,Arizona Cardinals,Dak Prescott,DAL,Arizona Cardinals,home,27,17,QB,43,71.66666666666667,24,39,250,1,1,5,4,34,0,0,0,0,0,0
2025,9,,Dallas Cowboys,Arizona Cardinals,George Pickens,DAL,Arizona Cardinals,home,27,17,WR,0,0.0,0,0,0,0,0,0,0,0,0,9,6,79,0,2
2025,9,,Dallas Cowboys,Arizona Cardinals,Jake Ferguson,DAL,Arizona Cardinals,home,27,17,TE,0,0.0,0,0,0,0,0,0,0,0,0,7,5,50,0,1
2025,9,,Dallas Cowboys,Arizona Cardinals,Javonte Williams,DAL,Arizona Cardinals,home,27,17,RB,15,25.0,0,0,0,0,0,0,15,83,0,1,1,0,0,1
2025,9,,Dallas Cowboys,Arizona Cardinals,KaVontae Turpin,DAL,Arizona Cardinals,home,27,17,WR,1,1.6666666666666667,0,0,0,0,0,0,1,3,0,3,2,10,0,0
2025,9,,Dallas Cowboys,Arizona Cardinals,Luke Schoonmaker,DAL,Arizona Cardinals,home,27,17,TE,0,0.0,0,0,0,0,0,0,0,0,0,2,1,14,0,0
2025,9,,Dallas Cowboys,Arizona Cardinals,Malik Davis,DAL,Arizona Cardinals,home,27,17,RB,1,1.6666666666666667,0,0,0,0,0,0,1,3,0,0,0,0,0,0
2025,9,,Dallas Cowboys,Arizona Cardinals,Ryan Flournoy,DAL,Arizona Cardinals,home,27,17,WR,0,0.0,0,0,0,0,0,0,0,0,0,2,2,12,1,0
2025,9,,Houston Texans,Denver Broncos,Adam Prentice,DEN,Houston Texans,away,15,18,FB,1,1.6666666666666667,0,0,0,0,0,0,1,2,0,0,0,0,0,0
2025,9,,Houston Texans,Denver Broncos,Adam Trautman,DEN,Houston Texans,away,15,18,TE,0,0.0,0,0,0,0,0,0,0,0,0,2,2,25,0,0
2025,9,,Houston Texans,Denver Broncos,Bo Nix,DEN,Houston Texans,away,15,18,QB,40,66.66666666666666,18,37,173,2,1,1,3,36,0,0,0,0,0,0
2025,9,,Houston Texans,Denver Broncos,Courtland Sutton,DEN,Houston Texans,away,15,18,WR,0,0.0,0,0,0,0,0,0,0,0,0,6,1,30,1,0
2025,9,,Houston Texans,Denver Broncos,Evan Engram,DEN,Houston Texans,away,15,18,TE,0,0.0,0,0,0,0,0,0,0,0,0,3,0,0,0,0
2025,9,,Houston Texans,Denver Broncos,J.K. Dobbins,DEN,Houston Texans,away,15,18,RB,15,25.0,0,0,0,0,0,0,15,61,0,1,1,-2,0,0
2025,9,,Houston Texans,Denver Broncos,Michael Bandy,DEN,Houston Texans,away,15,18,WR,0,0.0,0,0,0,0,0,0,0,0,0,1,1,16,0,1
2025,9,,Houston Texans,Denver Broncos,Pat Bryant,DEN,Houston Texans,away,15,18,WR,0,0.0,0,0,0,0,0,0,0,0,0,3,2,20,0,0
2025,9,,Houston Texans,Denver Broncos,RJ Harvey,DEN,Houston Texans,away,15,18,RB,2,3.3333333333333335,0,0,0,0,0,0,2,5,0,5,5,51,1,0
2025,9,,Houston Texans,Denver Broncos,Troy Franklin,DEN,Houston Texans,away,15,18,WR,2,3.3333333333333335,0,0,0,0,0,0,2,-4,0,10,4,27,0,0
2025,9,,Houston Texans,Denver Broncos,Tyler Badie,DEN,Houston Texans,away,15,18,RB,0,0.0,0,0,0,0,0,0,0,0,0,3,2,6,0,0
2025,9,,Detroit Lions,Minnesota Vikings,Amon-Ra St. Brown,DET,Minnesota Vikings,home,27,24,WR,0,0.0,0,0,0,0,0,0,0,0,0,13,9,97,0,0
2025,9,,Detroit Lions,Minnesota Vikings,Brock Wright,DET,Minnesota Vikings,home,27,24,TE,0,0.0,0,0,0,0,0,0,0,0,0,1,1,11,0,0
2025,9,,Detroit Lions,Minnesota Vikings,David Montgomery,DET,Minnesota Vikings,home,27,24,RB,11,19.298245614035086,0,0,0,0,0,0,11,40,1,4,2,10,0,1
2025,9,,Detroit Lions,Minnesota Vikings,Jahmyr Gibbs,DET,Minnesota Vikings,home,27,24,RB,9,15.789473684210526,0,0,0,0,0,0,9,25,0,3,3,3,0,0
2025,9,,Detroit Lions,Minnesota Vikings,Jameson Williams,DET,Minnesota Vikings,home,27,24,WR,0,0.0,0,0,0,0,0,0,0,0,0,6,4,66,1,0
2025,9,,Detroit Lions,Minnesota Vikings,Jared Goff,DET,Minnesota Vikings,home,27,24,QB,37,64.91228070175438,25,37,284,2,0,5,0,0,0,0,0,0,0,0
2025,9,,Detroit Lions,Minnesota Vikings,Kalif Raymond,DET,Minnesota Vikings,home,27,24,WR,0,0.0,0,0,0,0,0,0,0,0,0,1,0,0,0,0
2025,9,,Detroit Lions,Minnesota Vikings,Sam LaPorta,DET,Minnesota Vikings,home,27,24,TE,0,0.0,0,0,0,0,0,0,0,0,0,8,6,97,1,0
2025,9,"47 degrees, relative humidity 53%, wind 15 mph",Green Bay Packers,Carolina Panthers,Chris Brooks,GNB,Green Bay Packers,away,13,16,RB,0,0.0,0,0,0,0,0,0,0,0,0,2,2,24,0,0
2025,9,"47 degrees, relative humidity 53%, wind 15 mph",Green Bay Packers,Carolina Panthers,Christian Watson,GNB,Green Bay Packers,away,13,16,WR,0,0.0,0,0,0,0,0,0,0,0,0,4,2,58,0,0
2025,9,"47 degrees, relative humidity 53%, wind 15 mph",Green Bay Packers,Carolina Panthers,Emanuel Wilson,GNB,Green Bay Packers,away,13,16,RB,6,9.67741935483871,0,0,0,0,0,0,6,16,0,2,1,1,0,0
2025,9,"47 degrees, relative humidity 53%, wind 15 mph",Green Bay Packers,Carolina Panthers,Jordan Love,GNB,Green Bay Packers,away,13,16,QB,38,61.29032258064516,26,37,273,0,1,1,1,1,0,0,0,0,0,0
2025,9,"47 degrees, relative humidity 53%, wind 15 mph",Green Bay Packers,Carolina Panthers,Josh Jacobs,GNB,Green Bay Packers,away,13,16,RB,17,27.419354838709676,0,0,0,0,0,0,17,87,1,5,4,13,0,0
2025,9,"47 degrees, relative humidity 53%, wind 15 mph",Green Bay Packers,Carolina Panthers,Luke Musgrave,GNB,Green Bay Packers,away,13,16,TE,0,0.0,0,0,0,0,0,0,0,0,0,3,3,34,0,0
2025,9,"47 degrees, relative humidity 53%, wind 15 mph",Green Bay Packers,Carolina Panthers,Malik Heath,GNB,Green Bay Packers,away,13,16,WR,0,0.0,0,0,0,0,0,0,0,0,0,1,1,11,0,0
2025,9,"47 degrees, relative humidity 53%, wind 15 mph",Green Bay Packers,Carolina Panthers,Matthew Golden,GNB,Green Bay Packers,away,13,16,WR,0,0.0,0,0,0,0,0,0,0,0,0,3,2,9,0,0
2025,9,"47 degrees, relative humidity 53%, wind 15 mph",Green Bay Packers,Carolina Panthers,Romeo Doubs,GNB,Green Bay Packers,away,13,16,WR,0,0.0,0,0,0,0,0,0,0,0,0,10,7,91,0,0
2025,9,"47 degrees, relative humidity 53%, wind 15 mph",Green Bay Packers,Carolina Panthers,Savion Williams,GNB,Green Bay Packers,away,13,16,WR,1,1.6129032258064515,0,0,0,0,0,0,1,0,0,2,2,12,0,1
2025,9,"47 degrees, relative humidity 53%, wind 15 mph",Green Bay Packers,Carolina Panthers,Tucker Kraft,GNB,Green Bay Packers,away,13,16,TE,0,0.0,0,0,0,0,0,0,0,0,0,3,2,20,0,0
2025,9,,Houston Texans,Denver Broncos,British Brooks,HOU,Denver Broncos,home,18,15,RB,2,2.941176470588235,0,0,0,0,0,0,2,0,0,0,0,0,0,0
2025,9,,Houston Texans,Denver Broncos,C.J. Stroud,HOU,Denver Broncos,home,18,15,QB,12,17.647058823529413,6,10,79,0,0,2,2,12,0,0,0,0,0,0
2025,9,,Houston Texans,Denver Broncos,Christian Kirk,HOU,Denver Broncos,home,18,15,WR,0,0.0,0,0,0,0,0,0,0,0,0,8,4,26,0,0
2025,9,,Houston Texans,Denver Broncos,Dalton Schultz,HOU,Denver Broncos,home,18,15,TE,0,0.0,0,0,0,0,0,0,0,0,0,8,6,77,0,0
2025,9,,Houston Texans,Denver Broncos,Dare Ogunbowale,HOU,Denver Broncos,home,18,15,RB,0,0.0,0,0,0,0,0,0,0,0,0,1,1,2,0,0
2025,9,,Houston Texans,Denver Broncos,Davis Mills,HOU,Denver Broncos,home,18,15,QB,32,47.05882352941176,17,30,137,0,0,2,2,7,0,0,0,0,0,0
2025,9,,Houston Texans,Denver Broncos,Harrison Bryant,HOU,Denver Broncos,home,18,15,TE,0,0.0,0,0,0,0,0,0,0,0,0,2,1,2,0,0
2025,9,,Houston Texans,Denver Broncos,Jayden Higgins,HOU,Denver Broncos,home,18,15,WR,0,0.0,0,0,0,0,0,0,0,0,0,1,1,4,0,0
2025,9,,Houston Texans,Denver Broncos,Jaylin Noel,HOU,Denver Broncos,home,18,15,WR,1,1.4705882352941175,0,0,0,0,0,0,1,-3,0,0,0,0,0,0
2025,9,,Houston Texans,Denver Broncos,Nick Chubb,HOU,Denver Broncos,home,18,15,RB,11,16.176470588235293,0,0,0,0,0,0,11,34,0,0,0,0,0,0
2025,9,,Houston Texans,Denver Broncos,Nico Collins,HOU,Denver Broncos,home,18,15,WR,0,0.0,0,0,0,0,0,0,0,0,0,11,7,75,0,0
2025,9,,Houston Texans,Denver Broncos,Woody Marks,HOU,Denver Broncos,home,18,15,RB,10,14.705882352941178,0,0,0,0,0,0,10,27,0,3,0,0,0,0
2025,9,,Houston Texans,Denver Broncos,Xavier Hutchinson,HOU,Denver Broncos,home,18,15,WR,0,0.0,0,0,0,0,0,0,0,0,0,5,3,30,0,0
2025,9,"56 degrees, relative humidity 66%, wind 2 mph",Indianapolis Colts,Pittsburgh Steelers,Adonai Mitchell,IND,Pittsburgh Steelers,home,20,27,WR,0,0.0,0,0,0,0,0,0,0,0,0,1,1,7,0,0
2025,9,"56 degrees, relative humidity 66%, wind 2 mph",Indianapolis Colts,Pittsburgh Steelers,Alec Pierce,IND,Pittsburgh Steelers,home,20,27,WR,0,0.0,0,0,0,0,0,0,0,0,0,13,6,115,0,0
2025,9,"56 degrees, relative humidity 66%, wind 2 mph",Indianapolis Colts,Pittsburgh Steelers,Ameer Abdullah,IND,Pittsburgh Steelers,home,20,27,RB,1,1.4492753623188406,0,0,0,0,0,0,1,3,0,1,1,2,0,0
2025,9,"56 degrees, relative humidity 66%, wind 2 mph",Indianapolis Colts,Pittsburgh Steelers,Daniel Jones,IND,Pittsburgh Steelers,home,20,27,QB,53,76.81159420289855,31,50,342,1,3,5,3,4,1,0,0,0,0,3
2025,9,"56 degrees, relative humidity 66%, wind 2 mph",Indianapolis Colts,Pittsburgh Steelers,Jonathan Taylor,IND,Pittsburgh Steelers,home,20,27,RB,14,20.28985507246377,0,0,0,0,0,0,14,45,0,2,2,12,0,0
2025,9,"56 degrees, relative humidity 66%, wind 2 mph",Indianapolis Colts,Pittsburgh Steelers,Josh Downs,IND,Pittsburgh Steelers,home,20,27,WR,0,0.0,0,0,0,0,0,0,0,0,0,9,6,57,1,1
2025,9,"56 degrees, relative humidity 66%, wind 2 mph",Indianapolis Colts,Pittsburgh Steelers,Michael Pittman Jr.,IND,Pittsburgh Steelers,home,20,27,WR,0,0.0,0,0,0,0,0,0,0,0,0,12,9,115,0,0
2025,9,"56 degrees, relative humidity 66%, wind 2 mph",Indianapolis Colts,Pittsburgh Steelers,Mo Alie-Cox,IND,Pittsburgh Steelers,home,20,27,TE,0,0.0,0,0,0,0,0,0,0,0,0,1,0,0,0,0
2025,9,"56 degrees, relative humidity 66%, wind 2 mph",Indianapolis Colts,Pittsburgh Steelers,Rodney Thomas,IND,Pittsburgh Steelers,home,20,27,UNK,1,1.4492753623188406,0,0,0,0,0,0,1,3,0,0,0,0,0,0
2025,9,"56 degrees, relative humidity 66%, wind 2 mph",Indianapolis Colts,Pittsburgh Steelers,Tyler Goodson,IND,Pittsburgh Steelers,home,20,27,RB,0,0.0,0,0,0,0,0,0,0,0,0,2,1,8,0,0
2025,9,"56 degrees, relative humidity 66%, wind 2 mph",Indianapolis Colts,Pittsburgh Steelers,Tyler Warren,IND,Pittsburgh Steelers,home,20,27,TE,0,0.0,0,0,0,0,0,0,0,0,0,7,5,26,0,0
2025,9,,Las Vegas Raiders,Jacksonville Jaguars,Austin Trammell,JAX,Las Vegas Raiders,away,29,30,WR,0,0.0,0,0,0,0,0,0,0,0,0,1,0,0,0,0
2025,9,,Las Vegas Raiders,Jacksonville Jaguars,Bhayshul Tuten,JAX,Las Vegas Raiders,away,29,30,RB,9,11.842105263157894,0,0,0,0,0,0,9,29,1,1,1,-3,0,0
2025,9,,Las Vegas Raiders,Jacksonville Jaguars,Brian Thomas,JAX,Las Vegas Raiders,away,29,30,WR,0,0.0,0,0,0,0,0,0,0,0,0,5,3,55,0,0
2025,9,,Las Vegas Raiders,Jacksonville Jaguars,Dyami Brown,JAX,Las Vegas Raiders,away,29,30,WR,1,1.3157894736842104,0,0,0,0,0,0,1,4,0,7,3,25,0,0
2025,9,,Las Vegas Raiders,Jacksonville Jaguars,Hunter Long,JAX,Las Vegas Raiders,away,29,30,TE,0,0.0,0,0,0,0,0,0,0,0,0,3,1,6,0,0
2025,9,,Las Vegas Raiders,Jacksonville Jaguars,LeQuint Allen,JAX,Las Vegas Raiders,away,29,30,RB,1,1.3157894736842104,0,0,0,0,0,0,1,10,0,1,1,1,0,0
2025,9,,Las Vegas Raiders,Jacksonville Jaguars,Parker Washington,JAX,Las Vegas Raiders,away,29,30,WR,0,0.0,0,0,0,0,0,0,0,0,0,9,8,90,0,0
2025,9,,Las Vegas Raiders,Jacksonville Jaguars,Tim Jones,JAX,Las Vegas Raiders,away,29,30,WR,0,0.0,0,0,0,0,0,0,0,0,0,1,1,15,0,0
2025,9,,Las Vegas Raiders,Jacksonville Jaguars,Travis Etienne,JAX,Las Vegas Raiders,away,29,30,RB,22,28.947368421052634,0,0,0,0,0,0,22,84,0,5,5,31,0,1
2025,9,,Las Vegas Raiders,Jacksonville Jaguars,Trevor Lawrence,JAX,Las Vegas Raiders,away,29,30,QB,43,56.57894736842105,23,34,220,0,1,1,9,24,2,0,0,0,0,0
2025,9,"54 degrees, relative humidity 55%, wind 6 mph",Kansas City Chiefs,Buffalo Bills,Brashard Smith,KAN,Kansas City Chiefs,away,28,21,RB,3,5.555555555555555,0,0,0,0,0,0,3,7,0,1,0,0,0,0
2025,9,"54 degrees, relative humidity 55%, wind 6 mph",Kansas City Chiefs,Buffalo Bills,Clyde Edwards-Helaire,KAN,Kansas City Chiefs,away,28,21,RB,2,3.7037037037037033,0,0,0,0,0,0,2,5,0,0,0,0,0,0
2025,9,"54 degrees, relative humidity 55%, wind 6 mph",Kansas City Chiefs,Buffalo Bills,JuJu Smith-Schuster,KAN,Kansas City Chiefs,away,28,21,WR,0,0.0,0,0,0,0,0,0,0,0,0,1,1,2,0,0
2025,9,"54 degrees, relative humidity 55%, wind 6 mph",Kansas City Chiefs,Buffalo Bills,Kareem Hunt,KAN,Kansas City Chiefs,away,28,21,RB,11,20.37037037037037,0,0,0,0,0,0,11,49,1,2,1,6,0,0
2025,9,"54 degrees, relative humidity 55%, wind 6 mph",Kansas City Chiefs,Buffalo Bills,Marquise Brown,KAN,Kansas City Chiefs,away,28,21,WR,0,0.0,0,0,0,0,0,0,0,0,0,4,2,73,0,0
2025,9,"54 degrees, relative humidity 55%, wind 6 mph",Kansas City Chiefs,Buffalo Bills,Noah Gray,KAN,Kansas City Chiefs,away,28,21,TE,0,0.0,0,0,0,0,0,0,0,0,0,1,0,0,0,0
2025,9,"54 degrees, relative humidity 55%, wind 6 mph",Kansas City Chiefs,Buffalo Bills,Patrick Mahomes,KAN,Kansas City Chiefs,away,28,21,QB,35,64.81481481481481,15,34,250,0,1,3,1,5,0,0,0,0,0,0
2025,9,"54 degrees, relative humidity 55%, wind 6 mph",Kansas City Chiefs,Buffalo Bills,Rashee Rice,KAN,Kansas City Chiefs,away,28,21,WR,2,3.7037037037037033,0,0,0,0,0,0,2,6,1,7,4,80,0,0
2025,9,"54 degrees, relative humidity 55%, wind 6 mph",Kansas City Chiefs,Buffalo Bills,Travis Kelce,KAN,Kansas City Chiefs,away,28,21,TE,0,0.0,0,0,0,0,0,0,0,0,0,5,4,66,0,0
2025,9,"54 degrees, relative humidity 55%, wind 6 mph",Kansas City Chiefs,Buffalo Bills,Tyquan Thornton,KAN,Kansas City Chiefs,away,28,21,WR,0,0.0,0,0,0,0,0,0,0,0,0,1,0,0,0,0
2025,9,"54 degrees, relative humidity 55%, wind 6 mph",Kansas City Chiefs,Buffalo Bills,Xavier Worthy,KAN,Kansas City Chiefs,away,28,21,WR,1,1.8518518518518516,0,0,0,0,0,0,1,7,0,7,3,23,0,0
2025,9,"46 degrees, relative humidity 84%, wind 5 mph",Tennessee Titans,Los Angeles Chargers,Jaret Patterson,LAC,Tennessee Titans,away,20,27,RB,9,15.254237288135593,0,0,0,0,0,0,9,44,0,0,0,0,0,0
2025,9,"46 degrees, relative humidity 84%, wind 5 mph",Tennessee Titans,Los Angeles Chargers,Justin Herbert,LAC,Tennessee Titans,away,20,27,QB,38,64.40677966101694,19,29,250,2,1,6,9,57,1,0,0,0,0,0
2025,9,"46 degrees, relative humidity 84%, wind 5 mph",Tennessee Titans,Los Angeles Chargers,KeAndre Lambert-Smith,LAC,Tennessee Titans,away,20,27,WR,0,0.0,0,0,0,0,0,0,0,0,0,1,0,0,0,0
2025,9,"46 degrees, relative humidity 84%, wind 5 mph",Tennessee Titans,Los Angeles Chargers,Keenan Allen,LAC,Tennessee Titans,away,20,27,WR,0,0.0,0,0,0,0,0,0,0,0,0,5,2,41,0,0
2025,9,"46 degrees, relative humidity 84%, wind 5 mph",Tennessee Titans,Los Angeles Chargers,Kimani Vidal,LAC,Tennessee Titans,away,20,27,RB,12,20.33898305084746,0,0,0,0,0,0,12,30,0,1,0,0,0,1
2025,9,"46 degrees, relative humidity 84%, wind 5 mph",Tennessee Titans,Los Angeles Chargers,Ladd McConkey,LAC,Tennessee Titans,away,20,27,WR,0,0.0,0,0,0,0,0,0,0,0,0,7,4,56,0,0
2025,9,"46 degrees, relative humidity 84%, wind 5 mph",Tennessee Titans,Los Angeles Chargers,Oronde Gadsden,LAC,Tennessee Titans,away,20,27,UNK,0,0.0,0,0,0,0,0,0,0,0,0,5,5,68,0,0
2025,9,"46 degrees, relative humidity 84%, wind 5 mph",Tennessee Titans,Los Angeles Chargers,Quentin Johnston,LAC,Tennessee Titans,away,20,27,WR,0,0.0,0,0,0,0,0,0,0,0,0,5,4,53,1,0
2025,9,"46 degrees, relative humidity 84%, wind 5 mph",Tennessee Titans,Los Angeles Chargers,Scott Matlock,LAC,Tennessee Titans,away,20,27,FB,0,0.0,0,0,0,0,0,0,0,0,0,1,1,2,1,0
2025,9,"46 degrees, relative humidity 84%, wind 5 mph",Tennessee Titans,Los Angeles Chargers,Tre Harris,LAC,Tennessee Titans,away,20,27,WR,0,0.0,0,0,0,0,0,0,0,0,0,2,2,18,0,0
2025,9,"46 degrees, relative humidity 84%, wind 5 mph",Tennessee Titans,Los Angeles Chargers,Tucker Fisk,LAC,Tennessee Titans,away,20,27,TE,0,0.0,0,0,0,0,0,0,0,0,0,1,1,12,0,0
2025,9,,New Orleans Saints,Los Angeles Rams,Blake Corum,LAR,New Orleans Saints,away,34,10,RB,13,17.333333333333336,0,0,0,0,0,0,13,58,0,0,0,0,0,0
2025,9,,New Orleans Saints,Los Angeles Rams,Colby Parkinson,LAR,New Orleans Saints,away,34,10,TE,0,0.0,0,0,0,0,0,0,0,0,0,2,2,10,0,0
2025,9,,New Orleans Saints,Los Angeles Rams,Davante Adams,LAR,New Orleans Saints,away,34,10,WR,0,0.0,0,0,0,0,0,0,0,0,0,7,5,60,2,0
2025,9,,New Orleans Saints,Los Angeles Rams,Davis Allen,LAR,New Orleans Saints,away,34,10,TE,0,0.0,0,0,0,0,0,0,0,0,0,4,3,37,0,0
2025,9,,New Orleans Saints,Los Angeles Rams,Kyren Williams,LAR,New Orleans Saints,away,34,10,RB,25,33.33333333333333,0,0,0,0,0,0,25,114,1,0,0,0,0,0
2025,9,,New Orleans Saints,Los Angeles Rams,Matthew Stafford,LAR,New Orleans Saints,away,34,10,QB,36,48.0,24,32,281,4,0,2,4,-4,0,0,0,0,0,0
2025,9,,New Orleans Saints,Los Angeles Rams,Puka Nacua,LAR,New Orleans Saints,away,34,10,WR,1,1.3333333333333335,0,0,0,0,0,0,1,3,0,8,7,95,1,0
2025,9,,New Orleans Saints,Los Angeles Rams,Terrance Ferguson,LAR,New Orleans Saints,away,34,10,TE,0,0.0,0,0,0,0,0,0,0,0,0,3,2,54,0,0
2025,9,,New Orleans Saints,Los Angeles Rams,Tyler Higbee,LAR,New Orleans Saints,away,34,10,TE,0,0.0,0,0,0,0,0,0,0,0,0,4,3,13,1,0
2025,9,,New Orleans Saints,Los Angeles Rams,Xavier Smith,LAR,New Orleans Saints,away,34,10,WR,0,0.0,0,0,0,0,0,0,0,0,0,3,2,12,0,0
2025,9,,Las Vegas Raiders,Jacksonville Jaguars,Ashton Jeanty,LVR,Las Vegas Raiders,away,29,30,RB,13,22.413793103448278,0,0,0,0,0,0,13,42,0,5,5,47,1,0
2025,9,,Las Vegas Raiders,Jacksonville Jaguars,Brock Bowers,LVR,Las Vegas Raiders,away,29,30,TE,1,1.7241379310344827,0,0,0,0,0,0,1,6,0,13,12,127,3,0
2025,9,,Las Vegas Raiders,Jacksonville Jaguars,Geno Smith,LVR,Las Vegas Raiders,away,29,30,QB,44,75.86206896551724,29,39,284,4,1,2,5,9,0,0,0,0,0,0
2025,9,,Las Vegas Raiders,Jacksonville Jaguars,Ian Thomas,LVR,Las Vegas Raiders,away,29,30,TE,0,0.0,0,0,0,0,0,0,0,0,0,1,1,9,0,0
2025,9,,Las Vegas Raiders,Jacksonville Jaguars,Jakobi Meyers,LVR,Las Vegas Raiders,away,29,30,WR,0,0.0,0,0,0,0,0,0,0,0,0,6,4,23,0,0
2025,9,,Las Vegas Raiders,Jacksonville Jaguars,Michael Mayer,LVR,Las Vegas Raiders,away,29,30,TE,0,0.0,0,0,0,0,0,0,0,0,0,7,3,26,0,0
2025,9,,Las Vegas Raiders,Jacksonville Jaguars,Raheem Mostert,LVR,Las Vegas Raiders,away,29,30,RB,0,0.0,0,0,0,0,0,0,0,0,0,1,1,14,0,0
2025,9,,Las Vegas Raiders,Jacksonville Jaguars,Tre Tucker,LVR,Las Vegas Raiders,away,29,30,WR,0,0.0,0,0,0,0,0,0,0,0,0,4,3,38,0,0
2025,9,,Las Vegas Raiders,Jacksonville Jaguars,Tyler Lockett,LVR,Las Vegas Raiders,away,29,30,WR,0,0.0,0,0,0,0,0,0,0,0,0,1,0,0,0,0
2025,9,"73 degrees, relative humidity 57%, wind 5 mph",Miami Dolphins,Baltimore Ravens,Cedrick Wilson Jr.,MIA,Baltimore Ravens,home,28,6,WR,0,0.0,0,0,0,0,0,0,0,0,0,1,1,7,0,0
2025,9,"73 degrees, relative humidity 57%, wind 5 mph",Miami Dolphins,Baltimore Ravens,D'Wayne Eskridge,MIA,Baltimore Ravens,home,28,6,WR,0,0.0,0,0,0,0,0,0,0,0,0,1,0,0,0,0
2025,9,"73 degrees, relative humidity 57%, wind 5 mph",Miami Dolphins,Baltimore Ravens,De'Von Achane,MIA,Baltimore Ravens,home,28,6,RB,14,23.333333333333332,0,0,0,0,0,0,14,67,0,10,6,39,0,0
2025,9,"73 degrees, relative humidity 57%, wind 5 mph",Miami Dolphins,Baltimore Ravens,Greg Dulcich,MIA,Baltimore Ravens,home,28,6,TE,0,0.0,0,0,0,0,0,0,0,0,0,5,5,49,0,0
2025,9,"73 degrees, relative humidity 57%, wind 5 mph",Miami Dolphins,Baltimore Ravens,Jaylen Waddle,MIA,Baltimore Ravens,home,28,6,WR,0,0.0,0,0,0,0,0,0,0,0,0,9,6,82,0,0
2025,9,"73 degrees, relative humidity 57%, wind 5 mph",Miami Dolphins,Baltimore Ravens,Malik Washington,MIA,Baltimore Ravens,home,28,6,WR,3,5.0,0,0,0,0,0,0,3,13,0,3,3,48,0,1
2025,9,"73 degrees, relative humidity 57%, wind 5 mph",Miami Dolphins,Baltimore Ravens,Nick Westbrook-Ikhine,MIA,Baltimore Ravens,home,28,6,WR,0,0.0,0,0,0,0,0,0,0,0,0,4,2,22,0,0
2025,9,"73 degrees, relative humidity 57%, wind 5 mph",Miami Dolphins,Baltimore Ravens,Ollie Gordon,MIA,Baltimore Ravens,home,28,6,RB,2,3.3333333333333335,0,0,0,0,0,0,2,6,0,1,1,3,0,0
2025,9,"73 degrees, relative humidity 57%, wind 5 mph",Miami Dolphins,Baltimore Ravens,Tahj Washington,MIA,Baltimore Ravens,home,28,6,WR,0,0.0,0,0,0,0,0,0,0,0,0,2,1,11,0,1
2025,9,"73 degrees, relative humidity 57%, wind 5 mph",Miami Dolphins,Baltimore Ravens,Tanner Conner,MIA,Baltimore Ravens,home,28,6,TE,0,0.0,0,0,0,0,0,0,0,0,0,1,0,0,0,0
2025,9,"73 degrees, relative humidity 57%, wind 5 mph",Miami Dolphins,Baltimore Ravens,Tua Tagovailoa,MIA,Baltimore Ravens,home,28,6,QB,41,68.33333333333333,25,40,261,0,1,2,1,1,0,0,0,0,0,0
2025,9,,Detroit Lions,Minnesota Vikings,Aaron Jones,MIN,Detroit Lions,away,24,27,RB,9,16.666666666666664,0,0,0,0,0,0,9,78,0,2,2,20,0,0
2025,9,,Detroit Lions,Minnesota Vikings,J.J. McCarthy,MIN,Detroit Lions,away,24,27,QB,34,62.96296296296296,14,25,143,2,1,5,9,12,1,0,0,0,0,1
2025,9,,Detroit Lions,Minnesota Vikings,Jalen Nailor,MIN,Detroit Lions,away,24,27,WR,0,0.0,0,0,0,0,0,0,0,0,0,4,1,16,0,0
2025,9,,Detroit Lions,Minnesota Vikings,Jordan Addison,MIN,Detroit Lions,away,24,27,WR,1,1.8518518518518516,0,0,0,0,0,0,1,16,0,4,2,48,0,0
2025,9,,Detroit Lions,Minnesota Vikings,Jordan Mason,MIN,Detroit Lions,away,24,27,RB,10,18.51851851851852,0,0,0,0,0,0,10,36,0,1,1,1,0,0
2025,9,,Detroit Lions,Minnesota Vikings,Justin Jefferson,MIN,Detroit Lions,away,24,27,WR,0,0.0,0,0,0,0,0,0,0,0,0,9,6,47,1,0
2025,9,,Detroit Lions,Minnesota Vikings,T.J. Hockenson,MIN,Detroit Lions,away,24,27,TE,0,0.0,0,0,0,0,0,0,0,0,0,3,2,11,1,0
2025,9,,New Orleans Saints,Los Angeles Rams,Alvin Kamara,NOR,New Orleans Saints,away,34,10,RB,6,15.384615384615385,0,0,0,0,0,0,6,14,0,3,1,3,0,1
2025,9,,New Orleans Saints,Los Angeles Rams,Brandin Cooks,NOR,New Orleans Saints,away,34,10,WR,0,0.0,0,0,0,0,0,0,0,0,0,3,2,16,0,0
2025,9,,New Orleans Saints,Los Angeles Rams,Chris Olave,NOR,New Orleans Saints,away,34,10,WR,0,0.0,0,0,0,0,0,0,0,0,0,4,3,57,0,0
2025,9,,New Orleans Saints,Los Angeles Rams,Devin Neal,NOR,New Orleans Saints,away,34,10,RB,3,7.6923076923076925,0,0,0,0,0,0,3,11,0,1,1,1,0,0
2025,9,,New Orleans Saints,Los Angeles Rams,Juwan Johnson,NOR,New Orleans Saints,away,34,10,TE,0,0.0,0,0,0,0,0,0,0,0,0,4,3,31,1,0
2025,9,,New Orleans Saints,Los Angeles Rams,Rashid Shaheed,NOR,New Orleans Saints,away,34,10,WR,0,0.0,0,0,0,0,0,0,0,0,0,9,5,68,0,0
2025,9,,New Orleans Saints,Los Angeles Rams,Taysom Hill,NOR,New Orleans Saints,away,34,10,QB,5,12.82051282051282,0,1,0,0,0,0,4,30,0,0,0,0,0,0
2025,9,,New Orleans Saints,Los Angeles Rams,Tyler Shough,NOR,New Orleans Saints,away,34,10,QB,25,64.1025641025641,15,24,176,1,1,1,1,2,0,0,0,0,0,0
2025,9,"52 degrees, relative humidity 51%, wind 7 mph",Atlanta Falcons,New England Patriots,Austin Hooper,NWE,Atlanta Falcons,away,24,23,TE,0,0.0,0,0,0,0,0,0,0,0,0,1,1,20,0,0
2025,9,"52 degrees, relative humidity 51%, wind 7 mph",Atlanta Falcons,New England Patriots,Demario Douglas,NWE,Atlanta Falcons,away,24,23,WR,0,0.0,0,0,0,0,0,0,0,0,0,6,4,100,1,0
2025,9,"52 degrees, relative humidity 51%, wind 7 mph",Atlanta Falcons,New England Patriots,Drake Maye,NWE,Atlanta Falcons,away,24,23,QB,37,59.67741935483871,19,29,259,2,1,6,8,20,0,0,0,0,0,2
2025,9,"52 degrees, relative humidity 51%, wind 7 mph",Atlanta Falcons,New England Patriots,Hunter Henry,NWE,Atlanta Falcons,away,24,23,TE,0,0.0,0,0,0,0,0,0,0,0,0,6,4,51,0,0
2025,9,"52 degrees, relative humidity 51%, wind 7 mph",Atlanta Falcons,New England Patriots,Kayshon Boutte,NWE,Atlanta Falcons,away,24,23,WR,0,0.0,0,0,0,0,0,0,0,0,0,1,0,0,0,0
2025,9,"52 degrees, relative humidity 51%, wind 7 mph",Atlanta Falcons,New England Patriots,Kyle Williams,NWE,Atlanta Falcons,away,24,23,WR,0,0.0,0,0,0,0,0,0,0,0,0,1,0,0,0,0
2025,9,"52 degrees, relative humidity 51%, wind 7 mph",Atlanta Falcons,New England Patriots,Mack Hollins,NWE,Atlanta Falcons,away,24,23,WR,0,0.0,0,0,0,0,0,0,0,0,0,2,2,9,0,0
2025,9,"52 degrees, relative humidity 51%, wind 7 mph",Atlanta Falcons,New England Patriots,Stefon Diggs,NWE,Atlanta Falcons,away,24,23,WR,0,0.0,0,0,0,0,0,0,0,0,0,4,3,38,1,0
2025,9,"52 degrees, relative humidity 51%, wind 7 mph",Atlanta Falcons,New England Patriots,Terrell Jennings,NWE,Atlanta Falcons,away,24,23,RB,11,17.741935483870968,0,0,0,0,0,0,11,35,1,1,1,9,0,0
2025,9,"52 degrees, relative humidity 51%, wind 7 mph",Atlanta Falcons,New England Patriots,TreVeyon Henderson,NWE,Atlanta Falcons,away,24,23,RB,14,22.58064516129032,0,0,0,0,0,0,14,55,0,6,4,32,0,0
2025,9,"56 degrees, relative humidity 47%, wind 5 mph",New York Giants,San Francisco 49ers,Darius Slayton,NYG,San Francisco 49ers,home,34,24,WR,0,0.0,0,0,0,0,0,0,0,0,0,7,5,62,0,0
2025,9,"56 degrees, relative humidity 47%, wind 5 mph",New York Giants,San Francisco 49ers,Devin Singletary,NYG,San Francisco 49ers,home,34,24,RB,8,14.814814814814813,0,0,0,0,0,0,8,43,0,2,2,8,0,0
2025,9,"56 degrees, relative humidity 47%, wind 5 mph",New York Giants,San Francisco 49ers,Gunner Olszewski,NYG,San Francisco 49ers,home,34,24,WR,0,0.0,0,0,0,0,0,0,0,0,0,1,1,24,1,0
2025,9,"56 degrees, relative humidity 47%, wind 5 mph",New York Giants,San Francisco 49ers,Jaxson Dart,NYG,San Francisco 49ers,home,34,24,QB,41,75.92592592592592,24,33,191,2,0,2,8,56,1,0,0,0,0,0
2025,9,"56 degrees, relative humidity 47%, wind 5 mph",New York Giants,San Francisco 49ers,Ray-Ray McCloud,NYG,San Francisco 49ers,home,34,24,WR,0,0.0,0,0,0,0,0,0,0,0,0,1,1,5,0,0
2025,9,"56 degrees, relative humidity 47%, wind 5 mph",New York Giants,San Francisco 49ers,Theo Johnson,NYG,San Francisco 49ers,home,34,24,TE,0,0.0,0,0,0,0,0,0,0,0,0,6,3,27,1,0
2025,9,"56 degrees, relative humidity 47%, wind 5 mph",New York Giants,San Francisco 49ers,Tyrone Tracy Jr.,NYG,San Francisco 49ers,home,34,24,RB,5,9.25925925925926,0,0,0,0,0,0,5,18,0,4,3,19,0,0
2025,9,"56 degrees, relative humidity 47%, wind 5 mph",New York Giants,San Francisco 49ers,Wan'Dale Robinson,NYG,San Francisco 49ers,home,34,24,WR,0,0.0,0,0,0,0,0,0,0,0,0,11,9,46,0,0
2025,9,"56 degrees, relative humidity 66%, wind 2 mph",Indianapolis Colts,Pittsburgh Steelers,Aaron Rodgers,PIT,Indianapolis Colts,away,27,20,QB,37,63.793103448275865,25,35,203,1,0,3,2,0,0,0,0,0,0,0
2025,9,"56 degrees, relative humidity 66%, wind 2 mph",Indianapolis Colts,Pittsburgh Steelers,Calvin Austin,PIT,Indianapolis Colts,away,27,20,UNK,0,0.0,0,0,0,0,0,0,0,0,0,6,5,56,0,0
2025,9,"56 degrees, relative humidity 66%, wind 2 mph",Indianapolis Colts,Pittsburgh Steelers,Connor Heyward,PIT,Indianapolis Colts,away,27,20,TE,1,1.7241379310344827,0,0,0,0,0,0,1,4,0,0,0,0,0,0
2025,9,"56 degrees, relative humidity 66%, wind 2 mph",Indianapolis Colts,Pittsburgh Steelers,D.K. Metcalf,PIT,Indianapolis Colts,away,27,20,WR,0,0.0,0,0,0,0,0,0,0,0,0,4,2,6,0,0
2025,9,"56 degrees, relative humidity 66%, wind 2 mph",Indianapolis Colts,Pittsburgh Steelers,Darnell Washington,PIT,Indianapolis Colts,away,27,20,TE,0,0.0,0,0,0,0,0,0,0,0,0,6,4,43,0,0
2025,9,"56 degrees, relative humidity 66%, wind 2 mph",Indianapolis Colts,Pittsburgh Steelers,Jaylen Warren,PIT,Indianapolis Colts,away,27,20,RB,16,27.586206896551722,0,0,0,0,0,0,16,31,2,2,2,-2,0,0
2025,9,"56 degrees, relative humidity 66%, wind 2 mph",Indianapolis Colts,Pittsburgh Steelers,Jonnu Smith,PIT,Indianapolis Colts,away,27,20,TE,0,0.0,0,0,0,0,0,0,0,0,0,5,3,25,0,0
2025,9,"56 degrees, relative humidity 66%, wind 2 mph",Indianapolis Colts,Pittsburgh Steelers,Kaleb Johnson,PIT,Indianapolis Colts,away,27,20,RB,1,1.7241379310344827,0,0,0,0,0,0,1,4,0,1,1,9,0,0
2025,9,"56 degrees, relative humidity 66%, wind 2 mph",Indianapolis Colts,Pittsburgh Steelers,Kenneth Gainwell,PIT,Indianapolis Colts,away,27,20,RB,3,5.172413793103448,0,0,0,0,0,0,3,-1,0,5,4,35,0,0
2025,9,"56 degrees, relative humidity 66%, wind 2 mph",Indianapolis Colts,Pittsburgh Steelers,Pat Freiermuth,PIT,Indianapolis Colts,away,27,20,TE,0,0.0,0,0,0,0,0,0,0,0,0,4,3,27,1,0
2025,9,"56 degrees, relative humidity 66%, wind 2 mph",Indianapolis Colts,Pittsburgh Steelers,Roman Wilson,PIT,Indianapolis Colts,away,27,20,WR,0,0.0,0,0,0,0,0,0,0,0,0,2,1,4,0,1
2025,9,"53 degrees, relative humidity 70%, wind 3 mph",Washington Commanders,Seattle Seahawks,AJ Barner,SEA,Washington Commanders,away,14,38,TE,1,2.083333333333333,0,0,0,0,0,0,1,1,1,4,3,24,0,1
2025,9,"53 degrees, relative humidity 70%, wind 3 mph",Washington Commanders,Seattle Seahawks,Cody White,SEA,Washington Commanders,away,14,38,WR,0,0.0,0,0,0,0,0,0,0,0,0,2,1,60,1,0
2025,9,"53 degrees, relative humidity 70%, wind 3 mph",Washington Commanders,Seattle Seahawks,Elijah Arroyo,SEA,Washington Commanders,away,14,38,TE,0,0.0,0,0,0,0,0,0,0,0,0,2,2,29,1,0
2025,9,"53 degrees, relative humidity 70%, wind 3 mph",Washington Commanders,Seattle Seahawks,George Holani,SEA,Washington Commanders,away,14,38,RB,3,6.25,0,0,0,0,0,0,3,9,0,0,0,0,0,0
2025,9,"53 degrees, relative humidity 70%, wind 3 mph",Washington Commanders,Seattle Seahawks,Jaxon Smith-Njigba,SEA,Washington Commanders,away,14,38,WR,1,2.083333333333333,0,0,0,0,0,0,1,11,0,9,8,129,0,0
2025,9,"53 degrees, relative humidity 70%, wind 3 mph",Washington Commanders,Seattle Seahawks,Kenneth Walker,SEA,Washington Commanders,away,14,38,UNK,11,22.916666666666664,0,0,0,0,0,0,11,42,0,2,2,19,0,0
2025,9,"53 degrees, relative humidity 70%, wind 3 mph",Washington Commanders,Seattle Seahawks,Sam Darnold,SEA,Washington Commanders,away,14,38,QB,24,50.0,21,24,330,4,1,0,0,0,0,0,0,0,0,0
2025,9,"53 degrees, relative humidity 70%, wind 3 mph",Washington Commanders,Seattle Seahawks,Tory Horton,SEA,Washington Commanders,away,14,38,WR,0,0.0,0,0,0,0,0,0,0,0,0,4,4,48,2,0
2025,9,"53 degrees, relative humidity 70%, wind 3 mph",Washington Commanders,Seattle Seahawks,Zach Charbonnet,SEA,Washington Commanders,away,14,38,RB,8,16.666666666666664,0,0,0,0,0,0,8,25,0,1,1,21,0,0
2025,9,"56 degrees, relative humidity 47%, wind 5 mph",New York Giants,San Francisco 49ers,Adrian Martinez,SFO,New York Giants,away,24,34,QB,1,1.5873015873015872,0,0,0,0,0,0,1,-1,0,0,0,0,0,0
2025,9,"56 degrees, relative humidity 47%, wind 5 mph",New York Giants,San Francisco 49ers,Brian Robinson Jr.,SFO,New York Giants,away,24,34,RB,5,7.936507936507936,0,0,0,0,0,0,5,53,1,0,0,0,0,0
2025,9,"56 degrees, relative humidity 47%, wind 5 mph",New York Giants,San Francisco 49ers,Christian McCaffrey,SFO,New York Giants,away,24,34,RB,28,44.44444444444444,0,0,0,0,0,0,28,106,1,6,5,67,1,0
2025,9,"56 degrees, relative humidity 47%, wind 5 mph",New York Giants,San Francisco 49ers,Demarcus Robinson,SFO,New York Giants,away,24,34,WR,0,0.0,0,0,0,0,0,0,0,0,0,1,0,0,0,0
2025,9,"56 degrees, relative humidity 47%, wind 5 mph",New York Giants,San Francisco 49ers,George Kittle,SFO,New York Giants,away,24,34,TE,1,1.5873015873015872,0,0,0,0,0,0,1,-3,0,4,4,32,0,0
2025,9,"56 degrees, relative humidity 47%, wind 5 mph",New York Giants,San Francisco 49ers,Jauan Jennings,SFO,New York Giants,away,24,34,WR,0,0.0,0,0,0,0,0,0,0,0,0,5,4,41,1,0
2025,9,"56 degrees, relative humidity 47%, wind 5 mph",New York Giants,San Francisco 49ers,Jordan Watkins,SFO,New York Giants,away,24,34,WR,0,0.0,0,0,0,0,0,0,0,0,0,1,1,19,0,0
2025,9,"56 degrees, relative humidity 47%, wind 5 mph",New York Giants,San Francisco 49ers,Kendrick Bourne,SFO,New York Giants,away,24,34,WR,0,0.0,0,0,0,0,0,0,0,0,0,2,2,34,0,0
2025,9,"56 degrees, relative humidity 47%, wind 5 mph",New York Giants,San Francisco 49ers,Kyle Juszczyk,SFO,New York Giants,away,24,34,FB,0,0.0,0,0,0,0,0,0,0,0,0,2,1,12,0,0
2025,9,"56 degrees, relative humidity 47%, wind 5 mph",New York Giants,San Francisco 49ers,Luke Farrell,SFO,New York Giants,away,24,34,TE,0,0.0,0,0,0,0,0,0,0,0,0,1,1,9,0,0
2025,9,"56 degrees, relative humidity 47%, wind 5 mph",New York Giants,San Francisco 49ers,Mac Jones,SFO,New York Giants,away,24,34,QB,28,44.44444444444444,19,24,235,2,0,2,4,4,0,0,0,0,0,1
2025,9,"56 degrees, relative humidity 47%, wind 5 mph",New York Giants,San Francisco 49ers,Skyy Moore,SFO,New York Giants,away,24,34,WR,0,0.0,0,0,0,0,0,0,0,0,0,1,1,21,0,0
2025,9,"46 degrees, relative humidity 84%, wind 5 mph",Tennessee Titans,Los Angeles Chargers,Cam Ward,TEN,Los Angeles Chargers,home,27,20,QB,23,57.49999999999999,12,21,145,0,0,4,2,6,0,0,0,0,0,2
2025,9,"46 degrees, relative humidity 84%, wind 5 mph",Tennessee Titans,Los Angeles Chargers,Chigoziem Okonkwo,TEN,Los Angeles Chargers,home,27,20,TE,0,0.0,0,0,0,0,0,0,0,0,0,2,2,10,0,0
2025,9,"46 degrees, relative humidity 84%, wind 5 mph",Tennessee Titans,Los Angeles Chargers,Chimere Dike,TEN,Los Angeles Chargers,home,27,20,WR,0,0.0,0,0,0,0,0,0,0,0,0,3,1,5,0,0
2025,9,"46 degrees, relative humidity 84%, wind 5 mph",Tennessee Titans,Los Angeles Chargers,Elic Ayomanor,TEN,Los Angeles Chargers,home,27,20,WR,0,0.0,0,0,0,0,0,0,0,0,0,6,3,46,0,0
2025,9,"46 degrees, relative humidity 84%, wind 5 mph",Tennessee Titans,Los Angeles Chargers,Gunnar Helm,TEN,Los Angeles Chargers,home,27,20,TE,0,0.0,0,0,0,0,0,0,0,0,0,1,1,15,0,0
2025,9,"46 degrees, relative humidity 84%, wind 5 mph",Tennessee Titans,Los Angeles Chargers,Tony Pollard,TEN,Los Angeles Chargers,home,27,20,RB,10,25.0,0,0,0,0,0,0,10,56,0,2,1,12,0,0
2025,9,"46 degrees, relative humidity 84%, wind 5 mph",Tennessee Titans,Los Angeles Chargers,Tyjae Spears,TEN,Los Angeles Chargers,home,27,20,RB,7,17.5,0,0,0,0,0,0,7,26,0,3,3,36,0,0
2025,9,"46 degrees, relative humidity 84%, wind 5 mph",Tennessee Titans,Los Angeles Chargers,Van Jefferson,TEN,Los Angeles Chargers,home,27,20,WR,0,0.0,0,0,0,0,0,0,0,0,0,4,1,21,0,0
2025,9,"53 degrees, relative humidity 70%, wind 3 mph",Washington Commanders,Seattle Seahawks,Chris Rodriguez,WAS,Seattle Seahawks,home,38,14,RB,12,20.689655172413794,0,0,0,0,0,0,12,65,1,0,0,0,0,0
2025,9,"53 degrees, relative humidity 70%, wind 3 mph",Washington Commanders,Seattle Seahawks,Deebo Samuel,WAS,Seattle Seahawks,home,38,14,WR,1,1.7241379310344827,0,0,0,0,0,0,1,3,0,6,5,41,0,0
2025,9,"53 degrees, relative humidity 70%, wind 3 mph",Washington Commanders,Seattle Seahawks,Jacory Croskey-Merritt,WAS,Seattle Seahawks,home,38,14,RB,12,20.689655172413794,0,0,0,0,0,0,12,38,0,1,1,3,0,0
2025,9,"53 degrees, relative humidity 70%, wind 3 mph",Washington Commanders,Seattle Seahawks,Jayden Daniels,WAS,Seattle Seahawks,home,38,14,QB,32,55.172413793103445,16,22,153,0,1,4,10,51,1,0,0,0,0,0
2025,9,"53 degrees, relative humidity 70%, wind 3 mph",Washington Commanders,Seattle Seahawks,Jaylin Lane,WAS,Seattle Seahawks,home,38,14,WR,0,0.0,0,0,0,0,0,0,0,0,0,5,3,29,0,1
2025,9,"53 degrees, relative humidity 70%, wind 3 mph",Washington Commanders,Seattle Seahawks,Jeremy McNichols,WAS,Seattle Seahawks,home,38,14,RB,1,1.7241379310344827,0,0,0,0,0,0,1,0,0,0,0,0,0,0
2025,9,"53 degrees, relative humidity 70%, wind 3 mph",Washington Commanders,Seattle Seahawks,John Bates,WAS,Seattle Seahawks,home,38,14,TE,0,0.0,0,0,0,0,0,0,0,0,0,4,2,20,0,0
2025,9,"53 degrees, relative humidity 70%, wind 3 mph",Washington Commanders,Seattle Seahawks,Treylon Burks,WAS,Seattle Seahawks,home,38,14,WR,0,0.0,0,0,0,0,0,0,0,0,0,1,1,14,0,0
2025,9,"53 degrees, relative humidity 70%, wind 3 mph",Washington Commanders,Seattle Seahawks,Zach Ertz,WAS,Seattle Seahawks,home,38,14,TE,0,0.0,0,0,0,0,0,0,0,0,0,4,4,46,0,0
