year,week,weather,home_team,away_team,player,team,opponent,home_away,team_score,opp_score,pos,snaps,snap_pct,pass_cmp,pass_att,pass_yds,pass_tds,pass_int,sacks,rush_att,rush_yds,rush_tds,targets,receptions,rec_yds,rec_tds,fumbles
2022,1,,Arizona Cardinals,Kansas City Chiefs,A.J. Green,ARI,Arizona Cardinals,away,44,21,WR,0,0.0,0,0,0,0,0,0,0,0,0,4,2,13,0,0
2022,1,,Arizona Cardinals,Kansas City Chiefs,Andy Isabella,ARI,Arizona Cardinals,away,44,21,WR,0,0.0,0,0,0,0,0,0,0,0,0,3,1,10,0,0
2022,1,,Arizona Cardinals,Kansas City Chiefs,Eno Benjamin,ARI,Arizona Cardinals,away,44,21,RB,4,6.666666666666667,0,0,0,0,0,0,4,28,0,4,3,33,0,0
2022,1,,Arizona Cardinals,Kansas City Chiefs,Greg Dortch,ARI,Arizona Cardinals,away,44,21,WR,0,0.0,0,0,0,0,0,0,0,0,0,9,7,63,0,0
2022,1,,Arizona Cardinals,Kansas City Chiefs,James Conner,ARI,Arizona Cardinals,away,44,21,RB,10,16.666666666666664,0,0,0,0,0,0,10,26,1,6,5,29,0,1
2022,1,,Arizona Cardinals,Kansas City Chiefs,Kyler Murray,ARI,Arizona Cardinals,away,44,21,QB,39,65.0,22,34,193,2,0,2,5,29,0,0,0,0,0,0
2022,1,,Arizona Cardinals,Kansas City Chiefs,Marquise Brown,ARI,Arizona Cardinals,away,44,21,WR,0,0.0,0,0,0,0,0,0,0,0,0,6,4,43,1,0
2022,1,,Arizona Cardinals,Kansas City Chiefs,Trace McSorley,ARI,Arizona Cardinals,away,44,21,QB,7,11.666666666666666,2,4,12,0,0,1,3,20,0,0,0,0,0,0
2022,1,,Arizona Cardinals,Kansas City Chiefs,Zach Ertz,ARI,Arizona Cardinals,away,44,21,TE,0,0.0,0,0,0,0,0,0,0,0,0,4,2,14,1,0
2022,1,,Atlanta Falcons,New Orleans Saints,Anthony Firkser,ATL,Atlanta Falcons,away,27,26,TE,0,0.0,0,0,0,0,0,0,0,0,0,2,1,6,0,0
2022,1,,Atlanta Falcons,New Orleans Saints,Avery Williams,ATL,Atlanta Falcons,away,27,26,RB,2,2.8169014084507045,0,0,0,0,0,0,2,7,0,1,1,8,0,0
2022,1,,Atlanta Falcons,New Orleans Saints,Bryan Edwards,ATL,Atlanta Falcons,away,27,26,WR,0,0.0,0,0,0,0,0,0,0,0,0,1,0,0,0,0
2022,1,,Atlanta Falcons,New Orleans Saints,Cordarrelle Patterson,ATL,Atlanta Falcons,away,27,26,RB,22,30.985915492957744,0,0,0,0,0,0,22,120,1,5,3,16,0,0
2022,1,,Atlanta Falcons,New Orleans Saints,Damien Williams,ATL,Atlanta Falcons,away,27,26,RB,2,2.8169014084507045,0,0,0,0,0,0,2,2,0,0,0,0,0,0
2022,1,,Atlanta Falcons,New Orleans Saints,Drake London,ATL,Atlanta Falcons,away,27,26,WR,0,0.0,0,0,0,0,0,0,0,0,0,7,5,74,0,0
2022,1,,Atlanta Falcons,New Orleans Saints,KhaDarel Hodge,ATL,Atlanta Falcons,away,27,26,WR,0,0.0,0,0,0,0,0,0,0,0,0,3,3,38,0,0
2022,1,,Atlanta Falcons,New Orleans Saints,Kyle Pitts,ATL,Atlanta Falcons,away,27,26,TE,0,0.0,0,0,0,0,0,0,0,0,0,7,2,19,0,0
2022,1,,Atlanta Falcons,New Orleans Saints,Marcus Mariota,ATL,Atlanta Falcons,away,27,26,QB,45,63.38028169014085,20,33,215,0,0,0,12,72,1,0,0,0,0,2
2022,1,,Atlanta Falcons,New Orleans Saints,Olamide Zaccheaus,ATL,Atlanta Falcons,away,27,26,WR,0,0.0,0,0,0,0,0,0,0,0,0,4,4,49,0,1
2022,1,,Atlanta Falcons,New Orleans Saints,Parker Hesse,ATL,Atlanta Falcons,away,27,26,TE,0,0.0,0,0,0,0,0,0,0,0,0,2,1,5,0,0
2022,1,"73 degrees, relative humidity 79%, wind 3 mph",New York Jets,Baltimore Ravens,Demarcus Robinson,BAL,New York Jets,away,24,9,WR,0,0.0,0,0,0,0,0,0,0,0,0,4,2,19,0,0
2022,1,"73 degrees, relative humidity 79%, wind 3 mph",New York Jets,Baltimore Ravens,Devin Duvernay,BAL,New York Jets,away,24,9,WR,0,0.0,0,0,0,0,0,0,0,0,0,4,4,54,2,0
2022,1,"73 degrees, relative humidity 79%, wind 3 mph",New York Jets,Baltimore Ravens,Isaiah Likely,BAL,New York Jets,away,24,9,TE,0,0.0,0,0,0,0,0,0,0,0,0,4,0,0,0,0
2022,1,"73 degrees, relative humidity 79%, wind 3 mph",New York Jets,Baltimore Ravens,Justice Hill,BAL,New York Jets,away,24,9,RB,2,3.9215686274509802,0,0,0,0,0,0,2,4,0,2,2,7,0,0
2022,1,"73 degrees, relative humidity 79%, wind 3 mph",New York Jets,Baltimore Ravens,Kenyan Drake,BAL,New York Jets,away,24,9,RB,11,21.568627450980394,0,0,0,0,0,0,11,31,0,1,1,15,0,0
2022,1,"73 degrees, relative humidity 79%, wind 3 mph",New York Jets,Baltimore Ravens,Lamar Jackson,BAL,New York Jets,away,24,9,QB,36,70.58823529411765,17,30,213,3,1,2,6,17,0,0,0,0,0,0
2022,1,"73 degrees, relative humidity 79%, wind 3 mph",New York Jets,Baltimore Ravens,Mark Andrews,BAL,New York Jets,away,24,9,TE,0,0.0,0,0,0,0,0,0,0,0,0,7,5,52,0,0
2022,1,"73 degrees, relative humidity 79%, wind 3 mph",New York Jets,Baltimore Ravens,Mike Davis,BAL,New York Jets,away,24,9,RB,2,3.9215686274509802,0,0,0,0,0,0,2,11,0,0,0,0,0,1
2022,1,"73 degrees, relative humidity 79%, wind 3 mph",New York Jets,Baltimore Ravens,Patrick Ricard,BAL,New York Jets,away,24,9,FB,0,0.0,0,0,0,0,0,0,0,0,0,1,1,7,0,0
2022,1,"73 degrees, relative humidity 79%, wind 3 mph",New York Jets,Baltimore Ravens,Rashod Bateman,BAL,New York Jets,away,24,9,WR,0,0.0,0,0,0,0,0,0,0,0,0,5,2,59,1,0
2022,1,"73 degrees, relative humidity 79%, wind 3 mph",New York Jets,Baltimore Ravens,Tylan Wallace,BAL,New York Jets,away,24,9,WR,0,0.0,0,0,0,0,0,0,0,0,0,1,0,0,0,0
2022,1,,Los Angeles Rams,Buffalo Bills,Dawson Knox,BUF,Los Angeles Rams,away,31,10,TE,0,0.0,0,0,0,0,0,0,0,0,0,2,1,5,0,0
2022,1,,Los Angeles Rams,Buffalo Bills,Devin Singletary,BUF,Los Angeles Rams,away,31,10,RB,8,14.285714285714285,0,0,0,0,0,0,8,48,0,2,2,14,0,0
2022,1,,Los Angeles Rams,Buffalo Bills,Gabriel Davis,BUF,Los Angeles Rams,away,31,10,WR,0,0.0,0,0,0,0,0,0,0,0,0,5,4,88,1,0
2022,1,,Los Angeles Rams,Buffalo Bills,Isaiah McKenzie,BUF,Los Angeles Rams,away,31,10,WR,0,0.0,0,0,0,0,0,0,0,0,0,3,2,19,1,0
2022,1,,Los Angeles Rams,Buffalo Bills,James Cook,BUF,Los Angeles Rams,away,31,10,RB,1,1.7857142857142856,0,0,0,0,0,0,1,2,0,0,0,0,0,1
2022,1,,Los Angeles Rams,Buffalo Bills,Jamison Crowder,BUF,Los Angeles Rams,away,31,10,WR,0,0.0,0,0,0,0,0,0,0,0,0,4,3,28,0,0
2022,1,,Los Angeles Rams,Buffalo Bills,Josh Allen,BUF,Los Angeles Rams,away,31,10,QB,41,73.21428571428571,26,31,297,3,2,2,10,56,1,0,0,0,0,0
2022,1,,Los Angeles Rams,Buffalo Bills,Stefon Diggs,BUF,Los Angeles Rams,away,31,10,WR,0,0.0,0,0,0,0,0,0,0,0,0,9,8,122,1,0
2022,1,,Los Angeles Rams,Buffalo Bills,Zack Moss,BUF,Los Angeles Rams,away,31,10,RB,6,10.714285714285714,0,0,0,0,0,0,6,15,0,6,6,21,0,1
2022,1,"80 degrees, relative humidity 81%, wind 8 mph",Carolina Panthers,Cleveland Browns,Baker Mayfield,CAR,Carolina Panthers,away,26,24,QB,32,69.56521739130434,16,27,235,1,1,4,5,6,1,0,0,0,0,4
2022,1,"80 degrees, relative humidity 81%, wind 8 mph",Carolina Panthers,Cleveland Browns,Christian McCaffrey,CAR,Carolina Panthers,away,26,24,RB,10,21.73913043478261,0,0,0,0,0,0,10,33,1,5,4,24,0,0
2022,1,"80 degrees, relative humidity 81%, wind 8 mph",Carolina Panthers,Cleveland Browns,Chuba Hubbard,CAR,Carolina Panthers,away,26,24,RB,1,2.1739130434782608,0,0,0,0,0,0,1,3,0,0,0,0,0,0
2022,1,"80 degrees, relative humidity 81%, wind 8 mph",Carolina Panthers,Cleveland Browns,D'Onta Foreman,CAR,Carolina Panthers,away,26,24,RB,2,4.3478260869565215,0,0,0,0,0,0,2,5,0,0,0,0,0,0
2022,1,"80 degrees, relative humidity 81%, wind 8 mph",Carolina Panthers,Cleveland Browns,D.J. Moore,CAR,Carolina Panthers,away,26,24,WR,1,2.1739130434782608,0,0,0,0,0,0,1,7,0,6,3,43,0,0
2022,1,"80 degrees, relative humidity 81%, wind 8 mph",Carolina Panthers,Cleveland Browns,Ian Thomas,CAR,Carolina Panthers,away,26,24,TE,0,0.0,0,0,0,0,0,0,0,0,0,3,2,53,0,0
2022,1,"80 degrees, relative humidity 81%, wind 8 mph",Carolina Panthers,Cleveland Browns,Robbie Chosen,CAR,Carolina Panthers,away,26,24,WR,0,0.0,0,0,0,0,0,0,0,0,0,8,5,102,1,0
2022,1,"80 degrees, relative humidity 81%, wind 8 mph",Carolina Panthers,Cleveland Browns,Shi Smith,CAR,Carolina Panthers,away,26,24,WR,0,0.0,0,0,0,0,0,0,0,0,0,3,1,12,0,0
2022,1,"80 degrees, relative humidity 81%, wind 8 mph",Carolina Panthers,Cleveland Browns,Tommy Tremble,CAR,Carolina Panthers,away,26,24,TE,0,0.0,0,0,0,0,0,0,0,0,0,1,1,1,0,0
2022,1,"69 degrees, relative humidity 87%, wind 16 mph",San Francisco 49ers,Chicago Bears,Byron Pringle,CHI,San Francisco 49ers,away,19,10,WR,0,0.0,0,0,0,0,0,0,0,0,0,2,1,22,0,0
2022,1,"69 degrees, relative humidity 87%, wind 16 mph",San Francisco 49ers,Chicago Bears,Cole Kmet,CHI,San Francisco 49ers,away,19,10,TE,0,0.0,0,0,0,0,0,0,0,0,0,1,0,0,0,0
2022,1,"69 degrees, relative humidity 87%, wind 16 mph",San Francisco 49ers,Chicago Bears,Dante Pettis,CHI,San Francisco 49ers,away,19,10,WR,0,0.0,0,0,0,0,0,0,0,0,0,1,1,51,1,0
2022,1,"69 degrees, relative humidity 87%, wind 16 mph",San Francisco 49ers,Chicago Bears,Darnell Mooney,CHI,San Francisco 49ers,away,19,10,WR,0,0.0,0,0,0,0,0,0,0,0,0,3,1,8,0,0
2022,1,"69 degrees, relative humidity 87%, wind 16 mph",San Francisco 49ers,Chicago Bears,David Montgomery,CHI,San Francisco 49ers,away,19,10,RB,17,31.48148148148148,0,0,0,0,0,0,17,26,0,4,3,24,0,0
2022,1,"69 degrees, relative humidity 87%, wind 16 mph",San Francisco 49ers,Chicago Bears,Equanimeous St. Brown,CHI,San Francisco 49ers,away,19,10,WR,0,0.0,0,0,0,0,0,0,0,0,0,3,1,18,1,0
2022,1,"69 degrees, relative humidity 87%, wind 16 mph",San Francisco 49ers,Chicago Bears,Justin Fields,CHI,San Francisco 49ers,away,19,10,QB,28,51.85185185185185,8,17,121,2,1,2,11,28,0,0,0,0,0,0
2022,1,"69 degrees, relative humidity 87%, wind 16 mph",San Francisco 49ers,Chicago Bears,Khalil Herbert,CHI,San Francisco 49ers,away,19,10,RB,9,16.666666666666664,0,0,0,0,0,0,9,45,1,1,1,-2,0,0
2022,1,"69 degrees, relative humidity 87%, wind 16 mph",San Francisco 49ers,Chicago Bears,Ryan Griffin,CHI,San Francisco 49ers,away,19,10,TE,0,0.0,0,0,0,0,0,0,0,0,0,2,0,0,0,0
2022,1,"76 degrees, relative humidity 83%, wind 5 mph",Cincinnati Bengals,Pittsburgh Steelers,Drew Sample,CIN,Cincinnati Bengals,away,23,20,TE,0,0.0,0,0,0,0,0,0,0,0,0,1,1,2,0,0
2022,1,"76 degrees, relative humidity 83%, wind 5 mph",Cincinnati Bengals,Pittsburgh Steelers,Hayden Hurst,CIN,Cincinnati Bengals,away,23,20,TE,0,0.0,0,0,0,0,0,0,0,0,0,8,5,46,0,0
2022,1,"76 degrees, relative humidity 83%, wind 5 mph",Cincinnati Bengals,Pittsburgh Steelers,Ja'Marr Chase,CIN,Cincinnati Bengals,away,23,20,WR,0,0.0,0,0,0,0,0,0,0,0,0,16,10,129,1,0
2022,1,"76 degrees, relative humidity 83%, wind 5 mph",Cincinnati Bengals,Pittsburgh Steelers,Joe Burrow,CIN,Cincinnati Bengals,away,23,20,QB,59,67.81609195402298,33,53,338,2,4,7,6,47,0,0,0,0,0,2
2022,1,"76 degrees, relative humidity 83%, wind 5 mph",Cincinnati Bengals,Pittsburgh Steelers,Joe Mixon,CIN,Cincinnati Bengals,away,23,20,RB,27,31.03448275862069,0,0,0,0,0,0,27,82,0,9,7,63,0,0
2022,1,"76 degrees, relative humidity 83%, wind 5 mph",Cincinnati Bengals,Pittsburgh Steelers,Mike Thomas,CIN,Cincinnati Bengals,away,23,20,WR,0,0.0,0,0,0,0,0,0,0,0,0,5,1,5,0,0
2022,1,"76 degrees, relative humidity 83%, wind 5 mph",Cincinnati Bengals,Pittsburgh Steelers,Samaje Perine,CIN,Cincinnati Bengals,away,23,20,RB,1,1.1494252873563218,0,0,0,0,0,0,1,4,0,5,3,33,0,0
2022,1,"76 degrees, relative humidity 83%, wind 5 mph",Cincinnati Bengals,Pittsburgh Steelers,Tee Higgins,CIN,Cincinnati Bengals,away,23,20,WR,0,0.0,0,0,0,0,0,0,0,0,0,2,2,27,0,0
2022,1,"76 degrees, relative humidity 83%, wind 5 mph",Cincinnati Bengals,Pittsburgh Steelers,Tyler Boyd,CIN,Cincinnati Bengals,away,23,20,WR,0,0.0,0,0,0,0,0,0,0,0,0,7,4,33,1,0
2022,1,"80 degrees, relative humidity 81%, wind 8 mph",Carolina Panthers,Cleveland Browns,Amari Cooper,CLE,Carolina Panthers,away,26,24,WR,0,0.0,0,0,0,0,0,0,0,0,0,6,3,17,0,0
2022,1,"80 degrees, relative humidity 81%, wind 8 mph",Carolina Panthers,Cleveland Browns,Anthony Schwartz,CLE,Carolina Panthers,away,26,24,WR,2,2.73972602739726,0,0,0,0,0,0,2,20,0,2,1,19,0,0
2022,1,"80 degrees, relative humidity 81%, wind 8 mph",Carolina Panthers,Cleveland Browns,David Njoku,CLE,Carolina Panthers,away,26,24,TE,0,0.0,0,0,0,0,0,0,0,0,0,1,1,7,0,0
2022,1,"80 degrees, relative humidity 81%, wind 8 mph",Carolina Panthers,Cleveland Browns,Demetric Felton,CLE,Carolina Panthers,away,26,24,RB,0,0.0,0,0,0,0,0,0,0,0,0,1,0,0,0,1
2022,1,"80 degrees, relative humidity 81%, wind 8 mph",Carolina Panthers,Cleveland Browns,Donovan Peoples-Jones,CLE,Carolina Panthers,away,26,24,WR,0,0.0,0,0,0,0,0,0,0,0,0,11,6,60,0,0
2022,1,"80 degrees, relative humidity 81%, wind 8 mph",Carolina Panthers,Cleveland Browns,Harrison Bryant,CLE,Carolina Panthers,away,26,24,TE,0,0.0,0,0,0,0,0,0,0,0,0,4,2,18,0,0
2022,1,"80 degrees, relative humidity 81%, wind 8 mph",Carolina Panthers,Cleveland Browns,Jacoby Brissett,CLE,Carolina Panthers,away,26,24,QB,38,52.054794520547944,18,34,147,1,0,1,4,10,0,0,0,0,0,0
2022,1,"80 degrees, relative humidity 81%, wind 8 mph",Carolina Panthers,Cleveland Browns,Kareem Hunt,CLE,Carolina Panthers,away,26,24,RB,11,15.068493150684931,0,0,0,0,0,0,11,46,1,4,4,24,1,0
2022,1,"80 degrees, relative humidity 81%, wind 8 mph",Carolina Panthers,Cleveland Browns,Nick Chubb,CLE,Carolina Panthers,away,26,24,RB,22,30.136986301369863,0,0,0,0,0,0,22,141,0,1,1,2,0,0
2022,1,,Dallas Cowboys,Tampa Bay Buccaneers,CeeDee Lamb,DAL,Dallas Cowboys,away,19,3,WR,0,0.0,0,0,0,0,0,0,0,0,0,11,2,29,0,0
2022,1,,Dallas Cowboys,Tampa Bay Buccaneers,Cooper Rush,DAL,Dallas Cowboys,away,19,3,QB,13,21.666666666666668,7,13,64,0,0,2,0,0,0,0,0,0,0,0
2022,1,,Dallas Cowboys,Tampa Bay Buccaneers,Dak Prescott,DAL,Dallas Cowboys,away,19,3,QB,31,51.66666666666667,14,29,134,0,1,2,2,11,0,0,0,0,0,0
2022,1,,Dallas Cowboys,Tampa Bay Buccaneers,Dalton Schultz,DAL,Dallas Cowboys,away,19,3,TE,0,0.0,0,0,0,0,0,0,0,0,0,9,7,62,0,0
2022,1,,Dallas Cowboys,Tampa Bay Buccaneers,Dennis Houston,DAL,Dallas Cowboys,away,19,3,WR,0,0.0,0,0,0,0,0,0,0,0,0,5,2,16,0,0
2022,1,,Dallas Cowboys,Tampa Bay Buccaneers,Ezekiel Elliott,DAL,Dallas Cowboys,away,19,3,RB,10,16.666666666666664,0,0,0,0,0,0,10,52,0,2,1,-3,0,0
2022,1,,Dallas Cowboys,Tampa Bay Buccaneers,Noah Brown,DAL,Dallas Cowboys,away,19,3,WR,0,0.0,0,0,0,0,0,0,0,0,0,9,5,68,0,0
2022,1,,Dallas Cowboys,Tampa Bay Buccaneers,Simi Fehoko,DAL,Dallas Cowboys,away,19,3,WR,0,0.0,0,0,0,0,0,0,0,0,0,3,2,12,0,0
2022,1,,Dallas Cowboys,Tampa Bay Buccaneers,Tony Pollard,DAL,Dallas Cowboys,away,19,3,RB,6,10.0,0,0,0,0,0,0,6,8,0,2,2,14,0,0
2022,1,"74 degrees, relative humidity 53%, wind 6 mph",Denver Broncos,Seattle Seahawks,Albert Okwuegbunam,DEN,Denver Broncos,away,17,16,TE,0,0.0,0,0,0,0,0,0,0,0,0,6,5,33,0,0
2022,1,"74 degrees, relative humidity 53%, wind 6 mph",Denver Broncos,Seattle Seahawks,Andrew Beck,DEN,Denver Broncos,away,17,16,TE,0,0.0,0,0,0,0,0,0,0,0,0,3,2,52,0,0
2022,1,"74 degrees, relative humidity 53%, wind 6 mph",Denver Broncos,Seattle Seahawks,Courtland Sutton,DEN,Denver Broncos,away,17,16,WR,0,0.0,0,0,0,0,0,0,0,0,0,7,4,72,0,0
2022,1,"74 degrees, relative humidity 53%, wind 6 mph",Denver Broncos,Seattle Seahawks,Eric Saubert,DEN,Denver Broncos,away,17,16,TE,0,0.0,0,0,0,0,0,0,0,0,0,1,0,0,0,0
2022,1,"74 degrees, relative humidity 53%, wind 6 mph",Denver Broncos,Seattle Seahawks,Eric Tomlinson,DEN,Denver Broncos,away,17,16,TE,0,0.0,0,0,0,0,0,0,0,0,0,1,0,0,0,0
2022,1,"74 degrees, relative humidity 53%, wind 6 mph",Denver Broncos,Seattle Seahawks,Javonte Williams,DEN,Denver Broncos,away,17,16,RB,7,11.29032258064516,0,0,0,0,0,0,7,43,0,12,11,65,0,1
2022,1,"74 degrees, relative humidity 53%, wind 6 mph",Denver Broncos,Seattle Seahawks,Jerry Jeudy,DEN,Denver Broncos,away,17,16,WR,0,0.0,0,0,0,0,0,0,0,0,0,7,4,102,1,0
2022,1,"74 degrees, relative humidity 53%, wind 6 mph",Denver Broncos,Seattle Seahawks,KJ Hamler,DEN,Denver Broncos,away,17,16,WR,0,0.0,0,0,0,0,0,0,0,0,0,1,0,0,0,0
2022,1,"74 degrees, relative humidity 53%, wind 6 mph",Denver Broncos,Seattle Seahawks,Melvin Gordon,DEN,Denver Broncos,away,17,16,RB,12,19.35483870967742,0,0,0,0,0,0,12,58,0,2,2,14,0,1
2022,1,"74 degrees, relative humidity 53%, wind 6 mph",Denver Broncos,Seattle Seahawks,Mike Boone,DEN,Denver Broncos,away,17,16,RB,0,0.0,0,0,0,0,0,0,0,0,0,1,1,2,0,0
2022,1,"74 degrees, relative humidity 53%, wind 6 mph",Denver Broncos,Seattle Seahawks,Russell Wilson,DEN,Denver Broncos,away,17,16,QB,43,69.35483870967742,29,42,340,1,0,2,1,2,0,0,0,0,0,0
2022,1,,Detroit Lions,Philadelphia Eagles,Amon-Ra St. Brown,DET,Detroit Lions,away,38,35,WR,0,0.0,0,0,0,0,0,0,0,0,0,12,8,64,1,0
2022,1,,Detroit Lions,Philadelphia Eagles,D'Andre Swift,DET,Detroit Lions,away,38,35,RB,15,23.076923076923077,0,0,0,0,0,0,15,144,1,3,3,31,0,0
2022,1,,Detroit Lions,Philadelphia Eagles,DJ Chark,DET,Detroit Lions,away,38,35,WR,0,0.0,0,0,0,0,0,0,0,0,0,8,4,52,1,0
2022,1,,Detroit Lions,Philadelphia Eagles,Jamaal Williams,DET,Detroit Lions,away,38,35,RB,11,16.923076923076923,0,0,0,0,0,0,11,28,2,2,1,2,0,0
2022,1,,Detroit Lions,Philadelphia Eagles,Jared Goff,DET,Detroit Lions,away,38,35,QB,39,60.0,21,37,215,2,1,1,2,9,0,0,0,0,0,1
2022,1,,Detroit Lions,Philadelphia Eagles,Josh Reynolds,DET,Detroit Lions,away,38,35,WR,0,0.0,0,0,0,0,0,0,0,0,0,3,1,28,0,0
2022,1,,Detroit Lions,Philadelphia Eagles,Kalif Raymond,DET,Detroit Lions,away,38,35,WR,0,0.0,0,0,0,0,0,0,0,0,0,2,0,0,0,0
2022,1,,Detroit Lions,Philadelphia Eagles,T.J. Hockenson,DET,Detroit Lions,away,38,35,TE,0,0.0,0,0,0,0,0,0,0,0,0,7,4,38,0,0
2022,1,,Green Bay Packers,Minnesota Vikings,AJ Dillon,GNB,Green Bay Packers,away,23,7,RB,10,17.543859649122805,0,0,0,0,0,0,10,45,1,6,5,46,0,0
2022,1,,Green Bay Packers,Minnesota Vikings,Aaron Jones,GNB,Green Bay Packers,away,23,7,RB,5,8.771929824561402,0,0,0,0,0,0,5,49,0,5,3,27,0,0
2022,1,,Green Bay Packers,Minnesota Vikings,Aaron Rodgers,GNB,Green Bay Packers,away,23,7,QB,35,61.40350877192983,22,34,195,0,1,4,1,-1,0,0,0,0,0,1
2022,1,,Green Bay Packers,Minnesota Vikings,Christian Watson,GNB,Green Bay Packers,away,23,7,WR,1,1.7543859649122806,0,0,0,0,0,0,1,7,0,4,2,34,0,0
2022,1,,Green Bay Packers,Minnesota Vikings,Jordan Love,GNB,Green Bay Packers,away,23,7,QB,5,8.771929824561402,4,5,65,0,0,0,0,0,0,0,0,0,0,0
2022,1,,Green Bay Packers,Minnesota Vikings,Josiah Deguara,GNB,Green Bay Packers,away,23,7,TE,0,0.0,0,0,0,0,0,0,0,0,0,2,2,28,0,0
2022,1,,Green Bay Packers,Minnesota Vikings,Juwann Winfree,GNB,Green Bay Packers,away,23,7,WR,0,0.0,0,0,0,0,0,0,0,0,0,1,1,17,0,0
2022,1,,Green Bay Packers,Minnesota Vikings,Randall Cobb,GNB,Green Bay Packers,away,23,7,WR,0,0.0,0,0,0,0,0,0,0,0,0,3,2,14,0,0
2022,1,,Green Bay Packers,Minnesota Vikings,Robert Tonyan,GNB,Green Bay Packers,away,23,7,TE,0,0.0,0,0,0,0,0,0,0,0,0,5,3,36,0,0
2022,1,,Green Bay Packers,Minnesota Vikings,Romeo Doubs,GNB,Green Bay Packers,away,23,7,WR,1,1.7543859649122806,0,0,0,0,0,0,1,11,0,5,4,37,0,0
2022,1,,Green Bay Packers,Minnesota Vikings,Sammy Watkins,GNB,Green Bay Packers,away,23,7,WR,0,0.0,0,0,0,0,0,0,0,0,0,3,3,18,0,0
2022,1,,Green Bay Packers,Minnesota Vikings,Tyler Davis,GNB,Green Bay Packers,away,23,7,TE,0,0.0,0,0,0,0,0,0,0,0,0,1,1,3,0,0
2022,1,,Indianapolis Colts,Houston Texans,Brandin Cooks,HOU,Indianapolis Colts,away,20,20,WR,0,0.0,0,0,0,0,0,0,0,0,0,12,7,82,0,0
2022,1,,Indianapolis Colts,Houston Texans,Brevin Jordan,HOU,Indianapolis Colts,away,20,20,TE,0,0.0,0,0,0,0,0,0,0,0,0,2,1,5,0,0
2022,1,,Indianapolis Colts,Houston Texans,Chris Conley,HOU,Indianapolis Colts,away,20,20,WR,0,0.0,0,0,0,0,0,0,0,0,0,2,0,0,0,0
2022,1,,Indianapolis Colts,Houston Texans,Chris Moore,HOU,Indianapolis Colts,away,20,20,WR,0,0.0,0,0,0,0,0,0,0,0,0,3,3,31,0,0
2022,1,,Indianapolis Colts,Houston Texans,Dameon Pierce,HOU,Indianapolis Colts,away,20,20,RB,11,16.923076923076923,0,0,0,0,0,0,11,33,0,1,1,6,0,0
2022,1,,Indianapolis Colts,Houston Texans,Davis Mills,HOU,Indianapolis Colts,away,20,20,QB,39,60.0,23,37,240,2,0,3,2,-1,0,0,0,0,0,1
2022,1,,Indianapolis Colts,Houston Texans,Jeff Driskel,HOU,Indianapolis Colts,away,20,20,QB,1,1.5384615384615385,0,0,0,0,0,0,1,5,0,0,0,0,0,0
2022,1,,Indianapolis Colts,Houston Texans,Nico Collins,HOU,Indianapolis Colts,away,20,20,WR,0,0.0,0,0,0,0,0,0,0,0,0,3,2,26,0,0
2022,1,,Indianapolis Colts,Houston Texans,O.J. Howard,HOU,Indianapolis Colts,away,20,20,TE,0,0.0,0,0,0,0,0,0,0,0,0,2,2,38,2,0
2022,1,,Indianapolis Colts,Houston Texans,Pharaoh Brown,HOU,Indianapolis Colts,away,20,20,TE,0,0.0,0,0,0,0,0,0,0,0,0,1,1,17,0,0
2022,1,,Indianapolis Colts,Houston Texans,Phillip Dorsett,HOU,Indianapolis Colts,away,20,20,WR,0,0.0,0,0,0,0,0,0,0,0,0,1,0,0,0,0
2022,1,,Indianapolis Colts,Houston Texans,Rex Burkhead,HOU,Indianapolis Colts,away,20,20,RB,14,21.53846153846154,0,0,0,0,0,0,14,40,0,8,5,30,0,0
2022,1,,Indianapolis Colts,Houston Texans,Troy Hairston,HOU,Indianapolis Colts,away,20,20,FB,0,0.0,0,0,0,0,0,0,0,0,0,1,1,5,0,0
2022,1,,Indianapolis Colts,Houston Texans,Alec Pierce,IND,Indianapolis Colts,away,20,20,WR,0,0.0,0,0,0,0,0,0,0,0,0,2,0,0,0,0
2022,1,,Indianapolis Colts,Houston Texans,Ashton Dulin,IND,Indianapolis Colts,away,20,20,WR,0,0.0,0,0,0,0,0,0,0,0,0,6,3,46,0,0
2022,1,,Indianapolis Colts,Houston Texans,Jonathan Taylor,IND,Indianapolis Colts,away,20,20,RB,31,35.22727272727273,0,0,0,0,0,0,31,161,1,7,4,14,0,0
2022,1,,Indianapolis Colts,Houston Texans,Kylen Granson,IND,Indianapolis Colts,away,20,20,TE,0,0.0,0,0,0,0,0,0,0,0,0,7,3,22,0,0
2022,1,,Indianapolis Colts,Houston Texans,Matt Ryan,IND,Indianapolis Colts,away,20,20,QB,54,61.36363636363637,32,50,352,1,1,2,4,12,0,0,0,0,0,4
2022,1,,Indianapolis Colts,Houston Texans,Michael Pittman Jr.,IND,Indianapolis Colts,away,20,20,WR,0,0.0,0,0,0,0,0,0,0,0,0,13,9,121,1,0
2022,1,,Indianapolis Colts,Houston Texans,Mike Strachan,IND,Indianapolis Colts,away,20,20,WR,0,0.0,0,0,0,0,0,0,0,0,0,2,2,36,0,0
2022,1,,Indianapolis Colts,Houston Texans,Mo Alie-Cox,IND,Indianapolis Colts,away,20,20,TE,0,0.0,0,0,0,0,0,0,0,0,0,2,2,26,0,0
2022,1,,Indianapolis Colts,Houston Texans,Nyheim Hines,IND,Indianapolis Colts,away,20,20,RB,3,3.4090909090909087,0,0,0,0,0,0,3,4,0,6,6,50,0,1
2022,1,,Indianapolis Colts,Houston Texans,Parris Campbell,IND,Indianapolis Colts,away,20,20,WR,0,0.0,0,0,0,0,0,0,0,0,0,4,3,37,0,0
2022,1,"74 degrees, relative humidity 95%, wind 4 mph",Jacksonville Jaguars,Washington Commanders,Christian Kirk,JAX,Jacksonville Jaguars,away,28,22,WR,0,0.0,0,0,0,0,0,0,0,0,0,12,6,117,0,0
2022,1,"74 degrees, relative humidity 95%, wind 4 mph",Jacksonville Jaguars,Washington Commanders,Evan Engram,JAX,Jacksonville Jaguars,away,28,22,TE,0,0.0,0,0,0,0,0,0,0,0,0,4,4,28,0,0
2022,1,"74 degrees, relative humidity 95%, wind 4 mph",Jacksonville Jaguars,Washington Commanders,Jamal Agnew,JAX,Jacksonville Jaguars,away,28,22,WR,1,1.6666666666666667,0,0,0,0,0,0,1,6,0,1,1,6,0,0
2022,1,"74 degrees, relative humidity 95%, wind 4 mph",Jacksonville Jaguars,Washington Commanders,James Robinson,JAX,Jacksonville Jaguars,away,28,22,RB,11,18.333333333333332,0,0,0,0,0,0,11,66,1,2,1,3,1,0
2022,1,"74 degrees, relative humidity 95%, wind 4 mph",Jacksonville Jaguars,Washington Commanders,Marvin Jones,JAX,Jacksonville Jaguars,away,28,22,WR,0,0.0,0,0,0,0,0,0,0,0,0,6,4,38,0,0
2022,1,"74 degrees, relative humidity 95%, wind 4 mph",Jacksonville Jaguars,Washington Commanders,Travis Etienne,JAX,Jacksonville Jaguars,away,28,22,RB,4,6.666666666666667,0,0,0,0,0,0,4,47,0,4,2,18,0,1
2022,1,"74 degrees, relative humidity 95%, wind 4 mph",Jacksonville Jaguars,Washington Commanders,Trevor Lawrence,JAX,Jacksonville Jaguars,away,28,22,QB,44,73.33333333333333,24,42,275,1,1,2,2,4,0,0,0,0,0,0
2022,1,"74 degrees, relative humidity 95%, wind 4 mph",Jacksonville Jaguars,Washington Commanders,Zay Jones,JAX,Jacksonville Jaguars,away,28,22,WR,0,0.0,0,0,0,0,0,0,0,0,0,9,6,65,0,0
2022,1,,Arizona Cardinals,Kansas City Chiefs,Clyde Edwards-Helaire,KAN,Arizona Cardinals,away,44,21,RB,7,10.606060606060606,0,0,0,0,0,0,7,42,0,3,3,32,2,0
2022,1,,Arizona Cardinals,Kansas City Chiefs,Isiah Pacheco,KAN,Arizona Cardinals,away,44,21,RB,12,18.181818181818183,0,0,0,0,0,0,12,62,1,0,0,0,0,1
2022,1,,Arizona Cardinals,Kansas City Chiefs,Jerick McKinnon,KAN,Arizona Cardinals,away,44,21,RB,4,6.0606060606060606,0,0,0,0,0,0,4,22,0,4,3,27,0,0
2022,1,,Arizona Cardinals,Kansas City Chiefs,Jody Fortson,KAN,Arizona Cardinals,away,44,21,TE,0,0.0,0,0,0,0,0,0,0,0,0,1,1,1,1,0
2022,1,,Arizona Cardinals,Kansas City Chiefs,JuJu Smith-Schuster,KAN,Arizona Cardinals,away,44,21,WR,0,0.0,0,0,0,0,0,0,0,0,0,8,6,79,0,2
2022,1,,Arizona Cardinals,Kansas City Chiefs,Justin Watson,KAN,Arizona Cardinals,away,44,21,WR,0,0.0,0,0,0,0,0,0,0,0,0,1,0,0,0,0
2022,1,,Arizona Cardinals,Kansas City Chiefs,Marquez Valdes-Scantling,KAN,Arizona Cardinals,away,44,21,WR,1,1.5151515151515151,0,0,0,0,0,0,1,-3,0,4,4,44,0,0
2022,1,,Arizona Cardinals,Kansas City Chiefs,Mecole Hardman,KAN,Arizona Cardinals,away,44,21,WR,0,0.0,0,0,0,0,0,0,0,0,0,6,3,16,1,0
2022,1,,Arizona Cardinals,Kansas City Chiefs,Noah Gray,KAN,Arizona Cardinals,away,44,21,TE,0,0.0,0,0,0,0,0,0,0,0,0,2,1,10,0,0
2022,1,,Arizona Cardinals,Kansas City Chiefs,Patrick Mahomes,KAN,Arizona Cardinals,away,44,21,QB,42,63.63636363636363,30,39,360,5,0,0,3,5,0,0,0,0,0,1
2022,1,,Arizona Cardinals,Kansas City Chiefs,Skyy Moore,KAN,Arizona Cardinals,away,44,21,WR,0,0.0,0,0,0,0,0,0,0,0,0,1,1,30,0,0
2022,1,,Arizona Cardinals,Kansas City Chiefs,Travis Kelce,KAN,Arizona Cardinals,away,44,21,TE,0,0.0,0,0,0,0,0,0,0,0,0,9,8,121,1,0
2022,1,,Las Vegas Raiders,Los Angeles Chargers,Austin Ekeler,LAC,Las Vegas Raiders,away,24,19,RB,14,21.53846153846154,0,0,0,0,0,0,14,36,0,4,4,36,0,0
2022,1,,Las Vegas Raiders,Los Angeles Chargers,DeAndre Carter,LAC,Las Vegas Raiders,away,24,19,WR,0,0.0,0,0,0,0,0,0,0,0,0,4,3,64,1,0
2022,1,,Las Vegas Raiders,Los Angeles Chargers,Gerald Everett,LAC,Las Vegas Raiders,away,24,19,TE,0,0.0,0,0,0,0,0,0,0,0,0,4,3,54,1,0
2022,1,,Las Vegas Raiders,Los Angeles Chargers,Jalen Guyton,LAC,Las Vegas Raiders,away,24,19,WR,0,0.0,0,0,0,0,0,0,0,0,0,1,0,0,0,0
2022,1,,Las Vegas Raiders,Los Angeles Chargers,Josh Palmer,LAC,Las Vegas Raiders,away,24,19,WR,1,1.5384615384615385,0,0,0,0,0,0,1,4,0,4,3,5,0,0
2022,1,,Las Vegas Raiders,Los Angeles Chargers,Joshua Kelley,LAC,Las Vegas Raiders,away,24,19,RB,4,6.153846153846154,0,0,0,0,0,0,4,21,0,2,2,14,0,0
2022,1,,Las Vegas Raiders,Los Angeles Chargers,Justin Herbert,LAC,Las Vegas Raiders,away,24,19,QB,38,58.46153846153847,26,34,279,3,0,0,4,1,0,0,0,0,0,0
2022,1,,Las Vegas Raiders,Los Angeles Chargers,Keenan Allen,LAC,Las Vegas Raiders,away,24,19,WR,0,0.0,0,0,0,0,0,0,0,0,0,4,4,66,0,0
2022,1,,Las Vegas Raiders,Los Angeles Chargers,Mike Williams,LAC,Las Vegas Raiders,away,24,19,WR,0,0.0,0,0,0,0,0,0,0,0,0,4,2,10,0,0
2022,1,,Las Vegas Raiders,Los Angeles Chargers,Richard Rodgers,LAC,Las Vegas Raiders,away,24,19,TE,0,0.0,0,0,0,0,0,0,0,0,0,1,0,0,0,0
2022,1,,Las Vegas Raiders,Los Angeles Chargers,Sony Michel,LAC,Las Vegas Raiders,away,24,19,RB,7,10.76923076923077,0,0,0,0,0,0,7,12,0,0,0,0,0,0
2022,1,,Las Vegas Raiders,Los Angeles Chargers,Tre' McKitty,LAC,Las Vegas Raiders,away,24,19,TE,0,0.0,0,0,0,0,0,0,0,0,0,4,3,24,0,1
2022,1,,Las Vegas Raiders,Los Angeles Chargers,Zander Horvath,LAC,Las Vegas Raiders,away,24,19,RB,1,1.5384615384615385,0,0,0,0,0,0,1,2,0,2,2,6,1,0
2022,1,,Los Angeles Rams,Buffalo Bills,Allen Robinson,LAR,Los Angeles Rams,away,31,10,WR,0,0.0,0,0,0,0,0,0,0,0,0,2,1,12,0,0
2022,1,,Los Angeles Rams,Buffalo Bills,Ben Skowronek,LAR,Los Angeles Rams,away,31,10,WR,0,0.0,0,0,0,0,0,0,0,0,0,6,4,25,0,0
2022,1,,Los Angeles Rams,Buffalo Bills,Brandon Powell,LAR,Los Angeles Rams,away,31,10,WR,1,1.694915254237288,0,0,0,0,0,0,1,3,0,1,1,10,0,0
2022,1,,Los Angeles Rams,Buffalo Bills,Cam Akers,LAR,Los Angeles Rams,away,31,10,RB,3,5.084745762711865,0,0,0,0,0,0,3,0,0,0,0,0,0,0
2022,1,,Los Angeles Rams,Buffalo Bills,Cooper Kupp,LAR,Los Angeles Rams,away,31,10,WR,0,0.0,0,0,0,0,0,0,0,0,0,15,13,128,1,0
2022,1,,Los Angeles Rams,Buffalo Bills,Darrell Henderson,LAR,Los Angeles Rams,away,31,10,RB,13,22.033898305084744,0,0,0,0,0,0,13,47,0,5,5,26,0,0
2022,1,,Los Angeles Rams,Buffalo Bills,Matthew Stafford,LAR,Los Angeles Rams,away,31,10,QB,42,71.1864406779661,29,41,240,1,3,7,1,2,0,0,0,0,0,1
2022,1,,Los Angeles Rams,Buffalo Bills,Tutu Atwell,LAR,Los Angeles Rams,away,31,10,WR,0,0.0,0,0,0,0,0,0,0,0,0,1,0,0,0,0
2022,1,,Los Angeles Rams,Buffalo Bills,Tyler Higbee,LAR,Los Angeles Rams,away,31,10,TE,0,0.0,0,0,0,0,0,0,0,0,0,11,5,39,0,0
2022,1,,Las Vegas Raiders,Los Angeles Chargers,Ameer Abdullah,LVR,Las Vegas Raiders,away,24,19,RB,0,0.0,0,0,0,0,0,0,0,0,0,1,0,0,0,0
2022,1,,Las Vegas Raiders,Los Angeles Chargers,Brandon Bolden,LVR,Las Vegas Raiders,away,24,19,RB,3,6.0,0,0,0,0,0,0,3,7,0,2,2,21,1,0
2022,1,,Las Vegas Raiders,Los Angeles Chargers,Darren Waller,LVR,Las Vegas Raiders,away,24,19,TE,0,0.0,0,0,0,0,0,0,0,0,0,6,4,79,0,0
2022,1,,Las Vegas Raiders,Los Angeles Chargers,Davante Adams,LVR,Las Vegas Raiders,away,24,19,WR,0,0.0,0,0,0,0,0,1,0,0,0,17,10,141,1,0
2022,1,,Las Vegas Raiders,Los Angeles Chargers,Derek Carr,LVR,Las Vegas Raiders,away,24,19,QB,37,74.0,22,37,295,2,3,5,0,0,0,0,0,0,0,2
2022,1,,Las Vegas Raiders,Los Angeles Chargers,Hunter Renfrow,LVR,Las Vegas Raiders,away,24,19,WR,0,0.0,0,0,0,0,0,0,0,0,0,6,3,21,0,1
2022,1,,Las Vegas Raiders,Los Angeles Chargers,Jakob Johnson,LVR,Las Vegas Raiders,away,24,19,FB,0,0.0,0,0,0,0,0,0,0,0,0,1,1,1,0,0
2022,1,,Las Vegas Raiders,Los Angeles Chargers,Josh Jacobs,LVR,Las Vegas Raiders,away,24,19,RB,10,20.0,0,0,0,0,0,0,10,57,0,1,1,16,0,0
2022,1,,Las Vegas Raiders,Los Angeles Chargers,Mack Hollins,LVR,Las Vegas Raiders,away,24,19,WR,0,0.0,0,0,0,0,0,0,0,0,0,1,1,16,0,0
2022,1,"92 degrees, relative humidity 58%, wind 12 mph",New England Patriots,Miami Dolphins,Alec Ingold,MIA,New England Patriots,away,20,7,FB,1,1.7857142857142856,0,0,0,0,0,0,1,2,0,2,1,8,0,0
2022,1,"92 degrees, relative humidity 58%, wind 12 mph",New England Patriots,Miami Dolphins,Cedrick Wilson Jr.,MIA,New England Patriots,away,20,7,WR,1,1.7857142857142856,0,0,0,0,0,0,1,8,0,2,2,20,0,0
2022,1,"92 degrees, relative humidity 58%, wind 12 mph",New England Patriots,Miami Dolphins,Chase Edmonds,MIA,New England Patriots,away,20,7,RB,12,21.428571428571427,0,0,0,0,0,0,12,25,0,4,4,40,0,0
2022,1,"92 degrees, relative humidity 58%, wind 12 mph",New England Patriots,Miami Dolphins,Durham Smythe,MIA,New England Patriots,away,20,7,TE,0,0.0,0,0,0,0,0,0,0,0,0,2,1,14,0,0
2022,1,"92 degrees, relative humidity 58%, wind 12 mph",New England Patriots,Miami Dolphins,Jaylen Waddle,MIA,New England Patriots,away,20,7,WR,1,1.7857142857142856,0,0,0,0,0,0,1,8,0,5,4,69,1,0
2022,1,"92 degrees, relative humidity 58%, wind 12 mph",New England Patriots,Miami Dolphins,Mike Gesicki,MIA,New England Patriots,away,20,7,TE,0,0.0,0,0,0,0,0,0,0,0,0,1,1,1,0,0
2022,1,"92 degrees, relative humidity 58%, wind 12 mph",New England Patriots,Miami Dolphins,Raheem Mostert,MIA,New England Patriots,away,20,7,RB,5,8.928571428571429,0,0,0,0,0,0,5,16,0,1,1,16,0,0
2022,1,"92 degrees, relative humidity 58%, wind 12 mph",New England Patriots,Miami Dolphins,Trent Sherfield,MIA,New England Patriots,away,20,7,WR,0,0.0,0,0,0,0,0,0,0,0,0,2,1,8,0,0
2022,1,"92 degrees, relative humidity 58%, wind 12 mph",New England Patriots,Miami Dolphins,Tua Tagovailoa,MIA,New England Patriots,away,20,7,QB,35,62.5,23,33,270,1,0,3,2,0,0,0,0,0,0,1
2022,1,"92 degrees, relative humidity 58%, wind 12 mph",New England Patriots,Miami Dolphins,Tyreek Hill,MIA,New England Patriots,away,20,7,WR,1,1.7857142857142856,0,0,0,0,0,0,1,6,0,12,8,94,0,1
2022,1,,Green Bay Packers,Minnesota Vikings,Adam Thielen,MIN,Green Bay Packers,away,23,7,WR,0,0.0,0,0,0,0,0,0,0,0,0,4,3,36,0,0
2022,1,,Green Bay Packers,Minnesota Vikings,Alexander Mattison,MIN,Green Bay Packers,away,23,7,RB,8,13.333333333333334,0,0,0,0,0,0,8,36,0,0,0,0,0,0
2022,1,,Green Bay Packers,Minnesota Vikings,Ben Ellefson,MIN,Green Bay Packers,away,23,7,TE,0,0.0,0,0,0,0,0,0,0,0,0,1,1,2,0,0
2022,1,,Green Bay Packers,Minnesota Vikings,C.J. Ham,MIN,Green Bay Packers,away,23,7,FB,0,0.0,0,0,0,0,0,0,0,0,0,1,1,6,0,0
2022,1,,Green Bay Packers,Minnesota Vikings,Dalvin Cook,MIN,Green Bay Packers,away,23,7,RB,20,33.33333333333333,0,0,0,0,0,0,20,90,0,5,3,18,0,0
2022,1,,Green Bay Packers,Minnesota Vikings,Irv Smith Jr.,MIN,Green Bay Packers,away,23,7,TE,0,0.0,0,0,0,0,0,0,0,0,0,2,0,0,0,0
2022,1,,Green Bay Packers,Minnesota Vikings,Johnny Mundt,MIN,Green Bay Packers,away,23,7,TE,0,0.0,0,0,0,0,0,0,0,0,0,3,3,17,0,0
2022,1,,Green Bay Packers,Minnesota Vikings,Justin Jefferson,MIN,Green Bay Packers,away,23,7,WR,0,0.0,0,0,0,0,0,0,0,0,0,11,9,184,2,0
2022,1,,Green Bay Packers,Minnesota Vikings,K.J. Osborn,MIN,Green Bay Packers,away,23,7,WR,0,0.0,0,0,0,0,0,0,0,0,0,4,3,14,0,0
2022,1,,Green Bay Packers,Minnesota Vikings,Kirk Cousins,MIN,Green Bay Packers,away,23,7,QB,32,53.333333333333336,23,32,277,2,0,1,0,0,0,0,0,0,0,0
2022,1,,Atlanta Falcons,New Orleans Saints,Alvin Kamara,NOR,Atlanta Falcons,away,27,26,RB,9,16.9811320754717,0,0,0,0,0,0,9,39,0,4,3,7,0,0
2022,1,,Atlanta Falcons,New Orleans Saints,Chris Olave,NOR,Atlanta Falcons,away,27,26,WR,0,0.0,0,0,0,0,0,0,0,0,0,3,3,41,0,0
2022,1,,Atlanta Falcons,New Orleans Saints,Deonte Harty,NOR,Atlanta Falcons,away,27,26,WR,0,0.0,0,0,0,0,0,0,0,0,0,1,1,4,0,0
2022,1,,Atlanta Falcons,New Orleans Saints,Jameis Winston,NOR,Atlanta Falcons,away,27,26,QB,36,67.9245283018868,23,34,269,2,0,4,2,9,0,0,0,0,0,0
2022,1,,Atlanta Falcons,New Orleans Saints,Jarvis Landry,NOR,Atlanta Falcons,away,27,26,WR,0,0.0,0,0,0,0,0,0,0,0,0,9,7,114,0,0
2022,1,,Atlanta Falcons,New Orleans Saints,Juwan Johnson,NOR,Atlanta Falcons,away,27,26,TE,0,0.0,0,0,0,0,0,0,0,0,0,5,2,43,0,0
2022,1,,Atlanta Falcons,New Orleans Saints,Mark Ingram,NOR,Atlanta Falcons,away,27,26,RB,4,7.547169811320755,0,0,0,0,0,0,4,22,0,1,1,1,0,1
2022,1,,Atlanta Falcons,New Orleans Saints,Michael Thomas,NOR,Atlanta Falcons,away,27,26,WR,0,0.0,0,0,0,0,0,0,0,0,0,8,5,57,2,0
2022,1,,Atlanta Falcons,New Orleans Saints,Taysom Hill,NOR,Atlanta Falcons,away,27,26,QB,4,7.547169811320755,0,0,0,0,0,0,4,81,1,1,1,2,0,0
2022,1,"92 degrees, relative humidity 58%, wind 12 mph",New England Patriots,Miami Dolphins,Damien Harris,NWE,New England Patriots,away,20,7,RB,9,17.307692307692307,0,0,0,0,0,0,9,48,0,3,2,10,0,0
2022,1,"92 degrees, relative humidity 58%, wind 12 mph",New England Patriots,Miami Dolphins,DeVante Parker,NWE,New England Patriots,away,20,7,WR,0,0.0,0,0,0,0,0,0,0,0,0,2,1,9,0,0
2022,1,"92 degrees, relative humidity 58%, wind 12 mph",New England Patriots,Miami Dolphins,Hunter Henry,NWE,New England Patriots,away,20,7,TE,0,0.0,0,0,0,0,0,0,0,0,0,3,2,20,0,0
2022,1,"92 degrees, relative humidity 58%, wind 12 mph",New England Patriots,Miami Dolphins,Jakobi Meyers,NWE,New England Patriots,away,20,7,WR,1,1.9230769230769231,0,0,0,0,0,0,1,7,0,6,4,55,0,0
2022,1,"92 degrees, relative humidity 58%, wind 12 mph",New England Patriots,Miami Dolphins,Jonnu Smith,NWE,New England Patriots,away,20,7,TE,0,0.0,0,0,0,0,0,0,0,0,0,4,3,33,0,0
2022,1,"92 degrees, relative humidity 58%, wind 12 mph",New England Patriots,Miami Dolphins,Kendrick Bourne,NWE,New England Patriots,away,20,7,WR,0,0.0,0,0,0,0,0,0,0,0,0,1,1,41,0,0
2022,1,"92 degrees, relative humidity 58%, wind 12 mph",New England Patriots,Miami Dolphins,Mac Jones,NWE,New England Patriots,away,20,7,QB,32,61.53846153846154,21,30,213,1,1,2,2,0,0,0,0,0,0,1
2022,1,"92 degrees, relative humidity 58%, wind 12 mph",New England Patriots,Miami Dolphins,Nelson Agholor,NWE,New England Patriots,away,20,7,WR,0,0.0,0,0,0,0,0,0,0,0,0,5,3,28,0,1
2022,1,"92 degrees, relative humidity 58%, wind 12 mph",New England Patriots,Miami Dolphins,Rhamondre Stevenson,NWE,New England Patriots,away,20,7,RB,8,15.384615384615385,0,0,0,0,0,0,8,25,0,2,2,2,0,0
2022,1,"92 degrees, relative humidity 58%, wind 12 mph",New England Patriots,Miami Dolphins,Ty Montgomery,NWE,New England Patriots,away,20,7,WR,2,3.8461538461538463,0,0,0,0,0,0,2,-2,0,4,3,15,1,0
2022,1,"75 degrees, relative humidity 87%, wind 9 mph",Tennessee Titans,New York Giants,Chris Myarick,NYG,Tennessee Titans,away,21,20,TE,0,0.0,0,0,0,0,0,0,0,0,0,1,1,1,1,0
2022,1,"75 degrees, relative humidity 87%, wind 9 mph",Tennessee Titans,New York Giants,Daniel Jones,NYG,Tennessee Titans,away,21,20,QB,27,50.943396226415096,17,21,188,2,1,5,6,25,0,0,0,0,0,1
2022,1,"75 degrees, relative humidity 87%, wind 9 mph",Tennessee Titans,New York Giants,Kadarius Toney,NYG,Tennessee Titans,away,21,20,WR,2,3.7735849056603774,0,0,0,0,0,0,2,23,0,0,0,0,0,0
2022,1,"75 degrees, relative humidity 87%, wind 9 mph",Tennessee Titans,New York Giants,Kenny Golladay,NYG,Tennessee Titans,away,21,20,WR,0,0.0,0,0,0,0,0,0,0,0,0,2,2,22,0,0
2022,1,"75 degrees, relative humidity 87%, wind 9 mph",Tennessee Titans,New York Giants,Matt Breida,NYG,Tennessee Titans,away,21,20,RB,5,9.433962264150944,0,0,0,0,0,0,5,24,0,0,0,0,0,0
2022,1,"75 degrees, relative humidity 87%, wind 9 mph",Tennessee Titans,New York Giants,Richie James,NYG,Tennessee Titans,away,21,20,WR,1,1.8867924528301887,0,0,0,0,0,0,1,2,0,6,5,59,0,0
2022,1,"75 degrees, relative humidity 87%, wind 9 mph",Tennessee Titans,New York Giants,Saquon Barkley,NYG,Tennessee Titans,away,21,20,RB,18,33.9622641509434,0,0,0,0,0,0,18,164,1,7,6,30,0,1
2022,1,"75 degrees, relative humidity 87%, wind 9 mph",Tennessee Titans,New York Giants,Sterling Shepard,NYG,Tennessee Titans,away,21,20,WR,0,0.0,0,0,0,0,0,0,0,0,0,4,2,71,1,0
2022,1,"75 degrees, relative humidity 87%, wind 9 mph",Tennessee Titans,New York Giants,Wan'Dale Robinson,NYG,Tennessee Titans,away,21,20,WR,0,0.0,0,0,0,0,0,0,0,0,0,1,1,5,0,0
2022,1,"73 degrees, relative humidity 79%, wind 3 mph",New York Jets,Baltimore Ravens,Braxton Berrios,NYJ,New York Jets,away,24,9,WR,0,0.0,0,0,0,0,0,0,0,0,0,6,5,37,0,0
2022,1,"73 degrees, relative humidity 79%, wind 3 mph",New York Jets,Baltimore Ravens,Breece Hall,NYJ,New York Jets,away,24,9,RB,6,7.894736842105263,0,0,0,0,0,0,6,23,0,9,6,38,0,1
2022,1,"73 degrees, relative humidity 79%, wind 3 mph",New York Jets,Baltimore Ravens,Corey Davis,NYJ,New York Jets,away,24,9,WR,0,0.0,0,0,0,0,0,0,0,0,0,10,6,77,0,0
2022,1,"73 degrees, relative humidity 79%, wind 3 mph",New York Jets,Baltimore Ravens,Elijah Moore,NYJ,New York Jets,away,24,9,WR,0,0.0,0,0,0,0,0,0,0,0,0,7,5,49,0,0
2022,1,"73 degrees, relative humidity 79%, wind 3 mph",New York Jets,Baltimore Ravens,Garrett Wilson,NYJ,New York Jets,away,24,9,WR,0,0.0,0,0,0,0,0,0,0,0,0,8,4,52,0,0
2022,1,"73 degrees, relative humidity 79%, wind 3 mph",New York Jets,Baltimore Ravens,Joe Flacco,NYJ,New York Jets,away,24,9,QB,60,78.94736842105263,37,59,309,1,1,3,1,0,0,0,0,0,0,0
2022,1,"73 degrees, relative humidity 79%, wind 3 mph",New York Jets,Baltimore Ravens,Lawrence Cager,NYJ,New York Jets,away,24,9,WR,0,0.0,0,0,0,0,0,0,0,0,0,1,0,0,0,0
2022,1,"73 degrees, relative humidity 79%, wind 3 mph",New York Jets,Baltimore Ravens,Michael Carter,NYJ,New York Jets,away,24,9,RB,10,13.157894736842104,0,0,0,0,0,0,10,60,0,9,7,40,0,0
2022,1,"73 degrees, relative humidity 79%, wind 3 mph",New York Jets,Baltimore Ravens,Tyler Conklin,NYJ,New York Jets,away,24,9,TE,0,0.0,0,0,0,0,0,0,0,0,0,7,4,16,1,1
2022,1,,Detroit Lions,Philadelphia Eagles,A.J. Brown,PHI,Detroit Lions,away,38,35,WR,0,0.0,0,0,0,0,0,0,0,0,0,13,10,155,0,0
2022,1,,Detroit Lions,Philadelphia Eagles,Boston Scott,PHI,Detroit Lions,away,38,35,RB,4,5.633802816901409,0,0,0,0,0,0,4,10,1,0,0,0,0,0
2022,1,,Detroit Lions,Philadelphia Eagles,Dallas Goedert,PHI,Detroit Lions,away,38,35,TE,0,0.0,0,0,0,0,0,0,0,0,0,4,3,60,0,0
2022,1,,Detroit Lions,Philadelphia Eagles,DeVonta Smith,PHI,Detroit Lions,away,38,35,WR,0,0.0,0,0,0,0,0,0,0,0,0,4,0,0,0,0
2022,1,,Detroit Lions,Philadelphia Eagles,Jalen Hurts,PHI,Detroit Lions,away,38,35,QB,49,69.01408450704226,18,32,243,0,0,1,17,90,1,0,0,0,0,0
2022,1,,Detroit Lions,Philadelphia Eagles,Kenneth Gainwell,PHI,Detroit Lions,away,38,35,RB,5,7.042253521126761,0,0,0,0,0,0,5,20,1,4,2,12,0,0
2022,1,,Detroit Lions,Philadelphia Eagles,Miles Sanders,PHI,Detroit Lions,away,38,35,RB,13,18.30985915492958,0,0,0,0,0,0,13,96,1,2,2,9,0,0
2022,1,,Detroit Lions,Philadelphia Eagles,Noah Togiai,PHI,Detroit Lions,away,38,35,TE,0,0.0,0,0,0,0,0,0,0,0,0,1,0,0,0,0
2022,1,,Detroit Lions,Philadelphia Eagles,Zach Pascal,PHI,Detroit Lions,away,38,35,WR,0,0.0,0,0,0,0,0,0,0,0,0,1,1,7,0,0
2022,1,"76 degrees, relative humidity 83%, wind 5 mph",Cincinnati Bengals,Pittsburgh Steelers,Chase Claypool,PIT,Cincinnati Bengals,away,23,20,WR,6,10.0,0,0,0,0,0,0,6,36,0,6,4,18,0,0
2022,1,"76 degrees, relative humidity 83%, wind 5 mph",Cincinnati Bengals,Pittsburgh Steelers,Diontae Johnson,PIT,Cincinnati Bengals,away,23,20,WR,0,0.0,0,0,0,0,0,0,0,0,0,12,7,55,0,1
2022,1,"76 degrees, relative humidity 83%, wind 5 mph",Cincinnati Bengals,Pittsburgh Steelers,George Pickens,PIT,Cincinnati Bengals,away,23,20,WR,0,0.0,0,0,0,0,0,0,0,0,0,3,1,3,0,0
2022,1,"76 degrees, relative humidity 83%, wind 5 mph",Cincinnati Bengals,Pittsburgh Steelers,Jaylen Warren,PIT,Cincinnati Bengals,away,23,20,RB,3,5.0,0,0,0,0,0,0,3,7,0,1,0,0,0,0
2022,1,"76 degrees, relative humidity 83%, wind 5 mph",Cincinnati Bengals,Pittsburgh Steelers,Miles Boykin,PIT,Cincinnati Bengals,away,23,20,WR,0,0.0,0,0,0,0,0,0,0,0,0,1,0,0,0,0
2022,1,"76 degrees, relative humidity 83%, wind 5 mph",Cincinnati Bengals,Pittsburgh Steelers,Mitchell Trubisky,PIT,Cincinnati Bengals,away,23,20,QB,41,68.33333333333333,21,38,194,1,0,1,3,9,0,0,0,0,0,0
2022,1,"76 degrees, relative humidity 83%, wind 5 mph",Cincinnati Bengals,Pittsburgh Steelers,Najee Harris,PIT,Cincinnati Bengals,away,23,20,RB,10,16.666666666666664,0,0,0,0,0,0,10,23,0,2,2,3,1,0
2022,1,"76 degrees, relative humidity 83%, wind 5 mph",Cincinnati Bengals,Pittsburgh Steelers,Pat Freiermuth,PIT,Cincinnati Bengals,away,23,20,TE,0,0.0,0,0,0,0,0,0,0,0,0,10,5,75,0,0
2022,1,"76 degrees, relative humidity 83%, wind 5 mph",Cincinnati Bengals,Pittsburgh Steelers,Zach Gentry,PIT,Cincinnati Bengals,away,23,20,TE,0,0.0,0,0,0,0,0,0,0,0,0,2,2,40,0,0
2022,1,"74 degrees, relative humidity 53%, wind 6 mph",Denver Broncos,Seattle Seahawks,Colby Parkinson,SEA,Denver Broncos,away,17,16,TE,0,0.0,0,0,0,0,0,0,0,0,0,2,2,43,1,0
2022,1,"74 degrees, relative humidity 53%, wind 6 mph",Denver Broncos,Seattle Seahawks,D'Wayne Eskridge,SEA,Denver Broncos,away,17,16,WR,0,0.0,0,0,0,0,0,0,0,0,0,2,1,0,0,0
2022,1,"74 degrees, relative humidity 53%, wind 6 mph",Denver Broncos,Seattle Seahawks,D.K. Metcalf,SEA,Denver Broncos,away,17,16,WR,0,0.0,0,0,0,0,0,0,0,0,0,7,7,36,0,1
2022,1,"74 degrees, relative humidity 53%, wind 6 mph",Denver Broncos,Seattle Seahawks,Geno Smith,SEA,Denver Broncos,away,17,16,QB,34,72.3404255319149,23,28,195,2,0,2,6,14,0,0,0,0,0,1
2022,1,"74 degrees, relative humidity 53%, wind 6 mph",Denver Broncos,Seattle Seahawks,Marquise Goodwin,SEA,Denver Broncos,away,17,16,WR,0,0.0,0,0,0,0,0,0,0,0,0,2,2,22,0,0
2022,1,"74 degrees, relative humidity 53%, wind 6 mph",Denver Broncos,Seattle Seahawks,Noah Fant,SEA,Denver Broncos,away,17,16,TE,0,0.0,0,0,0,0,0,0,0,0,0,4,3,16,0,0
2022,1,"74 degrees, relative humidity 53%, wind 6 mph",Denver Broncos,Seattle Seahawks,Rashaad Penny,SEA,Denver Broncos,away,17,16,RB,12,25.53191489361702,0,0,0,0,0,0,12,60,0,3,2,7,0,1
2022,1,"74 degrees, relative humidity 53%, wind 6 mph",Denver Broncos,Seattle Seahawks,Travis Homer,SEA,Denver Broncos,away,17,16,RB,1,2.127659574468085,0,0,0,0,0,0,1,2,0,0,0,0,0,0
2022,1,"74 degrees, relative humidity 53%, wind 6 mph",Denver Broncos,Seattle Seahawks,Tyler Lockett,SEA,Denver Broncos,away,17,16,WR,0,0.0,0,0,0,0,0,0,0,0,0,4,3,28,0,0
2022,1,"74 degrees, relative humidity 53%, wind 6 mph",Denver Broncos,Seattle Seahawks,Will Dissly,SEA,Denver Broncos,away,17,16,TE,0,0.0,0,0,0,0,0,0,0,0,0,3,3,43,1,0
2022,1,"69 degrees, relative humidity 87%, wind 16 mph",San Francisco 49ers,Chicago Bears,Brandon Aiyuk,SFO,San Francisco 49ers,away,19,10,WR,1,1.5384615384615385,0,0,0,0,0,0,1,7,0,3,2,40,0,0
2022,1,"69 degrees, relative humidity 87%, wind 16 mph",San Francisco 49ers,Chicago Bears,Deebo Samuel,SFO,San Francisco 49ers,away,19,10,WR,8,12.307692307692308,0,0,0,0,0,0,8,52,1,7,2,14,0,1
2022,1,"69 degrees, relative humidity 87%, wind 16 mph",San Francisco 49ers,Chicago Bears,Elijah Mitchell,SFO,San Francisco 49ers,away,19,10,RB,6,9.230769230769232,0,0,0,0,0,0,6,41,0,0,0,0,0,0
2022,1,"69 degrees, relative humidity 87%, wind 16 mph",San Francisco 49ers,Chicago Bears,Jauan Jennings,SFO,San Francisco 49ers,away,19,10,WR,0,0.0,0,0,0,0,0,0,0,0,0,6,4,62,0,0
2022,1,"69 degrees, relative humidity 87%, wind 16 mph",San Francisco 49ers,Chicago Bears,Jeff Wilson,SFO,San Francisco 49ers,away,19,10,RB,9,13.846153846153847,0,0,0,0,0,0,9,22,0,2,2,8,0,0
2022,1,"69 degrees, relative humidity 87%, wind 16 mph",San Francisco 49ers,Chicago Bears,Kyle Juszczyk,SFO,San Francisco 49ers,away,19,10,FB,0,0.0,0,0,0,0,0,0,0,0,0,2,0,0,0,0
2022,1,"69 degrees, relative humidity 87%, wind 16 mph",San Francisco 49ers,Chicago Bears,Ray-Ray McCloud,SFO,San Francisco 49ers,away,19,10,WR,0,0.0,0,0,0,0,0,0,0,0,0,2,1,20,0,0
2022,1,"69 degrees, relative humidity 87%, wind 16 mph",San Francisco 49ers,Chicago Bears,Ross Dwelley,SFO,San Francisco 49ers,away,19,10,TE,0,0.0,0,0,0,0,0,0,0,0,0,2,1,11,0,0
2022,1,"69 degrees, relative humidity 87%, wind 16 mph",San Francisco 49ers,Chicago Bears,Trey Lance,SFO,San Francisco 49ers,away,19,10,QB,41,63.07692307692307,13,28,164,0,1,2,13,54,0,0,0,0,0,1
2022,1,"69 degrees, relative humidity 87%, wind 16 mph",San Francisco 49ers,Chicago Bears,Tyler Kroft,SFO,San Francisco 49ers,away,19,10,TE,0,0.0,0,0,0,0,0,0,0,0,0,2,1,9,0,0
2022,1,,Dallas Cowboys,Tampa Bay Buccaneers,Breshad Perriman,TAM,Dallas Cowboys,away,19,3,WR,1,1.6666666666666667,0,0,0,0,0,0,1,-7,0,3,0,0,0,0
2022,1,,Dallas Cowboys,Tampa Bay Buccaneers,Cameron Brate,TAM,Dallas Cowboys,away,19,3,TE,0,0.0,0,0,0,0,0,0,0,0,0,3,1,7,0,0
2022,1,,Dallas Cowboys,Tampa Bay Buccaneers,Chris Godwin,TAM,Dallas Cowboys,away,19,3,WR,0,0.0,0,0,0,0,0,0,0,0,0,3,3,35,0,0
2022,1,,Dallas Cowboys,Tampa Bay Buccaneers,Jaelon Darden,TAM,Dallas Cowboys,away,19,3,WR,1,1.6666666666666667,0,0,0,0,0,0,1,2,0,0,0,0,0,0
2022,1,,Dallas Cowboys,Tampa Bay Buccaneers,Julio Jones,TAM,Dallas Cowboys,away,19,3,WR,2,3.3333333333333335,0,0,0,0,0,0,2,17,0,5,3,69,0,0
2022,1,,Dallas Cowboys,Tampa Bay Buccaneers,Leonard Fournette,TAM,Dallas Cowboys,away,19,3,RB,21,35.0,0,0,0,0,0,0,21,127,0,2,2,10,0,0
2022,1,,Dallas Cowboys,Tampa Bay Buccaneers,Mike Evans,TAM,Dallas Cowboys,away,19,3,WR,0,0.0,0,0,0,0,0,0,0,0,0,7,5,71,1,0
2022,1,,Dallas Cowboys,Tampa Bay Buccaneers,Rachaad White,TAM,Dallas Cowboys,away,19,3,RB,6,10.0,0,0,0,0,0,0,6,14,0,2,2,7,0,0
2022,1,,Dallas Cowboys,Tampa Bay Buccaneers,Russell Gage,TAM,Dallas Cowboys,away,19,3,WR,0,0.0,0,0,0,0,0,0,0,0,0,2,2,13,0,0
2022,1,,Dallas Cowboys,Tampa Bay Buccaneers,Tom Brady,TAM,Dallas Cowboys,away,19,3,QB,29,48.333333333333336,18,27,212,1,1,2,2,-1,0,0,0,0,0,0
2022,1,"75 degrees, relative humidity 87%, wind 9 mph",Tennessee Titans,New York Giants,Austin Hooper,TEN,Tennessee Titans,away,21,20,TE,0,0.0,0,0,0,0,0,0,0,0,0,2,1,6,0,0
2022,1,"75 degrees, relative humidity 87%, wind 9 mph",Tennessee Titans,New York Giants,Chigoziem Okonkwo,TEN,Tennessee Titans,away,21,20,TE,1,1.694915254237288,0,0,0,0,0,0,1,-4,0,1,1,11,0,0
2022,1,"75 degrees, relative humidity 87%, wind 9 mph",Tennessee Titans,New York Giants,Cody Hollister,TEN,Tennessee Titans,away,21,20,WR,0,0.0,0,0,0,0,0,0,0,0,0,1,1,22,0,0
2022,1,"75 degrees, relative humidity 87%, wind 9 mph",Tennessee Titans,New York Giants,Derrick Henry,TEN,Tennessee Titans,away,21,20,RB,21,35.59322033898305,0,0,0,0,0,0,21,82,0,1,0,0,0,1
2022,1,"75 degrees, relative humidity 87%, wind 9 mph",Tennessee Titans,New York Giants,Dontrell Hilliard,TEN,Tennessee Titans,away,21,20,RB,2,3.389830508474576,0,0,0,0,0,0,2,8,0,4,3,61,2,0
2022,1,"75 degrees, relative humidity 87%, wind 9 mph",Tennessee Titans,New York Giants,Geoff Swaim,TEN,Tennessee Titans,away,21,20,TE,0,0.0,0,0,0,0,0,0,0,0,0,4,3,19,0,0
2022,1,"75 degrees, relative humidity 87%, wind 9 mph",Tennessee Titans,New York Giants,Kyle Philips,TEN,Tennessee Titans,away,21,20,WR,0,0.0,0,0,0,0,0,0,0,0,0,9,6,66,0,1
2022,1,"75 degrees, relative humidity 87%, wind 9 mph",Tennessee Titans,New York Giants,Nick Westbrook-Ikhine,TEN,Tennessee Titans,away,21,20,WR,0,0.0,0,0,0,0,0,0,0,0,0,2,1,13,0,0
2022,1,"75 degrees, relative humidity 87%, wind 9 mph",Tennessee Titans,New York Giants,Robert Woods,TEN,Tennessee Titans,away,21,20,WR,0,0.0,0,0,0,0,0,0,0,0,0,2,1,13,0,0
2022,1,"75 degrees, relative humidity 87%, wind 9 mph",Tennessee Titans,New York Giants,Ryan Tannehill,TEN,Tennessee Titans,away,21,20,QB,35,59.32203389830508,20,33,266,2,0,1,2,7,0,0,0,0,0,0
2022,1,"75 degrees, relative humidity 87%, wind 9 mph",Tennessee Titans,New York Giants,Treylon Burks,TEN,Tennessee Titans,away,21,20,WR,0,0.0,0,0,0,0,0,0,0,0,0,5,3,55,0,0
2022,1,"74 degrees, relative humidity 95%, wind 4 mph",Jacksonville Jaguars,Washington Commanders,Antonio Gibson,WAS,Jacksonville Jaguars,away,28,22,RB,14,20.28985507246377,0,0,0,0,0,0,14,58,0,8,7,72,0,0
2022,1,"74 degrees, relative humidity 95%, wind 4 mph",Jacksonville Jaguars,Washington Commanders,Armani Rogers,WAS,Jacksonville Jaguars,away,28,22,TE,0,0.0,0,0,0,0,0,0,0,0,0,1,1,23,0,0
2022,1,"74 degrees, relative humidity 95%, wind 4 mph",Jacksonville Jaguars,Washington Commanders,Cam Sims,WAS,Jacksonville Jaguars,away,28,22,WR,0,0.0,0,0,0,0,0,0,0,0,0,1,0,0,0,0
2022,1,"74 degrees, relative humidity 95%, wind 4 mph",Jacksonville Jaguars,Washington Commanders,Carson Wentz,WAS,Jacksonville Jaguars,away,28,22,QB,47,68.11594202898551,27,41,313,4,2,1,6,12,0,0,0,0,0,0
2022,1,"74 degrees, relative humidity 95%, wind 4 mph",Jacksonville Jaguars,Washington Commanders,Curtis Samuel,WAS,Jacksonville Jaguars,away,28,22,WR,4,5.797101449275362,0,0,0,0,0,0,4,17,0,11,8,55,1,1
2022,1,"74 degrees, relative humidity 95%, wind 4 mph",Jacksonville Jaguars,Washington Commanders,Dax Milne,WAS,Jacksonville Jaguars,away,28,22,WR,0,0.0,0,0,0,0,0,0,0,0,0,1,0,0,0,0
2022,1,"74 degrees, relative humidity 95%, wind 4 mph",Jacksonville Jaguars,Washington Commanders,J.D. McKissic,WAS,Jacksonville Jaguars,away,28,22,RB,3,4.3478260869565215,0,0,0,0,0,0,3,8,0,3,3,20,0,0
2022,1,"74 degrees, relative humidity 95%, wind 4 mph",Jacksonville Jaguars,Washington Commanders,Jahan Dotson,WAS,Jacksonville Jaguars,away,28,22,WR,1,1.4492753623188406,0,0,0,0,0,0,1,-10,0,5,3,40,2,0
2022,1,"74 degrees, relative humidity 95%, wind 4 mph",Jacksonville Jaguars,Washington Commanders,John Bates,WAS,Jacksonville Jaguars,away,28,22,TE,0,0.0,0,0,0,0,0,0,0,0,0,1,0,0,0,0
2022,1,"74 degrees, relative humidity 95%, wind 4 mph",Jacksonville Jaguars,Washington Commanders,Logan Thomas,WAS,Jacksonville Jaguars,away,28,22,TE,0,0.0,0,0,0,0,0,0,0,0,0,6,3,45,0,0
2022,1,"74 degrees, relative humidity 95%, wind 4 mph",Jacksonville Jaguars,Washington Commanders,Terry McLaurin,WAS,Jacksonville Jaguars,away,28,22,WR,0,0.0,0,0,0,0,0,0,0,0,0,4,2,58,1,0
2022,2,,Las Vegas Raiders,Arizona Cardinals,A.J. Green,ARI,Las Vegas Raiders,away,29,23,WR,0,0.0,0,0,0,0,0,0,0,0,0,7,3,16,0,0
2022,2,,Las Vegas Raiders,Arizona Cardinals,Andre Baccellia,ARI,Las Vegas Raiders,away,29,23,WR,0,0.0,0,0,0,0,0,0,0,0,0,2,2,12,0,0
2022,2,,Las Vegas Raiders,Arizona Cardinals,Darrel Williams,ARI,Las Vegas Raiders,away,29,23,RB,8,10.38961038961039,0,0,0,0,0,0,8,59,1,3,2,3,0,0
2022,2,,Las Vegas Raiders,Arizona Cardinals,Eno Benjamin,ARI,Las Vegas Raiders,away,29,23,RB,8,10.38961038961039,0,0,0,0,0,0,8,31,0,4,3,20,0,0
2022,2,,Las Vegas Raiders,Arizona Cardinals,Greg Dortch,ARI,Las Vegas Raiders,away,29,23,WR,0,0.0,0,0,0,0,0,0,0,0,0,4,4,55,1,0
2022,2,,Las Vegas Raiders,Arizona Cardinals,James Conner,ARI,Las Vegas Raiders,away,29,23,RB,7,9.090909090909092,0,0,0,0,0,0,7,25,0,4,2,26,0,0
2022,2,,Las Vegas Raiders,Arizona Cardinals,Kyler Murray,ARI,Las Vegas Raiders,away,29,23,QB,54,70.12987012987013,31,49,277,1,1,1,5,28,1,0,0,0,0,0
2022,2,,Las Vegas Raiders,Arizona Cardinals,Marquise Brown,ARI,Las Vegas Raiders,away,29,23,WR,0,0.0,0,0,0,0,0,0,0,0,0,11,6,68,0,0
2022,2,,Las Vegas Raiders,Arizona Cardinals,Stephen Anderson,ARI,Las Vegas Raiders,away,29,23,TE,0,0.0,0,0,0,0,0,0,0,0,0,1,1,2,0,0
2022,2,,Las Vegas Raiders,Arizona Cardinals,Zach Ertz,ARI,Las Vegas Raiders,away,29,23,TE,0,0.0,0,0,0,0,0,0,0,0,0,11,8,75,0,0
2022,2,,Atlanta Falcons,Los Angeles Rams,Avery Williams,ATL,Atlanta Falcons,away,31,27,RB,0,0.0,0,0,0,0,0,0,0,0,0,1,1,6,0,0
2022,2,,Atlanta Falcons,Los Angeles Rams,Bryan Edwards,ATL,Atlanta Falcons,away,31,27,WR,0,0.0,0,0,0,0,0,0,0,0,0,2,1,2,0,0
2022,2,,Atlanta Falcons,Los Angeles Rams,Caleb Huntley,ATL,Atlanta Falcons,away,31,27,RB,1,1.8867924528301887,0,0,0,0,0,0,1,3,0,0,0,0,0,0
2022,2,,Atlanta Falcons,Los Angeles Rams,Cordarrelle Patterson,ATL,Atlanta Falcons,away,31,27,RB,10,18.867924528301888,0,0,0,0,0,0,10,41,0,1,0,0,0,0
2022,2,,Atlanta Falcons,Los Angeles Rams,Drake London,ATL,Atlanta Falcons,away,31,27,WR,0,0.0,0,0,0,0,0,0,0,0,0,12,8,86,1,0
2022,2,,Atlanta Falcons,Los Angeles Rams,KhaDarel Hodge,ATL,Atlanta Falcons,away,31,27,WR,0,0.0,0,0,0,0,0,0,0,0,0,3,2,57,0,0
2022,2,,Atlanta Falcons,Los Angeles Rams,Kyle Pitts,ATL,Atlanta Falcons,away,31,27,TE,0,0.0,0,0,0,0,0,0,0,0,0,3,2,19,0,0
2022,2,,Atlanta Falcons,Los Angeles Rams,Marcus Mariota,ATL,Atlanta Falcons,away,31,27,QB,32,60.37735849056604,17,26,196,2,2,3,6,16,0,0,0,0,0,1
2022,2,,Atlanta Falcons,Los Angeles Rams,Olamide Zaccheaus,ATL,Atlanta Falcons,away,31,27,WR,0,0.0,0,0,0,0,0,0,0,0,0,2,2,21,1,0
2022,2,,Atlanta Falcons,Los Angeles Rams,Parker Hesse,ATL,Atlanta Falcons,away,31,27,TE,0,0.0,0,0,0,0,0,0,0,0,0,1,1,5,0,0
2022,2,,Atlanta Falcons,Los Angeles Rams,Tyler Allgeier,ATL,Atlanta Falcons,away,31,27,RB,10,18.867924528301888,0,0,0,0,0,0,10,30,0,0,0,0,0,0
2022,2,"82 degrees, relative humidity 61%, wind 6 mph",Baltimore Ravens,Miami Dolphins,Demarcus Robinson,BAL,Baltimore Ravens,away,42,38,WR,0,0.0,0,0,0,0,0,0,0,0,0,2,1,12,1,0
2022,2,"82 degrees, relative humidity 61%, wind 6 mph",Baltimore Ravens,Miami Dolphins,Devin Duvernay,BAL,Baltimore Ravens,away,42,38,WR,0,0.0,0,0,0,0,0,0,0,0,0,2,2,42,0,0
2022,2,"82 degrees, relative humidity 61%, wind 6 mph",Baltimore Ravens,Miami Dolphins,Isaiah Likely,BAL,Baltimore Ravens,away,42,38,TE,0,0.0,0,0,0,0,0,0,0,0,0,5,4,43,0,0
2022,2,"82 degrees, relative humidity 61%, wind 6 mph",Baltimore Ravens,Miami Dolphins,Justice Hill,BAL,Baltimore Ravens,away,42,38,RB,3,5.555555555555555,0,0,0,0,0,0,3,16,0,0,0,0,0,0
2022,2,"82 degrees, relative humidity 61%, wind 6 mph",Baltimore Ravens,Miami Dolphins,Kenyan Drake,BAL,Baltimore Ravens,away,42,38,RB,6,11.11111111111111,0,0,0,0,0,0,6,8,0,0,0,0,0,0
2022,2,"82 degrees, relative humidity 61%, wind 6 mph",Baltimore Ravens,Miami Dolphins,Lamar Jackson,BAL,Baltimore Ravens,away,42,38,QB,38,70.37037037037037,21,29,318,3,0,0,9,119,1,0,0,0,0,1
2022,2,"82 degrees, relative humidity 61%, wind 6 mph",Baltimore Ravens,Miami Dolphins,Mark Andrews,BAL,Baltimore Ravens,away,42,38,TE,1,1.8518518518518516,0,0,0,0,0,0,1,3,0,11,9,104,1,0
2022,2,"82 degrees, relative humidity 61%, wind 6 mph",Baltimore Ravens,Miami Dolphins,Mike Davis,BAL,Baltimore Ravens,away,42,38,RB,5,9.25925925925926,0,0,0,0,0,0,5,4,0,0,0,0,0,0
2022,2,"82 degrees, relative humidity 61%, wind 6 mph",Baltimore Ravens,Miami Dolphins,Patrick Ricard,BAL,Baltimore Ravens,away,42,38,FB,1,1.8518518518518516,0,0,0,0,0,0,1,5,0,0,0,0,0,0
2022,2,"82 degrees, relative humidity 61%, wind 6 mph",Baltimore Ravens,Miami Dolphins,Rashod Bateman,BAL,Baltimore Ravens,away,42,38,WR,0,0.0,0,0,0,0,0,0,0,0,0,7,4,108,1,0
2022,2,"82 degrees, relative humidity 61%, wind 6 mph",Baltimore Ravens,Miami Dolphins,Tylan Wallace,BAL,Baltimore Ravens,away,42,38,WR,0,0.0,0,0,0,0,0,0,0,0,0,2,1,9,0,0
2022,2,"70 degrees, relative humidity 84%, wind 11 mph",Tennessee Titans,Buffalo Bills,Case Keenum,BUF,Tennessee Titans,away,41,7,QB,5,7.8125,0,2,0,0,0,0,3,2,0,0,0,0,0,0
2022,2,"70 degrees, relative humidity 84%, wind 11 mph",Tennessee Titans,Buffalo Bills,Dawson Knox,BUF,Tennessee Titans,away,41,7,TE,0,0.0,0,0,0,0,0,0,0,0,0,5,4,41,0,0
2022,2,"70 degrees, relative humidity 84%, wind 11 mph",Tennessee Titans,Buffalo Bills,Devin Singletary,BUF,Tennessee Titans,away,41,7,RB,6,9.375,0,0,0,0,0,0,6,19,0,3,2,2,0,0
2022,2,"70 degrees, relative humidity 84%, wind 11 mph",Tennessee Titans,Buffalo Bills,Isaiah McKenzie,BUF,Tennessee Titans,away,41,7,WR,0,0.0,0,0,0,0,0,0,0,0,0,3,2,37,0,0
2022,2,"70 degrees, relative humidity 84%, wind 11 mph",Tennessee Titans,Buffalo Bills,Jake Kumerow,BUF,Tennessee Titans,away,41,7,WR,0,0.0,0,0,0,0,0,0,0,0,0,3,2,50,0,0
2022,2,"70 degrees, relative humidity 84%, wind 11 mph",Tennessee Titans,Buffalo Bills,James Cook,BUF,Tennessee Titans,away,41,7,RB,11,17.1875,0,0,0,0,0,0,11,53,0,1,0,0,0,0
2022,2,"70 degrees, relative humidity 84%, wind 11 mph",Tennessee Titans,Buffalo Bills,Jamison Crowder,BUF,Tennessee Titans,away,41,7,WR,0,0.0,0,0,0,0,0,0,0,0,0,2,1,16,0,0
2022,2,"70 degrees, relative humidity 84%, wind 11 mph",Tennessee Titans,Buffalo Bills,Josh Allen,BUF,Tennessee Titans,away,41,7,QB,39,60.9375,26,38,317,4,0,1,1,10,0,0,0,0,0,0
2022,2,"70 degrees, relative humidity 84%, wind 11 mph",Tennessee Titans,Buffalo Bills,Khalil Shakir,BUF,Tennessee Titans,away,41,7,WR,0,0.0,0,0,0,0,0,0,0,0,0,2,0,0,0,0
2022,2,"70 degrees, relative humidity 84%, wind 11 mph",Tennessee Titans,Buffalo Bills,Quintin Morris,BUF,Tennessee Titans,away,41,7,TE,0,0.0,0,0,0,0,0,0,0,0,0,1,1,6,0,0
2022,2,"70 degrees, relative humidity 84%, wind 11 mph",Tennessee Titans,Buffalo Bills,Reggie Gilliam,BUF,Tennessee Titans,away,41,7,FB,0,0.0,0,0,0,0,0,0,0,0,0,3,2,17,1,0
2022,2,"70 degrees, relative humidity 84%, wind 11 mph",Tennessee Titans,Buffalo Bills,Stefon Diggs,BUF,Tennessee Titans,away,41,7,WR,0,0.0,0,0,0,0,0,0,0,0,0,15,12,148,3,0
2022,2,"70 degrees, relative humidity 84%, wind 11 mph",Tennessee Titans,Buffalo Bills,Zack Moss,BUF,Tennessee Titans,away,41,7,RB,3,4.6875,0,0,0,0,0,0,3,17,0,1,0,0,0,0
2022,2,"73 degrees, relative humidity 74%, wind 12 mph",Carolina Panthers,New York Giants,Baker Mayfield,CAR,Carolina Panthers,away,19,16,QB,35,67.3076923076923,14,29,145,1,0,2,6,35,0,0,0,0,0,1
2022,2,"73 degrees, relative humidity 74%, wind 12 mph",Carolina Panthers,New York Giants,Christian McCaffrey,CAR,Carolina Panthers,away,19,16,RB,15,28.846153846153843,0,0,0,0,0,0,15,102,0,5,4,26,0,0
2022,2,"73 degrees, relative humidity 74%, wind 12 mph",Carolina Panthers,New York Giants,D'Onta Foreman,CAR,Carolina Panthers,away,19,16,RB,2,3.8461538461538463,0,0,0,0,0,0,2,9,0,0,0,0,0,0
2022,2,"73 degrees, relative humidity 74%, wind 12 mph",Carolina Panthers,New York Giants,D.J. Moore,CAR,Carolina Panthers,away,19,16,WR,0,0.0,0,0,0,0,0,0,0,0,0,6,3,43,1,0
2022,2,"73 degrees, relative humidity 74%, wind 12 mph",Carolina Panthers,New York Giants,Giovanni Ricci,CAR,Carolina Panthers,away,19,16,TE,0,0.0,0,0,0,0,0,0,0,0,0,1,1,16,0,0
2022,2,"73 degrees, relative humidity 74%, wind 12 mph",Carolina Panthers,New York Giants,Ian Thomas,CAR,Carolina Panthers,away,19,16,TE,0,0.0,0,0,0,0,0,0,0,0,0,3,1,13,0,0
2022,2,"73 degrees, relative humidity 74%, wind 12 mph",Carolina Panthers,New York Giants,Robbie Chosen,CAR,Carolina Panthers,away,19,16,WR,0,0.0,0,0,0,0,0,0,0,0,0,5,3,32,0,1
2022,2,"73 degrees, relative humidity 74%, wind 12 mph",Carolina Panthers,New York Giants,Shi Smith,CAR,Carolina Panthers,away,19,16,WR,0,0.0,0,0,0,0,0,0,0,0,0,6,1,2,0,0
2022,2,"73 degrees, relative humidity 74%, wind 12 mph",Carolina Panthers,New York Giants,Stephen Sullivan,CAR,Carolina Panthers,away,19,16,TE,0,0.0,0,0,0,0,0,0,0,0,0,1,1,13,0,0
2022,2,"73 degrees, relative humidity 76%, wind 5 mph",Chicago Bears,Green Bay Packers,Cole Kmet,CHI,Chicago Bears,away,27,10,TE,0,0.0,0,0,0,0,0,0,0,0,0,1,0,0,0,0
2022,2,"73 degrees, relative humidity 76%, wind 5 mph",Chicago Bears,Green Bay Packers,Darnell Mooney,CHI,Chicago Bears,away,27,10,WR,0,0.0,0,0,0,0,0,0,0,0,0,2,1,-4,0,0
2022,2,"73 degrees, relative humidity 76%, wind 5 mph",Chicago Bears,Green Bay Packers,David Montgomery,CHI,Chicago Bears,away,27,10,RB,15,39.473684210526315,0,0,0,0,0,0,15,122,0,2,2,14,0,0
2022,2,"73 degrees, relative humidity 76%, wind 5 mph",Chicago Bears,Green Bay Packers,Equanimeous St. Brown,CHI,Chicago Bears,away,27,10,WR,0,0.0,0,0,0,0,0,0,0,0,0,4,2,39,0,0
2022,2,"73 degrees, relative humidity 76%, wind 5 mph",Chicago Bears,Green Bay Packers,Justin Fields,CHI,Chicago Bears,away,27,10,QB,19,50.0,7,11,70,0,1,3,8,20,1,0,0,0,0,1
2022,2,"73 degrees, relative humidity 76%, wind 5 mph",Chicago Bears,Green Bay Packers,Khalil Herbert,CHI,Chicago Bears,away,27,10,RB,4,10.526315789473683,0,0,0,0,0,0,4,38,0,1,1,3,0,0
2022,2,"73 degrees, relative humidity 76%, wind 5 mph",Chicago Bears,Green Bay Packers,Ryan Griffin,CHI,Chicago Bears,away,27,10,TE,0,0.0,0,0,0,0,0,0,0,0,0,1,1,18,0,0
2022,2,,Cincinnati Bengals,Dallas Cowboys,Drew Sample,CIN,Cincinnati Bengals,away,20,17,TE,0,0.0,0,0,0,0,0,0,0,0,0,1,1,-4,0,0
2022,2,,Cincinnati Bengals,Dallas Cowboys,Hayden Hurst,CIN,Cincinnati Bengals,away,20,17,TE,0,0.0,0,0,0,0,0,0,0,0,0,7,5,24,0,0
2022,2,,Cincinnati Bengals,Dallas Cowboys,Ja'Marr Chase,CIN,Cincinnati Bengals,away,20,17,WR,1,1.639344262295082,0,0,0,0,0,0,1,4,0,9,5,54,0,0
2022,2,,Cincinnati Bengals,Dallas Cowboys,Joe Burrow,CIN,Cincinnati Bengals,away,20,17,QB,40,65.57377049180327,24,36,199,1,0,6,4,26,0,0,0,0,0,1
2022,2,,Cincinnati Bengals,Dallas Cowboys,Joe Mixon,CIN,Cincinnati Bengals,away,20,17,RB,19,31.147540983606557,0,0,0,0,0,0,19,57,0,4,3,26,0,0
2022,2,,Cincinnati Bengals,Dallas Cowboys,Mitchell Wilcox,CIN,Cincinnati Bengals,away,20,17,TE,0,0.0,0,0,0,0,0,0,0,0,0,1,1,3,0,0
2022,2,,Cincinnati Bengals,Dallas Cowboys,Samaje Perine,CIN,Cincinnati Bengals,away,20,17,RB,1,1.639344262295082,0,0,0,0,0,0,1,2,0,1,1,8,0,0
2022,2,,Cincinnati Bengals,Dallas Cowboys,Tee Higgins,CIN,Cincinnati Bengals,away,20,17,WR,0,0.0,0,0,0,0,0,0,0,0,0,10,6,71,1,0
2022,2,,Cincinnati Bengals,Dallas Cowboys,Tyler Boyd,CIN,Cincinnati Bengals,away,20,17,WR,0,0.0,0,0,0,0,0,0,0,0,0,2,2,17,0,0
2022,2,"80 degrees, relative humidity 55%, wind 11 mph",Cleveland Browns,New York Jets,Amari Cooper,CLE,Cleveland Browns,away,31,30,WR,0,0.0,0,0,0,0,0,0,0,0,0,10,9,101,1,0
2022,2,"80 degrees, relative humidity 55%, wind 11 mph",Cleveland Browns,New York Jets,David Bell,CLE,Cleveland Browns,away,31,30,WR,0,0.0,0,0,0,0,0,0,0,0,0,1,1,6,0,0
2022,2,"80 degrees, relative humidity 55%, wind 11 mph",Cleveland Browns,New York Jets,David Njoku,CLE,Cleveland Browns,away,31,30,TE,0,0.0,0,0,0,0,0,0,0,0,0,5,3,32,0,0
2022,2,"80 degrees, relative humidity 55%, wind 11 mph",Cleveland Browns,New York Jets,Demetric Felton,CLE,Cleveland Browns,away,31,30,RB,1,1.5625,0,0,0,0,0,0,1,-4,0,1,1,3,0,0
2022,2,"80 degrees, relative humidity 55%, wind 11 mph",Cleveland Browns,New York Jets,Donovan Peoples-Jones,CLE,Cleveland Browns,away,31,30,WR,0,0.0,0,0,0,0,0,0,0,0,0,1,0,0,0,0
2022,2,"80 degrees, relative humidity 55%, wind 11 mph",Cleveland Browns,New York Jets,Harrison Bryant,CLE,Cleveland Browns,away,31,30,TE,0,0.0,0,0,0,0,0,0,0,0,0,4,3,45,0,0
2022,2,"80 degrees, relative humidity 55%, wind 11 mph",Cleveland Browns,New York Jets,Jacoby Brissett,CLE,Cleveland Browns,away,31,30,QB,33,51.5625,22,27,229,1,1,1,6,43,0,0,0,0,0,0
2022,2,"80 degrees, relative humidity 55%, wind 11 mph",Cleveland Browns,New York Jets,Kareem Hunt,CLE,Cleveland Browns,away,31,30,RB,13,20.3125,0,0,0,0,0,0,13,58,0,2,2,16,0,0
2022,2,"80 degrees, relative humidity 55%, wind 11 mph",Cleveland Browns,New York Jets,Nick Chubb,CLE,Cleveland Browns,away,31,30,RB,17,26.5625,0,0,0,0,0,0,17,87,3,3,3,26,0,0
2022,2,,Cincinnati Bengals,Dallas Cowboys,CeeDee Lamb,DAL,Cincinnati Bengals,away,20,17,WR,1,1.7241379310344827,0,0,0,0,0,0,1,6,0,11,7,75,0,0
2022,2,,Cincinnati Bengals,Dallas Cowboys,Cooper Rush,DAL,Cincinnati Bengals,away,20,17,QB,32,55.172413793103445,19,31,235,1,0,1,1,2,0,0,0,0,0,0
2022,2,,Cincinnati Bengals,Dallas Cowboys,Dalton Schultz,DAL,Cincinnati Bengals,away,20,17,TE,0,0.0,0,0,0,0,0,0,0,0,0,4,2,18,0,1
2022,2,,Cincinnati Bengals,Dallas Cowboys,Dennis Houston,DAL,Cincinnati Bengals,away,20,17,WR,0,0.0,0,0,0,0,0,0,0,0,0,1,0,0,0,0
2022,2,,Cincinnati Bengals,Dallas Cowboys,Ezekiel Elliott,DAL,Cincinnati Bengals,away,20,17,RB,15,25.862068965517242,0,0,0,0,0,0,15,53,0,2,1,-4,0,0
2022,2,,Cincinnati Bengals,Dallas Cowboys,KaVontae Turpin,DAL,Cincinnati Bengals,away,20,17,WR,1,1.7241379310344827,0,0,0,0,0,0,1,3,0,0,0,0,0,0
2022,2,,Cincinnati Bengals,Dallas Cowboys,Noah Brown,DAL,Cincinnati Bengals,away,20,17,WR,0,0.0,0,0,0,0,0,0,0,0,0,5,5,91,1,0
2022,2,,Cincinnati Bengals,Dallas Cowboys,Tony Pollard,DAL,Cincinnati Bengals,away,20,17,RB,9,15.517241379310345,0,0,0,0,0,0,9,43,1,7,4,55,0,0
2022,2,"77 degrees, relative humidity 28%, wind 11 mph",Houston Texans,Denver Broncos,Albert Okwuegbunam,DEN,Houston Texans,away,16,9,TE,0,0.0,0,0,0,0,0,0,0,0,0,2,0,0,0,0
2022,2,"77 degrees, relative humidity 28%, wind 11 mph",Houston Texans,Denver Broncos,Andrew Beck,DEN,Houston Texans,away,16,9,TE,1,1.6129032258064515,0,0,0,0,0,0,1,-1,0,0,0,0,0,0
2022,2,"77 degrees, relative humidity 28%, wind 11 mph",Houston Texans,Denver Broncos,Courtland Sutton,DEN,Houston Texans,away,16,9,WR,1,1.6129032258064515,0,0,0,0,0,0,1,5,0,11,7,122,0,0
2022,2,"77 degrees, relative humidity 28%, wind 11 mph",Houston Texans,Denver Broncos,Eric Saubert,DEN,Houston Texans,away,16,9,TE,0,0.0,0,0,0,0,0,0,0,0,0,2,1,22,1,0
2022,2,"77 degrees, relative humidity 28%, wind 11 mph",Houston Texans,Denver Broncos,Javonte Williams,DEN,Houston Texans,away,16,9,RB,15,24.193548387096776,0,0,0,0,0,0,15,75,0,4,1,10,0,0
2022,2,"77 degrees, relative humidity 28%, wind 11 mph",Houston Texans,Denver Broncos,Jerry Jeudy,DEN,Houston Texans,away,16,9,WR,1,1.6129032258064515,0,0,0,0,0,0,1,1,0,3,1,11,0,0
2022,2,"77 degrees, relative humidity 28%, wind 11 mph",Houston Texans,Denver Broncos,Kendall Hinton,DEN,Houston Texans,away,16,9,WR,0,0.0,0,0,0,0,0,0,0,0,0,1,1,20,0,0
2022,2,"77 degrees, relative humidity 28%, wind 11 mph",Houston Texans,Denver Broncos,Melvin Gordon,DEN,Houston Texans,away,16,9,RB,10,16.129032258064516,0,0,0,0,0,0,10,47,0,1,1,6,0,0
2022,2,"77 degrees, relative humidity 28%, wind 11 mph",Houston Texans,Denver Broncos,Montrell Washington,DEN,Houston Texans,away,16,9,WR,1,1.6129032258064515,0,0,0,0,0,0,1,19,0,1,0,0,0,0
2022,2,"77 degrees, relative humidity 28%, wind 11 mph",Houston Texans,Denver Broncos,Russell Wilson,DEN,Houston Texans,away,16,9,QB,33,53.2258064516129,14,31,219,1,1,3,2,3,0,0,0,0,0,0
2022,2,"77 degrees, relative humidity 28%, wind 11 mph",Houston Texans,Denver Broncos,Tyrie Cleveland,DEN,Houston Texans,away,16,9,WR,0,0.0,0,0,0,0,0,0,0,0,0,3,2,28,0,0
2022,2,,Washington Commanders,Detroit Lions,Amon-Ra St. Brown,DET,Washington Commanders,away,36,27,WR,2,3.4482758620689653,0,0,0,0,0,0,2,68,0,12,9,116,2,0
2022,2,,Washington Commanders,Detroit Lions,Brock Wright,DET,Washington Commanders,away,36,27,TE,0,0.0,0,0,0,0,0,0,0,0,0,1,1,25,0,0
2022,2,,Washington Commanders,Detroit Lions,Craig Reynolds,DET,Washington Commanders,away,36,27,RB,3,5.172413793103448,0,0,0,0,0,0,3,16,0,1,1,13,0,0
2022,2,,Washington Commanders,Detroit Lions,D'Andre Swift,DET,Washington Commanders,away,36,27,RB,5,8.620689655172415,0,0,0,0,0,0,5,56,0,5,2,31,1,0
2022,2,,Washington Commanders,Detroit Lions,DJ Chark,DET,Washington Commanders,away,36,27,WR,0,0.0,0,0,0,0,0,0,0,0,0,4,0,0,0,0
2022,2,,Washington Commanders,Detroit Lions,Jamaal Williams,DET,Washington Commanders,away,36,27,RB,12,20.689655172413794,0,0,0,0,0,0,12,53,0,1,1,7,0,0
2022,2,,Washington Commanders,Detroit Lions,Jared Goff,DET,Washington Commanders,away,36,27,QB,36,62.06896551724138,20,34,256,4,0,3,2,-2,0,0,0,0,0,0
2022,2,,Washington Commanders,Detroit Lions,Josh Reynolds,DET,Washington Commanders,away,36,27,WR,0,0.0,0,0,0,0,0,0,0,0,0,3,3,38,1,0
2022,2,,Washington Commanders,Detroit Lions,T.J. Hockenson,DET,Washington Commanders,away,36,27,TE,0,0.0,0,0,0,0,0,0,0,0,0,7,3,26,0,0
2022,2,"73 degrees, relative humidity 76%, wind 5 mph",Chicago Bears,Green Bay Packers,AJ Dillon,GNB,Chicago Bears,away,27,10,RB,18,28.57142857142857,0,0,0,0,0,0,18,61,0,3,1,6,0,0
2022,2,"73 degrees, relative humidity 76%, wind 5 mph",Chicago Bears,Green Bay Packers,Aaron Jones,GNB,Chicago Bears,away,27,10,RB,15,23.809523809523807,0,0,0,0,0,0,15,132,1,3,3,38,1,0
2022,2,"73 degrees, relative humidity 76%, wind 5 mph",Chicago Bears,Green Bay Packers,Aaron Rodgers,GNB,Chicago Bears,away,27,10,QB,30,47.61904761904761,19,25,234,2,0,3,5,10,0,0,0,0,0,1
2022,2,"73 degrees, relative humidity 76%, wind 5 mph",Chicago Bears,Green Bay Packers,Allen Lazard,GNB,Chicago Bears,away,27,10,WR,0,0.0,0,0,0,0,0,0,0,0,0,3,2,13,1,0
2022,2,"73 degrees, relative humidity 76%, wind 5 mph",Chicago Bears,Green Bay Packers,Christian Watson,GNB,Chicago Bears,away,27,10,WR,0,0.0,0,0,0,0,0,0,0,0,0,3,3,9,0,0
2022,2,"73 degrees, relative humidity 76%, wind 5 mph",Chicago Bears,Green Bay Packers,Randall Cobb,GNB,Chicago Bears,away,27,10,WR,0,0.0,0,0,0,0,0,0,0,0,0,3,3,37,0,0
2022,2,"73 degrees, relative humidity 76%, wind 5 mph",Chicago Bears,Green Bay Packers,Robert Tonyan,GNB,Chicago Bears,away,27,10,TE,0,0.0,0,0,0,0,0,0,0,0,0,2,2,11,0,0
2022,2,"73 degrees, relative humidity 76%, wind 5 mph",Chicago Bears,Green Bay Packers,Romeo Doubs,GNB,Chicago Bears,away,27,10,WR,0,0.0,0,0,0,0,0,0,0,0,0,3,2,27,0,0
2022,2,"73 degrees, relative humidity 76%, wind 5 mph",Chicago Bears,Green Bay Packers,Sammy Watkins,GNB,Chicago Bears,away,27,10,WR,0,0.0,0,0,0,0,0,0,0,0,0,4,3,93,0,0
2022,2,"73 degrees, relative humidity 76%, wind 5 mph",Chicago Bears,Green Bay Packers,Tyler Davis,GNB,Chicago Bears,away,27,10,TE,0,0.0,0,0,0,0,0,0,0,0,0,1,0,0,0,0
2022,2,"77 degrees, relative humidity 28%, wind 11 mph",Houston Texans,Denver Broncos,Brandin Cooks,HOU,Houston Texans,away,16,9,WR,0,0.0,0,0,0,0,0,0,0,0,0,10,4,54,0,0
2022,2,"77 degrees, relative humidity 28%, wind 11 mph",Houston Texans,Denver Broncos,Brevin Jordan,HOU,Houston Texans,away,16,9,TE,0,0.0,0,0,0,0,0,0,0,0,0,4,2,3,0,0
2022,2,"77 degrees, relative humidity 28%, wind 11 mph",Houston Texans,Denver Broncos,Chris Moore,HOU,Houston Texans,away,16,9,WR,0,0.0,0,0,0,0,0,0,0,0,0,4,2,14,0,0
2022,2,"77 degrees, relative humidity 28%, wind 11 mph",Houston Texans,Denver Broncos,Dameon Pierce,HOU,Houston Texans,away,16,9,RB,15,26.785714285714285,0,0,0,0,0,0,15,69,0,1,1,8,0,0
2022,2,"77 degrees, relative humidity 28%, wind 11 mph",Houston Texans,Denver Broncos,Davis Mills,HOU,Houston Texans,away,16,9,QB,40,71.42857142857143,19,38,177,0,0,3,2,1,0,0,0,0,0,2
2022,2,"77 degrees, relative humidity 28%, wind 11 mph",Houston Texans,Denver Broncos,Jeff Driskel,HOU,Houston Texans,away,16,9,QB,1,1.7857142857142856,0,0,0,0,0,0,1,10,0,0,0,0,0,0
2022,2,"77 degrees, relative humidity 28%, wind 11 mph",Houston Texans,Denver Broncos,Nico Collins,HOU,Houston Texans,away,16,9,WR,0,0.0,0,0,0,0,0,0,0,0,0,9,4,58,0,0
2022,2,"77 degrees, relative humidity 28%, wind 11 mph",Houston Texans,Denver Broncos,O.J. Howard,HOU,Houston Texans,away,16,9,TE,0,0.0,0,0,0,0,0,0,0,0,0,1,1,7,0,0
2022,2,"77 degrees, relative humidity 28%, wind 11 mph",Houston Texans,Denver Broncos,Pharaoh Brown,HOU,Houston Texans,away,16,9,TE,0,0.0,0,0,0,0,0,0,0,0,0,5,3,24,0,0
2022,2,"77 degrees, relative humidity 28%, wind 11 mph",Houston Texans,Denver Broncos,Rex Burkhead,HOU,Houston Texans,away,16,9,RB,0,0.0,0,0,0,0,0,0,0,0,0,3,2,9,0,0
2022,2,,Indianapolis Colts,Jacksonville Jaguars,Ashton Dulin,IND,Indianapolis Colts,away,24,0,WR,1,2.3255813953488373,0,0,0,0,0,0,1,3,0,7,5,79,0,0
2022,2,,Indianapolis Colts,Jacksonville Jaguars,Deon Jackson,IND,Indianapolis Colts,away,24,0,RB,2,4.651162790697675,0,0,0,0,0,0,2,-3,0,0,0,0,0,0
2022,2,,Indianapolis Colts,Jacksonville Jaguars,Dezmon Patmon,IND,Indianapolis Colts,away,24,0,WR,0,0.0,0,0,0,0,0,0,0,0,0,6,2,24,0,0
2022,2,,Indianapolis Colts,Jacksonville Jaguars,Jonathan Taylor,IND,Indianapolis Colts,away,24,0,RB,9,20.930232558139537,0,0,0,0,0,0,9,54,0,1,1,9,0,0
2022,2,,Indianapolis Colts,Jacksonville Jaguars,Kylen Granson,IND,Indianapolis Colts,away,24,0,TE,0,0.0,0,0,0,0,0,0,0,0,0,2,2,14,0,0
2022,2,,Indianapolis Colts,Jacksonville Jaguars,Matt Ryan,IND,Indianapolis Colts,away,24,0,QB,30,69.76744186046511,16,30,195,0,3,5,0,0,0,0,0,0,0,1
2022,2,,Indianapolis Colts,Jacksonville Jaguars,Mike Strachan,IND,Indianapolis Colts,away,24,0,WR,0,0.0,0,0,0,0,0,0,0,0,0,3,1,23,0,0
2022,2,,Indianapolis Colts,Jacksonville Jaguars,Mo Alie-Cox,IND,Indianapolis Colts,away,24,0,TE,0,0.0,0,0,0,0,0,0,0,0,0,3,1,9,0,0
2022,2,,Indianapolis Colts,Jacksonville Jaguars,Nyheim Hines,IND,Indianapolis Colts,away,24,0,RB,1,2.3255813953488373,0,0,0,0,0,0,1,0,0,5,4,37,0,0
2022,2,,Indianapolis Colts,Jacksonville Jaguars,Parris Campbell,IND,Indianapolis Colts,away,24,0,WR,0,0.0,0,0,0,0,0,0,0,0,0,2,0,0,0,0
2022,2,,Indianapolis Colts,Jacksonville Jaguars,Christian Kirk,JAX,Indianapolis Colts,away,24,0,WR,0,0.0,0,0,0,0,0,0,0,0,0,6,6,78,2,0
2022,2,,Indianapolis Colts,Jacksonville Jaguars,Dan Arnold,JAX,Indianapolis Colts,away,24,0,TE,0,0.0,0,0,0,0,0,0,0,0,0,1,1,8,0,0
2022,2,,Indianapolis Colts,Jacksonville Jaguars,Evan Engram,JAX,Indianapolis Colts,away,24,0,TE,0,0.0,0,0,0,0,0,0,0,0,0,8,7,46,0,0
2022,2,,Indianapolis Colts,Jacksonville Jaguars,Jamal Agnew,JAX,Indianapolis Colts,away,24,0,WR,2,2.9850746268656714,0,0,0,0,0,0,2,1,0,1,0,0,0,0
2022,2,,Indianapolis Colts,Jacksonville Jaguars,James Robinson,JAX,Indianapolis Colts,away,24,0,RB,23,34.32835820895522,0,0,0,0,0,0,23,64,1,2,2,14,0,0
2022,2,,Indianapolis Colts,Jacksonville Jaguars,Marvin Jones,JAX,Indianapolis Colts,away,24,0,WR,0,0.0,0,0,0,0,0,0,0,0,0,5,3,33,0,0
2022,2,,Indianapolis Colts,Jacksonville Jaguars,Travis Etienne,JAX,Indianapolis Colts,away,24,0,RB,9,13.432835820895523,0,0,0,0,0,0,9,20,0,3,3,33,0,0
2022,2,,Indianapolis Colts,Jacksonville Jaguars,Trevor Lawrence,JAX,Indianapolis Colts,away,24,0,QB,33,49.25373134328358,25,30,235,2,0,0,3,11,0,0,0,0,0,0
2022,2,,Indianapolis Colts,Jacksonville Jaguars,Zay Jones,JAX,Indianapolis Colts,away,24,0,WR,0,0.0,0,0,0,0,0,0,0,0,0,4,3,23,0,0
2022,2,,Los Angeles Chargers,Kansas City Chiefs,Clyde Edwards-Helaire,KAN,Los Angeles Chargers,away,27,24,RB,8,15.09433962264151,0,0,0,0,0,0,8,74,0,4,4,44,0,0
2022,2,,Los Angeles Chargers,Kansas City Chiefs,Isiah Pacheco,KAN,Los Angeles Chargers,away,27,24,RB,2,3.7735849056603774,0,0,0,0,0,0,2,6,0,0,0,0,0,0
2022,2,,Los Angeles Chargers,Kansas City Chiefs,Jerick McKinnon,KAN,Los Angeles Chargers,away,27,24,RB,4,7.547169811320755,0,0,0,0,0,0,4,12,0,2,2,4,1,0
2022,2,,Los Angeles Chargers,Kansas City Chiefs,Jody Fortson,KAN,Los Angeles Chargers,away,27,24,TE,0,0.0,0,0,0,0,0,0,0,0,0,1,0,0,0,0
2022,2,,Los Angeles Chargers,Kansas City Chiefs,JuJu Smith-Schuster,KAN,Los Angeles Chargers,away,27,24,WR,0,0.0,0,0,0,0,0,0,0,0,0,3,3,10,0,0
2022,2,,Los Angeles Chargers,Kansas City Chiefs,Justin Watson,KAN,Los Angeles Chargers,away,27,24,WR,0,0.0,0,0,0,0,0,0,0,0,0,2,2,50,1,0
2022,2,,Los Angeles Chargers,Kansas City Chiefs,Marquez Valdes-Scantling,KAN,Los Angeles Chargers,away,27,24,WR,0,0.0,0,0,0,0,0,0,0,0,0,7,2,13,0,0
2022,2,,Los Angeles Chargers,Kansas City Chiefs,Mecole Hardman,KAN,Los Angeles Chargers,away,27,24,WR,1,1.8867924528301887,0,0,0,0,0,0,1,-4,0,4,3,49,0,0
2022,2,,Los Angeles Chargers,Kansas City Chiefs,Michael Burton,KAN,Los Angeles Chargers,away,27,24,FB,1,1.8867924528301887,0,0,0,0,0,0,1,6,0,1,1,2,0,0
2022,2,,Los Angeles Chargers,Kansas City Chiefs,Noah Gray,KAN,Los Angeles Chargers,away,27,24,TE,0,0.0,0,0,0,0,0,0,0,0,0,3,2,12,0,0
2022,2,,Los Angeles Chargers,Kansas City Chiefs,Patrick Mahomes,KAN,Los Angeles Chargers,away,27,24,QB,37,69.81132075471697,24,35,235,2,0,1,2,-1,0,0,0,0,0,0
2022,2,,Los Angeles Chargers,Kansas City Chiefs,Travis Kelce,KAN,Los Angeles Chargers,away,27,24,TE,0,0.0,0,0,0,0,0,0,0,0,0,7,5,51,0,0
2022,2,,Los Angeles Chargers,Kansas City Chiefs,Austin Ekeler,LAC,Los Angeles Chargers,away,27,24,RB,14,19.444444444444446,0,0,0,0,0,0,14,39,0,10,9,55,0,0
2022,2,,Los Angeles Chargers,Kansas City Chiefs,DeAndre Carter,LAC,Los Angeles Chargers,away,27,24,WR,0,0.0,0,0,0,0,0,0,0,0,0,3,3,55,0,0
2022,2,,Los Angeles Chargers,Kansas City Chiefs,Gerald Everett,LAC,Los Angeles Chargers,away,27,24,TE,0,0.0,0,0,0,0,0,0,0,0,0,10,6,71,0,0
2022,2,,Los Angeles Chargers,Kansas City Chiefs,Josh Palmer,LAC,Los Angeles Chargers,away,27,24,WR,0,0.0,0,0,0,0,0,0,0,0,0,8,4,30,1,0
2022,2,,Los Angeles Chargers,Kansas City Chiefs,Joshua Kelley,LAC,Los Angeles Chargers,away,27,24,RB,4,5.555555555555555,0,0,0,0,0,0,4,22,0,2,1,3,0,0
2022,2,,Los Angeles Chargers,Kansas City Chiefs,Justin Herbert,LAC,Los Angeles Chargers,away,27,24,QB,50,69.44444444444444,33,48,334,3,1,2,2,1,0,0,0,0,0,0
2022,2,,Los Angeles Chargers,Kansas City Chiefs,Mike Williams,LAC,Los Angeles Chargers,away,27,24,WR,0,0.0,0,0,0,0,0,0,0,0,0,10,8,113,1,0
2022,2,,Los Angeles Chargers,Kansas City Chiefs,Sony Michel,LAC,Los Angeles Chargers,away,27,24,RB,4,5.555555555555555,0,0,0,0,0,0,4,13,0,1,1,6,0,0
2022,2,,Los Angeles Chargers,Kansas City Chiefs,Zander Horvath,LAC,Los Angeles Chargers,away,27,24,RB,0,0.0,0,0,0,0,0,0,0,0,0,2,1,1,1,0
2022,2,,Atlanta Falcons,Los Angeles Rams,Allen Robinson,LAR,Atlanta Falcons,away,31,27,WR,0,0.0,0,0,0,0,0,0,0,0,0,5,4,53,1,0
2022,2,,Atlanta Falcons,Los Angeles Rams,Ben Skowronek,LAR,Atlanta Falcons,away,31,27,WR,0,0.0,0,0,0,0,0,0,0,0,0,3,2,16,0,0
2022,2,,Atlanta Falcons,Los Angeles Rams,Brandon Powell,LAR,Atlanta Falcons,away,31,27,WR,1,1.6129032258064515,0,0,0,0,0,0,1,-26,0,1,1,6,0,0
2022,2,,Atlanta Falcons,Los Angeles Rams,Cam Akers,LAR,Atlanta Falcons,away,31,27,RB,15,24.193548387096776,0,0,0,0,0,0,15,44,0,3,2,18,0,0
2022,2,,Atlanta Falcons,Los Angeles Rams,Cooper Kupp,LAR,Atlanta Falcons,away,31,27,WR,0,0.0,0,0,0,0,0,0,0,0,0,14,11,108,2,1
2022,2,,Atlanta Falcons,Los Angeles Rams,Darrell Henderson,LAR,Atlanta Falcons,away,31,27,RB,10,16.129032258064516,0,0,0,0,0,0,10,47,1,0,0,0,0,0
2022,2,,Atlanta Falcons,Los Angeles Rams,Matthew Stafford,LAR,Atlanta Falcons,away,31,27,QB,36,58.06451612903226,27,36,272,3,2,1,0,0,0,0,0,0,0,0
2022,2,,Atlanta Falcons,Los Angeles Rams,Tyler Higbee,LAR,Atlanta Falcons,away,31,27,TE,0,0.0,0,0,0,0,0,0,0,0,0,9,7,71,0,0
2022,2,,Las Vegas Raiders,Arizona Cardinals,Ameer Abdullah,LVR,Las Vegas Raiders,away,29,23,RB,0,0.0,0,0,0,0,0,0,0,0,0,1,1,23,0,0
2022,2,,Las Vegas Raiders,Arizona Cardinals,Darren Waller,LVR,Las Vegas Raiders,away,29,23,TE,0,0.0,0,0,0,0,0,0,0,0,0,8,6,50,1,0
2022,2,,Las Vegas Raiders,Arizona Cardinals,Davante Adams,LVR,Las Vegas Raiders,away,29,23,WR,0,0.0,0,0,0,0,0,0,0,0,0,7,2,12,1,0
2022,2,,Las Vegas Raiders,Arizona Cardinals,Derek Carr,LVR,Las Vegas Raiders,away,29,23,QB,40,66.66666666666666,25,39,252,2,0,1,1,9,0,0,0,0,0,0
2022,2,,Las Vegas Raiders,Arizona Cardinals,Foster Moreau,LVR,Las Vegas Raiders,away,29,23,TE,0,0.0,0,0,0,0,0,0,0,0,0,4,3,30,0,0
2022,2,,Las Vegas Raiders,Arizona Cardinals,Hunter Renfrow,LVR,Las Vegas Raiders,away,29,23,WR,0,0.0,0,0,0,0,0,0,0,0,0,10,7,59,0,2
2022,2,,Las Vegas Raiders,Arizona Cardinals,Josh Jacobs,LVR,Las Vegas Raiders,away,29,23,RB,19,31.666666666666664,0,0,0,0,0,0,19,69,0,1,1,12,0,0
2022,2,,Las Vegas Raiders,Arizona Cardinals,Mack Hollins,LVR,Las Vegas Raiders,away,29,23,WR,0,0.0,0,0,0,0,0,0,0,0,0,8,5,66,0,0
2022,2,,Las Vegas Raiders,Arizona Cardinals,Zamir White,LVR,Las Vegas Raiders,away,29,23,RB,1,1.6666666666666667,0,0,0,0,0,0,1,2,0,0,0,0,0,0
2022,2,"82 degrees, relative humidity 61%, wind 6 mph",Baltimore Ravens,Miami Dolphins,Alec Ingold,MIA,Baltimore Ravens,away,42,38,FB,1,1.4705882352941175,0,0,0,0,0,0,1,1,0,2,2,15,0,0
2022,2,"82 degrees, relative humidity 61%, wind 6 mph",Baltimore Ravens,Miami Dolphins,Cedrick Wilson Jr.,MIA,Baltimore Ravens,away,42,38,WR,0,0.0,0,0,0,0,0,0,0,0,0,1,0,0,0,0
2022,2,"82 degrees, relative humidity 61%, wind 6 mph",Baltimore Ravens,Miami Dolphins,Chase Edmonds,MIA,Baltimore Ravens,away,42,38,RB,5,7.352941176470589,0,0,0,0,0,0,5,33,0,3,1,8,0,0
2022,2,"82 degrees, relative humidity 61%, wind 6 mph",Baltimore Ravens,Miami Dolphins,Durham Smythe,MIA,Baltimore Ravens,away,42,38,TE,0,0.0,0,0,0,0,0,0,0,0,0,1,1,5,0,0
2022,2,"82 degrees, relative humidity 61%, wind 6 mph",Baltimore Ravens,Miami Dolphins,Jaylen Waddle,MIA,Baltimore Ravens,away,42,38,WR,0,0.0,0,0,0,0,0,0,0,0,0,19,11,171,2,0
2022,2,"82 degrees, relative humidity 61%, wind 6 mph",Baltimore Ravens,Miami Dolphins,Mike Gesicki,MIA,Baltimore Ravens,away,42,38,TE,0,0.0,0,0,0,0,0,0,0,0,0,4,4,41,1,0
2022,2,"82 degrees, relative humidity 61%, wind 6 mph",Baltimore Ravens,Miami Dolphins,Raheem Mostert,MIA,Baltimore Ravens,away,42,38,RB,11,16.176470588235293,0,0,0,0,0,0,11,51,0,3,3,28,0,0
2022,2,"82 degrees, relative humidity 61%, wind 6 mph",Baltimore Ravens,Miami Dolphins,River Cracraft,MIA,Baltimore Ravens,away,42,38,WR,0,0.0,0,0,0,0,0,0,0,0,0,2,1,2,1,0
2022,2,"82 degrees, relative humidity 61%, wind 6 mph",Baltimore Ravens,Miami Dolphins,Trent Sherfield,MIA,Baltimore Ravens,away,42,38,WR,0,0.0,0,0,0,0,0,0,0,0,0,2,2,9,0,0
2022,2,"82 degrees, relative humidity 61%, wind 6 mph",Baltimore Ravens,Miami Dolphins,Tua Tagovailoa,MIA,Baltimore Ravens,away,42,38,QB,51,75.0,36,50,469,6,2,1,1,1,0,0,0,0,0,0
2022,2,"82 degrees, relative humidity 61%, wind 6 mph",Baltimore Ravens,Miami Dolphins,Tyreek Hill,MIA,Baltimore Ravens,away,42,38,WR,0,0.0,0,0,0,0,0,0,0,0,0,13,11,190,2,0
2022,2,"76 degrees, relative humidity 62%, wind 4 mph",Minnesota Vikings,Philadelphia Eagles,Adam Thielen,MIN,Minnesota Vikings,away,24,7,WR,0,0.0,0,0,0,0,0,0,0,0,0,7,4,52,0,0
2022,2,"76 degrees, relative humidity 62%, wind 4 mph",Minnesota Vikings,Philadelphia Eagles,Alexander Mattison,MIN,Minnesota Vikings,away,24,7,RB,2,3.508771929824561,0,0,0,0,0,0,2,8,0,5,3,6,0,0
2022,2,"76 degrees, relative humidity 62%, wind 4 mph",Minnesota Vikings,Philadelphia Eagles,Dalvin Cook,MIN,Minnesota Vikings,away,24,7,RB,6,10.526315789473683,0,0,0,0,0,0,6,17,0,6,4,19,0,0
2022,2,"76 degrees, relative humidity 62%, wind 4 mph",Minnesota Vikings,Philadelphia Eagles,Irv Smith Jr.,MIN,Minnesota Vikings,away,24,7,TE,0,0.0,0,0,0,0,0,0,0,0,0,8,5,36,1,0
2022,2,"76 degrees, relative humidity 62%, wind 4 mph",Minnesota Vikings,Philadelphia Eagles,Jalen Reagor,MIN,Minnesota Vikings,away,24,7,WR,1,1.7543859649122806,0,0,0,0,0,0,1,17,0,2,1,7,0,0
2022,2,"76 degrees, relative humidity 62%, wind 4 mph",Minnesota Vikings,Philadelphia Eagles,Johnny Mundt,MIN,Minnesota Vikings,away,24,7,TE,0,0.0,0,0,0,0,0,0,0,0,0,3,2,28,0,0
2022,2,"76 degrees, relative humidity 62%, wind 4 mph",Minnesota Vikings,Philadelphia Eagles,Justin Jefferson,MIN,Minnesota Vikings,away,24,7,WR,0,0.0,0,0,0,0,0,0,0,0,0,12,6,48,0,0
2022,2,"76 degrees, relative humidity 62%, wind 4 mph",Minnesota Vikings,Philadelphia Eagles,K.J. Osborn,MIN,Minnesota Vikings,away,24,7,WR,0,0.0,0,0,0,0,0,0,0,0,0,2,2,25,0,0
2022,2,"76 degrees, relative humidity 62%, wind 4 mph",Minnesota Vikings,Philadelphia Eagles,Kirk Cousins,MIN,Minnesota Vikings,away,24,7,QB,48,84.21052631578947,27,46,221,1,3,2,2,20,0,0,0,0,0,1
2022,2,,New Orleans Saints,Tampa Bay Buccaneers,Adam Prentice,NOR,New Orleans Saints,away,20,10,FB,0,0.0,0,0,0,0,0,0,0,0,0,1,1,2,0,1
2022,2,,New Orleans Saints,Tampa Bay Buccaneers,Chris Olave,NOR,New Orleans Saints,away,20,10,WR,0,0.0,0,0,0,0,0,0,0,0,0,13,5,80,0,1
2022,2,,New Orleans Saints,Tampa Bay Buccaneers,Deonte Harty,NOR,New Orleans Saints,away,20,10,WR,0,0.0,0,0,0,0,0,0,0,0,0,1,1,9,0,0
2022,2,,New Orleans Saints,Tampa Bay Buccaneers,Dwayne Washington,NOR,New Orleans Saints,away,20,10,RB,4,6.666666666666667,0,0,0,0,0,0,4,18,0,0,0,0,0,0
2022,2,,New Orleans Saints,Tampa Bay Buccaneers,Jameis Winston,NOR,New Orleans Saints,away,20,10,QB,41,68.33333333333333,25,40,236,1,3,6,1,2,0,0,0,0,0,1
2022,2,,New Orleans Saints,Tampa Bay Buccaneers,Jarvis Landry,NOR,New Orleans Saints,away,20,10,WR,0,0.0,0,0,0,0,0,0,0,0,0,5,4,25,0,0
2022,2,,New Orleans Saints,Tampa Bay Buccaneers,Juwan Johnson,NOR,New Orleans Saints,away,20,10,TE,0,0.0,0,0,0,0,0,0,0,0,0,7,4,40,0,0
2022,2,,New Orleans Saints,Tampa Bay Buccaneers,Mark Ingram,NOR,New Orleans Saints,away,20,10,RB,10,16.666666666666664,0,0,0,0,0,0,10,58,0,2,2,3,0,1
2022,2,,New Orleans Saints,Tampa Bay Buccaneers,Michael Thomas,NOR,New Orleans Saints,away,20,10,WR,0,0.0,0,0,0,0,0,0,0,0,0,9,6,65,1,0
2022,2,,New Orleans Saints,Tampa Bay Buccaneers,Taysom Hill,NOR,New Orleans Saints,away,20,10,QB,3,5.0,0,0,0,0,0,0,3,14,0,0,0,0,0,0
2022,2,,New Orleans Saints,Tampa Bay Buccaneers,Tony Jones,NOR,New Orleans Saints,away,20,10,RB,2,3.3333333333333335,0,0,0,0,0,0,2,8,0,2,2,12,0,0
2022,2,"81 degrees, relative humidity 51%, wind 8 mph",Pittsburgh Steelers,New England Patriots,Damien Harris,NWE,Pittsburgh Steelers,away,17,14,RB,15,22.727272727272727,0,0,0,0,0,0,15,71,1,2,2,16,0,0
2022,2,"81 degrees, relative humidity 51%, wind 8 mph",Pittsburgh Steelers,New England Patriots,DeVante Parker,NWE,Pittsburgh Steelers,away,17,14,WR,0,0.0,0,0,0,0,0,0,0,0,0,2,0,0,0,0
2022,2,"81 degrees, relative humidity 51%, wind 8 mph",Pittsburgh Steelers,New England Patriots,Hunter Henry,NWE,Pittsburgh Steelers,away,17,14,TE,0,0.0,0,0,0,0,0,0,0,0,0,1,0,0,0,0
2022,2,"81 degrees, relative humidity 51%, wind 8 mph",Pittsburgh Steelers,New England Patriots,Jakobi Meyers,NWE,Pittsburgh Steelers,away,17,14,WR,0,0.0,0,0,0,0,0,0,0,0,0,13,9,95,0,0
2022,2,"81 degrees, relative humidity 51%, wind 8 mph",Pittsburgh Steelers,New England Patriots,Jonnu Smith,NWE,Pittsburgh Steelers,away,17,14,TE,0,0.0,0,0,0,0,0,0,0,0,0,3,0,0,0,0
2022,2,"81 degrees, relative humidity 51%, wind 8 mph",Pittsburgh Steelers,New England Patriots,Kendrick Bourne,NWE,Pittsburgh Steelers,away,17,14,WR,0,0.0,0,0,0,0,0,0,0,0,0,3,2,16,0,0
2022,2,"81 degrees, relative humidity 51%, wind 8 mph",Pittsburgh Steelers,New England Patriots,Lil'Jordan Humphrey,NWE,Pittsburgh Steelers,away,17,14,WR,0,0.0,0,0,0,0,0,0,0,0,0,2,1,11,0,0
2022,2,"81 degrees, relative humidity 51%, wind 8 mph",Pittsburgh Steelers,New England Patriots,Mac Jones,NWE,Pittsburgh Steelers,away,17,14,QB,42,63.63636363636363,21,35,252,1,1,0,7,6,0,0,0,0,0,0
2022,2,"81 degrees, relative humidity 51%, wind 8 mph",Pittsburgh Steelers,New England Patriots,Nelson Agholor,NWE,Pittsburgh Steelers,away,17,14,WR,0,0.0,0,0,0,0,0,0,0,0,0,6,6,110,1,0
2022,2,"81 degrees, relative humidity 51%, wind 8 mph",Pittsburgh Steelers,New England Patriots,Rhamondre Stevenson,NWE,Pittsburgh Steelers,away,17,14,RB,9,13.636363636363635,0,0,0,0,0,0,9,47,0,2,1,4,0,0
2022,2,"73 degrees, relative humidity 74%, wind 12 mph",Carolina Panthers,New York Giants,Daniel Bellinger,NYG,Carolina Panthers,away,19,16,TE,0,0.0,0,0,0,0,0,0,0,0,0,1,1,16,1,0
2022,2,"73 degrees, relative humidity 74%, wind 12 mph",Carolina Panthers,New York Giants,Daniel Jones,NYG,Carolina Panthers,away,19,16,QB,44,65.67164179104478,22,34,176,1,0,3,10,21,0,0,0,0,0,0
2022,2,"73 degrees, relative humidity 74%, wind 12 mph",Carolina Panthers,New York Giants,David Sills,NYG,Carolina Panthers,away,19,16,UNK,0,0.0,0,0,0,0,0,0,0,0,0,4,3,37,0,0
2022,2,"73 degrees, relative humidity 74%, wind 12 mph",Carolina Panthers,New York Giants,Gary Brightwell,NYG,Carolina Panthers,away,19,16,RB,1,1.4925373134328357,0,0,0,0,0,0,1,14,0,0,0,0,0,0
2022,2,"73 degrees, relative humidity 74%, wind 12 mph",Carolina Panthers,New York Giants,Kadarius Toney,NYG,Carolina Panthers,away,19,16,WR,0,0.0,0,0,0,0,0,0,0,0,0,3,2,0,0,0
2022,2,"73 degrees, relative humidity 74%, wind 12 mph",Carolina Panthers,New York Giants,Matt Breida,NYG,Carolina Panthers,away,19,16,RB,1,1.4925373134328357,0,0,0,0,0,0,1,-4,0,1,0,0,0,0
2022,2,"73 degrees, relative humidity 74%, wind 12 mph",Carolina Panthers,New York Giants,Richie James,NYG,Carolina Panthers,away,19,16,WR,0,0.0,0,0,0,0,0,0,0,0,0,6,5,51,0,0
2022,2,"73 degrees, relative humidity 74%, wind 12 mph",Carolina Panthers,New York Giants,Saquon Barkley,NYG,Carolina Panthers,away,19,16,RB,21,31.343283582089555,0,0,0,0,0,0,21,72,0,4,3,16,0,0
2022,2,"73 degrees, relative humidity 74%, wind 12 mph",Carolina Panthers,New York Giants,Sterling Shepard,NYG,Carolina Panthers,away,19,16,WR,0,0.0,0,0,0,0,0,0,0,0,0,10,6,34,0,0
2022,2,"73 degrees, relative humidity 74%, wind 12 mph",Carolina Panthers,New York Giants,Tanner Hudson,NYG,Carolina Panthers,away,19,16,TE,0,0.0,0,0,0,0,0,0,0,0,0,3,2,22,0,0
2022,2,"80 degrees, relative humidity 55%, wind 11 mph",Cleveland Browns,New York Jets,Braden Mann,NYJ,Cleveland Browns,away,31,30,P,1,1.5384615384615385,1,1,17,0,0,0,0,0,0,0,0,0,0,0
2022,2,"80 degrees, relative humidity 55%, wind 11 mph",Cleveland Browns,New York Jets,Braxton Berrios,NYJ,Cleveland Browns,away,31,30,WR,2,3.076923076923077,0,0,0,0,0,0,2,22,0,0,0,0,0,0
2022,2,"80 degrees, relative humidity 55%, wind 11 mph",Cleveland Browns,New York Jets,Breece Hall,NYJ,Cleveland Browns,away,31,30,RB,7,10.76923076923077,0,0,0,0,0,0,7,50,0,1,1,10,1,0
2022,2,"80 degrees, relative humidity 55%, wind 11 mph",Cleveland Browns,New York Jets,Corey Davis,NYJ,Cleveland Browns,away,31,30,WR,0,0.0,0,0,0,0,0,0,0,0,0,4,2,83,1,0
2022,2,"80 degrees, relative humidity 55%, wind 11 mph",Cleveland Browns,New York Jets,Elijah Moore,NYJ,Cleveland Browns,away,31,30,WR,1,1.5384615384615385,0,0,0,0,0,0,1,-6,0,5,3,41,0,0
2022,2,"80 degrees, relative humidity 55%, wind 11 mph",Cleveland Browns,New York Jets,Garrett Wilson,NYJ,Cleveland Browns,away,31,30,WR,1,1.5384615384615385,0,0,0,0,0,0,1,-2,0,14,8,102,2,0
2022,2,"80 degrees, relative humidity 55%, wind 11 mph",Cleveland Browns,New York Jets,Jeff Smith,NYJ,Cleveland Browns,away,31,30,WR,0,0.0,0,0,0,0,0,0,0,0,0,1,1,17,0,0
2022,2,"80 degrees, relative humidity 55%, wind 11 mph",Cleveland Browns,New York Jets,Jeremy Ruckert,NYJ,Cleveland Browns,away,31,30,TE,0,0.0,0,0,0,0,0,0,0,0,0,1,0,0,0,0
2022,2,"80 degrees, relative humidity 55%, wind 11 mph",Cleveland Browns,New York Jets,Joe Flacco,NYJ,Cleveland Browns,away,31,30,QB,46,70.76923076923077,26,44,307,4,0,2,2,6,0,0,0,0,0,1
2022,2,"80 degrees, relative humidity 55%, wind 11 mph",Cleveland Browns,New York Jets,Michael Carter,NYJ,Cleveland Browns,away,31,30,RB,7,10.76923076923077,0,0,0,0,0,0,7,23,0,5,5,27,0,0
2022,2,"80 degrees, relative humidity 55%, wind 11 mph",Cleveland Browns,New York Jets,Ty Johnson,NYJ,Cleveland Browns,away,31,30,RB,0,0.0,0,0,0,0,0,0,0,0,0,3,1,4,0,0
2022,2,"80 degrees, relative humidity 55%, wind 11 mph",Cleveland Browns,New York Jets,Tyler Conklin,NYJ,Cleveland Browns,away,31,30,TE,0,0.0,0,0,0,0,0,0,0,0,0,9,6,40,0,1
2022,2,"76 degrees, relative humidity 62%, wind 4 mph",Minnesota Vikings,Philadelphia Eagles,A.J. Brown,PHI,Minnesota Vikings,away,24,7,WR,0,0.0,0,0,0,0,0,0,0,0,0,8,5,69,0,0
2022,2,"76 degrees, relative humidity 62%, wind 4 mph",Minnesota Vikings,Philadelphia Eagles,Boston Scott,PHI,Minnesota Vikings,away,24,7,RB,4,6.153846153846154,0,0,0,0,0,0,4,19,0,1,1,2,0,0
2022,2,"76 degrees, relative humidity 62%, wind 4 mph",Minnesota Vikings,Philadelphia Eagles,Dallas Goedert,PHI,Minnesota Vikings,away,24,7,TE,0,0.0,0,0,0,0,0,0,0,0,0,6,5,82,0,0
2022,2,"76 degrees, relative humidity 62%, wind 4 mph",Minnesota Vikings,Philadelphia Eagles,DeVonta Smith,PHI,Minnesota Vikings,away,24,7,WR,0,0.0,0,0,0,0,0,0,0,0,0,7,7,80,0,0
2022,2,"76 degrees, relative humidity 62%, wind 4 mph",Minnesota Vikings,Philadelphia Eagles,Jalen Hurts,PHI,Minnesota Vikings,away,24,7,QB,42,64.61538461538461,26,31,333,1,1,3,11,57,2,0,0,0,0,1
2022,2,"76 degrees, relative humidity 62%, wind 4 mph",Minnesota Vikings,Philadelphia Eagles,Kenneth Gainwell,PHI,Minnesota Vikings,away,24,7,RB,2,3.076923076923077,0,0,0,0,0,0,2,7,0,2,1,11,0,0
2022,2,"76 degrees, relative humidity 62%, wind 4 mph",Minnesota Vikings,Philadelphia Eagles,Miles Sanders,PHI,Minnesota Vikings,away,24,7,RB,17,26.153846153846157,0,0,0,0,0,0,17,80,0,3,3,6,0,0
2022,2,"76 degrees, relative humidity 62%, wind 4 mph",Minnesota Vikings,Philadelphia Eagles,Quez Watkins,PHI,Minnesota Vikings,away,24,7,WR,0,0.0,0,0,0,0,0,0,0,0,0,2,2,69,1,0
2022,2,"76 degrees, relative humidity 62%, wind 4 mph",Minnesota Vikings,Philadelphia Eagles,Zach Pascal,PHI,Minnesota Vikings,away,24,7,WR,0,0.0,0,0,0,0,0,0,0,0,0,2,2,14,0,0
2022,2,"81 degrees, relative humidity 51%, wind 8 mph",Pittsburgh Steelers,New England Patriots,Chase Claypool,PIT,Pittsburgh Steelers,away,17,14,WR,0,0.0,0,0,0,0,0,0,0,0,0,6,4,26,0,0
2022,2,"81 degrees, relative humidity 51%, wind 8 mph",Pittsburgh Steelers,New England Patriots,Derek Watt,PIT,Pittsburgh Steelers,away,17,14,FB,1,1.8181818181818181,0,0,0,0,0,0,1,2,0,0,0,0,0,0
2022,2,"81 degrees, relative humidity 51%, wind 8 mph",Pittsburgh Steelers,New England Patriots,Diontae Johnson,PIT,Pittsburgh Steelers,away,17,14,WR,0,0.0,0,0,0,0,0,0,0,0,0,10,6,57,0,0
2022,2,"81 degrees, relative humidity 51%, wind 8 mph",Pittsburgh Steelers,New England Patriots,George Pickens,PIT,Pittsburgh Steelers,away,17,14,WR,0,0.0,0,0,0,0,0,0,0,0,0,2,1,23,0,0
2022,2,"81 degrees, relative humidity 51%, wind 8 mph",Pittsburgh Steelers,New England Patriots,Gunner Olszewski,PIT,Pittsburgh Steelers,away,17,14,WR,1,1.8181818181818181,0,0,0,0,0,0,1,18,0,0,0,0,0,1
2022,2,"81 degrees, relative humidity 51%, wind 8 mph",Pittsburgh Steelers,New England Patriots,Jaylen Warren,PIT,Pittsburgh Steelers,away,17,14,RB,4,7.2727272727272725,0,0,0,0,0,0,4,15,0,1,1,0,0,0
2022,2,"81 degrees, relative humidity 51%, wind 8 mph",Pittsburgh Steelers,New England Patriots,Mitchell Trubisky,PIT,Pittsburgh Steelers,away,17,14,QB,34,61.81818181818181,21,33,168,1,1,3,1,7,0,0,0,0,0,0
2022,2,"81 degrees, relative humidity 51%, wind 8 mph",Pittsburgh Steelers,New England Patriots,Najee Harris,PIT,Pittsburgh Steelers,away,17,14,RB,15,27.27272727272727,0,0,0,0,0,0,15,49,0,6,5,40,0,0
2022,2,"81 degrees, relative humidity 51%, wind 8 mph",Pittsburgh Steelers,New England Patriots,Pat Freiermuth,PIT,Pittsburgh Steelers,away,17,14,TE,0,0.0,0,0,0,0,0,0,0,0,0,7,4,22,1,0
2022,2,,Seattle Seahawks,San Francisco 49ers,D'Wayne Eskridge,SEA,Seattle Seahawks,away,27,7,WR,0,0.0,0,0,0,0,0,0,0,0,0,1,1,6,0,0
2022,2,,Seattle Seahawks,San Francisco 49ers,D.K. Metcalf,SEA,Seattle Seahawks,away,27,7,WR,0,0.0,0,0,0,0,0,0,0,0,0,6,4,35,0,0
2022,2,,Seattle Seahawks,San Francisco 49ers,DeeJay Dallas,SEA,Seattle Seahawks,away,27,7,RB,1,2.2222222222222223,0,1,0,0,1,0,0,0,0,0,0,0,0,0
2022,2,,Seattle Seahawks,San Francisco 49ers,Geno Smith,SEA,Seattle Seahawks,away,27,7,QB,32,71.11111111111111,24,30,197,0,1,2,2,2,0,0,0,0,0,0
2022,2,,Seattle Seahawks,San Francisco 49ers,Kenneth Walker,SEA,Seattle Seahawks,away,27,7,UNK,4,8.88888888888889,0,0,0,0,0,0,4,10,0,3,2,5,0,0
2022,2,,Seattle Seahawks,San Francisco 49ers,Marquise Goodwin,SEA,Seattle Seahawks,away,27,7,WR,0,0.0,0,0,0,0,0,0,0,0,0,1,0,0,0,0
2022,2,,Seattle Seahawks,San Francisco 49ers,Noah Fant,SEA,Seattle Seahawks,away,27,7,TE,0,0.0,0,0,0,0,0,0,0,0,0,2,2,11,0,0
2022,2,,Seattle Seahawks,San Francisco 49ers,Rashaad Penny,SEA,Seattle Seahawks,away,27,7,RB,6,13.333333333333334,0,0,0,0,0,0,6,15,0,0,0,0,0,0
2022,2,,Seattle Seahawks,San Francisco 49ers,Travis Homer,SEA,Seattle Seahawks,away,27,7,RB,2,4.444444444444445,0,0,0,0,0,0,2,9,0,4,4,33,0,0
2022,2,,Seattle Seahawks,San Francisco 49ers,Tyler Lockett,SEA,Seattle Seahawks,away,27,7,WR,0,0.0,0,0,0,0,0,0,0,0,0,11,9,107,0,0
2022,2,,Seattle Seahawks,San Francisco 49ers,Will Dissly,SEA,Seattle Seahawks,away,27,7,TE,0,0.0,0,0,0,0,0,0,0,0,0,2,2,0,0,0
2022,2,,Seattle Seahawks,San Francisco 49ers,Brandon Aiyuk,SFO,Seattle Seahawks,away,27,7,WR,0,0.0,0,0,0,0,0,0,0,0,0,8,5,63,0,0
2022,2,,Seattle Seahawks,San Francisco 49ers,Danny Gray,SFO,Seattle Seahawks,away,27,7,WR,0,0.0,0,0,0,0,0,0,0,0,0,2,0,0,0,0
2022,2,,Seattle Seahawks,San Francisco 49ers,Deebo Samuel,SFO,Seattle Seahawks,away,27,7,WR,4,5.797101449275362,0,0,0,0,0,0,4,53,0,6,5,44,0,1
2022,2,,Seattle Seahawks,San Francisco 49ers,Jauan Jennings,SFO,Seattle Seahawks,away,27,7,WR,0,0.0,0,0,0,0,0,0,0,0,0,2,1,4,0,0
2022,2,,Seattle Seahawks,San Francisco 49ers,Jeff Wilson,SFO,Seattle Seahawks,away,27,7,RB,18,26.08695652173913,0,0,0,0,0,0,18,84,0,2,2,19,0,0
2022,2,,Seattle Seahawks,San Francisco 49ers,Jimmy Garoppolo,SFO,Seattle Seahawks,away,27,7,QB,25,36.231884057971016,13,21,154,1,0,1,4,5,1,0,0,0,0,0
2022,2,,Seattle Seahawks,San Francisco 49ers,Kyle Juszczyk,SFO,Seattle Seahawks,away,27,7,FB,2,2.898550724637681,0,0,0,0,0,0,2,1,1,1,0,0,0,0
2022,2,,Seattle Seahawks,San Francisco 49ers,Ray-Ray McCloud,SFO,Seattle Seahawks,away,27,7,WR,0,0.0,0,0,0,0,0,0,0,0,0,2,1,16,0,0
2022,2,,Seattle Seahawks,San Francisco 49ers,Ross Dwelley,SFO,Seattle Seahawks,away,27,7,TE,0,0.0,0,0,0,0,0,0,0,0,0,1,1,38,1,0
2022,2,,Seattle Seahawks,San Francisco 49ers,Trey Lance,SFO,Seattle Seahawks,away,27,7,QB,6,8.695652173913043,2,3,30,0,0,0,3,13,0,0,0,0,0,0
2022,2,,Seattle Seahawks,San Francisco 49ers,Tyrion Davis-Price,SFO,Seattle Seahawks,away,27,7,RB,14,20.28985507246377,0,0,0,0,0,0,14,33,0,0,0,0,0,0
2022,2,,New Orleans Saints,Tampa Bay Buccaneers,Breshad Perriman,TAM,New Orleans Saints,away,20,10,WR,0,0.0,0,0,0,0,0,0,0,0,0,5,3,45,1,0
2022,2,,New Orleans Saints,Tampa Bay Buccaneers,Cade Otton,TAM,New Orleans Saints,away,20,10,TE,0,0.0,0,0,0,0,0,0,0,0,0,2,1,4,0,0
2022,2,,New Orleans Saints,Tampa Bay Buccaneers,Cameron Brate,TAM,New Orleans Saints,away,20,10,TE,0,0.0,0,0,0,0,0,0,0,0,0,2,1,9,0,0
2022,2,,New Orleans Saints,Tampa Bay Buccaneers,Leonard Fournette,TAM,New Orleans Saints,away,20,10,RB,24,37.5,0,0,0,0,0,0,24,65,0,4,2,9,0,0
2022,2,,New Orleans Saints,Tampa Bay Buccaneers,Mike Evans,TAM,New Orleans Saints,away,20,10,WR,0,0.0,0,0,0,0,0,0,0,0,0,4,3,61,0,0
2022,2,,New Orleans Saints,Tampa Bay Buccaneers,Rachaad White,TAM,New Orleans Saints,away,20,10,RB,2,3.125,0,0,0,0,0,0,2,1,0,2,0,0,0,0
2022,2,,New Orleans Saints,Tampa Bay Buccaneers,Russell Gage,TAM,New Orleans Saints,away,20,10,WR,0,0.0,0,0,0,0,0,0,0,0,0,6,5,28,0,0
2022,2,,New Orleans Saints,Tampa Bay Buccaneers,Scott Miller,TAM,New Orleans Saints,away,20,10,WR,1,1.5625,0,0,0,0,0,0,1,8,0,8,3,34,0,0
2022,2,,New Orleans Saints,Tampa Bay Buccaneers,Tom Brady,TAM,New Orleans Saints,away,20,10,QB,37,57.8125,18,34,190,1,0,1,3,-2,0,0,0,0,0,1
2022,2,"70 degrees, relative humidity 84%, wind 11 mph",Tennessee Titans,Buffalo Bills,Austin Hooper,TEN,Tennessee Titans,away,41,7,TE,0,0.0,0,0,0,0,0,0,0,0,0,5,1,19,0,0
2022,2,"70 degrees, relative humidity 84%, wind 11 mph",Tennessee Titans,Buffalo Bills,Derrick Henry,TEN,Tennessee Titans,away,41,7,RB,13,25.49019607843137,0,0,0,0,0,0,13,25,1,0,0,0,0,0
2022,2,"70 degrees, relative humidity 84%, wind 11 mph",Tennessee Titans,Buffalo Bills,Hassan Haskins,TEN,Tennessee Titans,away,41,7,RB,9,17.647058823529413,0,0,0,0,0,0,9,37,0,1,1,0,0,0
2022,2,"70 degrees, relative humidity 84%, wind 11 mph",Tennessee Titans,Buffalo Bills,Josh Gordon,TEN,Tennessee Titans,away,41,7,WR,0,0.0,0,0,0,0,0,0,0,0,0,1,0,0,0,0
2022,2,"70 degrees, relative humidity 84%, wind 11 mph",Tennessee Titans,Buffalo Bills,Kyle Philips,TEN,Tennessee Titans,away,41,7,WR,0,0.0,0,0,0,0,0,0,0,0,0,1,1,5,0,1
2022,2,"70 degrees, relative humidity 84%, wind 11 mph",Tennessee Titans,Buffalo Bills,Malik Willis,TEN,Tennessee Titans,away,41,7,QB,8,15.686274509803921,1,4,6,0,0,0,4,16,0,0,0,0,0,1
2022,2,"70 degrees, relative humidity 84%, wind 11 mph",Tennessee Titans,Buffalo Bills,Nick Westbrook-Ikhine,TEN,Tennessee Titans,away,41,7,WR,0,0.0,0,0,0,0,0,0,0,0,0,4,1,13,0,0
2022,2,"70 degrees, relative humidity 84%, wind 11 mph",Tennessee Titans,Buffalo Bills,Robert Woods,TEN,Tennessee Titans,away,41,7,WR,0,0.0,0,0,0,0,0,0,0,0,0,5,4,39,0,0
2022,2,"70 degrees, relative humidity 84%, wind 11 mph",Tennessee Titans,Buffalo Bills,Ryan Tannehill,TEN,Tennessee Titans,away,41,7,QB,21,41.17647058823529,11,20,117,0,2,2,1,2,0,0,0,0,0,0
2022,2,"70 degrees, relative humidity 84%, wind 11 mph",Tennessee Titans,Buffalo Bills,Treylon Burks,TEN,Tennessee Titans,away,41,7,WR,0,0.0,0,0,0,0,0,0,0,0,0,6,4,47,0,0
2022,2,,Washington Commanders,Detroit Lions,Antonio Gibson,WAS,Washington Commanders,away,36,27,RB,14,20.8955223880597,0,0,0,0,0,0,14,28,1,4,2,13,0,0
2022,2,,Washington Commanders,Detroit Lions,Cam Sims,WAS,Washington Commanders,away,36,27,WR,0,0.0,0,0,0,0,0,0,0,0,0,2,0,0,0,0
2022,2,,Washington Commanders,Detroit Lions,Carson Wentz,WAS,Washington Commanders,away,36,27,QB,48,71.64179104477611,30,46,337,3,1,5,2,23,0,0,0,0,0,1
2022,2,,Washington Commanders,Detroit Lions,Curtis Samuel,WAS,Washington Commanders,away,36,27,WR,1,1.4925373134328357,0,0,0,0,0,0,1,21,0,9,7,78,1,0
2022,2,,Washington Commanders,Detroit Lions,Dax Milne,WAS,Washington Commanders,away,36,27,WR,0,0.0,0,0,0,0,0,0,0,0,0,1,1,6,0,0
2022,2,,Washington Commanders,Detroit Lions,J.D. McKissic,WAS,Washington Commanders,away,36,27,RB,3,4.477611940298507,0,0,0,0,0,0,3,9,0,7,7,54,0,0
2022,2,,Washington Commanders,Detroit Lions,Jahan Dotson,WAS,Washington Commanders,away,36,27,WR,0,0.0,0,0,0,0,0,0,0,0,0,5,4,59,1,0
2022,2,,Washington Commanders,Detroit Lions,John Bates,WAS,Washington Commanders,away,36,27,TE,0,0.0,0,0,0,0,0,0,0,0,0,3,2,15,0,0
2022,2,,Washington Commanders,Detroit Lions,Logan Thomas,WAS,Washington Commanders,away,36,27,TE,0,0.0,0,0,0,0,0,0,0,0,0,5,3,37,1,0
2022,2,,Washington Commanders,Detroit Lions,Terry McLaurin,WAS,Washington Commanders,away,36,27,WR,1,1.4925373134328357,0,0,0,0,0,0,1,7,0,8,4,75,0,0
2022,3,,Arizona Cardinals,Los Angeles Rams,A.J. Green,ARI,Arizona Cardinals,away,20,12,WR,0,0.0,0,0,0,0,0,0,0,0,0,2,0,0,0,0
2022,3,,Arizona Cardinals,Los Angeles Rams,Andre Baccellia,ARI,Arizona Cardinals,away,20,12,WR,0,0.0,0,0,0,0,0,0,0,0,0,4,2,13,0,0
2022,3,,Arizona Cardinals,Los Angeles Rams,Andy Isabella,ARI,Arizona Cardinals,away,20,12,WR,0,0.0,0,0,0,0,0,0,0,0,0,2,1,11,0,0
2022,3,,Arizona Cardinals,Los Angeles Rams,Darrel Williams,ARI,Arizona Cardinals,away,20,12,RB,1,1.2658227848101267,0,0,0,0,0,0,1,7,0,1,0,0,0,0
2022,3,,Arizona Cardinals,Los Angeles Rams,Eno Benjamin,ARI,Arizona Cardinals,away,20,12,RB,5,6.329113924050633,0,0,0,0,0,0,5,16,0,4,2,7,0,0
2022,3,,Arizona Cardinals,Los Angeles Rams,Greg Dortch,ARI,Arizona Cardinals,away,20,12,WR,0,0.0,0,0,0,0,0,0,0,0,0,10,9,80,0,0
2022,3,,Arizona Cardinals,Los Angeles Rams,James Conner,ARI,Arizona Cardinals,away,20,12,RB,13,16.455696202531644,0,0,0,0,0,0,13,39,0,5,3,18,0,0
2022,3,,Arizona Cardinals,Los Angeles Rams,Kyler Murray,ARI,Arizona Cardinals,away,20,12,QB,60,75.9493670886076,37,58,314,0,0,2,2,8,0,0,0,0,0,1
2022,3,,Arizona Cardinals,Los Angeles Rams,Marquise Brown,ARI,Arizona Cardinals,away,20,12,WR,0,0.0,0,0,0,0,0,0,0,0,0,17,14,140,0,0
2022,3,,Arizona Cardinals,Los Angeles Rams,Zach Ertz,ARI,Arizona Cardinals,away,20,12,TE,0,0.0,0,0,0,0,0,0,0,0,0,10,6,45,0,0
2022,3,"67 degrees, relative humidity 67%, wind 6 mph",Seattle Seahawks,Atlanta Falcons,Anthony Firkser,ATL,Seattle Seahawks,away,27,23,TE,0,0.0,0,0,0,0,0,0,0,0,0,1,1,22,0,0
2022,3,"67 degrees, relative humidity 67%, wind 6 mph",Seattle Seahawks,Atlanta Falcons,Avery Williams,ATL,Seattle Seahawks,away,27,23,RB,1,1.9607843137254901,0,0,0,0,0,0,1,9,0,0,0,0,0,0
2022,3,"67 degrees, relative humidity 67%, wind 6 mph",Seattle Seahawks,Atlanta Falcons,Cordarrelle Patterson,ATL,Seattle Seahawks,away,27,23,RB,17,33.33333333333333,0,0,0,0,0,0,17,141,1,1,1,12,0,0
2022,3,"67 degrees, relative humidity 67%, wind 6 mph",Seattle Seahawks,Atlanta Falcons,Drake London,ATL,Seattle Seahawks,away,27,23,WR,0,0.0,0,0,0,0,0,0,0,0,0,6,3,54,1,0
2022,3,"67 degrees, relative humidity 67%, wind 6 mph",Seattle Seahawks,Atlanta Falcons,Kyle Pitts,ATL,Seattle Seahawks,away,27,23,TE,0,0.0,0,0,0,0,0,0,0,0,0,8,5,87,0,0
2022,3,"67 degrees, relative humidity 67%, wind 6 mph",Seattle Seahawks,Atlanta Falcons,Marcus Mariota,ATL,Seattle Seahawks,away,27,23,QB,27,52.94117647058824,13,20,229,1,1,3,7,4,1,0,0,0,0,2
2022,3,"67 degrees, relative humidity 67%, wind 6 mph",Seattle Seahawks,Atlanta Falcons,Olamide Zaccheaus,ATL,Seattle Seahawks,away,27,23,WR,0,0.0,0,0,0,0,0,0,0,0,0,2,2,49,0,0
2022,3,"67 degrees, relative humidity 67%, wind 6 mph",Seattle Seahawks,Atlanta Falcons,Tyler Allgeier,ATL,Seattle Seahawks,away,27,23,RB,6,11.76470588235294,0,0,0,0,0,0,6,25,0,1,1,5,0,0
2022,3,"66 degrees, relative humidity 61%, wind 10 mph",New England Patriots,Baltimore Ravens,Demarcus Robinson,BAL,New England Patriots,away,37,26,WR,0,0.0,0,0,0,0,0,0,0,0,0,1,0,0,0,0
2022,3,"66 degrees, relative humidity 61%, wind 10 mph",New England Patriots,Baltimore Ravens,Devin Duvernay,BAL,New England Patriots,away,37,26,WR,2,3.6363636363636362,0,0,0,0,0,0,2,-2,0,2,2,25,1,0
2022,3,"66 degrees, relative humidity 61%, wind 10 mph",New England Patriots,Baltimore Ravens,Isaiah Likely,BAL,New England Patriots,away,37,26,TE,0,0.0,0,0,0,0,0,0,0,0,0,2,1,8,0,0
2022,3,"66 degrees, relative humidity 61%, wind 10 mph",New England Patriots,Baltimore Ravens,J.K. Dobbins,BAL,New England Patriots,away,37,26,RB,7,12.727272727272727,0,0,0,0,0,0,7,23,0,2,2,17,0,0
2022,3,"66 degrees, relative humidity 61%, wind 10 mph",New England Patriots,Baltimore Ravens,Josh Oliver,BAL,New England Patriots,away,37,26,TE,0,0.0,0,0,0,0,0,0,0,0,0,2,2,8,1,0
2022,3,"66 degrees, relative humidity 61%, wind 10 mph",New England Patriots,Baltimore Ravens,Justice Hill,BAL,New England Patriots,away,37,26,RB,6,10.909090909090908,0,0,0,0,0,0,6,60,0,0,0,0,0,0
2022,3,"66 degrees, relative humidity 61%, wind 10 mph",New England Patriots,Baltimore Ravens,Lamar Jackson,BAL,New England Patriots,away,37,26,QB,40,72.72727272727273,18,29,218,4,1,4,11,107,1,0,0,0,0,0
2022,3,"66 degrees, relative humidity 61%, wind 10 mph",New England Patriots,Baltimore Ravens,Mark Andrews,BAL,New England Patriots,away,37,26,TE,0,0.0,0,0,0,0,0,0,0,0,0,13,8,89,2,0
2022,3,"66 degrees, relative humidity 61%, wind 10 mph",New England Patriots,Baltimore Ravens,Patrick Ricard,BAL,New England Patriots,away,37,26,FB,0,0.0,0,0,0,0,0,0,0,0,0,1,1,12,0,0
2022,3,"66 degrees, relative humidity 61%, wind 10 mph",New England Patriots,Baltimore Ravens,Rashod Bateman,BAL,New England Patriots,away,37,26,WR,0,0.0,0,0,0,0,0,0,0,0,0,4,2,59,0,1
2022,3,"89 degrees, relative humidity 63%, wind 5 mph",Buffalo Bills,Miami Dolphins,Dawson Knox,BUF,Buffalo Bills,away,21,19,TE,0,0.0,0,0,0,0,0,0,0,0,0,4,4,25,0,0
2022,3,"89 degrees, relative humidity 63%, wind 5 mph",Buffalo Bills,Miami Dolphins,Devin Singletary,BUF,Buffalo Bills,away,21,19,RB,9,10.465116279069768,0,0,0,0,0,0,9,13,0,11,9,78,1,0
2022,3,"89 degrees, relative humidity 63%, wind 5 mph",Buffalo Bills,Miami Dolphins,Gabriel Davis,BUF,Buffalo Bills,away,21,19,WR,0,0.0,0,0,0,0,0,0,0,0,0,6,3,37,0,0
2022,3,"89 degrees, relative humidity 63%, wind 5 mph",Buffalo Bills,Miami Dolphins,Isaiah McKenzie,BUF,Buffalo Bills,away,21,19,WR,1,1.1627906976744187,0,0,0,0,0,0,1,6,0,9,7,76,1,0
2022,3,"89 degrees, relative humidity 63%, wind 5 mph",Buffalo Bills,Miami Dolphins,Jake Kumerow,BUF,Buffalo Bills,away,21,19,WR,0,0.0,0,0,0,0,0,0,0,0,0,2,2,14,0,0
2022,3,"89 degrees, relative humidity 63%, wind 5 mph",Buffalo Bills,Miami Dolphins,James Cook,BUF,Buffalo Bills,away,21,19,RB,1,1.1627906976744187,0,0,0,0,0,0,1,3,0,5,4,37,0,0
2022,3,"89 degrees, relative humidity 63%, wind 5 mph",Buffalo Bills,Miami Dolphins,Jamison Crowder,BUF,Buffalo Bills,away,21,19,WR,0,0.0,0,0,0,0,0,0,0,0,0,3,1,9,0,1
2022,3,"89 degrees, relative humidity 63%, wind 5 mph",Buffalo Bills,Miami Dolphins,Josh Allen,BUF,Buffalo Bills,away,21,19,QB,71,82.55813953488372,42,63,400,2,0,4,8,47,0,0,0,0,0,3
2022,3,"89 degrees, relative humidity 63%, wind 5 mph",Buffalo Bills,Miami Dolphins,Quintin Morris,BUF,Buffalo Bills,away,21,19,TE,0,0.0,0,0,0,0,0,0,0,0,0,2,2,22,0,0
2022,3,"89 degrees, relative humidity 63%, wind 5 mph",Buffalo Bills,Miami Dolphins,Reggie Gilliam,BUF,Buffalo Bills,away,21,19,FB,0,0.0,0,0,0,0,0,0,0,0,0,3,2,22,0,0
2022,3,"89 degrees, relative humidity 63%, wind 5 mph",Buffalo Bills,Miami Dolphins,Stefon Diggs,BUF,Buffalo Bills,away,21,19,WR,0,0.0,0,0,0,0,0,0,0,0,0,11,7,74,0,0
2022,3,"89 degrees, relative humidity 63%, wind 5 mph",Buffalo Bills,Miami Dolphins,Zack Moss,BUF,Buffalo Bills,away,21,19,RB,4,4.651162790697675,0,0,0,0,0,0,4,46,0,1,1,6,0,0
2022,3,"68 degrees, relative humidity 70%, wind 7 mph",New Orleans Saints,Carolina Panthers,Baker Mayfield,CAR,New Orleans Saints,away,22,14,QB,26,46.42857142857143,12,25,170,1,0,3,1,-1,0,0,0,0,0,0
2022,3,"68 degrees, relative humidity 70%, wind 7 mph",New Orleans Saints,Carolina Panthers,Christian McCaffrey,CAR,New Orleans Saints,away,22,14,RB,25,44.642857142857146,0,0,0,0,0,0,25,108,0,4,2,7,0,0
2022,3,"68 degrees, relative humidity 70%, wind 7 mph",New Orleans Saints,Carolina Panthers,Chuba Hubbard,CAR,New Orleans Saints,away,22,14,RB,3,5.357142857142857,0,0,0,0,0,0,3,25,0,0,0,0,0,0
2022,3,"68 degrees, relative humidity 70%, wind 7 mph",New Orleans Saints,Carolina Panthers,D.J. Moore,CAR,New Orleans Saints,away,22,14,WR,2,3.571428571428571,0,0,0,0,0,0,2,13,0,6,1,2,0,0
2022,3,"68 degrees, relative humidity 70%, wind 7 mph",New Orleans Saints,Carolina Panthers,Giovanni Ricci,CAR,New Orleans Saints,away,22,14,TE,0,0.0,0,0,0,0,0,0,0,0,0,2,1,15,0,0
2022,3,"68 degrees, relative humidity 70%, wind 7 mph",New Orleans Saints,Carolina Panthers,Ian Thomas,CAR,New Orleans Saints,away,22,14,TE,0,0.0,0,0,0,0,0,0,0,0,0,3,2,13,0,0
2022,3,"68 degrees, relative humidity 70%, wind 7 mph",New Orleans Saints,Carolina Panthers,Laviska Shenault Jr.,CAR,New Orleans Saints,away,22,14,WR,0,0.0,0,0,0,0,0,0,0,0,0,2,2,90,1,0
2022,3,"68 degrees, relative humidity 70%, wind 7 mph",New Orleans Saints,Carolina Panthers,Robbie Chosen,CAR,New Orleans Saints,away,22,14,WR,0,0.0,0,0,0,0,0,0,0,0,0,4,1,14,0,0
2022,3,"68 degrees, relative humidity 70%, wind 7 mph",New Orleans Saints,Carolina Panthers,Shi Smith,CAR,New Orleans Saints,away,22,14,WR,0,0.0,0,0,0,0,0,0,0,0,0,2,2,22,0,0
2022,3,"68 degrees, relative humidity 70%, wind 7 mph",New Orleans Saints,Carolina Panthers,Tommy Tremble,CAR,New Orleans Saints,away,22,14,TE,0,0.0,0,0,0,0,0,0,0,0,0,1,1,7,0,0
2022,3,"66 degrees, relative humidity 68%, wind 13 mph",Houston Texans,Chicago Bears,Byron Pringle,CHI,Houston Texans,away,23,20,WR,0,0.0,0,0,0,0,0,0,0,0,0,1,1,11,0,0
2022,3,"66 degrees, relative humidity 68%, wind 13 mph",Houston Texans,Chicago Bears,Cole Kmet,CHI,Houston Texans,away,23,20,TE,0,0.0,0,0,0,0,0,0,0,0,0,3,2,40,0,0
2022,3,"66 degrees, relative humidity 68%, wind 13 mph",Houston Texans,Chicago Bears,Darnell Mooney,CHI,Houston Texans,away,23,20,WR,0,0.0,0,0,0,0,0,0,0,0,0,6,2,23,0,0
2022,3,"66 degrees, relative humidity 68%, wind 13 mph",Houston Texans,Chicago Bears,David Montgomery,CHI,Houston Texans,away,23,20,RB,3,5.263157894736842,0,0,0,0,0,0,3,11,0,0,0,0,0,0
2022,3,"66 degrees, relative humidity 68%, wind 13 mph",Houston Texans,Chicago Bears,Equanimeous St. Brown,CHI,Houston Texans,away,23,20,WR,2,3.508771929824561,0,0,0,0,0,0,2,43,0,2,1,20,0,0
2022,3,"66 degrees, relative humidity 68%, wind 13 mph",Houston Texans,Chicago Bears,Jake Tonges,CHI,Houston Texans,away,23,20,TE,0,0.0,0,0,0,0,0,0,0,0,0,1,0,0,0,0
2022,3,"66 degrees, relative humidity 68%, wind 13 mph",Houston Texans,Chicago Bears,Justin Fields,CHI,Houston Texans,away,23,20,QB,25,43.859649122807014,8,17,106,0,2,5,8,47,0,0,0,0,0,2
2022,3,"66 degrees, relative humidity 68%, wind 13 mph",Houston Texans,Chicago Bears,Khalil Herbert,CHI,Houston Texans,away,23,20,RB,20,35.08771929824561,0,0,0,0,0,0,20,157,2,2,2,12,0,0
2022,3,"66 degrees, relative humidity 68%, wind 13 mph",Houston Texans,Chicago Bears,Trestan Ebner,CHI,Houston Texans,away,23,20,RB,7,12.280701754385964,0,0,0,0,0,0,7,23,0,1,0,0,0,0
2022,3,"66 degrees, relative humidity 62%, wind 8 mph",New York Jets,Cincinnati Bengals,Chris Evans,CIN,New York Jets,away,27,12,RB,0,0.0,0,0,0,0,0,0,0,0,0,1,1,4,0,0
2022,3,"66 degrees, relative humidity 62%, wind 8 mph",New York Jets,Cincinnati Bengals,Hayden Hurst,CIN,New York Jets,away,27,12,TE,0,0.0,0,0,0,0,0,0,0,0,0,2,1,7,0,0
2022,3,"66 degrees, relative humidity 62%, wind 8 mph",New York Jets,Cincinnati Bengals,Ja'Marr Chase,CIN,New York Jets,away,27,12,WR,2,3.125,0,0,0,0,0,0,2,-2,0,10,6,29,1,1
2022,3,"66 degrees, relative humidity 62%, wind 8 mph",New York Jets,Cincinnati Bengals,Joe Burrow,CIN,New York Jets,away,27,12,QB,41,64.0625,23,36,275,3,0,2,5,0,0,0,0,0,0,0
2022,3,"66 degrees, relative humidity 62%, wind 8 mph",New York Jets,Cincinnati Bengals,Joe Mixon,CIN,New York Jets,away,27,12,RB,12,18.75,0,0,0,0,0,0,12,24,0,7,3,14,0,0
2022,3,"66 degrees, relative humidity 62%, wind 8 mph",New York Jets,Cincinnati Bengals,Mitchell Wilcox,CIN,New York Jets,away,27,12,TE,0,0.0,0,0,0,0,0,0,0,0,0,1,1,9,0,0
2022,3,"66 degrees, relative humidity 62%, wind 8 mph",New York Jets,Cincinnati Bengals,Samaje Perine,CIN,New York Jets,away,27,12,RB,9,14.0625,0,0,0,0,0,0,9,47,0,2,2,14,1,0
2022,3,"66 degrees, relative humidity 62%, wind 8 mph",New York Jets,Cincinnati Bengals,Tee Higgins,CIN,New York Jets,away,27,12,WR,0,0.0,0,0,0,0,0,0,0,0,0,7,5,93,0,0
2022,3,"66 degrees, relative humidity 62%, wind 8 mph",New York Jets,Cincinnati Bengals,Tyler Boyd,CIN,New York Jets,away,27,12,WR,0,0.0,0,0,0,0,0,0,0,0,0,5,4,105,1,0
2022,3,"60 degrees, relative humidity 54%, wind 21 mph",Pittsburgh Steelers,Cleveland Browns,Amari Cooper,CLE,Pittsburgh Steelers,away,29,17,WR,0,0.0,0,0,0,0,0,0,0,0,0,11,7,101,1,0
2022,3,"60 degrees, relative humidity 54%, wind 21 mph",Pittsburgh Steelers,Cleveland Browns,David Bell,CLE,Pittsburgh Steelers,away,29,17,WR,0,0.0,0,0,0,0,0,0,0,0,0,1,1,6,0,0
2022,3,"60 degrees, relative humidity 54%, wind 21 mph",Pittsburgh Steelers,Cleveland Browns,David Njoku,CLE,Pittsburgh Steelers,away,29,17,TE,0,0.0,0,0,0,0,0,0,0,0,0,10,9,89,1,0
2022,3,"60 degrees, relative humidity 54%, wind 21 mph",Pittsburgh Steelers,Cleveland Browns,Donovan Peoples-Jones,CLE,Pittsburgh Steelers,away,29,17,WR,0,0.0,0,0,0,0,0,0,0,0,0,3,1,10,0,0
2022,3,"60 degrees, relative humidity 54%, wind 21 mph",Pittsburgh Steelers,Cleveland Browns,Jacoby Brissett,CLE,Pittsburgh Steelers,away,29,17,QB,34,49.275362318840585,21,31,220,2,0,2,3,11,0,0,0,0,0,0
2022,3,"60 degrees, relative humidity 54%, wind 21 mph",Pittsburgh Steelers,Cleveland Browns,Kareem Hunt,CLE,Pittsburgh Steelers,away,29,17,RB,12,17.391304347826086,0,0,0,0,0,0,12,47,0,4,3,14,0,0
2022,3,"60 degrees, relative humidity 54%, wind 21 mph",Pittsburgh Steelers,Cleveland Browns,Miller Forristall,CLE,Pittsburgh Steelers,away,29,17,TE,0,0.0,0,0,0,0,0,0,0,0,0,1,0,0,0,0
2022,3,"60 degrees, relative humidity 54%, wind 21 mph",Pittsburgh Steelers,Cleveland Browns,Nick Chubb,CLE,Pittsburgh Steelers,away,29,17,RB,23,33.33333333333333,0,0,0,0,0,0,23,113,1,1,0,0,0,0
2022,3,"66 degrees, relative humidity 44%, wind 5 mph",New York Giants,Dallas Cowboys,CeeDee Lamb,DAL,New York Giants,away,23,16,WR,0,0.0,0,0,0,0,0,0,0,0,0,12,8,87,1,0
2022,3,"66 degrees, relative humidity 44%, wind 5 mph",New York Giants,Dallas Cowboys,Cooper Rush,DAL,New York Giants,away,23,16,QB,33,54.09836065573771,21,31,215,1,0,0,2,-2,0,0,0,0,0,0
2022,3,"66 degrees, relative humidity 44%, wind 5 mph",New York Giants,Dallas Cowboys,Ezekiel Elliott,DAL,New York Giants,away,23,16,RB,15,24.59016393442623,0,0,0,0,0,0,15,73,1,1,1,2,0,0
2022,3,"66 degrees, relative humidity 44%, wind 5 mph",New York Giants,Dallas Cowboys,Jake Ferguson,DAL,New York Giants,away,23,16,TE,0,0.0,0,0,0,0,0,0,0,0,0,3,2,13,0,0
2022,3,"66 degrees, relative humidity 44%, wind 5 mph",New York Giants,Dallas Cowboys,Jalen Tolbert,DAL,New York Giants,away,23,16,WR,0,0.0,0,0,0,0,0,0,0,0,0,2,1,4,0,0
2022,3,"66 degrees, relative humidity 44%, wind 5 mph",New York Giants,Dallas Cowboys,Noah Brown,DAL,New York Giants,away,23,16,WR,0,0.0,0,0,0,0,0,0,0,0,0,7,5,54,0,0
2022,3,"66 degrees, relative humidity 44%, wind 5 mph",New York Giants,Dallas Cowboys,Peyton Hendershot,DAL,New York Giants,away,23,16,TE,0,0.0,0,0,0,0,0,0,0,0,0,3,3,43,0,0
2022,3,"66 degrees, relative humidity 44%, wind 5 mph",New York Giants,Dallas Cowboys,Simi Fehoko,DAL,New York Giants,away,23,16,WR,0,0.0,0,0,0,0,0,0,0,0,0,1,1,12,0,0
2022,3,"66 degrees, relative humidity 44%, wind 5 mph",New York Giants,Dallas Cowboys,Tony Pollard,DAL,New York Giants,away,23,16,RB,13,21.311475409836063,0,0,0,0,0,0,13,105,0,1,0,0,0,0
2022,3,"73 degrees, relative humidity 21%, wind 8 mph",San Francisco 49ers,Denver Broncos,Albert Okwuegbunam,DEN,San Francisco 49ers,away,11,10,TE,0,0.0,0,0,0,0,0,0,0,0,0,2,1,12,0,0
2022,3,"73 degrees, relative humidity 21%, wind 8 mph",San Francisco 49ers,Denver Broncos,Courtland Sutton,DEN,San Francisco 49ers,away,11,10,WR,0,0.0,0,0,0,0,0,0,0,0,0,10,8,97,0,0
2022,3,"73 degrees, relative humidity 21%, wind 8 mph",San Francisco 49ers,Denver Broncos,Eric Saubert,DEN,San Francisco 49ers,away,11,10,TE,0,0.0,0,0,0,0,0,0,0,0,0,1,0,0,0,0
2022,3,"73 degrees, relative humidity 21%, wind 8 mph",San Francisco 49ers,Denver Broncos,Javonte Williams,DEN,San Francisco 49ers,away,11,10,RB,15,22.727272727272727,0,0,0,0,0,0,15,58,0,5,3,2,0,0
2022,3,"73 degrees, relative humidity 21%, wind 8 mph",San Francisco 49ers,Denver Broncos,Jerry Jeudy,DEN,San Francisco 49ers,away,11,10,WR,0,0.0,0,0,0,0,0,0,0,0,0,6,2,17,0,0
2022,3,"73 degrees, relative humidity 21%, wind 8 mph",San Francisco 49ers,Denver Broncos,Kendall Hinton,DEN,San Francisco 49ers,away,11,10,WR,0,0.0,0,0,0,0,0,0,0,0,0,1,1,27,0,0
2022,3,"73 degrees, relative humidity 21%, wind 8 mph",San Francisco 49ers,Denver Broncos,Melvin Gordon,DEN,San Francisco 49ers,away,11,10,RB,12,18.181818181818183,0,0,0,0,0,0,12,26,1,6,5,29,0,2
2022,3,"73 degrees, relative humidity 21%, wind 8 mph",San Francisco 49ers,Denver Broncos,Mike Boone,DEN,San Francisco 49ers,away,11,10,RB,0,0.0,0,0,0,0,0,0,0,0,0,1,0,0,0,0
2022,3,"73 degrees, relative humidity 21%, wind 8 mph",San Francisco 49ers,Denver Broncos,Russell Wilson,DEN,San Francisco 49ers,away,11,10,QB,39,59.09090909090909,20,33,184,0,0,4,6,17,0,0,0,0,0,0
2022,3,,Detroit Lions,Minnesota Vikings,Amon-Ra St. Brown,DET,Detroit Lions,away,28,24,WR,0,0.0,0,0,0,0,0,0,0,0,0,9,6,73,0,0
2022,3,,Detroit Lions,Minnesota Vikings,Craig Reynolds,DET,Detroit Lions,away,28,24,RB,6,7.894736842105263,0,0,0,0,0,0,6,13,0,1,1,5,0,0
2022,3,,Detroit Lions,Minnesota Vikings,D'Andre Swift,DET,Detroit Lions,away,28,24,RB,7,9.210526315789473,0,0,0,0,0,0,7,31,0,4,3,15,0,0
2022,3,,Detroit Lions,Minnesota Vikings,DJ Chark,DET,Detroit Lions,away,28,24,WR,0,0.0,0,0,0,0,0,0,0,0,0,6,3,46,0,0
2022,3,,Detroit Lions,Minnesota Vikings,Jamaal Williams,DET,Detroit Lions,away,28,24,RB,20,26.31578947368421,0,0,0,0,0,0,20,87,2,2,2,20,0,0
2022,3,,Detroit Lions,Minnesota Vikings,Jared Goff,DET,Detroit Lions,away,28,24,QB,43,56.57894736842105,25,41,277,1,1,0,2,8,0,0,0,0,0,0
2022,3,,Detroit Lions,Minnesota Vikings,Josh Reynolds,DET,Detroit Lions,away,28,24,WR,0,0.0,0,0,0,0,0,0,0,0,0,10,6,96,0,0
2022,3,,Detroit Lions,Minnesota Vikings,Kalif Raymond,DET,Detroit Lions,away,28,24,WR,0,0.0,0,0,0,0,0,0,0,0,0,1,1,4,0,0
2022,3,,Detroit Lions,Minnesota Vikings,T.J. Hockenson,DET,Detroit Lions,away,28,24,TE,0,0.0,0,0,0,0,0,0,0,0,0,4,3,18,1,0
2022,3,"88 degrees, relative humidity 58%, wind 5 mph",Tampa Bay Buccaneers,Green Bay Packers,AJ Dillon,GNB,Tampa Bay Buccaneers,away,14,12,RB,12,20.0,0,0,0,0,0,0,12,32,0,3,2,6,0,0
2022,3,"88 degrees, relative humidity 58%, wind 5 mph",Tampa Bay Buccaneers,Green Bay Packers,Aaron Jones,GNB,Tampa Bay Buccaneers,away,14,12,RB,12,20.0,0,0,0,0,0,0,12,36,0,4,3,11,0,1
2022,3,"88 degrees, relative humidity 58%, wind 5 mph",Tampa Bay Buccaneers,Green Bay Packers,Aaron Rodgers,GNB,Tampa Bay Buccaneers,away,14,12,QB,36,60.0,27,35,255,2,1,1,1,-1,0,0,0,0,0,0
2022,3,"88 degrees, relative humidity 58%, wind 5 mph",Tampa Bay Buccaneers,Green Bay Packers,Allen Lazard,GNB,Tampa Bay Buccaneers,away,14,12,WR,0,0.0,0,0,0,0,0,0,0,0,0,6,4,45,1,0
2022,3,"88 degrees, relative humidity 58%, wind 5 mph",Tampa Bay Buccaneers,Green Bay Packers,Juwann Winfree,GNB,Tampa Bay Buccaneers,away,14,12,WR,0,0.0,0,0,0,0,0,0,0,0,0,2,0,0,0,0
2022,3,"88 degrees, relative humidity 58%, wind 5 mph",Tampa Bay Buccaneers,Green Bay Packers,Randall Cobb,GNB,Tampa Bay Buccaneers,away,14,12,WR,0,0.0,0,0,0,0,0,0,0,0,0,2,2,57,0,0
2022,3,"88 degrees, relative humidity 58%, wind 5 mph",Tampa Bay Buccaneers,Green Bay Packers,Robert Tonyan,GNB,Tampa Bay Buccaneers,away,14,12,TE,0,0.0,0,0,0,0,0,0,0,0,0,7,6,37,0,0
2022,3,"88 degrees, relative humidity 58%, wind 5 mph",Tampa Bay Buccaneers,Green Bay Packers,Romeo Doubs,GNB,Tampa Bay Buccaneers,away,14,12,WR,0,0.0,0,0,0,0,0,0,0,0,0,8,8,73,1,1
2022,3,"88 degrees, relative humidity 58%, wind 5 mph",Tampa Bay Buccaneers,Green Bay Packers,Tyler Davis,GNB,Tampa Bay Buccaneers,away,14,12,TE,0,0.0,0,0,0,0,0,0,0,0,0,2,2,26,0,0
2022,3,"66 degrees, relative humidity 68%, wind 13 mph",Houston Texans,Chicago Bears,Brandin Cooks,HOU,Houston Texans,away,23,20,WR,0,0.0,0,0,0,0,0,0,0,0,0,7,2,22,0,0
2022,3,"66 degrees, relative humidity 68%, wind 13 mph",Houston Texans,Chicago Bears,Chris Moore,HOU,Houston Texans,away,23,20,WR,0,0.0,0,0,0,0,0,0,0,0,0,3,3,63,0,0
2022,3,"66 degrees, relative humidity 68%, wind 13 mph",Houston Texans,Chicago Bears,Dameon Pierce,HOU,Houston Texans,away,23,20,RB,20,35.714285714285715,0,0,0,0,0,0,20,80,1,2,2,21,0,2
2022,3,"66 degrees, relative humidity 68%, wind 13 mph",Houston Texans,Chicago Bears,Davis Mills,HOU,Houston Texans,away,23,20,QB,32,57.14285714285714,20,32,245,1,2,1,0,0,0,0,0,0,0,0
2022,3,"66 degrees, relative humidity 68%, wind 13 mph",Houston Texans,Chicago Bears,Jordan Akins,HOU,Houston Texans,away,23,20,TE,0,0.0,0,0,0,0,0,0,0,0,0,4,3,31,1,0
2022,3,"66 degrees, relative humidity 68%, wind 13 mph",Houston Texans,Chicago Bears,M.J. Stewart,HOU,Houston Texans,away,23,20,SS,1,1.7857142857142856,0,0,0,0,0,0,1,3,0,0,0,0,0,0
2022,3,"66 degrees, relative humidity 68%, wind 13 mph",Houston Texans,Chicago Bears,Nico Collins,HOU,Houston Texans,away,23,20,WR,0,0.0,0,0,0,0,0,0,0,0,0,4,2,41,0,0
2022,3,"66 degrees, relative humidity 68%, wind 13 mph",Houston Texans,Chicago Bears,O.J. Howard,HOU,Houston Texans,away,23,20,TE,0,0.0,0,0,0,0,0,0,0,0,0,1,0,0,0,0
2022,3,"66 degrees, relative humidity 68%, wind 13 mph",Houston Texans,Chicago Bears,Pharaoh Brown,HOU,Houston Texans,away,23,20,TE,0,0.0,0,0,0,0,0,0,0,0,0,4,3,31,0,0
2022,3,"66 degrees, relative humidity 68%, wind 13 mph",Houston Texans,Chicago Bears,Phillip Dorsett,HOU,Houston Texans,away,23,20,WR,0,0.0,0,0,0,0,0,0,0,0,0,1,1,15,0,0
2022,3,"66 degrees, relative humidity 68%, wind 13 mph",Houston Texans,Chicago Bears,Rex Burkhead,HOU,Houston Texans,away,23,20,RB,3,5.357142857142857,0,0,0,0,0,0,3,9,0,5,4,21,0,0
2022,3,,Kansas City Chiefs,Indianapolis Colts,Alec Pierce,IND,Kansas City Chiefs,away,20,17,WR,0,0.0,0,0,0,0,0,0,0,0,0,5,3,61,0,0
2022,3,,Kansas City Chiefs,Indianapolis Colts,Ashton Dulin,IND,Kansas City Chiefs,away,20,17,WR,0,0.0,0,0,0,0,0,0,0,0,0,1,1,7,0,0
2022,3,,Kansas City Chiefs,Indianapolis Colts,Jelani Woods,IND,Kansas City Chiefs,away,20,17,TE,0,0.0,0,0,0,0,0,0,0,0,0,3,2,13,2,0
2022,3,,Kansas City Chiefs,Indianapolis Colts,Jonathan Taylor,IND,Kansas City Chiefs,away,20,17,RB,21,32.8125,0,0,0,0,0,0,21,71,0,5,3,20,0,0
2022,3,,Kansas City Chiefs,Indianapolis Colts,Kylen Granson,IND,Kansas City Chiefs,away,20,17,TE,0,0.0,0,0,0,0,0,0,0,0,0,2,2,7,0,0
2022,3,,Kansas City Chiefs,Indianapolis Colts,Matt Ryan,IND,Kansas City Chiefs,away,20,17,QB,40,62.5,27,37,222,2,0,5,3,4,0,0,0,0,0,2
2022,3,,Kansas City Chiefs,Indianapolis Colts,Michael Pittman Jr.,IND,Kansas City Chiefs,away,20,17,WR,0,0.0,0,0,0,0,0,0,0,0,0,9,8,72,0,0
2022,3,,Kansas City Chiefs,Indianapolis Colts,Mo Alie-Cox,IND,Kansas City Chiefs,away,20,17,TE,0,0.0,0,0,0,0,0,0,0,0,0,3,1,9,0,0
2022,3,,Kansas City Chiefs,Indianapolis Colts,Nyheim Hines,IND,Kansas City Chiefs,away,20,17,RB,3,4.6875,0,0,0,0,0,0,3,7,0,6,5,23,0,0
2022,3,,Kansas City Chiefs,Indianapolis Colts,Parris Campbell,IND,Kansas City Chiefs,away,20,17,WR,0,0.0,0,0,0,0,0,0,0,0,0,2,2,10,0,0
2022,3,,Los Angeles Chargers,Jacksonville Jaguars,C.J. Beathard,JAX,Los Angeles Chargers,away,38,10,QB,1,1.3333333333333335,0,0,0,0,0,0,1,-1,0,0,0,0,0,0
2022,3,,Los Angeles Chargers,Jacksonville Jaguars,Christian Kirk,JAX,Los Angeles Chargers,away,38,10,WR,0,0.0,0,0,0,0,0,0,0,0,0,9,6,72,1,0
2022,3,,Los Angeles Chargers,Jacksonville Jaguars,Evan Engram,JAX,Los Angeles Chargers,away,38,10,TE,1,1.3333333333333335,0,0,0,0,0,0,1,0,0,3,1,9,0,0
2022,3,,Los Angeles Chargers,Jacksonville Jaguars,Jamal Agnew,JAX,Los Angeles Chargers,away,38,10,WR,0,0.0,0,0,0,0,0,0,0,0,0,1,1,17,0,0
2022,3,,Los Angeles Chargers,Jacksonville Jaguars,James Robinson,JAX,Los Angeles Chargers,away,38,10,RB,17,22.666666666666664,0,0,0,0,0,0,17,100,1,3,3,16,0,0
2022,3,,Los Angeles Chargers,Jacksonville Jaguars,Jamycal Hasty,JAX,Los Angeles Chargers,away,38,10,RB,0,0.0,0,0,0,0,0,0,0,0,0,1,0,0,0,0
2022,3,,Los Angeles Chargers,Jacksonville Jaguars,Marvin Jones,JAX,Los Angeles Chargers,away,38,10,WR,0,0.0,0,0,0,0,0,0,0,0,0,7,4,33,1,0
2022,3,,Los Angeles Chargers,Jacksonville Jaguars,Travis Etienne,JAX,Los Angeles Chargers,away,38,10,RB,13,17.333333333333336,0,0,0,0,0,0,13,45,0,3,3,30,0,0
2022,3,,Los Angeles Chargers,Jacksonville Jaguars,Trevor Lawrence,JAX,Los Angeles Chargers,away,38,10,QB,42,56.00000000000001,28,39,262,3,0,0,3,7,0,0,0,0,0,0
2022,3,,Los Angeles Chargers,Jacksonville Jaguars,Zay Jones,JAX,Los Angeles Chargers,away,38,10,WR,1,1.3333333333333335,0,0,0,0,0,0,1,0,0,11,10,85,1,0
2022,3,,Kansas City Chiefs,Indianapolis Colts,Clyde Edwards-Helaire,KAN,Kansas City Chiefs,away,20,17,RB,7,11.864406779661017,0,0,0,0,0,0,7,0,1,5,5,39,0,0
2022,3,,Kansas City Chiefs,Indianapolis Colts,Isiah Pacheco,KAN,Kansas City Chiefs,away,20,17,RB,3,5.084745762711865,0,0,0,0,0,0,3,9,0,0,0,0,0,1
2022,3,,Kansas City Chiefs,Indianapolis Colts,Jerick McKinnon,KAN,Kansas City Chiefs,away,20,17,RB,7,11.864406779661017,0,0,0,0,0,0,7,20,0,1,0,0,0,0
2022,3,,Kansas City Chiefs,Indianapolis Colts,JuJu Smith-Schuster,KAN,Kansas City Chiefs,away,20,17,WR,0,0.0,0,0,0,0,0,0,0,0,0,8,5,89,0,0
2022,3,,Kansas City Chiefs,Indianapolis Colts,Justin Watson,KAN,Kansas City Chiefs,away,20,17,WR,0,0.0,0,0,0,0,0,0,0,0,0,1,0,0,0,0
2022,3,,Kansas City Chiefs,Indianapolis Colts,Marquez Valdes-Scantling,KAN,Kansas City Chiefs,away,20,17,WR,0,0.0,0,0,0,0,0,0,0,0,0,7,4,48,0,0
2022,3,,Kansas City Chiefs,Indianapolis Colts,Mecole Hardman,KAN,Kansas City Chiefs,away,20,17,WR,0,0.0,0,0,0,0,0,0,0,0,0,1,1,2,0,0
2022,3,,Kansas City Chiefs,Indianapolis Colts,Michael Burton,KAN,Kansas City Chiefs,away,20,17,FB,1,1.694915254237288,0,0,0,0,0,0,1,2,0,0,0,0,0,0
2022,3,,Kansas City Chiefs,Indianapolis Colts,Noah Gray,KAN,Kansas City Chiefs,away,20,17,TE,0,0.0,0,0,0,0,0,0,0,0,0,2,1,26,0,0
2022,3,,Kansas City Chiefs,Indianapolis Colts,Patrick Mahomes,KAN,Kansas City Chiefs,away,20,17,QB,39,66.10169491525424,20,35,262,1,1,1,4,26,0,0,0,0,0,0
2022,3,,Kansas City Chiefs,Indianapolis Colts,Tommy Townsend,KAN,Kansas City Chiefs,away,20,17,P,1,1.694915254237288,0,1,0,0,0,0,0,0,0,0,0,0,0,0
2022,3,,Kansas City Chiefs,Indianapolis Colts,Travis Kelce,KAN,Kansas City Chiefs,away,20,17,TE,1,1.694915254237288,0,0,0,0,0,0,1,1,0,8,4,58,1,0
2022,3,,Los Angeles Chargers,Jacksonville Jaguars,Austin Ekeler,LAC,Los Angeles Chargers,away,38,10,RB,4,7.017543859649122,0,0,0,0,0,0,4,5,0,8,8,48,0,0
2022,3,,Los Angeles Chargers,Jacksonville Jaguars,DeAndre Carter,LAC,Los Angeles Chargers,away,38,10,WR,1,1.7543859649122806,0,0,0,0,0,0,1,-5,0,4,3,31,0,0
2022,3,,Los Angeles Chargers,Jacksonville Jaguars,Gerald Everett,LAC,Los Angeles Chargers,away,38,10,TE,0,0.0,0,0,0,0,0,0,0,0,0,6,2,25,0,0
2022,3,,Los Angeles Chargers,Jacksonville Jaguars,Jalen Guyton,LAC,Los Angeles Chargers,away,38,10,WR,0,0.0,0,0,0,0,0,0,0,0,0,3,2,64,0,0
2022,3,,Los Angeles Chargers,Jacksonville Jaguars,Josh Palmer,LAC,Los Angeles Chargers,away,38,10,WR,0,0.0,0,0,0,0,0,0,0,0,0,9,6,99,0,0
2022,3,,Los Angeles Chargers,Jacksonville Jaguars,Joshua Kelley,LAC,Los Angeles Chargers,away,38,10,RB,1,1.7543859649122806,0,0,0,0,0,0,1,-3,0,2,2,6,0,0
2022,3,,Los Angeles Chargers,Jacksonville Jaguars,Justin Herbert,LAC,Los Angeles Chargers,away,38,10,QB,46,80.7017543859649,25,45,297,1,1,1,1,7,0,0,0,0,0,1
2022,3,,Los Angeles Chargers,Jacksonville Jaguars,Mike Williams,LAC,Los Angeles Chargers,away,38,10,WR,0,0.0,0,0,0,0,0,0,0,0,0,6,1,15,1,0
2022,3,,Los Angeles Chargers,Jacksonville Jaguars,Sony Michel,LAC,Los Angeles Chargers,away,38,10,RB,5,8.771929824561402,0,0,0,0,0,0,5,22,0,2,1,9,0,0
2022,3,,Los Angeles Chargers,Jacksonville Jaguars,Zander Horvath,LAC,Los Angeles Chargers,away,38,10,RB,0,0.0,0,0,0,0,0,0,0,0,0,1,0,0,0,0
2022,3,,Arizona Cardinals,Los Angeles Rams,Allen Robinson,LAR,Arizona Cardinals,away,20,12,WR,0,0.0,0,0,0,0,0,0,0,0,0,5,2,23,0,0
2022,3,,Arizona Cardinals,Los Angeles Rams,Ben Skowronek,LAR,Arizona Cardinals,away,20,12,WR,0,0.0,0,0,0,0,0,0,0,0,0,4,4,66,0,0
2022,3,,Arizona Cardinals,Los Angeles Rams,Brandon Powell,LAR,Arizona Cardinals,away,20,12,WR,0,0.0,0,0,0,0,0,0,0,0,0,3,3,27,0,0
2022,3,,Arizona Cardinals,Los Angeles Rams,Cam Akers,LAR,Arizona Cardinals,away,20,12,RB,12,26.666666666666668,0,0,0,0,0,0,12,61,1,0,0,0,0,1
2022,3,,Arizona Cardinals,Los Angeles Rams,Cooper Kupp,LAR,Arizona Cardinals,away,20,12,WR,1,2.2222222222222223,0,0,0,0,0,0,1,20,1,6,4,44,0,0
2022,3,,Arizona Cardinals,Los Angeles Rams,Darrell Henderson,LAR,Arizona Cardinals,away,20,12,RB,4,8.88888888888889,0,0,0,0,0,0,4,17,0,1,0,0,0,0
2022,3,,Arizona Cardinals,Los Angeles Rams,Kendall Blanton,LAR,Arizona Cardinals,away,20,12,TE,0,0.0,0,0,0,0,0,0,0,0,0,1,1,28,0,0
2022,3,,Arizona Cardinals,Los Angeles Rams,Matthew Stafford,LAR,Arizona Cardinals,away,20,12,QB,28,62.22222222222222,18,25,249,0,0,1,3,2,0,0,0,0,0,0
2022,3,,Arizona Cardinals,Los Angeles Rams,Tutu Atwell,LAR,Arizona Cardinals,away,20,12,WR,0,0.0,0,0,0,0,0,0,0,0,0,1,0,0,0,0
2022,3,,Arizona Cardinals,Los Angeles Rams,Tyler Higbee,LAR,Arizona Cardinals,away,20,12,TE,0,0.0,0,0,0,0,0,0,0,0,0,4,4,61,0,0
2022,3,"77 degrees, relative humidity 72%, wind 5 mph",Las Vegas Raiders,Tennessee Titans,Brandon Bolden,LVR,Las Vegas Raiders,away,24,22,RB,3,4.6875,0,0,0,0,0,0,3,17,0,2,2,4,0,0
2022,3,"77 degrees, relative humidity 72%, wind 5 mph",Las Vegas Raiders,Tennessee Titans,Darren Waller,LVR,Las Vegas Raiders,away,24,22,TE,0,0.0,0,0,0,0,0,0,0,0,0,5,3,22,0,0
2022,3,"77 degrees, relative humidity 72%, wind 5 mph",Las Vegas Raiders,Tennessee Titans,Davante Adams,LVR,Las Vegas Raiders,away,24,22,WR,1,1.5625,0,0,0,0,0,0,1,-4,0,10,5,36,1,0
2022,3,"77 degrees, relative humidity 72%, wind 5 mph",Las Vegas Raiders,Tennessee Titans,Derek Carr,LVR,Las Vegas Raiders,away,24,22,QB,46,71.875,26,44,303,2,1,1,2,17,0,0,0,0,0,0
2022,3,"77 degrees, relative humidity 72%, wind 5 mph",Las Vegas Raiders,Tennessee Titans,Foster Moreau,LVR,Las Vegas Raiders,away,24,22,TE,0,0.0,0,0,0,0,0,0,0,0,0,4,3,44,0,0
2022,3,"77 degrees, relative humidity 72%, wind 5 mph",Las Vegas Raiders,Tennessee Titans,Josh Jacobs,LVR,Las Vegas Raiders,away,24,22,RB,13,20.3125,0,0,0,0,0,0,13,66,0,5,5,31,0,1
2022,3,"77 degrees, relative humidity 72%, wind 5 mph",Las Vegas Raiders,Tennessee Titans,Keelan Cole,LVR,Las Vegas Raiders,away,24,22,WR,0,0.0,0,0,0,0,0,0,0,0,0,4,1,12,0,0
2022,3,"77 degrees, relative humidity 72%, wind 5 mph",Las Vegas Raiders,Tennessee Titans,Mack Hollins,LVR,Las Vegas Raiders,away,24,22,WR,1,1.5625,1,1,4,0,0,0,0,0,0,11,8,158,1,0
2022,3,"89 degrees, relative humidity 63%, wind 5 mph",Buffalo Bills,Miami Dolphins,Alec Ingold,MIA,Buffalo Bills,away,21,19,FB,1,2.7027027027027026,0,0,0,0,0,0,1,0,0,1,0,0,0,0
2022,3,"89 degrees, relative humidity 63%, wind 5 mph",Buffalo Bills,Miami Dolphins,Chase Edmonds,MIA,Buffalo Bills,away,21,19,RB,6,16.216216216216218,0,0,0,0,0,0,6,21,2,1,1,6,0,0
2022,3,"89 degrees, relative humidity 63%, wind 5 mph",Buffalo Bills,Miami Dolphins,Durham Smythe,MIA,Buffalo Bills,away,21,19,TE,0,0.0,0,0,0,0,0,0,0,0,0,3,3,23,0,0
2022,3,"89 degrees, relative humidity 63%, wind 5 mph",Buffalo Bills,Miami Dolphins,Jaylen Waddle,MIA,Buffalo Bills,away,21,19,WR,1,2.7027027027027026,0,0,0,0,0,0,1,9,0,6,4,102,0,0
2022,3,"89 degrees, relative humidity 63%, wind 5 mph",Buffalo Bills,Miami Dolphins,Mike Gesicki,MIA,Buffalo Bills,away,21,19,TE,0,0.0,0,0,0,0,0,0,0,0,0,1,1,6,0,0
2022,3,"89 degrees, relative humidity 63%, wind 5 mph",Buffalo Bills,Miami Dolphins,Raheem Mostert,MIA,Buffalo Bills,away,21,19,RB,8,21.62162162162162,0,0,0,0,0,0,8,11,0,2,0,0,0,0
2022,3,"89 degrees, relative humidity 63%, wind 5 mph",Buffalo Bills,Miami Dolphins,River Cracraft,MIA,Buffalo Bills,away,21,19,WR,0,0.0,0,0,0,0,0,0,0,0,0,1,1,11,1,0
2022,3,"89 degrees, relative humidity 63%, wind 5 mph",Buffalo Bills,Miami Dolphins,Teddy Bridgewater,MIA,Buffalo Bills,away,21,19,QB,2,5.405405405405405,0,2,0,0,0,1,0,0,0,0,0,0,0,0
2022,3,"89 degrees, relative humidity 63%, wind 5 mph",Buffalo Bills,Miami Dolphins,Trent Sherfield,MIA,Buffalo Bills,away,21,19,WR,0,0.0,0,0,0,0,0,0,0,0,0,1,1,5,0,0
2022,3,"89 degrees, relative humidity 63%, wind 5 mph",Buffalo Bills,Miami Dolphins,Tua Tagovailoa,MIA,Buffalo Bills,away,21,19,QB,19,51.35135135135135,13,18,186,1,0,1,1,0,0,0,0,0,0,0
2022,3,"89 degrees, relative humidity 63%, wind 5 mph",Buffalo Bills,Miami Dolphins,Tyreek Hill,MIA,Buffalo Bills,away,21,19,WR,0,0.0,0,0,0,0,0,0,0,0,0,4,2,33,0,0
2022,3,,Detroit Lions,Minnesota Vikings,Adam Thielen,MIN,Detroit Lions,away,28,24,WR,0,0.0,0,0,0,0,0,0,0,0,0,8,6,61,1,0
2022,3,,Detroit Lions,Minnesota Vikings,Alexander Mattison,MIN,Detroit Lions,away,28,24,RB,7,10.606060606060606,0,0,0,0,0,0,7,28,1,1,1,16,0,0
2022,3,,Detroit Lions,Minnesota Vikings,Ben Ellefson,MIN,Detroit Lions,away,28,24,TE,0,0.0,0,0,0,0,0,0,0,0,0,2,2,24,0,0
2022,3,,Detroit Lions,Minnesota Vikings,C.J. Ham,MIN,Detroit Lions,away,28,24,FB,0,0.0,0,0,0,0,0,0,0,0,0,3,2,15,0,0
2022,3,,Detroit Lions,Minnesota Vikings,Dalvin Cook,MIN,Detroit Lions,away,28,24,RB,17,25.757575757575758,0,0,0,0,0,0,17,96,1,0,0,0,0,1
2022,3,,Detroit Lions,Minnesota Vikings,Irv Smith Jr.,MIN,Detroit Lions,away,28,24,TE,0,0.0,0,0,0,0,0,0,0,0,0,6,2,32,0,0
2022,3,,Detroit Lions,Minnesota Vikings,Jalen Reagor,MIN,Detroit Lions,away,28,24,WR,0,0.0,0,0,0,0,0,0,0,0,0,1,1,2,0,1
2022,3,,Detroit Lions,Minnesota Vikings,Johnny Mundt,MIN,Detroit Lions,away,28,24,TE,0,0.0,0,0,0,0,0,0,0,0,0,2,2,23,0,0
2022,3,,Detroit Lions,Minnesota Vikings,Justin Jefferson,MIN,Detroit Lions,away,28,24,WR,0,0.0,0,0,0,0,0,0,0,0,0,6,3,14,0,0
2022,3,,Detroit Lions,Minnesota Vikings,K.J. Osborn,MIN,Detroit Lions,away,28,24,WR,0,0.0,0,0,0,0,0,0,0,0,0,8,5,73,1,0
2022,3,,Detroit Lions,Minnesota Vikings,Kirk Cousins,MIN,Detroit Lions,away,28,24,QB,42,63.63636363636363,24,41,260,2,0,1,1,-1,0,0,0,0,0,0
2022,3,"68 degrees, relative humidity 70%, wind 7 mph",New Orleans Saints,Carolina Panthers,Adam Trautman,NOR,New Orleans Saints,away,22,14,TE,0,0.0,0,0,0,0,0,0,0,0,0,1,1,9,0,0
2022,3,"68 degrees, relative humidity 70%, wind 7 mph",New Orleans Saints,Carolina Panthers,Alvin Kamara,NOR,New Orleans Saints,away,22,14,RB,15,23.809523809523807,0,0,0,0,0,0,15,61,0,7,2,12,0,1
2022,3,"68 degrees, relative humidity 70%, wind 7 mph",New Orleans Saints,Carolina Panthers,Chris Olave,NOR,New Orleans Saints,away,22,14,WR,0,0.0,0,0,0,0,0,0,0,0,0,13,9,147,0,0
2022,3,"68 degrees, relative humidity 70%, wind 7 mph",New Orleans Saints,Carolina Panthers,Jameis Winston,NOR,New Orleans Saints,away,22,14,QB,43,68.25396825396825,25,41,353,1,2,1,2,5,0,0,0,0,0,2
2022,3,"68 degrees, relative humidity 70%, wind 7 mph",New Orleans Saints,Carolina Panthers,Jarvis Landry,NOR,New Orleans Saints,away,22,14,WR,0,0.0,0,0,0,0,0,0,0,0,0,5,2,22,0,0
2022,3,"68 degrees, relative humidity 70%, wind 7 mph",New Orleans Saints,Carolina Panthers,Juwan Johnson,NOR,New Orleans Saints,away,22,14,TE,0,0.0,0,0,0,0,0,0,0,0,0,1,0,0,0,0
2022,3,"68 degrees, relative humidity 70%, wind 7 mph",New Orleans Saints,Carolina Panthers,Mark Ingram,NOR,New Orleans Saints,away,22,14,RB,5,7.936507936507936,0,0,0,0,0,0,5,18,1,0,0,0,0,0
2022,3,"68 degrees, relative humidity 70%, wind 7 mph",New Orleans Saints,Carolina Panthers,Marquez Callaway,NOR,New Orleans Saints,away,22,14,WR,0,0.0,0,0,0,0,0,0,0,0,0,1,1,4,1,0
2022,3,"68 degrees, relative humidity 70%, wind 7 mph",New Orleans Saints,Carolina Panthers,Michael Thomas,NOR,New Orleans Saints,away,22,14,WR,0,0.0,0,0,0,0,0,0,0,0,0,5,5,49,0,0
2022,3,"68 degrees, relative humidity 70%, wind 7 mph",New Orleans Saints,Carolina Panthers,Nick Vannett,NOR,New Orleans Saints,away,22,14,TE,0,0.0,0,0,0,0,0,0,0,0,0,1,1,5,0,0
2022,3,"68 degrees, relative humidity 70%, wind 7 mph",New Orleans Saints,Carolina Panthers,Tre'Quan Smith,NOR,New Orleans Saints,away,22,14,WR,0,0.0,0,0,0,0,0,0,0,0,0,5,4,105,0,0
2022,3,"66 degrees, relative humidity 61%, wind 10 mph",New England Patriots,Baltimore Ravens,Damien Harris,NWE,New England Patriots,away,37,26,RB,11,18.333333333333332,0,0,0,0,0,0,11,41,1,3,2,5,0,0
2022,3,"66 degrees, relative humidity 61%, wind 10 mph",New England Patriots,Baltimore Ravens,DeVante Parker,NWE,New England Patriots,away,37,26,WR,0,0.0,0,0,0,0,0,0,0,0,0,10,5,156,0,0
2022,3,"66 degrees, relative humidity 61%, wind 10 mph",New England Patriots,Baltimore Ravens,Hunter Henry,NWE,New England Patriots,away,37,26,TE,0,0.0,0,0,0,0,0,0,0,0,0,1,1,8,0,0
2022,3,"66 degrees, relative humidity 61%, wind 10 mph",New England Patriots,Baltimore Ravens,Jonnu Smith,NWE,New England Patriots,away,37,26,TE,0,0.0,0,0,0,0,0,0,0,0,0,4,4,25,0,0
2022,3,"66 degrees, relative humidity 61%, wind 10 mph",New England Patriots,Baltimore Ravens,Kendrick Bourne,NWE,New England Patriots,away,37,26,WR,0,0.0,0,0,0,0,0,0,0,0,0,5,4,58,0,1
2022,3,"66 degrees, relative humidity 61%, wind 10 mph",New England Patriots,Baltimore Ravens,Lil'Jordan Humphrey,NWE,New England Patriots,away,37,26,WR,0,0.0,0,0,0,0,0,0,0,0,0,1,0,0,0,0
2022,3,"66 degrees, relative humidity 61%, wind 10 mph",New England Patriots,Baltimore Ravens,Mac Jones,NWE,New England Patriots,away,37,26,QB,37,61.66666666666667,22,32,321,0,3,3,5,31,1,0,0,0,0,0
2022,3,"66 degrees, relative humidity 61%, wind 10 mph",New England Patriots,Baltimore Ravens,Nelson Agholor,NWE,New England Patriots,away,37,26,WR,0,0.0,0,0,0,0,0,0,0,0,0,3,2,41,0,1
2022,3,"66 degrees, relative humidity 61%, wind 10 mph",New England Patriots,Baltimore Ravens,Rhamondre Stevenson,NWE,New England Patriots,away,37,26,RB,12,20.0,0,0,0,0,0,0,12,73,1,5,4,28,0,0
2022,3,"66 degrees, relative humidity 44%, wind 5 mph",New York Giants,Dallas Cowboys,Chris Myarick,NYG,New York Giants,away,23,16,TE,0,0.0,0,0,0,0,0,0,0,0,0,1,1,6,0,0
2022,3,"66 degrees, relative humidity 44%, wind 5 mph",New York Giants,Dallas Cowboys,Daniel Bellinger,NYG,New York Giants,away,23,16,TE,0,0.0,0,0,0,0,0,0,0,0,0,5,4,40,0,0
2022,3,"66 degrees, relative humidity 44%, wind 5 mph",New York Giants,Dallas Cowboys,Daniel Jones,NYG,New York Giants,away,23,16,QB,46,74.19354838709677,20,37,196,0,1,5,9,79,0,0,0,0,0,0
2022,3,"66 degrees, relative humidity 44%, wind 5 mph",New York Giants,Dallas Cowboys,David Sills,NYG,New York Giants,away,23,16,UNK,0,0.0,0,0,0,0,0,0,0,0,0,4,2,20,0,0
2022,3,"66 degrees, relative humidity 44%, wind 5 mph",New York Giants,Dallas Cowboys,Kenny Golladay,NYG,New York Giants,away,23,16,WR,0,0.0,0,0,0,0,0,0,0,0,0,3,0,0,0,0
2022,3,"66 degrees, relative humidity 44%, wind 5 mph",New York Giants,Dallas Cowboys,Matt Breida,NYG,New York Giants,away,23,16,RB,1,1.6129032258064515,0,0,0,0,0,0,1,3,0,0,0,0,0,0
2022,3,"66 degrees, relative humidity 44%, wind 5 mph",New York Giants,Dallas Cowboys,Richie James,NYG,New York Giants,away,23,16,WR,1,1.6129032258064515,0,0,0,0,0,0,1,4,0,5,4,36,0,0
2022,3,"66 degrees, relative humidity 44%, wind 5 mph",New York Giants,Dallas Cowboys,Saquon Barkley,NYG,New York Giants,away,23,16,RB,14,22.58064516129032,0,0,0,0,0,0,14,81,1,4,4,45,0,0
2022,3,"66 degrees, relative humidity 44%, wind 5 mph",New York Giants,Dallas Cowboys,Sterling Shepard,NYG,New York Giants,away,23,16,WR,0,0.0,0,0,0,0,0,0,0,0,0,10,5,49,0,0
2022,3,"66 degrees, relative humidity 62%, wind 8 mph",New York Jets,Cincinnati Bengals,Braxton Berrios,NYJ,New York Jets,away,27,12,WR,1,1.3888888888888888,0,0,0,0,0,0,1,-2,0,1,0,0,0,0
2022,3,"66 degrees, relative humidity 62%, wind 8 mph",New York Jets,Cincinnati Bengals,Breece Hall,NYJ,New York Jets,away,27,12,RB,8,11.11111111111111,0,0,0,0,0,0,8,39,0,11,6,53,0,0
2022,3,"66 degrees, relative humidity 62%, wind 8 mph",New York Jets,Cincinnati Bengals,C.J. Uzomah,NYJ,New York Jets,away,27,12,TE,0,0.0,0,0,0,0,0,0,0,0,0,1,1,5,0,0
2022,3,"66 degrees, relative humidity 62%, wind 8 mph",New York Jets,Cincinnati Bengals,Corey Davis,NYJ,New York Jets,away,27,12,WR,0,0.0,0,0,0,0,0,0,0,0,0,5,2,27,0,0
2022,3,"66 degrees, relative humidity 62%, wind 8 mph",New York Jets,Cincinnati Bengals,Elijah Moore,NYJ,New York Jets,away,27,12,WR,0,0.0,0,0,0,0,0,0,0,0,0,9,4,49,0,0
2022,3,"66 degrees, relative humidity 62%, wind 8 mph",New York Jets,Cincinnati Bengals,Garrett Wilson,NYJ,New York Jets,away,27,12,WR,0,0.0,0,0,0,0,0,0,0,0,0,11,6,60,0,0
2022,3,"66 degrees, relative humidity 62%, wind 8 mph",New York Jets,Cincinnati Bengals,Joe Flacco,NYJ,New York Jets,away,27,12,QB,52,72.22222222222221,28,52,285,0,2,4,0,0,0,0,0,0,0,3
2022,3,"66 degrees, relative humidity 62%, wind 8 mph",New York Jets,Cincinnati Bengals,Michael Carter,NYJ,New York Jets,away,27,12,RB,11,15.277777777777779,0,0,0,0,0,0,11,39,0,2,1,7,0,0
2022,3,"66 degrees, relative humidity 62%, wind 8 mph",New York Jets,Cincinnati Bengals,Tyler Conklin,NYJ,New York Jets,away,27,12,TE,0,0.0,0,0,0,0,0,0,0,0,0,8,8,84,0,0
2022,3,"72 degrees, relative humidity 60%, wind 9 mph",Washington Commanders,Philadelphia Eagles,A.J. Brown,PHI,Washington Commanders,away,24,8,WR,0,0.0,0,0,0,0,0,0,0,0,0,10,5,85,1,0
2022,3,"72 degrees, relative humidity 60%, wind 9 mph",Washington Commanders,Philadelphia Eagles,Boston Scott,PHI,Washington Commanders,away,24,8,RB,2,3.076923076923077,0,0,0,0,0,0,2,0,0,0,0,0,0,0
2022,3,"72 degrees, relative humidity 60%, wind 9 mph",Washington Commanders,Philadelphia Eagles,Dallas Goedert,PHI,Washington Commanders,away,24,8,TE,0,0.0,0,0,0,0,0,0,0,0,0,4,3,26,1,0
2022,3,"72 degrees, relative humidity 60%, wind 9 mph",Washington Commanders,Philadelphia Eagles,DeVonta Smith,PHI,Washington Commanders,away,24,8,WR,0,0.0,0,0,0,0,0,0,0,0,0,12,8,169,1,0
2022,3,"72 degrees, relative humidity 60%, wind 9 mph",Washington Commanders,Philadelphia Eagles,Grant Calcaterra,PHI,Washington Commanders,away,24,8,TE,0,0.0,0,0,0,0,0,0,0,0,0,1,1,40,0,0
2022,3,"72 degrees, relative humidity 60%, wind 9 mph",Washington Commanders,Philadelphia Eagles,Jack Stoll,PHI,Washington Commanders,away,24,8,TE,0,0.0,0,0,0,0,0,0,0,0,0,2,1,4,0,0
2022,3,"72 degrees, relative humidity 60%, wind 9 mph",Washington Commanders,Philadelphia Eagles,Jalen Hurts,PHI,Washington Commanders,away,24,8,QB,44,67.6923076923077,22,35,340,3,0,3,9,20,0,0,0,0,0,0
2022,3,"72 degrees, relative humidity 60%, wind 9 mph",Washington Commanders,Philadelphia Eagles,Kenneth Gainwell,PHI,Washington Commanders,away,24,8,RB,3,4.615384615384616,0,0,0,0,0,0,3,6,0,0,0,0,0,0
2022,3,"72 degrees, relative humidity 60%, wind 9 mph",Washington Commanders,Philadelphia Eagles,Miles Sanders,PHI,Washington Commanders,away,24,8,RB,15,23.076923076923077,0,0,0,0,0,0,15,46,0,1,1,-2,0,0
2022,3,"72 degrees, relative humidity 60%, wind 9 mph",Washington Commanders,Philadelphia Eagles,Quez Watkins,PHI,Washington Commanders,away,24,8,WR,0,0.0,0,0,0,0,0,0,0,0,0,1,0,0,0,0
2022,3,"72 degrees, relative humidity 60%, wind 9 mph",Washington Commanders,Philadelphia Eagles,Zach Pascal,PHI,Washington Commanders,away,24,8,WR,1,1.5384615384615385,0,0,0,0,0,0,1,0,0,3,3,18,0,0
2022,3,"60 degrees, relative humidity 54%, wind 21 mph",Pittsburgh Steelers,Cleveland Browns,Chase Claypool,PIT,Pittsburgh Steelers,away,29,17,WR,1,1.8518518518518516,0,0,0,0,0,0,1,11,0,6,3,35,0,0
2022,3,"60 degrees, relative humidity 54%, wind 21 mph",Pittsburgh Steelers,Cleveland Browns,Diontae Johnson,PIT,Pittsburgh Steelers,away,29,17,WR,0,0.0,0,0,0,0,0,0,0,0,0,11,8,84,0,0
2022,3,"60 degrees, relative humidity 54%, wind 21 mph",Pittsburgh Steelers,Cleveland Browns,George Pickens,PIT,Pittsburgh Steelers,away,29,17,WR,0,0.0,0,0,0,0,0,0,0,0,0,7,3,39,0,0
2022,3,"60 degrees, relative humidity 54%, wind 21 mph",Pittsburgh Steelers,Cleveland Browns,Jaylen Warren,PIT,Pittsburgh Steelers,away,29,17,RB,4,7.4074074074074066,0,0,0,0,0,0,4,30,0,1,1,3,0,1
2022,3,"60 degrees, relative humidity 54%, wind 21 mph",Pittsburgh Steelers,Cleveland Browns,Mitchell Trubisky,PIT,Pittsburgh Steelers,away,29,17,QB,34,62.96296296296296,20,32,207,0,0,1,2,7,1,0,0,0,0,0
2022,3,"60 degrees, relative humidity 54%, wind 21 mph",Pittsburgh Steelers,Cleveland Browns,Najee Harris,PIT,Pittsburgh Steelers,away,29,17,RB,15,27.77777777777778,0,0,0,0,0,0,15,56,1,3,3,5,0,1
2022,3,"60 degrees, relative humidity 54%, wind 21 mph",Pittsburgh Steelers,Cleveland Browns,Pat Freiermuth,PIT,Pittsburgh Steelers,away,29,17,TE,0,0.0,0,0,0,0,0,0,0,0,0,4,2,41,0,0
2022,3,"67 degrees, relative humidity 67%, wind 6 mph",Seattle Seahawks,Atlanta Falcons,Colby Parkinson,SEA,Seattle Seahawks,away,27,23,TE,0,0.0,0,0,0,0,0,0,0,0,0,2,2,44,0,0
2022,3,"67 degrees, relative humidity 67%, wind 6 mph",Seattle Seahawks,Atlanta Falcons,D.K. Metcalf,SEA,Seattle Seahawks,away,27,23,WR,0,0.0,0,0,0,0,0,0,0,0,0,12,5,64,1,0
2022,3,"67 degrees, relative humidity 67%, wind 6 mph",Seattle Seahawks,Atlanta Falcons,DeeJay Dallas,SEA,Seattle Seahawks,away,27,23,RB,3,4.477611940298507,0,0,0,0,0,0,3,21,0,2,2,17,0,0
2022,3,"67 degrees, relative humidity 67%, wind 6 mph",Seattle Seahawks,Atlanta Falcons,Geno Smith,SEA,Seattle Seahawks,away,27,23,QB,46,68.65671641791045,32,44,325,2,1,2,2,-1,0,0,0,0,0,0
2022,3,"67 degrees, relative humidity 67%, wind 6 mph",Seattle Seahawks,Atlanta Falcons,Kenneth Walker,SEA,Seattle Seahawks,away,27,23,UNK,3,4.477611940298507,0,0,0,0,0,0,3,19,0,3,3,14,0,0
2022,3,"67 degrees, relative humidity 67%, wind 6 mph",Seattle Seahawks,Atlanta Falcons,Marquise Goodwin,SEA,Seattle Seahawks,away,27,23,WR,0,0.0,0,0,0,0,0,0,0,0,0,5,2,31,0,0
2022,3,"67 degrees, relative humidity 67%, wind 6 mph",Seattle Seahawks,Atlanta Falcons,Noah Fant,SEA,Seattle Seahawks,away,27,23,TE,0,0.0,0,0,0,0,0,0,0,0,0,4,4,27,0,0
2022,3,"67 degrees, relative humidity 67%, wind 6 mph",Seattle Seahawks,Atlanta Falcons,Penny Hart,SEA,Seattle Seahawks,away,27,23,WR,0,0.0,0,0,0,0,0,0,0,0,0,1,1,15,0,0
2022,3,"67 degrees, relative humidity 67%, wind 6 mph",Seattle Seahawks,Atlanta Falcons,Rashaad Penny,SEA,Seattle Seahawks,away,27,23,RB,14,20.8955223880597,0,0,0,0,0,0,14,66,0,1,1,3,0,0
2022,3,"67 degrees, relative humidity 67%, wind 6 mph",Seattle Seahawks,Atlanta Falcons,Travis Homer,SEA,Seattle Seahawks,away,27,23,RB,1,1.4925373134328357,0,0,0,0,0,0,1,7,0,0,0,0,0,0
2022,3,"67 degrees, relative humidity 67%, wind 6 mph",Seattle Seahawks,Atlanta Falcons,Tyler Lockett,SEA,Seattle Seahawks,away,27,23,WR,0,0.0,0,0,0,0,0,0,0,0,0,11,9,76,0,0
2022,3,"67 degrees, relative humidity 67%, wind 6 mph",Seattle Seahawks,Atlanta Falcons,Will Dissly,SEA,Seattle Seahawks,away,27,23,TE,0,0.0,0,0,0,0,0,0,0,0,0,3,3,34,1,0
2022,3,"73 degrees, relative humidity 21%, wind 8 mph",San Francisco 49ers,Denver Broncos,Brandon Aiyuk,SFO,San Francisco 49ers,away,11,10,WR,0,0.0,0,0,0,0,0,0,0,0,0,8,3,39,1,0
2022,3,"73 degrees, relative humidity 21%, wind 8 mph",San Francisco 49ers,Denver Broncos,Deebo Samuel,SFO,San Francisco 49ers,away,11,10,WR,5,10.416666666666668,0,0,0,0,0,0,5,6,0,8,5,73,0,0
2022,3,"73 degrees, relative humidity 21%, wind 8 mph",San Francisco 49ers,Denver Broncos,George Kittle,SFO,San Francisco 49ers,away,11,10,TE,0,0.0,0,0,0,0,0,0,0,0,0,5,4,28,0,0
2022,3,"73 degrees, relative humidity 21%, wind 8 mph",San Francisco 49ers,Denver Broncos,Jauan Jennings,SFO,San Francisco 49ers,away,11,10,WR,0,0.0,0,0,0,0,0,0,0,0,0,3,1,5,0,0
2022,3,"73 degrees, relative humidity 21%, wind 8 mph",San Francisco 49ers,Denver Broncos,Jeff Wilson,SFO,San Francisco 49ers,away,11,10,RB,12,25.0,0,0,0,0,0,0,12,75,0,3,3,31,0,1
2022,3,"73 degrees, relative humidity 21%, wind 8 mph",San Francisco 49ers,Denver Broncos,Jimmy Garoppolo,SFO,San Francisco 49ers,away,11,10,QB,30,62.5,18,29,211,1,1,4,1,0,0,0,0,0,0,1
2022,3,"73 degrees, relative humidity 21%, wind 8 mph",San Francisco 49ers,Denver Broncos,Jordan Mason,SFO,San Francisco 49ers,away,11,10,RB,1,2.083333333333333,0,0,0,0,0,0,1,7,0,0,0,0,0,0
2022,3,"73 degrees, relative humidity 21%, wind 8 mph",San Francisco 49ers,Denver Broncos,Kyle Juszczyk,SFO,San Francisco 49ers,away,11,10,FB,0,0.0,0,0,0,0,0,0,0,0,0,1,1,24,0,0
2022,3,"73 degrees, relative humidity 21%, wind 8 mph",San Francisco 49ers,Denver Broncos,Ray-Ray McCloud,SFO,San Francisco 49ers,away,11,10,WR,0,0.0,0,0,0,0,0,0,0,0,0,1,1,11,0,1
2022,3,"88 degrees, relative humidity 58%, wind 5 mph",Tampa Bay Buccaneers,Green Bay Packers,Breshad Perriman,TAM,Tampa Bay Buccaneers,away,14,12,WR,1,1.7857142857142856,0,0,0,0,0,0,1,0,0,4,3,44,0,2
2022,3,"88 degrees, relative humidity 58%, wind 5 mph",Tampa Bay Buccaneers,Green Bay Packers,Cameron Brate,TAM,Tampa Bay Buccaneers,away,14,12,TE,0,0.0,0,0,0,0,0,0,0,0,0,6,5,52,0,0
2022,3,"88 degrees, relative humidity 58%, wind 5 mph",Tampa Bay Buccaneers,Green Bay Packers,Cole Beasley,TAM,Tampa Bay Buccaneers,away,14,12,WR,0,0.0,0,0,0,0,0,0,0,0,0,4,3,12,0,0
2022,3,"88 degrees, relative humidity 58%, wind 5 mph",Tampa Bay Buccaneers,Green Bay Packers,Jaelon Darden,TAM,Tampa Bay Buccaneers,away,14,12,WR,0,0.0,0,0,0,0,0,0,0,0,0,1,1,25,0,0
2022,3,"88 degrees, relative humidity 58%, wind 5 mph",Tampa Bay Buccaneers,Green Bay Packers,Kyle Rudolph,TAM,Tampa Bay Buccaneers,away,14,12,TE,0,0.0,0,0,0,0,0,0,0,0,0,1,1,12,0,0
2022,3,"88 degrees, relative humidity 58%, wind 5 mph",Tampa Bay Buccaneers,Green Bay Packers,Leonard Fournette,TAM,Tampa Bay Buccaneers,away,14,12,RB,12,21.428571428571427,0,0,0,0,0,0,12,35,0,6,5,35,0,0
2022,3,"88 degrees, relative humidity 58%, wind 5 mph",Tampa Bay Buccaneers,Green Bay Packers,Russell Gage,TAM,Tampa Bay Buccaneers,away,14,12,WR,0,0.0,0,0,0,0,0,0,0,0,0,13,12,87,1,1
2022,3,"88 degrees, relative humidity 58%, wind 5 mph",Tampa Bay Buccaneers,Green Bay Packers,Scott Miller,TAM,Tampa Bay Buccaneers,away,14,12,WR,0,0.0,0,0,0,0,0,0,0,0,0,5,1,4,0,0
2022,3,"88 degrees, relative humidity 58%, wind 5 mph",Tampa Bay Buccaneers,Green Bay Packers,Tom Brady,TAM,Tampa Bay Buccaneers,away,14,12,QB,43,76.78571428571429,31,42,271,1,0,3,1,-1,0,0,0,0,0,0
2022,3,"77 degrees, relative humidity 72%, wind 5 mph",Las Vegas Raiders,Tennessee Titans,Austin Hooper,TEN,Las Vegas Raiders,away,24,22,TE,0,0.0,0,0,0,0,0,0,0,0,0,2,2,19,0,0
2022,3,"77 degrees, relative humidity 72%, wind 5 mph",Las Vegas Raiders,Tennessee Titans,Derrick Henry,TEN,Las Vegas Raiders,away,24,22,RB,20,37.03703703703704,0,0,0,0,0,0,20,85,1,6,5,58,0,0
2022,3,"77 degrees, relative humidity 72%, wind 5 mph",Las Vegas Raiders,Tennessee Titans,Dontrell Hilliard,TEN,Las Vegas Raiders,away,24,22,RB,2,3.7037037037037033,0,0,0,0,0,0,2,14,0,1,1,30,0,0
2022,3,"77 degrees, relative humidity 72%, wind 5 mph",Las Vegas Raiders,Tennessee Titans,Geoff Swaim,TEN,Las Vegas Raiders,away,24,22,TE,0,0.0,0,0,0,0,0,0,0,0,0,3,3,19,1,0
2022,3,"77 degrees, relative humidity 72%, wind 5 mph",Las Vegas Raiders,Tennessee Titans,Nick Westbrook-Ikhine,TEN,Las Vegas Raiders,away,24,22,WR,0,0.0,0,0,0,0,0,0,0,0,0,3,3,40,0,0
2022,3,"77 degrees, relative humidity 72%, wind 5 mph",Las Vegas Raiders,Tennessee Titans,Robert Woods,TEN,Las Vegas Raiders,away,24,22,WR,0,0.0,0,0,0,0,0,0,0,0,0,9,4,85,0,0
2022,3,"77 degrees, relative humidity 72%, wind 5 mph",Las Vegas Raiders,Tennessee Titans,Ryan Tannehill,TEN,Las Vegas Raiders,away,24,22,QB,31,57.407407407407405,19,27,264,1,1,1,4,2,1,0,0,0,0,1
2022,3,"77 degrees, relative humidity 72%, wind 5 mph",Las Vegas Raiders,Tennessee Titans,Treylon Burks,TEN,Las Vegas Raiders,away,24,22,WR,1,1.8518518518518516,0,0,0,0,0,0,1,8,0,2,1,13,0,0
2022,3,"72 degrees, relative humidity 60%, wind 9 mph",Washington Commanders,Philadelphia Eagles,Antonio Gibson,WAS,Washington Commanders,away,24,8,RB,12,18.461538461538463,0,0,0,0,0,0,12,38,1,1,1,2,0,0
2022,3,"72 degrees, relative humidity 60%, wind 9 mph",Washington Commanders,Philadelphia Eagles,Carson Wentz,WAS,Washington Commanders,away,24,8,QB,46,70.76923076923077,25,43,211,0,0,9,3,22,0,0,0,0,0,2
2022,3,"72 degrees, relative humidity 60%, wind 9 mph",Washington Commanders,Philadelphia Eagles,Curtis Samuel,WAS,Washington Commanders,away,24,8,WR,3,4.615384615384616,0,0,0,0,0,0,3,13,0,10,7,48,0,0
2022,3,"72 degrees, relative humidity 60%, wind 9 mph",Washington Commanders,Philadelphia Eagles,Dax Milne,WAS,Washington Commanders,away,24,8,WR,0,0.0,0,0,0,0,0,0,0,0,0,1,1,12,0,0
2022,3,"72 degrees, relative humidity 60%, wind 9 mph",Washington Commanders,Philadelphia Eagles,J.D. McKissic,WAS,Washington Commanders,away,24,8,RB,3,4.615384615384616,0,0,0,0,0,0,3,8,0,9,6,32,0,0
2022,3,"72 degrees, relative humidity 60%, wind 9 mph",Washington Commanders,Philadelphia Eagles,Jahan Dotson,WAS,Washington Commanders,away,24,8,WR,0,0.0,0,0,0,0,0,0,0,0,0,8,2,10,0,0
2022,3,"72 degrees, relative humidity 60%, wind 9 mph",Washington Commanders,Philadelphia Eagles,John Bates,WAS,Washington Commanders,away,24,8,TE,0,0.0,0,0,0,0,0,0,0,0,0,1,0,0,0,0
2022,3,"72 degrees, relative humidity 60%, wind 9 mph",Washington Commanders,Philadelphia Eagles,Jonathan Williams,WAS,Washington Commanders,away,24,8,RB,1,1.5384615384615385,0,0,0,0,0,0,1,6,0,0,0,0,0,0
2022,3,"72 degrees, relative humidity 60%, wind 9 mph",Washington Commanders,Philadelphia Eagles,Logan Thomas,WAS,Washington Commanders,away,24,8,TE,0,0.0,0,0,0,0,0,0,0,0,0,3,2,5,0,0
2022,3,"72 degrees, relative humidity 60%, wind 9 mph",Washington Commanders,Philadelphia Eagles,Terry McLaurin,WAS,Washington Commanders,away,24,8,WR,0,0.0,0,0,0,0,0,0,0,0,0,9,6,102,0,0
2022,4,"66 degrees, relative humidity 59%, wind 15 mph",Carolina Panthers,Arizona Cardinals,Darrel Williams,ARI,Carolina Panthers,away,26,16,RB,4,5.797101449275362,0,0,0,0,0,0,4,19,0,1,0,0,0,0
2022,4,"66 degrees, relative humidity 59%, wind 15 mph",Carolina Panthers,Arizona Cardinals,Eno Benjamin,ARI,Carolina Panthers,away,26,16,RB,5,7.246376811594203,0,0,0,0,0,0,5,36,0,1,1,9,0,0
2022,4,"66 degrees, relative humidity 59%, wind 15 mph",Carolina Panthers,Arizona Cardinals,Greg Dortch,ARI,Carolina Panthers,away,26,16,WR,0,0.0,0,0,0,0,0,0,0,0,0,1,1,6,0,0
2022,4,"66 degrees, relative humidity 59%, wind 15 mph",Carolina Panthers,Arizona Cardinals,James Conner,ARI,Carolina Panthers,away,26,16,RB,15,21.73913043478261,0,0,0,0,0,0,15,55,0,3,3,22,0,0
2022,4,"66 degrees, relative humidity 59%, wind 15 mph",Carolina Panthers,Arizona Cardinals,Kyler Murray,ARI,Carolina Panthers,away,26,16,QB,44,63.76811594202898,23,32,207,2,1,1,12,26,1,0,0,0,0,1
2022,4,"66 degrees, relative humidity 59%, wind 15 mph",Carolina Panthers,Arizona Cardinals,Marquise Brown,ARI,Carolina Panthers,away,26,16,WR,0,0.0,0,0,0,0,0,0,0,0,0,11,6,88,1,0
2022,4,"66 degrees, relative humidity 59%, wind 15 mph",Carolina Panthers,Arizona Cardinals,Rondale Moore,ARI,Carolina Panthers,away,26,16,WR,1,1.4492753623188406,0,0,0,0,0,0,1,-4,0,5,3,11,0,0
2022,4,"66 degrees, relative humidity 59%, wind 15 mph",Carolina Panthers,Arizona Cardinals,Trey McBride,ARI,Carolina Panthers,away,26,16,TE,0,0.0,0,0,0,0,0,0,0,0,0,3,3,24,0,0
2022,4,"66 degrees, relative humidity 59%, wind 15 mph",Carolina Panthers,Arizona Cardinals,Zach Ertz,ARI,Carolina Panthers,away,26,16,TE,0,0.0,0,0,0,0,0,0,0,0,0,6,6,47,1,0
2022,4,,Cleveland Browns,Atlanta Falcons,Avery Williams,ATL,Cleveland Browns,away,23,20,RB,1,1.8518518518518516,0,0,0,0,0,0,1,21,0,0,0,0,0,0
2022,4,,Cleveland Browns,Atlanta Falcons,Caleb Huntley,ATL,Cleveland Browns,away,23,20,RB,10,18.51851851851852,0,0,0,0,0,0,10,56,1,0,0,0,0,0
2022,4,,Cleveland Browns,Atlanta Falcons,Cordarrelle Patterson,ATL,Cleveland Browns,away,23,20,RB,9,16.666666666666664,0,0,0,0,0,0,9,38,1,0,0,0,0,0
2022,4,,Cleveland Browns,Atlanta Falcons,Damiere Byrd,ATL,Cleveland Browns,away,23,20,WR,0,0.0,0,0,0,0,0,0,0,0,0,1,0,0,0,0
2022,4,,Cleveland Browns,Atlanta Falcons,Drake London,ATL,Cleveland Browns,away,23,20,WR,0,0.0,0,0,0,0,0,0,0,0,0,7,2,17,0,0
2022,4,,Cleveland Browns,Atlanta Falcons,Keith Smith,ATL,Cleveland Browns,away,23,20,FB,0,0.0,0,0,0,0,0,0,0,0,0,1,0,0,0,0
2022,4,,Cleveland Browns,Atlanta Falcons,KhaDarel Hodge,ATL,Cleveland Browns,away,23,20,WR,0,0.0,0,0,0,0,0,0,0,0,0,1,0,0,0,0
2022,4,,Cleveland Browns,Atlanta Falcons,Kyle Pitts,ATL,Cleveland Browns,away,23,20,TE,0,0.0,0,0,0,0,0,0,0,0,0,4,1,25,0,0
2022,4,,Cleveland Browns,Atlanta Falcons,Marcus Mariota,ATL,Cleveland Browns,away,23,20,QB,24,44.44444444444444,7,19,139,0,1,1,5,3,0,0,0,0,0,1
2022,4,,Cleveland Browns,Atlanta Falcons,Olamide Zaccheaus,ATL,Cleveland Browns,away,23,20,WR,0,0.0,0,0,0,0,0,0,0,0,0,2,2,55,0,0
2022,4,,Cleveland Browns,Atlanta Falcons,Parker Hesse,ATL,Cleveland Browns,away,23,20,TE,0,0.0,0,0,0,0,0,0,0,0,0,1,1,22,0,0
2022,4,,Cleveland Browns,Atlanta Falcons,Tyler Allgeier,ATL,Cleveland Browns,away,23,20,RB,10,18.51851851851852,0,0,0,0,0,0,10,84,0,1,1,20,0,0
2022,4,"58 degrees, relative humidity 78%, wind 2 mph",Baltimore Ravens,Buffalo Bills,Demarcus Robinson,BAL,Baltimore Ravens,away,23,20,WR,0,0.0,0,0,0,0,0,0,0,0,0,3,2,10,0,0
2022,4,"58 degrees, relative humidity 78%, wind 2 mph",Baltimore Ravens,Buffalo Bills,Devin Duvernay,BAL,Baltimore Ravens,away,23,20,WR,0,0.0,0,0,0,0,0,0,0,0,0,5,4,51,0,0
2022,4,"58 degrees, relative humidity 78%, wind 2 mph",Baltimore Ravens,Buffalo Bills,J.K. Dobbins,BAL,Baltimore Ravens,away,23,20,RB,13,20.967741935483872,0,0,0,0,0,0,13,41,1,4,4,22,1,0
2022,4,"58 degrees, relative humidity 78%, wind 2 mph",Baltimore Ravens,Buffalo Bills,Justice Hill,BAL,Baltimore Ravens,away,23,20,RB,8,12.903225806451612,0,0,0,0,0,0,8,45,0,2,2,12,0,0
2022,4,"58 degrees, relative humidity 78%, wind 2 mph",Baltimore Ravens,Buffalo Bills,Lamar Jackson,BAL,Baltimore Ravens,away,23,20,QB,40,64.51612903225806,20,29,144,1,2,2,11,73,0,0,0,0,0,0
2022,4,"58 degrees, relative humidity 78%, wind 2 mph",Baltimore Ravens,Buffalo Bills,Mark Andrews,BAL,Baltimore Ravens,away,23,20,TE,0,0.0,0,0,0,0,0,0,0,0,0,5,2,15,0,0
2022,4,"58 degrees, relative humidity 78%, wind 2 mph",Baltimore Ravens,Buffalo Bills,Patrick Ricard,BAL,Baltimore Ravens,away,23,20,FB,1,1.6129032258064515,0,0,0,0,0,0,1,3,0,3,3,17,0,0
2022,4,"58 degrees, relative humidity 78%, wind 2 mph",Baltimore Ravens,Buffalo Bills,Rashod Bateman,BAL,Baltimore Ravens,away,23,20,WR,0,0.0,0,0,0,0,0,0,0,0,0,6,3,17,0,0
2022,4,"58 degrees, relative humidity 78%, wind 2 mph",Baltimore Ravens,Buffalo Bills,Dawson Knox,BUF,Baltimore Ravens,away,23,20,TE,0,0.0,0,0,0,0,0,0,0,0,0,6,3,40,0,0
2022,4,"58 degrees, relative humidity 78%, wind 2 mph",Baltimore Ravens,Buffalo Bills,Devin Singletary,BUF,Baltimore Ravens,away,23,20,RB,11,18.0327868852459,0,0,0,0,0,0,11,49,0,5,4,47,0,1
2022,4,"58 degrees, relative humidity 78%, wind 2 mph",Baltimore Ravens,Buffalo Bills,Gabriel Davis,BUF,Baltimore Ravens,away,23,20,WR,0,0.0,0,0,0,0,0,0,0,0,0,3,1,13,0,0
2022,4,"58 degrees, relative humidity 78%, wind 2 mph",Baltimore Ravens,Buffalo Bills,Isaiah McKenzie,BUF,Baltimore Ravens,away,23,20,WR,0,0.0,0,0,0,0,0,0,0,0,0,6,4,21,1,0
2022,4,"58 degrees, relative humidity 78%, wind 2 mph",Baltimore Ravens,Buffalo Bills,James Cook,BUF,Baltimore Ravens,away,23,20,RB,0,0.0,0,0,0,0,0,0,0,0,0,1,0,0,0,0
2022,4,"58 degrees, relative humidity 78%, wind 2 mph",Baltimore Ravens,Buffalo Bills,Jamison Crowder,BUF,Baltimore Ravens,away,23,20,WR,0,0.0,0,0,0,0,0,0,0,0,0,4,1,7,0,0
2022,4,"58 degrees, relative humidity 78%, wind 2 mph",Baltimore Ravens,Buffalo Bills,Josh Allen,BUF,Baltimore Ravens,away,23,20,QB,47,77.04918032786885,19,36,213,1,1,1,11,70,1,0,0,0,0,1
2022,4,"58 degrees, relative humidity 78%, wind 2 mph",Baltimore Ravens,Buffalo Bills,Khalil Shakir,BUF,Baltimore Ravens,away,23,20,WR,0,0.0,0,0,0,0,0,0,0,0,0,2,2,23,0,0
2022,4,"58 degrees, relative humidity 78%, wind 2 mph",Baltimore Ravens,Buffalo Bills,Quintin Morris,BUF,Baltimore Ravens,away,23,20,TE,0,0.0,0,0,0,0,0,0,0,0,0,1,0,0,0,0
2022,4,"58 degrees, relative humidity 78%, wind 2 mph",Baltimore Ravens,Buffalo Bills,Stefon Diggs,BUF,Baltimore Ravens,away,23,20,WR,0,0.0,0,0,0,0,0,0,0,0,0,6,4,62,0,0
2022,4,"58 degrees, relative humidity 78%, wind 2 mph",Baltimore Ravens,Buffalo Bills,Zack Moss,BUF,Baltimore Ravens,away,23,20,RB,3,4.918032786885246,0,0,0,0,0,0,3,6,0,0,0,0,0,0
2022,4,"66 degrees, relative humidity 59%, wind 15 mph",Carolina Panthers,Arizona Cardinals,Baker Mayfield,CAR,Carolina Panthers,away,26,16,QB,38,77.55102040816327,22,36,197,1,2,2,2,0,0,0,0,0,0,1
2022,4,"66 degrees, relative humidity 59%, wind 15 mph",Carolina Panthers,Arizona Cardinals,Christian McCaffrey,CAR,Carolina Panthers,away,26,16,RB,8,16.3265306122449,0,0,0,0,0,0,8,27,0,9,9,81,1,0
2022,4,"66 degrees, relative humidity 59%, wind 15 mph",Carolina Panthers,Arizona Cardinals,D'Onta Foreman,CAR,Carolina Panthers,away,26,16,RB,1,2.0408163265306123,0,0,0,0,0,0,1,2,0,0,0,0,0,0
2022,4,"66 degrees, relative humidity 59%, wind 15 mph",Carolina Panthers,Arizona Cardinals,D.J. Moore,CAR,Carolina Panthers,away,26,16,WR,1,2.0408163265306123,0,0,0,0,0,0,1,11,0,11,6,50,0,0
2022,4,"66 degrees, relative humidity 59%, wind 15 mph",Carolina Panthers,Arizona Cardinals,Ian Thomas,CAR,Carolina Panthers,away,26,16,TE,0,0.0,0,0,0,0,0,0,0,0,0,3,1,6,0,0
2022,4,"66 degrees, relative humidity 59%, wind 15 mph",Carolina Panthers,Arizona Cardinals,Laviska Shenault Jr.,CAR,Carolina Panthers,away,26,16,WR,1,2.0408163265306123,0,0,0,0,0,0,1,0,0,0,0,0,0,0
2022,4,"66 degrees, relative humidity 59%, wind 15 mph",Carolina Panthers,Arizona Cardinals,Robbie Chosen,CAR,Carolina Panthers,away,26,16,WR,0,0.0,0,0,0,0,0,0,0,0,0,5,3,26,0,0
2022,4,"66 degrees, relative humidity 59%, wind 15 mph",Carolina Panthers,Arizona Cardinals,Shi Smith,CAR,Carolina Panthers,away,26,16,WR,0,0.0,0,0,0,0,0,0,0,0,0,2,0,0,0,1
2022,4,"66 degrees, relative humidity 59%, wind 15 mph",Carolina Panthers,Arizona Cardinals,Tommy Tremble,CAR,Carolina Panthers,away,26,16,TE,0,0.0,0,0,0,0,0,0,0,0,0,6,3,34,0,0
2022,4,"59 degrees, relative humidity 63%, wind 15 mph",Chicago Bears,New York Giants,Cole Kmet,CHI,Chicago Bears,away,20,12,TE,0,0.0,0,0,0,0,0,0,0,0,0,3,3,16,0,0
2022,4,"59 degrees, relative humidity 63%, wind 15 mph",Chicago Bears,New York Giants,Dante Pettis,CHI,Chicago Bears,away,20,12,WR,0,0.0,0,0,0,0,0,0,0,0,0,3,0,0,0,0
2022,4,"59 degrees, relative humidity 63%, wind 15 mph",Chicago Bears,New York Giants,Darnell Mooney,CHI,Chicago Bears,away,20,12,WR,0,0.0,0,0,0,0,0,0,0,0,0,5,4,94,0,0
2022,4,"59 degrees, relative humidity 63%, wind 15 mph",Chicago Bears,New York Giants,Equanimeous St. Brown,CHI,Chicago Bears,away,20,12,WR,0,0.0,0,0,0,0,0,0,0,0,0,2,0,9,0,1
2022,4,"59 degrees, relative humidity 63%, wind 15 mph",Chicago Bears,New York Giants,Ihmir Smith-Marsette,CHI,Chicago Bears,away,20,12,WR,0,0.0,0,0,0,0,0,0,0,0,0,1,0,0,0,0
2022,4,"59 degrees, relative humidity 63%, wind 15 mph",Chicago Bears,New York Giants,Justin Fields,CHI,Chicago Bears,away,20,12,QB,29,53.70370370370371,11,22,174,0,0,6,7,52,0,0,0,0,0,1
2022,4,"59 degrees, relative humidity 63%, wind 15 mph",Chicago Bears,New York Giants,Khalil Herbert,CHI,Chicago Bears,away,20,12,RB,19,35.18518518518518,0,0,0,0,0,0,19,77,0,1,1,24,0,0
2022,4,"59 degrees, relative humidity 63%, wind 15 mph",Chicago Bears,New York Giants,Trestan Ebner,CHI,Chicago Bears,away,20,12,RB,6,11.11111111111111,0,0,0,0,0,0,6,20,0,3,2,8,0,2
2022,4,"59 degrees, relative humidity 63%, wind 15 mph",Chicago Bears,New York Giants,Trevon Wesco,CHI,Chicago Bears,away,20,12,TE,0,0.0,0,0,0,0,0,0,0,0,0,2,1,23,0,0
2022,4,"63 degrees, relative humidity 54%, wind 12 mph",Miami Dolphins,Cincinnati Bengals,Chris Evans,CIN,Miami Dolphins,away,27,15,RB,0,0.0,0,0,0,0,0,0,0,0,0,1,0,0,0,0
2022,4,"63 degrees, relative humidity 54%, wind 12 mph",Miami Dolphins,Cincinnati Bengals,Devin Asiasi,CIN,Miami Dolphins,away,27,15,TE,0,0.0,0,0,0,0,0,0,0,0,0,1,0,0,0,0
2022,4,"63 degrees, relative humidity 54%, wind 12 mph",Miami Dolphins,Cincinnati Bengals,Hayden Hurst,CIN,Miami Dolphins,away,27,15,TE,0,0.0,0,0,0,0,0,0,0,0,0,4,3,27,1,0
2022,4,"63 degrees, relative humidity 54%, wind 12 mph",Miami Dolphins,Cincinnati Bengals,Ja'Marr Chase,CIN,Miami Dolphins,away,27,15,WR,0,0.0,0,0,0,0,0,0,0,0,0,6,4,81,0,0
2022,4,"63 degrees, relative humidity 54%, wind 12 mph",Miami Dolphins,Cincinnati Bengals,Joe Burrow,CIN,Miami Dolphins,away,27,15,QB,36,58.06451612903226,20,31,287,2,0,1,5,6,0,0,0,0,0,0
2022,4,"63 degrees, relative humidity 54%, wind 12 mph",Miami Dolphins,Cincinnati Bengals,Joe Mixon,CIN,Miami Dolphins,away,27,15,RB,24,38.70967741935484,0,0,0,0,0,0,24,61,1,4,4,13,0,0
2022,4,"63 degrees, relative humidity 54%, wind 12 mph",Miami Dolphins,Cincinnati Bengals,Mitchell Wilcox,CIN,Miami Dolphins,away,27,15,TE,0,0.0,0,0,0,0,0,0,0,0,0,1,1,18,0,0
2022,4,"63 degrees, relative humidity 54%, wind 12 mph",Miami Dolphins,Cincinnati Bengals,Samaje Perine,CIN,Miami Dolphins,away,27,15,RB,1,1.6129032258064515,0,0,0,0,0,0,1,0,0,1,0,0,0,0
2022,4,"63 degrees, relative humidity 54%, wind 12 mph",Miami Dolphins,Cincinnati Bengals,Tee Higgins,CIN,Miami Dolphins,away,27,15,WR,0,0.0,0,0,0,0,0,0,0,0,0,9,7,124,1,0
2022,4,"63 degrees, relative humidity 54%, wind 12 mph",Miami Dolphins,Cincinnati Bengals,Tyler Boyd,CIN,Miami Dolphins,away,27,15,WR,1,1.6129032258064515,1,1,23,0,0,0,0,0,0,5,2,47,0,0
2022,4,,Cleveland Browns,Atlanta Falcons,Amari Cooper,CLE,Cleveland Browns,away,23,20,WR,0,0.0,0,0,0,0,0,0,0,0,0,4,1,9,0,0
2022,4,,Cleveland Browns,Atlanta Falcons,David Bell,CLE,Cleveland Browns,away,23,20,WR,0,0.0,0,0,0,0,0,0,0,0,0,3,2,35,0,0
2022,4,,Cleveland Browns,Atlanta Falcons,David Njoku,CLE,Cleveland Browns,away,23,20,TE,1,1.4285714285714286,0,0,0,0,0,0,1,-6,0,7,5,73,0,1
2022,4,,Cleveland Browns,Atlanta Falcons,Donovan Peoples-Jones,CLE,Cleveland Browns,away,23,20,WR,0,0.0,0,0,0,0,0,0,0,0,0,9,5,71,0,0
2022,4,,Cleveland Browns,Atlanta Falcons,Harrison Bryant,CLE,Cleveland Browns,away,23,20,TE,0,0.0,0,0,0,0,0,0,0,0,0,6,4,18,0,0
2022,4,,Cleveland Browns,Atlanta Falcons,Jacoby Brissett,CLE,Cleveland Browns,away,23,20,QB,40,57.14285714285714,21,35,234,0,1,1,5,16,1,0,0,0,0,0
2022,4,,Cleveland Browns,Atlanta Falcons,Kareem Hunt,CLE,Cleveland Browns,away,23,20,RB,10,14.285714285714285,0,0,0,0,0,0,10,49,0,3,2,19,0,0
2022,4,,Cleveland Browns,Atlanta Falcons,Nick Chubb,CLE,Cleveland Browns,away,23,20,RB,19,27.142857142857142,0,0,0,0,0,0,19,118,1,3,2,9,0,0
2022,4,,Washington Commanders,Dallas Cowboys,CeeDee Lamb,DAL,Washington Commanders,away,25,10,WR,0,0.0,0,0,0,0,0,0,0,0,0,8,6,97,1,0
2022,4,,Washington Commanders,Dallas Cowboys,Cooper Rush,DAL,Washington Commanders,away,25,10,QB,29,51.78571428571429,15,27,223,2,0,1,2,7,0,0,0,0,0,0
2022,4,,Washington Commanders,Dallas Cowboys,Dalton Schultz,DAL,Washington Commanders,away,25,10,TE,0,0.0,0,0,0,0,0,0,0,0,0,3,0,0,0,0
2022,4,,Washington Commanders,Dallas Cowboys,Ezekiel Elliott,DAL,Washington Commanders,away,25,10,RB,19,33.92857142857143,0,0,0,0,0,0,19,49,0,2,2,32,0,0
2022,4,,Washington Commanders,Dallas Cowboys,Jake Ferguson,DAL,Washington Commanders,away,25,10,TE,0,0.0,0,0,0,0,0,0,0,0,0,1,1,7,0,0
2022,4,,Washington Commanders,Dallas Cowboys,Michael Gallup,DAL,Washington Commanders,away,25,10,WR,0,0.0,0,0,0,0,0,0,0,0,0,3,2,24,1,0
2022,4,,Washington Commanders,Dallas Cowboys,Noah Brown,DAL,Washington Commanders,away,25,10,WR,0,0.0,0,0,0,0,0,0,0,0,0,6,3,61,0,0
2022,4,,Washington Commanders,Dallas Cowboys,Tony Pollard,DAL,Washington Commanders,away,25,10,RB,8,14.285714285714285,0,0,0,0,0,0,8,6,0,3,1,2,0,0
2022,4,,Denver Broncos,Las Vegas Raiders,Courtland Sutton,DEN,Denver Broncos,away,32,23,WR,0,0.0,0,0,0,0,0,0,0,0,0,7,5,52,1,0
2022,4,,Denver Broncos,Las Vegas Raiders,Eric Saubert,DEN,Denver Broncos,away,32,23,TE,0,0.0,0,0,0,0,0,0,0,0,0,2,1,25,0,0
2022,4,,Denver Broncos,Las Vegas Raiders,Javonte Williams,DEN,Denver Broncos,away,32,23,RB,10,22.22222222222222,0,0,0,0,0,0,10,28,0,1,1,-1,0,0
2022,4,,Denver Broncos,Las Vegas Raiders,Jerry Jeudy,DEN,Denver Broncos,away,32,23,WR,0,0.0,0,0,0,0,0,0,0,0,0,5,4,53,1,0
2022,4,,Denver Broncos,Las Vegas Raiders,KJ Hamler,DEN,Denver Broncos,away,32,23,WR,0,0.0,0,0,0,0,0,0,0,0,0,1,1,55,0,0
2022,4,,Denver Broncos,Las Vegas Raiders,Kendall Hinton,DEN,Denver Broncos,away,32,23,WR,0,0.0,0,0,0,0,0,0,0,0,0,3,2,39,0,0
2022,4,,Denver Broncos,Las Vegas Raiders,Melvin Gordon,DEN,Denver Broncos,away,32,23,RB,3,6.666666666666667,0,0,0,0,0,0,3,8,0,1,0,0,0,1
2022,4,,Denver Broncos,Las Vegas Raiders,Mike Boone,DEN,Denver Broncos,away,32,23,RB,3,6.666666666666667,0,0,0,0,0,0,3,20,0,3,1,9,0,0
2022,4,,Denver Broncos,Las Vegas Raiders,Montrell Washington,DEN,Denver Broncos,away,32,23,WR,0,0.0,0,0,0,0,0,0,0,0,0,1,1,4,0,0
2022,4,,Denver Broncos,Las Vegas Raiders,Russell Wilson,DEN,Denver Broncos,away,32,23,QB,29,64.44444444444444,17,25,237,2,0,3,4,29,1,1,1,1,0,0
2022,4,,Detroit Lions,Seattle Seahawks,Craig Reynolds,DET,Detroit Lions,away,48,45,RB,2,3.076923076923077,0,0,0,0,0,0,2,30,0,1,1,12,0,0
2022,4,,Detroit Lions,Seattle Seahawks,Jack Fox,DET,Detroit Lions,away,48,45,P,1,1.5384615384615385,1,1,6,0,0,0,0,0,0,0,0,0,0,0
2022,4,,Detroit Lions,Seattle Seahawks,Jamaal Williams,DET,Detroit Lions,away,48,45,RB,19,29.230769230769234,0,0,0,0,0,0,19,108,2,3,1,1,0,0
2022,4,,Detroit Lions,Seattle Seahawks,Jared Goff,DET,Detroit Lions,away,48,45,QB,40,61.53846153846154,26,39,378,4,1,1,1,1,0,0,0,0,0,0
2022,4,,Detroit Lions,Seattle Seahawks,Josh Reynolds,DET,Detroit Lions,away,48,45,WR,0,0.0,0,0,0,0,0,0,0,0,0,8,7,81,1,0
2022,4,,Detroit Lions,Seattle Seahawks,Justin Jackson,DET,Detroit Lions,away,48,45,RB,2,3.076923076923077,0,0,0,0,0,0,2,3,0,2,2,4,1,0
2022,4,,Detroit Lions,Seattle Seahawks,Kalif Raymond,DET,Detroit Lions,away,48,45,WR,1,1.5384615384615385,0,0,0,0,0,0,1,3,0,5,3,38,0,1
2022,4,,Detroit Lions,Seattle Seahawks,Quintez Cephus,DET,Detroit Lions,away,48,45,WR,0,0.0,0,0,0,0,0,0,0,0,0,3,2,15,0,0
2022,4,,Detroit Lions,Seattle Seahawks,T.J. Hockenson,DET,Detroit Lions,away,48,45,TE,0,0.0,0,0,0,0,0,0,0,0,0,12,8,179,2,0
2022,4,,Detroit Lions,Seattle Seahawks,Tom Kennedy,DET,Detroit Lions,away,48,45,WR,0,0.0,0,0,0,0,0,0,0,0,0,5,3,54,0,0
2022,4,"66 degrees, relative humidity 59%, wind 9 mph",New England Patriots,Green Bay Packers,AJ Dillon,GNB,New England Patriots,away,27,24,RB,17,24.285714285714285,0,0,0,0,0,0,17,73,0,2,1,11,0,0
2022,4,"66 degrees, relative humidity 59%, wind 9 mph",New England Patriots,Green Bay Packers,Aaron Jones,GNB,New England Patriots,away,27,24,RB,16,22.857142857142858,0,0,0,0,0,0,16,110,0,4,3,5,0,0
2022,4,"66 degrees, relative humidity 59%, wind 9 mph",New England Patriots,Green Bay Packers,Aaron Rodgers,GNB,New England Patriots,away,27,24,QB,36,51.42857142857142,21,35,251,2,1,1,1,1,0,0,0,0,0,0
2022,4,"66 degrees, relative humidity 59%, wind 9 mph",New England Patriots,Green Bay Packers,Allen Lazard,GNB,New England Patriots,away,27,24,WR,0,0.0,0,0,0,0,0,0,0,0,0,8,6,116,0,0
2022,4,"66 degrees, relative humidity 59%, wind 9 mph",New England Patriots,Green Bay Packers,Christian Watson,GNB,New England Patriots,away,27,24,WR,1,1.4285714285714286,0,0,0,0,0,0,1,15,1,3,1,8,0,0
2022,4,"66 degrees, relative humidity 59%, wind 9 mph",New England Patriots,Green Bay Packers,Josiah Deguara,GNB,New England Patriots,away,27,24,TE,0,0.0,0,0,0,0,0,0,0,0,0,1,0,0,0,0
2022,4,"66 degrees, relative humidity 59%, wind 9 mph",New England Patriots,Green Bay Packers,Randall Cobb,GNB,New England Patriots,away,27,24,WR,0,0.0,0,0,0,0,0,0,0,0,0,4,3,42,0,1
2022,4,"66 degrees, relative humidity 59%, wind 9 mph",New England Patriots,Green Bay Packers,Robert Tonyan,GNB,New England Patriots,away,27,24,TE,0,0.0,0,0,0,0,0,0,0,0,0,2,2,22,1,0
2022,4,"66 degrees, relative humidity 59%, wind 9 mph",New England Patriots,Green Bay Packers,Romeo Doubs,GNB,New England Patriots,away,27,24,WR,0,0.0,0,0,0,0,0,0,0,0,0,8,5,47,1,1
2022,4,,Houston Texans,Los Angeles Chargers,Brandin Cooks,HOU,Houston Texans,away,34,24,WR,0,0.0,0,0,0,0,0,0,0,0,0,7,7,57,1,0
2022,4,,Houston Texans,Los Angeles Chargers,Chris Moore,HOU,Houston Texans,away,34,24,WR,0,0.0,0,0,0,0,0,0,0,0,0,2,0,0,0,0
2022,4,,Houston Texans,Los Angeles Chargers,Dameon Pierce,HOU,Houston Texans,away,34,24,RB,14,28.57142857142857,0,0,0,0,0,0,14,131,1,6,6,8,0,0
2022,4,,Houston Texans,Los Angeles Chargers,Davis Mills,HOU,Houston Texans,away,34,24,QB,35,71.42857142857143,26,35,246,2,2,4,0,0,0,0,0,0,0,1
2022,4,,Houston Texans,Los Angeles Chargers,Jordan Akins,HOU,Houston Texans,away,34,24,TE,0,0.0,0,0,0,0,0,0,0,0,0,2,2,33,0,0
2022,4,,Houston Texans,Los Angeles Chargers,Mason Schreck,HOU,Houston Texans,away,34,24,TE,0,0.0,0,0,0,0,0,0,0,0,0,1,1,0,0,0
2022,4,,Houston Texans,Los Angeles Chargers,Nico Collins,HOU,Houston Texans,away,34,24,WR,0,0.0,0,0,0,0,0,0,0,0,0,5,3,82,0,0
2022,4,,Houston Texans,Los Angeles Chargers,O.J. Howard,HOU,Houston Texans,away,34,24,TE,0,0.0,0,0,0,0,0,0,0,0,0,5,2,27,0,0
2022,4,,Houston Texans,Los Angeles Chargers,Phillip Dorsett,HOU,Houston Texans,away,34,24,WR,0,0.0,0,0,0,0,0,0,0,0,0,2,0,0,0,0
2022,4,,Houston Texans,Los Angeles Chargers,Rex Burkhead,HOU,Houston Texans,away,34,24,RB,0,0.0,0,0,0,0,0,0,0,0,0,5,5,39,1,0
2022,4,,Indianapolis Colts,Tennessee Titans,Alec Pierce,IND,Indianapolis Colts,away,24,17,WR,0,0.0,0,0,0,0,0,0,0,0,0,6,4,80,0,0
2022,4,,Indianapolis Colts,Tennessee Titans,Ashton Dulin,IND,Indianapolis Colts,away,24,17,WR,0,0.0,0,0,0,0,0,0,0,0,0,3,2,18,0,0
2022,4,,Indianapolis Colts,Tennessee Titans,Jelani Woods,IND,Indianapolis Colts,away,24,17,TE,0,0.0,0,0,0,0,0,0,0,0,0,1,1,33,0,0
2022,4,,Indianapolis Colts,Tennessee Titans,Jonathan Taylor,IND,Indianapolis Colts,away,24,17,RB,20,33.33333333333333,0,0,0,0,0,0,20,42,0,3,1,1,0,1
2022,4,,Indianapolis Colts,Tennessee Titans,Kylen Granson,IND,Indianapolis Colts,away,24,17,TE,0,0.0,0,0,0,0,0,0,0,0,0,4,4,62,0,0
2022,4,,Indianapolis Colts,Tennessee Titans,Matt Ryan,IND,Indianapolis Colts,away,24,17,QB,39,65.0,27,37,356,2,1,3,2,-4,0,0,0,0,0,2
2022,4,,Indianapolis Colts,Tennessee Titans,Michael Pittman Jr.,IND,Indianapolis Colts,away,24,17,WR,0,0.0,0,0,0,0,0,0,0,0,0,6,3,31,0,0
2022,4,,Indianapolis Colts,Tennessee Titans,Mike Strachan,IND,Indianapolis Colts,away,24,17,WR,0,0.0,0,0,0,0,0,0,0,0,0,1,0,0,0,0
2022,4,,Indianapolis Colts,Tennessee Titans,Mo Alie-Cox,IND,Indianapolis Colts,away,24,17,TE,0,0.0,0,0,0,0,0,0,0,0,0,6,6,85,2,0
2022,4,,Indianapolis Colts,Tennessee Titans,Nyheim Hines,IND,Indianapolis Colts,away,24,17,RB,1,1.6666666666666667,0,0,0,0,0,0,1,0,0,2,2,3,0,0
2022,4,,Indianapolis Colts,Tennessee Titans,Parris Campbell,IND,Indianapolis Colts,away,24,17,WR,0,0.0,0,0,0,0,0,0,0,0,0,4,4,43,0,0
2022,4,"57 degrees, relative humidity 93%, wind 11 mph",Jacksonville Jaguars,Philadelphia Eagles,Chris Manhertz,JAX,Jacksonville Jaguars,away,29,21,TE,0,0.0,0,0,0,0,0,0,0,0,0,1,1,0,0,0
2022,4,"57 degrees, relative humidity 93%, wind 11 mph",Jacksonville Jaguars,Philadelphia Eagles,Christian Kirk,JAX,Jacksonville Jaguars,away,29,21,WR,1,2.380952380952381,0,0,0,0,0,0,1,3,0,9,2,60,0,0
2022,4,"57 degrees, relative humidity 93%, wind 11 mph",Jacksonville Jaguars,Philadelphia Eagles,Dan Arnold,JAX,Jacksonville Jaguars,away,29,21,TE,0,0.0,0,0,0,0,0,0,0,0,0,1,1,26,0,0
2022,4,"57 degrees, relative humidity 93%, wind 11 mph",Jacksonville Jaguars,Philadelphia Eagles,Evan Engram,JAX,Jacksonville Jaguars,away,29,21,TE,0,0.0,0,0,0,0,0,0,0,0,0,1,1,16,0,0
2022,4,"57 degrees, relative humidity 93%, wind 11 mph",Jacksonville Jaguars,Philadelphia Eagles,Jamal Agnew,JAX,Jacksonville Jaguars,away,29,21,WR,0,0.0,0,0,0,0,0,0,0,0,0,6,4,50,2,0
2022,4,"57 degrees, relative humidity 93%, wind 11 mph",Jacksonville Jaguars,Philadelphia Eagles,James Robinson,JAX,Jacksonville Jaguars,away,29,21,RB,8,19.047619047619047,0,0,0,0,0,0,8,29,0,0,0,0,0,1
2022,4,"57 degrees, relative humidity 93%, wind 11 mph",Jacksonville Jaguars,Philadelphia Eagles,Jamycal Hasty,JAX,Jacksonville Jaguars,away,29,21,RB,0,0.0,0,0,0,0,0,0,0,0,0,2,2,22,0,0
2022,4,"57 degrees, relative humidity 93%, wind 11 mph",Jacksonville Jaguars,Philadelphia Eagles,Marvin Jones,JAX,Jacksonville Jaguars,away,29,21,WR,0,0.0,0,0,0,0,0,0,0,0,0,1,0,0,0,0
2022,4,"57 degrees, relative humidity 93%, wind 11 mph",Jacksonville Jaguars,Philadelphia Eagles,Tim Jones,JAX,Jacksonville Jaguars,away,29,21,WR,0,0.0,0,0,0,0,0,0,0,0,0,1,0,0,0,0
2022,4,"57 degrees, relative humidity 93%, wind 11 mph",Jacksonville Jaguars,Philadelphia Eagles,Travis Etienne,JAX,Jacksonville Jaguars,away,29,21,RB,8,19.047619047619047,0,0,0,0,0,0,8,32,0,1,0,0,0,0
2022,4,"57 degrees, relative humidity 93%, wind 11 mph",Jacksonville Jaguars,Philadelphia Eagles,Trevor Lawrence,JAX,Jacksonville Jaguars,away,29,21,QB,25,59.523809523809526,11,23,174,2,1,4,2,7,0,0,0,0,0,4
2022,4,"75 degrees, relative humidity 64%, wind 2 mph",Tampa Bay Buccaneers,Kansas City Chiefs,Clyde Edwards-Helaire,KAN,Tampa Bay Buccaneers,away,41,31,RB,19,25.675675675675674,0,0,0,0,0,0,19,92,1,2,1,2,1,0
2022,4,"75 degrees, relative humidity 64%, wind 2 mph",Tampa Bay Buccaneers,Kansas City Chiefs,Isiah Pacheco,KAN,Tampa Bay Buccaneers,away,41,31,RB,11,14.864864864864865,0,0,0,0,0,0,11,63,0,0,0,0,0,0
2022,4,"75 degrees, relative humidity 64%, wind 2 mph",Tampa Bay Buccaneers,Kansas City Chiefs,Jerick McKinnon,KAN,Tampa Bay Buccaneers,away,41,31,RB,2,2.7027027027027026,0,0,0,0,0,0,2,-1,0,1,1,1,0,0
2022,4,"75 degrees, relative humidity 64%, wind 2 mph",Tampa Bay Buccaneers,Kansas City Chiefs,Jody Fortson,KAN,Tampa Bay Buccaneers,away,41,31,TE,0,0.0,0,0,0,0,0,0,0,0,0,1,1,10,1,0
2022,4,"75 degrees, relative humidity 64%, wind 2 mph",Tampa Bay Buccaneers,Kansas City Chiefs,JuJu Smith-Schuster,KAN,Tampa Bay Buccaneers,away,41,31,WR,0,0.0,0,0,0,0,0,0,0,0,0,8,5,46,0,0
2022,4,"75 degrees, relative humidity 64%, wind 2 mph",Tampa Bay Buccaneers,Kansas City Chiefs,Justin Watson,KAN,Tampa Bay Buccaneers,away,41,31,WR,0,0.0,0,0,0,0,0,0,0,0,0,1,0,0,0,0
2022,4,"75 degrees, relative humidity 64%, wind 2 mph",Tampa Bay Buccaneers,Kansas City Chiefs,Marquez Valdes-Scantling,KAN,Tampa Bay Buccaneers,away,41,31,WR,0,0.0,0,0,0,0,0,0,0,0,0,5,3,63,0,0
2022,4,"75 degrees, relative humidity 64%, wind 2 mph",Tampa Bay Buccaneers,Kansas City Chiefs,Mecole Hardman,KAN,Tampa Bay Buccaneers,away,41,31,WR,0,0.0,0,0,0,0,0,0,0,0,0,1,1,4,0,0
2022,4,"75 degrees, relative humidity 64%, wind 2 mph",Tampa Bay Buccaneers,Kansas City Chiefs,Noah Gray,KAN,Tampa Bay Buccaneers,away,41,31,TE,1,1.3513513513513513,0,0,0,0,0,0,1,1,1,1,0,0,0,0
2022,4,"75 degrees, relative humidity 64%, wind 2 mph",Tampa Bay Buccaneers,Kansas City Chiefs,Patrick Mahomes,KAN,Tampa Bay Buccaneers,away,41,31,QB,41,55.4054054054054,23,37,249,3,1,3,4,34,0,0,0,0,0,0
2022,4,"75 degrees, relative humidity 64%, wind 2 mph",Tampa Bay Buccaneers,Kansas City Chiefs,Skyy Moore,KAN,Tampa Bay Buccaneers,away,41,31,WR,0,0.0,0,0,0,0,0,0,0,0,0,4,2,31,0,0
2022,4,"75 degrees, relative humidity 64%, wind 2 mph",Tampa Bay Buccaneers,Kansas City Chiefs,Travis Kelce,KAN,Tampa Bay Buccaneers,away,41,31,TE,0,0.0,0,0,0,0,0,0,0,0,0,10,9,92,1,0
2022,4,,Houston Texans,Los Angeles Chargers,Austin Ekeler,LAC,Houston Texans,away,34,24,RB,13,19.696969696969695,0,0,0,0,0,0,13,60,2,7,6,49,1,1
2022,4,,Houston Texans,Los Angeles Chargers,DeAndre Carter,LAC,Houston Texans,away,34,24,WR,0,0.0,0,0,0,0,0,0,0,0,0,3,2,16,0,1
2022,4,,Houston Texans,Los Angeles Chargers,Gerald Everett,LAC,Houston Texans,away,34,24,TE,0,0.0,0,0,0,0,0,0,0,0,0,6,5,61,1,0
2022,4,,Houston Texans,Los Angeles Chargers,Josh Palmer,LAC,Houston Texans,away,34,24,WR,0,0.0,0,0,0,0,0,0,0,0,0,1,1,25,0,0
2022,4,,Houston Texans,Los Angeles Chargers,Joshua Kelley,LAC,Houston Texans,away,34,24,RB,4,6.0606060606060606,0,0,0,0,0,0,4,15,0,2,0,0,0,0
2022,4,,Houston Texans,Los Angeles Chargers,Justin Herbert,LAC,Houston Texans,away,34,24,QB,43,65.15151515151516,27,39,340,2,0,1,4,-5,0,0,0,0,0,0
2022,4,,Houston Texans,Los Angeles Chargers,Michael Bandy,LAC,Houston Texans,away,34,24,WR,0,0.0,0,0,0,0,0,0,0,0,0,2,2,49,0,0
2022,4,,Houston Texans,Los Angeles Chargers,Mike Williams,LAC,Houston Texans,away,34,24,WR,0,0.0,0,0,0,0,0,0,0,0,0,11,7,120,0,0
2022,4,,Houston Texans,Los Angeles Chargers,Sony Michel,LAC,Houston Texans,away,34,24,RB,6,9.090909090909092,0,0,0,0,0,0,6,11,0,3,3,16,0,0
2022,4,,Houston Texans,Los Angeles Chargers,Tre' McKitty,LAC,Houston Texans,away,34,24,TE,0,0.0,0,0,0,0,0,0,0,0,0,1,1,4,0,0
2022,4,,Houston Texans,Los Angeles Chargers,Zander Horvath,LAC,Houston Texans,away,34,24,RB,0,0.0,0,0,0,0,0,0,0,0,0,1,0,0,0,0
2022,4,"73 degrees, relative humidity 53%, wind 13 mph",Los Angeles Rams,San Francisco 49ers,Allen Robinson,LAR,Los Angeles Rams,away,24,9,WR,0,0.0,0,0,0,0,0,0,0,0,0,6,2,7,0,0
2022,4,"73 degrees, relative humidity 53%, wind 13 mph",Los Angeles Rams,San Francisco 49ers,Ben Skowronek,LAR,Los Angeles Rams,away,24,9,WR,0,0.0,0,0,0,0,0,0,0,0,0,3,2,33,0,0
2022,4,"73 degrees, relative humidity 53%, wind 13 mph",Los Angeles Rams,San Francisco 49ers,Brandon Powell,LAR,Los Angeles Rams,away,24,9,WR,1,1.5151515151515151,0,0,0,0,0,0,1,11,0,0,0,0,0,0
2022,4,"73 degrees, relative humidity 53%, wind 13 mph",Los Angeles Rams,San Francisco 49ers,Cam Akers,LAR,Los Angeles Rams,away,24,9,RB,8,12.121212121212121,0,0,0,0,0,0,8,13,0,1,0,0,0,0
2022,4,"73 degrees, relative humidity 53%, wind 13 mph",Los Angeles Rams,San Francisco 49ers,Cooper Kupp,LAR,Los Angeles Rams,away,24,9,WR,0,0.0,0,0,0,0,0,0,0,0,0,19,14,122,0,0
2022,4,"73 degrees, relative humidity 53%, wind 13 mph",Los Angeles Rams,San Francisco 49ers,Darrell Henderson,LAR,Los Angeles Rams,away,24,9,RB,7,10.606060606060606,0,0,0,0,0,0,7,27,0,4,3,12,0,0
2022,4,"73 degrees, relative humidity 53%, wind 13 mph",Los Angeles Rams,San Francisco 49ers,Kendall Blanton,LAR,Los Angeles Rams,away,24,9,TE,0,0.0,0,0,0,0,0,0,0,0,0,1,1,7,0,0
2022,4,"73 degrees, relative humidity 53%, wind 13 mph",Los Angeles Rams,San Francisco 49ers,Matthew Stafford,LAR,Los Angeles Rams,away,24,9,QB,50,75.75757575757575,32,48,254,0,1,7,2,6,0,0,0,0,0,1
2022,4,"73 degrees, relative humidity 53%, wind 13 mph",Los Angeles Rams,San Francisco 49ers,Tyler Higbee,LAR,Los Angeles Rams,away,24,9,TE,0,0.0,0,0,0,0,0,0,0,0,0,14,10,73,0,0
2022,4,,Denver Broncos,Las Vegas Raiders,Brandon Bolden,LVR,Denver Broncos,away,32,23,RB,0,0.0,0,0,0,0,0,0,0,0,0,1,1,-1,0,0
2022,4,,Denver Broncos,Las Vegas Raiders,Darren Waller,LVR,Denver Broncos,away,32,23,TE,0,0.0,0,0,0,0,0,0,0,0,0,5,3,24,0,0
2022,4,,Denver Broncos,Las Vegas Raiders,Davante Adams,LVR,Denver Broncos,away,32,23,WR,1,1.3888888888888888,0,0,0,0,0,0,1,4,0,13,9,101,0,0
2022,4,,Denver Broncos,Las Vegas Raiders,Derek Carr,LVR,Denver Broncos,away,32,23,QB,41,56.94444444444444,21,34,188,0,0,2,7,40,0,0,0,0,0,0
2022,4,,Denver Broncos,Las Vegas Raiders,Josh Jacobs,LVR,Denver Broncos,away,32,23,RB,28,38.88888888888889,0,0,0,0,0,0,28,144,2,6,5,31,0,0
2022,4,,Denver Broncos,Las Vegas Raiders,Mack Hollins,LVR,Denver Broncos,away,32,23,WR,0,0.0,0,0,0,0,0,0,0,0,0,5,3,33,0,0
2022,4,,Denver Broncos,Las Vegas Raiders,Zamir White,LVR,Denver Broncos,away,32,23,RB,2,2.7777777777777777,0,0,0,0,0,0,2,24,0,0,0,0,0,0
2022,4,"63 degrees, relative humidity 54%, wind 12 mph",Miami Dolphins,Cincinnati Bengals,Chase Edmonds,MIA,Miami Dolphins,away,27,15,RB,5,8.47457627118644,0,0,0,0,0,0,5,6,0,3,2,14,1,0
2022,4,"63 degrees, relative humidity 54%, wind 12 mph",Miami Dolphins,Cincinnati Bengals,Jaylen Waddle,MIA,Miami Dolphins,away,27,15,WR,0,0.0,0,0,0,0,0,0,0,0,0,5,2,39,0,0
2022,4,"63 degrees, relative humidity 54%, wind 12 mph",Miami Dolphins,Cincinnati Bengals,Mike Gesicki,MIA,Miami Dolphins,away,27,15,TE,0,0.0,0,0,0,0,0,0,0,0,0,4,2,23,0,0
2022,4,"63 degrees, relative humidity 54%, wind 12 mph",Miami Dolphins,Cincinnati Bengals,Raheem Mostert,MIA,Miami Dolphins,away,27,15,RB,15,25.423728813559322,0,0,0,0,0,0,15,69,0,3,2,12,0,0
2022,4,"63 degrees, relative humidity 54%, wind 12 mph",Miami Dolphins,Cincinnati Bengals,River Cracraft,MIA,Miami Dolphins,away,27,15,WR,0,0.0,0,0,0,0,0,0,0,0,0,1,0,0,0,0
2022,4,"63 degrees, relative humidity 54%, wind 12 mph",Miami Dolphins,Cincinnati Bengals,Teddy Bridgewater,MIA,Miami Dolphins,away,27,15,QB,24,40.67796610169492,14,23,193,1,1,0,1,11,0,0,0,0,0,0
2022,4,"63 degrees, relative humidity 54%, wind 12 mph",Miami Dolphins,Cincinnati Bengals,Trent Sherfield,MIA,Miami Dolphins,away,27,15,WR,0,0.0,0,0,0,0,0,0,0,0,0,6,4,55,0,0
2022,4,"63 degrees, relative humidity 54%, wind 12 mph",Miami Dolphins,Cincinnati Bengals,Tua Tagovailoa,MIA,Miami Dolphins,away,27,15,QB,14,23.728813559322035,8,14,110,0,1,1,0,0,0,0,0,0,0,0
2022,4,"63 degrees, relative humidity 54%, wind 12 mph",Miami Dolphins,Cincinnati Bengals,Tyreek Hill,MIA,Miami Dolphins,away,27,15,WR,1,1.694915254237288,0,0,0,0,0,0,1,-1,0,14,10,160,0,0
2022,4,"64 degrees, relative humidity 49%, wind 8 mph",New Orleans Saints,Minnesota Vikings,Adam Thielen,MIN,New Orleans Saints,away,28,25,WR,0,0.0,0,0,0,0,0,0,0,0,0,9,8,72,0,0
2022,4,"64 degrees, relative humidity 49%, wind 8 mph",New Orleans Saints,Minnesota Vikings,Alexander Mattison,MIN,New Orleans Saints,away,28,25,RB,3,4.6875,0,0,0,0,0,0,3,3,0,1,1,15,1,0
2022,4,"64 degrees, relative humidity 49%, wind 8 mph",New Orleans Saints,Minnesota Vikings,C.J. Ham,MIN,New Orleans Saints,away,28,25,FB,0,0.0,0,0,0,0,0,0,0,0,0,1,0,0,0,0
2022,4,"64 degrees, relative humidity 49%, wind 8 mph",New Orleans Saints,Minnesota Vikings,Dalvin Cook,MIN,New Orleans Saints,away,28,25,RB,20,31.25,0,0,0,0,0,0,20,76,0,2,2,10,0,0
2022,4,"64 degrees, relative humidity 49%, wind 8 mph",New Orleans Saints,Minnesota Vikings,Irv Smith Jr.,MIN,New Orleans Saints,away,28,25,TE,0,0.0,0,0,0,0,0,0,0,0,0,4,3,23,0,0
2022,4,"64 degrees, relative humidity 49%, wind 8 mph",New Orleans Saints,Minnesota Vikings,Jalen Nailor,MIN,New Orleans Saints,away,28,25,WR,0,0.0,0,0,0,0,0,0,0,0,0,1,1,13,0,0
2022,4,"64 degrees, relative humidity 49%, wind 8 mph",New Orleans Saints,Minnesota Vikings,Jalen Reagor,MIN,New Orleans Saints,away,28,25,WR,0,0.0,0,0,0,0,0,0,0,0,0,1,0,0,0,0
2022,4,"64 degrees, relative humidity 49%, wind 8 mph",New Orleans Saints,Minnesota Vikings,Johnny Mundt,MIN,New Orleans Saints,away,28,25,TE,0,0.0,0,0,0,0,0,0,0,0,0,1,0,0,0,0
2022,4,"64 degrees, relative humidity 49%, wind 8 mph",New Orleans Saints,Minnesota Vikings,Justin Jefferson,MIN,New Orleans Saints,away,28,25,WR,1,1.5625,0,0,0,0,0,0,1,3,1,13,10,147,0,0
2022,4,"64 degrees, relative humidity 49%, wind 8 mph",New Orleans Saints,Minnesota Vikings,K.J. Osborn,MIN,New Orleans Saints,away,28,25,WR,1,1.5625,0,0,0,0,0,0,1,-1,0,2,1,6,0,0
2022,4,"64 degrees, relative humidity 49%, wind 8 mph",New Orleans Saints,Minnesota Vikings,Kirk Cousins,MIN,New Orleans Saints,away,28,25,QB,38,59.375,25,38,273,1,1,3,0,0,0,0,0,0,0,0
2022,4,"64 degrees, relative humidity 49%, wind 8 mph",New Orleans Saints,Minnesota Vikings,Ryan Wright,MIN,New Orleans Saints,away,28,25,P,1,1.5625,1,1,13,0,0,0,0,0,0,0,0,0,0,0
2022,4,"64 degrees, relative humidity 49%, wind 8 mph",New Orleans Saints,Minnesota Vikings,Adam Trautman,NOR,New Orleans Saints,away,28,25,TE,0,0.0,0,0,0,0,0,0,0,0,0,3,3,37,0,0
2022,4,"64 degrees, relative humidity 49%, wind 8 mph",New Orleans Saints,Minnesota Vikings,Andy Dalton,NOR,New Orleans Saints,away,28,25,QB,29,52.72727272727272,20,28,236,1,0,2,1,3,0,0,0,0,0,1
2022,4,"64 degrees, relative humidity 49%, wind 8 mph",New Orleans Saints,Minnesota Vikings,Chris Olave,NOR,New Orleans Saints,away,28,25,WR,0,0.0,0,0,0,0,0,0,0,0,0,7,4,67,1,0
2022,4,"64 degrees, relative humidity 49%, wind 8 mph",New Orleans Saints,Minnesota Vikings,Jarvis Landry,NOR,New Orleans Saints,away,28,25,WR,0,0.0,0,0,0,0,0,0,0,0,0,2,2,7,0,0
2022,4,"64 degrees, relative humidity 49%, wind 8 mph",New Orleans Saints,Minnesota Vikings,Juwan Johnson,NOR,New Orleans Saints,away,28,25,TE,0,0.0,0,0,0,0,0,0,0,0,0,4,3,33,0,0
2022,4,"64 degrees, relative humidity 49%, wind 8 mph",New Orleans Saints,Minnesota Vikings,Latavius Murray,NOR,New Orleans Saints,away,28,25,RB,11,20.0,0,0,0,0,0,0,11,57,1,1,1,8,0,0
2022,4,"64 degrees, relative humidity 49%, wind 8 mph",New Orleans Saints,Minnesota Vikings,Mark Ingram,NOR,New Orleans Saints,away,28,25,RB,10,18.181818181818183,0,0,0,0,0,0,10,30,0,3,3,13,0,0
2022,4,"64 degrees, relative humidity 49%, wind 8 mph",New Orleans Saints,Minnesota Vikings,Marquez Callaway,NOR,New Orleans Saints,away,28,25,WR,0,0.0,0,0,0,0,0,0,0,0,0,6,3,53,0,0
2022,4,"64 degrees, relative humidity 49%, wind 8 mph",New Orleans Saints,Minnesota Vikings,Taysom Hill,NOR,New Orleans Saints,away,28,25,QB,5,9.090909090909092,0,0,0,0,0,0,5,21,1,0,0,0,0,0
2022,4,"64 degrees, relative humidity 49%, wind 8 mph",New Orleans Saints,Minnesota Vikings,Tre'Quan Smith,NOR,New Orleans Saints,away,28,25,WR,0,0.0,0,0,0,0,0,0,0,0,0,2,1,18,0,0
2022,4,"66 degrees, relative humidity 59%, wind 9 mph",New England Patriots,Green Bay Packers,Bailey Zappe,NWE,New England Patriots,away,27,24,QB,15,27.77777777777778,10,15,99,1,0,3,0,0,0,0,0,0,0,1
2022,4,"66 degrees, relative humidity 59%, wind 9 mph",New England Patriots,Green Bay Packers,Brian Hoyer,NWE,New England Patriots,away,27,24,QB,6,11.11111111111111,5,6,37,0,0,1,0,0,0,0,0,0,0,0
2022,4,"66 degrees, relative humidity 59%, wind 9 mph",New England Patriots,Green Bay Packers,Damien Harris,NWE,New England Patriots,away,27,24,RB,18,33.33333333333333,0,0,0,0,0,0,18,86,1,1,1,-2,0,0
2022,4,"66 degrees, relative humidity 59%, wind 9 mph",New England Patriots,Green Bay Packers,DeVante Parker,NWE,New England Patriots,away,27,24,WR,0,0.0,0,0,0,0,0,0,0,0,0,2,2,24,1,0
2022,4,"66 degrees, relative humidity 59%, wind 9 mph",New England Patriots,Green Bay Packers,Hunter Henry,NWE,New England Patriots,away,27,24,TE,0,0.0,0,0,0,0,0,0,0,0,0,4,2,13,0,0
2022,4,"66 degrees, relative humidity 59%, wind 9 mph",New England Patriots,Green Bay Packers,Kendrick Bourne,NWE,New England Patriots,away,27,24,WR,1,1.8518518518518516,0,0,0,0,0,0,1,15,0,3,2,23,0,0
2022,4,"66 degrees, relative humidity 59%, wind 9 mph",New England Patriots,Green Bay Packers,Lil'Jordan Humphrey,NWE,New England Patriots,away,27,24,WR,0,0.0,0,0,0,0,0,0,0,0,0,1,1,9,0,0
2022,4,"66 degrees, relative humidity 59%, wind 9 mph",New England Patriots,Green Bay Packers,Nelson Agholor,NWE,New England Patriots,away,27,24,WR,0,0.0,0,0,0,0,0,0,0,0,0,4,3,46,0,0
2022,4,"66 degrees, relative humidity 59%, wind 9 mph",New England Patriots,Green Bay Packers,Rhamondre Stevenson,NWE,New England Patriots,away,27,24,RB,14,25.925925925925924,0,0,0,0,0,0,14,66,0,5,4,23,0,0
2022,4,"59 degrees, relative humidity 63%, wind 15 mph",Chicago Bears,New York Giants,Daniel Bellinger,NYG,Chicago Bears,away,20,12,TE,0,0.0,0,0,0,0,0,0,0,0,0,3,3,23,0,0
2022,4,"59 degrees, relative humidity 63%, wind 15 mph",Chicago Bears,New York Giants,Daniel Jones,NYG,Chicago Bears,away,20,12,QB,19,31.666666666666664,8,13,71,0,0,1,6,68,2,0,0,0,0,0
2022,4,"59 degrees, relative humidity 63%, wind 15 mph",Chicago Bears,New York Giants,Darius Slayton,NYG,Chicago Bears,away,20,12,WR,0,0.0,0,0,0,0,0,0,0,0,0,2,1,11,0,0
2022,4,"59 degrees, relative humidity 63%, wind 15 mph",Chicago Bears,New York Giants,David Sills,NYG,Chicago Bears,away,20,12,UNK,0,0.0,0,0,0,0,0,0,0,0,0,2,1,5,0,0
2022,4,"59 degrees, relative humidity 63%, wind 15 mph",Chicago Bears,New York Giants,Gary Brightwell,NYG,Chicago Bears,away,20,12,RB,1,1.6666666666666667,0,0,0,0,0,0,1,0,0,0,0,0,0,0
2022,4,"59 degrees, relative humidity 63%, wind 15 mph",Chicago Bears,New York Giants,Kenny Golladay,NYG,Chicago Bears,away,20,12,WR,0,0.0,0,0,0,0,0,0,0,0,0,1,0,0,0,0
2022,4,"59 degrees, relative humidity 63%, wind 15 mph",Chicago Bears,New York Giants,Matt Breida,NYG,Chicago Bears,away,20,12,RB,3,5.0,0,0,0,0,0,0,3,18,0,0,0,0,0,0
2022,4,"59 degrees, relative humidity 63%, wind 15 mph",Chicago Bears,New York Giants,Richie James,NYG,Chicago Bears,away,20,12,WR,0,0.0,0,0,0,0,0,0,0,0,0,3,1,9,0,1
2022,4,"59 degrees, relative humidity 63%, wind 15 mph",Chicago Bears,New York Giants,Saquon Barkley,NYG,Chicago Bears,away,20,12,RB,31,51.66666666666667,0,0,0,0,0,0,31,146,0,2,2,16,0,0
2022,4,"59 degrees, relative humidity 63%, wind 15 mph",Chicago Bears,New York Giants,Tanner Hudson,NYG,Chicago Bears,away,20,12,TE,0,0.0,0,0,0,0,0,0,0,0,0,2,1,18,0,0
2022,4,"59 degrees, relative humidity 63%, wind 15 mph",Chicago Bears,New York Giants,Tyrod Taylor,NYG,Chicago Bears,away,20,12,QB,6,10.0,1,3,11,0,1,0,3,30,0,0,0,0,0,1
2022,4,"57 degrees, relative humidity 77%, wind 7 mph",Pittsburgh Steelers,New York Jets,Braxton Berrios,NYJ,Pittsburgh Steelers,away,24,20,WR,1,1.5151515151515151,1,1,2,1,0,0,0,0,0,1,1,6,0,0
2022,4,"57 degrees, relative humidity 77%, wind 7 mph",Pittsburgh Steelers,New York Jets,Breece Hall,NYJ,Pittsburgh Steelers,away,24,20,RB,17,25.757575757575758,0,0,0,0,0,0,17,66,1,6,2,12,0,0
2022,4,"57 degrees, relative humidity 77%, wind 7 mph",Pittsburgh Steelers,New York Jets,Corey Davis,NYJ,Pittsburgh Steelers,away,24,20,WR,0,0.0,0,0,0,0,0,0,0,0,0,6,5,74,1,0
2022,4,"57 degrees, relative humidity 77%, wind 7 mph",Pittsburgh Steelers,New York Jets,Elijah Moore,NYJ,Pittsburgh Steelers,away,24,20,WR,1,1.5151515151515151,0,0,0,0,0,0,1,2,0,4,3,53,0,0
2022,4,"57 degrees, relative humidity 77%, wind 7 mph",Pittsburgh Steelers,New York Jets,Garrett Wilson,NYJ,Pittsburgh Steelers,away,24,20,WR,0,0.0,0,0,0,0,0,0,0,0,0,6,2,41,0,0
2022,4,"57 degrees, relative humidity 77%, wind 7 mph",Pittsburgh Steelers,New York Jets,Jeff Smith,NYJ,Pittsburgh Steelers,away,24,20,WR,0,0.0,0,0,0,0,0,0,0,0,0,1,0,0,0,0
2022,4,"57 degrees, relative humidity 77%, wind 7 mph",Pittsburgh Steelers,New York Jets,Michael Carter,NYJ,Pittsburgh Steelers,away,24,20,RB,9,13.636363636363635,0,0,0,0,0,0,9,15,0,3,2,14,0,1
2022,4,"57 degrees, relative humidity 77%, wind 7 mph",Pittsburgh Steelers,New York Jets,Tyler Conklin,NYJ,Pittsburgh Steelers,away,24,20,TE,0,0.0,0,0,0,0,0,0,0,0,0,5,3,52,0,0
2022,4,"57 degrees, relative humidity 77%, wind 7 mph",Pittsburgh Steelers,New York Jets,Zach Wilson,NYJ,Pittsburgh Steelers,away,24,20,QB,38,57.57575757575758,18,36,252,1,2,1,2,15,0,1,1,2,1,0
2022,4,"57 degrees, relative humidity 93%, wind 11 mph",Jacksonville Jaguars,Philadelphia Eagles,A.J. Brown,PHI,Jacksonville Jaguars,away,29,21,WR,0,0.0,0,0,0,0,0,0,0,0,0,7,5,95,0,0
2022,4,"57 degrees, relative humidity 93%, wind 11 mph",Jacksonville Jaguars,Philadelphia Eagles,Dallas Goedert,PHI,Jacksonville Jaguars,away,29,21,TE,0,0.0,0,0,0,0,0,0,0,0,0,6,5,72,0,0
2022,4,"57 degrees, relative humidity 93%, wind 11 mph",Jacksonville Jaguars,Philadelphia Eagles,DeVonta Smith,PHI,Jacksonville Jaguars,away,29,21,WR,0,0.0,0,0,0,0,0,0,0,0,0,4,3,17,0,0
2022,4,"57 degrees, relative humidity 93%, wind 11 mph",Jacksonville Jaguars,Philadelphia Eagles,Jalen Hurts,PHI,Jacksonville Jaguars,away,29,21,QB,41,54.666666666666664,16,25,204,0,1,2,16,38,1,0,0,0,0,1
2022,4,"57 degrees, relative humidity 93%, wind 11 mph",Jacksonville Jaguars,Philadelphia Eagles,Kenneth Gainwell,PHI,Jacksonville Jaguars,away,29,21,RB,5,6.666666666666667,0,0,0,0,0,0,5,19,1,2,1,-2,0,0
2022,4,"57 degrees, relative humidity 93%, wind 11 mph",Jacksonville Jaguars,Philadelphia Eagles,Miles Sanders,PHI,Jacksonville Jaguars,away,29,21,RB,27,36.0,0,0,0,0,0,0,27,134,2,3,2,22,0,0
2022,4,"57 degrees, relative humidity 93%, wind 11 mph",Jacksonville Jaguars,Philadelphia Eagles,Quez Watkins,PHI,Jacksonville Jaguars,away,29,21,WR,0,0.0,0,0,0,0,0,0,0,0,0,1,0,0,0,0
2022,4,"57 degrees, relative humidity 93%, wind 11 mph",Jacksonville Jaguars,Philadelphia Eagles,Trey Sermon,PHI,Jacksonville Jaguars,away,29,21,RB,2,2.666666666666667,0,0,0,0,0,0,2,19,0,0,0,0,0,0
2022,4,"57 degrees, relative humidity 93%, wind 11 mph",Jacksonville Jaguars,Philadelphia Eagles,Zach Pascal,PHI,Jacksonville Jaguars,away,29,21,WR,0,0.0,0,0,0,0,0,0,0,0,0,1,0,0,0,0
2022,4,"57 degrees, relative humidity 77%, wind 7 mph",Pittsburgh Steelers,New York Jets,Chase Claypool,PIT,Pittsburgh Steelers,away,24,20,WR,0,0.0,0,0,0,0,0,0,0,0,0,2,0,0,0,0
2022,4,"57 degrees, relative humidity 77%, wind 7 mph",Pittsburgh Steelers,New York Jets,Diontae Johnson,PIT,Pittsburgh Steelers,away,24,20,WR,2,3.508771929824561,0,0,0,0,0,0,2,11,0,4,2,11,0,0
2022,4,"57 degrees, relative humidity 77%, wind 7 mph",Pittsburgh Steelers,New York Jets,George Pickens,PIT,Pittsburgh Steelers,away,24,20,WR,0,0.0,0,0,0,0,0,0,0,0,0,8,6,102,0,0
2022,4,"57 degrees, relative humidity 77%, wind 7 mph",Pittsburgh Steelers,New York Jets,Gunner Olszewski,PIT,Pittsburgh Steelers,away,24,20,WR,1,1.7543859649122806,0,0,0,0,0,0,1,0,0,0,0,0,0,1
2022,4,"57 degrees, relative humidity 77%, wind 7 mph",Pittsburgh Steelers,New York Jets,Jaylen Warren,PIT,Pittsburgh Steelers,away,24,20,RB,3,5.263157894736842,0,0,0,0,0,0,3,18,0,1,1,4,0,0
2022,4,"57 degrees, relative humidity 77%, wind 7 mph",Pittsburgh Steelers,New York Jets,Kenny Pickett,PIT,Pittsburgh Steelers,away,24,20,QB,19,33.33333333333333,10,13,120,0,3,0,6,15,2,0,0,0,0,1
2022,4,"57 degrees, relative humidity 77%, wind 7 mph",Pittsburgh Steelers,New York Jets,Mitchell Trubisky,PIT,Pittsburgh Steelers,away,24,20,QB,14,24.561403508771928,7,13,84,0,1,3,1,1,0,0,0,0,0,0
2022,4,"57 degrees, relative humidity 77%, wind 7 mph",Pittsburgh Steelers,New York Jets,Najee Harris,PIT,Pittsburgh Steelers,away,24,20,RB,18,31.57894736842105,0,0,0,0,0,0,18,74,0,0,0,0,0,0
2022,4,"57 degrees, relative humidity 77%, wind 7 mph",Pittsburgh Steelers,New York Jets,Pat Freiermuth,PIT,Pittsburgh Steelers,away,24,20,TE,0,0.0,0,0,0,0,0,0,0,0,0,9,7,85,0,0
2022,4,"57 degrees, relative humidity 77%, wind 7 mph",Pittsburgh Steelers,New York Jets,Zach Gentry,PIT,Pittsburgh Steelers,away,24,20,TE,0,0.0,0,0,0,0,0,0,0,0,0,1,1,2,0,0
2022,4,,Detroit Lions,Seattle Seahawks,Colby Parkinson,SEA,Detroit Lions,away,48,45,TE,0,0.0,0,0,0,0,0,0,0,0,0,3,2,28,0,0
2022,4,,Detroit Lions,Seattle Seahawks,D'Wayne Eskridge,SEA,Detroit Lions,away,48,45,WR,1,1.5873015873015872,0,0,0,0,0,0,1,6,0,1,1,10,0,0
2022,4,,Detroit Lions,Seattle Seahawks,D.K. Metcalf,SEA,Detroit Lions,away,48,45,WR,0,0.0,0,0,0,0,0,0,0,0,0,10,7,149,0,0
2022,4,,Detroit Lions,Seattle Seahawks,Geno Smith,SEA,Detroit Lions,away,48,45,QB,37,58.730158730158735,23,30,320,2,0,0,7,49,1,0,0,0,0,0
2022,4,,Detroit Lions,Seattle Seahawks,Kenneth Walker,SEA,Detroit Lions,away,48,45,UNK,8,12.698412698412698,0,0,0,0,0,0,8,29,0,1,1,-5,0,0
2022,4,,Detroit Lions,Seattle Seahawks,Noah Fant,SEA,Detroit Lions,away,48,45,TE,0,0.0,0,0,0,0,0,0,0,0,0,1,1,2,1,0
2022,4,,Detroit Lions,Seattle Seahawks,Rashaad Penny,SEA,Detroit Lions,away,48,45,RB,17,26.984126984126984,0,0,0,0,0,0,17,151,2,1,1,6,0,0
2022,4,,Detroit Lions,Seattle Seahawks,Tyler Lockett,SEA,Detroit Lions,away,48,45,WR,0,0.0,0,0,0,0,0,0,0,0,0,8,6,91,0,1
2022,4,,Detroit Lions,Seattle Seahawks,Will Dissly,SEA,Detroit Lions,away,48,45,TE,0,0.0,0,0,0,0,0,0,0,0,0,4,4,39,1,0
2022,4,"73 degrees, relative humidity 53%, wind 13 mph",Los Angeles Rams,San Francisco 49ers,Brandon Aiyuk,SFO,Los Angeles Rams,away,24,9,WR,0,0.0,0,0,0,0,0,0,0,0,0,4,4,37,0,0
2022,4,"73 degrees, relative humidity 53%, wind 13 mph",Los Angeles Rams,San Francisco 49ers,Charlie Woerner,SFO,Los Angeles Rams,away,24,9,TE,0,0.0,0,0,0,0,0,0,0,0,0,1,0,0,0,0
2022,4,"73 degrees, relative humidity 53%, wind 13 mph",Los Angeles Rams,San Francisco 49ers,Deebo Samuel,SFO,Los Angeles Rams,away,24,9,WR,2,4.081632653061225,0,0,0,0,0,0,2,2,0,7,6,115,1,0
2022,4,"73 degrees, relative humidity 53%, wind 13 mph",Los Angeles Rams,San Francisco 49ers,George Kittle,SFO,Los Angeles Rams,away,24,9,TE,0,0.0,0,0,0,0,0,0,0,0,0,4,2,24,0,0
2022,4,"73 degrees, relative humidity 53%, wind 13 mph",Los Angeles Rams,San Francisco 49ers,Jauan Jennings,SFO,Los Angeles Rams,away,24,9,WR,0,0.0,0,0,0,0,0,0,0,0,0,4,2,22,0,0
2022,4,"73 degrees, relative humidity 53%, wind 13 mph",Los Angeles Rams,San Francisco 49ers,Jeff Wilson,SFO,Los Angeles Rams,away,24,9,RB,18,36.734693877551024,0,0,0,0,0,0,18,74,1,0,0,0,0,0
2022,4,"73 degrees, relative humidity 53%, wind 13 mph",Los Angeles Rams,San Francisco 49ers,Jimmy Garoppolo,SFO,Los Angeles Rams,away,24,9,QB,28,57.14285714285714,16,27,239,1,0,0,1,3,0,0,0,0,0,0
2022,4,"73 degrees, relative humidity 53%, wind 13 mph",Los Angeles Rams,San Francisco 49ers,Kyle Juszczyk,SFO,Los Angeles Rams,away,24,9,FB,1,2.0408163265306123,0,0,0,0,0,0,1,9,0,1,1,35,0,0
2022,4,"73 degrees, relative humidity 53%, wind 13 mph",Los Angeles Rams,San Francisco 49ers,Ray-Ray McCloud,SFO,Los Angeles Rams,away,24,9,WR,0,0.0,0,0,0,0,0,0,0,0,0,3,1,6,0,1
2022,4,"73 degrees, relative humidity 53%, wind 13 mph",Los Angeles Rams,San Francisco 49ers,Ross Dwelley,SFO,Los Angeles Rams,away,24,9,TE,0,0.0,0,0,0,0,0,0,0,0,0,1,0,0,0,0
2022,4,"75 degrees, relative humidity 64%, wind 2 mph",Tampa Bay Buccaneers,Kansas City Chiefs,Cade Otton,TAM,Tampa Bay Buccaneers,away,41,31,TE,0,0.0,0,0,0,0,0,0,0,0,0,4,3,29,0,0
2022,4,"75 degrees, relative humidity 64%, wind 2 mph",Tampa Bay Buccaneers,Kansas City Chiefs,Cameron Brate,TAM,Tampa Bay Buccaneers,away,41,31,TE,0,0.0,0,0,0,0,0,0,0,0,0,8,4,32,0,0
2022,4,"75 degrees, relative humidity 64%, wind 2 mph",Tampa Bay Buccaneers,Kansas City Chiefs,Chris Godwin,TAM,Tampa Bay Buccaneers,away,41,31,WR,0,0.0,0,0,0,0,0,0,0,0,0,10,7,59,0,0
2022,4,"75 degrees, relative humidity 64%, wind 2 mph",Tampa Bay Buccaneers,Kansas City Chiefs,Cole Beasley,TAM,Tampa Bay Buccaneers,away,41,31,WR,0,0.0,0,0,0,0,0,0,0,0,0,1,1,5,0,0
2022,4,"75 degrees, relative humidity 64%, wind 2 mph",Tampa Bay Buccaneers,Kansas City Chiefs,Julio Jones,TAM,Tampa Bay Buccaneers,away,41,31,WR,0,0.0,0,0,0,0,0,0,0,0,0,2,1,7,0,0
2022,4,"75 degrees, relative humidity 64%, wind 2 mph",Tampa Bay Buccaneers,Kansas City Chiefs,Ko Kieft,TAM,Tampa Bay Buccaneers,away,41,31,TE,0,0.0,0,0,0,0,0,0,0,0,0,1,1,19,0,0
2022,4,"75 degrees, relative humidity 64%, wind 2 mph",Tampa Bay Buccaneers,Kansas City Chiefs,Leonard Fournette,TAM,Tampa Bay Buccaneers,away,41,31,RB,3,5.172413793103448,0,0,0,0,0,0,3,-3,0,7,7,57,1,0
2022,4,"75 degrees, relative humidity 64%, wind 2 mph",Tampa Bay Buccaneers,Kansas City Chiefs,Mike Evans,TAM,Tampa Bay Buccaneers,away,41,31,WR,0,0.0,0,0,0,0,0,0,0,0,0,10,8,103,2,0
2022,4,"75 degrees, relative humidity 64%, wind 2 mph",Tampa Bay Buccaneers,Kansas City Chiefs,Rachaad White,TAM,Tampa Bay Buccaneers,away,41,31,RB,3,5.172413793103448,0,0,0,0,0,0,3,6,1,5,5,50,0,1
2022,4,"75 degrees, relative humidity 64%, wind 2 mph",Tampa Bay Buccaneers,Kansas City Chiefs,Russell Gage,TAM,Tampa Bay Buccaneers,away,41,31,WR,0,0.0,0,0,0,0,0,0,0,0,0,4,2,24,0,0
2022,4,"75 degrees, relative humidity 64%, wind 2 mph",Tampa Bay Buccaneers,Kansas City Chiefs,Tom Brady,TAM,Tampa Bay Buccaneers,away,41,31,QB,52,89.65517241379311,39,52,385,3,0,1,0,0,0,0,0,0,0,1
2022,4,,Indianapolis Colts,Tennessee Titans,Austin Hooper,TEN,Indianapolis Colts,away,24,17,TE,0,0.0,0,0,0,0,0,0,0,0,0,1,1,4,0,0
2022,4,,Indianapolis Colts,Tennessee Titans,Chigoziem Okonkwo,TEN,Indianapolis Colts,away,24,17,TE,0,0.0,0,0,0,0,0,0,0,0,0,3,3,38,1,0
2022,4,,Indianapolis Colts,Tennessee Titans,Derrick Henry,TEN,Indianapolis Colts,away,24,17,RB,22,44.89795918367347,0,0,0,0,0,0,22,114,1,5,3,33,0,0
2022,4,,Indianapolis Colts,Tennessee Titans,Dontrell Hilliard,TEN,Indianapolis Colts,away,24,17,RB,0,0.0,0,0,0,0,0,0,0,0,0,4,4,18,0,0
2022,4,,Indianapolis Colts,Tennessee Titans,Kyle Philips,TEN,Indianapolis Colts,away,24,17,WR,0,0.0,0,0,0,0,0,0,0,0,0,1,0,0,0,0
2022,4,,Indianapolis Colts,Tennessee Titans,Robert Woods,TEN,Indianapolis Colts,away,24,17,WR,0,0.0,0,0,0,0,0,0,0,0,0,4,4,30,1,0
2022,4,,Indianapolis Colts,Tennessee Titans,Ryan Tannehill,TEN,Indianapolis Colts,away,24,17,QB,26,53.06122448979592,17,21,137,2,0,3,5,9,0,0,0,0,0,0
2022,4,,Indianapolis Colts,Tennessee Titans,Treylon Burks,TEN,Indianapolis Colts,away,24,17,WR,1,2.0408163265306123,0,0,0,0,0,0,1,4,0,3,2,14,0,0
2022,4,,Washington Commanders,Dallas Cowboys,Antonio Gibson,WAS,Washington Commanders,away,25,10,RB,13,18.84057971014493,0,0,0,0,0,0,13,49,0,3,3,14,0,0
2022,4,,Washington Commanders,Dallas Cowboys,Carson Wentz,WAS,Washington Commanders,away,25,10,QB,43,62.31884057971014,25,42,170,1,2,2,1,5,0,0,0,0,0,0
2022,4,,Washington Commanders,Dallas Cowboys,Curtis Samuel,WAS,Washington Commanders,away,25,10,WR,0,0.0,0,0,0,0,0,0,0,0,0,7,4,38,0,0
2022,4,,Washington Commanders,Dallas Cowboys,Dyami Brown,WAS,Washington Commanders,away,25,10,WR,0,0.0,0,0,0,0,0,0,0,0,0,4,1,6,0,0
2022,4,,Washington Commanders,Dallas Cowboys,J.D. McKissic,WAS,Washington Commanders,away,25,10,RB,8,11.594202898550725,0,0,0,0,0,0,8,40,0,4,3,16,0,0
2022,4,,Washington Commanders,Dallas Cowboys,Jahan Dotson,WAS,Washington Commanders,away,25,10,WR,0,0.0,0,0,0,0,0,0,0,0,0,4,3,43,1,0
2022,4,,Washington Commanders,Dallas Cowboys,John Bates,WAS,Washington Commanders,away,25,10,TE,0,0.0,0,0,0,0,0,0,0,0,0,6,4,19,0,1
2022,4,,Washington Commanders,Dallas Cowboys,Jonathan Williams,WAS,Washington Commanders,away,25,10,RB,5,7.246376811594203,0,0,0,0,0,0,5,48,0,0,0,0,0,0
2022,4,,Washington Commanders,Dallas Cowboys,Logan Thomas,WAS,Washington Commanders,away,25,10,TE,0,0.0,0,0,0,0,0,0,0,0,0,6,5,19,0,0
2022,4,,Washington Commanders,Dallas Cowboys,Terry McLaurin,WAS,Washington Commanders,away,25,10,WR,0,0.0,0,0,0,0,0,0,0,0,0,6,2,15,0,0
2022,5,,Arizona Cardinals,Philadelphia Eagles,A.J. Green,ARI,Arizona Cardinals,away,20,17,WR,0,0.0,0,0,0,0,0,0,0,0,0,5,3,20,0,0
2022,5,,Arizona Cardinals,Philadelphia Eagles,Darrel Williams,ARI,Arizona Cardinals,away,20,17,RB,3,4.411764705882353,0,0,0,0,0,0,3,9,0,0,0,0,0,0
2022,5,,Arizona Cardinals,Philadelphia Eagles,Eno Benjamin,ARI,Arizona Cardinals,away,20,17,RB,8,11.76470588235294,0,0,0,0,0,0,8,25,1,4,3,28,0,0
2022,5,,Arizona Cardinals,Philadelphia Eagles,James Conner,ARI,Arizona Cardinals,away,20,17,RB,9,13.23529411764706,0,0,0,0,0,0,9,55,0,1,1,8,0,0
2022,5,,Arizona Cardinals,Philadelphia Eagles,Kyler Murray,ARI,Arizona Cardinals,away,20,17,QB,46,67.64705882352942,28,42,250,1,1,1,4,42,0,0,0,0,0,0
2022,5,,Arizona Cardinals,Philadelphia Eagles,Marquise Brown,ARI,Arizona Cardinals,away,20,17,WR,0,0.0,0,0,0,0,0,0,0,0,0,10,8,78,1,0
2022,5,,Arizona Cardinals,Philadelphia Eagles,Rondale Moore,ARI,Arizona Cardinals,away,20,17,WR,2,2.941176470588235,0,0,0,0,0,0,2,-7,0,8,7,68,0,0
2022,5,,Arizona Cardinals,Philadelphia Eagles,Zach Ertz,ARI,Arizona Cardinals,away,20,17,TE,0,0.0,0,0,0,0,0,0,0,0,0,10,6,48,0,0
2022,5,"83 degrees, relative humidity 57%, wind 8 mph",Atlanta Falcons,Tampa Bay Buccaneers,Anthony Firkser,ATL,Atlanta Falcons,away,21,15,TE,0,0.0,0,0,0,0,0,0,0,0,0,1,1,11,0,0
2022,5,"83 degrees, relative humidity 57%, wind 8 mph",Atlanta Falcons,Tampa Bay Buccaneers,Avery Williams,ATL,Atlanta Falcons,away,21,15,RB,3,5.357142857142857,0,0,0,0,0,0,3,11,1,2,2,10,0,0
2022,5,"83 degrees, relative humidity 57%, wind 8 mph",Atlanta Falcons,Tampa Bay Buccaneers,Bryan Edwards,ATL,Atlanta Falcons,away,21,15,WR,0,0.0,0,0,0,0,0,0,0,0,0,1,1,10,0,0
2022,5,"83 degrees, relative humidity 57%, wind 8 mph",Atlanta Falcons,Tampa Bay Buccaneers,Caleb Huntley,ATL,Atlanta Falcons,away,21,15,RB,8,14.285714285714285,0,0,0,0,0,0,8,34,0,0,0,0,0,0
2022,5,"83 degrees, relative humidity 57%, wind 8 mph",Atlanta Falcons,Tampa Bay Buccaneers,Damiere Byrd,ATL,Atlanta Falcons,away,21,15,WR,0,0.0,0,0,0,0,0,0,0,0,0,1,0,0,0,0
2022,5,"83 degrees, relative humidity 57%, wind 8 mph",Atlanta Falcons,Tampa Bay Buccaneers,Drake London,ATL,Atlanta Falcons,away,21,15,WR,0,0.0,0,0,0,0,0,0,0,0,0,7,4,35,0,0
2022,5,"83 degrees, relative humidity 57%, wind 8 mph",Atlanta Falcons,Tampa Bay Buccaneers,Feleipe Franks,ATL,Atlanta Falcons,away,21,15,TE,0,0.0,0,0,0,0,0,0,0,0,0,2,0,0,0,0
2022,5,"83 degrees, relative humidity 57%, wind 8 mph",Atlanta Falcons,Tampa Bay Buccaneers,KhaDarel Hodge,ATL,Atlanta Falcons,away,21,15,WR,0,0.0,0,0,0,0,0,0,0,0,0,5,3,33,0,0
2022,5,"83 degrees, relative humidity 57%, wind 8 mph",Atlanta Falcons,Tampa Bay Buccaneers,Marcus Mariota,ATL,Atlanta Falcons,away,21,15,QB,32,57.14285714285714,14,25,147,1,0,5,7,61,0,0,0,0,0,1
2022,5,"83 degrees, relative humidity 57%, wind 8 mph",Atlanta Falcons,Tampa Bay Buccaneers,Olamide Zaccheaus,ATL,Atlanta Falcons,away,21,15,WR,0,0.0,0,0,0,0,0,0,0,0,0,4,2,39,1,0
2022,5,"83 degrees, relative humidity 57%, wind 8 mph",Atlanta Falcons,Tampa Bay Buccaneers,Parker Hesse,ATL,Atlanta Falcons,away,21,15,TE,0,0.0,0,0,0,0,0,0,0,0,0,1,1,9,0,0
2022,5,"83 degrees, relative humidity 57%, wind 8 mph",Atlanta Falcons,Tampa Bay Buccaneers,Tyler Allgeier,ATL,Atlanta Falcons,away,21,15,RB,13,23.214285714285715,0,0,0,0,0,0,13,45,0,0,0,0,0,0
2022,5,"60 degrees, relative humidity 42%, wind 3 mph",Cincinnati Bengals,Baltimore Ravens,Demarcus Robinson,BAL,Cincinnati Bengals,away,19,17,WR,0,0.0,0,0,0,0,0,0,0,0,0,2,1,8,0,0
2022,5,"60 degrees, relative humidity 42%, wind 3 mph",Cincinnati Bengals,Baltimore Ravens,Devin Duvernay,BAL,Cincinnati Bengals,away,19,17,WR,3,5.0,0,0,0,0,0,0,3,24,0,7,5,54,0,0
2022,5,"60 degrees, relative humidity 42%, wind 3 mph",Cincinnati Bengals,Baltimore Ravens,Isaiah Likely,BAL,Cincinnati Bengals,away,19,17,TE,0,0.0,0,0,0,0,0,0,0,0,0,2,2,7,0,0
2022,5,"60 degrees, relative humidity 42%, wind 3 mph",Cincinnati Bengals,Baltimore Ravens,J.K. Dobbins,BAL,Cincinnati Bengals,away,19,17,RB,8,13.333333333333334,0,0,0,0,0,0,8,44,0,0,0,0,0,0
2022,5,"60 degrees, relative humidity 42%, wind 3 mph",Cincinnati Bengals,Baltimore Ravens,James Proche,BAL,Cincinnati Bengals,away,19,17,WR,0,0.0,0,0,0,0,0,0,0,0,0,2,1,7,0,0
2022,5,"60 degrees, relative humidity 42%, wind 3 mph",Cincinnati Bengals,Baltimore Ravens,Josh Oliver,BAL,Cincinnati Bengals,away,19,17,TE,0,0.0,0,0,0,0,0,0,0,0,0,1,0,0,0,0
2022,5,"60 degrees, relative humidity 42%, wind 3 mph",Cincinnati Bengals,Baltimore Ravens,Kenyan Drake,BAL,Cincinnati Bengals,away,19,17,RB,4,6.666666666666667,0,0,0,0,0,0,4,26,0,1,1,1,0,0
2022,5,"60 degrees, relative humidity 42%, wind 3 mph",Cincinnati Bengals,Baltimore Ravens,Lamar Jackson,BAL,Cincinnati Bengals,away,19,17,QB,44,73.33333333333333,19,32,174,1,1,1,12,58,0,0,0,0,0,0
2022,5,"60 degrees, relative humidity 42%, wind 3 mph",Cincinnati Bengals,Baltimore Ravens,Mark Andrews,BAL,Cincinnati Bengals,away,19,17,TE,0,0.0,0,0,0,0,0,0,0,0,0,10,8,89,1,0
2022,5,"60 degrees, relative humidity 42%, wind 3 mph",Cincinnati Bengals,Baltimore Ravens,Mike Davis,BAL,Cincinnati Bengals,away,19,17,RB,1,1.6666666666666667,0,0,0,0,0,0,1,3,0,0,0,0,0,0
2022,5,"60 degrees, relative humidity 42%, wind 3 mph",Cincinnati Bengals,Baltimore Ravens,Tylan Wallace,BAL,Cincinnati Bengals,away,19,17,WR,0,0.0,0,0,0,0,0,0,0,0,0,2,1,8,0,0
2022,5,"55 degrees, relative humidity 62%, wind 16 mph",Pittsburgh Steelers,Buffalo Bills,Case Keenum,BUF,Pittsburgh Steelers,away,38,3,QB,7,12.962962962962962,2,5,8,0,0,0,2,-2,0,0,0,0,0,0
2022,5,"55 degrees, relative humidity 62%, wind 16 mph",Pittsburgh Steelers,Buffalo Bills,Devin Singletary,BUF,Pittsburgh Steelers,away,38,3,RB,6,11.11111111111111,0,0,0,0,0,0,6,42,0,2,1,4,0,0
2022,5,"55 degrees, relative humidity 62%, wind 16 mph",Pittsburgh Steelers,Buffalo Bills,Gabriel Davis,BUF,Pittsburgh Steelers,away,38,3,WR,0,0.0,0,0,0,0,0,0,0,0,0,6,3,171,2,0
2022,5,"55 degrees, relative humidity 62%, wind 16 mph",Pittsburgh Steelers,Buffalo Bills,Isaiah Hodgins,BUF,Pittsburgh Steelers,away,38,3,WR,0,0.0,0,0,0,0,0,0,0,0,0,6,4,41,0,0
2022,5,"55 degrees, relative humidity 62%, wind 16 mph",Pittsburgh Steelers,Buffalo Bills,James Cook,BUF,Pittsburgh Steelers,away,38,3,RB,4,7.4074074074074066,0,0,0,0,0,0,4,31,1,0,0,0,0,0
2022,5,"55 degrees, relative humidity 62%, wind 16 mph",Pittsburgh Steelers,Buffalo Bills,Josh Allen,BUF,Pittsburgh Steelers,away,38,3,QB,36,66.66666666666666,20,31,424,4,1,0,5,42,0,0,0,0,0,0
2022,5,"55 degrees, relative humidity 62%, wind 16 mph",Pittsburgh Steelers,Buffalo Bills,Khalil Shakir,BUF,Pittsburgh Steelers,away,38,3,WR,0,0.0,0,0,0,0,0,0,0,0,0,5,3,75,1,0
2022,5,"55 degrees, relative humidity 62%, wind 16 mph",Pittsburgh Steelers,Buffalo Bills,Quintin Morris,BUF,Pittsburgh Steelers,away,38,3,TE,0,0.0,0,0,0,0,0,0,0,0,0,5,3,39,0,1
2022,5,"55 degrees, relative humidity 62%, wind 16 mph",Pittsburgh Steelers,Buffalo Bills,Stefon Diggs,BUF,Pittsburgh Steelers,away,38,3,WR,0,0.0,0,0,0,0,0,0,0,0,0,11,8,102,1,0
2022,5,"55 degrees, relative humidity 62%, wind 16 mph",Pittsburgh Steelers,Buffalo Bills,Tanner Gentry,BUF,Pittsburgh Steelers,away,38,3,WR,0,0.0,0,0,0,0,0,0,0,0,0,1,0,0,0,0
2022,5,"55 degrees, relative humidity 62%, wind 16 mph",Pittsburgh Steelers,Buffalo Bills,Zack Moss,BUF,Pittsburgh Steelers,away,38,3,RB,1,1.8518518518518516,0,0,0,0,0,0,1,7,0,0,0,0,0,0
2022,5,"68 degrees, relative humidity 53%, wind 3 mph",Carolina Panthers,San Francisco 49ers,Baker Mayfield,CAR,Carolina Panthers,away,37,15,QB,36,61.016949152542374,20,36,215,0,1,4,0,0,0,0,0,0,0,0
2022,5,"68 degrees, relative humidity 53%, wind 3 mph",Carolina Panthers,San Francisco 49ers,Christian McCaffrey,CAR,Carolina Panthers,away,37,15,RB,14,23.728813559322035,0,0,0,0,0,0,14,54,1,12,7,50,0,0
2022,5,"68 degrees, relative humidity 53%, wind 3 mph",Carolina Panthers,San Francisco 49ers,D'Onta Foreman,CAR,Carolina Panthers,away,37,15,RB,2,3.389830508474576,0,0,0,0,0,0,2,2,0,0,0,0,0,0
2022,5,"68 degrees, relative humidity 53%, wind 3 mph",Carolina Panthers,San Francisco 49ers,D.J. Moore,CAR,Carolina Panthers,away,37,15,WR,1,1.694915254237288,0,0,0,0,0,0,1,8,0,8,4,59,0,0
2022,5,"68 degrees, relative humidity 53%, wind 3 mph",Carolina Panthers,San Francisco 49ers,Giovanni Ricci,CAR,Carolina Panthers,away,37,15,TE,0,0.0,0,0,0,0,0,0,0,0,0,3,3,27,0,0
2022,5,"68 degrees, relative humidity 53%, wind 3 mph",Carolina Panthers,San Francisco 49ers,Ian Thomas,CAR,Carolina Panthers,away,37,15,TE,0,0.0,0,0,0,0,0,0,0,0,0,2,2,8,0,0
2022,5,"68 degrees, relative humidity 53%, wind 3 mph",Carolina Panthers,San Francisco 49ers,P.J. Walker,CAR,Carolina Panthers,away,37,15,QB,6,10.16949152542373,5,6,60,0,0,2,0,0,0,0,0,0,0,0
2022,5,"68 degrees, relative humidity 53%, wind 3 mph",Carolina Panthers,San Francisco 49ers,Robbie Chosen,CAR,Carolina Panthers,away,37,15,WR,0,0.0,0,0,0,0,0,0,0,0,0,5,1,32,0,0
2022,5,"68 degrees, relative humidity 53%, wind 3 mph",Carolina Panthers,San Francisco 49ers,Shi Smith,CAR,Carolina Panthers,away,37,15,WR,0,0.0,0,0,0,0,0,0,0,0,0,5,4,69,0,0
2022,5,"68 degrees, relative humidity 53%, wind 3 mph",Carolina Panthers,San Francisco 49ers,Terrace Marshall Jr.,CAR,Carolina Panthers,away,37,15,WR,0,0.0,0,0,0,0,0,0,0,0,0,4,4,30,0,0
2022,5,"68 degrees, relative humidity 53%, wind 3 mph",Carolina Panthers,San Francisco 49ers,Tommy Tremble,CAR,Carolina Panthers,away,37,15,TE,0,0.0,0,0,0,0,0,0,0,0,0,1,0,0,0,0
2022,5,,Chicago Bears,Minnesota Vikings,Cole Kmet,CHI,Chicago Bears,away,29,22,TE,0,0.0,0,0,0,0,0,0,0,0,0,4,4,45,0,0
2022,5,,Chicago Bears,Minnesota Vikings,Dante Pettis,CHI,Chicago Bears,away,29,22,WR,0,0.0,0,0,0,0,0,0,0,0,0,2,0,0,0,0
2022,5,,Chicago Bears,Minnesota Vikings,Darnell Mooney,CHI,Chicago Bears,away,29,22,WR,0,0.0,0,0,0,0,0,0,0,0,0,5,2,52,0,0
2022,5,,Chicago Bears,Minnesota Vikings,David Montgomery,CHI,Chicago Bears,away,29,22,RB,12,26.666666666666668,0,0,0,0,0,0,12,20,1,4,4,62,0,0
2022,5,,Chicago Bears,Minnesota Vikings,Equanimeous St. Brown,CHI,Chicago Bears,away,29,22,WR,0,0.0,0,0,0,0,0,0,0,0,0,2,2,24,0,0
2022,5,,Chicago Bears,Minnesota Vikings,Ihmir Smith-Marsette,CHI,Chicago Bears,away,29,22,WR,0,0.0,0,0,0,0,0,0,0,0,0,2,1,15,0,1
2022,5,,Chicago Bears,Minnesota Vikings,Justin Fields,CHI,Chicago Bears,away,29,22,QB,29,64.44444444444444,15,21,208,1,0,2,8,47,0,0,0,0,0,2
2022,5,,Chicago Bears,Minnesota Vikings,Khalil Herbert,CHI,Chicago Bears,away,29,22,RB,4,8.88888888888889,0,0,0,0,0,0,4,11,0,0,0,0,0,0
2022,5,,Chicago Bears,Minnesota Vikings,Ryan Griffin,CHI,Chicago Bears,away,29,22,TE,0,0.0,0,0,0,0,0,0,0,0,0,1,1,1,0,0
2022,5,,Chicago Bears,Minnesota Vikings,Velus Jones Jr.,CHI,Chicago Bears,away,29,22,WR,0,0.0,0,0,0,0,0,0,0,0,0,1,1,9,1,0
2022,5,"60 degrees, relative humidity 42%, wind 3 mph",Cincinnati Bengals,Baltimore Ravens,Hayden Hurst,CIN,Cincinnati Bengals,away,19,17,TE,0,0.0,0,0,0,0,0,0,0,0,0,7,6,53,1,0
2022,5,"60 degrees, relative humidity 42%, wind 3 mph",Cincinnati Bengals,Baltimore Ravens,Ja'Marr Chase,CIN,Cincinnati Bengals,away,19,17,WR,1,1.7857142857142856,0,0,0,0,0,0,1,0,0,12,7,50,0,0
2022,5,"60 degrees, relative humidity 42%, wind 3 mph",Cincinnati Bengals,Baltimore Ravens,Joe Burrow,CIN,Cincinnati Bengals,away,19,17,QB,38,67.85714285714286,24,35,217,1,1,2,3,6,1,0,0,0,0,0
2022,5,"60 degrees, relative humidity 42%, wind 3 mph",Cincinnati Bengals,Baltimore Ravens,Joe Mixon,CIN,Cincinnati Bengals,away,19,17,RB,14,25.0,0,0,0,0,0,0,14,78,0,3,3,10,0,0
2022,5,"60 degrees, relative humidity 42%, wind 3 mph",Cincinnati Bengals,Baltimore Ravens,Mike Thomas,CIN,Cincinnati Bengals,away,19,17,WR,0,0.0,0,0,0,0,0,0,0,0,0,3,1,33,0,0
2022,5,"60 degrees, relative humidity 42%, wind 3 mph",Cincinnati Bengals,Baltimore Ravens,Samaje Perine,CIN,Cincinnati Bengals,away,19,17,RB,3,5.357142857142857,0,0,0,0,0,0,3,17,0,4,4,39,0,0
2022,5,"60 degrees, relative humidity 42%, wind 3 mph",Cincinnati Bengals,Baltimore Ravens,Stanley Morgan Jr.,CIN,Cincinnati Bengals,away,19,17,WR,0,0.0,0,0,0,0,0,0,0,0,0,1,0,0,0,0
2022,5,"60 degrees, relative humidity 42%, wind 3 mph",Cincinnati Bengals,Baltimore Ravens,Tyler Boyd,CIN,Cincinnati Bengals,away,19,17,WR,0,0.0,0,0,0,0,0,1,0,0,0,4,3,32,0,0
2022,5,"59 degrees, relative humidity 44%, wind 15 mph",Cleveland Browns,Los Angeles Chargers,Amari Cooper,CLE,Cleveland Browns,away,30,28,WR,0,0.0,0,0,0,0,0,0,0,0,0,12,7,76,1,0
2022,5,"59 degrees, relative humidity 44%, wind 15 mph",Cleveland Browns,Los Angeles Chargers,Anthony Schwartz,CLE,Cleveland Browns,away,30,28,WR,0,0.0,0,0,0,0,0,0,0,0,0,1,0,0,0,0
2022,5,"59 degrees, relative humidity 44%, wind 15 mph",Cleveland Browns,Los Angeles Chargers,David Bell,CLE,Cleveland Browns,away,30,28,WR,0,0.0,0,0,0,0,0,0,0,0,0,1,1,6,0,0
2022,5,"59 degrees, relative humidity 44%, wind 15 mph",Cleveland Browns,Los Angeles Chargers,David Njoku,CLE,Cleveland Browns,away,30,28,TE,0,0.0,0,0,0,0,0,0,0,0,0,6,6,88,0,0
2022,5,"59 degrees, relative humidity 44%, wind 15 mph",Cleveland Browns,Los Angeles Chargers,Donovan Peoples-Jones,CLE,Cleveland Browns,away,30,28,WR,0,0.0,0,0,0,0,0,0,0,0,0,7,4,50,0,0
2022,5,"59 degrees, relative humidity 44%, wind 15 mph",Cleveland Browns,Los Angeles Chargers,Harrison Bryant,CLE,Cleveland Browns,away,30,28,TE,0,0.0,0,0,0,0,0,0,0,0,0,1,0,0,0,0
2022,5,"59 degrees, relative humidity 44%, wind 15 mph",Cleveland Browns,Los Angeles Chargers,Jacoby Brissett,CLE,Cleveland Browns,away,30,28,QB,37,56.92307692307692,21,34,230,1,1,0,3,32,0,0,0,0,0,0
2022,5,"59 degrees, relative humidity 44%, wind 15 mph",Cleveland Browns,Los Angeles Chargers,Kareem Hunt,CLE,Cleveland Browns,away,30,28,RB,11,16.923076923076923,0,0,0,0,0,0,11,47,1,3,3,10,0,0
2022,5,"59 degrees, relative humidity 44%, wind 15 mph",Cleveland Browns,Los Angeles Chargers,Nick Chubb,CLE,Cleveland Browns,away,30,28,RB,17,26.153846153846157,0,0,0,0,0,0,17,134,2,1,0,0,0,0
2022,5,,Los Angeles Rams,Dallas Cowboys,CeeDee Lamb,DAL,Los Angeles Rams,away,22,10,WR,0,0.0,0,0,0,0,0,0,0,0,0,8,5,53,0,0
2022,5,,Los Angeles Rams,Dallas Cowboys,Cooper Rush,DAL,Los Angeles Rams,away,22,10,QB,20,40.0,10,16,102,0,0,3,4,-1,0,0,0,0,0,2
2022,5,,Los Angeles Rams,Dallas Cowboys,Dalton Schultz,DAL,Los Angeles Rams,away,22,10,TE,0,0.0,0,0,0,0,0,0,0,0,0,1,0,0,0,0
2022,5,,Los Angeles Rams,Dallas Cowboys,Ezekiel Elliott,DAL,Los Angeles Rams,away,22,10,RB,22,44.0,0,0,0,0,0,0,22,78,0,0,0,0,0,0
2022,5,,Los Angeles Rams,Dallas Cowboys,Michael Gallup,DAL,Los Angeles Rams,away,22,10,WR,0,0.0,0,0,0,0,0,0,0,0,0,5,4,44,0,0
2022,5,,Los Angeles Rams,Dallas Cowboys,Noah Brown,DAL,Los Angeles Rams,away,22,10,WR,0,0.0,0,0,0,0,0,0,0,0,0,2,1,5,0,0
2022,5,,Los Angeles Rams,Dallas Cowboys,Tony Pollard,DAL,Los Angeles Rams,away,22,10,RB,8,16.0,0,0,0,0,0,0,8,86,1,0,0,0,0,0
2022,5,"69 degrees, relative humidity 24%, wind 6 mph",Denver Broncos,Indianapolis Colts,Albert Okwuegbunam,DEN,Denver Broncos,away,12,9,TE,0,0.0,0,0,0,0,0,0,0,0,0,1,1,5,0,0
2022,5,"69 degrees, relative humidity 24%, wind 6 mph",Denver Broncos,Indianapolis Colts,Andrew Beck,DEN,Denver Broncos,away,12,9,TE,0,0.0,0,0,0,0,0,0,0,0,0,1,0,0,0,0
2022,5,"69 degrees, relative humidity 24%, wind 6 mph",Denver Broncos,Indianapolis Colts,Courtland Sutton,DEN,Denver Broncos,away,12,9,WR,0,0.0,0,0,0,0,0,0,0,0,0,11,5,74,0,0
2022,5,"69 degrees, relative humidity 24%, wind 6 mph",Denver Broncos,Indianapolis Colts,Devine Ozigbo,DEN,Denver Broncos,away,12,9,RB,1,1.4925373134328357,0,0,0,0,0,0,1,2,0,0,0,0,0,0
2022,5,"69 degrees, relative humidity 24%, wind 6 mph",Denver Broncos,Indianapolis Colts,Eric Saubert,DEN,Denver Broncos,away,12,9,TE,0,0.0,0,0,0,0,0,0,0,0,0,7,5,36,0,0
2022,5,"69 degrees, relative humidity 24%, wind 6 mph",Denver Broncos,Indianapolis Colts,Eric Tomlinson,DEN,Denver Broncos,away,12,9,TE,0,0.0,0,0,0,0,0,0,0,0,0,1,0,0,0,0
2022,5,"69 degrees, relative humidity 24%, wind 6 mph",Denver Broncos,Indianapolis Colts,Jerry Jeudy,DEN,Denver Broncos,away,12,9,WR,0,0.0,0,0,0,0,0,0,0,0,0,8,3,53,0,0
2022,5,"69 degrees, relative humidity 24%, wind 6 mph",Denver Broncos,Indianapolis Colts,KJ Hamler,DEN,Denver Broncos,away,12,9,WR,0,0.0,0,0,0,0,0,0,0,0,0,2,1,10,0,0
2022,5,"69 degrees, relative humidity 24%, wind 6 mph",Denver Broncos,Indianapolis Colts,Melvin Gordon,DEN,Denver Broncos,away,12,9,RB,15,22.388059701492537,0,0,0,0,0,0,15,54,0,3,3,49,0,0
2022,5,"69 degrees, relative humidity 24%, wind 6 mph",Denver Broncos,Indianapolis Colts,Mike Boone,DEN,Denver Broncos,away,12,9,RB,7,10.44776119402985,0,0,0,0,0,0,7,38,0,3,3,47,0,0
2022,5,"69 degrees, relative humidity 24%, wind 6 mph",Denver Broncos,Indianapolis Colts,Montrell Washington,DEN,Denver Broncos,away,12,9,WR,1,1.4925373134328357,0,0,0,0,0,0,1,9,0,0,0,0,0,1
2022,5,"69 degrees, relative humidity 24%, wind 6 mph",Denver Broncos,Indianapolis Colts,Russell Wilson,DEN,Denver Broncos,away,12,9,QB,43,64.17910447761194,21,39,274,0,2,4,4,22,0,0,0,0,0,1
2022,5,"69 degrees, relative humidity 24%, wind 6 mph",Denver Broncos,Indianapolis Colts,Tyrie Cleveland,DEN,Denver Broncos,away,12,9,WR,0,0.0,0,0,0,0,0,0,0,0,0,1,0,0,0,0
2022,5,"58 degrees, relative humidity 44%, wind 12 mph",Detroit Lions,New England Patriots,Amon-Ra St. Brown,DET,Detroit Lions,away,29,0,WR,0,0.0,0,0,0,0,0,0,0,0,0,6,4,18,0,0
2022,5,"58 degrees, relative humidity 44%, wind 12 mph",Detroit Lions,New England Patriots,Craig Reynolds,DET,Detroit Lions,away,29,0,RB,6,9.67741935483871,0,0,0,0,0,0,6,24,0,3,3,68,0,0
2022,5,"58 degrees, relative humidity 44%, wind 12 mph",Detroit Lions,New England Patriots,Jamaal Williams,DET,Detroit Lions,away,29,0,RB,15,24.193548387096776,0,0,0,0,0,0,15,56,0,0,0,0,0,0
2022,5,"58 degrees, relative humidity 44%, wind 12 mph",Detroit Lions,New England Patriots,Jared Goff,DET,Detroit Lions,away,29,0,QB,38,61.29032258064516,19,35,229,0,1,2,3,7,0,0,0,0,0,1
2022,5,"58 degrees, relative humidity 44%, wind 12 mph",Detroit Lions,New England Patriots,Josh Reynolds,DET,Detroit Lions,away,29,0,WR,0,0.0,0,0,0,0,0,0,0,0,0,10,6,92,0,0
2022,5,"58 degrees, relative humidity 44%, wind 12 mph",Detroit Lions,New England Patriots,Justin Jackson,DET,Detroit Lions,away,29,0,RB,3,4.838709677419355,0,0,0,0,0,0,3,14,0,1,0,0,0,0
2022,5,"58 degrees, relative humidity 44%, wind 12 mph",Detroit Lions,New England Patriots,Kalif Raymond,DET,Detroit Lions,away,29,0,WR,0,0.0,0,0,0,0,0,0,0,0,0,7,5,45,0,0
2022,5,"58 degrees, relative humidity 44%, wind 12 mph",Detroit Lions,New England Patriots,T.J. Hockenson,DET,Detroit Lions,away,29,0,TE,0,0.0,0,0,0,0,0,0,0,0,0,4,1,6,0,0
2022,5,"64 degrees, relative humidity 48%, wind 10 mph",Green Bay Packers,New York Giants,AJ Dillon,GNB,Green Bay Packers,away,27,22,RB,6,10.16949152542373,0,0,0,0,0,0,6,34,0,0,0,0,0,0
2022,5,"64 degrees, relative humidity 48%, wind 10 mph",Green Bay Packers,New York Giants,Aaron Jones,GNB,Green Bay Packers,away,27,22,RB,13,22.033898305084744,0,0,0,0,0,0,13,63,0,3,2,17,0,0
2022,5,"64 degrees, relative humidity 48%, wind 10 mph",Green Bay Packers,New York Giants,Aaron Rodgers,GNB,Green Bay Packers,away,27,22,QB,39,66.10169491525424,25,39,222,2,0,2,0,0,0,0,0,0,0,1
2022,5,"64 degrees, relative humidity 48%, wind 10 mph",Green Bay Packers,New York Giants,Allen Lazard,GNB,Green Bay Packers,away,27,22,WR,0,0.0,0,0,0,0,0,0,0,0,0,8,4,35,1,0
2022,5,"64 degrees, relative humidity 48%, wind 10 mph",Green Bay Packers,New York Giants,Christian Watson,GNB,Green Bay Packers,away,27,22,WR,1,1.694915254237288,0,0,0,0,0,0,1,-3,0,1,1,1,0,0
2022,5,"64 degrees, relative humidity 48%, wind 10 mph",Green Bay Packers,New York Giants,Josiah Deguara,GNB,Green Bay Packers,away,27,22,TE,0,0.0,0,0,0,0,0,0,0,0,0,2,2,19,0,0
2022,5,"64 degrees, relative humidity 48%, wind 10 mph",Green Bay Packers,New York Giants,Marcedes Lewis,GNB,Green Bay Packers,away,27,22,TE,0,0.0,0,0,0,0,0,0,0,0,0,1,1,2,1,0
2022,5,"64 degrees, relative humidity 48%, wind 10 mph",Green Bay Packers,New York Giants,Randall Cobb,GNB,Green Bay Packers,away,27,22,WR,0,0.0,0,0,0,0,0,0,0,0,0,13,7,99,0,0
2022,5,"64 degrees, relative humidity 48%, wind 10 mph",Green Bay Packers,New York Giants,Robert Tonyan,GNB,Green Bay Packers,away,27,22,TE,0,0.0,0,0,0,0,0,0,0,0,0,4,4,23,0,0
2022,5,"64 degrees, relative humidity 48%, wind 10 mph",Green Bay Packers,New York Giants,Romeo Doubs,GNB,Green Bay Packers,away,27,22,WR,0,0.0,0,0,0,0,0,0,0,0,0,5,3,29,0,0
2022,5,"64 degrees, relative humidity 48%, wind 10 mph",Green Bay Packers,New York Giants,Tyler Davis,GNB,Green Bay Packers,away,27,22,TE,0,0.0,0,0,0,0,0,0,0,0,0,2,1,-3,0,0
2022,5,"80 degrees, relative humidity 69%, wind 8 mph",Jacksonville Jaguars,Houston Texans,Brandin Cooks,HOU,Jacksonville Jaguars,away,13,6,WR,0,0.0,0,0,0,0,0,0,0,0,0,6,4,20,0,0
2022,5,"80 degrees, relative humidity 69%, wind 8 mph",Jacksonville Jaguars,Houston Texans,Dameon Pierce,HOU,Jacksonville Jaguars,away,13,6,RB,26,47.27272727272727,0,0,0,0,0,0,26,99,1,5,3,14,0,0
2022,5,"80 degrees, relative humidity 69%, wind 8 mph",Jacksonville Jaguars,Houston Texans,Davis Mills,HOU,Jacksonville Jaguars,away,13,6,QB,26,47.27272727272727,16,24,140,0,0,1,2,2,0,0,0,0,0,0
2022,5,"80 degrees, relative humidity 69%, wind 8 mph",Jacksonville Jaguars,Houston Texans,Jordan Akins,HOU,Jacksonville Jaguars,away,13,6,TE,0,0.0,0,0,0,0,0,0,0,0,0,2,2,22,0,0
2022,5,"80 degrees, relative humidity 69%, wind 8 mph",Jacksonville Jaguars,Houston Texans,Mason Schreck,HOU,Jacksonville Jaguars,away,13,6,TE,0,0.0,0,0,0,0,0,0,0,0,0,1,1,6,0,0
2022,5,"80 degrees, relative humidity 69%, wind 8 mph",Jacksonville Jaguars,Houston Texans,Nico Collins,HOU,Jacksonville Jaguars,away,13,6,WR,0,0.0,0,0,0,0,0,0,0,0,0,6,4,65,0,0
2022,5,"80 degrees, relative humidity 69%, wind 8 mph",Jacksonville Jaguars,Houston Texans,O.J. Howard,HOU,Jacksonville Jaguars,away,13,6,TE,0,0.0,0,0,0,0,0,0,0,0,0,1,0,0,0,0
2022,5,"80 degrees, relative humidity 69%, wind 8 mph",Jacksonville Jaguars,Houston Texans,Rex Burkhead,HOU,Jacksonville Jaguars,away,13,6,RB,3,5.454545454545454,0,0,0,0,0,0,3,15,0,3,2,13,0,0
2022,5,"69 degrees, relative humidity 24%, wind 6 mph",Denver Broncos,Indianapolis Colts,Alec Pierce,IND,Denver Broncos,away,12,9,WR,0,0.0,0,0,0,0,0,0,0,0,0,9,8,81,0,1
2022,5,"69 degrees, relative humidity 24%, wind 6 mph",Denver Broncos,Indianapolis Colts,Ashton Dulin,IND,Denver Broncos,away,12,9,WR,0,0.0,0,0,0,0,0,0,0,0,0,1,1,18,0,0
2022,5,"69 degrees, relative humidity 24%, wind 6 mph",Denver Broncos,Indianapolis Colts,Deon Jackson,IND,Denver Broncos,away,12,9,RB,13,19.402985074626866,0,0,0,0,0,0,13,62,0,4,4,29,0,0
2022,5,"69 degrees, relative humidity 24%, wind 6 mph",Denver Broncos,Indianapolis Colts,Jelani Woods,IND,Denver Broncos,away,12,9,TE,0,0.0,0,0,0,0,0,0,0,0,0,1,0,0,0,0
2022,5,"69 degrees, relative humidity 24%, wind 6 mph",Denver Broncos,Indianapolis Colts,Kylen Granson,IND,Denver Broncos,away,12,9,TE,0,0.0,0,0,0,0,0,0,0,0,0,3,1,16,0,0
2022,5,"69 degrees, relative humidity 24%, wind 6 mph",Denver Broncos,Indianapolis Colts,Matt Ryan,IND,Denver Broncos,away,12,9,QB,42,62.68656716417911,26,41,251,0,2,6,1,1,0,0,0,0,0,2
2022,5,"69 degrees, relative humidity 24%, wind 6 mph",Denver Broncos,Indianapolis Colts,Michael Pittman Jr.,IND,Denver Broncos,away,12,9,WR,0,0.0,0,0,0,0,0,0,0,0,0,8,5,59,0,0
2022,5,"69 degrees, relative humidity 24%, wind 6 mph",Denver Broncos,Indianapolis Colts,Mo Alie-Cox,IND,Denver Broncos,away,12,9,TE,0,0.0,0,0,0,0,0,0,0,0,0,1,1,7,0,0
2022,5,"69 degrees, relative humidity 24%, wind 6 mph",Denver Broncos,Indianapolis Colts,Nyheim Hines,IND,Denver Broncos,away,12,9,RB,1,1.4925373134328357,0,0,0,0,0,0,1,3,0,2,1,5,0,0
2022,5,"69 degrees, relative humidity 24%, wind 6 mph",Denver Broncos,Indianapolis Colts,Parris Campbell,IND,Denver Broncos,away,12,9,WR,0,0.0,0,0,0,0,0,0,0,0,0,3,2,22,0,0
2022,5,"69 degrees, relative humidity 24%, wind 6 mph",Denver Broncos,Indianapolis Colts,Phillip Lindsay,IND,Denver Broncos,away,12,9,RB,11,16.417910447761194,0,0,0,0,0,0,11,40,0,4,3,14,0,0
2022,5,"80 degrees, relative humidity 69%, wind 8 mph",Jacksonville Jaguars,Houston Texans,Chris Manhertz,JAX,Jacksonville Jaguars,away,13,6,TE,0,0.0,0,0,0,0,0,0,0,0,0,2,2,15,0,0
2022,5,"80 degrees, relative humidity 69%, wind 8 mph",Jacksonville Jaguars,Houston Texans,Christian Kirk,JAX,Jacksonville Jaguars,away,13,6,WR,0,0.0,0,0,0,0,0,0,0,0,0,3,1,11,0,0
2022,5,"80 degrees, relative humidity 69%, wind 8 mph",Jacksonville Jaguars,Houston Texans,Dan Arnold,JAX,Jacksonville Jaguars,away,13,6,TE,0,0.0,0,0,0,0,0,0,0,0,0,2,1,20,0,0
2022,5,"80 degrees, relative humidity 69%, wind 8 mph",Jacksonville Jaguars,Houston Texans,Evan Engram,JAX,Jacksonville Jaguars,away,13,6,TE,0,0.0,0,0,0,0,0,0,0,0,0,10,6,69,0,0
2022,5,"80 degrees, relative humidity 69%, wind 8 mph",Jacksonville Jaguars,Houston Texans,Jamal Agnew,JAX,Jacksonville Jaguars,away,13,6,WR,1,1.36986301369863,0,0,0,0,0,0,1,3,0,1,0,0,0,0
2022,5,"80 degrees, relative humidity 69%, wind 8 mph",Jacksonville Jaguars,Houston Texans,James Robinson,JAX,Jacksonville Jaguars,away,13,6,RB,10,13.698630136986301,0,0,0,0,0,0,10,27,0,2,2,12,0,0
2022,5,"80 degrees, relative humidity 69%, wind 8 mph",Jacksonville Jaguars,Houston Texans,Jamycal Hasty,JAX,Jacksonville Jaguars,away,13,6,RB,1,1.36986301369863,0,0,0,0,0,0,1,6,0,0,0,0,0,0
2022,5,"80 degrees, relative humidity 69%, wind 8 mph",Jacksonville Jaguars,Houston Texans,Marvin Jones,JAX,Jacksonville Jaguars,away,13,6,WR,0,0.0,0,0,0,0,0,0,0,0,0,11,7,104,0,0
2022,5,"80 degrees, relative humidity 69%, wind 8 mph",Jacksonville Jaguars,Houston Texans,Travis Etienne,JAX,Jacksonville Jaguars,away,13,6,RB,10,13.698630136986301,0,0,0,0,0,0,10,71,0,5,3,43,0,0
2022,5,"80 degrees, relative humidity 69%, wind 8 mph",Jacksonville Jaguars,Houston Texans,Trevor Lawrence,JAX,Jacksonville Jaguars,away,13,6,QB,51,69.86301369863014,25,47,286,0,2,0,4,29,0,0,0,0,0,0
2022,5,"80 degrees, relative humidity 69%, wind 8 mph",Jacksonville Jaguars,Houston Texans,Zay Jones,JAX,Jacksonville Jaguars,away,13,6,WR,0,0.0,0,0,0,0,0,0,0,0,0,8,3,12,0,0
2022,5,"77 degrees, relative humidity 37%, wind 5 mph",Las Vegas Raiders,Kansas City Chiefs,Clyde Edwards-Helaire,KAN,Las Vegas Raiders,away,30,29,RB,9,13.636363636363635,0,0,0,0,0,0,9,15,0,4,3,20,0,0
2022,5,"77 degrees, relative humidity 37%, wind 5 mph",Las Vegas Raiders,Kansas City Chiefs,Isiah Pacheco,KAN,Las Vegas Raiders,away,30,29,RB,1,1.5151515151515151,0,0,0,0,0,0,1,0,0,0,0,0,0,0
2022,5,"77 degrees, relative humidity 37%, wind 5 mph",Las Vegas Raiders,Kansas City Chiefs,Jerick McKinnon,KAN,Las Vegas Raiders,away,30,29,RB,8,12.121212121212121,0,0,0,0,0,0,8,53,0,3,2,19,0,0
2022,5,"77 degrees, relative humidity 37%, wind 5 mph",Las Vegas Raiders,Kansas City Chiefs,JuJu Smith-Schuster,KAN,Las Vegas Raiders,away,30,29,WR,0,0.0,0,0,0,0,0,0,0,0,0,8,3,33,0,0
2022,5,"77 degrees, relative humidity 37%, wind 5 mph",Las Vegas Raiders,Kansas City Chiefs,Justin Watson,KAN,Las Vegas Raiders,away,30,29,WR,0,0.0,0,0,0,0,0,0,0,0,0,1,1,10,0,0
2022,5,"77 degrees, relative humidity 37%, wind 5 mph",Las Vegas Raiders,Kansas City Chiefs,Marquez Valdes-Scantling,KAN,Las Vegas Raiders,away,30,29,WR,0,0.0,0,0,0,0,0,0,0,0,0,8,6,90,0,0
2022,5,"77 degrees, relative humidity 37%, wind 5 mph",Las Vegas Raiders,Kansas City Chiefs,Mecole Hardman,KAN,Las Vegas Raiders,away,30,29,WR,1,1.5151515151515151,0,0,0,0,0,0,1,7,0,5,4,73,0,0
2022,5,"77 degrees, relative humidity 37%, wind 5 mph",Las Vegas Raiders,Kansas City Chiefs,Noah Gray,KAN,Las Vegas Raiders,away,30,29,TE,0,0.0,0,0,0,0,0,0,0,0,0,2,1,7,0,0
2022,5,"77 degrees, relative humidity 37%, wind 5 mph",Las Vegas Raiders,Kansas City Chiefs,Patrick Mahomes,KAN,Las Vegas Raiders,away,30,29,QB,47,71.21212121212122,29,43,292,4,0,3,4,28,0,0,0,0,0,0
2022,5,"77 degrees, relative humidity 37%, wind 5 mph",Las Vegas Raiders,Kansas City Chiefs,Skyy Moore,KAN,Las Vegas Raiders,away,30,29,WR,0,0.0,0,0,0,0,0,0,0,0,0,3,2,15,0,0
2022,5,"77 degrees, relative humidity 37%, wind 5 mph",Las Vegas Raiders,Kansas City Chiefs,Travis Kelce,KAN,Las Vegas Raiders,away,30,29,TE,0,0.0,0,0,0,0,0,0,0,0,0,8,7,25,4,0
2022,5,"59 degrees, relative humidity 44%, wind 15 mph",Cleveland Browns,Los Angeles Chargers,Austin Ekeler,LAC,Cleveland Browns,away,30,28,RB,16,23.52941176470588,0,0,0,0,0,0,16,173,1,4,4,26,1,0
2022,5,"59 degrees, relative humidity 44%, wind 15 mph",Cleveland Browns,Los Angeles Chargers,DeAndre Carter,LAC,Cleveland Browns,away,30,28,WR,0,0.0,0,0,0,0,0,0,0,0,0,2,2,9,0,0
2022,5,"59 degrees, relative humidity 44%, wind 15 mph",Cleveland Browns,Los Angeles Chargers,Donald Parham,LAC,Cleveland Browns,away,30,28,TE,0,0.0,0,0,0,0,0,0,0,0,0,1,0,0,0,0
2022,5,"59 degrees, relative humidity 44%, wind 15 mph",Cleveland Browns,Los Angeles Chargers,Gerald Everett,LAC,Cleveland Browns,away,30,28,TE,0,0.0,0,0,0,0,0,0,0,0,0,3,1,2,0,0
2022,5,"59 degrees, relative humidity 44%, wind 15 mph",Cleveland Browns,Los Angeles Chargers,Josh Palmer,LAC,Cleveland Browns,away,30,28,WR,0,0.0,0,0,0,0,0,0,0,0,0,6,3,24,0,0
2022,5,"59 degrees, relative humidity 44%, wind 15 mph",Cleveland Browns,Los Angeles Chargers,Joshua Kelley,LAC,Cleveland Browns,away,30,28,RB,10,14.705882352941178,0,0,0,0,0,0,10,49,1,2,2,33,0,0
2022,5,"59 degrees, relative humidity 44%, wind 15 mph",Cleveland Browns,Los Angeles Chargers,Justin Herbert,LAC,Cleveland Browns,away,30,28,QB,39,57.35294117647059,22,34,228,1,0,1,5,13,0,0,0,0,0,0
2022,5,"59 degrees, relative humidity 44%, wind 15 mph",Cleveland Browns,Los Angeles Chargers,Mike Williams,LAC,Cleveland Browns,away,30,28,WR,0,0.0,0,0,0,0,0,0,0,0,0,13,10,134,0,0
2022,5,"59 degrees, relative humidity 44%, wind 15 mph",Cleveland Browns,Los Angeles Chargers,Sony Michel,LAC,Cleveland Browns,away,30,28,RB,1,1.4705882352941175,0,0,0,0,0,0,1,0,0,0,0,0,0,0
2022,5,"59 degrees, relative humidity 44%, wind 15 mph",Cleveland Browns,Los Angeles Chargers,Tre' McKitty,LAC,Cleveland Browns,away,30,28,TE,0,0.0,0,0,0,0,0,0,0,0,0,2,0,0,0,0
2022,5,"59 degrees, relative humidity 44%, wind 15 mph",Cleveland Browns,Los Angeles Chargers,Zander Horvath,LAC,Cleveland Browns,away,30,28,RB,2,2.941176470588235,0,0,0,0,0,0,2,3,0,0,0,0,0,0
2022,5,,Los Angeles Rams,Dallas Cowboys,Allen Robinson,LAR,Los Angeles Rams,away,22,10,WR,0,0.0,0,0,0,0,0,0,0,0,0,5,3,12,0,0
2022,5,,Los Angeles Rams,Dallas Cowboys,Ben Skowronek,LAR,Los Angeles Rams,away,22,10,WR,0,0.0,0,0,0,0,0,0,0,0,0,8,6,41,0,0
2022,5,,Los Angeles Rams,Dallas Cowboys,Brandon Powell,LAR,Los Angeles Rams,away,22,10,WR,1,1.694915254237288,0,0,0,0,0,0,1,1,0,0,0,0,0,0
2022,5,,Los Angeles Rams,Dallas Cowboys,Cam Akers,LAR,Los Angeles Rams,away,22,10,RB,13,22.033898305084744,0,0,0,0,0,0,13,33,0,1,0,0,0,0
2022,5,,Los Angeles Rams,Dallas Cowboys,Cooper Kupp,LAR,Los Angeles Rams,away,22,10,WR,2,3.389830508474576,0,1,0,0,0,0,1,4,0,10,7,125,1,0
2022,5,,Los Angeles Rams,Dallas Cowboys,Darrell Henderson,LAR,Los Angeles Rams,away,22,10,RB,0,0.0,0,0,0,0,0,0,0,0,0,5,4,30,0,0
2022,5,,Los Angeles Rams,Dallas Cowboys,Jake Gervase,LAR,Los Angeles Rams,away,22,10,LB,0,0.0,0,0,0,0,0,0,0,0,0,1,1,12,0,0
2022,5,,Los Angeles Rams,Dallas Cowboys,Matthew Stafford,LAR,Los Angeles Rams,away,22,10,QB,42,71.1864406779661,28,42,308,1,1,5,0,0,0,0,0,0,0,2
2022,5,,Los Angeles Rams,Dallas Cowboys,Riley Dixon,LAR,Los Angeles Rams,away,22,10,P,1,1.694915254237288,1,1,12,0,0,0,0,0,0,0,0,0,0,0
2022,5,,Los Angeles Rams,Dallas Cowboys,Tutu Atwell,LAR,Los Angeles Rams,away,22,10,WR,0,0.0,0,0,0,0,0,0,0,0,0,2,1,54,0,0
2022,5,,Los Angeles Rams,Dallas Cowboys,Tyler Higbee,LAR,Los Angeles Rams,away,22,10,TE,0,0.0,0,0,0,0,0,0,0,0,0,10,7,46,0,0
2022,5,"77 degrees, relative humidity 37%, wind 5 mph",Las Vegas Raiders,Kansas City Chiefs,Brandon Bolden,LVR,Las Vegas Raiders,away,30,29,RB,1,1.8518518518518516,0,0,0,0,0,0,1,5,0,3,3,29,0,0
2022,5,"77 degrees, relative humidity 37%, wind 5 mph",Las Vegas Raiders,Kansas City Chiefs,Davante Adams,LVR,Las Vegas Raiders,away,30,29,WR,0,0.0,0,0,0,0,0,0,0,0,0,7,3,124,2,1
2022,5,"77 degrees, relative humidity 37%, wind 5 mph",Las Vegas Raiders,Kansas City Chiefs,Derek Carr,LVR,Las Vegas Raiders,away,30,29,QB,31,57.407407407407405,19,30,241,2,0,2,1,3,0,0,0,0,0,0
2022,5,"77 degrees, relative humidity 37%, wind 5 mph",Las Vegas Raiders,Kansas City Chiefs,Hunter Renfrow,LVR,Las Vegas Raiders,away,30,29,WR,0,0.0,0,0,0,0,0,0,0,0,0,4,4,25,0,0
2022,5,"77 degrees, relative humidity 37%, wind 5 mph",Las Vegas Raiders,Kansas City Chiefs,Jakob Johnson,LVR,Las Vegas Raiders,away,30,29,FB,0,0.0,0,0,0,0,0,0,0,0,0,1,1,5,0,0
2022,5,"77 degrees, relative humidity 37%, wind 5 mph",Las Vegas Raiders,Kansas City Chiefs,Jesper Horsted,LVR,Las Vegas Raiders,away,30,29,TE,0,0.0,0,0,0,0,0,0,0,0,0,3,3,19,0,0
2022,5,"77 degrees, relative humidity 37%, wind 5 mph",Las Vegas Raiders,Kansas City Chiefs,Josh Jacobs,LVR,Las Vegas Raiders,away,30,29,RB,21,38.88888888888889,0,0,0,0,0,0,21,154,1,5,5,39,0,0
2022,5,"77 degrees, relative humidity 37%, wind 5 mph",Las Vegas Raiders,Kansas City Chiefs,Mack Hollins,LVR,Las Vegas Raiders,away,30,29,WR,0,0.0,0,0,0,0,0,0,0,0,0,4,0,0,0,0
2022,5,"77 degrees, relative humidity 37%, wind 5 mph",Las Vegas Raiders,Kansas City Chiefs,Zamir White,LVR,Las Vegas Raiders,away,30,29,RB,1,1.8518518518518516,0,0,0,0,0,0,1,-7,0,0,0,0,0,0
2022,5,"63 degrees, relative humidity 37%, wind 12 mph",Miami Dolphins,New York Jets,Cedrick Wilson Jr.,MIA,Miami Dolphins,away,40,17,WR,0,0.0,0,0,0,0,0,0,0,0,0,4,2,20,0,0
2022,5,"63 degrees, relative humidity 37%, wind 12 mph",Miami Dolphins,New York Jets,Chase Edmonds,MIA,Miami Dolphins,away,40,17,RB,1,1.6666666666666667,0,0,0,0,0,0,1,1,0,2,0,0,0,0
2022,5,"63 degrees, relative humidity 37%, wind 12 mph",Miami Dolphins,New York Jets,Durham Smythe,MIA,Miami Dolphins,away,40,17,TE,1,1.6666666666666667,0,0,0,0,0,0,1,1,1,1,1,8,0,0
2022,5,"63 degrees, relative humidity 37%, wind 12 mph",Miami Dolphins,New York Jets,Jaylen Waddle,MIA,Miami Dolphins,away,40,17,WR,0,0.0,0,0,0,0,0,0,0,0,0,4,3,23,0,0
2022,5,"63 degrees, relative humidity 37%, wind 12 mph",Miami Dolphins,New York Jets,Mike Gesicki,MIA,Miami Dolphins,away,40,17,TE,0,0.0,0,0,0,0,0,0,0,0,0,2,1,30,0,0
2022,5,"63 degrees, relative humidity 37%, wind 12 mph",Miami Dolphins,New York Jets,Myles Gaskin,MIA,Miami Dolphins,away,40,17,RB,4,6.666666666666667,0,0,0,0,0,0,4,9,0,5,3,24,0,0
2022,5,"63 degrees, relative humidity 37%, wind 12 mph",Miami Dolphins,New York Jets,Raheem Mostert,MIA,Miami Dolphins,away,40,17,RB,18,30.0,0,0,0,0,0,0,18,113,1,3,1,9,0,0
2022,5,"63 degrees, relative humidity 37%, wind 12 mph",Miami Dolphins,New York Jets,River Cracraft,MIA,Miami Dolphins,away,40,17,WR,0,0.0,0,0,0,0,0,0,0,0,0,1,0,0,0,0
2022,5,"63 degrees, relative humidity 37%, wind 12 mph",Miami Dolphins,New York Jets,Skylar Thompson,MIA,Miami Dolphins,away,40,17,QB,33,55.00000000000001,19,33,166,0,1,2,0,0,0,0,0,0,0,1
2022,5,"63 degrees, relative humidity 37%, wind 12 mph",Miami Dolphins,New York Jets,Tanner Conner,MIA,Miami Dolphins,away,40,17,WR,0,0.0,0,0,0,0,0,0,0,0,0,1,0,0,0,0
2022,5,"63 degrees, relative humidity 37%, wind 12 mph",Miami Dolphins,New York Jets,Teddy Bridgewater,MIA,Miami Dolphins,away,40,17,QB,1,1.6666666666666667,0,1,0,0,0,0,0,0,0,0,0,0,0,0
2022,5,"63 degrees, relative humidity 37%, wind 12 mph",Miami Dolphins,New York Jets,Trent Sherfield,MIA,Miami Dolphins,away,40,17,WR,0,0.0,0,0,0,0,0,0,0,0,0,2,1,5,0,0
2022,5,"63 degrees, relative humidity 37%, wind 12 mph",Miami Dolphins,New York Jets,Tyreek Hill,MIA,Miami Dolphins,away,40,17,WR,2,3.3333333333333335,0,0,0,0,0,0,2,13,0,7,7,47,0,0
2022,5,,Chicago Bears,Minnesota Vikings,Adam Thielen,MIN,Chicago Bears,away,29,22,WR,0,0.0,0,0,0,0,0,0,0,0,0,7,4,27,0,0
2022,5,,Chicago Bears,Minnesota Vikings,Alexander Mattison,MIN,Chicago Bears,away,29,22,RB,9,12.32876712328767,0,0,0,0,0,0,9,19,0,4,3,21,0,0
2022,5,,Chicago Bears,Minnesota Vikings,Dalvin Cook,MIN,Chicago Bears,away,29,22,RB,18,24.65753424657534,0,0,0,0,0,0,18,94,2,2,2,27,0,0
2022,5,,Chicago Bears,Minnesota Vikings,Irv Smith Jr.,MIN,Chicago Bears,away,29,22,TE,0,0.0,0,0,0,0,0,0,0,0,0,5,4,42,0,0
2022,5,,Chicago Bears,Minnesota Vikings,Jalen Reagor,MIN,Chicago Bears,away,29,22,WR,0,0.0,0,0,0,0,0,0,0,0,0,1,1,1,1,1
2022,5,,Chicago Bears,Minnesota Vikings,Johnny Mundt,MIN,Chicago Bears,away,29,22,TE,0,0.0,0,0,0,0,0,0,0,0,0,2,2,6,0,0
2022,5,,Chicago Bears,Minnesota Vikings,Justin Jefferson,MIN,Chicago Bears,away,29,22,WR,1,1.36986301369863,1,1,23,0,0,0,0,0,0,13,12,154,0,0
2022,5,,Chicago Bears,Minnesota Vikings,K.J. Osborn,MIN,Chicago Bears,away,29,22,WR,0,0.0,0,0,0,0,0,0,0,0,0,5,5,41,0,0
2022,5,,Chicago Bears,Minnesota Vikings,Kirk Cousins,MIN,Chicago Bears,away,29,22,QB,45,61.64383561643836,32,41,296,1,1,1,4,4,1,0,0,0,0,0
2022,5,,Seattle Seahawks,New Orleans Saints,Adam Trautman,NOR,Seattle Seahawks,away,39,32,TE,0,0.0,0,0,0,0,0,0,0,0,0,3,2,32,1,0
2022,5,,Seattle Seahawks,New Orleans Saints,Alvin Kamara,NOR,Seattle Seahawks,away,39,32,RB,23,31.506849315068493,0,0,0,0,0,0,23,103,0,6,6,91,0,1
2022,5,,Seattle Seahawks,New Orleans Saints,Andy Dalton,NOR,Seattle Seahawks,away,39,32,QB,31,42.465753424657535,16,24,187,1,1,1,7,4,0,0,0,0,0,0
2022,5,,Seattle Seahawks,New Orleans Saints,Chris Olave,NOR,Seattle Seahawks,away,39,32,WR,0,0.0,0,0,0,0,0,0,0,0,0,6,4,54,1,0
2022,5,,Seattle Seahawks,New Orleans Saints,Juwan Johnson,NOR,Seattle Seahawks,away,39,32,TE,0,0.0,0,0,0,0,0,0,0,0,0,2,1,13,0,0
2022,5,,Seattle Seahawks,New Orleans Saints,Keith Kirkwood,NOR,Seattle Seahawks,away,39,32,WR,0,0.0,0,0,0,0,0,0,0,0,0,1,1,4,0,0
2022,5,,Seattle Seahawks,New Orleans Saints,Mark Ingram,NOR,Seattle Seahawks,away,39,32,RB,9,12.32876712328767,0,0,0,0,0,0,9,16,0,0,0,0,0,0
2022,5,,Seattle Seahawks,New Orleans Saints,Marquez Callaway,NOR,Seattle Seahawks,away,39,32,WR,0,0.0,0,0,0,0,0,0,0,0,0,3,2,5,0,0
2022,5,,Seattle Seahawks,New Orleans Saints,Taysom Hill,NOR,Seattle Seahawks,away,39,32,TE,10,13.698630136986301,1,1,22,1,0,0,9,112,3,0,0,0,0,1
2022,5,,Seattle Seahawks,New Orleans Saints,Tre'Quan Smith,NOR,Seattle Seahawks,away,39,32,WR,0,0.0,0,0,0,0,0,0,0,0,0,4,1,10,0,0
2022,5,"58 degrees, relative humidity 44%, wind 12 mph",Detroit Lions,New England Patriots,Bailey Zappe,NWE,Detroit Lions,away,29,0,QB,26,46.42857142857143,17,21,188,1,1,0,5,5,0,0,0,0,0,1
2022,5,"58 degrees, relative humidity 44%, wind 12 mph",Detroit Lions,New England Patriots,Damien Harris,NWE,Detroit Lions,away,29,0,RB,4,7.142857142857142,0,0,0,0,0,0,4,11,0,1,1,1,0,0
2022,5,"58 degrees, relative humidity 44%, wind 12 mph",Detroit Lions,New England Patriots,Hunter Henry,NWE,Detroit Lions,away,29,0,TE,0,0.0,0,0,0,0,0,0,0,0,0,5,4,54,0,0
2022,5,"58 degrees, relative humidity 44%, wind 12 mph",Detroit Lions,New England Patriots,Jakobi Meyers,NWE,Detroit Lions,away,29,0,WR,0,0.0,0,0,0,0,0,0,0,0,0,8,7,111,1,0
2022,5,"58 degrees, relative humidity 44%, wind 12 mph",Detroit Lions,New England Patriots,Kendrick Bourne,NWE,Detroit Lions,away,29,0,WR,1,1.7857142857142856,0,0,0,0,0,0,1,-1,0,1,1,1,0,0
2022,5,"58 degrees, relative humidity 44%, wind 12 mph",Detroit Lions,New England Patriots,Nelson Agholor,NWE,Detroit Lions,away,29,0,WR,0,0.0,0,0,0,0,0,0,0,0,0,1,0,0,0,0
2022,5,"58 degrees, relative humidity 44%, wind 12 mph",Detroit Lions,New England Patriots,Rhamondre Stevenson,NWE,Detroit Lions,away,29,0,RB,25,44.642857142857146,0,0,0,0,0,0,25,161,0,2,2,14,0,0
2022,5,"58 degrees, relative humidity 44%, wind 12 mph",Detroit Lions,New England Patriots,Tyquan Thornton,NWE,Detroit Lions,away,29,0,WR,0,0.0,0,0,0,0,0,0,0,0,0,3,2,7,0,0
2022,5,"64 degrees, relative humidity 48%, wind 10 mph",Green Bay Packers,New York Giants,Chris Myarick,NYG,Green Bay Packers,away,27,22,TE,0,0.0,0,0,0,0,0,0,0,0,0,1,1,4,0,0
2022,5,"64 degrees, relative humidity 48%, wind 10 mph",Green Bay Packers,New York Giants,Daniel Bellinger,NYG,Green Bay Packers,away,27,22,TE,1,1.7241379310344827,0,0,0,0,0,0,1,2,1,3,2,22,0,0
2022,5,"64 degrees, relative humidity 48%, wind 10 mph",Green Bay Packers,New York Giants,Daniel Jones,NYG,Green Bay Packers,away,27,22,QB,37,63.793103448275865,21,27,217,0,0,1,10,37,0,0,0,0,0,0
2022,5,"64 degrees, relative humidity 48%, wind 10 mph",Green Bay Packers,New York Giants,Darius Slayton,NYG,Green Bay Packers,away,27,22,WR,0,0.0,0,0,0,0,0,0,0,0,0,7,6,79,0,0
2022,5,"64 degrees, relative humidity 48%, wind 10 mph",Green Bay Packers,New York Giants,David Sills,NYG,Green Bay Packers,away,27,22,UNK,0,0.0,0,0,0,0,0,0,0,0,0,2,2,12,0,0
2022,5,"64 degrees, relative humidity 48%, wind 10 mph",Green Bay Packers,New York Giants,Gary Brightwell,NYG,Green Bay Packers,away,27,22,RB,2,3.4482758620689653,0,0,0,0,0,0,2,5,1,0,0,0,0,0
2022,5,"64 degrees, relative humidity 48%, wind 10 mph",Green Bay Packers,New York Giants,Jamie Gillan,NYG,Green Bay Packers,away,27,22,P,1,1.7241379310344827,0,0,0,0,0,0,1,-3,0,0,0,0,0,0
2022,5,"64 degrees, relative humidity 48%, wind 10 mph",Green Bay Packers,New York Giants,Marcus Johnson,NYG,Green Bay Packers,away,27,22,WR,0,0.0,0,0,0,0,0,0,0,0,0,3,3,35,0,0
2022,5,"64 degrees, relative humidity 48%, wind 10 mph",Green Bay Packers,New York Giants,Matt Breida,NYG,Green Bay Packers,away,27,22,RB,4,6.896551724137931,0,0,0,0,0,0,4,14,0,2,2,13,0,0
2022,5,"64 degrees, relative humidity 48%, wind 10 mph",Green Bay Packers,New York Giants,Richie James,NYG,Green Bay Packers,away,27,22,WR,0,0.0,0,0,0,0,0,0,0,0,0,2,2,16,0,0
2022,5,"64 degrees, relative humidity 48%, wind 10 mph",Green Bay Packers,New York Giants,Saquon Barkley,NYG,Green Bay Packers,away,27,22,RB,13,22.413793103448278,0,0,0,0,0,0,13,70,1,6,3,36,0,0
2022,5,"63 degrees, relative humidity 37%, wind 12 mph",Miami Dolphins,New York Jets,Braxton Berrios,NYJ,Miami Dolphins,away,40,17,WR,1,1.8518518518518516,0,0,0,0,0,0,1,15,1,1,1,-1,0,0
2022,5,"63 degrees, relative humidity 37%, wind 12 mph",Miami Dolphins,New York Jets,Breece Hall,NYJ,Miami Dolphins,away,40,17,RB,18,33.33333333333333,0,0,0,0,0,0,18,97,1,2,2,100,0,0
2022,5,"63 degrees, relative humidity 37%, wind 12 mph",Miami Dolphins,New York Jets,C.J. Uzomah,NYJ,Miami Dolphins,away,40,17,TE,0,0.0,0,0,0,0,0,0,0,0,0,2,2,12,0,0
2022,5,"63 degrees, relative humidity 37%, wind 12 mph",Miami Dolphins,New York Jets,Corey Davis,NYJ,Miami Dolphins,away,40,17,WR,0,0.0,0,0,0,0,0,0,0,0,0,4,2,38,0,0
2022,5,"63 degrees, relative humidity 37%, wind 12 mph",Miami Dolphins,New York Jets,Elijah Moore,NYJ,Miami Dolphins,away,40,17,WR,0,0.0,0,0,0,0,0,0,0,0,0,4,1,11,0,0
2022,5,"63 degrees, relative humidity 37%, wind 12 mph",Miami Dolphins,New York Jets,Garrett Wilson,NYJ,Miami Dolphins,away,40,17,WR,0,0.0,0,0,0,0,0,0,0,0,0,4,3,27,0,0
2022,5,"63 degrees, relative humidity 37%, wind 12 mph",Miami Dolphins,New York Jets,Jeff Smith,NYJ,Miami Dolphins,away,40,17,WR,0,0.0,0,0,0,0,0,0,0,0,0,1,1,11,0,0
2022,5,"63 degrees, relative humidity 37%, wind 12 mph",Miami Dolphins,New York Jets,Michael Carter,NYJ,Miami Dolphins,away,40,17,RB,10,18.51851851851852,0,0,0,0,0,0,10,21,2,2,2,12,0,0
2022,5,"63 degrees, relative humidity 37%, wind 12 mph",Miami Dolphins,New York Jets,Tyler Conklin,NYJ,Miami Dolphins,away,40,17,TE,0,0.0,0,0,0,0,0,0,0,0,0,1,0,0,0,0
2022,5,"63 degrees, relative humidity 37%, wind 12 mph",Miami Dolphins,New York Jets,Zach Wilson,NYJ,Miami Dolphins,away,40,17,QB,25,46.2962962962963,14,21,210,0,0,2,4,2,1,0,0,0,0,0
2022,5,,Arizona Cardinals,Philadelphia Eagles,A.J. Brown,PHI,Arizona Cardinals,away,20,17,WR,0,0.0,0,0,0,0,0,0,0,0,0,7,3,32,0,0
2022,5,,Arizona Cardinals,Philadelphia Eagles,Dallas Goedert,PHI,Arizona Cardinals,away,20,17,TE,0,0.0,0,0,0,0,0,0,0,0,0,9,8,95,0,0
2022,5,,Arizona Cardinals,Philadelphia Eagles,DeVonta Smith,PHI,Arizona Cardinals,away,20,17,WR,0,0.0,0,0,0,0,0,0,0,0,0,11,10,87,0,0
2022,5,,Arizona Cardinals,Philadelphia Eagles,Jalen Hurts,PHI,Arizona Cardinals,away,20,17,QB,51,73.91304347826086,26,36,239,0,0,2,15,61,2,0,0,0,0,0
2022,5,,Arizona Cardinals,Philadelphia Eagles,Kenneth Gainwell,PHI,Arizona Cardinals,away,20,17,RB,3,4.3478260869565215,0,0,0,0,0,0,3,20,0,0,0,0,0,0
2022,5,,Arizona Cardinals,Philadelphia Eagles,Miles Sanders,PHI,Arizona Cardinals,away,20,17,RB,15,21.73913043478261,0,0,0,0,0,0,15,58,0,3,2,6,0,0
2022,5,,Arizona Cardinals,Philadelphia Eagles,Quez Watkins,PHI,Arizona Cardinals,away,20,17,WR,0,0.0,0,0,0,0,0,0,0,0,0,4,3,19,0,0
2022,5,"55 degrees, relative humidity 62%, wind 16 mph",Pittsburgh Steelers,Buffalo Bills,Chase Claypool,PIT,Pittsburgh Steelers,away,38,3,WR,0,0.0,0,0,0,0,0,0,0,0,0,9,5,50,0,0
2022,5,"55 degrees, relative humidity 62%, wind 16 mph",Pittsburgh Steelers,Buffalo Bills,Connor Heyward,PIT,Pittsburgh Steelers,away,38,3,TE,0,0.0,0,0,0,0,0,0,0,0,0,2,2,12,0,0
2022,5,"55 degrees, relative humidity 62%, wind 16 mph",Pittsburgh Steelers,Buffalo Bills,Derek Watt,PIT,Pittsburgh Steelers,away,38,3,FB,0,0.0,0,0,0,0,0,0,0,0,0,1,1,1,0,0
2022,5,"55 degrees, relative humidity 62%, wind 16 mph",Pittsburgh Steelers,Buffalo Bills,Diontae Johnson,PIT,Pittsburgh Steelers,away,38,3,WR,0,0.0,0,0,0,0,0,0,0,0,0,13,5,60,0,0
2022,5,"55 degrees, relative humidity 62%, wind 16 mph",Pittsburgh Steelers,Buffalo Bills,George Pickens,PIT,Pittsburgh Steelers,away,38,3,WR,0,0.0,0,0,0,0,0,0,0,0,0,8,6,83,0,0
2022,5,"55 degrees, relative humidity 62%, wind 16 mph",Pittsburgh Steelers,Buffalo Bills,Jaylen Warren,PIT,Pittsburgh Steelers,away,38,3,RB,5,7.246376811594203,0,0,0,0,0,0,5,24,0,5,4,39,0,0
2022,5,"55 degrees, relative humidity 62%, wind 16 mph",Pittsburgh Steelers,Buffalo Bills,Kenny Pickett,PIT,Pittsburgh Steelers,away,38,3,QB,53,76.81159420289855,34,52,327,0,1,3,1,10,0,0,0,0,0,0
2022,5,"55 degrees, relative humidity 62%, wind 16 mph",Pittsburgh Steelers,Buffalo Bills,Miles Boykin,PIT,Pittsburgh Steelers,away,38,3,WR,0,0.0,0,0,0,0,0,0,0,0,0,1,1,11,0,0
2022,5,"55 degrees, relative humidity 62%, wind 16 mph",Pittsburgh Steelers,Buffalo Bills,Najee Harris,PIT,Pittsburgh Steelers,away,38,3,RB,11,15.942028985507244,0,0,0,0,0,0,11,20,0,4,3,16,0,0
2022,5,"55 degrees, relative humidity 62%, wind 16 mph",Pittsburgh Steelers,Buffalo Bills,Pat Freiermuth,PIT,Pittsburgh Steelers,away,38,3,TE,0,0.0,0,0,0,0,0,0,0,0,0,2,2,12,0,0
2022,5,"55 degrees, relative humidity 62%, wind 16 mph",Pittsburgh Steelers,Buffalo Bills,Zach Gentry,PIT,Pittsburgh Steelers,away,38,3,TE,0,0.0,0,0,0,0,0,0,0,0,0,6,5,43,0,0
2022,5,,Seattle Seahawks,New Orleans Saints,D'Wayne Eskridge,SEA,Seattle Seahawks,away,39,32,WR,0,0.0,0,0,0,0,0,0,0,0,0,1,0,0,0,0
2022,5,,Seattle Seahawks,New Orleans Saints,D.K. Metcalf,SEA,Seattle Seahawks,away,39,32,WR,0,0.0,0,0,0,0,0,0,0,0,0,8,5,88,1,1
2022,5,,Seattle Seahawks,New Orleans Saints,DeeJay Dallas,SEA,Seattle Seahawks,away,39,32,RB,1,2.1739130434782608,0,0,0,0,0,0,1,4,0,1,1,6,0,0
2022,5,,Seattle Seahawks,New Orleans Saints,Geno Smith,SEA,Seattle Seahawks,away,39,32,QB,28,60.86956521739131,16,25,268,3,0,3,3,13,0,0,0,0,0,0
2022,5,,Seattle Seahawks,New Orleans Saints,Kenneth Walker,SEA,Seattle Seahawks,away,39,32,UNK,8,17.391304347826086,0,0,0,0,0,0,8,88,1,0,0,0,0,0
2022,5,,Seattle Seahawks,New Orleans Saints,Michael Dickson,SEA,Seattle Seahawks,away,39,32,P,1,2.1739130434782608,0,0,0,0,0,0,1,-8,0,0,0,0,0,0
2022,5,,Seattle Seahawks,New Orleans Saints,Noah Fant,SEA,Seattle Seahawks,away,39,32,TE,0,0.0,0,0,0,0,0,0,0,0,0,5,3,49,0,0
2022,5,,Seattle Seahawks,New Orleans Saints,Rashaad Penny,SEA,Seattle Seahawks,away,39,32,RB,8,17.391304347826086,0,0,0,0,0,0,8,54,0,0,0,0,0,0
2022,5,,Seattle Seahawks,New Orleans Saints,Tyler Lockett,SEA,Seattle Seahawks,away,39,32,WR,0,0.0,0,0,0,0,0,0,0,0,0,6,5,104,2,0
2022,5,,Seattle Seahawks,New Orleans Saints,Will Dissly,SEA,Seattle Seahawks,away,39,32,TE,0,0.0,0,0,0,0,0,0,0,0,0,3,2,21,0,0
2022,5,"68 degrees, relative humidity 53%, wind 3 mph",Carolina Panthers,San Francisco 49ers,Brandon Aiyuk,SFO,Carolina Panthers,away,37,15,WR,0,0.0,0,0,0,0,0,0,0,0,0,4,3,58,0,0
2022,5,"68 degrees, relative humidity 53%, wind 3 mph",Carolina Panthers,San Francisco 49ers,Brock Purdy,SFO,Carolina Panthers,away,37,15,QB,1,1.694915254237288,0,0,0,0,0,0,1,-1,0,0,0,0,0,0
2022,5,"68 degrees, relative humidity 53%, wind 3 mph",Carolina Panthers,San Francisco 49ers,Danny Gray,SFO,Carolina Panthers,away,37,15,WR,0,0.0,0,0,0,0,0,0,0,0,0,2,0,0,0,0
2022,5,"68 degrees, relative humidity 53%, wind 3 mph",Carolina Panthers,San Francisco 49ers,Deebo Samuel,SFO,Carolina Panthers,away,37,15,WR,2,3.389830508474576,0,0,0,0,0,0,2,12,0,9,2,20,1,0
2022,5,"68 degrees, relative humidity 53%, wind 3 mph",Carolina Panthers,San Francisco 49ers,George Kittle,SFO,Carolina Panthers,away,37,15,TE,0,0.0,0,0,0,0,0,0,0,0,0,6,5,47,0,1
2022,5,"68 degrees, relative humidity 53%, wind 3 mph",Carolina Panthers,San Francisco 49ers,Jauan Jennings,SFO,Carolina Panthers,away,37,15,WR,0,0.0,0,0,0,0,0,0,0,0,0,2,2,45,0,0
2022,5,"68 degrees, relative humidity 53%, wind 3 mph",Carolina Panthers,San Francisco 49ers,Jeff Wilson,SFO,Carolina Panthers,away,37,15,RB,17,28.8135593220339,0,0,0,0,0,0,17,120,1,2,1,12,0,0
2022,5,"68 degrees, relative humidity 53%, wind 3 mph",Carolina Panthers,San Francisco 49ers,Jimmy Garoppolo,SFO,Carolina Panthers,away,37,15,QB,31,52.54237288135594,18,30,253,2,0,2,1,-1,0,0,0,0,0,1
2022,5,"68 degrees, relative humidity 53%, wind 3 mph",Carolina Panthers,San Francisco 49ers,Kyle Juszczyk,SFO,Carolina Panthers,away,37,15,FB,0,0.0,0,0,0,0,0,0,0,0,0,2,2,27,0,0
2022,5,"68 degrees, relative humidity 53%, wind 3 mph",Carolina Panthers,San Francisco 49ers,Tevin Coleman,SFO,Carolina Panthers,away,37,15,RB,8,13.559322033898304,0,0,0,0,0,0,8,23,1,3,3,44,1,0
2022,5,"83 degrees, relative humidity 57%, wind 8 mph",Atlanta Falcons,Tampa Bay Buccaneers,Cade Otton,TAM,Atlanta Falcons,away,21,15,TE,0,0.0,0,0,0,0,0,0,0,0,0,7,6,43,0,0
2022,5,"83 degrees, relative humidity 57%, wind 8 mph",Atlanta Falcons,Tampa Bay Buccaneers,Chris Godwin,TAM,Atlanta Falcons,away,21,15,WR,1,1.3333333333333335,0,0,0,0,0,0,1,2,0,6,6,61,0,0
2022,5,"83 degrees, relative humidity 57%, wind 8 mph",Atlanta Falcons,Tampa Bay Buccaneers,Kyle Rudolph,TAM,Atlanta Falcons,away,21,15,TE,0,0.0,0,0,0,0,0,0,0,0,0,1,0,0,0,0
2022,5,"83 degrees, relative humidity 57%, wind 8 mph",Atlanta Falcons,Tampa Bay Buccaneers,Leonard Fournette,TAM,Atlanta Falcons,away,21,15,RB,14,18.666666666666668,0,0,0,0,0,0,14,56,1,11,10,83,1,0
2022,5,"83 degrees, relative humidity 57%, wind 8 mph",Atlanta Falcons,Tampa Bay Buccaneers,Mike Evans,TAM,Atlanta Falcons,away,21,15,WR,0,0.0,0,0,0,0,0,0,0,0,0,8,4,81,0,0
2022,5,"83 degrees, relative humidity 57%, wind 8 mph",Atlanta Falcons,Tampa Bay Buccaneers,Rachaad White,TAM,Atlanta Falcons,away,21,15,RB,5,6.666666666666667,0,0,0,0,0,0,5,14,0,4,3,28,0,0
2022,5,"83 degrees, relative humidity 57%, wind 8 mph",Atlanta Falcons,Tampa Bay Buccaneers,Russell Gage,TAM,Atlanta Falcons,away,21,15,WR,0,0.0,0,0,0,0,0,0,0,0,0,6,2,20,0,0
2022,5,"83 degrees, relative humidity 57%, wind 8 mph",Atlanta Falcons,Tampa Bay Buccaneers,Scott Miller,TAM,Atlanta Falcons,away,21,15,WR,0,0.0,0,0,0,0,0,0,0,0,0,7,4,35,0,0
2022,5,"83 degrees, relative humidity 57%, wind 8 mph",Atlanta Falcons,Tampa Bay Buccaneers,Tom Brady,TAM,Atlanta Falcons,away,21,15,QB,55,73.33333333333333,35,52,351,1,0,0,3,-3,0,0,0,0,0,0
2022,5,"61 degrees, relative humidity 36%, wind 9 mph",Washington Commanders,Tennessee Titans,Austin Hooper,TEN,Washington Commanders,away,21,17,TE,0,0.0,0,0,0,0,0,0,0,0,0,1,1,7,0,0
2022,5,"61 degrees, relative humidity 36%, wind 9 mph",Washington Commanders,Tennessee Titans,Chigoziem Okonkwo,TEN,Washington Commanders,away,21,17,TE,0,0.0,0,0,0,0,0,0,0,0,0,1,0,0,0,0
2022,5,"61 degrees, relative humidity 36%, wind 9 mph",Washington Commanders,Tennessee Titans,Derrick Henry,TEN,Washington Commanders,away,21,17,RB,28,49.122807017543856,0,0,0,0,0,0,28,102,2,2,2,30,0,0
2022,5,"61 degrees, relative humidity 36%, wind 9 mph",Washington Commanders,Tennessee Titans,Dontrell Hilliard,TEN,Washington Commanders,away,21,17,RB,1,1.7543859649122806,0,0,0,0,0,0,1,0,0,5,4,23,1,0
2022,5,"61 degrees, relative humidity 36%, wind 9 mph",Washington Commanders,Tennessee Titans,Geoff Swaim,TEN,Washington Commanders,away,21,17,TE,0,0.0,0,0,0,0,0,0,0,0,0,1,1,5,0,0
2022,5,"61 degrees, relative humidity 36%, wind 9 mph",Washington Commanders,Tennessee Titans,Kyle Philips,TEN,Washington Commanders,away,21,17,WR,0,0.0,0,0,0,0,0,0,0,0,0,2,1,7,0,0
2022,5,"61 degrees, relative humidity 36%, wind 9 mph",Washington Commanders,Tennessee Titans,Nick Westbrook-Ikhine,TEN,Washington Commanders,away,21,17,WR,0,0.0,0,0,0,0,0,0,0,0,0,3,2,72,0,0
2022,5,"61 degrees, relative humidity 36%, wind 9 mph",Washington Commanders,Tennessee Titans,Robert Woods,TEN,Washington Commanders,away,21,17,WR,0,0.0,0,0,0,0,0,0,0,0,0,8,4,37,0,0
2022,5,"61 degrees, relative humidity 36%, wind 9 mph",Washington Commanders,Tennessee Titans,Ryan Tannehill,TEN,Washington Commanders,away,21,17,QB,28,49.122807017543856,15,25,181,1,0,5,3,3,0,0,0,0,0,0
2022,5,"61 degrees, relative humidity 36%, wind 9 mph",Washington Commanders,Tennessee Titans,Antonio Gibson,WAS,Washington Commanders,away,21,17,RB,3,5.454545454545454,0,0,0,0,0,0,3,6,0,4,3,33,0,0
2022,5,"61 degrees, relative humidity 36%, wind 9 mph",Washington Commanders,Tennessee Titans,Brian Robinson Jr.,WAS,Washington Commanders,away,21,17,RB,9,16.363636363636363,0,0,0,0,0,0,9,22,0,0,0,0,0,0
2022,5,"61 degrees, relative humidity 36%, wind 9 mph",Washington Commanders,Tennessee Titans,Cam Sims,WAS,Washington Commanders,away,21,17,WR,0,0.0,0,0,0,0,0,0,0,0,0,2,1,7,0,0
2022,5,"61 degrees, relative humidity 36%, wind 9 mph",Washington Commanders,Tennessee Titans,Carson Wentz,WAS,Washington Commanders,away,21,17,QB,43,78.18181818181819,25,38,359,2,1,3,5,15,0,0,0,0,0,3
2022,5,"61 degrees, relative humidity 36%, wind 9 mph",Washington Commanders,Tennessee Titans,Cole Turner,WAS,Washington Commanders,away,21,17,TE,0,0.0,0,0,0,0,0,0,0,0,0,3,0,0,0,0
2022,5,"61 degrees, relative humidity 36%, wind 9 mph",Washington Commanders,Tennessee Titans,Curtis Samuel,WAS,Washington Commanders,away,21,17,WR,0,0.0,0,0,0,0,0,0,0,0,0,8,6,62,0,0
2022,5,"61 degrees, relative humidity 36%, wind 9 mph",Washington Commanders,Tennessee Titans,Dyami Brown,WAS,Washington Commanders,away,21,17,WR,0,0.0,0,0,0,0,0,0,0,0,0,4,2,105,2,0
2022,5,"61 degrees, relative humidity 36%, wind 9 mph",Washington Commanders,Tennessee Titans,J.D. McKissic,WAS,Washington Commanders,away,21,17,RB,0,0.0,0,0,0,0,0,0,0,0,0,7,5,37,0,0
2022,5,"61 degrees, relative humidity 36%, wind 9 mph",Washington Commanders,Tennessee Titans,John Bates,WAS,Washington Commanders,away,21,17,TE,0,0.0,0,0,0,0,0,0,0,0,0,3,3,39,0,0
2022,5,"61 degrees, relative humidity 36%, wind 9 mph",Washington Commanders,Tennessee Titans,Terry McLaurin,WAS,Washington Commanders,away,21,17,WR,0,0.0,0,0,0,0,0,0,0,0,0,6,5,76,0,0
2022,6,"72 degrees, relative humidity 44%, wind 5 mph",Arizona Cardinals,Seattle Seahawks,A.J. Green,ARI,Arizona Cardinals,away,19,9,WR,0,0.0,0,0,0,0,0,0,0,0,0,4,2,7,0,0
2022,6,"72 degrees, relative humidity 44%, wind 5 mph",Arizona Cardinals,Seattle Seahawks,Eno Benjamin,ARI,Arizona Cardinals,away,19,9,RB,15,23.076923076923077,0,0,0,0,0,0,15,37,0,3,3,28,0,0
2022,6,"72 degrees, relative humidity 44%, wind 5 mph",Arizona Cardinals,Seattle Seahawks,Keaontay Ingram,ARI,Arizona Cardinals,away,19,9,RB,3,4.615384615384616,0,0,0,0,0,0,3,7,0,0,0,0,0,0
2022,6,"72 degrees, relative humidity 44%, wind 5 mph",Arizona Cardinals,Seattle Seahawks,Kyler Murray,ARI,Arizona Cardinals,away,19,9,QB,47,72.3076923076923,23,37,222,0,1,6,10,100,0,0,0,0,0,2
2022,6,"72 degrees, relative humidity 44%, wind 5 mph",Arizona Cardinals,Seattle Seahawks,Marquise Brown,ARI,Arizona Cardinals,away,19,9,WR,0,0.0,0,0,0,0,0,0,0,0,0,9,5,68,0,1
2022,6,"72 degrees, relative humidity 44%, wind 5 mph",Arizona Cardinals,Seattle Seahawks,Rondale Moore,ARI,Arizona Cardinals,away,19,9,WR,0,0.0,0,0,0,0,0,0,0,0,0,10,6,49,0,0
2022,6,"72 degrees, relative humidity 44%, wind 5 mph",Arizona Cardinals,Seattle Seahawks,Zach Ertz,ARI,Arizona Cardinals,away,19,9,TE,0,0.0,0,0,0,0,0,0,0,0,0,10,7,70,0,0
2022,6,,San Francisco 49ers,Atlanta Falcons,Avery Williams,ATL,San Francisco 49ers,away,28,14,RB,2,3.7037037037037033,0,0,0,0,0,0,2,6,0,1,1,2,0,0
2022,6,,San Francisco 49ers,Atlanta Falcons,Caleb Huntley,ATL,San Francisco 49ers,away,28,14,RB,16,29.629629629629626,0,0,0,0,0,0,16,59,0,0,0,0,0,0
2022,6,,San Francisco 49ers,Atlanta Falcons,Drake London,ATL,San Francisco 49ers,away,28,14,WR,0,0.0,0,0,0,0,0,0,0,0,0,4,3,40,0,0
2022,6,,San Francisco 49ers,Atlanta Falcons,Keith Smith,ATL,San Francisco 49ers,away,28,14,FB,1,1.8518518518518516,0,0,0,0,0,0,1,2,0,1,1,8,0,0
2022,6,,San Francisco 49ers,Atlanta Falcons,Kyle Pitts,ATL,San Francisco 49ers,away,28,14,TE,0,0.0,0,0,0,0,0,0,0,0,0,3,3,19,1,0
2022,6,,San Francisco 49ers,Atlanta Falcons,Marcus Mariota,ATL,San Francisco 49ers,away,28,14,QB,20,37.03703703703704,13,14,129,2,0,2,6,50,1,0,0,0,0,0
2022,6,,San Francisco 49ers,Atlanta Falcons,MyCole Pruitt,ATL,San Francisco 49ers,away,28,14,TE,0,0.0,0,0,0,0,0,0,0,0,0,1,1,2,1,0
2022,6,,San Francisco 49ers,Atlanta Falcons,Olamide Zaccheaus,ATL,San Francisco 49ers,away,28,14,WR,0,0.0,0,0,0,0,0,0,0,0,0,4,4,58,0,0
2022,6,,San Francisco 49ers,Atlanta Falcons,Tyler Allgeier,ATL,San Francisco 49ers,away,28,14,RB,15,27.77777777777778,0,0,0,0,0,0,15,51,0,0,0,0,0,0
2022,6,"60 degrees, relative humidity 53%, wind 3 mph",Baltimore Ravens,New York Giants,Demarcus Robinson,BAL,Baltimore Ravens,away,24,20,WR,0,0.0,0,0,0,0,0,0,0,0,0,5,3,27,0,0
2022,6,"60 degrees, relative humidity 53%, wind 3 mph",Baltimore Ravens,New York Giants,Devin Duvernay,BAL,Baltimore Ravens,away,24,20,WR,0,0.0,0,0,0,0,0,0,0,0,0,5,1,14,0,0
2022,6,"60 degrees, relative humidity 53%, wind 3 mph",Baltimore Ravens,New York Giants,Isaiah Likely,BAL,Baltimore Ravens,away,24,20,TE,0,0.0,0,0,0,0,0,0,0,0,0,4,2,30,0,0
2022,6,"60 degrees, relative humidity 53%, wind 3 mph",Baltimore Ravens,New York Giants,J.K. Dobbins,BAL,Baltimore Ravens,away,24,20,RB,7,12.5,0,0,0,0,0,0,7,15,0,0,0,0,0,0
2022,6,"60 degrees, relative humidity 53%, wind 3 mph",Baltimore Ravens,New York Giants,Josh Oliver,BAL,Baltimore Ravens,away,24,20,TE,0,0.0,0,0,0,0,0,0,0,0,0,3,2,21,0,0
2022,6,"60 degrees, relative humidity 53%, wind 3 mph",Baltimore Ravens,New York Giants,Kenyan Drake,BAL,Baltimore Ravens,away,24,20,RB,10,17.857142857142858,0,0,0,0,0,0,10,119,1,2,1,8,0,0
2022,6,"60 degrees, relative humidity 53%, wind 3 mph",Baltimore Ravens,New York Giants,Lamar Jackson,BAL,Baltimore Ravens,away,24,20,QB,39,69.64285714285714,17,32,210,1,1,2,7,77,0,0,0,0,0,2
2022,6,"60 degrees, relative humidity 53%, wind 3 mph",Baltimore Ravens,New York Giants,Mark Andrews,BAL,Baltimore Ravens,away,24,20,TE,0,0.0,0,0,0,0,0,0,0,0,0,11,7,106,1,0
2022,6,"60 degrees, relative humidity 53%, wind 3 mph",Baltimore Ravens,New York Giants,Patrick Ricard,BAL,Baltimore Ravens,away,24,20,FB,0,0.0,0,0,0,0,0,0,0,0,0,1,0,0,0,0
2022,6,"60 degrees, relative humidity 53%, wind 3 mph",Baltimore Ravens,New York Giants,Tylan Wallace,BAL,Baltimore Ravens,away,24,20,WR,0,0.0,0,0,0,0,0,0,0,0,0,1,1,4,0,0
2022,6,,Kansas City Chiefs,Buffalo Bills,Dawson Knox,BUF,Kansas City Chiefs,away,24,20,TE,0,0.0,0,0,0,0,0,0,0,0,0,3,3,37,1,0
2022,6,,Kansas City Chiefs,Buffalo Bills,Devin Singletary,BUF,Kansas City Chiefs,away,24,20,RB,17,23.943661971830984,0,0,0,0,0,0,17,85,0,5,4,22,0,0
2022,6,,Kansas City Chiefs,Buffalo Bills,Gabriel Davis,BUF,Kansas City Chiefs,away,24,20,WR,0,0.0,0,0,0,0,0,0,0,0,0,6,3,74,1,0
2022,6,,Kansas City Chiefs,Buffalo Bills,Isaiah McKenzie,BUF,Kansas City Chiefs,away,24,20,WR,0,0.0,0,0,0,0,0,0,0,0,0,5,2,9,0,0
2022,6,,Kansas City Chiefs,Buffalo Bills,James Cook,BUF,Kansas City Chiefs,away,24,20,RB,2,2.8169014084507045,0,0,0,0,0,0,2,8,0,0,0,0,0,0
2022,6,,Kansas City Chiefs,Buffalo Bills,Josh Allen,BUF,Kansas City Chiefs,away,24,20,QB,52,73.23943661971832,27,40,329,3,0,1,12,32,0,0,0,0,0,1
2022,6,,Kansas City Chiefs,Buffalo Bills,Khalil Shakir,BUF,Kansas City Chiefs,away,24,20,WR,0,0.0,0,0,0,0,0,0,0,0,0,2,1,14,0,0
2022,6,,Kansas City Chiefs,Buffalo Bills,Reggie Gilliam,BUF,Kansas City Chiefs,away,24,20,FB,0,0.0,0,0,0,0,0,0,0,0,0,3,3,18,0,0
2022,6,,Kansas City Chiefs,Buffalo Bills,Stefon Diggs,BUF,Kansas City Chiefs,away,24,20,WR,0,0.0,0,0,0,0,0,0,0,0,0,13,10,148,1,0
2022,6,,Kansas City Chiefs,Buffalo Bills,Tommy Sweeney,BUF,Kansas City Chiefs,away,24,20,TE,0,0.0,0,0,0,0,0,0,0,0,0,1,1,7,0,0
2022,6,,Carolina Panthers,Los Angeles Rams,Christian McCaffrey,CAR,Carolina Panthers,away,24,10,RB,13,30.952380952380953,0,0,0,0,0,0,13,69,0,8,7,89,0,0
2022,6,,Carolina Panthers,Los Angeles Rams,Chuba Hubbard,CAR,Carolina Panthers,away,24,10,RB,2,4.761904761904762,0,0,0,0,0,0,2,6,0,1,1,1,0,0
2022,6,,Carolina Panthers,Los Angeles Rams,D'Onta Foreman,CAR,Carolina Panthers,away,24,10,RB,5,11.904761904761903,0,0,0,0,0,0,5,19,0,0,0,0,0,0
2022,6,,Carolina Panthers,Los Angeles Rams,D.J. Moore,CAR,Carolina Panthers,away,24,10,WR,0,0.0,0,0,0,0,0,0,0,0,0,7,3,7,0,0
2022,6,,Carolina Panthers,Los Angeles Rams,Ian Thomas,CAR,Carolina Panthers,away,24,10,TE,0,0.0,0,0,0,0,0,0,0,0,0,2,2,22,0,0
2022,6,,Carolina Panthers,Los Angeles Rams,Jacob Eason,CAR,Carolina Panthers,away,24,10,QB,5,11.904761904761903,3,5,59,0,1,0,0,0,0,0,0,0,0,0
2022,6,,Carolina Panthers,Los Angeles Rams,P.J. Walker,CAR,Carolina Panthers,away,24,10,QB,17,40.476190476190474,10,16,60,0,0,2,1,-1,0,0,0,0,0,0
2022,6,,Carolina Panthers,Los Angeles Rams,Shi Smith,CAR,Carolina Panthers,away,24,10,WR,0,0.0,0,0,0,0,0,0,0,0,0,2,0,0,0,0
2022,6,,Carolina Panthers,Los Angeles Rams,Terrace Marshall Jr.,CAR,Carolina Panthers,away,24,10,WR,0,0.0,0,0,0,0,0,0,0,0,0,1,0,0,0,0
2022,6,"46 degrees, relative humidity 55%, wind 14 mph",Chicago Bears,Washington Commanders,Cole Kmet,CHI,Chicago Bears,away,12,7,TE,0,0.0,0,0,0,0,0,0,0,0,0,3,1,15,0,0
2022,6,"46 degrees, relative humidity 55%, wind 14 mph",Chicago Bears,Washington Commanders,Dante Pettis,CHI,Chicago Bears,away,12,7,WR,0,0.0,0,0,0,0,0,0,0,0,0,7,4,84,1,0
2022,6,"46 degrees, relative humidity 55%, wind 14 mph",Chicago Bears,Washington Commanders,Darnell Mooney,CHI,Chicago Bears,away,12,7,WR,0,0.0,0,0,0,0,0,0,0,0,0,12,7,68,0,0
2022,6,"46 degrees, relative humidity 55%, wind 14 mph",Chicago Bears,Washington Commanders,David Montgomery,CHI,Chicago Bears,away,12,7,RB,15,23.4375,0,0,0,0,0,0,15,67,0,1,1,13,0,0
2022,6,"46 degrees, relative humidity 55%, wind 14 mph",Chicago Bears,Washington Commanders,Equanimeous St. Brown,CHI,Chicago Bears,away,12,7,WR,1,1.5625,0,0,0,0,0,0,1,1,0,0,0,0,0,0
2022,6,"46 degrees, relative humidity 55%, wind 14 mph",Chicago Bears,Washington Commanders,Ihmir Smith-Marsette,CHI,Chicago Bears,away,12,7,WR,1,1.5625,0,0,0,0,0,0,1,-1,0,1,0,0,0,0
2022,6,"46 degrees, relative humidity 55%, wind 14 mph",Chicago Bears,Washington Commanders,Justin Fields,CHI,Chicago Bears,away,12,7,QB,39,60.9375,14,27,190,1,1,5,12,88,0,0,0,0,0,1
2022,6,"46 degrees, relative humidity 55%, wind 14 mph",Chicago Bears,Washington Commanders,Khalil Herbert,CHI,Chicago Bears,away,12,7,RB,7,10.9375,0,0,0,0,0,0,7,74,0,0,0,0,0,0
2022,6,"46 degrees, relative humidity 55%, wind 14 mph",Chicago Bears,Washington Commanders,Ryan Griffin,CHI,Chicago Bears,away,12,7,TE,0,0.0,0,0,0,0,0,0,0,0,0,1,0,0,0,0
2022,6,"46 degrees, relative humidity 55%, wind 14 mph",Chicago Bears,Washington Commanders,Velus Jones Jr.,CHI,Chicago Bears,away,12,7,WR,1,1.5625,0,0,0,0,0,0,1,8,0,1,1,10,0,1
2022,6,,New Orleans Saints,Cincinnati Bengals,Hayden Hurst,CIN,New Orleans Saints,away,30,26,TE,0,0.0,0,0,0,0,0,0,0,0,0,3,3,21,0,0
2022,6,,New Orleans Saints,Cincinnati Bengals,Ja'Marr Chase,CIN,New Orleans Saints,away,30,26,WR,0,0.0,0,0,0,0,0,0,0,0,0,10,7,132,2,0
2022,6,,New Orleans Saints,Cincinnati Bengals,Joe Burrow,CIN,New Orleans Saints,away,30,26,QB,41,80.3921568627451,28,37,300,3,0,3,4,25,1,0,0,0,0,0
2022,6,,New Orleans Saints,Cincinnati Bengals,Joe Mixon,CIN,New Orleans Saints,away,30,26,RB,8,15.686274509803921,0,0,0,0,0,0,8,45,0,6,4,23,1,0
2022,6,,New Orleans Saints,Cincinnati Bengals,Samaje Perine,CIN,New Orleans Saints,away,30,26,RB,2,3.9215686274509802,0,0,0,0,0,0,2,5,0,2,2,11,0,0
2022,6,,New Orleans Saints,Cincinnati Bengals,Tee Higgins,CIN,New Orleans Saints,away,30,26,WR,0,0.0,0,0,0,0,0,0,0,0,0,9,6,47,0,0
2022,6,,New Orleans Saints,Cincinnati Bengals,Tyler Boyd,CIN,New Orleans Saints,away,30,26,WR,0,0.0,0,0,0,0,0,0,0,0,0,6,6,66,0,0
2022,6,"62 degrees, relative humidity 41%, wind 11 mph",Cleveland Browns,New England Patriots,Amari Cooper,CLE,Cleveland Browns,away,38,15,WR,0,0.0,0,0,0,0,0,0,0,0,0,12,4,44,1,0
2022,6,"62 degrees, relative humidity 41%, wind 11 mph",Cleveland Browns,New England Patriots,Anthony Schwartz,CLE,Cleveland Browns,away,38,15,WR,0,0.0,0,0,0,0,0,0,0,0,0,3,0,0,0,0
2022,6,"62 degrees, relative humidity 41%, wind 11 mph",Cleveland Browns,New England Patriots,D'Ernest Johnson,CLE,Cleveland Browns,away,38,15,RB,0,0.0,0,0,0,0,0,0,0,0,0,2,2,9,0,0
2022,6,"62 degrees, relative humidity 41%, wind 11 mph",Cleveland Browns,New England Patriots,David Bell,CLE,Cleveland Browns,away,38,15,WR,0,0.0,0,0,0,0,0,0,0,0,0,2,1,13,0,0
2022,6,"62 degrees, relative humidity 41%, wind 11 mph",Cleveland Browns,New England Patriots,David Njoku,CLE,Cleveland Browns,away,38,15,TE,0,0.0,0,0,0,0,0,0,0,0,0,6,3,58,0,0
2022,6,"62 degrees, relative humidity 41%, wind 11 mph",Cleveland Browns,New England Patriots,Donovan Peoples-Jones,CLE,Cleveland Browns,away,38,15,WR,1,1.5873015873015872,0,0,0,0,0,0,1,2,0,5,4,74,0,0
2022,6,"62 degrees, relative humidity 41%, wind 11 mph",Cleveland Browns,New England Patriots,Harrison Bryant,CLE,Cleveland Browns,away,38,15,TE,0,0.0,0,0,0,0,0,0,0,0,0,4,3,18,0,0
2022,6,"62 degrees, relative humidity 41%, wind 11 mph",Cleveland Browns,New England Patriots,Jacoby Brissett,CLE,Cleveland Browns,away,38,15,QB,46,73.01587301587301,21,45,266,1,2,4,1,0,0,0,0,0,0,2
2022,6,"62 degrees, relative humidity 41%, wind 11 mph",Cleveland Browns,New England Patriots,Kareem Hunt,CLE,Cleveland Browns,away,38,15,RB,4,6.349206349206349,0,0,0,0,0,0,4,12,0,1,0,0,0,0
2022,6,"62 degrees, relative humidity 41%, wind 11 mph",Cleveland Browns,New England Patriots,Michael Woods,CLE,Cleveland Browns,away,38,15,UNK,0,0.0,0,0,0,0,0,0,0,0,0,2,1,15,0,0
2022,6,"62 degrees, relative humidity 41%, wind 11 mph",Cleveland Browns,New England Patriots,Nick Chubb,CLE,Cleveland Browns,away,38,15,RB,12,19.047619047619047,0,0,0,0,0,0,12,56,0,2,1,14,0,0
2022,6,"62 degrees, relative humidity 41%, wind 11 mph",Cleveland Browns,New England Patriots,Pharaoh Brown,CLE,Cleveland Browns,away,38,15,TE,0,0.0,0,0,0,0,0,0,0,0,0,3,2,21,0,0
2022,6,"63 degrees, relative humidity 43%, wind 3 mph",Dallas Cowboys,Philadelphia Eagles,CeeDee Lamb,DAL,Dallas Cowboys,away,26,17,WR,2,3.125,0,0,0,0,0,0,2,9,0,10,5,68,0,0
2022,6,"63 degrees, relative humidity 43%, wind 3 mph",Dallas Cowboys,Philadelphia Eagles,Cooper Rush,DAL,Dallas Cowboys,away,26,17,QB,38,59.375,18,38,181,1,3,0,0,0,0,0,0,0,0,0
2022,6,"63 degrees, relative humidity 43%, wind 3 mph",Dallas Cowboys,Philadelphia Eagles,Ezekiel Elliott,DAL,Dallas Cowboys,away,26,17,RB,13,20.3125,0,0,0,0,0,0,13,81,1,1,1,5,0,0
2022,6,"63 degrees, relative humidity 43%, wind 3 mph",Dallas Cowboys,Philadelphia Eagles,Jake Ferguson,DAL,Dallas Cowboys,away,26,17,TE,0,0.0,0,0,0,0,0,0,0,0,0,6,4,40,1,0
2022,6,"63 degrees, relative humidity 43%, wind 3 mph",Dallas Cowboys,Philadelphia Eagles,KaVontae Turpin,DAL,Dallas Cowboys,away,26,17,WR,0,0.0,0,0,0,0,0,0,0,0,0,1,0,0,0,0
2022,6,"63 degrees, relative humidity 43%, wind 3 mph",Dallas Cowboys,Philadelphia Eagles,Michael Gallup,DAL,Dallas Cowboys,away,26,17,WR,0,0.0,0,0,0,0,0,0,0,0,0,7,2,18,0,0
2022,6,"63 degrees, relative humidity 43%, wind 3 mph",Dallas Cowboys,Philadelphia Eagles,Noah Brown,DAL,Dallas Cowboys,away,26,17,WR,0,0.0,0,0,0,0,0,0,0,0,0,3,1,10,0,0
2022,6,"63 degrees, relative humidity 43%, wind 3 mph",Dallas Cowboys,Philadelphia Eagles,Peyton Hendershot,DAL,Dallas Cowboys,away,26,17,TE,0,0.0,0,0,0,0,0,0,0,0,0,5,2,22,0,0
2022,6,"63 degrees, relative humidity 43%, wind 3 mph",Dallas Cowboys,Philadelphia Eagles,Sean McKeon,DAL,Dallas Cowboys,away,26,17,TE,0,0.0,0,0,0,0,0,0,0,0,0,1,1,10,0,0
2022,6,"63 degrees, relative humidity 43%, wind 3 mph",Dallas Cowboys,Philadelphia Eagles,Tony Pollard,DAL,Dallas Cowboys,away,26,17,RB,11,17.1875,0,0,0,0,0,0,11,44,0,3,2,8,0,0
2022,6,,Denver Broncos,Los Angeles Chargers,Andrew Beck,DEN,Denver Broncos,away,19,16,TE,0,0.0,0,0,0,0,0,0,0,0,0,1,1,7,0,0
2022,6,,Denver Broncos,Los Angeles Chargers,Courtland Sutton,DEN,Denver Broncos,away,19,16,WR,0,0.0,0,0,0,0,0,0,0,0,0,3,2,14,0,0
2022,6,,Denver Broncos,Los Angeles Chargers,Eric Tomlinson,DEN,Denver Broncos,away,19,16,TE,0,0.0,0,0,0,0,0,0,0,0,0,1,1,16,0,0
2022,6,,Denver Broncos,Los Angeles Chargers,Greg Dulcich,DEN,Denver Broncos,away,19,16,TE,0,0.0,0,0,0,0,0,0,0,0,0,3,2,44,1,0
2022,6,,Denver Broncos,Los Angeles Chargers,Jerry Jeudy,DEN,Denver Broncos,away,19,16,WR,0,0.0,0,0,0,0,0,0,0,0,0,7,3,54,0,0
2022,6,,Denver Broncos,Los Angeles Chargers,KJ Hamler,DEN,Denver Broncos,away,19,16,WR,0,0.0,0,0,0,0,0,0,0,0,0,3,2,44,0,0
2022,6,,Denver Broncos,Los Angeles Chargers,Kendall Hinton,DEN,Denver Broncos,away,19,16,WR,0,0.0,0,0,0,0,0,0,0,0,0,1,1,8,0,0
2022,6,,Denver Broncos,Los Angeles Chargers,Latavius Murray,DEN,Denver Broncos,away,19,16,RB,15,29.411764705882355,0,0,0,0,0,0,15,66,0,1,1,-2,0,0
2022,6,,Denver Broncos,Los Angeles Chargers,Melvin Gordon,DEN,Denver Broncos,away,19,16,RB,3,5.88235294117647,0,0,0,0,0,0,3,8,0,0,0,0,0,0
2022,6,,Denver Broncos,Los Angeles Chargers,Mike Boone,DEN,Denver Broncos,away,19,16,RB,1,1.9607843137254901,0,0,0,0,0,0,1,1,0,4,1,3,0,0
2022,6,,Denver Broncos,Los Angeles Chargers,Montrell Washington,DEN,Denver Broncos,away,19,16,WR,0,0.0,0,0,0,0,0,0,0,0,0,1,1,0,0,2
2022,6,,Denver Broncos,Los Angeles Chargers,Russell Wilson,DEN,Denver Broncos,away,19,16,QB,32,62.745098039215684,15,28,188,1,0,4,4,23,0,0,0,0,0,0
2022,6,"49 degrees, relative humidity 64%, wind 12 mph",Green Bay Packers,New York Jets,AJ Dillon,GNB,Green Bay Packers,away,27,10,RB,10,15.384615384615385,0,0,0,0,0,0,10,41,0,6,4,11,0,0
2022,6,"49 degrees, relative humidity 64%, wind 12 mph",Green Bay Packers,New York Jets,Aaron Jones,GNB,Green Bay Packers,away,27,10,RB,9,13.846153846153847,0,0,0,0,0,0,9,19,0,4,3,25,0,0
2022,6,"49 degrees, relative humidity 64%, wind 12 mph",Green Bay Packers,New York Jets,Aaron Rodgers,GNB,Green Bay Packers,away,27,10,QB,42,64.61538461538461,26,41,246,1,0,4,1,0,0,0,0,0,0,2
2022,6,"49 degrees, relative humidity 64%, wind 12 mph",Green Bay Packers,New York Jets,Allen Lazard,GNB,Green Bay Packers,away,27,10,WR,0,0.0,0,0,0,0,0,0,0,0,0,9,4,76,1,0
2022,6,"49 degrees, relative humidity 64%, wind 12 mph",Green Bay Packers,New York Jets,Amari Rodgers,GNB,Green Bay Packers,away,27,10,WR,0,0.0,0,0,0,0,0,0,0,0,0,1,1,14,0,0
2022,6,"49 degrees, relative humidity 64%, wind 12 mph",Green Bay Packers,New York Jets,Jordan Love,GNB,Green Bay Packers,away,27,10,QB,4,6.153846153846154,2,4,8,0,0,0,0,0,0,0,0,0,0,0
2022,6,"49 degrees, relative humidity 64%, wind 12 mph",Green Bay Packers,New York Jets,Josiah Deguara,GNB,Green Bay Packers,away,27,10,TE,0,0.0,0,0,0,0,0,0,0,0,0,1,1,9,0,0
2022,6,"49 degrees, relative humidity 64%, wind 12 mph",Green Bay Packers,New York Jets,Juwann Winfree,GNB,Green Bay Packers,away,27,10,WR,0,0.0,0,0,0,0,0,0,0,0,0,1,0,0,0,0
2022,6,"49 degrees, relative humidity 64%, wind 12 mph",Green Bay Packers,New York Jets,Randall Cobb,GNB,Green Bay Packers,away,27,10,WR,0,0.0,0,0,0,0,0,0,0,0,0,1,1,8,0,0
2022,6,"49 degrees, relative humidity 64%, wind 12 mph",Green Bay Packers,New York Jets,Robert Tonyan,GNB,Green Bay Packers,away,27,10,TE,0,0.0,0,0,0,0,0,0,0,0,0,12,10,90,0,0
2022,6,"49 degrees, relative humidity 64%, wind 12 mph",Green Bay Packers,New York Jets,Romeo Doubs,GNB,Green Bay Packers,away,27,10,WR,0,0.0,0,0,0,0,0,0,0,0,0,9,4,21,0,0
2022,6,,Jacksonville Jaguars,Indianapolis Colts,Alec Pierce,IND,Jacksonville Jaguars,away,34,27,WR,0,0.0,0,0,0,0,0,0,0,0,0,7,3,49,1,0
2022,6,,Jacksonville Jaguars,Indianapolis Colts,Deon Jackson,IND,Jacksonville Jaguars,away,34,27,RB,12,16.216216216216218,0,0,0,0,0,0,12,42,1,10,10,79,0,0
2022,6,,Jacksonville Jaguars,Indianapolis Colts,Jelani Woods,IND,Jacksonville Jaguars,away,34,27,TE,0,0.0,0,0,0,0,0,0,0,0,0,3,2,27,1,0
2022,6,,Jacksonville Jaguars,Indianapolis Colts,Kylen Granson,IND,Jacksonville Jaguars,away,34,27,TE,0,0.0,0,0,0,0,0,0,0,0,0,4,4,38,0,1
2022,6,,Jacksonville Jaguars,Indianapolis Colts,Matt Ryan,IND,Jacksonville Jaguars,away,34,27,QB,59,79.72972972972973,42,58,389,3,0,0,1,-4,0,0,0,0,0,0
2022,6,,Jacksonville Jaguars,Indianapolis Colts,Michael Pittman Jr.,IND,Jacksonville Jaguars,away,34,27,WR,0,0.0,0,0,0,0,0,0,0,0,0,16,13,134,0,0
2022,6,,Jacksonville Jaguars,Indianapolis Colts,Mike Strachan,IND,Jacksonville Jaguars,away,34,27,WR,0,0.0,0,0,0,0,0,0,0,0,0,2,0,0,0,0
2022,6,,Jacksonville Jaguars,Indianapolis Colts,Parris Campbell,IND,Jacksonville Jaguars,away,34,27,WR,0,0.0,0,0,0,0,0,0,0,0,0,11,7,57,1,0
2022,6,,Jacksonville Jaguars,Indianapolis Colts,Phillip Lindsay,IND,Jacksonville Jaguars,away,34,27,RB,3,4.054054054054054,0,0,0,0,0,0,3,7,0,3,3,5,0,0
2022,6,,Jacksonville Jaguars,Indianapolis Colts,Christian Kirk,JAX,Jacksonville Jaguars,away,34,27,WR,1,1.8181818181818181,0,0,0,0,0,0,1,4,0,5,4,24,1,1
2022,6,,Jacksonville Jaguars,Indianapolis Colts,Evan Engram,JAX,Jacksonville Jaguars,away,34,27,TE,0,0.0,0,0,0,0,0,0,0,0,0,6,5,40,0,0
2022,6,,Jacksonville Jaguars,Indianapolis Colts,Jamal Agnew,JAX,Jacksonville Jaguars,away,34,27,WR,1,1.8181818181818181,0,0,0,0,0,0,1,19,0,1,1,5,0,0
2022,6,,Jacksonville Jaguars,Indianapolis Colts,James Robinson,JAX,Jacksonville Jaguars,away,34,27,RB,12,21.818181818181817,0,0,0,0,0,0,12,54,0,1,1,1,0,0
2022,6,,Jacksonville Jaguars,Indianapolis Colts,Jamycal Hasty,JAX,Jacksonville Jaguars,away,34,27,RB,3,5.454545454545454,0,0,0,0,0,0,3,57,1,0,0,0,0,0
2022,6,,Jacksonville Jaguars,Indianapolis Colts,Luke Farrell,JAX,Jacksonville Jaguars,away,34,27,TE,0,0.0,0,0,0,0,0,0,0,0,0,1,1,11,0,0
2022,6,,Jacksonville Jaguars,Indianapolis Colts,Tim Jones,JAX,Jacksonville Jaguars,away,34,27,WR,0,0.0,0,0,0,0,0,0,0,0,0,1,1,20,0,0
2022,6,,Jacksonville Jaguars,Indianapolis Colts,Travis Etienne,JAX,Jacksonville Jaguars,away,34,27,RB,10,18.181818181818183,0,0,0,0,0,0,10,86,0,2,2,22,0,1
2022,6,,Jacksonville Jaguars,Indianapolis Colts,Trevor Lawrence,JAX,Jacksonville Jaguars,away,34,27,QB,28,50.90909090909091,20,22,165,1,0,4,6,23,2,0,0,0,0,0
2022,6,,Jacksonville Jaguars,Indianapolis Colts,Zay Jones,JAX,Jacksonville Jaguars,away,34,27,WR,0,0.0,0,0,0,0,0,0,0,0,0,5,5,42,0,0
2022,6,,Kansas City Chiefs,Buffalo Bills,Clyde Edwards-Helaire,KAN,Kansas City Chiefs,away,24,20,RB,9,15.517241379310345,0,0,0,0,0,0,9,33,0,0,0,0,0,0
2022,6,,Kansas City Chiefs,Buffalo Bills,Isiah Pacheco,KAN,Kansas City Chiefs,away,24,20,RB,2,3.4482758620689653,0,0,0,0,0,0,2,9,0,2,2,9,0,0
2022,6,,Kansas City Chiefs,Buffalo Bills,Jerick McKinnon,KAN,Kansas City Chiefs,away,24,20,RB,2,3.4482758620689653,0,0,0,0,0,0,2,1,0,3,3,29,0,0
2022,6,,Kansas City Chiefs,Buffalo Bills,JuJu Smith-Schuster,KAN,Kansas City Chiefs,away,24,20,WR,0,0.0,0,0,0,0,0,0,0,0,0,5,5,113,1,0
2022,6,,Kansas City Chiefs,Buffalo Bills,Justin Watson,KAN,Kansas City Chiefs,away,24,20,WR,0,0.0,0,0,0,0,0,0,0,0,0,1,0,0,0,0
2022,6,,Kansas City Chiefs,Buffalo Bills,Marquez Valdes-Scantling,KAN,Kansas City Chiefs,away,24,20,WR,0,0.0,0,0,0,0,0,0,0,0,0,3,0,0,0,0
2022,6,,Kansas City Chiefs,Buffalo Bills,Mecole Hardman,KAN,Kansas City Chiefs,away,24,20,WR,0,0.0,0,0,0,0,0,0,0,0,0,4,3,42,1,1
2022,6,,Kansas City Chiefs,Buffalo Bills,Michael Burton,KAN,Kansas City Chiefs,away,24,20,FB,0,0.0,0,0,0,0,0,0,0,0,0,1,0,0,0,0
2022,6,,Kansas City Chiefs,Buffalo Bills,Noah Gray,KAN,Kansas City Chiefs,away,24,20,TE,0,0.0,0,0,0,0,0,0,0,0,0,3,3,13,0,0
2022,6,,Kansas City Chiefs,Buffalo Bills,Patrick Mahomes,KAN,Kansas City Chiefs,away,24,20,QB,44,75.86206896551724,25,40,338,2,2,3,4,21,0,0,0,0,0,0
2022,6,,Kansas City Chiefs,Buffalo Bills,Skyy Moore,KAN,Kansas City Chiefs,away,24,20,WR,0,0.0,0,0,0,0,0,0,0,0,0,3,1,24,0,0
2022,6,,Kansas City Chiefs,Buffalo Bills,Travis Kelce,KAN,Kansas City Chiefs,away,24,20,TE,1,1.7241379310344827,0,0,0,0,0,0,1,4,0,10,8,108,0,0
2022,6,,Denver Broncos,Los Angeles Chargers,Austin Ekeler,LAC,Denver Broncos,away,19,16,RB,14,17.28395061728395,0,0,0,0,0,0,14,36,1,16,10,47,0,0
2022,6,,Denver Broncos,Los Angeles Chargers,DeAndre Carter,LAC,Denver Broncos,away,19,16,WR,0,0.0,0,0,0,0,0,0,0,0,0,5,3,17,0,0
2022,6,,Denver Broncos,Los Angeles Chargers,Donald Parham,LAC,Denver Broncos,away,19,16,TE,0,0.0,0,0,0,0,0,0,0,0,0,3,3,53,0,0
2022,6,,Denver Broncos,Los Angeles Chargers,Gerald Everett,LAC,Denver Broncos,away,19,16,TE,0,0.0,0,0,0,0,0,0,0,0,0,7,5,29,0,0
2022,6,,Denver Broncos,Los Angeles Chargers,Josh Palmer,LAC,Denver Broncos,away,19,16,WR,0,0.0,0,0,0,0,0,0,0,0,0,12,9,57,0,0
2022,6,,Denver Broncos,Los Angeles Chargers,Justin Herbert,LAC,Denver Broncos,away,19,16,QB,59,72.8395061728395,37,57,238,0,1,2,2,9,0,0,0,0,0,0
2022,6,,Denver Broncos,Los Angeles Chargers,Michael Bandy,LAC,Denver Broncos,away,19,16,WR,0,0.0,0,0,0,0,0,0,0,0,0,2,1,4,0,0
2022,6,,Denver Broncos,Los Angeles Chargers,Mike Williams,LAC,Denver Broncos,away,19,16,WR,0,0.0,0,0,0,0,0,0,0,0,0,6,2,17,0,0
2022,6,,Denver Broncos,Los Angeles Chargers,Sony Michel,LAC,Denver Broncos,away,19,16,RB,8,9.876543209876543,0,0,0,0,0,0,8,28,0,3,3,14,0,0
2022,6,,Denver Broncos,Los Angeles Chargers,Zander Horvath,LAC,Denver Broncos,away,19,16,RB,0,0.0,0,0,0,0,0,0,0,0,0,1,1,0,0,0
2022,6,,Carolina Panthers,Los Angeles Rams,Allen Robinson,LAR,Carolina Panthers,away,24,10,WR,0,0.0,0,0,0,0,0,0,0,0,0,6,5,63,1,0
2022,6,,Carolina Panthers,Los Angeles Rams,Ben Skowronek,LAR,Carolina Panthers,away,24,10,WR,1,1.6129032258064515,0,0,0,0,0,0,1,17,1,5,5,40,0,0
2022,6,,Carolina Panthers,Los Angeles Rams,Brandon Powell,LAR,Carolina Panthers,away,24,10,WR,3,4.838709677419355,0,0,0,0,0,0,3,13,0,5,4,27,0,0
2022,6,,Carolina Panthers,Los Angeles Rams,Cooper Kupp,LAR,Carolina Panthers,away,24,10,WR,2,3.225806451612903,0,0,0,0,0,0,2,17,0,8,7,80,0,0
2022,6,,Carolina Panthers,Los Angeles Rams,Darrell Henderson,LAR,Carolina Panthers,away,24,10,RB,12,19.35483870967742,0,0,0,0,0,0,12,43,1,3,2,9,0,0
2022,6,,Carolina Panthers,Los Angeles Rams,Malcolm Brown,LAR,Carolina Panthers,away,24,10,RB,7,11.29032258064516,0,0,0,0,0,0,7,15,0,1,1,13,0,0
2022,6,,Carolina Panthers,Los Angeles Rams,Matthew Stafford,LAR,Carolina Panthers,away,24,10,QB,35,56.451612903225815,26,33,253,1,1,1,2,-3,0,0,0,0,0,0
2022,6,,Carolina Panthers,Los Angeles Rams,Ronnie Rivers,LAR,Carolina Panthers,away,24,10,RB,1,1.6129032258064515,0,0,0,0,0,0,1,0,0,1,1,14,0,0
2022,6,,Carolina Panthers,Los Angeles Rams,Tutu Atwell,LAR,Carolina Panthers,away,24,10,WR,1,1.6129032258064515,0,0,0,0,0,0,1,9,0,0,0,0,0,0
2022,6,,Carolina Panthers,Los Angeles Rams,Tyler Higbee,LAR,Carolina Panthers,away,24,10,TE,0,0.0,0,0,0,0,0,0,0,0,0,2,1,7,0,0
2022,6,"86 degrees, relative humidity 55%, wind 14 mph",Miami Dolphins,Minnesota Vikings,Alec Ingold,MIA,Miami Dolphins,away,24,16,FB,1,1.4925373134328357,0,0,0,0,0,0,1,2,0,2,2,10,0,0
2022,6,"86 degrees, relative humidity 55%, wind 14 mph",Miami Dolphins,Minnesota Vikings,Chase Edmonds,MIA,Miami Dolphins,away,24,16,RB,2,2.9850746268656714,0,0,0,0,0,0,2,3,0,2,2,28,0,0
2022,6,"86 degrees, relative humidity 55%, wind 14 mph",Miami Dolphins,Minnesota Vikings,Clayton Fejedelem,MIA,Miami Dolphins,away,24,16,SS,1,1.4925373134328357,0,0,0,0,0,0,1,0,0,0,0,0,0,0
2022,6,"86 degrees, relative humidity 55%, wind 14 mph",Miami Dolphins,Minnesota Vikings,Jaylen Waddle,MIA,Miami Dolphins,away,24,16,WR,0,0.0,0,0,0,0,0,0,0,0,0,10,6,129,0,1
2022,6,"86 degrees, relative humidity 55%, wind 14 mph",Miami Dolphins,Minnesota Vikings,Mike Gesicki,MIA,Miami Dolphins,away,24,16,TE,0,0.0,0,0,0,0,0,0,0,0,0,7,6,69,2,0
2022,6,"86 degrees, relative humidity 55%, wind 14 mph",Miami Dolphins,Minnesota Vikings,Raheem Mostert,MIA,Miami Dolphins,away,24,16,RB,14,20.8955223880597,0,0,0,0,0,0,14,49,0,2,1,-1,0,0
2022,6,"86 degrees, relative humidity 55%, wind 14 mph",Miami Dolphins,Minnesota Vikings,River Cracraft,MIA,Miami Dolphins,away,24,16,WR,0,0.0,0,0,0,0,0,0,0,0,0,1,0,0,0,0
2022,6,"86 degrees, relative humidity 55%, wind 14 mph",Miami Dolphins,Minnesota Vikings,Skylar Thompson,MIA,Miami Dolphins,away,24,16,QB,14,20.8955223880597,7,13,89,0,0,1,1,9,0,0,0,0,0,0
2022,6,"86 degrees, relative humidity 55%, wind 14 mph",Miami Dolphins,Minnesota Vikings,Tanner Conner,MIA,Miami Dolphins,away,24,16,WR,0,0.0,0,0,0,0,0,0,0,0,0,2,0,0,0,0
2022,6,"86 degrees, relative humidity 55%, wind 14 mph",Miami Dolphins,Minnesota Vikings,Teddy Bridgewater,MIA,Miami Dolphins,away,24,16,QB,35,52.23880597014925,23,34,329,2,2,5,1,10,0,0,0,0,0,0
2022,6,"86 degrees, relative humidity 55%, wind 14 mph",Miami Dolphins,Minnesota Vikings,Trent Sherfield,MIA,Miami Dolphins,away,24,16,WR,0,0.0,0,0,0,0,0,0,0,0,0,4,1,6,0,0
2022,6,"86 degrees, relative humidity 55%, wind 14 mph",Miami Dolphins,Minnesota Vikings,Tyreek Hill,MIA,Miami Dolphins,away,24,16,WR,0,0.0,0,0,0,0,0,0,0,0,0,15,12,177,0,0
2022,6,"86 degrees, relative humidity 55%, wind 14 mph",Miami Dolphins,Minnesota Vikings,Adam Thielen,MIN,Miami Dolphins,away,24,16,WR,0,0.0,0,0,0,0,0,0,0,0,0,8,4,36,1,0
2022,6,"86 degrees, relative humidity 55%, wind 14 mph",Miami Dolphins,Minnesota Vikings,Alexander Mattison,MIN,Miami Dolphins,away,24,16,RB,1,2.127659574468085,0,0,0,0,0,0,1,3,0,0,0,0,0,0
2022,6,"86 degrees, relative humidity 55%, wind 14 mph",Miami Dolphins,Minnesota Vikings,C.J. Ham,MIN,Miami Dolphins,away,24,16,FB,1,2.127659574468085,0,0,0,0,0,0,1,3,0,0,0,0,0,0
2022,6,"86 degrees, relative humidity 55%, wind 14 mph",Miami Dolphins,Minnesota Vikings,Dalvin Cook,MIN,Miami Dolphins,away,24,16,RB,13,27.659574468085108,0,0,0,0,0,0,13,77,1,1,1,6,0,0
2022,6,"86 degrees, relative humidity 55%, wind 14 mph",Miami Dolphins,Minnesota Vikings,Irv Smith Jr.,MIN,Miami Dolphins,away,24,16,TE,0,0.0,0,0,0,0,0,0,0,0,0,4,4,7,1,1
2022,6,"86 degrees, relative humidity 55%, wind 14 mph",Miami Dolphins,Minnesota Vikings,Johnny Mundt,MIN,Miami Dolphins,away,24,16,TE,0,0.0,0,0,0,0,0,0,0,0,0,2,2,1,0,0
2022,6,"86 degrees, relative humidity 55%, wind 14 mph",Miami Dolphins,Minnesota Vikings,Justin Jefferson,MIN,Miami Dolphins,away,24,16,WR,0,0.0,0,0,0,0,0,0,0,0,0,8,6,107,0,0
2022,6,"86 degrees, relative humidity 55%, wind 14 mph",Miami Dolphins,Minnesota Vikings,K.J. Osborn,MIN,Miami Dolphins,away,24,16,WR,0,0.0,0,0,0,0,0,0,0,0,0,5,3,18,0,0
2022,6,"86 degrees, relative humidity 55%, wind 14 mph",Miami Dolphins,Minnesota Vikings,Kirk Cousins,MIN,Miami Dolphins,away,24,16,QB,32,68.08510638297872,20,30,175,2,0,3,2,-5,0,0,0,0,0,0
2022,6,,New Orleans Saints,Cincinnati Bengals,Adam Trautman,NOR,New Orleans Saints,away,30,26,TE,0,0.0,0,0,0,0,0,0,0,0,0,1,1,8,0,0
2022,6,,New Orleans Saints,Cincinnati Bengals,Alvin Kamara,NOR,New Orleans Saints,away,30,26,RB,19,27.142857142857142,0,0,0,0,0,0,19,99,0,9,6,25,0,0
2022,6,,New Orleans Saints,Cincinnati Bengals,Andy Dalton,NOR,New Orleans Saints,away,30,26,QB,32,45.714285714285715,17,32,162,1,0,1,0,0,0,0,0,0,0,0
2022,6,,New Orleans Saints,Cincinnati Bengals,Juwan Johnson,NOR,New Orleans Saints,away,30,26,TE,0,0.0,0,0,0,0,0,0,0,0,0,6,4,41,0,0
2022,6,,New Orleans Saints,Cincinnati Bengals,Keith Kirkwood,NOR,New Orleans Saints,away,30,26,WR,0,0.0,0,0,0,0,0,0,0,0,0,1,1,14,0,0
2022,6,,New Orleans Saints,Cincinnati Bengals,Kevin White,NOR,New Orleans Saints,away,30,26,WR,0,0.0,0,0,0,0,0,0,0,0,0,1,0,0,0,0
2022,6,,New Orleans Saints,Cincinnati Bengals,Mark Ingram,NOR,New Orleans Saints,away,30,26,RB,9,12.857142857142856,0,0,0,0,0,0,9,46,0,2,1,11,0,0
2022,6,,New Orleans Saints,Cincinnati Bengals,Marquez Callaway,NOR,New Orleans Saints,away,30,26,WR,0,0.0,0,0,0,0,0,0,0,0,0,7,3,36,0,0
2022,6,,New Orleans Saints,Cincinnati Bengals,Rashid Shaheed,NOR,New Orleans Saints,away,30,26,WR,1,1.4285714285714286,0,0,0,0,0,0,1,44,1,1,0,0,0,0
2022,6,,New Orleans Saints,Cincinnati Bengals,Taysom Hill,NOR,New Orleans Saints,away,30,26,TE,9,12.857142857142856,2,4,16,0,0,0,5,39,0,0,0,0,0,0
2022,6,,New Orleans Saints,Cincinnati Bengals,Tre'Quan Smith,NOR,New Orleans Saints,away,30,26,WR,0,0.0,0,0,0,0,0,0,0,0,0,3,3,43,1,0
2022,6,"62 degrees, relative humidity 41%, wind 11 mph",Cleveland Browns,New England Patriots,Bailey Zappe,NWE,Cleveland Browns,away,38,15,QB,37,58.730158730158735,24,34,309,2,0,2,3,-4,0,1,1,-6,0,1
2022,6,"62 degrees, relative humidity 41%, wind 11 mph",Cleveland Browns,New England Patriots,DeVante Parker,NWE,Cleveland Browns,away,38,15,WR,0,0.0,0,0,0,0,0,0,0,0,0,6,4,64,0,0
2022,6,"62 degrees, relative humidity 41%, wind 11 mph",Cleveland Browns,New England Patriots,Hunter Henry,NWE,Cleveland Browns,away,38,15,TE,0,0.0,0,0,0,0,0,0,0,0,0,7,4,61,1,0
2022,6,"62 degrees, relative humidity 41%, wind 11 mph",Cleveland Browns,New England Patriots,Jakobi Meyers,NWE,Cleveland Browns,away,38,15,WR,0,0.0,0,0,0,0,0,0,0,0,0,4,4,60,0,0
2022,6,"62 degrees, relative humidity 41%, wind 11 mph",Cleveland Browns,New England Patriots,Jonnu Smith,NWE,Cleveland Browns,away,38,15,TE,0,0.0,0,0,0,0,0,0,0,0,0,2,2,61,0,0
2022,6,"62 degrees, relative humidity 41%, wind 11 mph",Cleveland Browns,New England Patriots,Kendrick Bourne,NWE,Cleveland Browns,away,38,15,WR,0,0.0,0,0,0,0,0,0,0,0,0,1,1,17,0,0
2022,6,"62 degrees, relative humidity 41%, wind 11 mph",Cleveland Browns,New England Patriots,Kevin Harris,NWE,Cleveland Browns,away,38,15,RB,3,4.761904761904762,0,0,0,0,0,0,3,5,0,0,0,0,0,0
2022,6,"62 degrees, relative humidity 41%, wind 11 mph",Cleveland Browns,New England Patriots,Pierre Strong,NWE,Cleveland Browns,away,38,15,RB,1,1.5873015873015872,0,0,0,0,0,0,1,5,0,0,0,0,0,0
2022,6,"62 degrees, relative humidity 41%, wind 11 mph",Cleveland Browns,New England Patriots,Rhamondre Stevenson,NWE,Cleveland Browns,away,38,15,RB,19,30.158730158730158,0,0,0,0,0,0,19,76,2,5,4,15,0,0
2022,6,"62 degrees, relative humidity 41%, wind 11 mph",Cleveland Browns,New England Patriots,Tyquan Thornton,NWE,Cleveland Browns,away,38,15,WR,3,4.761904761904762,0,0,0,0,0,0,3,16,1,5,4,37,1,0
2022,6,"60 degrees, relative humidity 53%, wind 3 mph",Baltimore Ravens,New York Giants,Daniel Bellinger,NYG,Baltimore Ravens,away,24,20,TE,0,0.0,0,0,0,0,0,0,0,0,0,5,5,38,1,0
2022,6,"60 degrees, relative humidity 53%, wind 3 mph",Baltimore Ravens,New York Giants,Daniel Jones,NYG,Baltimore Ravens,away,24,20,QB,33,56.896551724137936,19,27,173,2,0,4,6,6,0,0,0,0,0,1
2022,6,"60 degrees, relative humidity 53%, wind 3 mph",Baltimore Ravens,New York Giants,Darius Slayton,NYG,Baltimore Ravens,away,24,20,WR,0,0.0,0,0,0,0,0,0,0,0,0,3,1,18,0,0
2022,6,"60 degrees, relative humidity 53%, wind 3 mph",Baltimore Ravens,New York Giants,David Sills,NYG,Baltimore Ravens,away,24,20,UNK,0,0.0,0,0,0,0,0,0,0,0,0,2,1,8,0,0
2022,6,"60 degrees, relative humidity 53%, wind 3 mph",Baltimore Ravens,New York Giants,Marcus Johnson,NYG,Baltimore Ravens,away,24,20,WR,0,0.0,0,0,0,0,0,0,0,0,0,4,2,25,0,0
2022,6,"60 degrees, relative humidity 53%, wind 3 mph",Baltimore Ravens,New York Giants,Matt Breida,NYG,Baltimore Ravens,away,24,20,RB,3,5.172413793103448,0,0,0,0,0,0,3,-6,0,2,2,17,0,0
2022,6,"60 degrees, relative humidity 53%, wind 3 mph",Baltimore Ravens,New York Giants,Richie James,NYG,Baltimore Ravens,away,24,20,WR,0,0.0,0,0,0,0,0,0,0,0,0,2,2,18,0,0
2022,6,"60 degrees, relative humidity 53%, wind 3 mph",Baltimore Ravens,New York Giants,Saquon Barkley,NYG,Baltimore Ravens,away,24,20,RB,22,37.93103448275862,0,0,0,0,0,0,22,83,1,3,3,12,0,0
2022,6,"60 degrees, relative humidity 53%, wind 3 mph",Baltimore Ravens,New York Giants,Wan'Dale Robinson,NYG,Baltimore Ravens,away,24,20,WR,0,0.0,0,0,0,0,0,0,0,0,0,4,3,37,1,0
2022,6,"49 degrees, relative humidity 64%, wind 12 mph",Green Bay Packers,New York Jets,Braxton Berrios,NYJ,Green Bay Packers,away,27,10,WR,1,1.9607843137254901,0,0,0,0,0,0,1,20,1,1,1,6,0,0
2022,6,"49 degrees, relative humidity 64%, wind 12 mph",Green Bay Packers,New York Jets,Breece Hall,NYJ,Green Bay Packers,away,27,10,RB,20,39.21568627450981,0,0,0,0,0,0,20,116,1,2,2,5,0,0
2022,6,"49 degrees, relative humidity 64%, wind 12 mph",Green Bay Packers,New York Jets,C.J. Uzomah,NYJ,Green Bay Packers,away,27,10,TE,0,0.0,0,0,0,0,0,0,0,0,0,2,2,17,0,0
2022,6,"49 degrees, relative humidity 64%, wind 12 mph",Green Bay Packers,New York Jets,Corey Davis,NYJ,Green Bay Packers,away,27,10,WR,0,0.0,0,0,0,0,0,0,0,0,0,4,2,52,0,0
2022,6,"49 degrees, relative humidity 64%, wind 12 mph",Green Bay Packers,New York Jets,Garrett Wilson,NYJ,Green Bay Packers,away,27,10,WR,0,0.0,0,0,0,0,0,0,0,0,0,5,1,8,0,0
2022,6,"49 degrees, relative humidity 64%, wind 12 mph",Green Bay Packers,New York Jets,Michael Carter,NYJ,Green Bay Packers,away,27,10,RB,6,11.76470588235294,0,0,0,0,0,0,6,41,0,1,1,6,0,0
2022,6,"49 degrees, relative humidity 64%, wind 12 mph",Green Bay Packers,New York Jets,Tyler Conklin,NYJ,Green Bay Packers,away,27,10,TE,1,1.9607843137254901,0,0,0,0,0,0,1,1,0,2,1,16,0,0
2022,6,"49 degrees, relative humidity 64%, wind 12 mph",Green Bay Packers,New York Jets,Zach Wilson,NYJ,Green Bay Packers,away,27,10,QB,23,45.09803921568628,10,18,110,0,0,2,5,1,0,0,0,0,0,0
2022,6,"63 degrees, relative humidity 43%, wind 3 mph",Dallas Cowboys,Philadelphia Eagles,A.J. Brown,PHI,Dallas Cowboys,away,26,17,WR,0,0.0,0,0,0,0,0,0,0,0,0,8,5,67,1,0
2022,6,"63 degrees, relative humidity 43%, wind 3 mph",Dallas Cowboys,Philadelphia Eagles,Boston Scott,PHI,Dallas Cowboys,away,26,17,RB,6,9.375,0,0,0,0,0,0,6,16,0,0,0,0,0,0
2022,6,"63 degrees, relative humidity 43%, wind 3 mph",Dallas Cowboys,Philadelphia Eagles,Dallas Goedert,PHI,Dallas Cowboys,away,26,17,TE,0,0.0,0,0,0,0,0,0,0,0,0,6,2,22,0,0
2022,6,"63 degrees, relative humidity 43%, wind 3 mph",Dallas Cowboys,Philadelphia Eagles,DeVonta Smith,PHI,Dallas Cowboys,away,26,17,WR,0,0.0,0,0,0,0,0,0,0,0,0,5,5,44,1,0
2022,6,"63 degrees, relative humidity 43%, wind 3 mph",Dallas Cowboys,Philadelphia Eagles,Jack Stoll,PHI,Dallas Cowboys,away,26,17,TE,0,0.0,0,0,0,0,0,0,0,0,0,1,1,21,0,0
2022,6,"63 degrees, relative humidity 43%, wind 3 mph",Dallas Cowboys,Philadelphia Eagles,Jalen Hurts,PHI,Dallas Cowboys,away,26,17,QB,34,53.125,15,25,155,2,0,4,9,27,0,0,0,0,0,1
2022,6,"63 degrees, relative humidity 43%, wind 3 mph",Dallas Cowboys,Philadelphia Eagles,Kenneth Gainwell,PHI,Dallas Cowboys,away,26,17,RB,5,7.8125,0,0,0,0,0,0,5,25,0,0,0,0,0,0
2022,6,"63 degrees, relative humidity 43%, wind 3 mph",Dallas Cowboys,Philadelphia Eagles,Miles Sanders,PHI,Dallas Cowboys,away,26,17,RB,18,28.125,0,0,0,0,0,0,18,71,1,1,1,1,0,0
2022,6,"63 degrees, relative humidity 43%, wind 3 mph",Dallas Cowboys,Philadelphia Eagles,Quez Watkins,PHI,Dallas Cowboys,away,26,17,WR,1,1.5625,0,0,0,0,0,0,1,-3,0,1,1,0,0,0
2022,6,"62 degrees, relative humidity 46%, wind 7 mph",Tampa Bay Buccaneers,Pittsburgh Steelers,Chase Claypool,PIT,Tampa Bay Buccaneers,away,20,18,WR,1,1.694915254237288,0,0,0,0,0,0,1,8,0,7,7,96,1,0
2022,6,"62 degrees, relative humidity 46%, wind 7 mph",Tampa Bay Buccaneers,Pittsburgh Steelers,Connor Heyward,PIT,Tampa Bay Buccaneers,away,20,18,TE,0,0.0,0,0,0,0,0,0,0,0,0,3,2,49,0,0
2022,6,"62 degrees, relative humidity 46%, wind 7 mph",Tampa Bay Buccaneers,Pittsburgh Steelers,Diontae Johnson,PIT,Tampa Bay Buccaneers,away,20,18,WR,2,3.389830508474576,0,0,0,0,0,0,2,8,0,7,5,28,0,0
2022,6,"62 degrees, relative humidity 46%, wind 7 mph",Tampa Bay Buccaneers,Pittsburgh Steelers,George Pickens,PIT,Tampa Bay Buccaneers,away,20,18,WR,1,1.694915254237288,0,0,0,0,0,0,1,1,0,6,3,27,0,0
2022,6,"62 degrees, relative humidity 46%, wind 7 mph",Tampa Bay Buccaneers,Pittsburgh Steelers,Jaylen Warren,PIT,Tampa Bay Buccaneers,away,20,18,RB,2,3.389830508474576,0,0,0,0,0,0,2,2,0,0,0,0,0,0
2022,6,"62 degrees, relative humidity 46%, wind 7 mph",Tampa Bay Buccaneers,Pittsburgh Steelers,Kenny Pickett,PIT,Tampa Bay Buccaneers,away,20,18,QB,20,33.89830508474576,11,18,67,1,0,1,2,16,0,0,0,0,0,0
2022,6,"62 degrees, relative humidity 46%, wind 7 mph",Tampa Bay Buccaneers,Pittsburgh Steelers,Mitchell Trubisky,PIT,Tampa Bay Buccaneers,away,20,18,QB,18,30.508474576271187,9,12,144,1,0,1,6,5,0,0,0,0,0,0
2022,6,"62 degrees, relative humidity 46%, wind 7 mph",Tampa Bay Buccaneers,Pittsburgh Steelers,Najee Harris,PIT,Tampa Bay Buccaneers,away,20,18,RB,14,23.728813559322035,0,0,0,0,0,0,14,42,0,3,2,7,1,0
2022,6,"62 degrees, relative humidity 46%, wind 7 mph",Tampa Bay Buccaneers,Pittsburgh Steelers,Steven Sims,PIT,Tampa Bay Buccaneers,away,20,18,WR,1,1.694915254237288,0,0,0,0,0,0,1,-5,0,0,0,0,0,0
2022,6,"62 degrees, relative humidity 46%, wind 7 mph",Tampa Bay Buccaneers,Pittsburgh Steelers,Zach Gentry,PIT,Tampa Bay Buccaneers,away,20,18,TE,0,0.0,0,0,0,0,0,0,0,0,0,1,1,4,0,0
2022,6,"72 degrees, relative humidity 44%, wind 5 mph",Arizona Cardinals,Seattle Seahawks,Colby Parkinson,SEA,Arizona Cardinals,away,19,9,TE,0,0.0,0,0,0,0,0,0,0,0,0,2,2,11,0,0
2022,6,"72 degrees, relative humidity 44%, wind 5 mph",Arizona Cardinals,Seattle Seahawks,D'Wayne Eskridge,SEA,Arizona Cardinals,away,19,9,WR,0,0.0,0,0,0,0,0,0,0,0,0,3,3,39,0,0
2022,6,"72 degrees, relative humidity 44%, wind 5 mph",Arizona Cardinals,Seattle Seahawks,D.K. Metcalf,SEA,Arizona Cardinals,away,19,9,WR,0,0.0,0,0,0,0,0,0,0,0,0,7,2,34,0,0
2022,6,"72 degrees, relative humidity 44%, wind 5 mph",Arizona Cardinals,Seattle Seahawks,DeeJay Dallas,SEA,Arizona Cardinals,away,19,9,RB,2,3.278688524590164,0,0,0,0,0,0,2,1,0,0,0,0,0,0
2022,6,"72 degrees, relative humidity 44%, wind 5 mph",Arizona Cardinals,Seattle Seahawks,Geno Smith,SEA,Arizona Cardinals,away,19,9,QB,37,60.65573770491803,20,31,197,0,0,5,6,48,0,0,0,0,0,1
2022,6,"72 degrees, relative humidity 44%, wind 5 mph",Arizona Cardinals,Seattle Seahawks,Kenneth Walker,SEA,Arizona Cardinals,away,19,9,UNK,21,34.42622950819672,0,0,0,0,0,0,21,97,1,3,2,13,0,0
2022,6,"72 degrees, relative humidity 44%, wind 5 mph",Arizona Cardinals,Seattle Seahawks,Marquise Goodwin,SEA,Arizona Cardinals,away,19,9,WR,0,0.0,0,0,0,0,0,0,0,0,0,2,2,26,0,0
2022,6,"72 degrees, relative humidity 44%, wind 5 mph",Arizona Cardinals,Seattle Seahawks,Michael Dickson,SEA,Arizona Cardinals,away,19,9,P,1,1.639344262295082,0,0,0,0,0,0,1,-10,0,0,0,0,0,1
2022,6,"72 degrees, relative humidity 44%, wind 5 mph",Arizona Cardinals,Seattle Seahawks,Noah Fant,SEA,Arizona Cardinals,away,19,9,TE,0,0.0,0,0,0,0,0,0,0,0,0,7,6,45,0,0
2022,6,"72 degrees, relative humidity 44%, wind 5 mph",Arizona Cardinals,Seattle Seahawks,Tyler Lockett,SEA,Arizona Cardinals,away,19,9,WR,0,0.0,0,0,0,0,0,0,0,0,0,5,2,17,0,0
2022,6,"72 degrees, relative humidity 44%, wind 5 mph",Arizona Cardinals,Seattle Seahawks,Will Dissly,SEA,Arizona Cardinals,away,19,9,TE,0,0.0,0,0,0,0,0,0,0,0,0,1,1,12,0,0
2022,6,,San Francisco 49ers,Atlanta Falcons,Brandon Aiyuk,SFO,San Francisco 49ers,away,28,14,WR,0,0.0,0,0,0,0,0,0,0,0,0,11,8,83,2,0
2022,6,,San Francisco 49ers,Atlanta Falcons,Charlie Woerner,SFO,San Francisco 49ers,away,28,14,TE,0,0.0,0,0,0,0,0,0,0,0,0,1,0,0,0,0
2022,6,,San Francisco 49ers,Atlanta Falcons,Deebo Samuel,SFO,San Francisco 49ers,away,28,14,WR,2,3.508771929824561,0,0,0,0,0,0,2,11,0,10,7,79,0,0
2022,6,,San Francisco 49ers,Atlanta Falcons,George Kittle,SFO,San Francisco 49ers,away,28,14,TE,0,0.0,0,0,0,0,0,0,0,0,0,10,8,83,0,0
2022,6,,San Francisco 49ers,Atlanta Falcons,Jauan Jennings,SFO,San Francisco 49ers,away,28,14,WR,0,0.0,0,0,0,0,0,0,0,0,0,3,2,18,0,0
2022,6,,San Francisco 49ers,Atlanta Falcons,Jeff Wilson,SFO,San Francisco 49ers,away,28,14,RB,7,12.280701754385964,0,0,0,0,0,0,7,25,0,1,0,0,0,1
2022,6,,San Francisco 49ers,Atlanta Falcons,Jimmy Garoppolo,SFO,San Francisco 49ers,away,28,14,QB,44,77.19298245614034,29,41,296,2,2,0,3,11,0,0,0,0,0,0
2022,6,,San Francisco 49ers,Atlanta Falcons,Kyle Juszczyk,SFO,San Francisco 49ers,away,28,14,FB,0,0.0,0,0,0,0,0,0,0,0,0,4,4,33,0,0
2022,6,,San Francisco 49ers,Atlanta Falcons,Ray-Ray McCloud,SFO,San Francisco 49ers,away,28,14,WR,0,0.0,0,0,0,0,0,0,0,0,0,1,0,0,0,0
2022,6,,San Francisco 49ers,Atlanta Falcons,Tevin Coleman,SFO,San Francisco 49ers,away,28,14,RB,4,7.017543859649122,0,0,0,0,0,0,4,3,0,0,0,0,0,0
2022,6,"62 degrees, relative humidity 46%, wind 7 mph",Tampa Bay Buccaneers,Pittsburgh Steelers,Breshad Perriman,TAM,Tampa Bay Buccaneers,away,20,18,WR,0,0.0,0,0,0,0,0,0,0,0,0,1,0,0,0,0
2022,6,"62 degrees, relative humidity 46%, wind 7 mph",Tampa Bay Buccaneers,Pittsburgh Steelers,Cade Otton,TAM,Tampa Bay Buccaneers,away,20,18,TE,0,0.0,0,0,0,0,0,0,0,0,0,3,2,23,0,0
2022,6,"62 degrees, relative humidity 46%, wind 7 mph",Tampa Bay Buccaneers,Pittsburgh Steelers,Cameron Brate,TAM,Tampa Bay Buccaneers,away,20,18,TE,0,0.0,0,0,0,0,0,0,0,0,0,3,2,14,0,0
2022,6,"62 degrees, relative humidity 46%, wind 7 mph",Tampa Bay Buccaneers,Pittsburgh Steelers,Chris Godwin,TAM,Tampa Bay Buccaneers,away,20,18,WR,0,0.0,0,0,0,0,0,0,0,0,0,12,6,95,0,0
2022,6,"62 degrees, relative humidity 46%, wind 7 mph",Tampa Bay Buccaneers,Pittsburgh Steelers,Leonard Fournette,TAM,Tampa Bay Buccaneers,away,20,18,RB,21,31.818181818181817,0,0,0,0,0,0,21,63,0,6,6,38,1,0
2022,6,"62 degrees, relative humidity 46%, wind 7 mph",Tampa Bay Buccaneers,Pittsburgh Steelers,Mike Evans,TAM,Tampa Bay Buccaneers,away,20,18,WR,0,0.0,0,0,0,0,0,0,0,0,0,4,4,42,0,0
2022,6,"62 degrees, relative humidity 46%, wind 7 mph",Tampa Bay Buccaneers,Pittsburgh Steelers,Rachaad White,TAM,Tampa Bay Buccaneers,away,20,18,RB,4,6.0606060606060606,0,0,0,0,0,0,4,12,0,4,3,11,0,0
2022,6,"62 degrees, relative humidity 46%, wind 7 mph",Tampa Bay Buccaneers,Pittsburgh Steelers,Russell Gage,TAM,Tampa Bay Buccaneers,away,20,18,WR,0,0.0,0,0,0,0,0,0,0,0,0,4,2,20,0,0
2022,6,"62 degrees, relative humidity 46%, wind 7 mph",Tampa Bay Buccaneers,Pittsburgh Steelers,Tom Brady,TAM,Tampa Bay Buccaneers,away,20,18,QB,41,62.121212121212125,25,40,243,1,0,2,1,0,0,0,0,0,0,1
2022,6,"46 degrees, relative humidity 55%, wind 14 mph",Chicago Bears,Washington Commanders,Antonio Gibson,WAS,Chicago Bears,away,12,7,RB,5,10.0,0,0,0,0,0,0,5,35,0,4,3,18,0,0
2022,6,"46 degrees, relative humidity 55%, wind 14 mph",Chicago Bears,Washington Commanders,Brian Robinson Jr.,WAS,Chicago Bears,away,12,7,RB,17,34.0,0,0,0,0,0,0,17,60,1,0,0,0,0,0
2022,6,"46 degrees, relative humidity 55%, wind 14 mph",Chicago Bears,Washington Commanders,Cam Sims,WAS,Chicago Bears,away,12,7,WR,0,0.0,0,0,0,0,0,0,0,0,0,2,1,6,0,0
2022,6,"46 degrees, relative humidity 55%, wind 14 mph",Chicago Bears,Washington Commanders,Carson Wentz,WAS,Chicago Bears,away,12,7,QB,24,48.0,12,22,99,0,0,3,2,2,0,0,0,0,0,0
2022,6,"46 degrees, relative humidity 55%, wind 14 mph",Chicago Bears,Washington Commanders,Cole Turner,WAS,Chicago Bears,away,12,7,TE,0,0.0,0,0,0,0,0,0,0,0,0,2,2,23,0,0
2022,6,"46 degrees, relative humidity 55%, wind 14 mph",Chicago Bears,Washington Commanders,Curtis Samuel,WAS,Chicago Bears,away,12,7,WR,0,0.0,0,0,0,0,0,0,0,0,0,5,2,6,0,0
2022,6,"46 degrees, relative humidity 55%, wind 14 mph",Chicago Bears,Washington Commanders,Dax Milne,WAS,Chicago Bears,away,12,7,WR,0,0.0,0,0,0,0,0,0,0,0,0,1,1,5,0,0
2022,6,"46 degrees, relative humidity 55%, wind 14 mph",Chicago Bears,Washington Commanders,Dyami Brown,WAS,Chicago Bears,away,12,7,WR,0,0.0,0,0,0,0,0,0,0,0,0,1,0,0,0,0
2022,6,"46 degrees, relative humidity 55%, wind 14 mph",Chicago Bears,Washington Commanders,J.D. McKissic,WAS,Chicago Bears,away,12,7,RB,2,4.0,0,0,0,0,0,0,2,20,0,3,0,0,0,0
2022,6,"46 degrees, relative humidity 55%, wind 14 mph",Chicago Bears,Washington Commanders,Terry McLaurin,WAS,Chicago Bears,away,12,7,WR,2,4.0,0,0,0,0,0,0,2,11,0,4,3,41,0,1
2022,7,,New Orleans Saints,Arizona Cardinals,DeAndre Hopkins,ARI,New Orleans Saints,away,42,34,WR,0,0.0,0,0,0,0,0,0,0,0,0,14,10,103,0,1
2022,7,,New Orleans Saints,Arizona Cardinals,Eno Benjamin,ARI,New Orleans Saints,away,42,34,RB,12,20.689655172413794,0,0,0,0,0,0,12,92,1,5,4,21,0,0
2022,7,,New Orleans Saints,Arizona Cardinals,Greg Dortch,ARI,New Orleans Saints,away,42,34,WR,1,1.7241379310344827,0,0,0,0,0,0,1,1,0,1,1,5,1,0
2022,7,,New Orleans Saints,Arizona Cardinals,Keaontay Ingram,ARI,New Orleans Saints,away,42,34,RB,9,15.517241379310345,0,0,0,0,0,0,9,14,1,2,2,23,0,0
2022,7,,New Orleans Saints,Arizona Cardinals,Kyler Murray,ARI,New Orleans Saints,away,42,34,QB,36,62.06896551724138,20,29,204,1,0,2,7,30,0,0,0,0,0,1
2022,7,,New Orleans Saints,Arizona Cardinals,Robbie Chosen,ARI,New Orleans Saints,away,42,34,WR,0,0.0,0,0,0,0,0,0,0,0,0,1,0,0,0,0
2022,7,,New Orleans Saints,Arizona Cardinals,Rondale Moore,ARI,New Orleans Saints,away,42,34,WR,0,0.0,0,0,0,0,0,0,0,0,0,2,1,31,0,0
2022,7,,New Orleans Saints,Arizona Cardinals,Zach Ertz,ARI,New Orleans Saints,away,42,34,TE,0,0.0,0,0,0,0,0,0,0,0,0,4,2,21,0,0
2022,7,"73 degrees, relative humidity 43%, wind 7 mph",Atlanta Falcons,Cincinnati Bengals,Avery Williams,ATL,Atlanta Falcons,away,35,17,RB,1,2.380952380952381,0,0,0,0,0,0,1,4,0,1,0,0,0,0
2022,7,"73 degrees, relative humidity 43%, wind 7 mph",Atlanta Falcons,Cincinnati Bengals,Caleb Huntley,ATL,Atlanta Falcons,away,35,17,RB,6,14.285714285714285,0,0,0,0,0,0,6,22,0,0,0,0,0,0
2022,7,"73 degrees, relative humidity 43%, wind 7 mph",Atlanta Falcons,Cincinnati Bengals,Damiere Byrd,ATL,Atlanta Falcons,away,35,17,WR,0,0.0,0,0,0,0,0,0,0,0,0,1,1,75,1,0
2022,7,"73 degrees, relative humidity 43%, wind 7 mph",Atlanta Falcons,Cincinnati Bengals,Drake London,ATL,Atlanta Falcons,away,35,17,WR,0,0.0,0,0,0,0,0,0,0,0,0,1,1,9,0,0
2022,7,"73 degrees, relative humidity 43%, wind 7 mph",Atlanta Falcons,Cincinnati Bengals,Kyle Pitts,ATL,Atlanta Falcons,away,35,17,TE,0,0.0,0,0,0,0,0,0,0,0,0,5,3,9,0,0
2022,7,"73 degrees, relative humidity 43%, wind 7 mph",Atlanta Falcons,Cincinnati Bengals,Marcus Mariota,ATL,Atlanta Falcons,away,35,17,QB,19,45.23809523809524,8,13,124,1,0,3,6,31,0,0,0,0,0,1
2022,7,"73 degrees, relative humidity 43%, wind 7 mph",Atlanta Falcons,Cincinnati Bengals,Olamide Zaccheaus,ATL,Atlanta Falcons,away,35,17,WR,0,0.0,0,0,0,0,0,0,0,0,0,4,3,31,0,0
2022,7,"73 degrees, relative humidity 43%, wind 7 mph",Atlanta Falcons,Cincinnati Bengals,Tyler Allgeier,ATL,Atlanta Falcons,away,35,17,RB,16,38.095238095238095,0,0,0,0,0,0,16,50,1,0,0,0,0,0
2022,7,"64 degrees, relative humidity 59%, wind 6 mph",Cleveland Browns,Baltimore Ravens,Devin Duvernay,BAL,Cleveland Browns,away,23,20,WR,0,0.0,0,0,0,0,0,0,0,0,0,3,2,42,0,0
2022,7,"64 degrees, relative humidity 59%, wind 6 mph",Cleveland Browns,Baltimore Ravens,Gus Edwards,BAL,Cleveland Browns,away,23,20,RB,16,26.666666666666668,0,0,0,0,0,0,16,66,2,1,0,0,0,0
2022,7,"64 degrees, relative humidity 59%, wind 6 mph",Cleveland Browns,Baltimore Ravens,Isaiah Likely,BAL,Cleveland Browns,away,23,20,TE,0,0.0,0,0,0,0,0,0,0,0,0,1,1,16,0,0
2022,7,"64 degrees, relative humidity 59%, wind 6 mph",Cleveland Browns,Baltimore Ravens,Josh Oliver,BAL,Cleveland Browns,away,23,20,TE,0,0.0,0,0,0,0,0,0,0,0,0,1,0,0,0,0
2022,7,"64 degrees, relative humidity 59%, wind 6 mph",Cleveland Browns,Baltimore Ravens,Justice Hill,BAL,Cleveland Browns,away,23,20,RB,5,8.333333333333332,0,0,0,0,0,0,5,26,0,0,0,0,0,1
2022,7,"64 degrees, relative humidity 59%, wind 6 mph",Cleveland Browns,Baltimore Ravens,Kenyan Drake,BAL,Cleveland Browns,away,23,20,RB,11,18.333333333333332,0,0,0,0,0,0,11,5,0,1,0,0,0,0
2022,7,"64 degrees, relative humidity 59%, wind 6 mph",Cleveland Browns,Baltimore Ravens,Lamar Jackson,BAL,Cleveland Browns,away,23,20,QB,26,43.333333333333336,9,16,120,0,0,3,10,59,0,0,0,0,0,0
2022,7,"64 degrees, relative humidity 59%, wind 6 mph",Cleveland Browns,Baltimore Ravens,Mark Andrews,BAL,Cleveland Browns,away,23,20,TE,1,1.6666666666666667,0,0,0,0,0,0,1,4,0,2,0,0,0,0
2022,7,"64 degrees, relative humidity 59%, wind 6 mph",Cleveland Browns,Baltimore Ravens,Patrick Ricard,BAL,Cleveland Browns,away,23,20,FB,1,1.6666666666666667,0,0,0,0,0,0,1,0,0,2,2,20,0,0
2022,7,"64 degrees, relative humidity 59%, wind 6 mph",Cleveland Browns,Baltimore Ravens,Rashod Bateman,BAL,Cleveland Browns,away,23,20,WR,0,0.0,0,0,0,0,0,0,0,0,0,5,4,42,0,0
2022,7,"67 degrees, relative humidity 51%, wind 5 mph",Tampa Bay Buccaneers,Carolina Panthers,Chuba Hubbard,CAR,Tampa Bay Buccaneers,away,21,3,RB,9,18.367346938775512,0,0,0,0,0,0,9,63,1,3,2,10,0,0
2022,7,"67 degrees, relative humidity 51%, wind 5 mph",Tampa Bay Buccaneers,Carolina Panthers,D'Onta Foreman,CAR,Tampa Bay Buccaneers,away,21,3,RB,15,30.612244897959183,0,0,0,0,0,0,15,118,0,2,2,27,0,0
2022,7,"67 degrees, relative humidity 51%, wind 5 mph",Tampa Bay Buccaneers,Carolina Panthers,D.J. Moore,CAR,Tampa Bay Buccaneers,away,21,3,WR,1,2.0408163265306123,0,0,0,0,0,0,1,-3,0,10,7,69,1,0
2022,7,"67 degrees, relative humidity 51%, wind 5 mph",Tampa Bay Buccaneers,Carolina Panthers,Ian Thomas,CAR,Tampa Bay Buccaneers,away,21,3,TE,0,0.0,0,0,0,0,0,0,0,0,0,1,1,3,0,0
2022,7,"67 degrees, relative humidity 51%, wind 5 mph",Tampa Bay Buccaneers,Carolina Panthers,Laviska Shenault Jr.,CAR,Tampa Bay Buccaneers,away,21,3,WR,0,0.0,0,0,0,0,0,0,0,0,0,1,1,8,0,0
2022,7,"67 degrees, relative humidity 51%, wind 5 mph",Tampa Bay Buccaneers,Carolina Panthers,P.J. Walker,CAR,Tampa Bay Buccaneers,away,21,3,QB,22,44.89795918367347,16,22,177,2,0,1,0,0,0,0,0,0,0,0
2022,7,"67 degrees, relative humidity 51%, wind 5 mph",Tampa Bay Buccaneers,Carolina Panthers,Raheem Blackshear,CAR,Tampa Bay Buccaneers,away,21,3,RB,2,4.081632653061225,0,0,0,0,0,0,2,-5,0,0,0,0,0,0
2022,7,"67 degrees, relative humidity 51%, wind 5 mph",Tampa Bay Buccaneers,Carolina Panthers,Terrace Marshall Jr.,CAR,Tampa Bay Buccaneers,away,21,3,WR,0,0.0,0,0,0,0,0,0,0,0,0,3,2,31,0,0
2022,7,"67 degrees, relative humidity 51%, wind 5 mph",Tampa Bay Buccaneers,Carolina Panthers,Tommy Tremble,CAR,Tampa Bay Buccaneers,away,21,3,TE,0,0.0,0,0,0,0,0,0,0,0,0,1,1,29,1,0
2022,7,"56 degrees, relative humidity 100%, wind 4 mph",New England Patriots,Chicago Bears,Cole Kmet,CHI,New England Patriots,away,33,14,TE,0,0.0,0,0,0,0,0,0,0,0,0,3,2,32,0,0
2022,7,"56 degrees, relative humidity 100%, wind 4 mph",New England Patriots,Chicago Bears,Dante Pettis,CHI,New England Patriots,away,33,14,WR,1,1.5151515151515151,0,0,0,0,0,0,1,29,0,1,1,2,0,1
2022,7,"56 degrees, relative humidity 100%, wind 4 mph",New England Patriots,Chicago Bears,Darnell Mooney,CHI,New England Patriots,away,33,14,WR,0,0.0,0,0,0,0,0,0,0,0,0,6,3,53,0,0
2022,7,"56 degrees, relative humidity 100%, wind 4 mph",New England Patriots,Chicago Bears,David Montgomery,CHI,New England Patriots,away,33,14,RB,15,22.727272727272727,0,0,0,0,0,0,15,62,1,0,0,0,0,0
2022,7,"56 degrees, relative humidity 100%, wind 4 mph",New England Patriots,Chicago Bears,Equanimeous St. Brown,CHI,New England Patriots,away,33,14,WR,0,0.0,0,0,0,0,0,0,0,0,0,7,4,48,0,0
2022,7,"56 degrees, relative humidity 100%, wind 4 mph",New England Patriots,Chicago Bears,Justin Fields,CHI,New England Patriots,away,33,14,QB,35,53.03030303030303,13,21,179,1,1,4,14,82,1,0,0,0,0,4
2022,7,"56 degrees, relative humidity 100%, wind 4 mph",New England Patriots,Chicago Bears,Khalil Herbert,CHI,New England Patriots,away,33,14,RB,12,18.181818181818183,0,0,0,0,0,0,12,62,0,2,1,25,1,0
2022,7,"56 degrees, relative humidity 100%, wind 4 mph",New England Patriots,Chicago Bears,N'Keal Harry,CHI,New England Patriots,away,33,14,WR,0,0.0,0,0,0,0,0,0,0,0,0,1,1,14,0,0
2022,7,"56 degrees, relative humidity 100%, wind 4 mph",New England Patriots,Chicago Bears,Ryan Griffin,CHI,New England Patriots,away,33,14,TE,0,0.0,0,0,0,0,0,0,0,0,0,1,1,5,0,0
2022,7,"56 degrees, relative humidity 100%, wind 4 mph",New England Patriots,Chicago Bears,Trestan Ebner,CHI,New England Patriots,away,33,14,RB,3,4.545454545454546,0,0,0,0,0,0,3,8,0,0,0,0,0,0
2022,7,"73 degrees, relative humidity 43%, wind 7 mph",Atlanta Falcons,Cincinnati Bengals,Hayden Hurst,CIN,Atlanta Falcons,away,35,17,TE,0,0.0,0,0,0,0,0,0,0,0,0,8,6,48,0,0
2022,7,"73 degrees, relative humidity 43%, wind 7 mph",Atlanta Falcons,Cincinnati Bengals,Ja'Marr Chase,CIN,Atlanta Falcons,away,35,17,WR,0,0.0,0,0,0,0,0,0,0,0,0,11,8,130,2,0
2022,7,"73 degrees, relative humidity 43%, wind 7 mph",Atlanta Falcons,Cincinnati Bengals,Joe Burrow,CIN,Atlanta Falcons,away,35,17,QB,45,71.42857142857143,34,42,481,3,0,3,3,20,1,0,0,0,0,0
2022,7,"73 degrees, relative humidity 43%, wind 7 mph",Atlanta Falcons,Cincinnati Bengals,Joe Mixon,CIN,Atlanta Falcons,away,35,17,RB,17,26.984126984126984,0,0,0,0,0,0,17,58,1,3,3,33,0,0
2022,7,"73 degrees, relative humidity 43%, wind 7 mph",Atlanta Falcons,Cincinnati Bengals,Mitchell Wilcox,CIN,Atlanta Falcons,away,35,17,TE,0,0.0,0,0,0,0,0,0,0,0,0,2,2,14,0,0
2022,7,"73 degrees, relative humidity 43%, wind 7 mph",Atlanta Falcons,Cincinnati Bengals,Samaje Perine,CIN,Atlanta Falcons,away,35,17,RB,1,1.5873015873015872,0,0,0,0,0,0,1,0,0,2,2,8,0,0
2022,7,"73 degrees, relative humidity 43%, wind 7 mph",Atlanta Falcons,Cincinnati Bengals,Tee Higgins,CIN,Atlanta Falcons,away,35,17,WR,0,0.0,0,0,0,0,0,0,0,0,0,7,5,93,0,0
2022,7,"73 degrees, relative humidity 43%, wind 7 mph",Atlanta Falcons,Cincinnati Bengals,Tyler Boyd,CIN,Atlanta Falcons,away,35,17,WR,0,0.0,0,0,0,0,0,0,0,0,0,9,8,155,1,0
2022,7,"64 degrees, relative humidity 59%, wind 6 mph",Cleveland Browns,Baltimore Ravens,Amari Cooper,CLE,Cleveland Browns,away,23,20,WR,0,0.0,0,0,0,0,0,0,0,0,0,4,3,74,0,0
2022,7,"64 degrees, relative humidity 59%, wind 6 mph",Cleveland Browns,Baltimore Ravens,David Bell,CLE,Cleveland Browns,away,23,20,WR,0,0.0,0,0,0,0,0,0,0,0,0,1,1,7,0,0
2022,7,"64 degrees, relative humidity 59%, wind 6 mph",Cleveland Browns,Baltimore Ravens,David Njoku,CLE,Cleveland Browns,away,23,20,TE,0,0.0,0,0,0,0,0,0,0,0,0,7,7,71,0,0
2022,7,"64 degrees, relative humidity 59%, wind 6 mph",Cleveland Browns,Baltimore Ravens,Donovan Peoples-Jones,CLE,Cleveland Browns,away,23,20,WR,0,0.0,0,0,0,0,0,0,0,0,0,6,6,71,0,1
2022,7,"64 degrees, relative humidity 59%, wind 6 mph",Cleveland Browns,Baltimore Ravens,Harrison Bryant,CLE,Cleveland Browns,away,23,20,TE,0,0.0,0,0,0,0,0,0,0,0,0,2,2,15,0,0
2022,7,"64 degrees, relative humidity 59%, wind 6 mph",Cleveland Browns,Baltimore Ravens,Jacoby Brissett,CLE,Cleveland Browns,away,23,20,QB,30,58.82352941176471,22,27,258,0,0,5,3,18,0,0,0,0,0,2
2022,7,"64 degrees, relative humidity 59%, wind 6 mph",Cleveland Browns,Baltimore Ravens,Kareem Hunt,CLE,Cleveland Browns,away,23,20,RB,5,9.803921568627452,0,0,0,0,0,0,5,4,1,2,1,4,0,0
2022,7,"64 degrees, relative humidity 59%, wind 6 mph",Cleveland Browns,Baltimore Ravens,Nick Chubb,CLE,Cleveland Browns,away,23,20,RB,16,31.372549019607842,0,0,0,0,0,0,16,91,1,3,2,16,0,0
2022,7,,Detroit Lions,Dallas Cowboys,CeeDee Lamb,DAL,Detroit Lions,away,24,6,WR,1,1.7543859649122806,0,0,0,0,0,0,1,-4,0,6,4,70,0,0
2022,7,,Detroit Lions,Dallas Cowboys,Dak Prescott,DAL,Detroit Lions,away,24,6,QB,28,49.122807017543856,19,25,207,1,0,2,3,0,0,0,0,0,0,0
2022,7,,Detroit Lions,Dallas Cowboys,Dalton Schultz,DAL,Detroit Lions,away,24,6,TE,0,0.0,0,0,0,0,0,0,0,0,0,5,5,49,0,0
2022,7,,Detroit Lions,Dallas Cowboys,Ezekiel Elliott,DAL,Detroit Lions,away,24,6,RB,15,26.31578947368421,0,0,0,0,0,0,15,57,2,0,0,0,0,0
2022,7,,Detroit Lions,Dallas Cowboys,Jake Ferguson,DAL,Detroit Lions,away,24,6,TE,0,0.0,0,0,0,0,0,0,0,0,0,1,1,7,0,0
2022,7,,Detroit Lions,Dallas Cowboys,KaVontae Turpin,DAL,Detroit Lions,away,24,6,WR,1,1.7543859649122806,0,0,0,0,0,0,1,3,0,0,0,0,0,0
2022,7,,Detroit Lions,Dallas Cowboys,Michael Gallup,DAL,Detroit Lions,away,24,6,WR,0,0.0,0,0,0,0,0,0,0,0,0,2,0,0,0,0
2022,7,,Detroit Lions,Dallas Cowboys,Noah Brown,DAL,Detroit Lions,away,24,6,WR,0,0.0,0,0,0,0,0,0,0,0,0,7,5,50,0,1
2022,7,,Detroit Lions,Dallas Cowboys,Peyton Hendershot,DAL,Detroit Lions,away,24,6,TE,0,0.0,0,0,0,0,0,0,0,0,0,2,2,5,1,0
2022,7,,Detroit Lions,Dallas Cowboys,Tony Pollard,DAL,Detroit Lions,away,24,6,RB,12,21.052631578947366,0,0,0,0,0,0,12,83,0,2,2,26,0,0
2022,7,,Denver Broncos,New York Jets,Andrew Beck,DEN,Denver Broncos,away,16,9,TE,0,0.0,0,0,0,0,0,0,0,0,0,1,0,0,0,0
2022,7,,Denver Broncos,New York Jets,Brett Rypien,DEN,Denver Broncos,away,16,9,QB,49,66.21621621621621,24,46,225,0,1,1,3,9,0,0,0,0,0,1
2022,7,,Denver Broncos,New York Jets,Courtland Sutton,DEN,Denver Broncos,away,16,9,WR,0,0.0,0,0,0,0,0,0,0,0,0,9,3,23,0,0
2022,7,,Denver Broncos,New York Jets,Eric Saubert,DEN,Denver Broncos,away,16,9,TE,0,0.0,0,0,0,0,0,0,0,0,0,1,0,0,0,0
2022,7,,Denver Broncos,New York Jets,Eric Tomlinson,DEN,Denver Broncos,away,16,9,TE,0,0.0,0,0,0,0,0,0,0,0,0,2,2,21,0,0
2022,7,,Denver Broncos,New York Jets,Greg Dulcich,DEN,Denver Broncos,away,16,9,TE,0,0.0,0,0,0,0,0,0,0,0,0,9,6,51,0,0
2022,7,,Denver Broncos,New York Jets,Jerry Jeudy,DEN,Denver Broncos,away,16,9,WR,0,0.0,0,0,0,0,0,0,0,0,0,11,7,96,0,0
2022,7,,Denver Broncos,New York Jets,KJ Hamler,DEN,Denver Broncos,away,16,9,WR,1,1.3513513513513513,0,0,0,0,0,0,1,14,0,4,1,4,0,0
2022,7,,Denver Broncos,New York Jets,Kendall Hinton,DEN,Denver Broncos,away,16,9,WR,0,0.0,0,0,0,0,0,0,0,0,0,1,1,14,0,0
2022,7,,Denver Broncos,New York Jets,Latavius Murray,DEN,Denver Broncos,away,16,9,RB,8,10.81081081081081,0,0,0,0,0,0,8,24,1,3,2,-1,0,0
2022,7,,Denver Broncos,New York Jets,Melvin Gordon,DEN,Denver Broncos,away,16,9,RB,11,14.864864864864865,0,0,0,0,0,0,11,33,0,4,2,17,0,0
2022,7,,Denver Broncos,New York Jets,Mike Boone,DEN,Denver Broncos,away,16,9,RB,4,5.405405405405405,0,0,0,0,0,0,4,23,0,0,0,0,0,0
2022,7,,Denver Broncos,New York Jets,Montrell Washington,DEN,Denver Broncos,away,16,9,WR,1,1.3513513513513513,0,0,0,0,0,0,1,2,0,0,0,0,0,0
2022,7,,Detroit Lions,Dallas Cowboys,Amon-Ra St. Brown,DET,Detroit Lions,away,24,6,WR,0,0.0,0,0,0,0,0,0,0,0,0,1,1,4,0,0
2022,7,,Detroit Lions,Dallas Cowboys,Brock Wright,DET,Detroit Lions,away,24,6,TE,0,0.0,0,0,0,0,0,0,0,0,0,4,4,57,0,0
2022,7,,Detroit Lions,Dallas Cowboys,Craig Reynolds,DET,Detroit Lions,away,24,6,RB,4,7.8431372549019605,0,0,0,0,0,0,4,12,0,3,3,18,0,0
2022,7,,Detroit Lions,Dallas Cowboys,Jamaal Williams,DET,Detroit Lions,away,24,6,RB,15,29.411764705882355,0,0,0,0,0,0,15,79,0,1,1,4,0,2
2022,7,,Detroit Lions,Dallas Cowboys,Jared Goff,DET,Detroit Lions,away,24,6,QB,27,52.94117647058824,21,26,228,0,2,5,1,4,0,0,0,0,0,2
2022,7,,Detroit Lions,Dallas Cowboys,Josh Reynolds,DET,Detroit Lions,away,24,6,WR,0,0.0,0,0,0,0,0,0,0,0,0,2,1,8,0,0
2022,7,,Detroit Lions,Dallas Cowboys,Justin Jackson,DET,Detroit Lions,away,24,6,RB,3,5.88235294117647,0,0,0,0,0,0,3,2,0,0,0,0,0,0
2022,7,,Detroit Lions,Dallas Cowboys,Kalif Raymond,DET,Detroit Lions,away,24,6,WR,2,3.9215686274509802,0,0,0,0,0,0,2,20,0,6,5,75,0,0
2022,7,,Detroit Lions,Dallas Cowboys,T.J. Hockenson,DET,Detroit Lions,away,24,6,TE,0,0.0,0,0,0,0,0,0,0,0,0,5,4,48,0,0
2022,7,,Detroit Lions,Dallas Cowboys,Tom Kennedy,DET,Detroit Lions,away,24,6,WR,0,0.0,0,0,0,0,0,0,0,0,0,3,2,14,0,0
2022,7,"62 degrees, relative humidity 66%, wind 7 mph",Green Bay Packers,Washington Commanders,AJ Dillon,GNB,Green Bay Packers,away,23,21,RB,4,8.51063829787234,0,0,0,0,0,0,4,15,0,0,0,0,0,0
2022,7,"62 degrees, relative humidity 66%, wind 7 mph",Green Bay Packers,Washington Commanders,Aaron Jones,GNB,Green Bay Packers,away,23,21,RB,8,17.02127659574468,0,0,0,0,0,0,8,23,0,10,9,53,2,0
2022,7,"62 degrees, relative humidity 66%, wind 7 mph",Green Bay Packers,Washington Commanders,Aaron Rodgers,GNB,Green Bay Packers,away,23,21,QB,35,74.46808510638297,23,35,194,2,0,0,0,0,0,0,0,0,0,1
2022,7,"62 degrees, relative humidity 66%, wind 7 mph",Green Bay Packers,Washington Commanders,Allen Lazard,GNB,Green Bay Packers,away,23,21,WR,0,0.0,0,0,0,0,0,0,0,0,0,7,6,55,0,0
2022,7,"62 degrees, relative humidity 66%, wind 7 mph",Green Bay Packers,Washington Commanders,Amari Rodgers,GNB,Green Bay Packers,away,23,21,WR,0,0.0,0,0,0,0,0,0,0,0,0,3,2,14,0,2
2022,7,"62 degrees, relative humidity 66%, wind 7 mph",Green Bay Packers,Washington Commanders,Robert Tonyan,GNB,Green Bay Packers,away,23,21,TE,0,0.0,0,0,0,0,0,0,0,0,0,4,3,32,0,0
2022,7,"62 degrees, relative humidity 66%, wind 7 mph",Green Bay Packers,Washington Commanders,Romeo Doubs,GNB,Green Bay Packers,away,23,21,WR,0,0.0,0,0,0,0,0,0,0,0,0,4,0,0,0,0
2022,7,"62 degrees, relative humidity 66%, wind 7 mph",Green Bay Packers,Washington Commanders,Sammy Watkins,GNB,Green Bay Packers,away,23,21,WR,0,0.0,0,0,0,0,0,0,0,0,0,4,2,36,0,0
2022,7,"62 degrees, relative humidity 66%, wind 7 mph",Green Bay Packers,Washington Commanders,Samori Toure,GNB,Green Bay Packers,away,23,21,WR,0,0.0,0,0,0,0,0,0,0,0,0,1,1,4,0,0
2022,7,,Houston Texans,Las Vegas Raiders,Brandin Cooks,HOU,Houston Texans,away,38,20,WR,0,0.0,0,0,0,0,0,0,0,0,0,5,4,46,0,0
2022,7,,Houston Texans,Las Vegas Raiders,Brevin Jordan,HOU,Houston Texans,away,38,20,TE,0,0.0,0,0,0,0,0,0,0,0,0,4,0,0,0,0
2022,7,,Houston Texans,Las Vegas Raiders,Chris Moore,HOU,Houston Texans,away,38,20,WR,0,0.0,0,0,0,0,0,0,0,0,0,4,2,20,1,0
2022,7,,Houston Texans,Las Vegas Raiders,Dameon Pierce,HOU,Houston Texans,away,38,20,RB,20,31.25,0,0,0,0,0,0,20,92,0,4,4,25,0,0
2022,7,,Houston Texans,Las Vegas Raiders,Dare Ogunbowale,HOU,Houston Texans,away,38,20,RB,1,1.5625,0,0,0,0,0,0,1,8,0,7,5,54,0,0
2022,7,,Houston Texans,Las Vegas Raiders,Davis Mills,HOU,Houston Texans,away,38,20,QB,41,64.0625,28,41,302,2,1,1,0,0,0,0,0,0,0,0
2022,7,,Houston Texans,Las Vegas Raiders,Jordan Akins,HOU,Houston Texans,away,38,20,TE,0,0.0,0,0,0,0,0,0,0,0,0,4,3,68,0,0
2022,7,,Houston Texans,Las Vegas Raiders,Nico Collins,HOU,Houston Texans,away,38,20,WR,0,0.0,0,0,0,0,0,0,0,0,0,3,3,33,0,0
2022,7,,Houston Texans,Las Vegas Raiders,Phillip Dorsett,HOU,Houston Texans,away,38,20,WR,0,0.0,0,0,0,0,0,0,0,0,0,3,2,45,1,0
2022,7,,Houston Texans,Las Vegas Raiders,Rex Burkhead,HOU,Houston Texans,away,38,20,RB,2,3.125,0,0,0,0,0,0,2,8,0,6,5,11,0,0
2022,7,"74 degrees, relative humidity 43%, wind 12 mph",Indianapolis Colts,Tennessee Titans,Alec Pierce,IND,Indianapolis Colts,away,19,10,WR,0,0.0,0,0,0,0,0,0,0,0,0,4,3,37,0,0
2022,7,"74 degrees, relative humidity 43%, wind 12 mph",Indianapolis Colts,Tennessee Titans,Deon Jackson,IND,Indianapolis Colts,away,19,10,RB,2,3.278688524590164,0,0,0,0,0,0,2,3,0,0,0,0,0,0
2022,7,"74 degrees, relative humidity 43%, wind 12 mph",Indianapolis Colts,Tennessee Titans,Jelani Woods,IND,Indianapolis Colts,away,19,10,TE,0,0.0,0,0,0,0,0,0,0,0,0,2,1,4,0,0
2022,7,"74 degrees, relative humidity 43%, wind 12 mph",Indianapolis Colts,Tennessee Titans,Jonathan Taylor,IND,Indianapolis Colts,away,19,10,RB,10,16.39344262295082,0,0,0,0,0,0,10,58,0,8,7,27,0,0
2022,7,"74 degrees, relative humidity 43%, wind 12 mph",Indianapolis Colts,Tennessee Titans,Kylen Granson,IND,Indianapolis Colts,away,19,10,TE,0,0.0,0,0,0,0,0,0,0,0,0,1,1,6,0,0
2022,7,"74 degrees, relative humidity 43%, wind 12 mph",Indianapolis Colts,Tennessee Titans,Matt Ryan,IND,Indianapolis Colts,away,19,10,QB,45,73.77049180327869,33,44,243,1,2,3,1,2,0,0,0,0,0,0
2022,7,"74 degrees, relative humidity 43%, wind 12 mph",Indianapolis Colts,Tennessee Titans,Michael Pittman Jr.,IND,Indianapolis Colts,away,19,10,WR,0,0.0,0,0,0,0,0,0,0,0,0,9,6,58,0,1
2022,7,"74 degrees, relative humidity 43%, wind 12 mph",Indianapolis Colts,Tennessee Titans,Nyheim Hines,IND,Indianapolis Colts,away,19,10,RB,4,6.557377049180328,0,0,0,0,0,0,4,2,0,5,5,41,0,0
2022,7,"74 degrees, relative humidity 43%, wind 12 mph",Indianapolis Colts,Tennessee Titans,Parris Campbell,IND,Indianapolis Colts,away,19,10,WR,0,0.0,0,0,0,0,0,0,0,0,0,12,10,70,1,0
2022,7,,Jacksonville Jaguars,New York Giants,Christian Kirk,JAX,Jacksonville Jaguars,away,23,17,WR,2,3.076923076923077,0,1,0,0,0,0,1,5,0,10,7,96,0,0
2022,7,,Jacksonville Jaguars,New York Giants,Dan Arnold,JAX,Jacksonville Jaguars,away,23,17,TE,0,0.0,0,0,0,0,0,0,0,0,0,1,1,24,0,0
2022,7,,Jacksonville Jaguars,New York Giants,Evan Engram,JAX,Jacksonville Jaguars,away,23,17,TE,0,0.0,0,0,0,0,0,0,0,0,0,7,4,67,0,0
2022,7,,Jacksonville Jaguars,New York Giants,James Robinson,JAX,Jacksonville Jaguars,away,23,17,RB,0,0.0,0,0,0,0,0,0,0,0,0,1,0,0,0,0
2022,7,,Jacksonville Jaguars,New York Giants,Jamycal Hasty,JAX,Jacksonville Jaguars,away,23,17,RB,1,1.5384615384615385,0,0,0,0,0,0,1,6,0,0,0,0,0,0
2022,7,,Jacksonville Jaguars,New York Giants,Marvin Jones,JAX,Jacksonville Jaguars,away,23,17,WR,0,0.0,0,0,0,0,0,0,0,0,0,8,4,57,0,0
2022,7,,Jacksonville Jaguars,New York Giants,Tim Jones,JAX,Jacksonville Jaguars,away,23,17,WR,0,0.0,0,0,0,0,0,0,0,0,0,1,1,7,0,0
2022,7,,Jacksonville Jaguars,New York Giants,Travis Etienne,JAX,Jacksonville Jaguars,away,23,17,RB,14,21.53846153846154,0,0,0,0,0,0,14,114,1,5,1,5,0,1
2022,7,,Jacksonville Jaguars,New York Giants,Trevor Lawrence,JAX,Jacksonville Jaguars,away,23,17,QB,47,72.3076923076923,22,43,310,0,0,0,4,3,1,0,0,0,0,0
2022,7,,Jacksonville Jaguars,New York Giants,Zay Jones,JAX,Jacksonville Jaguars,away,23,17,WR,1,1.5384615384615385,0,0,0,0,0,0,1,14,0,10,4,54,0,0
2022,7,"64 degrees, relative humidity 34%, wind 10 mph",San Francisco 49ers,Kansas City Chiefs,Chad Henne,KAN,San Francisco 49ers,away,44,23,QB,5,8.771929824561402,0,2,0,0,0,0,3,-3,0,0,0,0,0,0
2022,7,"64 degrees, relative humidity 34%, wind 10 mph",San Francisco 49ers,Kansas City Chiefs,Clyde Edwards-Helaire,KAN,San Francisco 49ers,away,44,23,RB,6,10.526315789473683,0,0,0,0,0,0,6,32,1,1,0,0,0,0
2022,7,"64 degrees, relative humidity 34%, wind 10 mph",San Francisco 49ers,Kansas City Chiefs,Isiah Pacheco,KAN,San Francisco 49ers,away,44,23,RB,8,14.035087719298245,0,0,0,0,0,0,8,43,0,0,0,0,0,0
2022,7,"64 degrees, relative humidity 34%, wind 10 mph",San Francisco 49ers,Kansas City Chiefs,Jerick McKinnon,KAN,San Francisco 49ers,away,44,23,RB,2,3.508771929824561,0,0,0,0,0,0,2,12,0,3,2,36,0,0
2022,7,"64 degrees, relative humidity 34%, wind 10 mph",San Francisco 49ers,Kansas City Chiefs,Jody Fortson,KAN,San Francisco 49ers,away,44,23,TE,0,0.0,0,0,0,0,0,0,0,0,0,2,1,8,0,0
2022,7,"64 degrees, relative humidity 34%, wind 10 mph",San Francisco 49ers,Kansas City Chiefs,JuJu Smith-Schuster,KAN,San Francisco 49ers,away,44,23,WR,0,0.0,0,0,0,0,0,0,0,0,0,8,7,124,1,0
2022,7,"64 degrees, relative humidity 34%, wind 10 mph",San Francisco 49ers,Kansas City Chiefs,Justin Watson,KAN,San Francisco 49ers,away,44,23,WR,0,0.0,0,0,0,0,0,0,0,0,0,2,1,4,1,0
2022,7,"64 degrees, relative humidity 34%, wind 10 mph",San Francisco 49ers,Kansas City Chiefs,Marquez Valdes-Scantling,KAN,San Francisco 49ers,away,44,23,WR,0,0.0,0,0,0,0,0,0,0,0,0,4,3,111,0,0
2022,7,"64 degrees, relative humidity 34%, wind 10 mph",San Francisco 49ers,Kansas City Chiefs,Mecole Hardman,KAN,San Francisco 49ers,away,44,23,WR,2,3.508771929824561,0,0,0,0,0,0,2,28,2,4,4,32,1,0
2022,7,"64 degrees, relative humidity 34%, wind 10 mph",San Francisco 49ers,Kansas City Chiefs,Noah Gray,KAN,San Francisco 49ers,away,44,23,TE,0,0.0,0,0,0,0,0,0,0,0,0,1,1,10,0,0
2022,7,"64 degrees, relative humidity 34%, wind 10 mph",San Francisco 49ers,Kansas City Chiefs,Patrick Mahomes,KAN,San Francisco 49ers,away,44,23,QB,34,59.64912280701754,25,34,423,3,1,1,0,0,0,0,0,0,0,1
2022,7,"64 degrees, relative humidity 34%, wind 10 mph",San Francisco 49ers,Kansas City Chiefs,Skyy Moore,KAN,San Francisco 49ers,away,44,23,WR,0,0.0,0,0,0,0,0,0,0,0,0,1,0,0,0,1
2022,7,"64 degrees, relative humidity 34%, wind 10 mph",San Francisco 49ers,Kansas City Chiefs,Travis Kelce,KAN,San Francisco 49ers,away,44,23,TE,0,0.0,0,0,0,0,0,0,0,0,0,8,6,98,0,0
2022,7,,Los Angeles Chargers,Seattle Seahawks,Austin Ekeler,LAC,Los Angeles Chargers,away,37,23,RB,9,13.636363636363635,0,0,0,0,0,0,9,31,1,12,12,96,1,1
2022,7,,Los Angeles Chargers,Seattle Seahawks,DeAndre Carter,LAC,Los Angeles Chargers,away,37,23,WR,0,0.0,0,0,0,0,0,0,0,0,0,7,3,37,0,0
2022,7,,Los Angeles Chargers,Seattle Seahawks,Gerald Everett,LAC,Los Angeles Chargers,away,37,23,TE,0,0.0,0,0,0,0,0,0,0,0,0,9,5,63,0,0
2022,7,,Los Angeles Chargers,Seattle Seahawks,Isaiah Spiller,LAC,Los Angeles Chargers,away,37,23,RB,1,1.5151515151515151,0,0,0,0,0,0,1,-5,0,0,0,0,0,0
2022,7,,Los Angeles Chargers,Seattle Seahawks,Jason Moore,LAC,Los Angeles Chargers,away,37,23,WR,0,0.0,0,0,0,0,0,0,0,0,0,2,1,5,0,0
2022,7,,Los Angeles Chargers,Seattle Seahawks,Justin Herbert,LAC,Los Angeles Chargers,away,37,23,QB,54,81.81818181818183,33,51,293,2,1,3,3,22,0,1,1,-8,0,1
2022,7,,Los Angeles Chargers,Seattle Seahawks,Keenan Allen,LAC,Los Angeles Chargers,away,37,23,WR,0,0.0,0,0,0,0,0,0,0,0,0,2,2,11,0,0
2022,7,,Los Angeles Chargers,Seattle Seahawks,Michael Bandy,LAC,Los Angeles Chargers,away,37,23,WR,0,0.0,0,0,0,0,0,0,0,0,0,6,1,-5,0,0
2022,7,,Los Angeles Chargers,Seattle Seahawks,Mike Williams,LAC,Los Angeles Chargers,away,37,23,WR,0,0.0,0,0,0,0,0,0,0,0,0,9,7,86,1,0
2022,7,,Los Angeles Chargers,Seattle Seahawks,Sony Michel,LAC,Los Angeles Chargers,away,37,23,RB,2,3.0303030303030303,0,0,0,0,0,0,2,5,0,3,1,8,0,0
2022,7,,Houston Texans,Las Vegas Raiders,Ameer Abdullah,LVR,Houston Texans,away,38,20,RB,0,0.0,0,0,0,0,0,0,0,0,0,2,2,7,0,0
2022,7,,Houston Texans,Las Vegas Raiders,DJ Turner,LVR,Houston Texans,away,38,20,WR,3,5.555555555555555,0,0,0,0,0,0,3,20,0,0,0,0,0,1
2022,7,,Houston Texans,Las Vegas Raiders,Davante Adams,LVR,Houston Texans,away,38,20,WR,0,0.0,0,0,0,0,0,0,0,0,0,9,8,95,0,0
2022,7,,Houston Texans,Las Vegas Raiders,Derek Carr,LVR,Houston Texans,away,38,20,QB,30,55.55555555555556,21,27,241,1,0,1,3,-1,0,0,0,0,0,1
2022,7,,Houston Texans,Las Vegas Raiders,Foster Moreau,LVR,Houston Texans,away,38,20,TE,0,0.0,0,0,0,0,0,0,0,0,0,5,3,28,0,0
2022,7,,Houston Texans,Las Vegas Raiders,Hunter Renfrow,LVR,Houston Texans,away,38,20,WR,0,0.0,0,0,0,0,0,0,0,0,0,3,3,55,0,0
2022,7,,Houston Texans,Las Vegas Raiders,Josh Jacobs,LVR,Houston Texans,away,38,20,RB,20,37.03703703703704,0,0,0,0,0,0,20,143,3,4,3,12,0,0
2022,7,,Houston Texans,Las Vegas Raiders,Mack Hollins,LVR,Houston Texans,away,38,20,WR,0,0.0,0,0,0,0,0,0,0,0,0,3,2,44,1,0
2022,7,,Houston Texans,Las Vegas Raiders,Zamir White,LVR,Houston Texans,away,38,20,RB,1,1.8518518518518516,0,0,0,0,0,0,1,2,0,0,0,0,0,0
2022,7,"78 degrees, relative humidity 63%, wind 10 mph",Pittsburgh Steelers,Miami Dolphins,Chase Edmonds,MIA,Pittsburgh Steelers,away,16,10,RB,7,11.29032258064516,0,0,0,0,0,0,7,17,0,2,0,0,0,0
2022,7,"78 degrees, relative humidity 63%, wind 10 mph",Pittsburgh Steelers,Miami Dolphins,Jaylen Waddle,MIA,Pittsburgh Steelers,away,16,10,WR,0,0.0,0,0,0,0,0,0,0,0,0,5,4,88,0,0
2022,7,"78 degrees, relative humidity 63%, wind 10 mph",Pittsburgh Steelers,Miami Dolphins,Mike Gesicki,MIA,Pittsburgh Steelers,away,16,10,TE,0,0.0,0,0,0,0,0,0,0,0,0,7,3,27,0,0
2022,7,"78 degrees, relative humidity 63%, wind 10 mph",Pittsburgh Steelers,Miami Dolphins,Raheem Mostert,MIA,Pittsburgh Steelers,away,16,10,RB,16,25.806451612903224,0,0,0,0,0,0,16,79,0,5,4,30,1,0
2022,7,"78 degrees, relative humidity 63%, wind 10 mph",Pittsburgh Steelers,Miami Dolphins,Trent Sherfield,MIA,Pittsburgh Steelers,away,16,10,WR,0,0.0,0,0,0,0,0,0,0,0,0,3,3,44,0,0
2022,7,"78 degrees, relative humidity 63%, wind 10 mph",Pittsburgh Steelers,Miami Dolphins,Tua Tagovailoa,MIA,Pittsburgh Steelers,away,16,10,QB,39,62.903225806451616,21,35,261,1,0,0,4,15,0,0,0,0,0,0
2022,7,"78 degrees, relative humidity 63%, wind 10 mph",Pittsburgh Steelers,Miami Dolphins,Tyreek Hill,MIA,Pittsburgh Steelers,away,16,10,WR,0,0.0,0,0,0,0,0,0,0,0,0,13,7,72,0,0
2022,7,,New Orleans Saints,Arizona Cardinals,Alvin Kamara,NOR,New Orleans Saints,away,42,34,RB,11,15.492957746478872,0,0,0,0,0,0,11,49,0,9,7,56,0,0
2022,7,,New Orleans Saints,Arizona Cardinals,Andy Dalton,NOR,New Orleans Saints,away,42,34,QB,51,71.83098591549296,30,47,361,4,3,0,4,21,0,0,0,0,0,0
2022,7,,New Orleans Saints,Arizona Cardinals,Chris Olave,NOR,New Orleans Saints,away,42,34,WR,0,0.0,0,0,0,0,0,0,0,0,0,14,7,106,0,0
2022,7,,New Orleans Saints,Arizona Cardinals,Juwan Johnson,NOR,New Orleans Saints,away,42,34,TE,0,0.0,0,0,0,0,0,0,0,0,0,5,5,32,2,0
2022,7,,New Orleans Saints,Arizona Cardinals,Kevin White,NOR,New Orleans Saints,away,42,34,WR,0,0.0,0,0,0,0,0,0,0,0,0,1,1,64,0,0
2022,7,,New Orleans Saints,Arizona Cardinals,Mark Ingram,NOR,New Orleans Saints,away,42,34,RB,4,5.633802816901409,0,0,0,0,0,0,4,6,0,3,3,16,0,0
2022,7,,New Orleans Saints,Arizona Cardinals,Marquez Callaway,NOR,New Orleans Saints,away,42,34,WR,0,0.0,0,0,0,0,0,0,0,0,0,6,2,20,0,0
2022,7,,New Orleans Saints,Arizona Cardinals,Rashid Shaheed,NOR,New Orleans Saints,away,42,34,WR,0,0.0,0,0,0,0,0,0,0,0,0,1,1,53,1,0
2022,7,,New Orleans Saints,Arizona Cardinals,Taysom Hill,NOR,New Orleans Saints,away,42,34,TE,5,7.042253521126761,2,2,48,0,0,0,3,9,0,1,1,3,1,0
2022,7,,New Orleans Saints,Arizona Cardinals,Tre'Quan Smith,NOR,New Orleans Saints,away,42,34,WR,0,0.0,0,0,0,0,0,0,0,0,0,6,5,59,0,0
2022,7,"56 degrees, relative humidity 100%, wind 4 mph",New England Patriots,Chicago Bears,Bailey Zappe,NWE,New England Patriots,away,33,14,QB,24,51.06382978723404,14,22,185,1,2,1,2,-1,0,0,0,0,0,1
2022,7,"56 degrees, relative humidity 100%, wind 4 mph",New England Patriots,Chicago Bears,Damien Harris,NWE,New England Patriots,away,33,14,RB,3,6.382978723404255,0,0,0,0,0,0,3,8,0,2,1,2,0,0
2022,7,"56 degrees, relative humidity 100%, wind 4 mph",New England Patriots,Chicago Bears,DeVante Parker,NWE,New England Patriots,away,33,14,WR,0,0.0,0,0,0,0,0,0,0,0,0,5,3,68,0,0
2022,7,"56 degrees, relative humidity 100%, wind 4 mph",New England Patriots,Chicago Bears,Hunter Henry,NWE,New England Patriots,away,33,14,TE,0,0.0,0,0,0,0,0,0,0,0,0,2,1,12,0,0
2022,7,"56 degrees, relative humidity 100%, wind 4 mph",New England Patriots,Chicago Bears,Jakobi Meyers,NWE,New England Patriots,away,33,14,WR,0,0.0,0,0,0,0,0,0,0,0,0,2,2,34,1,0
2022,7,"56 degrees, relative humidity 100%, wind 4 mph",New England Patriots,Chicago Bears,Jonnu Smith,NWE,New England Patriots,away,33,14,TE,0,0.0,0,0,0,0,0,0,0,0,0,3,1,4,0,0
2022,7,"56 degrees, relative humidity 100%, wind 4 mph",New England Patriots,Chicago Bears,Mac Jones,NWE,New England Patriots,away,33,14,QB,9,19.148936170212767,3,6,13,0,1,0,3,24,0,0,0,0,0,0
2022,7,"56 degrees, relative humidity 100%, wind 4 mph",New England Patriots,Chicago Bears,Nelson Agholor,NWE,New England Patriots,away,33,14,WR,0,0.0,0,0,0,0,0,0,0,0,0,1,0,0,0,0
2022,7,"56 degrees, relative humidity 100%, wind 4 mph",New England Patriots,Chicago Bears,Rhamondre Stevenson,NWE,New England Patriots,away,33,14,RB,11,23.404255319148938,0,0,0,0,0,0,11,39,1,8,8,59,0,0
2022,7,"56 degrees, relative humidity 100%, wind 4 mph",New England Patriots,Chicago Bears,Tyquan Thornton,NWE,New England Patriots,away,33,14,WR,0,0.0,0,0,0,0,0,0,0,0,0,5,1,19,0,0
2022,7,,Jacksonville Jaguars,New York Giants,Chris Myarick,NYG,Jacksonville Jaguars,away,23,17,TE,0,0.0,0,0,0,0,0,0,0,0,0,2,2,21,0,0
2022,7,,Jacksonville Jaguars,New York Giants,Daniel Bellinger,NYG,Jacksonville Jaguars,away,23,17,TE,0,0.0,0,0,0,0,0,0,0,0,0,1,1,13,0,0
2022,7,,Jacksonville Jaguars,New York Giants,Daniel Jones,NYG,Jacksonville Jaguars,away,23,17,QB,41,59.42028985507246,19,30,202,1,0,1,11,107,1,0,0,0,0,0
2022,7,,Jacksonville Jaguars,New York Giants,Darius Slayton,NYG,Jacksonville Jaguars,away,23,17,WR,0,0.0,0,0,0,0,0,0,0,0,0,6,3,58,1,0
2022,7,,Jacksonville Jaguars,New York Giants,David Sills,NYG,Jacksonville Jaguars,away,23,17,UNK,0,0.0,0,0,0,0,0,0,0,0,0,1,1,19,0,0
2022,7,,Jacksonville Jaguars,New York Giants,Marcus Johnson,NYG,Jacksonville Jaguars,away,23,17,WR,0,0.0,0,0,0,0,0,0,0,0,0,3,0,0,0,0
2022,7,,Jacksonville Jaguars,New York Giants,Matt Breida,NYG,Jacksonville Jaguars,away,23,17,RB,4,5.797101449275362,0,0,0,0,0,0,4,19,0,1,1,14,0,0
2022,7,,Jacksonville Jaguars,New York Giants,Richie James,NYG,Jacksonville Jaguars,away,23,17,WR,0,0.0,0,0,0,0,0,0,0,0,0,2,1,2,0,0
2022,7,,Jacksonville Jaguars,New York Giants,Saquon Barkley,NYG,Jacksonville Jaguars,away,23,17,RB,24,34.78260869565217,0,0,0,0,0,0,24,110,0,4,4,25,0,0
2022,7,,Jacksonville Jaguars,New York Giants,Tanner Hudson,NYG,Jacksonville Jaguars,away,23,17,TE,0,0.0,0,0,0,0,0,0,0,0,0,1,0,0,0,0
2022,7,,Jacksonville Jaguars,New York Giants,Wan'Dale Robinson,NYG,Jacksonville Jaguars,away,23,17,WR,0,0.0,0,0,0,0,0,0,0,0,0,8,6,50,0,0
2022,7,,Denver Broncos,New York Jets,Braxton Berrios,NYJ,Denver Broncos,away,16,9,WR,2,4.0,0,0,0,0,0,0,2,27,0,4,3,15,0,0
2022,7,,Denver Broncos,New York Jets,Breece Hall,NYJ,Denver Broncos,away,16,9,RB,4,8.0,0,0,0,0,0,0,4,72,1,0,0,0,0,0
2022,7,,Denver Broncos,New York Jets,C.J. Uzomah,NYJ,Denver Broncos,away,16,9,TE,0,0.0,0,0,0,0,0,0,0,0,0,2,1,5,0,0
2022,7,,Denver Broncos,New York Jets,Corey Davis,NYJ,Denver Broncos,away,16,9,WR,0,0.0,0,0,0,0,0,0,0,0,0,1,0,0,0,0
2022,7,,Denver Broncos,New York Jets,Denzel Mims,NYJ,Denver Broncos,away,16,9,WR,0,0.0,0,0,0,0,0,0,0,0,0,2,1,4,0,0
2022,7,,Denver Broncos,New York Jets,Garrett Wilson,NYJ,Denver Broncos,away,16,9,WR,0,0.0,0,0,0,0,0,0,0,0,0,4,4,24,0,0
2022,7,,Denver Broncos,New York Jets,Jeff Smith,NYJ,Denver Broncos,away,16,9,WR,0,0.0,0,0,0,0,0,0,0,0,0,1,0,0,0,0
2022,7,,Denver Broncos,New York Jets,Michael Carter,NYJ,Denver Broncos,away,16,9,RB,13,26.0,0,0,0,0,0,0,13,29,0,2,2,45,0,0
2022,7,,Denver Broncos,New York Jets,Ty Johnson,NYJ,Denver Broncos,away,16,9,RB,1,2.0,0,0,0,0,0,0,1,3,0,1,1,6,0,0
2022,7,,Denver Broncos,New York Jets,Tyler Conklin,NYJ,Denver Broncos,away,16,9,TE,0,0.0,0,0,0,0,0,0,0,0,0,6,4,22,0,0
2022,7,,Denver Broncos,New York Jets,Zach Wilson,NYJ,Denver Broncos,away,16,9,QB,30,60.0,16,26,121,0,0,3,4,24,0,0,0,0,0,0
2022,7,"78 degrees, relative humidity 63%, wind 10 mph",Pittsburgh Steelers,Miami Dolphins,Chase Claypool,PIT,Pittsburgh Steelers,away,16,10,WR,0,0.0,0,0,0,0,0,0,0,0,0,8,5,41,0,0
2022,7,"78 degrees, relative humidity 63%, wind 10 mph",Pittsburgh Steelers,Miami Dolphins,Connor Heyward,PIT,Pittsburgh Steelers,away,16,10,TE,0,0.0,0,0,0,0,0,0,0,0,0,1,1,6,0,0
2022,7,"78 degrees, relative humidity 63%, wind 10 mph",Pittsburgh Steelers,Miami Dolphins,Diontae Johnson,PIT,Pittsburgh Steelers,away,16,10,WR,1,1.4925373134328357,0,0,0,0,0,0,1,3,0,10,5,42,0,0
2022,7,"78 degrees, relative humidity 63%, wind 10 mph",Pittsburgh Steelers,Miami Dolphins,George Pickens,PIT,Pittsburgh Steelers,away,16,10,WR,0,0.0,0,0,0,0,0,0,0,0,0,6,6,61,1,0
2022,7,"78 degrees, relative humidity 63%, wind 10 mph",Pittsburgh Steelers,Miami Dolphins,Jaylen Warren,PIT,Pittsburgh Steelers,away,16,10,RB,2,2.9850746268656714,0,0,0,0,0,0,2,7,0,2,2,17,0,0
2022,7,"78 degrees, relative humidity 63%, wind 10 mph",Pittsburgh Steelers,Miami Dolphins,Kenny Pickett,PIT,Pittsburgh Steelers,away,16,10,QB,47,70.1492537313433,32,44,257,1,3,2,3,20,0,0,0,0,0,0
2022,7,"78 degrees, relative humidity 63%, wind 10 mph",Pittsburgh Steelers,Miami Dolphins,Najee Harris,PIT,Pittsburgh Steelers,away,16,10,RB,17,25.37313432835821,0,0,0,0,0,0,17,65,0,4,3,15,0,0
2022,7,"78 degrees, relative humidity 63%, wind 10 mph",Pittsburgh Steelers,Miami Dolphins,Pat Freiermuth,PIT,Pittsburgh Steelers,away,16,10,TE,0,0.0,0,0,0,0,0,0,0,0,0,9,8,75,0,0
2022,7,"78 degrees, relative humidity 63%, wind 10 mph",Pittsburgh Steelers,Miami Dolphins,Zach Gentry,PIT,Pittsburgh Steelers,away,16,10,TE,0,0.0,0,0,0,0,0,0,0,0,0,2,2,0,0,0
2022,7,,Los Angeles Chargers,Seattle Seahawks,Colby Parkinson,SEA,Los Angeles Chargers,away,37,23,TE,0,0.0,0,0,0,0,0,0,0,0,0,1,1,28,0,0
2022,7,,Los Angeles Chargers,Seattle Seahawks,D'Wayne Eskridge,SEA,Los Angeles Chargers,away,37,23,WR,1,1.639344262295082,0,0,0,0,0,0,1,4,0,1,0,0,0,0
2022,7,,Los Angeles Chargers,Seattle Seahawks,D.K. Metcalf,SEA,Los Angeles Chargers,away,37,23,WR,0,0.0,0,0,0,0,0,0,0,0,0,2,1,12,0,0
2022,7,,Los Angeles Chargers,Seattle Seahawks,DeeJay Dallas,SEA,Los Angeles Chargers,away,37,23,RB,6,9.836065573770492,0,0,0,0,0,0,6,35,0,2,2,6,0,0
2022,7,,Los Angeles Chargers,Seattle Seahawks,Geno Smith,SEA,Los Angeles Chargers,away,37,23,QB,31,50.81967213114754,20,27,210,2,1,2,4,7,0,0,0,0,0,1
2022,7,,Los Angeles Chargers,Seattle Seahawks,Kenneth Walker,SEA,Los Angeles Chargers,away,37,23,UNK,23,37.704918032786885,0,0,0,0,0,0,23,167,2,0,0,0,0,0
2022,7,,Los Angeles Chargers,Seattle Seahawks,Marquise Goodwin,SEA,Los Angeles Chargers,away,37,23,WR,0,0.0,0,0,0,0,0,0,0,0,0,5,4,67,2,0
2022,7,,Los Angeles Chargers,Seattle Seahawks,Noah Fant,SEA,Los Angeles Chargers,away,37,23,TE,0,0.0,0,0,0,0,0,0,0,0,0,3,1,7,0,0
2022,7,,Los Angeles Chargers,Seattle Seahawks,Tyler Lockett,SEA,Los Angeles Chargers,away,37,23,WR,0,0.0,0,0,0,0,0,0,0,0,0,8,7,45,0,0
2022,7,,Los Angeles Chargers,Seattle Seahawks,Will Dissly,SEA,Los Angeles Chargers,away,37,23,TE,0,0.0,0,0,0,0,0,0,0,0,0,4,4,45,0,0
2022,7,"64 degrees, relative humidity 34%, wind 10 mph",San Francisco 49ers,Kansas City Chiefs,Brandon Aiyuk,SFO,San Francisco 49ers,away,44,23,WR,0,0.0,0,0,0,0,0,0,0,0,0,11,7,82,0,0
2022,7,"64 degrees, relative humidity 34%, wind 10 mph",San Francisco 49ers,Kansas City Chiefs,Brock Purdy,SFO,San Francisco 49ers,away,44,23,QB,10,14.925373134328357,4,9,66,0,1,0,1,1,0,0,0,0,0,0
2022,7,"64 degrees, relative humidity 34%, wind 10 mph",San Francisco 49ers,Kansas City Chiefs,Christian McCaffrey,SFO,San Francisco 49ers,away,44,23,RB,8,11.940298507462686,0,0,0,0,0,0,8,38,0,2,2,24,0,0
2022,7,"64 degrees, relative humidity 34%, wind 10 mph",San Francisco 49ers,Kansas City Chiefs,Danny Gray,SFO,San Francisco 49ers,away,44,23,WR,0,0.0,0,0,0,0,0,0,0,0,0,2,0,0,0,0
2022,7,"64 degrees, relative humidity 34%, wind 10 mph",San Francisco 49ers,Kansas City Chiefs,Deebo Samuel,SFO,San Francisco 49ers,away,44,23,WR,1,1.4925373134328357,0,0,0,0,0,0,1,2,0,7,5,42,0,0
2022,7,"64 degrees, relative humidity 34%, wind 10 mph",San Francisco 49ers,Kansas City Chiefs,George Kittle,SFO,San Francisco 49ers,away,44,23,TE,0,0.0,0,0,0,0,0,0,0,0,0,9,6,98,1,0
2022,7,"64 degrees, relative humidity 34%, wind 10 mph",San Francisco 49ers,Kansas City Chiefs,Jauan Jennings,SFO,San Francisco 49ers,away,44,23,WR,0,0.0,0,0,0,0,0,0,0,0,0,4,2,24,0,0
2022,7,"64 degrees, relative humidity 34%, wind 10 mph",San Francisco 49ers,Kansas City Chiefs,Jeff Wilson,SFO,San Francisco 49ers,away,44,23,RB,7,10.44776119402985,0,0,0,0,0,0,7,54,0,1,0,0,0,0
2022,7,"64 degrees, relative humidity 34%, wind 10 mph",San Francisco 49ers,Kansas City Chiefs,Jimmy Garoppolo,SFO,San Francisco 49ers,away,44,23,QB,39,58.2089552238806,25,37,303,2,1,5,2,2,0,0,0,0,0,1
2022,7,"64 degrees, relative humidity 34%, wind 10 mph",San Francisco 49ers,Kansas City Chiefs,Kyle Juszczyk,SFO,San Francisco 49ers,away,44,23,FB,0,0.0,0,0,0,0,0,0,0,0,0,4,3,34,0,0
2022,7,"64 degrees, relative humidity 34%, wind 10 mph",San Francisco 49ers,Kansas City Chiefs,Ray-Ray McCloud,SFO,San Francisco 49ers,away,44,23,WR,0,0.0,0,0,0,0,0,0,0,0,0,4,4,65,1,0
2022,7,"64 degrees, relative humidity 34%, wind 10 mph",San Francisco 49ers,Kansas City Chiefs,Tyrion Davis-Price,SFO,San Francisco 49ers,away,44,23,RB,2,2.9850746268656714,0,0,0,0,0,0,2,4,0,2,0,0,0,0
2022,7,"67 degrees, relative humidity 51%, wind 5 mph",Tampa Bay Buccaneers,Carolina Panthers,Cade Otton,TAM,Tampa Bay Buccaneers,away,21,3,TE,0,0.0,0,0,0,0,0,0,0,0,0,5,4,64,0,0
2022,7,"67 degrees, relative humidity 51%, wind 5 mph",Tampa Bay Buccaneers,Carolina Panthers,Chris Godwin,TAM,Tampa Bay Buccaneers,away,21,3,WR,1,1.5384615384615385,0,0,0,0,0,0,1,2,0,13,7,43,0,0
2022,7,"67 degrees, relative humidity 51%, wind 5 mph",Tampa Bay Buccaneers,Carolina Panthers,Jaelon Darden,TAM,Tampa Bay Buccaneers,away,21,3,WR,0,0.0,0,0,0,0,0,0,0,0,0,1,1,1,0,0
2022,7,"67 degrees, relative humidity 51%, wind 5 mph",Tampa Bay Buccaneers,Carolina Panthers,Ko Kieft,TAM,Tampa Bay Buccaneers,away,21,3,TE,0,0.0,0,0,0,0,0,0,0,0,0,1,1,18,0,0
2022,7,"67 degrees, relative humidity 51%, wind 5 mph",Tampa Bay Buccaneers,Carolina Panthers,Kyle Rudolph,TAM,Tampa Bay Buccaneers,away,21,3,TE,0,0.0,0,0,0,0,0,0,0,0,0,1,1,8,0,0
2022,7,"67 degrees, relative humidity 51%, wind 5 mph",Tampa Bay Buccaneers,Carolina Panthers,Leonard Fournette,TAM,Tampa Bay Buccaneers,away,21,3,RB,8,12.307692307692308,0,0,0,0,0,0,8,19,0,3,2,7,0,0
2022,7,"67 degrees, relative humidity 51%, wind 5 mph",Tampa Bay Buccaneers,Carolina Panthers,Mike Evans,TAM,Tampa Bay Buccaneers,away,21,3,WR,0,0.0,0,0,0,0,0,0,0,0,0,15,9,96,0,0
2022,7,"67 degrees, relative humidity 51%, wind 5 mph",Tampa Bay Buccaneers,Carolina Panthers,Rachaad White,TAM,Tampa Bay Buccaneers,away,21,3,RB,6,9.230769230769232,0,0,0,0,0,0,6,24,0,2,1,8,0,0
2022,7,"67 degrees, relative humidity 51%, wind 5 mph",Tampa Bay Buccaneers,Carolina Panthers,Russell Gage,TAM,Tampa Bay Buccaneers,away,21,3,WR,0,0.0,0,0,0,0,0,0,0,0,0,5,4,39,0,0
2022,7,"67 degrees, relative humidity 51%, wind 5 mph",Tampa Bay Buccaneers,Carolina Panthers,Scott Miller,TAM,Tampa Bay Buccaneers,away,21,3,WR,0,0.0,0,0,0,0,0,0,0,0,0,2,2,6,0,0
2022,7,"67 degrees, relative humidity 51%, wind 5 mph",Tampa Bay Buccaneers,Carolina Panthers,Tom Brady,TAM,Tampa Bay Buccaneers,away,21,3,QB,50,76.92307692307693,32,49,290,0,0,1,1,1,0,0,0,0,0,0
2022,7,"74 degrees, relative humidity 43%, wind 12 mph",Indianapolis Colts,Tennessee Titans,Austin Hooper,TEN,Indianapolis Colts,away,19,10,TE,0,0.0,0,0,0,0,0,0,0,0,0,3,3,56,0,0
2022,7,"74 degrees, relative humidity 43%, wind 12 mph",Indianapolis Colts,Tennessee Titans,Chigoziem Okonkwo,TEN,Indianapolis Colts,away,19,10,TE,0,0.0,0,0,0,0,0,0,0,0,0,1,0,0,0,0
2022,7,"74 degrees, relative humidity 43%, wind 12 mph",Indianapolis Colts,Tennessee Titans,Cody Hollister,TEN,Indianapolis Colts,away,19,10,WR,0,0.0,0,0,0,0,0,0,0,0,0,2,2,32,0,0
2022,7,"74 degrees, relative humidity 43%, wind 12 mph",Indianapolis Colts,Tennessee Titans,Derrick Henry,TEN,Indianapolis Colts,away,19,10,RB,30,54.54545454545454,0,0,0,0,0,0,30,128,0,3,3,10,0,0
2022,7,"74 degrees, relative humidity 43%, wind 12 mph",Indianapolis Colts,Tennessee Titans,Dontrell Hilliard,TEN,Indianapolis Colts,away,19,10,RB,1,1.8181818181818181,0,0,0,0,0,0,1,4,0,2,0,0,0,0
2022,7,"74 degrees, relative humidity 43%, wind 12 mph",Indianapolis Colts,Tennessee Titans,Geoff Swaim,TEN,Indianapolis Colts,away,19,10,TE,0,0.0,0,0,0,0,0,0,0,0,0,1,0,0,0,0
2022,7,"74 degrees, relative humidity 43%, wind 12 mph",Indianapolis Colts,Tennessee Titans,Hassan Haskins,TEN,Indianapolis Colts,away,19,10,RB,0,0.0,0,0,0,0,0,0,0,0,0,1,1,5,0,0
2022,7,"74 degrees, relative humidity 43%, wind 12 mph",Indianapolis Colts,Tennessee Titans,Mason Kinsey,TEN,Indianapolis Colts,away,19,10,WR,0,0.0,0,0,0,0,0,0,0,0,0,1,1,3,0,0
2022,7,"74 degrees, relative humidity 43%, wind 12 mph",Indianapolis Colts,Tennessee Titans,Nick Westbrook-Ikhine,TEN,Indianapolis Colts,away,19,10,WR,0,0.0,0,0,0,0,0,0,0,0,0,2,0,0,0,0
2022,7,"74 degrees, relative humidity 43%, wind 12 mph",Indianapolis Colts,Tennessee Titans,Robert Woods,TEN,Indianapolis Colts,away,19,10,WR,0,0.0,0,0,0,0,0,0,0,0,0,4,3,26,0,0
2022,7,"74 degrees, relative humidity 43%, wind 12 mph",Indianapolis Colts,Tennessee Titans,Ryan Tannehill,TEN,Indianapolis Colts,away,19,10,QB,24,43.63636363636363,13,20,132,0,0,2,4,6,0,0,0,0,0,1
2022,7,"62 degrees, relative humidity 66%, wind 7 mph",Green Bay Packers,Washington Commanders,Antonio Gibson,WAS,Green Bay Packers,away,23,21,RB,10,14.084507042253522,0,0,0,0,0,0,10,59,0,4,3,18,1,0
2022,7,"62 degrees, relative humidity 66%, wind 7 mph",Green Bay Packers,Washington Commanders,Armani Rogers,WAS,Green Bay Packers,away,23,21,TE,0,0.0,0,0,0,0,0,0,0,0,0,3,3,28,0,0
2022,7,"62 degrees, relative humidity 66%, wind 7 mph",Green Bay Packers,Washington Commanders,Brian Robinson Jr.,WAS,Green Bay Packers,away,23,21,RB,20,28.169014084507044,0,0,0,0,0,0,20,73,0,2,2,13,0,0
2022,7,"62 degrees, relative humidity 66%, wind 7 mph",Green Bay Packers,Washington Commanders,Cam Sims,WAS,Green Bay Packers,away,23,21,WR,0,0.0,0,0,0,0,0,0,0,0,0,2,1,12,0,0
2022,7,"62 degrees, relative humidity 66%, wind 7 mph",Green Bay Packers,Washington Commanders,Cole Turner,WAS,Green Bay Packers,away,23,21,TE,0,0.0,0,0,0,0,0,0,0,0,0,2,0,0,0,0
2022,7,"62 degrees, relative humidity 66%, wind 7 mph",Green Bay Packers,Washington Commanders,Curtis Samuel,WAS,Green Bay Packers,away,23,21,WR,5,7.042253521126761,0,0,0,0,0,0,5,26,0,8,5,53,0,0
2022,7,"62 degrees, relative humidity 66%, wind 7 mph",Green Bay Packers,Washington Commanders,Dax Milne,WAS,Green Bay Packers,away,23,21,WR,0,0.0,0,0,0,0,0,0,0,0,0,1,1,4,0,0
2022,7,"62 degrees, relative humidity 66%, wind 7 mph",Green Bay Packers,Washington Commanders,J.D. McKissic,WAS,Green Bay Packers,away,23,21,RB,1,1.4084507042253522,0,0,0,0,0,0,1,4,0,2,0,0,0,0
2022,7,"62 degrees, relative humidity 66%, wind 7 mph",Green Bay Packers,Washington Commanders,Taylor Heinicke,WAS,Green Bay Packers,away,23,21,QB,35,49.29577464788733,20,33,201,2,1,1,2,4,0,0,0,0,0,0
2022,7,"62 degrees, relative humidity 66%, wind 7 mph",Green Bay Packers,Washington Commanders,Terry McLaurin,WAS,Green Bay Packers,away,23,21,WR,0,0.0,0,0,0,0,0,0,0,0,0,8,5,73,1,0
2022,8,,Arizona Cardinals,Minnesota Vikings,A.J. Green,ARI,Arizona Cardinals,away,34,26,WR,0,0.0,0,0,0,0,0,0,0,0,0,1,0,0,0,0
2022,8,,Arizona Cardinals,Minnesota Vikings,Darrel Williams,ARI,Arizona Cardinals,away,34,26,RB,5,7.575757575757576,0,0,0,0,0,0,5,8,0,3,2,6,0,0
2022,8,,Arizona Cardinals,Minnesota Vikings,DeAndre Hopkins,ARI,Arizona Cardinals,away,34,26,WR,0,0.0,0,0,0,0,0,0,0,0,0,13,12,159,1,0
2022,8,,Arizona Cardinals,Minnesota Vikings,Eno Benjamin,ARI,Arizona Cardinals,away,34,26,RB,9,13.636363636363635,0,0,0,0,0,0,9,22,0,7,4,23,0,0
2022,8,,Arizona Cardinals,Minnesota Vikings,Greg Dortch,ARI,Arizona Cardinals,away,34,26,WR,0,0.0,0,0,0,0,0,0,0,0,0,3,2,12,0,1
2022,8,,Arizona Cardinals,Minnesota Vikings,Kyler Murray,ARI,Arizona Cardinals,away,34,26,QB,50,75.75757575757575,31,44,326,3,2,4,6,36,0,0,0,0,0,1
2022,8,,Arizona Cardinals,Minnesota Vikings,Robbie Chosen,ARI,Arizona Cardinals,away,34,26,WR,0,0.0,0,0,0,0,0,0,0,0,0,3,0,0,0,0
2022,8,,Arizona Cardinals,Minnesota Vikings,Rondale Moore,ARI,Arizona Cardinals,away,34,26,WR,2,3.0303030303030303,0,0,0,0,0,0,2,12,0,8,7,92,1,0
2022,8,,Arizona Cardinals,Minnesota Vikings,Zach Ertz,ARI,Arizona Cardinals,away,34,26,TE,0,0.0,0,0,0,0,0,0,0,0,0,5,4,34,1,0
2022,8,,Carolina Panthers,Atlanta Falcons,Avery Williams,ATL,Carolina Panthers,away,37,34,RB,0,0.0,0,0,0,0,0,0,0,0,0,2,2,7,0,0
2022,8,,Carolina Panthers,Atlanta Falcons,Bryan Edwards,ATL,Carolina Panthers,away,37,34,WR,0,0.0,0,0,0,0,0,0,0,0,0,1,1,3,0,0
2022,8,,Carolina Panthers,Atlanta Falcons,Caleb Huntley,ATL,Carolina Panthers,away,37,34,RB,16,24.615384615384617,0,0,0,0,0,0,16,91,0,0,0,0,0,1
2022,8,,Carolina Panthers,Atlanta Falcons,Damiere Byrd,ATL,Carolina Panthers,away,37,34,WR,0,0.0,0,0,0,0,0,0,0,0,0,6,3,67,1,0
2022,8,,Carolina Panthers,Atlanta Falcons,Drake London,ATL,Carolina Panthers,away,37,34,WR,0,0.0,0,0,0,0,0,0,0,0,0,5,4,31,0,0
2022,8,,Carolina Panthers,Atlanta Falcons,Kyle Pitts,ATL,Carolina Panthers,away,37,34,TE,0,0.0,0,0,0,0,0,0,0,0,0,9,5,80,1,0
2022,8,,Carolina Panthers,Atlanta Falcons,Marcus Mariota,ATL,Carolina Panthers,away,37,34,QB,34,52.307692307692314,20,28,253,3,2,2,6,43,0,0,0,0,0,0
2022,8,,Carolina Panthers,Atlanta Falcons,Olamide Zaccheaus,ATL,Carolina Panthers,away,37,34,WR,1,1.5384615384615385,0,0,0,0,0,0,1,-6,0,1,1,10,0,0
2022,8,,Carolina Panthers,Atlanta Falcons,Parker Hesse,ATL,Carolina Panthers,away,37,34,TE,0,0.0,0,0,0,0,0,0,0,0,0,1,1,9,0,0
2022,8,,Carolina Panthers,Atlanta Falcons,Tyler Allgeier,ATL,Carolina Panthers,away,37,34,RB,14,21.53846153846154,0,0,0,0,0,0,14,39,0,3,3,46,1,0
2022,8,"79 degrees, relative humidity 74%, wind 4 mph",Tampa Bay Buccaneers,Baltimore Ravens,Demarcus Robinson,BAL,Tampa Bay Buccaneers,away,27,22,WR,0,0.0,0,0,0,0,0,0,0,0,0,8,6,64,0,0
2022,8,"79 degrees, relative humidity 74%, wind 4 mph",Tampa Bay Buccaneers,Baltimore Ravens,Devin Duvernay,BAL,Tampa Bay Buccaneers,away,27,22,WR,2,2.8169014084507045,0,0,0,0,0,0,2,33,1,4,4,31,0,0
2022,8,"79 degrees, relative humidity 74%, wind 4 mph",Tampa Bay Buccaneers,Baltimore Ravens,Gus Edwards,BAL,Tampa Bay Buccaneers,away,27,22,RB,11,15.492957746478872,0,0,0,0,0,0,11,65,0,0,0,0,0,0
2022,8,"79 degrees, relative humidity 74%, wind 4 mph",Tampa Bay Buccaneers,Baltimore Ravens,Isaiah Likely,BAL,Tampa Bay Buccaneers,away,27,22,TE,0,0.0,0,0,0,0,0,0,0,0,0,7,6,77,1,0
2022,8,"79 degrees, relative humidity 74%, wind 4 mph",Tampa Bay Buccaneers,Baltimore Ravens,James Proche,BAL,Tampa Bay Buccaneers,away,27,22,WR,0,0.0,0,0,0,0,0,0,0,0,0,4,3,24,0,0
2022,8,"79 degrees, relative humidity 74%, wind 4 mph",Tampa Bay Buccaneers,Baltimore Ravens,Josh Oliver,BAL,Tampa Bay Buccaneers,away,27,22,TE,0,0.0,0,0,0,0,0,0,0,0,0,1,1,4,0,0
2022,8,"79 degrees, relative humidity 74%, wind 4 mph",Tampa Bay Buccaneers,Baltimore Ravens,Justice Hill,BAL,Tampa Bay Buccaneers,away,27,22,RB,4,5.633802816901409,0,0,0,0,0,0,4,28,0,0,0,0,0,0
2022,8,"79 degrees, relative humidity 74%, wind 4 mph",Tampa Bay Buccaneers,Baltimore Ravens,Kenyan Drake,BAL,Tampa Bay Buccaneers,away,27,22,RB,7,9.859154929577464,0,0,0,0,0,0,7,62,0,4,4,5,1,0
2022,8,"79 degrees, relative humidity 74%, wind 4 mph",Tampa Bay Buccaneers,Baltimore Ravens,Lamar Jackson,BAL,Tampa Bay Buccaneers,away,27,22,QB,47,66.19718309859155,27,38,238,2,0,3,9,43,0,0,0,0,0,0
2022,8,"79 degrees, relative humidity 74%, wind 4 mph",Tampa Bay Buccaneers,Baltimore Ravens,Mark Andrews,BAL,Tampa Bay Buccaneers,away,27,22,TE,0,0.0,0,0,0,0,0,0,0,0,0,5,3,33,0,0
2022,8,"79 degrees, relative humidity 74%, wind 4 mph",Tampa Bay Buccaneers,Baltimore Ravens,Rashod Bateman,BAL,Tampa Bay Buccaneers,away,27,22,WR,0,0.0,0,0,0,0,0,0,0,0,0,1,0,0,0,0
2022,8,"50 degrees, relative humidity 57%, wind 4 mph",Green Bay Packers,Buffalo Bills,Dawson Knox,BUF,Green Bay Packers,away,27,17,TE,0,0.0,0,0,0,0,0,0,0,0,0,3,2,10,1,0
2022,8,"50 degrees, relative humidity 57%, wind 4 mph",Green Bay Packers,Buffalo Bills,Devin Singletary,BUF,Green Bay Packers,away,27,17,RB,14,26.923076923076923,0,0,0,0,0,0,14,67,0,2,1,16,0,0
2022,8,"50 degrees, relative humidity 57%, wind 4 mph",Green Bay Packers,Buffalo Bills,Gabriel Davis,BUF,Green Bay Packers,away,27,17,WR,0,0.0,0,0,0,0,0,0,0,0,0,7,2,35,0,0
2022,8,"50 degrees, relative humidity 57%, wind 4 mph",Green Bay Packers,Buffalo Bills,Isaiah McKenzie,BUF,Green Bay Packers,away,27,17,WR,2,3.8461538461538463,0,0,0,0,0,0,2,2,1,1,1,8,0,0
2022,8,"50 degrees, relative humidity 57%, wind 4 mph",Green Bay Packers,Buffalo Bills,Jake Kumerow,BUF,Green Bay Packers,away,27,17,WR,0,0.0,0,0,0,0,0,0,0,0,0,1,0,0,0,0
2022,8,"50 degrees, relative humidity 57%, wind 4 mph",Green Bay Packers,Buffalo Bills,James Cook,BUF,Green Bay Packers,away,27,17,RB,5,9.615384615384617,0,0,0,0,0,0,5,35,0,1,1,41,0,0
2022,8,"50 degrees, relative humidity 57%, wind 4 mph",Green Bay Packers,Buffalo Bills,Josh Allen,BUF,Green Bay Packers,away,27,17,QB,31,59.61538461538461,13,25,218,2,2,2,6,49,0,0,0,0,0,0
2022,8,"50 degrees, relative humidity 57%, wind 4 mph",Green Bay Packers,Buffalo Bills,Khalil Shakir,BUF,Green Bay Packers,away,27,17,WR,0,0.0,0,0,0,0,0,0,0,0,0,2,0,0,0,0
2022,8,"50 degrees, relative humidity 57%, wind 4 mph",Green Bay Packers,Buffalo Bills,Stefon Diggs,BUF,Green Bay Packers,away,27,17,WR,0,0.0,0,0,0,0,0,0,0,0,0,8,6,108,1,1
2022,8,,Carolina Panthers,Atlanta Falcons,D'Onta Foreman,CAR,Carolina Panthers,away,37,34,RB,26,36.11111111111111,0,0,0,0,0,0,26,118,3,1,0,0,0,0
2022,8,,Carolina Panthers,Atlanta Falcons,D.J. Moore,CAR,Carolina Panthers,away,37,34,WR,1,1.3888888888888888,0,0,0,0,0,0,1,3,0,11,6,152,1,0
2022,8,,Carolina Panthers,Atlanta Falcons,Ian Thomas,CAR,Carolina Panthers,away,37,34,TE,0,0.0,0,0,0,0,0,0,0,0,0,1,1,2,0,0
2022,8,,Carolina Panthers,Atlanta Falcons,Laviska Shenault Jr.,CAR,Carolina Panthers,away,37,34,WR,0,0.0,0,0,0,0,0,0,0,0,0,6,5,26,0,0
2022,8,,Carolina Panthers,Atlanta Falcons,P.J. Walker,CAR,Carolina Panthers,away,37,34,QB,37,51.388888888888886,19,36,317,1,1,1,1,20,0,0,0,0,0,0
2022,8,,Carolina Panthers,Atlanta Falcons,Raheem Blackshear,CAR,Carolina Panthers,away,37,34,RB,2,2.7777777777777777,0,0,0,0,0,0,2,1,0,0,0,0,0,0
2022,8,,Carolina Panthers,Atlanta Falcons,Shi Smith,CAR,Carolina Panthers,away,37,34,WR,0,0.0,0,0,0,0,0,0,0,0,0,1,0,0,0,0
2022,8,,Carolina Panthers,Atlanta Falcons,Spencer Brown,CAR,Carolina Panthers,away,37,34,RB,6,8.333333333333332,0,0,0,0,0,0,6,27,0,1,0,0,0,0
2022,8,,Carolina Panthers,Atlanta Falcons,Stephen Sullivan,CAR,Carolina Panthers,away,37,34,TE,0,0.0,0,0,0,0,0,0,0,0,0,2,1,33,0,0
2022,8,,Carolina Panthers,Atlanta Falcons,Terrace Marshall Jr.,CAR,Carolina Panthers,away,37,34,WR,0,0.0,0,0,0,0,0,0,0,0,0,9,4,87,0,0
2022,8,,Carolina Panthers,Atlanta Falcons,Tommy Tremble,CAR,Carolina Panthers,away,37,34,TE,0,0.0,0,0,0,0,0,0,0,0,0,4,2,17,0,0
2022,8,,Chicago Bears,Dallas Cowboys,Cole Kmet,CHI,Chicago Bears,away,49,29,TE,0,0.0,0,0,0,0,0,0,0,0,0,2,2,11,1,0
2022,8,,Chicago Bears,Dallas Cowboys,Dante Pettis,CHI,Chicago Bears,away,49,29,WR,0,0.0,0,0,0,0,0,0,0,0,0,5,4,18,0,0
2022,8,,Chicago Bears,Dallas Cowboys,Darnell Mooney,CHI,Chicago Bears,away,49,29,WR,0,0.0,0,0,0,0,0,0,0,0,0,5,5,70,0,0
2022,8,,Chicago Bears,Dallas Cowboys,David Montgomery,CHI,Chicago Bears,away,49,29,RB,15,22.388059701492537,0,0,0,0,0,0,15,53,0,3,3,22,0,1
2022,8,,Chicago Bears,Dallas Cowboys,Equanimeous St. Brown,CHI,Chicago Bears,away,49,29,WR,0,0.0,0,0,0,0,0,0,0,0,0,3,1,6,0,0
2022,8,,Chicago Bears,Dallas Cowboys,Justin Fields,CHI,Chicago Bears,away,49,29,QB,31,46.26865671641791,17,23,151,2,0,4,8,60,1,0,0,0,0,0
2022,8,,Chicago Bears,Dallas Cowboys,Khalil Herbert,CHI,Chicago Bears,away,49,29,RB,16,23.88059701492537,0,0,0,0,0,0,16,99,1,0,0,0,0,0
2022,8,,Chicago Bears,Dallas Cowboys,N'Keal Harry,CHI,Chicago Bears,away,49,29,WR,0,0.0,0,0,0,0,0,0,0,0,0,2,2,24,1,0
2022,8,,Chicago Bears,Dallas Cowboys,Trestan Ebner,CHI,Chicago Bears,away,49,29,RB,2,2.9850746268656714,0,0,0,0,0,0,2,-5,0,0,0,0,0,0
2022,8,,Chicago Bears,Dallas Cowboys,Trevor Siemian,CHI,Chicago Bears,away,49,29,QB,1,1.4925373134328357,1,1,5,0,0,0,0,0,0,0,0,0,0,0
2022,8,,Chicago Bears,Dallas Cowboys,Velus Jones Jr.,CHI,Chicago Bears,away,49,29,WR,2,2.9850746268656714,0,0,0,0,0,0,2,33,0,3,1,5,0,0
2022,8,"66 degrees, relative humidity 69%, wind 9 mph",Cincinnati Bengals,Cleveland Browns,Chris Evans,CIN,Cincinnati Bengals,away,32,13,RB,0,0.0,0,0,0,0,0,0,0,0,0,1,1,26,0,0
2022,8,"66 degrees, relative humidity 69%, wind 9 mph",Cincinnati Bengals,Cleveland Browns,Hayden Hurst,CIN,Cincinnati Bengals,away,32,13,TE,0,0.0,0,0,0,0,0,0,0,0,0,4,4,42,0,0
2022,8,"66 degrees, relative humidity 69%, wind 9 mph",Cincinnati Bengals,Cleveland Browns,Joe Burrow,CIN,Cincinnati Bengals,away,32,13,QB,36,80.0,25,35,232,2,1,5,1,2,0,0,0,0,0,1
2022,8,"66 degrees, relative humidity 69%, wind 9 mph",Cincinnati Bengals,Cleveland Browns,Joe Mixon,CIN,Cincinnati Bengals,away,32,13,RB,8,17.77777777777778,0,0,0,0,0,0,8,27,0,9,7,32,0,0
2022,8,"66 degrees, relative humidity 69%, wind 9 mph",Cincinnati Bengals,Cleveland Browns,Mike Thomas,CIN,Cincinnati Bengals,away,32,13,WR,0,0.0,0,0,0,0,0,0,0,0,0,1,0,0,0,0
2022,8,"66 degrees, relative humidity 69%, wind 9 mph",Cincinnati Bengals,Cleveland Browns,Mitchell Wilcox,CIN,Cincinnati Bengals,away,32,13,TE,0,0.0,0,0,0,0,0,0,0,0,0,1,1,3,0,0
2022,8,"66 degrees, relative humidity 69%, wind 9 mph",Cincinnati Bengals,Cleveland Browns,Samaje Perine,CIN,Cincinnati Bengals,away,32,13,RB,1,2.2222222222222223,0,0,0,0,0,0,1,7,0,3,3,10,0,0
2022,8,"66 degrees, relative humidity 69%, wind 9 mph",Cincinnati Bengals,Cleveland Browns,Tee Higgins,CIN,Cincinnati Bengals,away,32,13,WR,0,0.0,0,0,0,0,0,0,0,0,0,6,3,49,1,0
2022,8,"66 degrees, relative humidity 69%, wind 9 mph",Cincinnati Bengals,Cleveland Browns,Trent Taylor,CIN,Cincinnati Bengals,away,32,13,WR,0,0.0,0,0,0,0,0,0,0,0,0,1,1,5,0,0
2022,8,"66 degrees, relative humidity 69%, wind 9 mph",Cincinnati Bengals,Cleveland Browns,Trenton Irwin,CIN,Cincinnati Bengals,away,32,13,WR,0,0.0,0,0,0,0,0,0,0,0,0,3,2,27,0,0
2022,8,"66 degrees, relative humidity 69%, wind 9 mph",Cincinnati Bengals,Cleveland Browns,Tyler Boyd,CIN,Cincinnati Bengals,away,32,13,WR,0,0.0,0,0,0,0,0,0,0,0,0,5,3,38,1,0
2022,8,"66 degrees, relative humidity 69%, wind 9 mph",Cincinnati Bengals,Cleveland Browns,Amari Cooper,CLE,Cincinnati Bengals,away,32,13,WR,1,1.4925373134328357,0,1,0,0,1,0,0,0,0,7,5,131,1,0
2022,8,"66 degrees, relative humidity 69%, wind 9 mph",Cincinnati Bengals,Cleveland Browns,D'Ernest Johnson,CLE,Cincinnati Bengals,away,32,13,RB,4,5.970149253731343,0,0,0,0,0,0,4,17,0,0,0,0,0,0
2022,8,"66 degrees, relative humidity 69%, wind 9 mph",Cincinnati Bengals,Cleveland Browns,David Bell,CLE,Cincinnati Bengals,away,32,13,WR,0,0.0,0,0,0,0,0,0,0,0,0,2,2,27,0,0
2022,8,"66 degrees, relative humidity 69%, wind 9 mph",Cincinnati Bengals,Cleveland Browns,Donovan Peoples-Jones,CLE,Cincinnati Bengals,away,32,13,WR,0,0.0,0,0,0,0,0,0,0,0,0,4,4,81,0,0
2022,8,"66 degrees, relative humidity 69%, wind 9 mph",Cincinnati Bengals,Cleveland Browns,Jacoby Brissett,CLE,Cincinnati Bengals,away,32,13,QB,28,41.7910447761194,17,22,278,1,0,2,6,12,1,0,0,0,0,1
2022,8,"66 degrees, relative humidity 69%, wind 9 mph",Cincinnati Bengals,Cleveland Browns,Kareem Hunt,CLE,Cincinnati Bengals,away,32,13,RB,11,16.417910447761194,0,0,0,0,0,0,11,42,0,4,4,30,0,0
2022,8,"66 degrees, relative humidity 69%, wind 9 mph",Cincinnati Bengals,Cleveland Browns,Michael Woods,CLE,Cincinnati Bengals,away,32,13,UNK,0,0.0,0,0,0,0,0,0,0,0,0,2,1,6,0,0
2022,8,"66 degrees, relative humidity 69%, wind 9 mph",Cincinnati Bengals,Cleveland Browns,Nick Chubb,CLE,Cincinnati Bengals,away,32,13,RB,23,34.32835820895522,0,0,0,0,0,0,23,101,2,1,1,3,0,0
2022,8,,Chicago Bears,Dallas Cowboys,CeeDee Lamb,DAL,Chicago Bears,away,49,29,WR,1,1.7857142857142856,0,0,0,0,0,0,1,1,0,7,5,77,1,0
2022,8,,Chicago Bears,Dallas Cowboys,Dak Prescott,DAL,Chicago Bears,away,49,29,QB,32,57.14285714285714,21,27,250,2,1,1,5,34,1,0,0,0,0,0
2022,8,,Chicago Bears,Dallas Cowboys,Dalton Schultz,DAL,Chicago Bears,away,49,29,TE,0,0.0,0,0,0,0,0,0,0,0,0,7,6,74,0,0
2022,8,,Chicago Bears,Dallas Cowboys,Jake Ferguson,DAL,Chicago Bears,away,49,29,TE,0,0.0,0,0,0,0,0,0,0,0,0,1,1,1,1,0
2022,8,,Chicago Bears,Dallas Cowboys,KaVontae Turpin,DAL,Chicago Bears,away,49,29,WR,1,1.7857142857142856,0,0,0,0,0,0,1,11,0,0,0,0,0,0
2022,8,,Chicago Bears,Dallas Cowboys,Malik Davis,DAL,Chicago Bears,away,49,29,RB,8,14.285714285714285,0,0,0,0,0,0,8,23,0,2,2,18,0,0
2022,8,,Chicago Bears,Dallas Cowboys,Michael Gallup,DAL,Chicago Bears,away,49,29,WR,0,0.0,0,0,0,0,0,0,0,0,0,6,4,49,0,0
2022,8,,Chicago Bears,Dallas Cowboys,Peyton Hendershot,DAL,Chicago Bears,away,49,29,TE,0,0.0,0,0,0,0,0,0,0,0,0,2,2,15,0,0
2022,8,,Chicago Bears,Dallas Cowboys,Tony Pollard,DAL,Chicago Bears,away,49,29,RB,14,25.0,0,0,0,0,0,0,14,131,3,1,1,16,0,0
2022,8,"61 degrees, relative humidity 77%, wind 11 mph",Jacksonville Jaguars,Denver Broncos,Courtland Sutton,DEN,Jacksonville Jaguars,away,21,17,WR,0,0.0,0,0,0,0,0,0,0,0,0,4,1,13,0,0
2022,8,"61 degrees, relative humidity 77%, wind 11 mph",Jacksonville Jaguars,Denver Broncos,Greg Dulcich,DEN,Jacksonville Jaguars,away,21,17,TE,0,0.0,0,0,0,0,0,0,0,0,0,5,4,87,0,0
2022,8,"61 degrees, relative humidity 77%, wind 11 mph",Jacksonville Jaguars,Denver Broncos,Jerry Jeudy,DEN,Jacksonville Jaguars,away,21,17,WR,0,0.0,0,0,0,0,0,0,0,0,0,7,6,63,1,0
2022,8,"61 degrees, relative humidity 77%, wind 11 mph",Jacksonville Jaguars,Denver Broncos,KJ Hamler,DEN,Jacksonville Jaguars,away,21,17,WR,1,1.7241379310344827,0,0,0,0,0,0,1,9,0,3,2,52,0,0
2022,8,"61 degrees, relative humidity 77%, wind 11 mph",Jacksonville Jaguars,Denver Broncos,Latavius Murray,DEN,Jacksonville Jaguars,away,21,17,RB,14,24.137931034482758,0,0,0,0,0,0,14,46,1,2,1,13,0,0
2022,8,"61 degrees, relative humidity 77%, wind 11 mph",Jacksonville Jaguars,Denver Broncos,Melvin Gordon,DEN,Jacksonville Jaguars,away,21,17,RB,9,15.517241379310345,0,0,0,0,0,0,9,29,1,4,3,23,0,0
2022,8,"61 degrees, relative humidity 77%, wind 11 mph",Jacksonville Jaguars,Denver Broncos,Montrell Washington,DEN,Jacksonville Jaguars,away,21,17,WR,0,0.0,0,0,0,0,0,0,0,0,0,1,1,1,0,0
2022,8,"61 degrees, relative humidity 77%, wind 11 mph",Jacksonville Jaguars,Denver Broncos,Russell Wilson,DEN,Jacksonville Jaguars,away,21,17,QB,34,58.620689655172406,18,30,252,1,1,3,4,17,0,0,0,0,0,0
2022,8,,Detroit Lions,Miami Dolphins,Amon-Ra St. Brown,DET,Detroit Lions,away,31,27,WR,0,0.0,0,0,0,0,0,0,0,0,0,10,7,69,0,0
2022,8,,Detroit Lions,Miami Dolphins,Brock Wright,DET,Detroit Lions,away,31,27,TE,0,0.0,0,0,0,0,0,0,0,0,0,1,1,6,0,0
2022,8,,Detroit Lions,Miami Dolphins,C.J. Moore,DET,Detroit Lions,away,31,27,FS,1,1.7857142857142856,0,0,0,0,0,0,1,13,0,0,0,0,0,0
2022,8,,Detroit Lions,Miami Dolphins,Craig Reynolds,DET,Detroit Lions,away,31,27,RB,2,3.571428571428571,0,0,0,0,0,0,2,7,0,1,0,0,0,0
2022,8,,Detroit Lions,Miami Dolphins,D'Andre Swift,DET,Detroit Lions,away,31,27,RB,5,8.928571428571429,0,0,0,0,0,0,5,6,0,5,5,27,1,0
2022,8,,Detroit Lions,Miami Dolphins,Jamaal Williams,DET,Detroit Lions,away,31,27,RB,10,17.857142857142858,0,0,0,0,0,0,10,53,2,3,3,23,0,0
2022,8,,Detroit Lions,Miami Dolphins,James Mitchell,DET,Detroit Lions,away,31,27,TE,0,0.0,0,0,0,0,0,0,0,0,0,1,1,14,0,0
2022,8,,Detroit Lions,Miami Dolphins,Jared Goff,DET,Detroit Lions,away,31,27,QB,38,67.85714285714286,27,37,321,1,0,1,1,3,0,1,1,5,0,0
2022,8,,Detroit Lions,Miami Dolphins,Josh Reynolds,DET,Detroit Lions,away,31,27,WR,0,0.0,0,0,0,0,0,0,0,0,0,6,2,14,0,0
2022,8,,Detroit Lions,Miami Dolphins,Kalif Raymond,DET,Detroit Lions,away,31,27,WR,0,0.0,0,0,0,0,0,0,0,0,0,4,3,76,0,0
2022,8,,Detroit Lions,Miami Dolphins,Maurice Alexander,DET,Detroit Lions,away,31,27,WR,0,0.0,0,0,0,0,0,0,0,0,0,1,1,7,0,0
2022,8,,Detroit Lions,Miami Dolphins,T.J. Hockenson,DET,Detroit Lions,away,31,27,TE,0,0.0,0,0,0,0,0,0,0,0,0,4,3,80,0,0
2022,8,"50 degrees, relative humidity 57%, wind 4 mph",Green Bay Packers,Buffalo Bills,AJ Dillon,GNB,Green Bay Packers,away,27,17,RB,10,16.39344262295082,0,0,0,0,0,0,10,54,0,1,1,9,0,0
2022,8,"50 degrees, relative humidity 57%, wind 4 mph",Green Bay Packers,Buffalo Bills,Aaron Jones,GNB,Green Bay Packers,away,27,17,RB,20,32.78688524590164,0,0,0,0,0,0,20,143,0,5,4,14,0,0
2022,8,"50 degrees, relative humidity 57%, wind 4 mph",Green Bay Packers,Buffalo Bills,Aaron Rodgers,GNB,Green Bay Packers,away,27,17,QB,31,50.81967213114754,19,30,203,2,1,2,1,11,0,0,0,0,0,0
2022,8,"50 degrees, relative humidity 57%, wind 4 mph",Green Bay Packers,Buffalo Bills,Amari Rodgers,GNB,Green Bay Packers,away,27,17,WR,0,0.0,0,0,0,0,0,0,0,0,0,3,1,22,0,0
2022,8,"50 degrees, relative humidity 57%, wind 4 mph",Green Bay Packers,Buffalo Bills,Christian Watson,GNB,Green Bay Packers,away,27,17,WR,0,0.0,0,0,0,0,0,0,0,0,0,1,1,12,0,0
2022,8,"50 degrees, relative humidity 57%, wind 4 mph",Green Bay Packers,Buffalo Bills,Josiah Deguara,GNB,Green Bay Packers,away,27,17,TE,0,0.0,0,0,0,0,0,0,0,0,0,1,1,9,0,0
2022,8,"50 degrees, relative humidity 57%, wind 4 mph",Green Bay Packers,Buffalo Bills,Robert Tonyan,GNB,Green Bay Packers,away,27,17,TE,0,0.0,0,0,0,0,0,0,0,0,0,6,5,35,0,0
2022,8,"50 degrees, relative humidity 57%, wind 4 mph",Green Bay Packers,Buffalo Bills,Romeo Doubs,GNB,Green Bay Packers,away,27,17,WR,0,0.0,0,0,0,0,0,0,0,0,0,7,4,62,1,0
2022,8,"50 degrees, relative humidity 57%, wind 4 mph",Green Bay Packers,Buffalo Bills,Sammy Watkins,GNB,Green Bay Packers,away,27,17,WR,0,0.0,0,0,0,0,0,0,0,0,0,1,1,3,0,0
2022,8,"50 degrees, relative humidity 57%, wind 4 mph",Green Bay Packers,Buffalo Bills,Samori Toure,GNB,Green Bay Packers,away,27,17,WR,0,0.0,0,0,0,0,0,0,0,0,0,4,1,37,1,0
2022,8,,Houston Texans,Tennessee Titans,Brandin Cooks,HOU,Houston Texans,away,17,10,WR,0,0.0,0,0,0,0,0,0,0,0,0,6,4,73,0,0
2022,8,,Houston Texans,Tennessee Titans,Brevin Jordan,HOU,Houston Texans,away,17,10,TE,0,0.0,0,0,0,0,0,0,0,0,0,5,2,19,0,0
2022,8,,Houston Texans,Tennessee Titans,Dameon Pierce,HOU,Houston Texans,away,17,10,RB,15,31.25,0,0,0,0,0,0,15,35,0,5,3,16,1,0
2022,8,,Houston Texans,Tennessee Titans,Dare Ogunbowale,HOU,Houston Texans,away,17,10,RB,0,0.0,0,0,0,0,0,0,0,0,0,1,1,0,0,0
2022,8,,Houston Texans,Tennessee Titans,Davis Mills,HOU,Houston Texans,away,17,10,QB,32,66.66666666666666,17,29,152,1,1,3,3,8,0,0,0,0,0,0
2022,8,,Houston Texans,Tennessee Titans,Jordan Akins,HOU,Houston Texans,away,17,10,TE,0,0.0,0,0,0,0,0,0,0,0,0,2,1,5,0,0
2022,8,,Houston Texans,Tennessee Titans,O.J. Howard,HOU,Houston Texans,away,17,10,TE,0,0.0,0,0,0,0,0,0,0,0,0,3,2,24,0,0
2022,8,,Houston Texans,Tennessee Titans,Phillip Dorsett,HOU,Houston Texans,away,17,10,WR,0,0.0,0,0,0,0,0,0,0,0,0,5,1,6,0,0
2022,8,,Houston Texans,Tennessee Titans,Rex Burkhead,HOU,Houston Texans,away,17,10,RB,1,2.083333333333333,0,1,0,0,0,0,0,0,0,1,1,2,0,0
2022,8,,Houston Texans,Tennessee Titans,Troy Hairston,HOU,Houston Texans,away,17,10,FB,0,0.0,0,0,0,0,0,0,0,0,0,2,2,7,0,0
2022,8,,Indianapolis Colts,Washington Commanders,Alec Pierce,IND,Indianapolis Colts,away,17,16,WR,0,0.0,0,0,0,0,0,0,0,0,0,5,3,65,0,0
2022,8,,Indianapolis Colts,Washington Commanders,Deon Jackson,IND,Indianapolis Colts,away,17,16,RB,1,1.9230769230769231,0,0,0,0,0,0,1,-4,0,0,0,0,0,0
2022,8,,Indianapolis Colts,Washington Commanders,Jonathan Taylor,IND,Indianapolis Colts,away,17,16,RB,16,30.76923076923077,0,0,0,0,0,0,16,76,0,1,0,0,0,1
2022,8,,Indianapolis Colts,Washington Commanders,Kylen Granson,IND,Indianapolis Colts,away,17,16,TE,0,0.0,0,0,0,0,0,0,0,0,0,3,3,11,0,0
2022,8,,Indianapolis Colts,Washington Commanders,Michael Pittman Jr.,IND,Indianapolis Colts,away,17,16,WR,0,0.0,0,0,0,0,0,0,0,0,0,9,7,53,0,0
2022,8,,Indianapolis Colts,Washington Commanders,Mo Alie-Cox,IND,Indianapolis Colts,away,17,16,TE,0,0.0,0,0,0,0,0,0,0,0,0,1,0,0,0,0
2022,8,,Indianapolis Colts,Washington Commanders,Nyheim Hines,IND,Indianapolis Colts,away,17,16,RB,5,9.615384615384617,0,0,0,0,0,0,5,20,1,2,2,29,0,0
2022,8,,Indianapolis Colts,Washington Commanders,Parris Campbell,IND,Indianapolis Colts,away,17,16,WR,1,1.9230769230769231,0,0,0,0,0,0,1,28,0,2,2,43,0,0
2022,8,,Indianapolis Colts,Washington Commanders,Sam Ehlinger,IND,Indianapolis Colts,away,17,16,QB,29,55.769230769230774,17,23,201,0,0,2,6,15,0,0,0,0,0,1
2022,8,"61 degrees, relative humidity 77%, wind 11 mph",Jacksonville Jaguars,Denver Broncos,Chris Manhertz,JAX,Jacksonville Jaguars,away,21,17,TE,0,0.0,0,0,0,0,0,0,0,0,0,1,1,-1,0,0
2022,8,"61 degrees, relative humidity 77%, wind 11 mph",Jacksonville Jaguars,Denver Broncos,Christian Kirk,JAX,Jacksonville Jaguars,away,21,17,WR,0,0.0,0,0,0,0,0,0,0,0,0,7,3,40,0,0
2022,8,"61 degrees, relative humidity 77%, wind 11 mph",Jacksonville Jaguars,Denver Broncos,Dan Arnold,JAX,Jacksonville Jaguars,away,21,17,TE,0,0.0,0,0,0,0,0,0,0,0,0,1,1,8,0,0
2022,8,"61 degrees, relative humidity 77%, wind 11 mph",Jacksonville Jaguars,Denver Broncos,Evan Engram,JAX,Jacksonville Jaguars,away,21,17,TE,0,0.0,0,0,0,0,0,0,0,0,0,6,4,55,1,0
2022,8,"61 degrees, relative humidity 77%, wind 11 mph",Jacksonville Jaguars,Denver Broncos,Jamycal Hasty,JAX,Jacksonville Jaguars,away,21,17,RB,4,6.349206349206349,0,0,0,0,0,0,4,13,0,4,3,-3,0,0
2022,8,"61 degrees, relative humidity 77%, wind 11 mph",Jacksonville Jaguars,Denver Broncos,Marvin Jones,JAX,Jacksonville Jaguars,away,21,17,WR,0,0.0,0,0,0,0,0,0,0,0,0,3,0,0,0,0
2022,8,"61 degrees, relative humidity 77%, wind 11 mph",Jacksonville Jaguars,Denver Broncos,Travis Etienne,JAX,Jacksonville Jaguars,away,21,17,RB,24,38.095238095238095,0,0,0,0,0,0,24,156,1,3,3,6,0,0
2022,8,"61 degrees, relative humidity 77%, wind 11 mph",Jacksonville Jaguars,Denver Broncos,Trevor Lawrence,JAX,Jacksonville Jaguars,away,21,17,QB,34,53.96825396825397,18,31,133,1,2,2,3,15,0,0,0,0,0,1
2022,8,"61 degrees, relative humidity 77%, wind 11 mph",Jacksonville Jaguars,Denver Broncos,Zay Jones,JAX,Jacksonville Jaguars,away,21,17,WR,1,1.5873015873015872,0,0,0,0,0,0,1,7,0,3,3,28,0,0
2022,8,,Los Angeles Rams,San Francisco 49ers,Allen Robinson,LAR,Los Angeles Rams,away,31,14,WR,0,0.0,0,0,0,0,0,0,0,0,0,7,5,54,0,0
2022,8,,Los Angeles Rams,San Francisco 49ers,Ben Skowronek,LAR,Los Angeles Rams,away,31,14,WR,0,0.0,0,0,0,0,0,0,0,0,0,1,1,10,0,0
2022,8,,Los Angeles Rams,San Francisco 49ers,Cooper Kupp,LAR,Los Angeles Rams,away,31,14,WR,2,3.7037037037037033,0,0,0,0,0,0,2,10,0,12,8,79,1,0
2022,8,,Los Angeles Rams,San Francisco 49ers,Darrell Henderson,LAR,Los Angeles Rams,away,31,14,RB,4,7.4074074074074066,0,0,0,0,0,0,4,16,0,2,2,14,0,0
2022,8,,Los Angeles Rams,San Francisco 49ers,Malcolm Brown,LAR,Los Angeles Rams,away,31,14,RB,5,9.25925925925926,0,0,0,0,0,0,5,10,0,0,0,0,0,0
2022,8,,Los Angeles Rams,San Francisco 49ers,Matthew Stafford,LAR,Los Angeles Rams,away,31,14,QB,35,64.81481481481481,22,33,187,1,0,2,2,-1,1,0,0,0,0,0
2022,8,,Los Angeles Rams,San Francisco 49ers,Ronnie Rivers,LAR,Los Angeles Rams,away,31,14,RB,8,14.814814814814813,0,0,0,0,0,0,8,21,0,4,4,15,0,0
2022,8,,Los Angeles Rams,San Francisco 49ers,Tyler Higbee,LAR,Los Angeles Rams,away,31,14,TE,0,0.0,0,0,0,0,0,0,0,0,0,6,2,15,0,0
2022,8,,Las Vegas Raiders,New Orleans Saints,Ameer Abdullah,LVR,Las Vegas Raiders,away,24,0,RB,0,0.0,0,0,0,0,0,0,0,0,0,5,4,28,0,0
2022,8,,Las Vegas Raiders,New Orleans Saints,Davante Adams,LVR,Las Vegas Raiders,away,24,0,WR,1,1.9230769230769231,0,0,0,0,0,0,1,-1,0,5,1,3,0,0
2022,8,,Las Vegas Raiders,New Orleans Saints,Derek Carr,LVR,Las Vegas Raiders,away,24,0,QB,27,51.92307692307693,15,26,101,0,1,3,1,-1,0,0,0,0,0,0
2022,8,,Las Vegas Raiders,New Orleans Saints,Foster Moreau,LVR,Las Vegas Raiders,away,24,0,TE,0,0.0,0,0,0,0,0,0,0,0,0,9,6,31,0,0
2022,8,,Las Vegas Raiders,New Orleans Saints,Hunter Renfrow,LVR,Las Vegas Raiders,away,24,0,WR,0,0.0,0,0,0,0,0,0,0,0,0,2,1,6,0,0
2022,8,,Las Vegas Raiders,New Orleans Saints,Jarrett Stidham,LVR,Las Vegas Raiders,away,24,0,QB,13,25.0,8,13,72,0,0,1,0,0,0,0,0,0,0,0
2022,8,,Las Vegas Raiders,New Orleans Saints,Jesper Horsted,LVR,Las Vegas Raiders,away,24,0,TE,0,0.0,0,0,0,0,0,0,0,0,0,1,0,0,0,0
2022,8,,Las Vegas Raiders,New Orleans Saints,Josh Jacobs,LVR,Las Vegas Raiders,away,24,0,RB,10,19.230769230769234,0,0,0,0,0,0,10,43,0,4,2,11,0,0
2022,8,,Las Vegas Raiders,New Orleans Saints,Keelan Cole,LVR,Las Vegas Raiders,away,24,0,WR,0,0.0,0,0,0,0,0,0,0,0,0,5,2,30,0,0
2022,8,,Las Vegas Raiders,New Orleans Saints,Mack Hollins,LVR,Las Vegas Raiders,away,24,0,WR,0,0.0,0,0,0,0,0,0,0,0,0,8,7,64,0,0
2022,8,,Las Vegas Raiders,New Orleans Saints,Matthias Farley,LVR,Las Vegas Raiders,away,24,0,FS,1,1.9230769230769231,0,0,0,0,0,0,1,-3,0,0,0,0,0,0
2022,8,,Detroit Lions,Miami Dolphins,Alec Ingold,MIA,Detroit Lions,away,31,27,FB,1,1.6129032258064515,0,0,0,0,0,0,1,1,1,1,1,5,0,0
2022,8,,Detroit Lions,Miami Dolphins,Braylon Sanders,MIA,Detroit Lions,away,31,27,WR,0,0.0,0,0,0,0,0,0,0,0,0,2,2,17,0,1
2022,8,,Detroit Lions,Miami Dolphins,Cedrick Wilson Jr.,MIA,Detroit Lions,away,31,27,WR,0,0.0,0,0,0,0,0,0,0,0,0,1,0,0,0,0
2022,8,,Detroit Lions,Miami Dolphins,Chase Edmonds,MIA,Detroit Lions,away,31,27,RB,4,6.451612903225806,0,0,0,0,0,0,4,14,0,0,0,0,0,0
2022,8,,Detroit Lions,Miami Dolphins,Jaylen Waddle,MIA,Detroit Lions,away,31,27,WR,0,0.0,0,0,0,0,0,0,0,0,0,9,8,106,2,0
2022,8,,Detroit Lions,Miami Dolphins,Mike Gesicki,MIA,Detroit Lions,away,31,27,TE,0,0.0,0,0,0,0,0,0,0,0,0,4,3,38,1,0
2022,8,,Detroit Lions,Miami Dolphins,Raheem Mostert,MIA,Detroit Lions,away,31,27,RB,14,22.58064516129032,0,0,0,0,0,0,14,64,0,1,1,3,0,0
2022,8,,Detroit Lions,Miami Dolphins,Salvon Ahmed,MIA,Detroit Lions,away,31,27,RB,1,1.6129032258064515,0,0,0,0,0,0,1,2,0,0,0,0,0,0
2022,8,,Detroit Lions,Miami Dolphins,Trent Sherfield,MIA,Detroit Lions,away,31,27,WR,0,0.0,0,0,0,0,0,0,0,0,0,2,2,25,0,0
2022,8,,Detroit Lions,Miami Dolphins,Tua Tagovailoa,MIA,Detroit Lions,away,31,27,QB,41,66.12903225806451,29,36,382,3,0,2,5,19,0,0,0,0,0,0
2022,8,,Detroit Lions,Miami Dolphins,Tyreek Hill,MIA,Detroit Lions,away,31,27,WR,1,1.6129032258064515,0,0,0,0,0,0,1,7,0,14,12,188,0,0
2022,8,,Arizona Cardinals,Minnesota Vikings,Adam Thielen,MIN,Arizona Cardinals,away,34,26,WR,0,0.0,0,0,0,0,0,0,0,0,0,7,6,67,0,0
2022,8,,Arizona Cardinals,Minnesota Vikings,Alexander Mattison,MIN,Arizona Cardinals,away,34,26,RB,5,7.6923076923076925,0,0,0,0,0,0,5,40,1,0,0,0,0,0
2022,8,,Arizona Cardinals,Minnesota Vikings,Dalvin Cook,MIN,Arizona Cardinals,away,34,26,RB,20,30.76923076923077,0,0,0,0,0,0,20,111,1,6,5,30,0,0
2022,8,,Arizona Cardinals,Minnesota Vikings,Irv Smith Jr.,MIN,Arizona Cardinals,away,34,26,TE,0,0.0,0,0,0,0,0,0,0,0,0,4,4,28,0,0
2022,8,,Arizona Cardinals,Minnesota Vikings,Johnny Mundt,MIN,Arizona Cardinals,away,34,26,TE,0,0.0,0,0,0,0,0,0,0,0,0,1,1,1,1,0
2022,8,,Arizona Cardinals,Minnesota Vikings,Justin Jefferson,MIN,Arizona Cardinals,away,34,26,WR,0,0.0,0,0,0,0,0,0,0,0,0,8,6,98,0,0
2022,8,,Arizona Cardinals,Minnesota Vikings,K.J. Osborn,MIN,Arizona Cardinals,away,34,26,WR,0,0.0,0,0,0,0,0,0,0,0,0,5,2,8,1,0
2022,8,,Arizona Cardinals,Minnesota Vikings,Kirk Cousins,MIN,Arizona Cardinals,away,34,26,QB,40,61.53846153846154,24,36,232,2,0,3,4,22,1,0,0,0,0,1
2022,8,,Las Vegas Raiders,New Orleans Saints,Alvin Kamara,NOR,Las Vegas Raiders,away,24,0,RB,18,28.57142857142857,0,0,0,0,0,0,18,62,1,10,9,96,2,0
2022,8,,Las Vegas Raiders,New Orleans Saints,Andy Dalton,NOR,Las Vegas Raiders,away,24,0,QB,30,47.61904761904761,22,30,229,2,0,0,0,0,0,0,0,0,0,0
2022,8,,Las Vegas Raiders,New Orleans Saints,Chris Olave,NOR,Las Vegas Raiders,away,24,0,WR,0,0.0,0,0,0,0,0,0,0,0,0,7,5,52,0,0
2022,8,,Las Vegas Raiders,New Orleans Saints,Dwayne Washington,NOR,Las Vegas Raiders,away,24,0,RB,4,6.349206349206349,0,0,0,0,0,0,4,13,0,0,0,0,0,0
2022,8,,Las Vegas Raiders,New Orleans Saints,Juwan Johnson,NOR,Las Vegas Raiders,away,24,0,TE,0,0.0,0,0,0,0,0,0,0,0,0,4,2,14,0,0
2022,8,,Las Vegas Raiders,New Orleans Saints,Mark Ingram,NOR,Las Vegas Raiders,away,24,0,RB,0,0.0,0,0,0,0,0,0,0,0,0,1,1,2,0,0
2022,8,,Las Vegas Raiders,New Orleans Saints,Marquez Callaway,NOR,Las Vegas Raiders,away,24,0,WR,0,0.0,0,0,0,0,0,0,0,0,0,1,1,10,0,0
2022,8,,Las Vegas Raiders,New Orleans Saints,Nick Vannett,NOR,Las Vegas Raiders,away,24,0,TE,0,0.0,0,0,0,0,0,0,0,0,0,1,1,8,0,0
2022,8,,Las Vegas Raiders,New Orleans Saints,Rashid Shaheed,NOR,Las Vegas Raiders,away,24,0,WR,0,0.0,0,0,0,0,0,0,0,0,0,3,3,38,0,0
2022,8,,Las Vegas Raiders,New Orleans Saints,Taysom Hill,NOR,Las Vegas Raiders,away,24,0,TE,11,17.46031746031746,1,1,2,0,0,0,10,61,0,2,1,11,0,0
2022,8,,Las Vegas Raiders,New Orleans Saints,Tre'Quan Smith,NOR,Las Vegas Raiders,away,24,0,WR,0,0.0,0,0,0,0,0,0,0,0,0,1,0,0,0,0
2022,8,"59 degrees, relative humidity 45%, wind 1 mph",New York Jets,New England Patriots,Damien Harris,NWE,New York Jets,away,22,17,RB,11,15.942028985507244,0,0,0,0,0,0,11,37,0,2,2,15,0,0
2022,8,"59 degrees, relative humidity 45%, wind 1 mph",New York Jets,New England Patriots,DeVante Parker,NWE,New York Jets,away,22,17,WR,0,0.0,0,0,0,0,0,0,0,0,0,1,0,0,0,0
2022,8,"59 degrees, relative humidity 45%, wind 1 mph",New York Jets,New England Patriots,Hunter Henry,NWE,New York Jets,away,22,17,TE,0,0.0,0,0,0,0,0,0,0,0,0,1,1,22,0,0
2022,8,"59 degrees, relative humidity 45%, wind 1 mph",New York Jets,New England Patriots,Jakobi Meyers,NWE,New York Jets,away,22,17,WR,0,0.0,0,0,0,0,0,0,0,0,0,13,9,60,1,0
2022,8,"59 degrees, relative humidity 45%, wind 1 mph",New York Jets,New England Patriots,Jonnu Smith,NWE,New York Jets,away,22,17,TE,0,0.0,0,0,0,0,0,0,0,0,0,4,3,10,0,0
2022,8,"59 degrees, relative humidity 45%, wind 1 mph",New York Jets,New England Patriots,Kendrick Bourne,NWE,New York Jets,away,22,17,WR,0,0.0,0,0,0,0,0,0,0,0,0,1,0,0,0,0
2022,8,"59 degrees, relative humidity 45%, wind 1 mph",New York Jets,New England Patriots,Mac Jones,NWE,New York Jets,away,22,17,QB,42,60.86956521739131,24,35,194,1,1,6,7,19,0,0,0,0,0,1
2022,8,"59 degrees, relative humidity 45%, wind 1 mph",New York Jets,New England Patriots,Nelson Agholor,NWE,New York Jets,away,22,17,WR,0,0.0,0,0,0,0,0,0,0,0,0,1,1,2,0,0
2022,8,"59 degrees, relative humidity 45%, wind 1 mph",New York Jets,New England Patriots,Rhamondre Stevenson,NWE,New York Jets,away,22,17,RB,16,23.18840579710145,0,0,0,0,0,0,16,71,0,7,7,72,0,0
2022,8,"59 degrees, relative humidity 45%, wind 1 mph",New York Jets,New England Patriots,Tyquan Thornton,NWE,New York Jets,away,22,17,WR,0,0.0,0,0,0,0,0,0,0,0,0,2,1,13,0,0
2022,8,"54 degrees, relative humidity 72%, wind 12 mph",New York Giants,Seattle Seahawks,Chris Myarick,NYG,New York Giants,away,27,13,TE,0,0.0,0,0,0,0,0,0,0,0,0,1,1,10,0,0
2022,8,"54 degrees, relative humidity 72%, wind 12 mph",New York Giants,Seattle Seahawks,Daniel Jones,NYG,New York Giants,away,27,13,QB,37,62.71186440677966,17,31,176,0,0,5,6,20,0,0,0,0,0,1
2022,8,"54 degrees, relative humidity 72%, wind 12 mph",New York Giants,Seattle Seahawks,Darius Slayton,NYG,New York Giants,away,27,13,WR,0,0.0,0,0,0,0,0,0,0,0,0,6,5,66,0,0
2022,8,"54 degrees, relative humidity 72%, wind 12 mph",New York Giants,Seattle Seahawks,David Sills,NYG,New York Giants,away,27,13,UNK,0,0.0,0,0,0,0,0,0,0,0,0,2,1,5,0,0
2022,8,"54 degrees, relative humidity 72%, wind 12 mph",New York Giants,Seattle Seahawks,Lawrence Cager,NYG,New York Giants,away,27,13,TE,0,0.0,0,0,0,0,0,0,0,0,0,1,0,0,0,0
2022,8,"54 degrees, relative humidity 72%, wind 12 mph",New York Giants,Seattle Seahawks,Marcus Johnson,NYG,New York Giants,away,27,13,WR,0,0.0,0,0,0,0,0,0,0,0,0,6,1,3,0,0
2022,8,"54 degrees, relative humidity 72%, wind 12 mph",New York Giants,Seattle Seahawks,Matt Breida,NYG,New York Giants,away,27,13,RB,2,3.389830508474576,0,0,0,0,0,0,2,5,0,2,1,10,0,0
2022,8,"54 degrees, relative humidity 72%, wind 12 mph",New York Giants,Seattle Seahawks,Saquon Barkley,NYG,New York Giants,away,27,13,RB,20,33.89830508474576,0,0,0,0,0,0,20,53,1,5,3,9,0,0
2022,8,"54 degrees, relative humidity 72%, wind 12 mph",New York Giants,Seattle Seahawks,Tanner Hudson,NYG,New York Giants,away,27,13,TE,0,0.0,0,0,0,0,0,0,0,0,0,5,3,58,0,0
2022,8,"54 degrees, relative humidity 72%, wind 12 mph",New York Giants,Seattle Seahawks,Wan'Dale Robinson,NYG,New York Giants,away,27,13,WR,0,0.0,0,0,0,0,0,0,0,0,0,3,2,15,0,0
2022,8,"59 degrees, relative humidity 45%, wind 1 mph",New York Jets,New England Patriots,Braxton Berrios,NYJ,New York Jets,away,22,17,WR,0,0.0,0,0,0,0,0,0,0,0,0,1,0,0,0,0
2022,8,"59 degrees, relative humidity 45%, wind 1 mph",New York Jets,New England Patriots,C.J. Uzomah,NYJ,New York Jets,away,22,17,TE,0,0.0,0,0,0,0,0,0,0,0,0,1,1,27,0,0
2022,8,"59 degrees, relative humidity 45%, wind 1 mph",New York Jets,New England Patriots,Denzel Mims,NYJ,New York Jets,away,22,17,WR,0,0.0,0,0,0,0,0,0,0,0,0,3,2,76,0,0
2022,8,"59 degrees, relative humidity 45%, wind 1 mph",New York Jets,New England Patriots,Elijah Moore,NYJ,New York Jets,away,22,17,WR,0,0.0,0,0,0,0,0,0,0,0,0,1,0,0,0,0
2022,8,"59 degrees, relative humidity 45%, wind 1 mph",New York Jets,New England Patriots,Garrett Wilson,NYJ,New York Jets,away,22,17,WR,0,0.0,0,0,0,0,0,0,0,0,0,7,6,115,0,0
2022,8,"59 degrees, relative humidity 45%, wind 1 mph",New York Jets,New England Patriots,James Robinson,NYJ,New York Jets,away,22,17,RB,5,8.928571428571429,0,0,0,0,0,0,5,17,0,1,0,0,0,0
2022,8,"59 degrees, relative humidity 45%, wind 1 mph",New York Jets,New England Patriots,Jeff Smith,NYJ,New York Jets,away,22,17,WR,0,0.0,0,0,0,0,0,0,0,0,0,1,1,23,0,0
2022,8,"59 degrees, relative humidity 45%, wind 1 mph",New York Jets,New England Patriots,Michael Carter,NYJ,New York Jets,away,22,17,RB,7,12.5,0,0,0,0,0,0,7,26,0,7,4,35,0,0
2022,8,"59 degrees, relative humidity 45%, wind 1 mph",New York Jets,New England Patriots,Ty Johnson,NYJ,New York Jets,away,22,17,RB,2,3.571428571428571,0,0,0,0,0,0,2,6,0,2,0,0,0,0
2022,8,"59 degrees, relative humidity 45%, wind 1 mph",New York Jets,New England Patriots,Tyler Conklin,NYJ,New York Jets,away,22,17,TE,0,0.0,0,0,0,0,0,0,0,0,0,10,6,79,2,0
2022,8,"59 degrees, relative humidity 45%, wind 1 mph",New York Jets,New England Patriots,Zach Wilson,NYJ,New York Jets,away,22,17,QB,42,75.0,20,41,355,2,3,2,1,2,0,0,0,0,0,0
2022,8,"61 degrees, relative humidity 47%, wind 2 mph",Pittsburgh Steelers,Philadelphia Eagles,A.J. Brown,PHI,Pittsburgh Steelers,away,35,13,WR,0,0.0,0,0,0,0,0,0,0,0,0,10,6,156,3,0
2022,8,"61 degrees, relative humidity 47%, wind 2 mph",Pittsburgh Steelers,Philadelphia Eagles,Boston Scott,PHI,Pittsburgh Steelers,away,35,13,RB,7,14.000000000000002,0,0,0,0,0,0,7,21,0,0,0,0,0,0
2022,8,"61 degrees, relative humidity 47%, wind 2 mph",Pittsburgh Steelers,Philadelphia Eagles,Dallas Goedert,PHI,Pittsburgh Steelers,away,35,13,TE,0,0.0,0,0,0,0,0,0,0,0,0,6,6,64,0,0
2022,8,"61 degrees, relative humidity 47%, wind 2 mph",Pittsburgh Steelers,Philadelphia Eagles,DeVonta Smith,PHI,Pittsburgh Steelers,away,35,13,WR,0,0.0,0,0,0,0,0,0,0,0,0,8,5,23,0,0
2022,8,"61 degrees, relative humidity 47%, wind 2 mph",Pittsburgh Steelers,Philadelphia Eagles,Gardner Minshew,PHI,Pittsburgh Steelers,away,35,13,UNK,3,6.0,1,2,23,0,0,0,1,-1,0,0,0,0,0,0
2022,8,"61 degrees, relative humidity 47%, wind 2 mph",Pittsburgh Steelers,Philadelphia Eagles,Jack Stoll,PHI,Pittsburgh Steelers,away,35,13,TE,0,0.0,0,0,0,0,0,0,0,0,0,1,0,0,0,0
2022,8,"61 degrees, relative humidity 47%, wind 2 mph",Pittsburgh Steelers,Philadelphia Eagles,Jalen Hurts,PHI,Pittsburgh Steelers,away,35,13,QB,30,60.0,19,28,285,4,0,3,2,10,0,0,0,0,0,0
2022,8,"61 degrees, relative humidity 47%, wind 2 mph",Pittsburgh Steelers,Philadelphia Eagles,Kenneth Gainwell,PHI,Pittsburgh Steelers,away,35,13,RB,1,2.0,0,0,0,0,0,0,1,3,0,1,1,8,0,0
2022,8,"61 degrees, relative humidity 47%, wind 2 mph",Pittsburgh Steelers,Philadelphia Eagles,Miles Sanders,PHI,Pittsburgh Steelers,away,35,13,RB,9,18.0,0,0,0,0,0,0,9,78,1,0,0,0,0,0
2022,8,"61 degrees, relative humidity 47%, wind 2 mph",Pittsburgh Steelers,Philadelphia Eagles,Quez Watkins,PHI,Pittsburgh Steelers,away,35,13,WR,0,0.0,0,0,0,0,0,0,0,0,0,2,0,0,0,0
2022,8,"61 degrees, relative humidity 47%, wind 2 mph",Pittsburgh Steelers,Philadelphia Eagles,Zach Pascal,PHI,Pittsburgh Steelers,away,35,13,WR,0,0.0,0,0,0,0,0,0,0,0,0,2,2,57,1,0
2022,8,"61 degrees, relative humidity 47%, wind 2 mph",Pittsburgh Steelers,Philadelphia Eagles,Chase Claypool,PIT,Pittsburgh Steelers,away,35,13,WR,1,1.5625,1,1,1,1,0,0,0,0,0,6,4,45,0,0
2022,8,"61 degrees, relative humidity 47%, wind 2 mph",Pittsburgh Steelers,Philadelphia Eagles,Derek Watt,PIT,Pittsburgh Steelers,away,35,13,FB,0,0.0,0,0,0,0,0,0,0,0,0,2,2,6,1,0
2022,8,"61 degrees, relative humidity 47%, wind 2 mph",Pittsburgh Steelers,Philadelphia Eagles,Diontae Johnson,PIT,Pittsburgh Steelers,away,35,13,WR,0,0.0,0,0,0,0,0,0,0,0,0,9,5,35,0,0
2022,8,"61 degrees, relative humidity 47%, wind 2 mph",Pittsburgh Steelers,Philadelphia Eagles,George Pickens,PIT,Pittsburgh Steelers,away,35,13,WR,0,0.0,0,0,0,0,0,0,0,0,0,3,0,0,0,0
2022,8,"61 degrees, relative humidity 47%, wind 2 mph",Pittsburgh Steelers,Philadelphia Eagles,Jaylen Warren,PIT,Pittsburgh Steelers,away,35,13,RB,6,9.375,0,0,0,0,0,0,6,50,0,3,3,25,0,0
2022,8,"61 degrees, relative humidity 47%, wind 2 mph",Pittsburgh Steelers,Philadelphia Eagles,Kenny Pickett,PIT,Pittsburgh Steelers,away,35,13,QB,45,70.3125,25,38,191,0,1,6,7,37,0,0,0,0,0,2
2022,8,"61 degrees, relative humidity 47%, wind 2 mph",Pittsburgh Steelers,Philadelphia Eagles,Marcus Allen,PIT,Pittsburgh Steelers,away,35,13,LB,1,1.5625,0,0,0,0,0,0,1,4,0,0,0,0,0,0
2022,8,"61 degrees, relative humidity 47%, wind 2 mph",Pittsburgh Steelers,Philadelphia Eagles,Najee Harris,PIT,Pittsburgh Steelers,away,35,13,RB,9,14.0625,1,1,4,0,0,0,8,32,0,6,6,26,0,0
2022,8,"61 degrees, relative humidity 47%, wind 2 mph",Pittsburgh Steelers,Philadelphia Eagles,Pat Freiermuth,PIT,Pittsburgh Steelers,away,35,13,TE,0,0.0,0,0,0,0,0,0,0,0,0,7,4,57,0,0
2022,8,"61 degrees, relative humidity 47%, wind 2 mph",Pittsburgh Steelers,Philadelphia Eagles,Steven Sims,PIT,Pittsburgh Steelers,away,35,13,WR,2,3.125,0,0,0,0,0,0,2,21,0,3,2,-1,0,0
2022,8,"61 degrees, relative humidity 47%, wind 2 mph",Pittsburgh Steelers,Philadelphia Eagles,Zach Gentry,PIT,Pittsburgh Steelers,away,35,13,TE,0,0.0,0,0,0,0,0,0,0,0,0,1,1,3,0,0
2022,8,"54 degrees, relative humidity 72%, wind 12 mph",New York Giants,Seattle Seahawks,Colby Parkinson,SEA,New York Giants,away,27,13,TE,0,0.0,0,0,0,0,0,0,0,0,0,1,1,5,0,0
2022,8,"54 degrees, relative humidity 72%, wind 12 mph",New York Giants,Seattle Seahawks,D'Wayne Eskridge,SEA,New York Giants,away,27,13,WR,0,0.0,0,0,0,0,0,0,0,0,0,2,1,3,0,0
2022,8,"54 degrees, relative humidity 72%, wind 12 mph",New York Giants,Seattle Seahawks,D.K. Metcalf,SEA,New York Giants,away,27,13,WR,0,0.0,0,0,0,0,0,0,0,0,0,10,6,55,1,0
2022,8,"54 degrees, relative humidity 72%, wind 12 mph",New York Giants,Seattle Seahawks,Geno Smith,SEA,New York Giants,away,27,13,QB,39,66.10169491525424,23,34,212,2,0,3,5,26,0,0,0,0,0,0
2022,8,"54 degrees, relative humidity 72%, wind 12 mph",New York Giants,Seattle Seahawks,Kenneth Walker,SEA,New York Giants,away,27,13,UNK,18,30.508474576271187,0,0,0,0,0,0,18,51,1,2,1,1,0,0
2022,8,"54 degrees, relative humidity 72%, wind 12 mph",New York Giants,Seattle Seahawks,Marquise Goodwin,SEA,New York Giants,away,27,13,WR,0,0.0,0,0,0,0,0,0,0,0,0,5,4,33,0,0
2022,8,"54 degrees, relative humidity 72%, wind 12 mph",New York Giants,Seattle Seahawks,Noah Fant,SEA,New York Giants,away,27,13,TE,0,0.0,0,0,0,0,0,0,0,0,0,2,2,19,0,0
2022,8,"54 degrees, relative humidity 72%, wind 12 mph",New York Giants,Seattle Seahawks,Travis Homer,SEA,New York Giants,away,27,13,RB,2,3.389830508474576,0,0,0,0,0,0,2,10,0,1,1,21,0,0
2022,8,"54 degrees, relative humidity 72%, wind 12 mph",New York Giants,Seattle Seahawks,Tyler Lockett,SEA,New York Giants,away,27,13,WR,0,0.0,0,0,0,0,0,0,0,0,0,8,5,63,1,1
2022,8,"54 degrees, relative humidity 72%, wind 12 mph",New York Giants,Seattle Seahawks,Will Dissly,SEA,New York Giants,away,27,13,TE,0,0.0,0,0,0,0,0,0,0,0,0,2,2,12,0,0
2022,8,,Los Angeles Rams,San Francisco 49ers,Brandon Aiyuk,SFO,Los Angeles Rams,away,31,14,WR,0,0.0,0,0,0,0,0,0,0,0,0,6,6,81,1,0
2022,8,,Los Angeles Rams,San Francisco 49ers,Christian McCaffrey,SFO,Los Angeles Rams,away,31,14,RB,19,38.775510204081634,1,1,34,1,0,0,18,94,1,9,8,55,1,1
2022,8,,Los Angeles Rams,San Francisco 49ers,George Kittle,SFO,Los Angeles Rams,away,31,14,TE,0,0.0,0,0,0,0,0,0,0,0,0,5,3,39,1,0
2022,8,,Los Angeles Rams,San Francisco 49ers,Jeff Wilson,SFO,Los Angeles Rams,away,31,14,RB,4,8.16326530612245,0,0,0,0,0,0,4,14,0,2,2,21,0,0
2022,8,,Los Angeles Rams,San Francisco 49ers,Jimmy Garoppolo,SFO,Los Angeles Rams,away,31,14,QB,26,53.06122448979592,21,25,235,2,0,3,1,3,0,0,0,0,0,0
2022,8,,Los Angeles Rams,San Francisco 49ers,Ray-Ray McCloud,SFO,Los Angeles Rams,away,31,14,WR,0,0.0,0,0,0,0,0,0,0,0,0,2,1,11,0,0
2022,8,,Los Angeles Rams,San Francisco 49ers,Ross Dwelley,SFO,Los Angeles Rams,away,31,14,TE,0,0.0,0,0,0,0,0,0,0,0,0,1,1,56,0,0
2022,8,,Los Angeles Rams,San Francisco 49ers,Tyler Kroft,SFO,Los Angeles Rams,away,31,14,TE,0,0.0,0,0,0,0,0,0,0,0,0,1,1,6,0,0
2022,8,"79 degrees, relative humidity 74%, wind 4 mph",Tampa Bay Buccaneers,Baltimore Ravens,Breshad Perriman,TAM,Tampa Bay Buccaneers,away,27,22,WR,0,0.0,0,0,0,0,0,0,0,0,0,1,1,11,0,0
2022,8,"79 degrees, relative humidity 74%, wind 4 mph",Tampa Bay Buccaneers,Baltimore Ravens,Cade Otton,TAM,Tampa Bay Buccaneers,away,27,22,TE,0,0.0,0,0,0,0,0,0,0,0,0,5,2,15,0,0
2022,8,"79 degrees, relative humidity 74%, wind 4 mph",Tampa Bay Buccaneers,Baltimore Ravens,Chris Godwin,TAM,Tampa Bay Buccaneers,away,27,22,WR,0,0.0,0,0,0,0,0,0,0,0,0,11,6,75,0,0
2022,8,"79 degrees, relative humidity 74%, wind 4 mph",Tampa Bay Buccaneers,Baltimore Ravens,Julio Jones,TAM,Tampa Bay Buccaneers,away,27,22,WR,1,1.694915254237288,0,0,0,0,0,0,1,0,0,4,2,21,1,0
2022,8,"79 degrees, relative humidity 74%, wind 4 mph",Tampa Bay Buccaneers,Baltimore Ravens,Ko Kieft,TAM,Tampa Bay Buccaneers,away,27,22,TE,0,0.0,0,0,0,0,0,0,0,0,0,1,1,9,0,0
2022,8,"79 degrees, relative humidity 74%, wind 4 mph",Tampa Bay Buccaneers,Baltimore Ravens,Kyle Rudolph,TAM,Tampa Bay Buccaneers,away,27,22,TE,0,0.0,0,0,0,0,0,0,0,0,0,1,0,0,0,0
2022,8,"79 degrees, relative humidity 74%, wind 4 mph",Tampa Bay Buccaneers,Baltimore Ravens,Leonard Fournette,TAM,Tampa Bay Buccaneers,away,27,22,RB,9,15.254237288135593,0,0,0,0,0,0,9,24,1,3,3,34,0,0
2022,8,"79 degrees, relative humidity 74%, wind 4 mph",Tampa Bay Buccaneers,Baltimore Ravens,Mike Evans,TAM,Tampa Bay Buccaneers,away,27,22,WR,0,0.0,0,0,0,0,0,0,0,0,0,11,6,123,0,0
2022,8,"79 degrees, relative humidity 74%, wind 4 mph",Tampa Bay Buccaneers,Baltimore Ravens,Rachaad White,TAM,Tampa Bay Buccaneers,away,27,22,RB,4,6.779661016949152,0,0,0,0,0,0,4,19,0,3,3,24,0,0
2022,8,"79 degrees, relative humidity 74%, wind 4 mph",Tampa Bay Buccaneers,Baltimore Ravens,Scott Miller,TAM,Tampa Bay Buccaneers,away,27,22,WR,0,0.0,0,0,0,0,0,0,0,0,0,2,2,13,0,0
2022,8,"79 degrees, relative humidity 74%, wind 4 mph",Tampa Bay Buccaneers,Baltimore Ravens,Tom Brady,TAM,Tampa Bay Buccaneers,away,27,22,QB,45,76.27118644067797,26,44,325,1,0,3,1,1,0,0,0,0,0,0
2022,8,,Houston Texans,Tennessee Titans,Austin Hooper,TEN,Houston Texans,away,17,10,TE,0,0.0,0,0,0,0,0,0,0,0,0,1,1,5,0,0
2022,8,,Houston Texans,Tennessee Titans,Chigoziem Okonkwo,TEN,Houston Texans,away,17,10,TE,0,0.0,0,0,0,0,0,0,0,0,0,2,1,3,0,0
2022,8,,Houston Texans,Tennessee Titans,Cody Hollister,TEN,Houston Texans,away,17,10,WR,0,0.0,0,0,0,0,0,0,0,0,0,1,0,0,0,0
2022,8,,Houston Texans,Tennessee Titans,Derrick Henry,TEN,Houston Texans,away,17,10,RB,32,58.18181818181818,0,0,0,0,0,0,32,219,2,1,1,9,0,0
2022,8,,Houston Texans,Tennessee Titans,Dontrell Hilliard,TEN,Houston Texans,away,17,10,RB,8,14.545454545454545,0,0,0,0,0,0,8,83,0,1,1,12,0,0
2022,8,,Houston Texans,Tennessee Titans,Malik Willis,TEN,Houston Texans,away,17,10,QB,15,27.27272727272727,6,10,55,0,1,3,5,12,0,0,0,0,0,0
2022,8,,Houston Texans,Tennessee Titans,Robert Woods,TEN,Houston Texans,away,17,10,WR,0,0.0,0,0,0,0,0,0,0,0,0,2,2,26,0,1
2022,8,,Indianapolis Colts,Washington Commanders,Antonio Gibson,WAS,Indianapolis Colts,away,17,16,RB,7,11.864406779661017,0,0,0,0,0,0,7,19,0,7,7,58,1,0
2022,8,,Indianapolis Colts,Washington Commanders,Armani Rogers,WAS,Indianapolis Colts,away,17,16,TE,0,0.0,0,0,0,0,0,0,0,0,0,2,1,13,0,0
2022,8,,Indianapolis Colts,Washington Commanders,Brian Robinson Jr.,WAS,Indianapolis Colts,away,17,16,RB,8,13.559322033898304,0,0,0,0,0,0,8,20,0,0,0,0,0,0
2022,8,,Indianapolis Colts,Washington Commanders,Cam Sims,WAS,Indianapolis Colts,away,17,16,WR,0,0.0,0,0,0,0,0,0,0,0,0,2,1,21,0,0
2022,8,,Indianapolis Colts,Washington Commanders,Curtis Samuel,WAS,Indianapolis Colts,away,17,16,WR,4,6.779661016949152,0,0,0,0,0,0,4,29,0,4,3,50,0,0
2022,8,,Indianapolis Colts,Washington Commanders,Dax Milne,WAS,Indianapolis Colts,away,17,16,WR,0,0.0,0,0,0,0,0,0,0,0,0,1,1,4,0,0
2022,8,,Indianapolis Colts,Washington Commanders,J.D. McKissic,WAS,Indianapolis Colts,away,17,16,RB,2,3.389830508474576,0,0,0,0,0,0,2,6,0,5,3,14,0,0
2022,8,,Indianapolis Colts,Washington Commanders,John Bates,WAS,Indianapolis Colts,away,17,16,TE,0,0.0,0,0,0,0,0,0,0,0,0,1,1,6,0,0
2022,8,,Indianapolis Colts,Washington Commanders,Taylor Heinicke,WAS,Indianapolis Colts,away,17,16,QB,37,62.71186440677966,23,31,279,1,1,2,6,29,1,0,0,0,0,0
2022,8,,Indianapolis Colts,Washington Commanders,Terry McLaurin,WAS,Indianapolis Colts,away,17,16,WR,1,1.694915254237288,0,0,0,0,0,0,1,-7,0,8,6,113,0,0
2022,9,,Arizona Cardinals,Seattle Seahawks,DeAndre Hopkins,ARI,Arizona Cardinals,away,31,21,WR,0,0.0,0,0,0,0,0,0,0,0,0,5,4,36,1,0
2022,9,,Arizona Cardinals,Seattle Seahawks,Eno Benjamin,ARI,Arizona Cardinals,away,31,21,RB,4,7.142857142857142,0,0,0,0,0,0,4,12,0,1,1,15,0,0
2022,9,,Arizona Cardinals,Seattle Seahawks,Greg Dortch,ARI,Arizona Cardinals,away,31,21,WR,1,1.7857142857142856,0,0,0,0,0,0,1,3,0,1,1,0,0,0
2022,9,,Arizona Cardinals,Seattle Seahawks,James Conner,ARI,Arizona Cardinals,away,31,21,RB,7,12.5,0,0,0,0,0,0,7,45,0,5,5,19,0,0
2022,9,,Arizona Cardinals,Seattle Seahawks,Keaontay Ingram,ARI,Arizona Cardinals,away,31,21,RB,1,1.7857142857142856,0,0,0,0,0,0,1,2,0,0,0,0,0,0
2022,9,,Arizona Cardinals,Seattle Seahawks,Kyler Murray,ARI,Arizona Cardinals,away,31,21,QB,43,76.78571428571429,25,35,175,2,0,5,8,60,0,0,0,0,0,2
2022,9,,Arizona Cardinals,Seattle Seahawks,Robbie Chosen,ARI,Arizona Cardinals,away,31,21,WR,0,0.0,0,0,0,0,0,0,0,0,0,3,1,-4,0,0
2022,9,,Arizona Cardinals,Seattle Seahawks,Rondale Moore,ARI,Arizona Cardinals,away,31,21,WR,0,0.0,0,0,0,0,0,0,0,0,0,10,8,69,0,0
2022,9,,Arizona Cardinals,Seattle Seahawks,Zach Ertz,ARI,Arizona Cardinals,away,31,21,TE,0,0.0,0,0,0,0,0,0,0,0,0,8,5,40,1,0
2022,9,,Atlanta Falcons,Los Angeles Chargers,Avery Williams,ATL,Atlanta Falcons,away,20,17,RB,0,0.0,0,0,0,0,0,0,0,0,0,1,1,2,0,0
2022,9,,Atlanta Falcons,Los Angeles Chargers,Caleb Huntley,ATL,Atlanta Falcons,away,20,17,RB,7,12.068965517241379,0,0,0,0,0,0,7,34,0,0,0,0,0,0
2022,9,,Atlanta Falcons,Los Angeles Chargers,Cordarrelle Patterson,ATL,Atlanta Falcons,away,20,17,RB,13,22.413793103448278,0,0,0,0,0,0,13,44,2,1,1,9,0,0
2022,9,,Atlanta Falcons,Los Angeles Chargers,Damiere Byrd,ATL,Atlanta Falcons,away,20,17,WR,0,0.0,0,0,0,0,0,0,0,0,0,1,0,0,0,0
2022,9,,Atlanta Falcons,Los Angeles Chargers,Drake London,ATL,Atlanta Falcons,away,20,17,WR,0,0.0,0,0,0,0,0,0,0,0,0,7,3,23,0,1
2022,9,,Atlanta Falcons,Los Angeles Chargers,KhaDarel Hodge,ATL,Atlanta Falcons,away,20,17,WR,0,0.0,0,0,0,0,0,0,0,0,0,2,1,19,0,0
2022,9,,Atlanta Falcons,Los Angeles Chargers,Kyle Pitts,ATL,Atlanta Falcons,away,20,17,TE,0,0.0,0,0,0,0,0,0,0,0,0,7,2,27,0,0
2022,9,,Atlanta Falcons,Los Angeles Chargers,Marcus Mariota,ATL,Atlanta Falcons,away,20,17,QB,28,48.275862068965516,12,23,129,0,0,2,5,24,0,0,0,0,0,0
2022,9,,Atlanta Falcons,Los Angeles Chargers,MyCole Pruitt,ATL,Atlanta Falcons,away,20,17,TE,0,0.0,0,0,0,0,0,0,0,0,0,1,1,6,0,0
2022,9,,Atlanta Falcons,Los Angeles Chargers,Olamide Zaccheaus,ATL,Atlanta Falcons,away,20,17,WR,0,0.0,0,0,0,0,0,0,0,0,0,2,2,19,0,0
2022,9,,Atlanta Falcons,Los Angeles Chargers,Tyler Allgeier,ATL,Atlanta Falcons,away,20,17,RB,10,17.24137931034483,0,0,0,0,0,0,10,99,0,1,1,24,0,0
2022,9,,New Orleans Saints,Baltimore Ravens,DeSean Jackson,BAL,New Orleans Saints,away,27,13,WR,0,0.0,0,0,0,0,0,0,0,0,0,2,1,16,0,0
2022,9,,New Orleans Saints,Baltimore Ravens,Demarcus Robinson,BAL,New Orleans Saints,away,27,13,WR,0,0.0,0,0,0,0,0,0,0,0,0,4,1,12,0,0
2022,9,,New Orleans Saints,Baltimore Ravens,Devin Duvernay,BAL,New Orleans Saints,away,27,13,WR,0,0.0,0,0,0,0,0,0,0,0,0,1,1,5,0,0
2022,9,,New Orleans Saints,Baltimore Ravens,Isaiah Likely,BAL,New Orleans Saints,away,27,13,TE,0,0.0,0,0,0,0,0,0,0,0,0,5,1,24,1,0
2022,9,,New Orleans Saints,Baltimore Ravens,James Proche,BAL,New Orleans Saints,away,27,13,WR,0,0.0,0,0,0,0,0,0,0,0,0,2,2,22,0,0
2022,9,,New Orleans Saints,Baltimore Ravens,Josh Oliver,BAL,New Orleans Saints,away,27,13,TE,0,0.0,0,0,0,0,0,0,0,0,0,3,1,19,0,0
2022,9,,New Orleans Saints,Baltimore Ravens,Justice Hill,BAL,New Orleans Saints,away,27,13,RB,4,6.451612903225806,0,0,0,0,0,0,4,11,0,1,1,8,0,0
2022,9,,New Orleans Saints,Baltimore Ravens,Kenyan Drake,BAL,New Orleans Saints,away,27,13,RB,24,38.70967741935484,0,0,0,0,0,0,24,93,2,2,2,16,0,0
2022,9,,New Orleans Saints,Baltimore Ravens,Lamar Jackson,BAL,New Orleans Saints,away,27,13,QB,33,53.2258064516129,12,22,133,1,0,3,11,82,0,0,0,0,0,1
2022,9,,New Orleans Saints,Baltimore Ravens,Mike Davis,BAL,New Orleans Saints,away,27,13,RB,0,0.0,0,0,0,0,0,0,0,0,0,1,1,7,0,0
2022,9,,New Orleans Saints,Baltimore Ravens,Patrick Ricard,BAL,New Orleans Saints,away,27,13,FB,1,1.6129032258064515,0,0,0,0,0,0,1,2,0,1,1,4,0,0
2022,9,"69 degrees, relative humidity 81%, wind 17 mph",Buffalo Bills,New York Jets,Dawson Knox,BUF,Buffalo Bills,away,20,17,TE,0,0.0,0,0,0,0,0,0,0,0,0,4,3,25,0,0
2022,9,"69 degrees, relative humidity 81%, wind 17 mph",Buffalo Bills,New York Jets,Devin Singletary,BUF,Buffalo Bills,away,20,17,RB,8,14.285714285714285,0,0,0,0,0,0,8,24,0,5,4,24,0,0
2022,9,"69 degrees, relative humidity 81%, wind 17 mph",Buffalo Bills,New York Jets,Gabriel Davis,BUF,Buffalo Bills,away,20,17,WR,0,0.0,0,0,0,0,0,0,0,0,0,5,2,33,0,0
2022,9,"69 degrees, relative humidity 81%, wind 17 mph",Buffalo Bills,New York Jets,Isaiah McKenzie,BUF,Buffalo Bills,away,20,17,WR,1,1.7857142857142856,0,0,0,0,0,0,1,9,0,3,2,12,0,0
2022,9,"69 degrees, relative humidity 81%, wind 17 mph",Buffalo Bills,New York Jets,Jake Kumerow,BUF,Buffalo Bills,away,20,17,WR,0,0.0,0,0,0,0,0,0,0,0,0,1,0,0,0,0
2022,9,"69 degrees, relative humidity 81%, wind 17 mph",Buffalo Bills,New York Jets,James Cook,BUF,Buffalo Bills,away,20,17,RB,4,7.142857142857142,0,0,0,0,0,0,4,15,0,4,2,18,0,0
2022,9,"69 degrees, relative humidity 81%, wind 17 mph",Buffalo Bills,New York Jets,Josh Allen,BUF,Buffalo Bills,away,20,17,QB,43,76.78571428571429,18,34,205,0,2,5,9,86,2,0,0,0,0,2
2022,9,"69 degrees, relative humidity 81%, wind 17 mph",Buffalo Bills,New York Jets,Nyheim Hines,BUF,Buffalo Bills,away,20,17,RB,0,0.0,0,0,0,0,0,0,0,0,0,1,0,0,0,0
2022,9,"69 degrees, relative humidity 81%, wind 17 mph",Buffalo Bills,New York Jets,Stefon Diggs,BUF,Buffalo Bills,away,20,17,WR,0,0.0,0,0,0,0,0,0,0,0,0,10,5,93,0,0
2022,9,"68 degrees, relative humidity 57%, wind 11 mph",Carolina Panthers,Cincinnati Bengals,Baker Mayfield,CAR,Carolina Panthers,away,42,21,QB,20,41.66666666666667,14,20,155,2,0,0,0,0,0,0,0,0,0,0
2022,9,"68 degrees, relative humidity 57%, wind 11 mph",Carolina Panthers,Cincinnati Bengals,D'Onta Foreman,CAR,Carolina Panthers,away,42,21,RB,7,14.583333333333334,0,0,0,0,0,0,7,23,0,3,2,-2,0,0
2022,9,"68 degrees, relative humidity 57%, wind 11 mph",Carolina Panthers,Cincinnati Bengals,D.J. Moore,CAR,Carolina Panthers,away,42,21,WR,0,0.0,0,0,0,0,0,0,0,0,0,6,2,24,0,0
2022,9,"68 degrees, relative humidity 57%, wind 11 mph",Carolina Panthers,Cincinnati Bengals,Giovanni Ricci,CAR,Carolina Panthers,away,42,21,TE,0,0.0,0,0,0,0,0,0,0,0,0,1,1,8,0,0
2022,9,"68 degrees, relative humidity 57%, wind 11 mph",Carolina Panthers,Cincinnati Bengals,Laviska Shenault Jr.,CAR,Carolina Panthers,away,42,21,WR,2,4.166666666666666,0,0,0,0,0,0,2,6,0,1,0,0,0,0
2022,9,"68 degrees, relative humidity 57%, wind 11 mph",Carolina Panthers,Cincinnati Bengals,P.J. Walker,CAR,Carolina Panthers,away,42,21,QB,11,22.916666666666664,3,10,9,0,2,0,1,6,0,0,0,0,0,0
2022,9,"68 degrees, relative humidity 57%, wind 11 mph",Carolina Panthers,Cincinnati Bengals,Raheem Blackshear,CAR,Carolina Panthers,away,42,21,RB,5,10.416666666666668,0,0,0,0,0,0,5,13,1,4,4,40,0,0
2022,9,"68 degrees, relative humidity 57%, wind 11 mph",Carolina Panthers,Cincinnati Bengals,Shi Smith,CAR,Carolina Panthers,away,42,21,WR,0,0.0,0,0,0,0,0,0,0,0,0,2,1,20,0,0
2022,9,"68 degrees, relative humidity 57%, wind 11 mph",Carolina Panthers,Cincinnati Bengals,Spencer Brown,CAR,Carolina Panthers,away,42,21,RB,3,6.25,0,0,0,0,0,0,3,16,0,3,2,10,0,0
2022,9,"68 degrees, relative humidity 57%, wind 11 mph",Carolina Panthers,Cincinnati Bengals,Terrace Marshall Jr.,CAR,Carolina Panthers,away,42,21,WR,0,0.0,0,0,0,0,0,0,0,0,0,6,3,53,1,0
2022,9,"68 degrees, relative humidity 57%, wind 11 mph",Carolina Panthers,Cincinnati Bengals,Tommy Tremble,CAR,Carolina Panthers,away,42,21,TE,0,0.0,0,0,0,0,0,0,0,0,0,4,2,11,1,1
2022,9,"58 degrees, relative humidity 55%, wind 17 mph",Chicago Bears,Miami Dolphins,Chase Claypool,CHI,Chicago Bears,away,35,32,WR,1,1.4705882352941175,0,0,0,0,0,0,1,4,0,6,2,13,0,0
2022,9,"58 degrees, relative humidity 55%, wind 17 mph",Chicago Bears,Miami Dolphins,Cole Kmet,CHI,Chicago Bears,away,35,32,TE,2,2.941176470588235,0,0,0,0,0,0,2,9,0,6,5,41,2,0
2022,9,"58 degrees, relative humidity 55%, wind 17 mph",Chicago Bears,Miami Dolphins,Dante Pettis,CHI,Chicago Bears,away,35,32,WR,0,0.0,0,0,0,0,0,0,0,0,0,1,1,12,0,0
2022,9,"58 degrees, relative humidity 55%, wind 17 mph",Chicago Bears,Miami Dolphins,Darnell Mooney,CHI,Chicago Bears,away,35,32,WR,1,1.4705882352941175,0,0,0,0,0,0,1,2,0,8,7,43,1,0
2022,9,"58 degrees, relative humidity 55%, wind 17 mph",Chicago Bears,Miami Dolphins,David Montgomery,CHI,Chicago Bears,away,35,32,RB,14,20.588235294117645,0,0,0,0,0,0,14,36,0,2,1,8,0,0
2022,9,"58 degrees, relative humidity 55%, wind 17 mph",Chicago Bears,Miami Dolphins,Equanimeous St. Brown,CHI,Chicago Bears,away,35,32,WR,0,0.0,0,0,0,0,0,0,0,0,0,2,0,0,0,0
2022,9,"58 degrees, relative humidity 55%, wind 17 mph",Chicago Bears,Miami Dolphins,Justin Fields,CHI,Chicago Bears,away,35,32,QB,43,63.23529411764706,17,28,123,3,0,2,15,178,1,0,0,0,0,0
2022,9,"58 degrees, relative humidity 55%, wind 17 mph",Chicago Bears,Miami Dolphins,Khalil Herbert,CHI,Chicago Bears,away,35,32,RB,7,10.294117647058822,0,0,0,0,0,0,7,23,0,0,0,0,0,0
2022,9,"58 degrees, relative humidity 55%, wind 17 mph",Chicago Bears,Miami Dolphins,N'Keal Harry,CHI,Chicago Bears,away,35,32,WR,0,0.0,0,0,0,0,0,0,0,0,0,2,1,6,0,0
2022,9,"68 degrees, relative humidity 57%, wind 11 mph",Carolina Panthers,Cincinnati Bengals,Brandon Allen,CIN,Carolina Panthers,away,42,21,QB,6,8.571428571428571,3,3,22,0,0,1,3,-1,0,0,0,0,0,0
2022,9,"68 degrees, relative humidity 57%, wind 11 mph",Carolina Panthers,Cincinnati Bengals,Devin Asiasi,CIN,Carolina Panthers,away,42,21,TE,0,0.0,0,0,0,0,0,0,0,0,0,1,0,0,0,0
2022,9,"68 degrees, relative humidity 57%, wind 11 mph",Carolina Panthers,Cincinnati Bengals,Hayden Hurst,CIN,Carolina Panthers,away,42,21,TE,0,0.0,0,0,0,0,0,0,0,0,0,5,5,35,0,0
2022,9,"68 degrees, relative humidity 57%, wind 11 mph",Carolina Panthers,Cincinnati Bengals,Joe Burrow,CIN,Carolina Panthers,away,42,21,QB,32,45.714285714285715,22,28,206,1,0,1,4,9,1,0,0,0,0,0
2022,9,"68 degrees, relative humidity 57%, wind 11 mph",Carolina Panthers,Cincinnati Bengals,Joe Mixon,CIN,Carolina Panthers,away,42,21,RB,22,31.428571428571427,0,0,0,0,0,0,22,153,4,5,4,58,1,0
2022,9,"68 degrees, relative humidity 57%, wind 11 mph",Carolina Panthers,Cincinnati Bengals,Samaje Perine,CIN,Carolina Panthers,away,42,21,RB,6,8.571428571428571,0,0,0,0,0,0,6,51,0,2,1,3,0,0
2022,9,"68 degrees, relative humidity 57%, wind 11 mph",Carolina Panthers,Cincinnati Bengals,Tee Higgins,CIN,Carolina Panthers,away,42,21,WR,0,0.0,0,0,0,0,0,0,0,0,0,8,7,60,0,0
2022,9,"68 degrees, relative humidity 57%, wind 11 mph",Carolina Panthers,Cincinnati Bengals,Trent Taylor,CIN,Carolina Panthers,away,42,21,WR,3,4.285714285714286,0,0,0,0,0,0,3,18,0,2,2,14,0,1
2022,9,"68 degrees, relative humidity 57%, wind 11 mph",Carolina Panthers,Cincinnati Bengals,Trenton Irwin,CIN,Carolina Panthers,away,42,21,WR,1,1.4285714285714286,0,0,0,0,0,0,1,11,0,1,1,14,0,0
2022,9,"68 degrees, relative humidity 57%, wind 11 mph",Carolina Panthers,Cincinnati Bengals,Tyler Boyd,CIN,Carolina Panthers,away,42,21,WR,0,0.0,0,0,0,0,0,0,0,0,0,6,5,44,0,0
2022,9,,Green Bay Packers,Detroit Lions,Amon-Ra St. Brown,DET,Green Bay Packers,away,15,9,WR,0,0.0,0,0,0,0,0,0,0,0,0,9,4,55,0,0
2022,9,,Green Bay Packers,Detroit Lions,Brock Wright,DET,Green Bay Packers,away,15,9,TE,0,0.0,0,0,0,0,0,0,0,0,0,1,0,0,0,0
2022,9,,Green Bay Packers,Detroit Lions,D'Andre Swift,DET,Green Bay Packers,away,15,9,RB,2,3.508771929824561,0,0,0,0,0,0,2,10,0,4,3,40,0,0
2022,9,,Green Bay Packers,Detroit Lions,Jamaal Williams,DET,Green Bay Packers,away,15,9,RB,24,42.10526315789473,0,0,0,0,0,0,24,81,0,0,0,0,0,0
2022,9,,Green Bay Packers,Detroit Lions,James Mitchell,DET,Green Bay Packers,away,15,9,TE,0,0.0,0,0,0,0,0,0,0,0,0,2,2,8,1,0
2022,9,,Green Bay Packers,Detroit Lions,Jared Goff,DET,Green Bay Packers,away,15,9,QB,27,47.368421052631575,14,26,137,2,1,0,1,-1,0,0,0,0,0,0
2022,9,,Green Bay Packers,Detroit Lions,Justin Jackson,DET,Green Bay Packers,away,15,9,RB,4,7.017543859649122,0,0,0,0,0,0,4,27,0,0,0,0,0,0
2022,9,,Green Bay Packers,Detroit Lions,Kalif Raymond,DET,Green Bay Packers,away,15,9,WR,0,0.0,0,0,0,0,0,0,0,0,0,3,3,17,0,0
2022,9,,Green Bay Packers,Detroit Lions,Shane Zylstra,DET,Green Bay Packers,away,15,9,TE,0,0.0,0,0,0,0,0,0,0,0,0,1,1,1,1,0
2022,9,,Green Bay Packers,Detroit Lions,Tom Kennedy,DET,Green Bay Packers,away,15,9,WR,0,0.0,0,0,0,0,0,0,0,0,0,4,1,16,0,0
2022,9,,Green Bay Packers,Detroit Lions,AJ Dillon,GNB,Green Bay Packers,away,15,9,RB,11,16.176470588235293,0,0,0,0,0,0,11,34,0,4,2,10,0,1
2022,9,,Green Bay Packers,Detroit Lions,Aaron Jones,GNB,Green Bay Packers,away,15,9,RB,9,13.23529411764706,0,0,0,0,0,0,9,25,0,2,2,20,0,0
2022,9,,Green Bay Packers,Detroit Lions,Aaron Rodgers,GNB,Green Bay Packers,away,15,9,QB,47,69.11764705882352,23,43,291,1,3,1,4,40,0,0,0,0,0,0
2022,9,,Green Bay Packers,Detroit Lions,Allen Lazard,GNB,Green Bay Packers,away,15,9,WR,0,0.0,0,0,0,0,0,0,0,0,0,10,4,87,1,0
2022,9,,Green Bay Packers,Detroit Lions,Amari Rodgers,GNB,Green Bay Packers,away,15,9,WR,0,0.0,0,0,0,0,0,0,0,0,0,1,0,0,0,0
2022,9,,Green Bay Packers,Detroit Lions,Christian Watson,GNB,Green Bay Packers,away,15,9,WR,0,0.0,0,0,0,0,0,0,0,0,0,2,2,24,0,0
2022,9,,Green Bay Packers,Detroit Lions,David Bakhtiari,GNB,Green Bay Packers,away,15,9,T,0,0.0,0,0,0,0,0,0,0,0,0,1,0,0,0,0
2022,9,,Green Bay Packers,Detroit Lions,Josiah Deguara,GNB,Green Bay Packers,away,15,9,TE,0,0.0,0,0,0,0,0,0,0,0,0,5,5,41,0,0
2022,9,,Green Bay Packers,Detroit Lions,Kylin Hill,GNB,Green Bay Packers,away,15,9,RB,1,1.4705882352941175,0,0,0,0,0,0,1,7,0,0,0,0,0,0
2022,9,,Green Bay Packers,Detroit Lions,Marcedes Lewis,GNB,Green Bay Packers,away,15,9,TE,0,0.0,0,0,0,0,0,0,0,0,0,1,1,19,0,0
2022,9,,Green Bay Packers,Detroit Lions,Robert Tonyan,GNB,Green Bay Packers,away,15,9,TE,0,0.0,0,0,0,0,0,0,0,0,0,4,3,29,0,0
2022,9,,Green Bay Packers,Detroit Lions,Romeo Doubs,GNB,Green Bay Packers,away,15,9,WR,0,0.0,0,0,0,0,0,0,0,0,0,1,1,18,0,0
2022,9,,Green Bay Packers,Detroit Lions,Sammy Watkins,GNB,Green Bay Packers,away,15,9,WR,0,0.0,0,0,0,0,0,0,0,0,0,5,1,9,0,0
2022,9,,Green Bay Packers,Detroit Lions,Samori Toure,GNB,Green Bay Packers,away,15,9,WR,0,0.0,0,0,0,0,0,0,0,0,0,4,2,34,0,1
2022,9,,Houston Texans,Philadelphia Eagles,Brevin Jordan,HOU,Houston Texans,away,29,17,TE,0,0.0,0,0,0,0,0,0,0,0,0,2,1,5,0,0
2022,9,,Houston Texans,Philadelphia Eagles,Chris Moore,HOU,Houston Texans,away,29,17,WR,1,1.8518518518518516,0,0,0,0,0,0,1,2,0,5,4,43,1,0
2022,9,,Houston Texans,Philadelphia Eagles,Dameon Pierce,HOU,Houston Texans,away,29,17,RB,27,50.0,0,0,0,0,0,0,27,139,0,0,0,0,0,0
2022,9,,Houston Texans,Philadelphia Eagles,Davis Mills,HOU,Houston Texans,away,29,17,QB,25,46.2962962962963,13,22,154,2,2,3,3,18,0,0,0,0,0,0
2022,9,,Houston Texans,Philadelphia Eagles,Jalen Camp,HOU,Houston Texans,away,29,17,WR,0,0.0,0,0,0,0,0,0,0,0,0,1,1,7,0,0
2022,9,,Houston Texans,Philadelphia Eagles,Jordan Akins,HOU,Houston Texans,away,29,17,TE,0,0.0,0,0,0,0,0,0,0,0,0,1,0,0,0,0
2022,9,,Houston Texans,Philadelphia Eagles,O.J. Howard,HOU,Houston Texans,away,29,17,TE,0,0.0,0,0,0,0,0,0,0,0,0,2,1,14,0,0
2022,9,,Houston Texans,Philadelphia Eagles,Phillip Dorsett,HOU,Houston Texans,away,29,17,WR,0,0.0,0,0,0,0,0,0,0,0,0,5,3,69,0,0
2022,9,,Houston Texans,Philadelphia Eagles,Rex Burkhead,HOU,Houston Texans,away,29,17,RB,1,1.8518518518518516,0,0,0,0,0,0,1,9,0,2,1,6,0,0
2022,9,,Houston Texans,Philadelphia Eagles,Teagan Quitoriano,HOU,Houston Texans,away,29,17,TE,0,0.0,0,0,0,0,0,0,0,0,0,1,1,2,1,0
2022,9,,Houston Texans,Philadelphia Eagles,Troy Hairston,HOU,Houston Texans,away,29,17,FB,0,0.0,0,0,0,0,0,0,0,0,0,1,0,0,0,0
2022,9,,Houston Texans,Philadelphia Eagles,Tyron Johnson,HOU,Houston Texans,away,29,17,WR,0,0.0,0,0,0,0,0,0,0,0,0,1,1,8,0,0
2022,9,"78 degrees, relative humidity 56%, wind 13 mph",Indianapolis Colts,New England Patriots,Alec Pierce,IND,Indianapolis Colts,away,26,3,WR,0,0.0,0,0,0,0,0,0,0,0,0,2,1,23,0,0
2022,9,"78 degrees, relative humidity 56%, wind 13 mph",Indianapolis Colts,New England Patriots,Deon Jackson,IND,Indianapolis Colts,away,26,3,RB,11,21.568627450980394,0,0,0,0,0,0,11,23,0,3,2,13,0,0
2022,9,"78 degrees, relative humidity 56%, wind 13 mph",Indianapolis Colts,New England Patriots,Jelani Woods,IND,Indianapolis Colts,away,26,3,TE,0,0.0,0,0,0,0,0,0,0,0,0,3,1,2,0,0
2022,9,"78 degrees, relative humidity 56%, wind 13 mph",Indianapolis Colts,New England Patriots,Jordan Wilkins,IND,Indianapolis Colts,away,26,3,RB,3,5.88235294117647,0,0,0,0,0,0,3,13,0,5,4,15,0,0
2022,9,"78 degrees, relative humidity 56%, wind 13 mph",Indianapolis Colts,New England Patriots,Kylen Granson,IND,Indianapolis Colts,away,26,3,TE,1,1.9607843137254901,0,0,0,0,0,0,1,0,0,1,0,0,0,0
2022,9,"78 degrees, relative humidity 56%, wind 13 mph",Indianapolis Colts,New England Patriots,Michael Pittman Jr.,IND,Indianapolis Colts,away,26,3,WR,0,0.0,0,0,0,0,0,0,0,0,0,6,3,22,0,0
2022,9,"78 degrees, relative humidity 56%, wind 13 mph",Indianapolis Colts,New England Patriots,Mo Alie-Cox,IND,Indianapolis Colts,away,26,3,TE,0,0.0,0,0,0,0,0,0,0,0,0,2,2,13,0,0
2022,9,"78 degrees, relative humidity 56%, wind 13 mph",Indianapolis Colts,New England Patriots,Parris Campbell,IND,Indianapolis Colts,away,26,3,WR,1,1.9607843137254901,0,0,0,0,0,0,1,1,0,5,2,15,0,0
2022,9,"78 degrees, relative humidity 56%, wind 13 mph",Indianapolis Colts,New England Patriots,Phillip Lindsay,IND,Indianapolis Colts,away,26,3,RB,1,1.9607843137254901,0,0,0,0,0,0,1,2,0,1,0,0,0,0
2022,9,"78 degrees, relative humidity 56%, wind 13 mph",Indianapolis Colts,New England Patriots,Sam Ehlinger,IND,Indianapolis Colts,away,26,3,QB,34,66.66666666666666,15,29,103,0,1,9,5,39,0,0,0,0,0,0
2022,9,"81 degrees, relative humidity 72%, wind 14 mph",Las Vegas Raiders,Jacksonville Jaguars,Chris Manhertz,JAX,Las Vegas Raiders,away,27,20,TE,0,0.0,0,0,0,0,0,0,0,0,0,2,1,7,0,0
2022,9,"81 degrees, relative humidity 72%, wind 14 mph",Las Vegas Raiders,Jacksonville Jaguars,Christian Kirk,JAX,Las Vegas Raiders,away,27,20,WR,0,0.0,0,0,0,0,0,0,0,0,0,9,8,76,1,0
2022,9,"81 degrees, relative humidity 72%, wind 14 mph",Las Vegas Raiders,Jacksonville Jaguars,Dan Arnold,JAX,Las Vegas Raiders,away,27,20,TE,0,0.0,0,0,0,0,0,0,0,0,0,1,1,19,0,0
2022,9,"81 degrees, relative humidity 72%, wind 14 mph",Las Vegas Raiders,Jacksonville Jaguars,Evan Engram,JAX,Las Vegas Raiders,away,27,20,TE,0,0.0,0,0,0,0,0,0,0,0,0,2,1,8,0,0
2022,9,"81 degrees, relative humidity 72%, wind 14 mph",Las Vegas Raiders,Jacksonville Jaguars,Jamycal Hasty,JAX,Las Vegas Raiders,away,27,20,RB,3,4.411764705882353,0,0,0,0,0,0,3,6,0,1,1,5,0,0
2022,9,"81 degrees, relative humidity 72%, wind 14 mph",Las Vegas Raiders,Jacksonville Jaguars,Luke Farrell,JAX,Las Vegas Raiders,away,27,20,TE,0,0.0,0,0,0,0,0,0,0,0,0,1,1,15,0,0
2022,9,"81 degrees, relative humidity 72%, wind 14 mph",Las Vegas Raiders,Jacksonville Jaguars,Marvin Jones,JAX,Las Vegas Raiders,away,27,20,WR,0,0.0,0,0,0,0,0,0,0,0,0,6,5,48,0,0
2022,9,"81 degrees, relative humidity 72%, wind 14 mph",Las Vegas Raiders,Jacksonville Jaguars,Travis Etienne,JAX,Las Vegas Raiders,away,27,20,RB,28,41.17647058823529,0,0,0,0,0,0,28,109,2,2,2,17,0,0
2022,9,"81 degrees, relative humidity 72%, wind 14 mph",Las Vegas Raiders,Jacksonville Jaguars,Trevor Lawrence,JAX,Las Vegas Raiders,away,27,20,QB,37,54.41176470588235,25,31,235,1,0,0,6,53,0,0,0,0,0,1
2022,9,"81 degrees, relative humidity 72%, wind 14 mph",Las Vegas Raiders,Jacksonville Jaguars,Zay Jones,JAX,Las Vegas Raiders,away,27,20,WR,0,0.0,0,0,0,0,0,0,0,0,0,5,5,40,0,0
2022,9,"54 degrees, relative humidity 61%, wind 7 mph",Tennessee Titans,Kansas City Chiefs,Clyde Edwards-Helaire,KAN,Tennessee Titans,away,20,17,RB,4,4.597701149425287,0,0,0,0,0,0,4,5,0,2,1,14,0,0
2022,9,"54 degrees, relative humidity 61%, wind 7 mph",Tennessee Titans,Kansas City Chiefs,Isiah Pacheco,KAN,Tennessee Titans,away,20,17,RB,5,5.747126436781609,0,0,0,0,0,0,5,5,0,1,1,4,0,0
2022,9,"54 degrees, relative humidity 61%, wind 7 mph",Tennessee Titans,Kansas City Chiefs,Jerick McKinnon,KAN,Tennessee Titans,away,20,17,RB,3,3.4482758620689653,0,0,0,0,0,0,3,4,0,8,6,40,0,0
2022,9,"54 degrees, relative humidity 61%, wind 7 mph",Tennessee Titans,Kansas City Chiefs,JuJu Smith-Schuster,KAN,Tennessee Titans,away,20,17,WR,0,0.0,0,0,0,0,0,0,0,0,0,12,10,88,0,0
2022,9,"54 degrees, relative humidity 61%, wind 7 mph",Tennessee Titans,Kansas City Chiefs,Justin Watson,KAN,Tennessee Titans,away,20,17,WR,0,0.0,0,0,0,0,0,0,0,0,0,5,2,37,0,0
2022,9,"54 degrees, relative humidity 61%, wind 7 mph",Tennessee Titans,Kansas City Chiefs,Kadarius Toney,KAN,Tennessee Titans,away,20,17,WR,0,0.0,0,0,0,0,0,0,0,0,0,2,2,12,0,0
2022,9,"54 degrees, relative humidity 61%, wind 7 mph",Tennessee Titans,Kansas City Chiefs,Marquez Valdes-Scantling,KAN,Tennessee Titans,away,20,17,WR,0,0.0,0,0,0,0,0,0,0,0,0,1,1,12,0,0
2022,9,"54 degrees, relative humidity 61%, wind 7 mph",Tennessee Titans,Kansas City Chiefs,Mecole Hardman,KAN,Tennessee Titans,away,20,17,WR,0,0.0,0,0,0,0,0,0,0,0,0,9,6,79,1,0
2022,9,"54 degrees, relative humidity 61%, wind 7 mph",Tennessee Titans,Kansas City Chiefs,Michael Burton,KAN,Tennessee Titans,away,20,17,FB,1,1.1494252873563218,0,0,0,0,0,0,1,0,0,1,1,9,0,0
2022,9,"54 degrees, relative humidity 61%, wind 7 mph",Tennessee Titans,Kansas City Chiefs,Noah Gray,KAN,Tennessee Titans,away,20,17,TE,0,0.0,0,0,0,0,0,0,0,0,0,3,3,45,0,0
2022,9,"54 degrees, relative humidity 61%, wind 7 mph",Tennessee Titans,Kansas City Chiefs,Patrick Mahomes,KAN,Tennessee Titans,away,20,17,QB,74,85.0574712643678,43,68,446,1,1,4,6,63,1,0,0,0,0,0
2022,9,"54 degrees, relative humidity 61%, wind 7 mph",Tennessee Titans,Kansas City Chiefs,Skyy Moore,KAN,Tennessee Titans,away,20,17,WR,0,0.0,0,0,0,0,0,0,0,0,0,1,0,0,0,0
2022,9,"54 degrees, relative humidity 61%, wind 7 mph",Tennessee Titans,Kansas City Chiefs,Travis Kelce,KAN,Tennessee Titans,away,20,17,TE,0,0.0,0,0,0,0,0,0,0,0,0,17,10,106,0,0
2022,9,,Atlanta Falcons,Los Angeles Chargers,Austin Ekeler,LAC,Atlanta Falcons,away,20,17,RB,14,20.8955223880597,0,0,0,0,0,0,14,47,1,8,7,24,1,1
2022,9,,Atlanta Falcons,Los Angeles Chargers,DeAndre Carter,LAC,Atlanta Falcons,away,20,17,WR,0,0.0,0,0,0,0,0,0,0,0,0,6,5,53,0,0
2022,9,,Atlanta Falcons,Los Angeles Chargers,Gerald Everett,LAC,Atlanta Falcons,away,20,17,TE,1,1.4925373134328357,0,0,0,0,0,0,1,0,0,8,5,36,0,0
2022,9,,Atlanta Falcons,Los Angeles Chargers,Isaiah Spiller,LAC,Atlanta Falcons,away,20,17,RB,7,10.44776119402985,0,0,0,0,0,0,7,29,0,0,0,0,0,0
2022,9,,Atlanta Falcons,Los Angeles Chargers,Josh Palmer,LAC,Atlanta Falcons,away,20,17,WR,0,0.0,0,0,0,0,0,0,0,0,0,10,8,106,0,0
2022,9,,Atlanta Falcons,Los Angeles Chargers,Justin Herbert,LAC,Atlanta Falcons,away,20,17,QB,44,65.67164179104478,30,43,245,1,1,0,1,3,0,0,0,0,0,0
2022,9,,Atlanta Falcons,Los Angeles Chargers,Michael Bandy,LAC,Atlanta Falcons,away,20,17,WR,0,0.0,0,0,0,0,0,0,0,0,0,8,5,26,0,0
2022,9,,Atlanta Falcons,Los Angeles Chargers,Richard Rodgers,LAC,Atlanta Falcons,away,20,17,TE,0,0.0,0,0,0,0,0,0,0,0,0,2,0,0,0,0
2022,9,,Atlanta Falcons,Los Angeles Chargers,Sony Michel,LAC,Atlanta Falcons,away,20,17,RB,1,1.4925373134328357,0,0,0,0,0,0,1,12,0,1,0,0,0,0
2022,9,"88 degrees, relative humidity 57%, wind 2 mph",Los Angeles Rams,Tampa Bay Buccaneers,Allen Robinson,LAR,Los Angeles Rams,away,16,13,WR,0,0.0,0,0,0,0,0,0,0,0,0,5,3,24,0,0
2022,9,"88 degrees, relative humidity 57%, wind 2 mph",Los Angeles Rams,Tampa Bay Buccaneers,Ben Skowronek,LAR,Los Angeles Rams,away,16,13,WR,0,0.0,0,0,0,0,0,0,0,0,0,2,0,0,0,0
2022,9,"88 degrees, relative humidity 57%, wind 2 mph",Los Angeles Rams,Tampa Bay Buccaneers,Brandon Powell,LAR,Los Angeles Rams,away,16,13,WR,0,0.0,0,0,0,0,0,0,0,0,0,1,1,4,0,1
2022,9,"88 degrees, relative humidity 57%, wind 2 mph",Los Angeles Rams,Tampa Bay Buccaneers,Brycen Hopkins,LAR,Los Angeles Rams,away,16,13,TE,0,0.0,0,0,0,0,0,0,0,0,0,1,0,0,0,0
2022,9,"88 degrees, relative humidity 57%, wind 2 mph",Los Angeles Rams,Tampa Bay Buccaneers,Cam Akers,LAR,Los Angeles Rams,away,16,13,RB,5,9.803921568627452,0,0,0,0,0,0,5,3,0,0,0,0,0,0
2022,9,"88 degrees, relative humidity 57%, wind 2 mph",Los Angeles Rams,Tampa Bay Buccaneers,Cooper Kupp,LAR,Los Angeles Rams,away,16,13,WR,3,5.88235294117647,0,0,0,0,0,0,3,1,0,9,8,127,1,1
2022,9,"88 degrees, relative humidity 57%, wind 2 mph",Los Angeles Rams,Tampa Bay Buccaneers,Darrell Henderson,LAR,Los Angeles Rams,away,16,13,RB,12,23.52941176470588,0,0,0,0,0,0,12,56,0,1,0,0,0,0
2022,9,"88 degrees, relative humidity 57%, wind 2 mph",Los Angeles Rams,Tampa Bay Buccaneers,Malcolm Brown,LAR,Los Angeles Rams,away,16,13,RB,2,3.9215686274509802,0,0,0,0,0,0,2,9,0,1,1,10,0,0
2022,9,"88 degrees, relative humidity 57%, wind 2 mph",Los Angeles Rams,Tampa Bay Buccaneers,Matthew Stafford,LAR,Los Angeles Rams,away,16,13,QB,29,56.86274509803921,13,27,165,1,0,4,2,-1,0,0,0,0,0,1
2022,9,"88 degrees, relative humidity 57%, wind 2 mph",Los Angeles Rams,Tampa Bay Buccaneers,Tyler Higbee,LAR,Los Angeles Rams,away,16,13,TE,0,0.0,0,0,0,0,0,0,0,0,0,1,0,0,0,0
2022,9,"88 degrees, relative humidity 57%, wind 2 mph",Los Angeles Rams,Tampa Bay Buccaneers,Van Jefferson,LAR,Los Angeles Rams,away,16,13,WR,0,0.0,0,0,0,0,0,0,0,0,0,5,0,0,0,0
2022,9,"81 degrees, relative humidity 72%, wind 14 mph",Las Vegas Raiders,Jacksonville Jaguars,Ameer Abdullah,LVR,Las Vegas Raiders,away,27,20,RB,0,0.0,0,0,0,0,0,0,0,0,0,3,1,8,0,0
2022,9,"81 degrees, relative humidity 72%, wind 14 mph",Las Vegas Raiders,Jacksonville Jaguars,Brandon Bolden,LVR,Las Vegas Raiders,away,27,20,RB,1,1.8181818181818181,0,0,0,0,0,0,1,5,0,0,0,0,0,0
2022,9,"81 degrees, relative humidity 72%, wind 14 mph",Las Vegas Raiders,Jacksonville Jaguars,Davante Adams,LVR,Las Vegas Raiders,away,27,20,WR,0,0.0,0,0,0,0,0,0,0,0,0,17,10,146,2,0
2022,9,"81 degrees, relative humidity 72%, wind 14 mph",Las Vegas Raiders,Jacksonville Jaguars,Derek Carr,LVR,Las Vegas Raiders,away,27,20,QB,36,65.45454545454545,21,36,259,2,0,2,0,0,0,0,0,0,0,0
2022,9,"81 degrees, relative humidity 72%, wind 14 mph",Las Vegas Raiders,Jacksonville Jaguars,Foster Moreau,LVR,Las Vegas Raiders,away,27,20,TE,0,0.0,0,0,0,0,0,0,0,2,0,5,2,42,0,1
2022,9,"81 degrees, relative humidity 72%, wind 14 mph",Las Vegas Raiders,Jacksonville Jaguars,Hunter Renfrow,LVR,Las Vegas Raiders,away,27,20,WR,0,0.0,0,0,0,0,0,0,0,0,0,4,3,26,0,0
2022,9,"81 degrees, relative humidity 72%, wind 14 mph",Las Vegas Raiders,Jacksonville Jaguars,Josh Jacobs,LVR,Las Vegas Raiders,away,27,20,RB,17,30.909090909090907,0,0,0,0,0,0,17,67,0,3,3,20,0,0
2022,9,"81 degrees, relative humidity 72%, wind 14 mph",Las Vegas Raiders,Jacksonville Jaguars,Mack Hollins,LVR,Las Vegas Raiders,away,27,20,WR,0,0.0,0,0,0,0,0,0,0,0,0,4,2,17,0,0
2022,9,"81 degrees, relative humidity 72%, wind 14 mph",Las Vegas Raiders,Jacksonville Jaguars,Zamir White,LVR,Las Vegas Raiders,away,27,20,RB,1,1.8181818181818181,0,0,0,0,0,0,1,-1,0,0,0,0,0,0
2022,9,"58 degrees, relative humidity 55%, wind 17 mph",Chicago Bears,Miami Dolphins,Cedrick Wilson Jr.,MIA,Chicago Bears,away,35,32,WR,0,0.0,0,0,0,0,0,0,0,0,0,2,2,23,0,0
2022,9,"58 degrees, relative humidity 55%, wind 17 mph",Chicago Bears,Miami Dolphins,Durham Smythe,MIA,Chicago Bears,away,35,32,TE,0,0.0,0,0,0,0,0,0,0,0,0,2,0,0,0,0
2022,9,"58 degrees, relative humidity 55%, wind 17 mph",Chicago Bears,Miami Dolphins,Jaylen Waddle,MIA,Chicago Bears,away,35,32,WR,0,0.0,0,0,0,0,0,0,0,0,0,7,5,85,1,0
2022,9,"58 degrees, relative humidity 55%, wind 17 mph",Chicago Bears,Miami Dolphins,Jeff Wilson,MIA,Chicago Bears,away,35,32,RB,9,16.9811320754717,0,0,0,0,0,0,9,51,0,3,3,21,1,0
2022,9,"58 degrees, relative humidity 55%, wind 17 mph",Chicago Bears,Miami Dolphins,Mike Gesicki,MIA,Chicago Bears,away,35,32,TE,0,0.0,0,0,0,0,0,0,0,0,0,2,1,3,0,0
2022,9,"58 degrees, relative humidity 55%, wind 17 mph",Chicago Bears,Miami Dolphins,Raheem Mostert,MIA,Chicago Bears,away,35,32,RB,9,16.9811320754717,0,0,0,0,0,0,9,26,1,2,0,0,0,0
2022,9,"58 degrees, relative humidity 55%, wind 17 mph",Chicago Bears,Miami Dolphins,Trent Sherfield,MIA,Chicago Bears,away,35,32,WR,0,0.0,0,0,0,0,0,0,0,0,0,3,3,27,0,0
2022,9,"58 degrees, relative humidity 55%, wind 17 mph",Chicago Bears,Miami Dolphins,Tua Tagovailoa,MIA,Chicago Bears,away,35,32,QB,35,66.0377358490566,21,30,302,3,0,0,5,0,0,0,0,0,0,1
2022,9,"58 degrees, relative humidity 55%, wind 17 mph",Chicago Bears,Miami Dolphins,Tyreek Hill,MIA,Chicago Bears,away,35,32,WR,0,0.0,0,0,0,0,0,0,0,0,0,8,7,143,1,0
2022,9,"71 degrees, relative humidity 79%, wind 11 mph",Washington Commanders,Minnesota Vikings,Adam Thielen,MIN,Washington Commanders,away,20,17,WR,0,0.0,0,0,0,0,0,0,0,0,0,7,3,67,0,0
2022,9,"71 degrees, relative humidity 79%, wind 11 mph",Washington Commanders,Minnesota Vikings,Alexander Mattison,MIN,Washington Commanders,away,20,17,RB,2,3.1746031746031744,0,0,0,0,0,0,2,1,0,1,1,0,0,0
2022,9,"71 degrees, relative humidity 79%, wind 11 mph",Washington Commanders,Minnesota Vikings,Dalvin Cook,MIN,Washington Commanders,away,20,17,RB,17,26.984126984126984,0,0,0,0,0,0,17,47,0,6,2,9,1,0
2022,9,"71 degrees, relative humidity 79%, wind 11 mph",Washington Commanders,Minnesota Vikings,Johnny Mundt,MIN,Washington Commanders,away,20,17,TE,0,0.0,0,0,0,0,0,0,0,0,0,1,1,1,0,0
2022,9,"71 degrees, relative humidity 79%, wind 11 mph",Washington Commanders,Minnesota Vikings,Justin Jefferson,MIN,Washington Commanders,away,20,17,WR,1,1.5873015873015872,0,0,0,0,0,0,1,10,0,13,7,115,1,0
2022,9,"71 degrees, relative humidity 79%, wind 11 mph",Washington Commanders,Minnesota Vikings,K.J. Osborn,MIN,Washington Commanders,away,20,17,WR,0,0.0,0,0,0,0,0,0,0,0,0,2,0,0,0,0
2022,9,"71 degrees, relative humidity 79%, wind 11 mph",Washington Commanders,Minnesota Vikings,Kirk Cousins,MIN,Washington Commanders,away,20,17,QB,42,66.66666666666666,22,40,265,2,1,2,2,-2,0,0,0,0,0,0
2022,9,"71 degrees, relative humidity 79%, wind 11 mph",Washington Commanders,Minnesota Vikings,Nick Mullens,MIN,Washington Commanders,away,20,17,QB,1,1.5873015873015872,1,1,-3,0,0,0,0,0,0,0,0,0,0,0
2022,9,"71 degrees, relative humidity 79%, wind 11 mph",Washington Commanders,Minnesota Vikings,T.J. Hockenson,MIN,Washington Commanders,away,20,17,TE,0,0.0,0,0,0,0,0,0,0,0,0,9,9,70,0,0
2022,9,,New Orleans Saints,Baltimore Ravens,Adam Trautman,NOR,New Orleans Saints,away,27,13,TE,0,0.0,0,0,0,0,0,0,0,0,0,1,1,8,0,0
2022,9,,New Orleans Saints,Baltimore Ravens,Alvin Kamara,NOR,New Orleans Saints,away,27,13,RB,9,20.0,0,0,0,0,0,0,9,30,0,4,3,32,0,0
2022,9,,New Orleans Saints,Baltimore Ravens,Andy Dalton,NOR,New Orleans Saints,away,27,13,QB,31,68.88888888888889,19,29,210,1,1,4,2,5,0,0,0,0,0,0
2022,9,,New Orleans Saints,Baltimore Ravens,Chris Olave,NOR,New Orleans Saints,away,27,13,WR,0,0.0,0,0,0,0,0,0,0,0,0,9,6,71,0,0
2022,9,,New Orleans Saints,Baltimore Ravens,Dwayne Washington,NOR,New Orleans Saints,away,27,13,RB,3,6.666666666666667,0,0,0,0,0,0,3,7,0,1,1,7,0,0
2022,9,,New Orleans Saints,Baltimore Ravens,Juwan Johnson,NOR,New Orleans Saints,away,27,13,TE,0,0.0,0,0,0,0,0,0,0,0,0,2,2,42,1,0
2022,9,,New Orleans Saints,Baltimore Ravens,Kevin White,NOR,New Orleans Saints,away,27,13,WR,0,0.0,0,0,0,0,0,0,0,0,0,1,1,10,0,0
2022,9,,New Orleans Saints,Baltimore Ravens,Marquez Callaway,NOR,New Orleans Saints,away,27,13,WR,0,0.0,0,0,0,0,0,0,0,0,0,5,3,24,0,0
2022,9,,New Orleans Saints,Baltimore Ravens,Taysom Hill,NOR,New Orleans Saints,away,27,13,TE,2,4.444444444444445,1,1,13,0,0,0,1,6,0,1,0,0,0,0
2022,9,,New Orleans Saints,Baltimore Ravens,Tre'Quan Smith,NOR,New Orleans Saints,away,27,13,WR,0,0.0,0,0,0,0,0,0,0,0,0,4,3,29,0,0
2022,9,"78 degrees, relative humidity 56%, wind 13 mph",Indianapolis Colts,New England Patriots,Hunter Henry,NWE,Indianapolis Colts,away,26,3,TE,0,0.0,0,0,0,0,0,0,0,0,0,4,4,50,0,0
2022,9,"78 degrees, relative humidity 56%, wind 13 mph",Indianapolis Colts,New England Patriots,J.J. Taylor,NWE,Indianapolis Colts,away,26,3,RB,10,17.24137931034483,0,0,0,0,0,0,10,9,0,1,1,8,0,0
2022,9,"78 degrees, relative humidity 56%, wind 13 mph",Indianapolis Colts,New England Patriots,Jakobi Meyers,NWE,Indianapolis Colts,away,26,3,WR,1,1.7241379310344827,0,0,0,0,0,0,1,2,0,6,5,42,0,1
2022,9,"78 degrees, relative humidity 56%, wind 13 mph",Indianapolis Colts,New England Patriots,Jonnu Smith,NWE,Indianapolis Colts,away,26,3,TE,0,0.0,0,0,0,0,0,0,0,0,0,3,3,21,0,0
2022,9,"78 degrees, relative humidity 56%, wind 13 mph",Indianapolis Colts,New England Patriots,Kendrick Bourne,NWE,Indianapolis Colts,away,26,3,WR,1,1.7241379310344827,0,0,0,0,0,0,1,1,0,4,3,11,0,1
2022,9,"78 degrees, relative humidity 56%, wind 13 mph",Indianapolis Colts,New England Patriots,Mac Jones,NWE,Indianapolis Colts,away,26,3,QB,31,53.44827586206896,20,30,147,1,0,4,1,-2,0,0,0,0,0,0
2022,9,"78 degrees, relative humidity 56%, wind 13 mph",Indianapolis Colts,New England Patriots,Rhamondre Stevenson,NWE,Indianapolis Colts,away,26,3,RB,15,25.862068965517242,0,0,0,0,0,0,15,60,0,7,3,10,1,0
2022,9,"78 degrees, relative humidity 56%, wind 13 mph",Indianapolis Colts,New England Patriots,Tyquan Thornton,NWE,Indianapolis Colts,away,26,3,WR,0,0.0,0,0,0,0,0,0,0,0,0,4,1,5,0,0
2022,9,"69 degrees, relative humidity 81%, wind 17 mph",Buffalo Bills,New York Jets,Ashtyn Davis,NYJ,Buffalo Bills,away,20,17,SS,1,1.694915254237288,0,0,0,0,0,0,1,2,0,0,0,0,0,0
2022,9,"69 degrees, relative humidity 81%, wind 17 mph",Buffalo Bills,New York Jets,Braxton Berrios,NYJ,Buffalo Bills,away,20,17,WR,0,0.0,0,0,0,0,0,0,0,0,0,2,1,6,0,0
2022,9,"69 degrees, relative humidity 81%, wind 17 mph",Buffalo Bills,New York Jets,C.J. Uzomah,NYJ,Buffalo Bills,away,20,17,TE,0,0.0,0,0,0,0,0,0,0,0,0,3,3,16,0,0
2022,9,"69 degrees, relative humidity 81%, wind 17 mph",Buffalo Bills,New York Jets,Denzel Mims,NYJ,Buffalo Bills,away,20,17,WR,0,0.0,0,0,0,0,0,0,0,0,0,4,1,12,0,0
2022,9,"69 degrees, relative humidity 81%, wind 17 mph",Buffalo Bills,New York Jets,Garrett Wilson,NYJ,Buffalo Bills,away,20,17,WR,1,1.694915254237288,0,0,0,0,0,0,1,7,0,9,8,92,0,1
2022,9,"69 degrees, relative humidity 81%, wind 17 mph",Buffalo Bills,New York Jets,James Robinson,NYJ,Buffalo Bills,away,20,17,RB,13,22.033898305084744,0,0,0,0,0,0,13,48,0,2,2,5,1,0
2022,9,"69 degrees, relative humidity 81%, wind 17 mph",Buffalo Bills,New York Jets,Jeff Smith,NYJ,Buffalo Bills,away,20,17,WR,0,0.0,0,0,0,0,0,0,0,0,0,1,1,6,0,0
2022,9,"69 degrees, relative humidity 81%, wind 17 mph",Buffalo Bills,New York Jets,Michael Carter,NYJ,Buffalo Bills,away,20,17,RB,12,20.33898305084746,0,0,0,0,0,0,12,76,1,1,1,10,0,0
2022,9,"69 degrees, relative humidity 81%, wind 17 mph",Buffalo Bills,New York Jets,Ty Johnson,NYJ,Buffalo Bills,away,20,17,RB,2,3.389830508474576,0,0,0,0,0,0,2,17,0,0,0,0,0,0
2022,9,"69 degrees, relative humidity 81%, wind 17 mph",Buffalo Bills,New York Jets,Tyler Conklin,NYJ,Buffalo Bills,away,20,17,TE,0,0.0,0,0,0,0,0,0,0,0,0,2,1,7,0,0
2022,9,"69 degrees, relative humidity 81%, wind 17 mph",Buffalo Bills,New York Jets,Zach Wilson,NYJ,Buffalo Bills,away,20,17,QB,30,50.847457627118644,18,25,154,1,0,2,5,24,0,0,0,0,0,1
2022,9,,Houston Texans,Philadelphia Eagles,A.J. Brown,PHI,Houston Texans,away,29,17,WR,0,0.0,0,0,0,0,0,0,0,0,0,6,4,59,1,0
2022,9,,Houston Texans,Philadelphia Eagles,Boston Scott,PHI,Houston Texans,away,29,17,RB,1,1.7241379310344827,0,0,0,0,0,0,1,5,0,0,0,0,0,0
2022,9,,Houston Texans,Philadelphia Eagles,Dallas Goedert,PHI,Houston Texans,away,29,17,TE,0,0.0,0,0,0,0,0,0,0,0,0,9,8,100,1,0
2022,9,,Houston Texans,Philadelphia Eagles,DeVonta Smith,PHI,Houston Texans,away,29,17,WR,0,0.0,0,0,0,0,0,0,0,0,0,2,2,22,0,0
2022,9,,Houston Texans,Philadelphia Eagles,Jack Stoll,PHI,Houston Texans,away,29,17,TE,0,0.0,0,0,0,0,0,0,0,0,0,2,1,13,0,0
2022,9,,Houston Texans,Philadelphia Eagles,Jalen Hurts,PHI,Houston Texans,away,29,17,QB,36,62.06896551724138,21,27,243,2,0,4,9,23,0,0,0,0,0,2
2022,9,,Houston Texans,Philadelphia Eagles,Kenneth Gainwell,PHI,Houston Texans,away,29,17,RB,4,6.896551724137931,0,0,0,0,0,0,4,22,1,3,3,16,0,0
2022,9,,Houston Texans,Philadelphia Eagles,Miles Sanders,PHI,Houston Texans,away,29,17,RB,17,29.310344827586203,0,0,0,0,0,0,17,93,1,0,0,0,0,0
2022,9,,Houston Texans,Philadelphia Eagles,Quez Watkins,PHI,Houston Texans,away,29,17,WR,0,0.0,0,0,0,0,0,0,0,0,0,2,2,25,0,0
2022,9,,Houston Texans,Philadelphia Eagles,Zach Pascal,PHI,Houston Texans,away,29,17,WR,0,0.0,0,0,0,0,0,0,0,0,0,1,1,8,0,0
2022,9,,Arizona Cardinals,Seattle Seahawks,Colby Parkinson,SEA,Arizona Cardinals,away,31,21,TE,0,0.0,0,0,0,0,0,0,0,0,0,2,2,6,0,0
2022,9,,Arizona Cardinals,Seattle Seahawks,D'Wayne Eskridge,SEA,Arizona Cardinals,away,31,21,WR,0,0.0,0,0,0,0,0,0,0,0,0,2,0,0,0,0
2022,9,,Arizona Cardinals,Seattle Seahawks,D.K. Metcalf,SEA,Arizona Cardinals,away,31,21,WR,0,0.0,0,0,0,0,0,0,0,0,0,6,5,37,1,0
2022,9,,Arizona Cardinals,Seattle Seahawks,DeeJay Dallas,SEA,Arizona Cardinals,away,31,21,RB,1,1.4705882352941175,0,0,0,0,0,0,1,4,0,0,0,0,0,1
2022,9,,Arizona Cardinals,Seattle Seahawks,Geno Smith,SEA,Arizona Cardinals,away,31,21,QB,40,58.82352941176471,26,34,275,2,1,2,6,38,0,0,0,0,0,0
2022,9,,Arizona Cardinals,Seattle Seahawks,Kenneth Walker,SEA,Arizona Cardinals,away,31,21,UNK,26,38.23529411764706,0,0,0,0,0,0,26,109,2,4,3,20,0,0
2022,9,,Arizona Cardinals,Seattle Seahawks,Noah Fant,SEA,Arizona Cardinals,away,31,21,TE,0,0.0,0,0,0,0,0,0,0,0,0,6,5,96,0,0
2022,9,,Arizona Cardinals,Seattle Seahawks,Travis Homer,SEA,Arizona Cardinals,away,31,21,RB,1,1.4705882352941175,0,0,0,0,0,0,1,7,0,3,3,25,0,0
2022,9,,Arizona Cardinals,Seattle Seahawks,Tyler Lockett,SEA,Arizona Cardinals,away,31,21,WR,0,0.0,0,0,0,0,0,0,0,0,0,5,5,67,1,0
2022,9,,Arizona Cardinals,Seattle Seahawks,Will Dissly,SEA,Arizona Cardinals,away,31,21,TE,0,0.0,0,0,0,0,0,0,0,0,0,4,3,24,0,0
2022,9,"88 degrees, relative humidity 57%, wind 2 mph",Los Angeles Rams,Tampa Bay Buccaneers,Breshad Perriman,TAM,Los Angeles Rams,away,16,13,WR,0,0.0,0,0,0,0,0,0,0,0,0,2,1,1,0,0
2022,9,"88 degrees, relative humidity 57%, wind 2 mph",Los Angeles Rams,Tampa Bay Buccaneers,Cade Otton,TAM,Los Angeles Rams,away,16,13,TE,0,0.0,0,0,0,0,0,0,0,0,0,6,5,68,1,0
2022,9,"88 degrees, relative humidity 57%, wind 2 mph",Los Angeles Rams,Tampa Bay Buccaneers,Chris Godwin,TAM,Los Angeles Rams,away,16,13,WR,1,1.282051282051282,0,0,0,0,0,0,1,1,0,10,7,36,0,0
2022,9,"88 degrees, relative humidity 57%, wind 2 mph",Los Angeles Rams,Tampa Bay Buccaneers,Julio Jones,TAM,Los Angeles Rams,away,16,13,WR,0,0.0,0,0,0,0,0,0,0,0,0,5,2,28,0,0
2022,9,"88 degrees, relative humidity 57%, wind 2 mph",Los Angeles Rams,Tampa Bay Buccaneers,Ke'Shawn Vaughn,TAM,Los Angeles Rams,away,16,13,RB,2,2.564102564102564,0,0,0,0,0,0,2,4,0,1,0,0,0,0
2022,9,"88 degrees, relative humidity 57%, wind 2 mph",Los Angeles Rams,Tampa Bay Buccaneers,Ko Kieft,TAM,Los Angeles Rams,away,16,13,TE,0,0.0,0,0,0,0,0,0,0,0,0,2,1,6,0,0
2022,9,"88 degrees, relative humidity 57%, wind 2 mph",Los Angeles Rams,Tampa Bay Buccaneers,Leonard Fournette,TAM,Los Angeles Rams,away,16,13,RB,9,11.538461538461538,0,0,0,0,0,0,9,19,0,7,5,41,0,0
2022,9,"88 degrees, relative humidity 57%, wind 2 mph",Los Angeles Rams,Tampa Bay Buccaneers,Mike Evans,TAM,Los Angeles Rams,away,16,13,WR,0,0.0,0,0,0,0,0,0,0,0,0,11,5,40,0,0
2022,9,"88 degrees, relative humidity 57%, wind 2 mph",Los Angeles Rams,Tampa Bay Buccaneers,Rachaad White,TAM,Los Angeles Rams,away,16,13,RB,8,10.256410256410255,0,0,0,0,0,0,8,27,0,3,3,7,0,0
2022,9,"88 degrees, relative humidity 57%, wind 2 mph",Los Angeles Rams,Tampa Bay Buccaneers,Scott Miller,TAM,Los Angeles Rams,away,16,13,WR,0,0.0,0,0,0,0,0,0,0,0,0,8,7,53,0,0
2022,9,"88 degrees, relative humidity 57%, wind 2 mph",Los Angeles Rams,Tampa Bay Buccaneers,Tom Brady,TAM,Los Angeles Rams,away,16,13,QB,58,74.35897435897436,36,58,280,1,0,1,0,0,0,0,0,0,0,0
2022,9,"54 degrees, relative humidity 61%, wind 7 mph",Tennessee Titans,Kansas City Chiefs,Austin Hooper,TEN,Tennessee Titans,away,20,17,TE,0,0.0,0,0,0,0,0,0,0,0,0,3,2,34,0,0
2022,9,"54 degrees, relative humidity 61%, wind 7 mph",Tennessee Titans,Kansas City Chiefs,Chigoziem Okonkwo,TEN,Tennessee Titans,away,20,17,TE,0,0.0,0,0,0,0,0,0,0,0,0,3,1,48,0,0
2022,9,"54 degrees, relative humidity 61%, wind 7 mph",Tennessee Titans,Kansas City Chiefs,Chris Conley,TEN,Tennessee Titans,away,20,17,WR,0,0.0,0,0,0,0,0,0,0,0,0,1,0,0,0,0
2022,9,"54 degrees, relative humidity 61%, wind 7 mph",Tennessee Titans,Kansas City Chiefs,Cody Hollister,TEN,Tennessee Titans,away,20,17,WR,0,0.0,0,0,0,0,0,0,0,0,0,1,0,0,0,0
2022,9,"54 degrees, relative humidity 61%, wind 7 mph",Tennessee Titans,Kansas City Chiefs,Derrick Henry,TEN,Tennessee Titans,away,20,17,RB,17,37.77777777777778,0,0,0,0,0,0,17,115,2,0,0,0,0,0
2022,9,"54 degrees, relative humidity 61%, wind 7 mph",Tennessee Titans,Kansas City Chiefs,Dontrell Hilliard,TEN,Tennessee Titans,away,20,17,RB,3,6.666666666666667,0,0,0,0,0,0,3,12,0,1,1,-4,0,0
2022,9,"54 degrees, relative humidity 61%, wind 7 mph",Tennessee Titans,Kansas City Chiefs,Hassan Haskins,TEN,Tennessee Titans,away,20,17,RB,1,2.2222222222222223,0,0,0,0,0,0,1,5,0,1,1,2,0,0
2022,9,"54 degrees, relative humidity 61%, wind 7 mph",Tennessee Titans,Kansas City Chiefs,Malik Willis,TEN,Tennessee Titans,away,20,17,QB,24,53.333333333333336,5,16,80,0,0,3,8,40,0,0,0,0,0,0
2022,9,"54 degrees, relative humidity 61%, wind 7 mph",Tennessee Titans,Kansas City Chiefs,Nick Westbrook-Ikhine,TEN,Tennessee Titans,away,20,17,WR,0,0.0,0,0,0,0,0,0,0,0,0,1,0,0,0,0
2022,9,"54 degrees, relative humidity 61%, wind 7 mph",Tennessee Titans,Kansas City Chiefs,Robert Woods,TEN,Tennessee Titans,away,20,17,WR,0,0.0,0,0,0,0,0,0,0,0,0,2,0,0,0,0
2022,9,"71 degrees, relative humidity 79%, wind 11 mph",Washington Commanders,Minnesota Vikings,Antonio Gibson,WAS,Washington Commanders,away,20,17,RB,11,18.96551724137931,0,0,0,0,0,0,11,36,0,3,2,11,0,0
2022,9,"71 degrees, relative humidity 79%, wind 11 mph",Washington Commanders,Minnesota Vikings,Armani Rogers,WAS,Washington Commanders,away,20,17,TE,1,1.7241379310344827,0,0,0,0,0,0,1,24,0,0,0,0,0,0
2022,9,"71 degrees, relative humidity 79%, wind 11 mph",Washington Commanders,Minnesota Vikings,Brian Robinson Jr.,WAS,Washington Commanders,away,20,17,RB,13,22.413793103448278,0,0,0,0,0,0,13,44,0,2,2,-6,0,0
2022,9,"71 degrees, relative humidity 79%, wind 11 mph",Washington Commanders,Minnesota Vikings,Cam Sims,WAS,Washington Commanders,away,20,17,WR,0,0.0,0,0,0,0,0,0,0,0,0,1,1,12,0,0
2022,9,"71 degrees, relative humidity 79%, wind 11 mph",Washington Commanders,Minnesota Vikings,Curtis Samuel,WAS,Washington Commanders,away,20,17,WR,1,1.7241379310344827,0,0,0,0,0,0,1,16,0,4,3,65,1,0
2022,9,"71 degrees, relative humidity 79%, wind 11 mph",Washington Commanders,Minnesota Vikings,Dax Milne,WAS,Washington Commanders,away,20,17,WR,0,0.0,0,0,0,0,0,0,0,0,0,1,1,6,1,0
2022,9,"71 degrees, relative humidity 79%, wind 11 mph",Washington Commanders,Minnesota Vikings,Dyami Brown,WAS,Washington Commanders,away,20,17,WR,0,0.0,0,0,0,0,0,0,0,0,0,1,0,0,0,0
2022,9,"71 degrees, relative humidity 79%, wind 11 mph",Washington Commanders,Minnesota Vikings,John Bates,WAS,Washington Commanders,away,20,17,TE,0,0.0,0,0,0,0,0,0,0,0,0,2,1,5,0,0
2022,9,"71 degrees, relative humidity 79%, wind 11 mph",Washington Commanders,Minnesota Vikings,Logan Thomas,WAS,Washington Commanders,away,20,17,TE,0,0.0,0,0,0,0,0,0,0,0,0,3,0,0,0,0
2022,9,"71 degrees, relative humidity 79%, wind 11 mph",Washington Commanders,Minnesota Vikings,Taylor Heinicke,WAS,Washington Commanders,away,20,17,QB,32,55.172413793103445,15,28,149,2,1,3,4,17,0,0,0,0,0,0
2022,9,"71 degrees, relative humidity 79%, wind 11 mph",Washington Commanders,Minnesota Vikings,Terry McLaurin,WAS,Washington Commanders,away,20,17,WR,0,0.0,0,0,0,0,0,0,0,0,0,9,5,56,0,0
2022,10,,Los Angeles Rams,Arizona Cardinals,A.J. Green,ARI,Los Angeles Rams,away,27,17,WR,0,0.0,0,0,0,0,0,0,0,0,0,2,2,10,1,0
2022,10,,Los Angeles Rams,Arizona Cardinals,Colt McCoy,ARI,Los Angeles Rams,away,27,17,QB,41,65.07936507936508,26,37,238,1,0,2,4,4,0,0,0,0,0,1
2022,10,,Los Angeles Rams,Arizona Cardinals,DeAndre Hopkins,ARI,Los Angeles Rams,away,27,17,WR,0,0.0,0,0,0,0,0,0,0,0,0,14,10,98,0,0
2022,10,,Los Angeles Rams,Arizona Cardinals,James Conner,ARI,Los Angeles Rams,away,27,17,RB,21,33.33333333333333,0,0,0,0,0,0,21,69,2,3,3,17,0,0
2022,10,,Los Angeles Rams,Arizona Cardinals,Keaontay Ingram,ARI,Los Angeles Rams,away,27,17,RB,1,1.5873015873015872,0,0,0,0,0,0,1,5,0,0,0,0,0,0
2022,10,,Los Angeles Rams,Arizona Cardinals,Rondale Moore,ARI,Los Angeles Rams,away,27,17,WR,0,0.0,0,0,0,0,0,0,0,0,0,13,9,94,0,0
2022,10,,Los Angeles Rams,Arizona Cardinals,Stephen Anderson,ARI,Los Angeles Rams,away,27,17,TE,0,0.0,0,0,0,0,0,0,0,0,0,1,0,0,0,0
2022,10,,Los Angeles Rams,Arizona Cardinals,Trey McBride,ARI,Los Angeles Rams,away,27,17,TE,0,0.0,0,0,0,0,0,0,0,0,0,1,1,7,0,1
2022,10,,Los Angeles Rams,Arizona Cardinals,Zach Ertz,ARI,Los Angeles Rams,away,27,17,TE,0,0.0,0,0,0,0,0,0,0,0,0,1,1,12,0,0
2022,10,"61 degrees, relative humidity 88%, wind 12 mph",Atlanta Falcons,Carolina Panthers,Avery Williams,ATL,Atlanta Falcons,away,25,15,RB,4,7.2727272727272725,0,0,0,0,0,0,4,25,0,0,0,0,0,0
2022,10,"61 degrees, relative humidity 88%, wind 12 mph",Atlanta Falcons,Carolina Panthers,Caleb Huntley,ATL,Atlanta Falcons,away,25,15,RB,5,9.090909090909092,0,0,0,0,0,0,5,32,0,0,0,0,0,0
2022,10,"61 degrees, relative humidity 88%, wind 12 mph",Atlanta Falcons,Carolina Panthers,Cordarrelle Patterson,ATL,Atlanta Falcons,away,25,15,RB,5,9.090909090909092,0,0,0,0,0,0,5,18,0,1,1,2,0,0
2022,10,"61 degrees, relative humidity 88%, wind 12 mph",Atlanta Falcons,Carolina Panthers,Damiere Byrd,ATL,Atlanta Falcons,away,25,15,WR,0,0.0,0,0,0,0,0,0,0,0,0,4,3,58,0,0
2022,10,"61 degrees, relative humidity 88%, wind 12 mph",Atlanta Falcons,Carolina Panthers,Drake London,ATL,Atlanta Falcons,away,25,15,WR,0,0.0,0,0,0,0,0,0,0,0,0,6,5,38,1,0
2022,10,"61 degrees, relative humidity 88%, wind 12 mph",Atlanta Falcons,Carolina Panthers,KhaDarel Hodge,ATL,Atlanta Falcons,away,25,15,WR,0,0.0,0,0,0,0,0,0,0,0,0,2,2,37,1,0
2022,10,"61 degrees, relative humidity 88%, wind 12 mph",Atlanta Falcons,Carolina Panthers,Kyle Pitts,ATL,Atlanta Falcons,away,25,15,TE,0,0.0,0,0,0,0,0,0,0,0,0,8,2,28,0,0
2022,10,"61 degrees, relative humidity 88%, wind 12 mph",Atlanta Falcons,Carolina Panthers,Marcus Mariota,ATL,Atlanta Falcons,away,25,15,QB,33,60.0,19,30,186,2,1,5,3,43,0,0,0,0,0,0
2022,10,"61 degrees, relative humidity 88%, wind 12 mph",Atlanta Falcons,Carolina Panthers,MyCole Pruitt,ATL,Atlanta Falcons,away,25,15,TE,0,0.0,0,0,0,0,0,0,0,0,0,1,1,6,0,0
2022,10,"61 degrees, relative humidity 88%, wind 12 mph",Atlanta Falcons,Carolina Panthers,Olamide Zaccheaus,ATL,Atlanta Falcons,away,25,15,WR,0,0.0,0,0,0,0,0,0,0,0,0,4,2,34,0,0
2022,10,"61 degrees, relative humidity 88%, wind 12 mph",Atlanta Falcons,Carolina Panthers,Tyler Allgeier,ATL,Atlanta Falcons,away,25,15,RB,8,14.545454545454545,0,0,0,0,0,0,8,20,0,3,3,-17,0,0
2022,10,"38 degrees, relative humidity 85%, wind 11 mph",Buffalo Bills,Minnesota Vikings,Dawson Knox,BUF,Buffalo Bills,away,33,30,TE,0,0.0,0,0,0,0,0,0,0,0,0,6,4,57,0,0
2022,10,"38 degrees, relative humidity 85%, wind 11 mph",Buffalo Bills,Minnesota Vikings,Devin Singletary,BUF,Buffalo Bills,away,33,30,RB,13,18.571428571428573,0,0,0,0,0,0,13,47,2,2,1,0,0,1
2022,10,"38 degrees, relative humidity 85%, wind 11 mph",Buffalo Bills,Minnesota Vikings,Duke Johnson,BUF,Buffalo Bills,away,33,30,RB,2,2.857142857142857,0,0,0,0,0,0,2,4,0,0,0,0,0,0
2022,10,"38 degrees, relative humidity 85%, wind 11 mph",Buffalo Bills,Minnesota Vikings,Gabriel Davis,BUF,Buffalo Bills,away,33,30,WR,0,0.0,0,0,0,0,0,0,0,0,0,10,6,93,1,0
2022,10,"38 degrees, relative humidity 85%, wind 11 mph",Buffalo Bills,Minnesota Vikings,Isaiah McKenzie,BUF,Buffalo Bills,away,33,30,WR,1,1.4285714285714286,0,0,0,0,0,0,1,18,0,4,4,37,0,0
2022,10,"38 degrees, relative humidity 85%, wind 11 mph",Buffalo Bills,Minnesota Vikings,James Cook,BUF,Buffalo Bills,away,33,30,RB,5,7.142857142857142,0,0,0,0,0,0,5,22,0,0,0,0,0,0
2022,10,"38 degrees, relative humidity 85%, wind 11 mph",Buffalo Bills,Minnesota Vikings,Josh Allen,BUF,Buffalo Bills,away,33,30,QB,49,70.0,29,43,330,1,2,2,6,84,0,0,0,0,0,1
2022,10,"38 degrees, relative humidity 85%, wind 11 mph",Buffalo Bills,Minnesota Vikings,Khalil Shakir,BUF,Buffalo Bills,away,33,30,WR,0,0.0,0,0,0,0,0,0,0,0,0,2,1,6,0,0
2022,10,"38 degrees, relative humidity 85%, wind 11 mph",Buffalo Bills,Minnesota Vikings,Nyheim Hines,BUF,Buffalo Bills,away,33,30,RB,0,0.0,0,0,0,0,0,0,0,0,0,1,1,9,0,0
2022,10,"38 degrees, relative humidity 85%, wind 11 mph",Buffalo Bills,Minnesota Vikings,Stefon Diggs,BUF,Buffalo Bills,away,33,30,WR,0,0.0,0,0,0,0,0,0,0,0,0,16,12,128,0,0
2022,10,"61 degrees, relative humidity 88%, wind 12 mph",Atlanta Falcons,Carolina Panthers,Chuba Hubbard,CAR,Atlanta Falcons,away,25,15,RB,5,7.936507936507936,0,0,0,0,0,0,5,14,0,0,0,0,0,0
2022,10,"61 degrees, relative humidity 88%, wind 12 mph",Atlanta Falcons,Carolina Panthers,D'Onta Foreman,CAR,Atlanta Falcons,away,25,15,RB,31,49.2063492063492,0,0,0,0,0,0,31,130,1,1,0,0,0,0
2022,10,"61 degrees, relative humidity 88%, wind 12 mph",Atlanta Falcons,Carolina Panthers,D.J. Moore,CAR,Atlanta Falcons,away,25,15,WR,0,0.0,0,0,0,0,0,0,0,0,0,6,4,29,0,0
2022,10,"61 degrees, relative humidity 88%, wind 12 mph",Atlanta Falcons,Carolina Panthers,Giovanni Ricci,CAR,Atlanta Falcons,away,25,15,TE,0,0.0,0,0,0,0,0,0,0,0,0,1,1,2,0,0
2022,10,"61 degrees, relative humidity 88%, wind 12 mph",Atlanta Falcons,Carolina Panthers,Laviska Shenault Jr.,CAR,Atlanta Falcons,away,25,15,WR,2,3.1746031746031744,0,0,0,0,0,0,2,42,1,4,3,17,0,0
2022,10,"61 degrees, relative humidity 88%, wind 12 mph",Atlanta Falcons,Carolina Panthers,P.J. Walker,CAR,Atlanta Falcons,away,25,15,QB,19,30.158730158730158,10,16,108,0,0,1,3,14,0,0,0,0,0,0
2022,10,"61 degrees, relative humidity 88%, wind 12 mph",Atlanta Falcons,Carolina Panthers,Raheem Blackshear,CAR,Atlanta Falcons,away,25,15,RB,6,9.523809523809524,0,0,0,0,0,0,6,32,0,0,0,0,0,0
2022,10,"61 degrees, relative humidity 88%, wind 12 mph",Atlanta Falcons,Carolina Panthers,Shi Smith,CAR,Atlanta Falcons,away,25,15,WR,0,0.0,0,0,0,0,0,0,0,0,0,1,1,17,0,0
2022,10,"61 degrees, relative humidity 88%, wind 12 mph",Atlanta Falcons,Carolina Panthers,Terrace Marshall Jr.,CAR,Atlanta Falcons,away,25,15,WR,0,0.0,0,0,0,0,0,0,0,0,0,2,1,43,0,0
2022,10,"61 degrees, relative humidity 88%, wind 12 mph",Atlanta Falcons,Carolina Panthers,Tommy Tremble,CAR,Atlanta Falcons,away,25,15,TE,0,0.0,0,0,0,0,0,0,0,0,0,1,0,0,0,0
2022,10,"34 degrees, relative humidity 45%, wind 13 mph",Chicago Bears,Detroit Lions,Byron Pringle,CHI,Chicago Bears,away,31,30,WR,0,0.0,0,0,0,0,0,0,0,0,0,2,1,12,0,0
2022,10,"34 degrees, relative humidity 45%, wind 13 mph",Chicago Bears,Detroit Lions,Chase Claypool,CHI,Chicago Bears,away,31,30,WR,0,0.0,0,0,0,0,0,0,0,0,0,2,1,8,0,0
2022,10,"34 degrees, relative humidity 45%, wind 13 mph",Chicago Bears,Detroit Lions,Cole Kmet,CHI,Chicago Bears,away,31,30,TE,0,0.0,0,0,0,0,0,0,0,0,0,7,4,74,2,0
2022,10,"34 degrees, relative humidity 45%, wind 13 mph",Chicago Bears,Detroit Lions,Dante Pettis,CHI,Chicago Bears,away,31,30,WR,1,1.8181818181818181,0,0,0,0,0,0,1,8,0,1,1,9,0,0
2022,10,"34 degrees, relative humidity 45%, wind 13 mph",Chicago Bears,Detroit Lions,Darnell Mooney,CHI,Chicago Bears,away,31,30,WR,0,0.0,0,0,0,0,0,0,0,0,0,4,4,57,0,0
2022,10,"34 degrees, relative humidity 45%, wind 13 mph",Chicago Bears,Detroit Lions,David Montgomery,CHI,Chicago Bears,away,31,30,RB,9,16.363636363636363,0,0,0,0,0,0,9,37,0,1,1,7,0,0
2022,10,"34 degrees, relative humidity 45%, wind 13 mph",Chicago Bears,Detroit Lions,Equanimeous St. Brown,CHI,Chicago Bears,away,31,30,WR,2,3.6363636363636362,0,0,0,0,0,0,2,9,0,0,0,0,0,0
2022,10,"34 degrees, relative humidity 45%, wind 13 mph",Chicago Bears,Detroit Lions,Justin Fields,CHI,Chicago Bears,away,31,30,QB,33,60.0,12,20,167,2,1,3,13,147,2,0,0,0,0,1
2022,10,"34 degrees, relative humidity 45%, wind 13 mph",Chicago Bears,Detroit Lions,Khalil Herbert,CHI,Chicago Bears,away,31,30,RB,10,18.181818181818183,0,0,0,0,0,0,10,57,0,0,0,0,0,0
2022,10,"34 degrees, relative humidity 45%, wind 13 mph",Chicago Bears,Detroit Lions,Trevon Wesco,CHI,Chicago Bears,away,31,30,TE,0,0.0,0,0,0,0,0,0,0,0,0,1,0,0,0,0
2022,10,"85 degrees, relative humidity 48%, wind 7 mph",Cleveland Browns,Miami Dolphins,Amari Cooper,CLE,Cleveland Browns,away,39,17,WR,0,0.0,0,0,0,0,0,0,0,0,0,3,3,32,0,0
2022,10,"85 degrees, relative humidity 48%, wind 7 mph",Cleveland Browns,Miami Dolphins,Anthony Schwartz,CLE,Cleveland Browns,away,39,17,WR,0,0.0,0,0,0,0,0,0,0,0,0,1,1,3,0,0
2022,10,"85 degrees, relative humidity 48%, wind 7 mph",Cleveland Browns,Miami Dolphins,D'Ernest Johnson,CLE,Cleveland Browns,away,39,17,RB,0,0.0,0,0,0,0,0,0,0,0,0,1,1,-2,0,0
2022,10,"85 degrees, relative humidity 48%, wind 7 mph",Cleveland Browns,Miami Dolphins,David Bell,CLE,Cleveland Browns,away,39,17,WR,0,0.0,0,0,0,0,0,0,0,0,0,5,3,24,0,0
2022,10,"85 degrees, relative humidity 48%, wind 7 mph",Cleveland Browns,Miami Dolphins,Donovan Peoples-Jones,CLE,Cleveland Browns,away,39,17,WR,0,0.0,0,0,0,0,0,0,0,0,0,9,5,99,0,0
2022,10,"85 degrees, relative humidity 48%, wind 7 mph",Cleveland Browns,Miami Dolphins,Harrison Bryant,CLE,Cleveland Browns,away,39,17,TE,0,0.0,0,0,0,0,0,0,0,0,0,3,3,15,1,0
2022,10,"85 degrees, relative humidity 48%, wind 7 mph",Cleveland Browns,Miami Dolphins,Jacoby Brissett,CLE,Cleveland Browns,away,39,17,QB,42,71.1864406779661,22,35,212,1,0,3,7,40,0,0,0,0,0,0
2022,10,"85 degrees, relative humidity 48%, wind 7 mph",Cleveland Browns,Miami Dolphins,Kareem Hunt,CLE,Cleveland Browns,away,39,17,RB,6,10.16949152542373,0,0,0,0,0,0,6,9,0,1,1,10,0,0
2022,10,"85 degrees, relative humidity 48%, wind 7 mph",Cleveland Browns,Miami Dolphins,Michael Woods,CLE,Cleveland Browns,away,39,17,UNK,0,0.0,0,0,0,0,0,0,0,0,0,2,0,0,0,0
2022,10,"85 degrees, relative humidity 48%, wind 7 mph",Cleveland Browns,Miami Dolphins,Nick Chubb,CLE,Cleveland Browns,away,39,17,RB,11,18.64406779661017,0,0,0,0,0,0,11,63,1,4,3,18,0,1
2022,10,"85 degrees, relative humidity 48%, wind 7 mph",Cleveland Browns,Miami Dolphins,Pharaoh Brown,CLE,Cleveland Browns,away,39,17,TE,0,0.0,0,0,0,0,0,0,0,0,0,5,2,13,0,0
2022,10,"33 degrees, relative humidity 53%, wind 8 mph",Dallas Cowboys,Green Bay Packers,CeeDee Lamb,DAL,Dallas Cowboys,away,31,28,WR,0,0.0,0,0,0,0,0,0,0,0,0,15,11,150,2,0
2022,10,"33 degrees, relative humidity 53%, wind 8 mph",Dallas Cowboys,Green Bay Packers,Dak Prescott,DAL,Dallas Cowboys,away,31,28,QB,50,64.93506493506493,27,46,265,3,2,2,4,6,0,0,0,0,0,0
2022,10,"33 degrees, relative humidity 53%, wind 8 mph",Dallas Cowboys,Green Bay Packers,Dalton Schultz,DAL,Dallas Cowboys,away,31,28,TE,0,0.0,0,0,0,0,0,0,0,0,0,8,6,54,1,0
2022,10,"33 degrees, relative humidity 53%, wind 8 mph",Dallas Cowboys,Green Bay Packers,KaVontae Turpin,DAL,Dallas Cowboys,away,31,28,WR,0,0.0,0,0,0,0,0,0,0,0,0,1,1,9,0,0
2022,10,"33 degrees, relative humidity 53%, wind 8 mph",Dallas Cowboys,Green Bay Packers,Malik Davis,DAL,Dallas Cowboys,away,31,28,RB,5,6.493506493506493,0,0,0,0,0,0,5,38,0,0,0,0,0,0
2022,10,"33 degrees, relative humidity 53%, wind 8 mph",Dallas Cowboys,Green Bay Packers,Michael Gallup,DAL,Dallas Cowboys,away,31,28,WR,0,0.0,0,0,0,0,0,0,0,0,0,7,4,35,0,0
2022,10,"33 degrees, relative humidity 53%, wind 8 mph",Dallas Cowboys,Green Bay Packers,Noah Brown,DAL,Dallas Cowboys,away,31,28,WR,0,0.0,0,0,0,0,0,0,0,0,0,4,1,3,0,0
2022,10,"33 degrees, relative humidity 53%, wind 8 mph",Dallas Cowboys,Green Bay Packers,Peyton Hendershot,DAL,Dallas Cowboys,away,31,28,TE,0,0.0,0,0,0,0,0,0,0,0,0,1,0,0,0,1
2022,10,"33 degrees, relative humidity 53%, wind 8 mph",Dallas Cowboys,Green Bay Packers,Sean McKeon,DAL,Dallas Cowboys,away,31,28,TE,0,0.0,0,0,0,0,0,0,0,0,0,2,1,1,0,0
2022,10,"33 degrees, relative humidity 53%, wind 8 mph",Dallas Cowboys,Green Bay Packers,Tony Pollard,DAL,Dallas Cowboys,away,31,28,RB,22,28.57142857142857,0,0,0,0,0,0,22,115,1,6,3,13,0,0
2022,10,"36 degrees, relative humidity 48%, wind 9 mph",Denver Broncos,Tennessee Titans,Chase Edmonds,DEN,Denver Broncos,away,17,10,RB,2,2.9850746268656714,0,0,0,0,0,0,2,9,0,2,1,0,0,0
2022,10,"36 degrees, relative humidity 48%, wind 9 mph",Denver Broncos,Tennessee Titans,Courtland Sutton,DEN,Denver Broncos,away,17,10,WR,0,0.0,0,0,0,0,0,0,0,0,0,11,6,66,0,0
2022,10,"36 degrees, relative humidity 48%, wind 9 mph",Denver Broncos,Tennessee Titans,Eric Saubert,DEN,Denver Broncos,away,17,10,TE,0,0.0,0,0,0,0,0,0,0,0,0,1,1,12,0,0
2022,10,"36 degrees, relative humidity 48%, wind 9 mph",Denver Broncos,Tennessee Titans,Eric Tomlinson,DEN,Denver Broncos,away,17,10,TE,0,0.0,0,0,0,0,0,0,0,0,0,1,0,0,0,0
2022,10,"36 degrees, relative humidity 48%, wind 9 mph",Denver Broncos,Tennessee Titans,Greg Dulcich,DEN,Denver Broncos,away,17,10,TE,0,0.0,0,0,0,0,0,0,0,0,0,4,1,11,0,0
2022,10,"36 degrees, relative humidity 48%, wind 9 mph",Denver Broncos,Tennessee Titans,Jalen Virgil,DEN,Denver Broncos,away,17,10,WR,0,0.0,0,0,0,0,0,0,0,0,0,1,1,66,1,0
2022,10,"36 degrees, relative humidity 48%, wind 9 mph",Denver Broncos,Tennessee Titans,Jerry Jeudy,DEN,Denver Broncos,away,17,10,WR,0,0.0,0,0,0,0,0,0,0,0,0,1,0,0,0,0
2022,10,"36 degrees, relative humidity 48%, wind 9 mph",Denver Broncos,Tennessee Titans,Kendall Hinton,DEN,Denver Broncos,away,17,10,WR,0,0.0,0,0,0,0,0,0,0,0,0,5,4,62,0,0
2022,10,"36 degrees, relative humidity 48%, wind 9 mph",Denver Broncos,Tennessee Titans,Latavius Murray,DEN,Denver Broncos,away,17,10,RB,9,13.432835820895523,0,0,0,0,0,0,9,24,0,3,3,23,0,0
2022,10,"36 degrees, relative humidity 48%, wind 9 mph",Denver Broncos,Tennessee Titans,Melvin Gordon,DEN,Denver Broncos,away,17,10,RB,7,10.44776119402985,0,0,0,0,0,0,7,24,0,6,4,46,0,0
2022,10,"36 degrees, relative humidity 48%, wind 9 mph",Denver Broncos,Tennessee Titans,Montrell Washington,DEN,Denver Broncos,away,17,10,WR,0,0.0,0,0,0,0,0,0,0,0,0,1,0,0,0,0
2022,10,"36 degrees, relative humidity 48%, wind 9 mph",Denver Broncos,Tennessee Titans,Russell Wilson,DEN,Denver Broncos,away,17,10,QB,49,73.13432835820896,21,42,286,1,1,6,7,8,0,0,0,0,0,3
2022,10,"36 degrees, relative humidity 48%, wind 9 mph",Denver Broncos,Tennessee Titans,Tyrie Cleveland,DEN,Denver Broncos,away,17,10,WR,0,0.0,0,0,0,0,0,0,0,0,0,3,0,0,0,0
2022,10,"34 degrees, relative humidity 45%, wind 13 mph",Chicago Bears,Detroit Lions,Amon-Ra St. Brown,DET,Chicago Bears,away,31,30,WR,1,1.7543859649122806,0,0,0,0,0,0,1,2,0,11,10,119,0,0
2022,10,"34 degrees, relative humidity 45%, wind 13 mph",Chicago Bears,Detroit Lions,Brock Wright,DET,Chicago Bears,away,31,30,TE,0,0.0,0,0,0,0,0,0,0,0,0,1,1,2,1,0
2022,10,"34 degrees, relative humidity 45%, wind 13 mph",Chicago Bears,Detroit Lions,D'Andre Swift,DET,Chicago Bears,away,31,30,RB,6,10.526315789473683,0,0,0,0,0,0,6,6,1,3,1,6,0,0
2022,10,"34 degrees, relative humidity 45%, wind 13 mph",Chicago Bears,Detroit Lions,Jamaal Williams,DET,Chicago Bears,away,31,30,RB,16,28.07017543859649,0,0,0,0,0,0,16,59,1,0,0,0,0,0
2022,10,"34 degrees, relative humidity 45%, wind 13 mph",Chicago Bears,Detroit Lions,James Mitchell,DET,Chicago Bears,away,31,30,TE,0,0.0,0,0,0,0,0,0,0,0,0,1,1,4,0,0
2022,10,"34 degrees, relative humidity 45%, wind 13 mph",Chicago Bears,Detroit Lions,Jared Goff,DET,Chicago Bears,away,31,30,QB,30,52.63157894736842,19,26,236,1,0,2,4,14,0,0,0,0,0,1
2022,10,"34 degrees, relative humidity 45%, wind 13 mph",Chicago Bears,Detroit Lions,Justin Jackson,DET,Chicago Bears,away,31,30,RB,4,7.017543859649122,0,0,0,0,0,0,4,14,0,3,2,14,0,0
2022,10,"34 degrees, relative humidity 45%, wind 13 mph",Chicago Bears,Detroit Lions,Kalif Raymond,DET,Chicago Bears,away,31,30,WR,0,0.0,0,0,0,0,0,0,0,0,0,3,3,47,0,0
2022,10,"34 degrees, relative humidity 45%, wind 13 mph",Chicago Bears,Detroit Lions,Shane Zylstra,DET,Chicago Bears,away,31,30,TE,0,0.0,0,0,0,0,0,0,0,0,0,1,0,0,0,0
2022,10,"34 degrees, relative humidity 45%, wind 13 mph",Chicago Bears,Detroit Lions,Tom Kennedy,DET,Chicago Bears,away,31,30,WR,0,0.0,0,0,0,0,0,0,0,0,0,2,1,44,0,0
2022,10,"33 degrees, relative humidity 53%, wind 8 mph",Dallas Cowboys,Green Bay Packers,AJ Dillon,GNB,Dallas Cowboys,away,31,28,RB,13,22.033898305084744,0,0,0,0,0,0,13,65,0,0,0,0,0,0
2022,10,"33 degrees, relative humidity 53%, wind 8 mph",Dallas Cowboys,Green Bay Packers,Aaron Jones,GNB,Dallas Cowboys,away,31,28,RB,24,40.67796610169492,0,0,0,0,0,0,24,138,1,2,2,18,0,1
2022,10,"33 degrees, relative humidity 53%, wind 8 mph",Dallas Cowboys,Green Bay Packers,Aaron Rodgers,GNB,Dallas Cowboys,away,31,28,QB,22,37.28813559322034,14,20,224,3,0,2,2,4,0,0,0,0,0,1
2022,10,"33 degrees, relative humidity 53%, wind 8 mph",Dallas Cowboys,Green Bay Packers,Allen Lazard,GNB,Dallas Cowboys,away,31,28,WR,0,0.0,0,0,0,0,0,0,0,0,0,4,3,45,0,0
2022,10,"33 degrees, relative humidity 53%, wind 8 mph",Dallas Cowboys,Green Bay Packers,Christian Watson,GNB,Dallas Cowboys,away,31,28,WR,0,0.0,0,0,0,0,0,0,0,0,0,8,4,107,3,0
2022,10,"33 degrees, relative humidity 53%, wind 8 mph",Dallas Cowboys,Green Bay Packers,Marcedes Lewis,GNB,Dallas Cowboys,away,31,28,TE,0,0.0,0,0,0,0,0,0,0,0,0,1,1,-1,0,0
2022,10,"33 degrees, relative humidity 53%, wind 8 mph",Dallas Cowboys,Green Bay Packers,Robert Tonyan,GNB,Dallas Cowboys,away,31,28,TE,0,0.0,0,0,0,0,0,0,0,0,0,1,1,8,0,0
2022,10,"33 degrees, relative humidity 53%, wind 8 mph",Dallas Cowboys,Green Bay Packers,Sammy Watkins,GNB,Dallas Cowboys,away,31,28,WR,0,0.0,0,0,0,0,0,0,0,0,0,3,3,47,0,0
2022,10,"50 degrees, relative humidity 58%, wind 15 mph",Houston Texans,New York Giants,Brandin Cooks,HOU,Houston Texans,away,24,16,WR,1,1.7857142857142856,0,0,0,0,0,0,1,5,0,7,4,37,0,0
2022,10,"50 degrees, relative humidity 58%, wind 15 mph",Houston Texans,New York Giants,Chris Moore,HOU,Houston Texans,away,24,16,WR,0,0.0,0,0,0,0,0,0,0,0,0,6,3,70,0,0
2022,10,"50 degrees, relative humidity 58%, wind 15 mph",Houston Texans,New York Giants,Dameon Pierce,HOU,Houston Texans,away,24,16,RB,17,30.357142857142854,0,0,0,0,0,0,17,94,0,3,2,28,0,1
2022,10,"50 degrees, relative humidity 58%, wind 15 mph",Houston Texans,New York Giants,Dare Ogunbowale,HOU,Houston Texans,away,24,16,RB,0,0.0,0,0,0,0,0,0,0,0,0,1,1,13,0,0
2022,10,"50 degrees, relative humidity 58%, wind 15 mph",Houston Texans,New York Giants,Davis Mills,HOU,Houston Texans,away,24,16,QB,37,66.07142857142857,22,37,319,1,1,4,0,0,0,0,0,0,0,0
2022,10,"50 degrees, relative humidity 58%, wind 15 mph",Houston Texans,New York Giants,Jordan Akins,HOU,Houston Texans,away,24,16,TE,0,0.0,0,0,0,0,0,0,0,0,0,3,3,72,0,0
2022,10,"50 degrees, relative humidity 58%, wind 15 mph",Houston Texans,New York Giants,Nico Collins,HOU,Houston Texans,away,24,16,WR,0,0.0,0,0,0,0,0,0,0,0,0,10,5,49,1,0
2022,10,"50 degrees, relative humidity 58%, wind 15 mph",Houston Texans,New York Giants,O.J. Howard,HOU,Houston Texans,away,24,16,TE,0,0.0,0,0,0,0,0,0,0,0,0,1,0,0,0,0
2022,10,"50 degrees, relative humidity 58%, wind 15 mph",Houston Texans,New York Giants,Phillip Dorsett,HOU,Houston Texans,away,24,16,WR,0,0.0,0,0,0,0,0,0,0,0,0,4,2,22,0,0
2022,10,"50 degrees, relative humidity 58%, wind 15 mph",Houston Texans,New York Giants,Rex Burkhead,HOU,Houston Texans,away,24,16,RB,1,1.7857142857142856,0,0,0,0,0,0,1,2,0,2,2,28,0,0
2022,10,,Las Vegas Raiders,Indianapolis Colts,Alec Pierce,IND,Las Vegas Raiders,away,25,20,WR,0,0.0,0,0,0,0,0,0,0,0,0,2,0,0,0,0
2022,10,,Las Vegas Raiders,Indianapolis Colts,Jonathan Taylor,IND,Las Vegas Raiders,away,25,20,RB,22,37.93103448275862,0,0,0,0,0,0,22,147,1,2,2,16,0,0
2022,10,,Las Vegas Raiders,Indianapolis Colts,Jordan Wilkins,IND,Las Vegas Raiders,away,25,20,RB,3,5.172413793103448,0,0,0,0,0,0,3,18,0,0,0,0,0,0
2022,10,,Las Vegas Raiders,Indianapolis Colts,Keke Coutee,IND,Las Vegas Raiders,away,25,20,WR,0,0.0,0,0,0,0,0,0,0,0,0,1,1,20,0,1
2022,10,,Las Vegas Raiders,Indianapolis Colts,Kylen Granson,IND,Las Vegas Raiders,away,25,20,TE,0,0.0,0,0,0,0,0,0,0,0,0,4,4,57,0,0
2022,10,,Las Vegas Raiders,Indianapolis Colts,Matt Ryan,IND,Las Vegas Raiders,away,25,20,QB,32,55.172413793103445,21,28,222,1,0,1,4,38,1,0,0,0,0,0
2022,10,,Las Vegas Raiders,Indianapolis Colts,Michael Pittman Jr.,IND,Las Vegas Raiders,away,25,20,WR,0,0.0,0,0,0,0,0,0,0,0,0,9,7,53,0,1
2022,10,,Las Vegas Raiders,Indianapolis Colts,Parris Campbell,IND,Las Vegas Raiders,away,25,20,WR,0,0.0,0,0,0,0,0,0,0,0,0,9,7,76,1,0
2022,10,,Las Vegas Raiders,Indianapolis Colts,Zack Moss,IND,Las Vegas Raiders,away,25,20,RB,1,1.7241379310344827,0,0,0,0,0,0,1,4,0,0,0,0,0,0
2022,10,"33 degrees, relative humidity 56%, wind 7 mph",Jacksonville Jaguars,Kansas City Chiefs,Christian Kirk,JAX,Jacksonville Jaguars,away,27,17,WR,0,0.0,0,0,0,0,0,0,0,0,0,12,9,105,2,0
2022,10,"33 degrees, relative humidity 56%, wind 7 mph",Jacksonville Jaguars,Kansas City Chiefs,Dan Arnold,JAX,Jacksonville Jaguars,away,27,17,TE,0,0.0,0,0,0,0,0,0,0,0,0,1,1,8,0,0
2022,10,"33 degrees, relative humidity 56%, wind 7 mph",Jacksonville Jaguars,Kansas City Chiefs,Evan Engram,JAX,Jacksonville Jaguars,away,27,17,TE,0,0.0,0,0,0,0,0,0,0,0,0,4,3,14,0,0
2022,10,"33 degrees, relative humidity 56%, wind 7 mph",Jacksonville Jaguars,Kansas City Chiefs,Jamal Agnew,JAX,Jacksonville Jaguars,away,27,17,WR,0,0.0,0,0,0,0,0,0,0,0,0,4,3,4,0,0
2022,10,"33 degrees, relative humidity 56%, wind 7 mph",Jacksonville Jaguars,Kansas City Chiefs,Jamycal Hasty,JAX,Jacksonville Jaguars,away,27,17,RB,1,1.7857142857142856,0,0,0,0,0,0,1,4,0,2,1,-1,0,0
2022,10,"33 degrees, relative humidity 56%, wind 7 mph",Jacksonville Jaguars,Kansas City Chiefs,Marvin Jones,JAX,Jacksonville Jaguars,away,27,17,WR,0,0.0,0,0,0,0,0,0,0,0,0,3,1,33,0,0
2022,10,"33 degrees, relative humidity 56%, wind 7 mph",Jacksonville Jaguars,Kansas City Chiefs,Travis Etienne,JAX,Jacksonville Jaguars,away,27,17,RB,11,19.642857142857142,0,0,0,0,0,0,11,45,0,3,3,28,0,0
2022,10,"33 degrees, relative humidity 56%, wind 7 mph",Jacksonville Jaguars,Kansas City Chiefs,Trevor Lawrence,JAX,Jacksonville Jaguars,away,27,17,QB,44,78.57142857142857,29,40,259,2,0,5,4,26,0,0,0,0,0,0
2022,10,"33 degrees, relative humidity 56%, wind 7 mph",Jacksonville Jaguars,Kansas City Chiefs,Zay Jones,JAX,Jacksonville Jaguars,away,27,17,WR,0,0.0,0,0,0,0,0,0,0,0,0,10,8,68,0,0
2022,10,"33 degrees, relative humidity 56%, wind 7 mph",Jacksonville Jaguars,Kansas City Chiefs,Clyde Edwards-Helaire,KAN,Jacksonville Jaguars,away,27,17,RB,0,0.0,0,0,0,0,0,0,0,0,0,2,0,0,0,0
2022,10,"33 degrees, relative humidity 56%, wind 7 mph",Jacksonville Jaguars,Kansas City Chiefs,Isiah Pacheco,KAN,Jacksonville Jaguars,away,27,17,RB,16,25.806451612903224,0,0,0,0,0,0,16,82,0,0,0,0,0,1
2022,10,"33 degrees, relative humidity 56%, wind 7 mph",Jacksonville Jaguars,Kansas City Chiefs,Jerick McKinnon,KAN,Jacksonville Jaguars,away,27,17,RB,1,1.6129032258064515,0,0,0,0,0,0,1,2,0,8,6,56,0,0
2022,10,"33 degrees, relative humidity 56%, wind 7 mph",Jacksonville Jaguars,Kansas City Chiefs,Jody Fortson,KAN,Jacksonville Jaguars,away,27,17,TE,0,0.0,0,0,0,0,0,0,0,0,0,1,1,6,0,1
2022,10,"33 degrees, relative humidity 56%, wind 7 mph",Jacksonville Jaguars,Kansas City Chiefs,JuJu Smith-Schuster,KAN,Jacksonville Jaguars,away,27,17,WR,0,0.0,0,0,0,0,0,0,0,0,0,4,2,33,0,0
2022,10,"33 degrees, relative humidity 56%, wind 7 mph",Jacksonville Jaguars,Kansas City Chiefs,Justin Watson,KAN,Jacksonville Jaguars,away,27,17,WR,0,0.0,0,0,0,0,0,0,0,0,0,1,1,12,0,0
2022,10,"33 degrees, relative humidity 56%, wind 7 mph",Jacksonville Jaguars,Kansas City Chiefs,Kadarius Toney,KAN,Jacksonville Jaguars,away,27,17,WR,2,3.225806451612903,0,0,0,0,0,0,2,33,0,5,4,57,1,0
2022,10,"33 degrees, relative humidity 56%, wind 7 mph",Jacksonville Jaguars,Kansas City Chiefs,Marquez Valdes-Scantling,KAN,Jacksonville Jaguars,away,27,17,WR,0,0.0,0,0,0,0,0,0,0,0,0,4,3,60,1,0
2022,10,"33 degrees, relative humidity 56%, wind 7 mph",Jacksonville Jaguars,Kansas City Chiefs,Michael Burton,KAN,Jacksonville Jaguars,away,27,17,FB,1,1.6129032258064515,0,0,0,0,0,0,1,-1,0,0,0,0,0,0
2022,10,"33 degrees, relative humidity 56%, wind 7 mph",Jacksonville Jaguars,Kansas City Chiefs,Noah Gray,KAN,Jacksonville Jaguars,away,27,17,TE,0,0.0,0,0,0,0,0,0,0,0,0,2,2,20,1,0
2022,10,"33 degrees, relative humidity 56%, wind 7 mph",Jacksonville Jaguars,Kansas City Chiefs,Patrick Mahomes,KAN,Jacksonville Jaguars,away,27,17,QB,42,67.74193548387096,26,35,331,4,1,0,7,39,0,0,0,0,0,1
2022,10,"33 degrees, relative humidity 56%, wind 7 mph",Jacksonville Jaguars,Kansas City Chiefs,Skyy Moore,KAN,Jacksonville Jaguars,away,27,17,WR,0,0.0,0,0,0,0,0,0,0,0,0,1,1,6,0,0
2022,10,"33 degrees, relative humidity 56%, wind 7 mph",Jacksonville Jaguars,Kansas City Chiefs,Travis Kelce,KAN,Jacksonville Jaguars,away,27,17,TE,0,0.0,0,0,0,0,0,0,0,0,0,7,6,81,1,0
2022,10,"57 degrees, relative humidity 38%, wind 6 mph",Los Angeles Chargers,San Francisco 49ers,Austin Ekeler,LAC,Los Angeles Chargers,away,22,16,RB,6,11.320754716981133,0,0,0,0,0,0,6,24,0,12,7,39,0,0
2022,10,"57 degrees, relative humidity 38%, wind 6 mph",Los Angeles Chargers,San Francisco 49ers,Chase Daniel,LAC,Los Angeles Chargers,away,22,16,QB,2,3.7735849056603774,0,2,0,0,0,1,0,0,0,0,0,0,0,0
2022,10,"57 degrees, relative humidity 38%, wind 6 mph",Los Angeles Chargers,San Francisco 49ers,DeAndre Carter,LAC,Los Angeles Chargers,away,22,16,WR,0,0.0,0,0,0,0,0,0,0,0,0,4,4,64,1,0
2022,10,"57 degrees, relative humidity 38%, wind 6 mph",Los Angeles Chargers,San Francisco 49ers,Gerald Everett,LAC,Los Angeles Chargers,away,22,16,TE,0,0.0,0,0,0,0,0,0,0,0,0,2,2,23,0,0
2022,10,"57 degrees, relative humidity 38%, wind 6 mph",Los Angeles Chargers,San Francisco 49ers,Isaiah Spiller,LAC,Los Angeles Chargers,away,22,16,RB,4,7.547169811320755,0,0,0,0,0,0,4,3,0,0,0,0,0,0
2022,10,"57 degrees, relative humidity 38%, wind 6 mph",Los Angeles Chargers,San Francisco 49ers,Josh Palmer,LAC,Los Angeles Chargers,away,22,16,WR,0,0.0,0,0,0,0,0,0,0,0,0,8,3,44,0,0
2022,10,"57 degrees, relative humidity 38%, wind 6 mph",Los Angeles Chargers,San Francisco 49ers,Justin Herbert,LAC,Los Angeles Chargers,away,22,16,QB,40,75.47169811320755,21,35,196,1,1,2,5,22,0,0,0,0,0,1
2022,10,"57 degrees, relative humidity 38%, wind 6 mph",Los Angeles Chargers,San Francisco 49ers,Michael Bandy,LAC,Los Angeles Chargers,away,22,16,WR,0,0.0,0,0,0,0,0,0,0,0,0,1,0,0,0,0
2022,10,"57 degrees, relative humidity 38%, wind 6 mph",Los Angeles Chargers,San Francisco 49ers,Richard Rodgers,LAC,Los Angeles Chargers,away,22,16,TE,0,0.0,0,0,0,0,0,0,0,0,0,1,1,4,0,0
2022,10,"57 degrees, relative humidity 38%, wind 6 mph",Los Angeles Chargers,San Francisco 49ers,Sony Michel,LAC,Los Angeles Chargers,away,22,16,RB,1,1.8867924528301887,0,0,0,0,0,0,1,2,0,0,0,0,0,0
2022,10,"57 degrees, relative humidity 38%, wind 6 mph",Los Angeles Chargers,San Francisco 49ers,Tre' McKitty,LAC,Los Angeles Chargers,away,22,16,TE,0,0.0,0,0,0,0,0,0,0,0,0,6,3,21,0,0
2022,10,"57 degrees, relative humidity 38%, wind 6 mph",Los Angeles Chargers,San Francisco 49ers,Zander Horvath,LAC,Los Angeles Chargers,away,22,16,RB,0,0.0,0,0,0,0,0,0,0,0,0,1,1,1,0,0
2022,10,,Los Angeles Rams,Arizona Cardinals,Allen Robinson,LAR,Los Angeles Rams,away,27,17,WR,0,0.0,0,0,0,0,0,0,0,0,0,6,4,44,0,0
2022,10,,Los Angeles Rams,Arizona Cardinals,Ben Skowronek,LAR,Los Angeles Rams,away,27,17,WR,0,0.0,0,0,0,0,0,0,0,0,0,7,2,14,0,0
2022,10,,Los Angeles Rams,Arizona Cardinals,Brandon Powell,LAR,Los Angeles Rams,away,27,17,WR,1,1.7543859649122806,0,0,0,0,0,0,1,7,0,1,0,0,0,0
2022,10,,Los Angeles Rams,Arizona Cardinals,Bryce Perkins,LAR,Los Angeles Rams,away,27,17,QB,4,7.017543859649122,1,1,-3,0,0,0,3,4,0,0,0,0,0,0
2022,10,,Los Angeles Rams,Arizona Cardinals,Brycen Hopkins,LAR,Los Angeles Rams,away,27,17,TE,0,0.0,0,0,0,0,0,0,0,0,0,2,1,11,0,0
2022,10,,Los Angeles Rams,Arizona Cardinals,Cam Akers,LAR,Los Angeles Rams,away,27,17,RB,6,10.526315789473683,0,0,0,0,0,0,6,22,0,1,0,0,0,0
2022,10,,Los Angeles Rams,Arizona Cardinals,Cooper Kupp,LAR,Los Angeles Rams,away,27,17,WR,0,0.0,0,0,0,0,0,0,0,0,0,5,3,-1,0,0
2022,10,,Los Angeles Rams,Arizona Cardinals,Darrell Henderson,LAR,Los Angeles Rams,away,27,17,RB,6,10.526315789473683,0,0,0,0,0,0,6,21,1,1,1,11,0,0
2022,10,,Los Angeles Rams,Arizona Cardinals,John Wolford,LAR,Los Angeles Rams,away,27,17,QB,39,68.42105263157895,24,36,212,1,1,3,3,3,0,0,0,0,0,2
2022,10,,Los Angeles Rams,Arizona Cardinals,Kyren Williams,LAR,Los Angeles Rams,away,27,17,RB,1,1.7543859649122806,0,0,0,0,0,0,1,9,0,3,3,30,0,0
2022,10,,Los Angeles Rams,Arizona Cardinals,Tyler Higbee,LAR,Los Angeles Rams,away,27,17,TE,0,0.0,0,0,0,0,0,0,0,0,0,8,8,73,0,0
2022,10,,Los Angeles Rams,Arizona Cardinals,Van Jefferson,LAR,Los Angeles Rams,away,27,17,WR,0,0.0,0,0,0,0,0,0,0,0,0,3,3,27,1,0
2022,10,,Las Vegas Raiders,Indianapolis Colts,Ameer Abdullah,LVR,Las Vegas Raiders,away,25,20,RB,0,0.0,0,0,0,0,0,0,0,0,0,4,4,33,0,0
2022,10,,Las Vegas Raiders,Indianapolis Colts,Davante Adams,LVR,Las Vegas Raiders,away,25,20,WR,0,0.0,0,0,0,0,0,0,0,0,0,14,9,126,1,0
2022,10,,Las Vegas Raiders,Indianapolis Colts,Derek Carr,LVR,Las Vegas Raiders,away,25,20,QB,38,61.29032258064516,24,38,248,2,0,2,0,0,0,0,0,0,0,0
2022,10,,Las Vegas Raiders,Indianapolis Colts,Foster Moreau,LVR,Las Vegas Raiders,away,25,20,TE,0,0.0,0,0,0,0,0,0,0,0,0,4,3,43,1,0
2022,10,,Las Vegas Raiders,Indianapolis Colts,Josh Jacobs,LVR,Las Vegas Raiders,away,25,20,RB,21,33.87096774193548,0,0,0,0,0,0,21,78,1,8,6,28,0,0
2022,10,,Las Vegas Raiders,Indianapolis Colts,Keelan Cole,LVR,Las Vegas Raiders,away,25,20,WR,0,0.0,0,0,0,0,0,0,0,0,0,2,0,0,0,0
2022,10,,Las Vegas Raiders,Indianapolis Colts,Mack Hollins,LVR,Las Vegas Raiders,away,25,20,WR,1,1.6129032258064515,0,0,0,0,0,0,1,0,0,6,2,18,0,0
2022,10,,Las Vegas Raiders,Indianapolis Colts,Zamir White,LVR,Las Vegas Raiders,away,25,20,RB,2,3.225806451612903,0,0,0,0,0,0,2,-1,0,0,0,0,0,0
2022,10,"85 degrees, relative humidity 48%, wind 7 mph",Cleveland Browns,Miami Dolphins,Alec Ingold,MIA,Cleveland Browns,away,39,17,FB,0,0.0,0,0,0,0,0,0,0,0,0,4,4,45,1,0
2022,10,"85 degrees, relative humidity 48%, wind 7 mph",Cleveland Browns,Miami Dolphins,Cedrick Wilson Jr.,MIA,Cleveland Browns,away,39,17,WR,0,0.0,0,0,0,0,0,1,0,0,0,1,1,7,0,0
2022,10,"85 degrees, relative humidity 48%, wind 7 mph",Cleveland Browns,Miami Dolphins,Durham Smythe,MIA,Cleveland Browns,away,39,17,TE,1,1.4925373134328357,0,0,0,0,0,0,1,0,0,0,0,0,0,0
2022,10,"85 degrees, relative humidity 48%, wind 7 mph",Cleveland Browns,Miami Dolphins,Jaylen Waddle,MIA,Cleveland Browns,away,39,17,WR,0,0.0,0,0,0,0,0,0,0,0,0,5,4,66,0,0
2022,10,"85 degrees, relative humidity 48%, wind 7 mph",Cleveland Browns,Miami Dolphins,Jeff Wilson,MIA,Cleveland Browns,away,39,17,RB,17,25.37313432835821,0,0,0,0,0,0,17,119,1,5,2,24,0,0
2022,10,"85 degrees, relative humidity 48%, wind 7 mph",Cleveland Browns,Miami Dolphins,Mike Gesicki,MIA,Cleveland Browns,away,39,17,TE,0,0.0,0,0,0,0,0,0,0,0,0,3,2,31,0,0
2022,10,"85 degrees, relative humidity 48%, wind 7 mph",Cleveland Browns,Miami Dolphins,Raheem Mostert,MIA,Cleveland Browns,away,39,17,RB,8,11.940298507462686,0,0,0,0,0,0,8,65,1,4,4,22,0,0
2022,10,"85 degrees, relative humidity 48%, wind 7 mph",Cleveland Browns,Miami Dolphins,Robert Hunt,MIA,Cleveland Browns,away,39,17,G,1,1.4925373134328357,0,0,0,0,0,0,1,0,0,0,0,0,0,1
2022,10,"85 degrees, relative humidity 48%, wind 7 mph",Cleveland Browns,Miami Dolphins,Salvon Ahmed,MIA,Cleveland Browns,away,39,17,RB,3,4.477611940298507,0,0,0,0,0,0,3,11,0,0,0,0,0,0
2022,10,"85 degrees, relative humidity 48%, wind 7 mph",Cleveland Browns,Miami Dolphins,Skylar Thompson,MIA,Cleveland Browns,away,39,17,QB,4,5.970149253731343,1,1,17,0,0,0,3,0,0,0,0,0,0,0
2022,10,"85 degrees, relative humidity 48%, wind 7 mph",Cleveland Browns,Miami Dolphins,Trent Sherfield,MIA,Cleveland Browns,away,39,17,WR,0,0.0,0,0,0,0,0,0,0,0,0,5,4,63,1,0
2022,10,"85 degrees, relative humidity 48%, wind 7 mph",Cleveland Browns,Miami Dolphins,Tua Tagovailoa,MIA,Cleveland Browns,away,39,17,QB,33,49.25373134328358,25,32,285,3,0,0,1,0,0,0,0,0,0,0
2022,10,"85 degrees, relative humidity 48%, wind 7 mph",Cleveland Browns,Miami Dolphins,Tyreek Hill,MIA,Cleveland Browns,away,39,17,WR,0,0.0,0,0,0,0,0,0,0,0,0,6,5,44,1,0
2022,10,"38 degrees, relative humidity 85%, wind 11 mph",Buffalo Bills,Minnesota Vikings,Adam Thielen,MIN,Buffalo Bills,away,33,30,WR,0,0.0,0,0,0,0,0,0,0,0,0,7,5,49,0,0
2022,10,"38 degrees, relative humidity 85%, wind 11 mph",Buffalo Bills,Minnesota Vikings,Alexander Mattison,MIN,Buffalo Bills,away,33,30,RB,3,4.0,0,0,0,0,0,0,3,11,0,1,1,8,0,0
2022,10,"38 degrees, relative humidity 85%, wind 11 mph",Buffalo Bills,Minnesota Vikings,C.J. Ham,MIN,Buffalo Bills,away,33,30,FB,1,1.3333333333333335,0,0,0,0,0,0,1,3,1,0,0,0,0,0
2022,10,"38 degrees, relative humidity 85%, wind 11 mph",Buffalo Bills,Minnesota Vikings,Dalvin Cook,MIN,Buffalo Bills,away,33,30,RB,14,18.666666666666668,0,0,0,0,0,0,14,119,1,5,3,27,0,0
2022,10,"38 degrees, relative humidity 85%, wind 11 mph",Buffalo Bills,Minnesota Vikings,Justin Jefferson,MIN,Buffalo Bills,away,33,30,WR,0,0.0,0,0,0,0,0,0,0,0,0,16,10,193,1,0
2022,10,"38 degrees, relative humidity 85%, wind 11 mph",Buffalo Bills,Minnesota Vikings,K.J. Osborn,MIN,Buffalo Bills,away,33,30,WR,1,1.3333333333333335,0,0,0,0,0,0,1,2,0,11,4,35,0,0
2022,10,"38 degrees, relative humidity 85%, wind 11 mph",Buffalo Bills,Minnesota Vikings,Kirk Cousins,MIN,Buffalo Bills,away,33,30,QB,56,74.66666666666667,30,50,357,1,2,4,6,12,0,0,0,0,0,2
2022,10,"38 degrees, relative humidity 85%, wind 11 mph",Buffalo Bills,Minnesota Vikings,T.J. Hockenson,MIN,Buffalo Bills,away,33,30,TE,0,0.0,0,0,0,0,0,0,0,0,0,10,7,45,0,0
2022,10,"37 degrees, relative humidity 65%, wind 15 mph",New Orleans Saints,Pittsburgh Steelers,Adam Trautman,NOR,New Orleans Saints,away,20,10,TE,0,0.0,0,0,0,0,0,0,0,0,0,3,2,22,0,0
2022,10,"37 degrees, relative humidity 65%, wind 15 mph",New Orleans Saints,Pittsburgh Steelers,Alvin Kamara,NOR,New Orleans Saints,away,20,10,RB,8,18.6046511627907,0,0,0,0,0,0,8,26,0,4,3,19,0,0
2022,10,"37 degrees, relative humidity 65%, wind 15 mph",New Orleans Saints,Pittsburgh Steelers,Andy Dalton,NOR,New Orleans Saints,away,20,10,QB,30,69.76744186046511,17,27,174,1,2,2,3,1,0,0,0,0,0,2
2022,10,"37 degrees, relative humidity 65%, wind 15 mph",New Orleans Saints,Pittsburgh Steelers,Chris Olave,NOR,New Orleans Saints,away,20,10,WR,0,0.0,0,0,0,0,0,0,0,0,0,5,3,40,0,0
2022,10,"37 degrees, relative humidity 65%, wind 15 mph",New Orleans Saints,Pittsburgh Steelers,Jarvis Landry,NOR,New Orleans Saints,away,20,10,WR,0,0.0,0,0,0,0,0,0,0,0,0,6,3,37,0,0
2022,10,"37 degrees, relative humidity 65%, wind 15 mph",New Orleans Saints,Pittsburgh Steelers,Jordan Howard,NOR,New Orleans Saints,away,20,10,RB,1,2.3255813953488373,0,0,0,0,0,0,1,1,0,0,0,0,0,0
2022,10,"37 degrees, relative humidity 65%, wind 15 mph",New Orleans Saints,Pittsburgh Steelers,Juwan Johnson,NOR,New Orleans Saints,away,20,10,TE,0,0.0,0,0,0,0,0,0,0,0,0,7,5,44,1,0
2022,10,"37 degrees, relative humidity 65%, wind 15 mph",New Orleans Saints,Pittsburgh Steelers,Kevin White,NOR,New Orleans Saints,away,20,10,WR,0,0.0,0,0,0,0,0,0,0,0,0,2,0,0,0,0
2022,10,"37 degrees, relative humidity 65%, wind 15 mph",New Orleans Saints,Pittsburgh Steelers,Rashid Shaheed,NOR,New Orleans Saints,away,20,10,WR,0,0.0,0,0,0,0,0,0,0,0,0,1,1,12,0,0
2022,10,"37 degrees, relative humidity 65%, wind 15 mph",New Orleans Saints,Pittsburgh Steelers,Taysom Hill,NOR,New Orleans Saints,away,20,10,TE,4,9.30232558139535,0,1,0,0,0,0,3,1,0,0,0,0,0,0
2022,10,"50 degrees, relative humidity 58%, wind 15 mph",Houston Texans,New York Giants,Chris Myarick,NYG,Houston Texans,away,24,16,TE,0,0.0,0,0,0,0,0,0,0,0,0,1,0,0,0,0
2022,10,"50 degrees, relative humidity 58%, wind 15 mph",Houston Texans,New York Giants,Daniel Jones,NYG,Houston Texans,away,24,16,QB,22,34.375,13,17,197,2,0,3,5,24,0,0,0,0,0,0
2022,10,"50 degrees, relative humidity 58%, wind 15 mph",Houston Texans,New York Giants,Darius Slayton,NYG,Houston Texans,away,24,16,WR,0,0.0,0,0,0,0,0,0,0,0,0,4,3,95,1,0
2022,10,"50 degrees, relative humidity 58%, wind 15 mph",Houston Texans,New York Giants,Isaiah Hodgins,NYG,Houston Texans,away,24,16,WR,0,0.0,0,0,0,0,0,0,0,0,0,2,2,41,0,0
2022,10,"50 degrees, relative humidity 58%, wind 15 mph",Houston Texans,New York Giants,Kenny Golladay,NYG,Houston Texans,away,24,16,WR,0,0.0,0,0,0,0,0,0,0,0,0,2,0,0,0,0
2022,10,"50 degrees, relative humidity 58%, wind 15 mph",Houston Texans,New York Giants,Lawrence Cager,NYG,Houston Texans,away,24,16,TE,0,0.0,0,0,0,0,0,0,0,0,0,2,2,9,1,0
2022,10,"50 degrees, relative humidity 58%, wind 15 mph",Houston Texans,New York Giants,Matt Breida,NYG,Houston Texans,away,24,16,RB,6,9.375,0,0,0,0,0,0,6,20,0,0,0,0,0,0
2022,10,"50 degrees, relative humidity 58%, wind 15 mph",Houston Texans,New York Giants,Saquon Barkley,NYG,Houston Texans,away,24,16,RB,35,54.6875,0,0,0,0,0,0,35,152,1,1,1,8,0,0
2022,10,"50 degrees, relative humidity 58%, wind 15 mph",Houston Texans,New York Giants,Tanner Hudson,NYG,Houston Texans,away,24,16,TE,0,0.0,0,0,0,0,0,0,0,0,0,3,3,24,0,0
2022,10,"50 degrees, relative humidity 58%, wind 15 mph",Houston Texans,New York Giants,Wan'Dale Robinson,NYG,Houston Texans,away,24,16,WR,1,1.5625,0,0,0,0,0,0,1,-5,0,2,2,20,0,0
2022,10,"43 degrees, relative humidity 45%, wind 6 mph",Philadelphia Eagles,Washington Commanders,A.J. Brown,PHI,Philadelphia Eagles,away,32,21,WR,0,0.0,0,0,0,0,0,0,0,0,0,4,1,7,0,0
2022,10,"43 degrees, relative humidity 45%, wind 6 mph",Philadelphia Eagles,Washington Commanders,Boston Scott,PHI,Philadelphia Eagles,away,32,21,RB,1,2.1739130434782608,0,0,0,0,0,0,1,5,0,0,0,0,0,0
2022,10,"43 degrees, relative humidity 45%, wind 6 mph",Philadelphia Eagles,Washington Commanders,Dallas Goedert,PHI,Philadelphia Eagles,away,32,21,TE,0,0.0,0,0,0,0,0,0,0,0,0,3,3,23,1,1
2022,10,"43 degrees, relative humidity 45%, wind 6 mph",Philadelphia Eagles,Washington Commanders,DeVonta Smith,PHI,Philadelphia Eagles,away,32,21,WR,0,0.0,0,0,0,0,0,0,0,0,0,8,6,39,1,1
2022,10,"43 degrees, relative humidity 45%, wind 6 mph",Philadelphia Eagles,Washington Commanders,Jack Stoll,PHI,Philadelphia Eagles,away,32,21,TE,0,0.0,0,0,0,0,0,0,0,0,0,1,1,11,0,0
2022,10,"43 degrees, relative humidity 45%, wind 6 mph",Philadelphia Eagles,Washington Commanders,Jalen Hurts,PHI,Philadelphia Eagles,away,32,21,QB,32,69.56521739130434,17,26,175,2,1,1,6,28,1,0,0,0,0,0
2022,10,"43 degrees, relative humidity 45%, wind 6 mph",Philadelphia Eagles,Washington Commanders,Kenneth Gainwell,PHI,Philadelphia Eagles,away,32,21,RB,1,2.1739130434782608,0,0,0,0,0,0,1,7,0,2,1,5,0,0
2022,10,"43 degrees, relative humidity 45%, wind 6 mph",Philadelphia Eagles,Washington Commanders,Miles Sanders,PHI,Philadelphia Eagles,away,32,21,RB,12,26.08695652173913,0,0,0,0,0,0,12,54,0,1,0,0,0,0
2022,10,"43 degrees, relative humidity 45%, wind 6 mph",Philadelphia Eagles,Washington Commanders,Quez Watkins,PHI,Philadelphia Eagles,away,32,21,WR,0,0.0,0,0,0,0,0,0,0,0,0,4,4,80,0,1
2022,10,"43 degrees, relative humidity 45%, wind 6 mph",Philadelphia Eagles,Washington Commanders,Zach Pascal,PHI,Philadelphia Eagles,away,32,21,WR,0,0.0,0,0,0,0,0,0,0,0,0,2,1,10,0,0
2022,10,"37 degrees, relative humidity 65%, wind 15 mph",New Orleans Saints,Pittsburgh Steelers,Connor Heyward,PIT,New Orleans Saints,away,20,10,TE,0,0.0,0,0,0,0,0,0,0,0,0,2,2,9,0,0
2022,10,"37 degrees, relative humidity 65%, wind 15 mph",New Orleans Saints,Pittsburgh Steelers,Derek Watt,PIT,New Orleans Saints,away,20,10,FB,2,2.73972602739726,0,0,0,0,0,0,2,5,0,0,0,0,0,0
2022,10,"37 degrees, relative humidity 65%, wind 15 mph",New Orleans Saints,Pittsburgh Steelers,Diontae Johnson,PIT,New Orleans Saints,away,20,10,WR,0,0.0,0,0,0,0,0,0,0,0,0,5,4,63,0,0
2022,10,"37 degrees, relative humidity 65%, wind 15 mph",New Orleans Saints,Pittsburgh Steelers,George Pickens,PIT,New Orleans Saints,away,20,10,WR,2,2.73972602739726,0,0,0,0,0,0,2,23,1,4,3,32,0,0
2022,10,"37 degrees, relative humidity 65%, wind 15 mph",New Orleans Saints,Pittsburgh Steelers,Gunner Olszewski,PIT,New Orleans Saints,away,20,10,WR,0,0.0,0,0,0,0,0,0,0,0,0,1,1,4,0,0
2022,10,"37 degrees, relative humidity 65%, wind 15 mph",New Orleans Saints,Pittsburgh Steelers,Jaylen Warren,PIT,New Orleans Saints,away,20,10,RB,9,12.32876712328767,0,0,0,0,0,0,9,37,0,3,3,40,0,0
2022,10,"37 degrees, relative humidity 65%, wind 15 mph",New Orleans Saints,Pittsburgh Steelers,Kenny Pickett,PIT,New Orleans Saints,away,20,10,QB,38,52.054794520547944,18,30,199,0,0,6,8,51,1,0,0,0,0,0
2022,10,"37 degrees, relative humidity 65%, wind 15 mph",New Orleans Saints,Pittsburgh Steelers,Najee Harris,PIT,New Orleans Saints,away,20,10,RB,20,27.397260273972602,0,0,0,0,0,0,20,99,0,1,0,0,0,1
2022,10,"37 degrees, relative humidity 65%, wind 15 mph",New Orleans Saints,Pittsburgh Steelers,Pat Freiermuth,PIT,New Orleans Saints,away,20,10,TE,0,0.0,0,0,0,0,0,0,0,0,0,7,4,36,0,0
2022,10,"37 degrees, relative humidity 65%, wind 15 mph",New Orleans Saints,Pittsburgh Steelers,Steven Sims,PIT,New Orleans Saints,away,20,10,WR,2,2.73972602739726,0,0,0,0,0,0,2,2,0,2,1,15,0,0
2022,10,"37 degrees, relative humidity 65%, wind 15 mph",New Orleans Saints,Pittsburgh Steelers,Zach Gentry,PIT,New Orleans Saints,away,20,10,TE,0,0.0,0,0,0,0,0,0,0,0,0,1,0,0,0,0
2022,10,"54 degrees, relative humidity 71%, wind 9 mph",Seattle Seahawks,Tampa Bay Buccaneers,Colby Parkinson,SEA,Seattle Seahawks,away,21,16,TE,0,0.0,0,0,0,0,0,0,0,0,0,3,1,7,0,0
2022,10,"54 degrees, relative humidity 71%, wind 9 mph",Seattle Seahawks,Tampa Bay Buccaneers,D.K. Metcalf,SEA,Seattle Seahawks,away,21,16,WR,0,0.0,0,0,0,0,0,0,0,0,0,9,6,71,0,0
2022,10,"54 degrees, relative humidity 71%, wind 9 mph",Seattle Seahawks,Tampa Bay Buccaneers,Geno Smith,SEA,Seattle Seahawks,away,21,16,QB,37,78.72340425531915,23,33,275,2,0,3,4,22,0,0,0,0,0,1
2022,10,"54 degrees, relative humidity 71%, wind 9 mph",Seattle Seahawks,Tampa Bay Buccaneers,Kenneth Walker,SEA,Seattle Seahawks,away,21,16,UNK,10,21.27659574468085,0,0,0,0,0,0,10,17,0,8,6,55,0,0
2022,10,"54 degrees, relative humidity 71%, wind 9 mph",Seattle Seahawks,Tampa Bay Buccaneers,Marquise Goodwin,SEA,Seattle Seahawks,away,21,16,WR,0,0.0,0,0,0,0,0,0,0,0,0,2,2,38,1,0
2022,10,"54 degrees, relative humidity 71%, wind 9 mph",Seattle Seahawks,Tampa Bay Buccaneers,Noah Fant,SEA,Seattle Seahawks,away,21,16,TE,0,0.0,0,0,0,0,0,0,0,0,0,4,3,34,0,0
2022,10,"54 degrees, relative humidity 71%, wind 9 mph",Seattle Seahawks,Tampa Bay Buccaneers,Tyler Lockett,SEA,Seattle Seahawks,away,21,16,WR,0,0.0,0,0,0,0,0,0,0,0,0,5,3,42,1,0
2022,10,"54 degrees, relative humidity 71%, wind 9 mph",Seattle Seahawks,Tampa Bay Buccaneers,Will Dissly,SEA,Seattle Seahawks,away,21,16,TE,0,0.0,0,0,0,0,0,0,0,0,0,2,2,28,0,0
2022,10,"57 degrees, relative humidity 38%, wind 6 mph",Los Angeles Chargers,San Francisco 49ers,Brandon Aiyuk,SFO,Los Angeles Chargers,away,22,16,WR,0,0.0,0,0,0,0,0,0,0,0,0,7,6,84,0,1
2022,10,"57 degrees, relative humidity 38%, wind 6 mph",Los Angeles Chargers,San Francisco 49ers,Christian McCaffrey,SFO,Los Angeles Chargers,away,22,16,RB,14,20.28985507246377,0,0,0,0,0,0,14,38,1,6,4,39,0,0
2022,10,"57 degrees, relative humidity 38%, wind 6 mph",Los Angeles Chargers,San Francisco 49ers,Deebo Samuel,SFO,Los Angeles Chargers,away,22,16,WR,4,5.797101449275362,0,0,0,0,0,0,4,27,0,6,2,24,0,0
2022,10,"57 degrees, relative humidity 38%, wind 6 mph",Los Angeles Chargers,San Francisco 49ers,Elijah Mitchell,SFO,Los Angeles Chargers,away,22,16,RB,18,26.08695652173913,0,0,0,0,0,0,18,89,0,2,1,-1,0,0
2022,10,"57 degrees, relative humidity 38%, wind 6 mph",Los Angeles Chargers,San Francisco 49ers,George Kittle,SFO,Los Angeles Chargers,away,22,16,TE,0,0.0,0,0,0,0,0,0,0,0,0,2,1,21,0,0
2022,10,"57 degrees, relative humidity 38%, wind 6 mph",Los Angeles Chargers,San Francisco 49ers,Jauan Jennings,SFO,Los Angeles Chargers,away,22,16,WR,0,0.0,0,0,0,0,0,0,0,0,0,4,4,40,0,0
2022,10,"57 degrees, relative humidity 38%, wind 6 mph",Los Angeles Chargers,San Francisco 49ers,Jimmy Garoppolo,SFO,Los Angeles Chargers,away,22,16,QB,33,47.82608695652174,19,28,240,0,0,1,5,3,1,0,0,0,0,0
2022,10,"57 degrees, relative humidity 38%, wind 6 mph",Los Angeles Chargers,San Francisco 49ers,Ray-Ray McCloud,SFO,Los Angeles Chargers,away,22,16,WR,0,0.0,0,0,0,0,0,0,0,0,0,1,1,33,0,0
2022,10,"54 degrees, relative humidity 71%, wind 9 mph",Seattle Seahawks,Tampa Bay Buccaneers,Cade Otton,TAM,Seattle Seahawks,away,21,16,TE,0,0.0,0,0,0,0,0,0,0,0,0,3,3,35,0,0
2022,10,"54 degrees, relative humidity 71%, wind 9 mph",Seattle Seahawks,Tampa Bay Buccaneers,Cameron Brate,TAM,Seattle Seahawks,away,21,16,TE,0,0.0,0,0,0,0,0,0,0,0,0,2,1,8,0,0
2022,10,"54 degrees, relative humidity 71%, wind 9 mph",Seattle Seahawks,Tampa Bay Buccaneers,Chris Godwin,TAM,Seattle Seahawks,away,21,16,WR,0,0.0,0,0,0,0,0,0,0,0,0,8,6,71,1,0
2022,10,"54 degrees, relative humidity 71%, wind 9 mph",Seattle Seahawks,Tampa Bay Buccaneers,Julio Jones,TAM,Seattle Seahawks,away,21,16,WR,0,0.0,0,0,0,0,0,0,0,0,0,5,3,53,1,0
2022,10,"54 degrees, relative humidity 71%, wind 9 mph",Seattle Seahawks,Tampa Bay Buccaneers,Ke'Shawn Vaughn,TAM,Seattle Seahawks,away,21,16,RB,2,2.7027027027027026,0,0,0,0,0,0,2,2,0,1,1,11,0,0
2022,10,"54 degrees, relative humidity 71%, wind 9 mph",Seattle Seahawks,Tampa Bay Buccaneers,Leonard Fournette,TAM,Seattle Seahawks,away,21,16,RB,15,20.27027027027027,0,1,0,0,1,0,14,57,1,1,1,1,0,0
2022,10,"54 degrees, relative humidity 71%, wind 9 mph",Seattle Seahawks,Tampa Bay Buccaneers,Mike Evans,TAM,Seattle Seahawks,away,21,16,WR,0,0.0,0,0,0,0,0,0,0,0,0,6,5,54,0,0
2022,10,"54 degrees, relative humidity 71%, wind 9 mph",Seattle Seahawks,Tampa Bay Buccaneers,Rachaad White,TAM,Seattle Seahawks,away,21,16,RB,22,29.72972972972973,0,0,0,0,0,0,22,105,0,0,0,0,0,0
2022,10,"54 degrees, relative humidity 71%, wind 9 mph",Seattle Seahawks,Tampa Bay Buccaneers,Scott Miller,TAM,Seattle Seahawks,away,21,16,WR,0,0.0,0,0,0,0,0,0,0,0,0,2,2,25,0,0
2022,10,"54 degrees, relative humidity 71%, wind 9 mph",Seattle Seahawks,Tampa Bay Buccaneers,Tom Brady,TAM,Seattle Seahawks,away,21,16,QB,35,47.2972972972973,22,29,258,2,1,0,6,-3,0,1,0,0,0,0
2022,10,"36 degrees, relative humidity 48%, wind 9 mph",Denver Broncos,Tennessee Titans,Austin Hooper,TEN,Denver Broncos,away,17,10,TE,0,0.0,0,0,0,0,0,0,0,0,0,7,5,41,0,0
2022,10,"36 degrees, relative humidity 48%, wind 9 mph",Denver Broncos,Tennessee Titans,Chigoziem Okonkwo,TEN,Denver Broncos,away,17,10,TE,0,0.0,0,0,0,0,0,0,0,0,0,2,1,41,0,0
2022,10,"36 degrees, relative humidity 48%, wind 9 mph",Denver Broncos,Tennessee Titans,Derrick Henry,TEN,Denver Broncos,away,17,10,RB,19,32.20338983050847,0,0,0,0,0,0,19,53,0,3,2,14,0,0
2022,10,"36 degrees, relative humidity 48%, wind 9 mph",Denver Broncos,Tennessee Titans,Dontrell Hilliard,TEN,Denver Broncos,away,17,10,RB,1,1.694915254237288,0,0,0,0,0,0,1,2,0,2,1,6,0,0
2022,10,"36 degrees, relative humidity 48%, wind 9 mph",Denver Broncos,Tennessee Titans,Geoff Swaim,TEN,Denver Broncos,away,17,10,TE,0,0.0,0,0,0,0,0,0,0,0,0,1,0,0,0,0
2022,10,"36 degrees, relative humidity 48%, wind 9 mph",Denver Broncos,Tennessee Titans,Malik Willis,TEN,Denver Broncos,away,17,10,QB,1,1.694915254237288,0,0,0,0,0,0,1,-4,0,0,0,0,0,1
2022,10,"36 degrees, relative humidity 48%, wind 9 mph",Denver Broncos,Tennessee Titans,Nick Westbrook-Ikhine,TEN,Denver Broncos,away,17,10,WR,0,0.0,0,0,0,0,0,0,0,0,0,8,5,119,2,0
2022,10,"36 degrees, relative humidity 48%, wind 9 mph",Denver Broncos,Tennessee Titans,Robert Woods,TEN,Denver Broncos,away,17,10,WR,0,0.0,0,0,0,0,0,0,0,0,0,7,2,10,0,0
2022,10,"36 degrees, relative humidity 48%, wind 9 mph",Denver Broncos,Tennessee Titans,Ryan Tannehill,TEN,Denver Broncos,away,17,10,QB,38,64.40677966101694,19,36,255,2,0,1,2,12,0,0,0,0,0,0
2022,10,"36 degrees, relative humidity 48%, wind 9 mph",Denver Broncos,Tennessee Titans,Treylon Burks,TEN,Denver Broncos,away,17,10,WR,0,0.0,0,0,0,0,0,0,0,0,0,6,3,24,0,0
2022,10,"43 degrees, relative humidity 45%, wind 6 mph",Philadelphia Eagles,Washington Commanders,Antonio Gibson,WAS,Philadelphia Eagles,away,32,21,RB,14,17.94871794871795,0,0,0,0,0,0,14,44,1,3,3,14,0,0
2022,10,"43 degrees, relative humidity 45%, wind 6 mph",Philadelphia Eagles,Washington Commanders,Brian Robinson Jr.,WAS,Philadelphia Eagles,away,32,21,RB,26,33.33333333333333,0,0,0,0,0,0,26,86,1,0,0,0,0,0
2022,10,"43 degrees, relative humidity 45%, wind 6 mph",Philadelphia Eagles,Washington Commanders,Cam Sims,WAS,Philadelphia Eagles,away,32,21,WR,0,0.0,0,0,0,0,0,0,0,0,0,1,0,0,0,0
2022,10,"43 degrees, relative humidity 45%, wind 6 mph",Philadelphia Eagles,Washington Commanders,Curtis Samuel,WAS,Philadelphia Eagles,away,32,21,WR,4,5.128205128205128,0,0,0,0,0,0,4,12,0,4,2,28,0,0
2022,10,"43 degrees, relative humidity 45%, wind 6 mph",Philadelphia Eagles,Washington Commanders,Dyami Brown,WAS,Philadelphia Eagles,away,32,21,WR,0,0.0,0,0,0,0,0,0,0,0,0,1,1,15,0,0
2022,10,"43 degrees, relative humidity 45%, wind 6 mph",Philadelphia Eagles,Washington Commanders,Jahan Dotson,WAS,Philadelphia Eagles,away,32,21,WR,0,0.0,0,0,0,0,0,0,0,0,0,1,1,14,0,0
2022,10,"43 degrees, relative humidity 45%, wind 6 mph",Philadelphia Eagles,Washington Commanders,Logan Thomas,WAS,Philadelphia Eagles,away,32,21,TE,0,0.0,0,0,0,0,0,0,0,0,0,4,2,12,0,0
2022,10,"43 degrees, relative humidity 45%, wind 6 mph",Philadelphia Eagles,Washington Commanders,Taylor Heinicke,WAS,Philadelphia Eagles,away,32,21,QB,34,43.58974358974359,17,29,211,0,1,3,5,10,0,0,0,0,0,1
2022,10,"43 degrees, relative humidity 45%, wind 6 mph",Philadelphia Eagles,Washington Commanders,Terry McLaurin,WAS,Philadelphia Eagles,away,32,21,WR,0,0.0,0,0,0,0,0,0,0,0,0,11,8,128,0,0
2022,11,"64 degrees, relative humidity 52%, wind 4 mph",Arizona Cardinals,San Francisco 49ers,A.J. Green,ARI,Arizona Cardinals,away,38,10,WR,0,0.0,0,0,0,0,0,0,0,0,0,9,5,50,0,0
2022,11,"64 degrees, relative humidity 52%, wind 4 mph",Arizona Cardinals,San Francisco 49ers,Colt McCoy,ARI,Arizona Cardinals,away,38,10,QB,37,54.41176470588235,24,34,218,0,1,3,3,6,0,0,0,0,0,0
2022,11,"64 degrees, relative humidity 52%, wind 4 mph",Arizona Cardinals,San Francisco 49ers,DeAndre Hopkins,ARI,Arizona Cardinals,away,38,10,WR,0,0.0,0,0,0,0,0,0,0,0,0,12,9,91,0,0
2022,11,"64 degrees, relative humidity 52%, wind 4 mph",Arizona Cardinals,San Francisco 49ers,Greg Dortch,ARI,Arizona Cardinals,away,38,10,WR,0,0.0,0,0,0,0,0,0,0,0,0,10,9,103,0,0
2022,11,"64 degrees, relative humidity 52%, wind 4 mph",Arizona Cardinals,San Francisco 49ers,James Conner,ARI,Arizona Cardinals,away,38,10,RB,14,20.588235294117645,0,0,0,0,0,0,14,42,1,5,2,12,0,1
2022,11,"64 degrees, relative humidity 52%, wind 4 mph",Arizona Cardinals,San Francisco 49ers,Keaontay Ingram,ARI,Arizona Cardinals,away,38,10,RB,5,7.352941176470589,0,0,0,0,0,0,5,19,0,0,0,0,0,0
2022,11,"64 degrees, relative humidity 52%, wind 4 mph",Arizona Cardinals,San Francisco 49ers,Maxx Williams,ARI,Arizona Cardinals,away,38,10,TE,0,0.0,0,0,0,0,0,0,0,0,0,1,1,7,0,0
2022,11,"64 degrees, relative humidity 52%, wind 4 mph",Arizona Cardinals,San Francisco 49ers,Rondale Moore,ARI,Arizona Cardinals,away,38,10,WR,1,1.4705882352941175,0,0,0,0,0,0,1,-6,0,0,0,0,0,0
2022,11,"64 degrees, relative humidity 52%, wind 4 mph",Arizona Cardinals,San Francisco 49ers,Stephen Anderson,ARI,Arizona Cardinals,away,38,10,TE,0,0.0,0,0,0,0,0,0,0,0,0,1,0,0,0,0
2022,11,"64 degrees, relative humidity 52%, wind 4 mph",Arizona Cardinals,San Francisco 49ers,Trace McSorley,ARI,Arizona Cardinals,away,38,10,QB,11,16.176470588235293,6,10,59,0,1,0,1,6,0,0,0,0,0,0
2022,11,"64 degrees, relative humidity 52%, wind 4 mph",Arizona Cardinals,San Francisco 49ers,Trey McBride,ARI,Arizona Cardinals,away,38,10,TE,0,0.0,0,0,0,0,0,0,0,0,0,4,4,14,0,0
2022,11,,Chicago Bears,Atlanta Falcons,Caleb Huntley,ATL,Chicago Bears,away,27,24,RB,1,1.8867924528301887,0,0,0,0,0,0,1,4,0,1,1,2,0,0
2022,11,,Chicago Bears,Atlanta Falcons,Cordarrelle Patterson,ATL,Chicago Bears,away,27,24,RB,10,18.867924528301888,0,0,0,0,0,0,10,52,0,2,2,7,0,1
2022,11,,Chicago Bears,Atlanta Falcons,Damiere Byrd,ATL,Chicago Bears,away,27,24,WR,0,0.0,0,0,0,0,0,0,0,0,0,2,2,29,0,0
2022,11,,Chicago Bears,Atlanta Falcons,Drake London,ATL,Chicago Bears,away,27,24,WR,0,0.0,0,0,0,0,0,0,0,0,0,3,1,2,1,0
2022,11,,Chicago Bears,Atlanta Falcons,KhaDarel Hodge,ATL,Chicago Bears,away,27,24,WR,0,0.0,0,0,0,0,0,0,0,0,0,1,1,13,0,0
2022,11,,Chicago Bears,Atlanta Falcons,Kyle Pitts,ATL,Chicago Bears,away,27,24,TE,0,0.0,0,0,0,0,0,0,0,0,0,5,3,43,0,0
2022,11,,Chicago Bears,Atlanta Falcons,Marcus Mariota,ATL,Chicago Bears,away,27,24,QB,33,62.264150943396224,13,20,131,1,0,0,13,25,1,0,0,0,0,0
2022,11,,Chicago Bears,Atlanta Falcons,MyCole Pruitt,ATL,Chicago Bears,away,27,24,TE,0,0.0,0,0,0,0,0,0,0,0,0,1,1,17,0,0
2022,11,,Chicago Bears,Atlanta Falcons,Olamide Zaccheaus,ATL,Chicago Bears,away,27,24,WR,1,1.8867924528301887,0,0,0,0,0,0,1,13,0,2,1,9,0,0
2022,11,,Chicago Bears,Atlanta Falcons,Tyler Allgeier,ATL,Chicago Bears,away,27,24,RB,8,15.09433962264151,0,0,0,0,0,0,8,55,0,1,1,9,0,0
2022,11,"36 degrees, relative humidity 24%, wind 2 mph",Carolina Panthers,Baltimore Ravens,Demarcus Robinson,BAL,Carolina Panthers,away,13,3,WR,0,0.0,0,0,0,0,0,0,0,0,0,9,9,128,0,0
2022,11,"36 degrees, relative humidity 24%, wind 2 mph",Carolina Panthers,Baltimore Ravens,Devin Duvernay,BAL,Carolina Panthers,away,13,3,WR,1,1.5873015873015872,0,0,0,0,0,0,1,4,0,1,1,3,0,0
2022,11,"36 degrees, relative humidity 24%, wind 2 mph",Carolina Panthers,Baltimore Ravens,Isaiah Likely,BAL,Carolina Panthers,away,13,3,TE,0,0.0,0,0,0,0,0,0,0,0,0,3,1,1,0,0
2022,11,"36 degrees, relative humidity 24%, wind 2 mph",Carolina Panthers,Baltimore Ravens,James Proche,BAL,Carolina Panthers,away,13,3,WR,0,0.0,0,0,0,0,0,0,0,0,0,2,0,0,0,0
2022,11,"36 degrees, relative humidity 24%, wind 2 mph",Carolina Panthers,Baltimore Ravens,Josh Oliver,BAL,Carolina Panthers,away,13,3,TE,0,0.0,0,0,0,0,0,0,0,0,0,1,1,2,0,0
2022,11,"36 degrees, relative humidity 24%, wind 2 mph",Carolina Panthers,Baltimore Ravens,Justice Hill,BAL,Carolina Panthers,away,13,3,RB,7,11.11111111111111,0,0,0,0,0,0,7,30,0,3,3,8,0,0
2022,11,"36 degrees, relative humidity 24%, wind 2 mph",Carolina Panthers,Baltimore Ravens,Kenyan Drake,BAL,Carolina Panthers,away,13,3,RB,10,15.873015873015872,0,0,0,0,0,0,10,46,0,4,2,7,0,0
2022,11,"36 degrees, relative humidity 24%, wind 2 mph",Carolina Panthers,Baltimore Ravens,Lamar Jackson,BAL,Carolina Panthers,away,13,3,QB,44,69.84126984126983,24,33,209,0,1,3,11,31,1,0,0,0,0,0
2022,11,"36 degrees, relative humidity 24%, wind 2 mph",Carolina Panthers,Baltimore Ravens,Mark Andrews,BAL,Carolina Panthers,away,13,3,TE,0,0.0,0,0,0,0,0,0,0,0,0,8,6,63,0,0
2022,11,"36 degrees, relative humidity 24%, wind 2 mph",Carolina Panthers,Baltimore Ravens,Mike Davis,BAL,Carolina Panthers,away,13,3,RB,0,0.0,0,0,0,0,0,0,0,0,0,1,1,-3,0,0
2022,11,"36 degrees, relative humidity 24%, wind 2 mph",Carolina Panthers,Baltimore Ravens,Patrick Ricard,BAL,Carolina Panthers,away,13,3,FB,1,1.5873015873015872,0,0,0,0,0,0,1,4,0,0,0,0,0,0
2022,11,,Cleveland Browns,Buffalo Bills,Dawson Knox,BUF,Cleveland Browns,away,31,23,TE,0,0.0,0,0,0,0,0,0,0,0,0,7,7,70,0,0
2022,11,,Cleveland Browns,Buffalo Bills,Devin Singletary,BUF,Cleveland Browns,away,31,23,RB,18,30.0,0,0,0,0,0,0,18,86,1,2,2,11,0,0
2022,11,,Cleveland Browns,Buffalo Bills,Gabriel Davis,BUF,Cleveland Browns,away,31,23,WR,0,0.0,0,0,0,0,0,0,0,0,0,7,5,68,0,0
2022,11,,Cleveland Browns,Buffalo Bills,Isaiah McKenzie,BUF,Cleveland Browns,away,31,23,WR,0,0.0,0,0,0,0,0,0,0,0,0,1,0,0,0,0
2022,11,,Cleveland Browns,Buffalo Bills,James Cook,BUF,Cleveland Browns,away,31,23,RB,11,18.333333333333332,0,0,0,0,0,0,11,86,0,1,0,0,0,0
2022,11,,Cleveland Browns,Buffalo Bills,Josh Allen,BUF,Cleveland Browns,away,31,23,QB,30,50.0,18,27,197,1,0,2,3,7,0,0,0,0,0,0
2022,11,,Cleveland Browns,Buffalo Bills,Nyheim Hines,BUF,Cleveland Browns,away,31,23,RB,1,1.6666666666666667,0,0,0,0,0,0,1,-8,0,1,0,0,0,0
2022,11,,Cleveland Browns,Buffalo Bills,Stefon Diggs,BUF,Cleveland Browns,away,31,23,WR,0,0.0,0,0,0,0,0,0,0,0,0,5,4,48,1,0
2022,11,"36 degrees, relative humidity 24%, wind 2 mph",Carolina Panthers,Baltimore Ravens,Baker Mayfield,CAR,Carolina Panthers,away,13,3,QB,35,70.0,21,33,196,0,2,4,2,12,0,0,0,0,0,0
2022,11,"36 degrees, relative humidity 24%, wind 2 mph",Carolina Panthers,Baltimore Ravens,Chuba Hubbard,CAR,Carolina Panthers,away,13,3,RB,4,8.0,0,0,0,0,0,0,4,0,0,3,2,25,0,0
2022,11,"36 degrees, relative humidity 24%, wind 2 mph",Carolina Panthers,Baltimore Ravens,D'Onta Foreman,CAR,Carolina Panthers,away,13,3,RB,11,22.0,0,0,0,0,0,0,11,24,0,1,0,0,0,0
2022,11,"36 degrees, relative humidity 24%, wind 2 mph",Carolina Panthers,Baltimore Ravens,D.J. Moore,CAR,Carolina Panthers,away,13,3,WR,0,0.0,0,0,0,0,0,0,0,0,0,5,3,24,0,0
2022,11,"36 degrees, relative humidity 24%, wind 2 mph",Carolina Panthers,Baltimore Ravens,Ian Thomas,CAR,Carolina Panthers,away,13,3,TE,0,0.0,0,0,0,0,0,0,0,0,0,4,3,24,0,0
2022,11,"36 degrees, relative humidity 24%, wind 2 mph",Carolina Panthers,Baltimore Ravens,Laviska Shenault Jr.,CAR,Carolina Panthers,away,13,3,WR,0,0.0,0,0,0,0,0,0,0,0,0,4,4,7,0,0
2022,11,"36 degrees, relative humidity 24%, wind 2 mph",Carolina Panthers,Baltimore Ravens,Raheem Blackshear,CAR,Carolina Panthers,away,13,3,RB,0,0.0,0,0,0,0,0,0,0,0,0,3,2,14,0,0
2022,11,"36 degrees, relative humidity 24%, wind 2 mph",Carolina Panthers,Baltimore Ravens,Shi Smith,CAR,Carolina Panthers,away,13,3,WR,0,0.0,0,0,0,0,0,0,0,0,0,5,4,26,0,2
2022,11,"36 degrees, relative humidity 24%, wind 2 mph",Carolina Panthers,Baltimore Ravens,Terrace Marshall Jr.,CAR,Carolina Panthers,away,13,3,WR,0,0.0,0,0,0,0,0,0,0,0,0,6,3,76,0,0
2022,11,,Chicago Bears,Atlanta Falcons,Chase Claypool,CHI,Chicago Bears,away,27,24,WR,0,0.0,0,0,0,0,0,0,0,0,0,3,2,11,0,0
2022,11,,Chicago Bears,Atlanta Falcons,Cole Kmet,CHI,Chicago Bears,away,27,24,TE,0,0.0,0,0,0,0,0,0,0,0,0,4,3,35,0,0
2022,11,,Chicago Bears,Atlanta Falcons,Darnell Mooney,CHI,Chicago Bears,away,27,24,WR,0,0.0,0,0,0,0,0,0,0,0,0,5,4,29,1,0
2022,11,,Chicago Bears,Atlanta Falcons,David Montgomery,CHI,Chicago Bears,away,27,24,RB,17,27.419354838709676,0,0,0,0,0,0,17,67,1,4,3,54,0,0
2022,11,,Chicago Bears,Atlanta Falcons,Equanimeous St. Brown,CHI,Chicago Bears,away,27,24,WR,0,0.0,0,0,0,0,0,0,0,0,0,2,2,24,0,0
2022,11,,Chicago Bears,Atlanta Falcons,Justin Fields,CHI,Chicago Bears,away,27,24,QB,39,62.903225806451616,14,21,153,1,1,4,18,85,1,0,0,0,0,1
2022,11,,Chicago Bears,Atlanta Falcons,Trestan Ebner,CHI,Chicago Bears,away,27,24,RB,6,9.67741935483871,0,0,0,0,0,0,6,8,0,1,0,0,0,0
2022,11,"27 degrees, relative humidity 38%, wind 12 mph",Pittsburgh Steelers,Cincinnati Bengals,Hayden Hurst,CIN,Pittsburgh Steelers,away,37,30,TE,0,0.0,0,0,0,0,0,0,0,0,0,3,2,28,0,0
2022,11,"27 degrees, relative humidity 38%, wind 12 mph",Pittsburgh Steelers,Cincinnati Bengals,Joe Burrow,CIN,Pittsburgh Steelers,away,37,30,QB,43,68.25396825396825,24,39,355,4,2,2,4,5,0,0,0,0,0,0
2022,11,"27 degrees, relative humidity 38%, wind 12 mph",Pittsburgh Steelers,Cincinnati Bengals,Joe Mixon,CIN,Pittsburgh Steelers,away,37,30,RB,7,11.11111111111111,0,0,0,0,0,0,7,20,0,3,3,42,0,0
2022,11,"27 degrees, relative humidity 38%, wind 12 mph",Pittsburgh Steelers,Cincinnati Bengals,Mike Thomas,CIN,Pittsburgh Steelers,away,37,30,WR,0,0.0,0,0,0,0,0,0,0,0,0,1,0,0,0,0
2022,11,"27 degrees, relative humidity 38%, wind 12 mph",Pittsburgh Steelers,Cincinnati Bengals,Samaje Perine,CIN,Pittsburgh Steelers,away,37,30,RB,11,17.46031746031746,0,0,0,0,0,0,11,30,0,4,4,52,3,0
2022,11,"27 degrees, relative humidity 38%, wind 12 mph",Pittsburgh Steelers,Cincinnati Bengals,Tee Higgins,CIN,Pittsburgh Steelers,away,37,30,WR,0,0.0,0,0,0,0,0,0,0,0,0,13,9,148,0,0
2022,11,"27 degrees, relative humidity 38%, wind 12 mph",Pittsburgh Steelers,Cincinnati Bengals,Trayveon Williams,CIN,Pittsburgh Steelers,away,37,30,RB,2,3.1746031746031744,0,0,0,0,0,0,2,7,0,1,0,0,0,0
2022,11,"27 degrees, relative humidity 38%, wind 12 mph",Pittsburgh Steelers,Cincinnati Bengals,Trent Taylor,CIN,Pittsburgh Steelers,away,37,30,WR,0,0.0,0,0,0,0,0,0,0,0,0,1,1,1,0,0
2022,11,"27 degrees, relative humidity 38%, wind 12 mph",Pittsburgh Steelers,Cincinnati Bengals,Trenton Irwin,CIN,Pittsburgh Steelers,away,37,30,WR,0,0.0,0,0,0,0,0,0,0,0,0,4,3,42,1,0
2022,11,"27 degrees, relative humidity 38%, wind 12 mph",Pittsburgh Steelers,Cincinnati Bengals,Tyler Boyd,CIN,Pittsburgh Steelers,away,37,30,WR,0,0.0,0,0,0,0,0,0,0,0,0,7,2,42,0,0
2022,11,,Cleveland Browns,Buffalo Bills,Amari Cooper,CLE,Cleveland Browns,away,31,23,WR,0,0.0,0,0,0,0,0,0,0,0,0,12,8,113,2,0
2022,11,,Cleveland Browns,Buffalo Bills,David Bell,CLE,Cleveland Browns,away,31,23,WR,0,0.0,0,0,0,0,0,0,0,0,0,5,4,22,0,0
2022,11,,Cleveland Browns,Buffalo Bills,David Njoku,CLE,Cleveland Browns,away,31,23,TE,0,0.0,0,0,0,0,0,0,0,0,0,3,2,17,0,0
2022,11,,Cleveland Browns,Buffalo Bills,Donovan Peoples-Jones,CLE,Cleveland Browns,away,31,23,WR,0,0.0,0,0,0,0,0,0,0,0,0,6,5,61,1,0
2022,11,,Cleveland Browns,Buffalo Bills,Harrison Bryant,CLE,Cleveland Browns,away,31,23,TE,0,0.0,0,0,0,0,0,0,0,0,0,7,4,41,0,0
2022,11,,Cleveland Browns,Buffalo Bills,Jacoby Brissett,CLE,Cleveland Browns,away,31,23,QB,48,71.64179104477611,28,41,324,3,0,1,7,29,0,0,0,0,0,1
2022,11,,Cleveland Browns,Buffalo Bills,Kareem Hunt,CLE,Cleveland Browns,away,31,23,RB,5,7.462686567164178,0,0,0,0,0,0,5,32,0,2,2,22,0,0
2022,11,,Cleveland Browns,Buffalo Bills,Nick Chubb,CLE,Cleveland Browns,away,31,23,RB,14,20.8955223880597,0,0,0,0,0,0,14,19,0,3,3,48,0,0
2022,11,,Cleveland Browns,Buffalo Bills,Pharaoh Brown,CLE,Cleveland Browns,away,31,23,TE,0,0.0,0,0,0,0,0,0,0,0,0,1,0,0,0,0
2022,11,,Minnesota Vikings,Dallas Cowboys,CeeDee Lamb,DAL,Minnesota Vikings,away,40,3,WR,0,0.0,0,0,0,0,0,0,0,0,0,5,5,45,0,0
2022,11,,Minnesota Vikings,Dallas Cowboys,Cooper Rush,DAL,Minnesota Vikings,away,40,3,QB,5,7.142857142857142,4,5,31,0,0,0,0,0,0,0,0,0,0,0
2022,11,,Minnesota Vikings,Dallas Cowboys,Dak Prescott,DAL,Minnesota Vikings,away,40,3,QB,28,40.0,22,25,276,2,0,0,3,16,0,0,0,0,0,0
2022,11,,Minnesota Vikings,Dallas Cowboys,Dalton Schultz,DAL,Minnesota Vikings,away,40,3,TE,0,0.0,0,0,0,0,0,0,0,0,0,5,3,22,0,0
2022,11,,Minnesota Vikings,Dallas Cowboys,Ezekiel Elliott,DAL,Minnesota Vikings,away,40,3,RB,15,21.428571428571427,0,0,0,0,0,0,15,42,2,1,1,5,0,0
2022,11,,Minnesota Vikings,Dallas Cowboys,Jake Ferguson,DAL,Minnesota Vikings,away,40,3,TE,0,0.0,0,0,0,0,0,0,0,0,0,2,2,15,0,0
2022,11,,Minnesota Vikings,Dallas Cowboys,Jalen Tolbert,DAL,Minnesota Vikings,away,40,3,WR,0,0.0,0,0,0,0,0,0,0,0,0,1,1,8,0,0
2022,11,,Minnesota Vikings,Dallas Cowboys,Malik Davis,DAL,Minnesota Vikings,away,40,3,RB,7,10.0,0,0,0,0,0,0,7,13,0,3,2,22,0,0
2022,11,,Minnesota Vikings,Dallas Cowboys,Michael Gallup,DAL,Minnesota Vikings,away,40,3,WR,0,0.0,0,0,0,0,0,0,0,0,0,4,3,41,0,0
2022,11,,Minnesota Vikings,Dallas Cowboys,Noah Brown,DAL,Minnesota Vikings,away,40,3,WR,0,0.0,0,0,0,0,0,0,0,0,0,2,2,42,0,0
2022,11,,Minnesota Vikings,Dallas Cowboys,Peyton Hendershot,DAL,Minnesota Vikings,away,40,3,TE,0,0.0,0,0,0,0,0,0,0,0,0,1,1,-2,0,0
2022,11,,Minnesota Vikings,Dallas Cowboys,Tony Pollard,DAL,Minnesota Vikings,away,40,3,RB,15,21.428571428571427,0,0,0,0,0,0,15,80,0,6,6,109,2,0
2022,11,"49 degrees, relative humidity 23%, wind 11 mph",Denver Broncos,Las Vegas Raiders,Brandon Johnson,DEN,Denver Broncos,away,22,16,WR,0,0.0,0,0,0,0,0,0,0,0,0,2,1,2,0,0
2022,11,"49 degrees, relative humidity 23%, wind 11 mph",Denver Broncos,Las Vegas Raiders,Chase Edmonds,DEN,Denver Broncos,away,22,16,RB,2,3.389830508474576,0,0,0,0,0,0,2,6,0,0,0,0,0,0
2022,11,"49 degrees, relative humidity 23%, wind 11 mph",Denver Broncos,Las Vegas Raiders,Courtland Sutton,DEN,Denver Broncos,away,22,16,WR,0,0.0,0,0,0,0,0,0,0,0,0,7,5,80,0,0
2022,11,"49 degrees, relative humidity 23%, wind 11 mph",Denver Broncos,Las Vegas Raiders,Eric Saubert,DEN,Denver Broncos,away,22,16,TE,0,0.0,0,0,0,0,0,0,0,0,0,2,2,16,0,0
2022,11,"49 degrees, relative humidity 23%, wind 11 mph",Denver Broncos,Las Vegas Raiders,Greg Dulcich,DEN,Denver Broncos,away,22,16,TE,0,0.0,0,0,0,0,0,0,0,0,0,5,4,30,0,0
2022,11,"49 degrees, relative humidity 23%, wind 11 mph",Denver Broncos,Las Vegas Raiders,Kendall Hinton,DEN,Denver Broncos,away,22,16,WR,0,0.0,0,0,0,0,0,0,0,0,0,3,3,57,0,0
2022,11,"49 degrees, relative humidity 23%, wind 11 mph",Denver Broncos,Las Vegas Raiders,Latavius Murray,DEN,Denver Broncos,away,22,16,RB,17,28.8135593220339,0,0,0,0,0,0,17,49,1,4,4,23,0,0
2022,11,"49 degrees, relative humidity 23%, wind 11 mph",Denver Broncos,Las Vegas Raiders,Melvin Gordon,DEN,Denver Broncos,away,22,16,RB,8,13.559322033898304,0,0,0,0,0,0,8,31,0,5,5,39,0,1
2022,11,"49 degrees, relative humidity 23%, wind 11 mph",Denver Broncos,Las Vegas Raiders,Russell Wilson,DEN,Denver Broncos,away,22,16,QB,32,54.23728813559322,24,31,247,0,0,3,1,8,0,0,0,0,0,0
2022,11,"35 degrees, relative humidity 30%, wind 21 mph",New York Giants,Detroit Lions,Amon-Ra St. Brown,DET,New York Giants,away,31,18,WR,1,1.5873015873015872,0,0,0,0,0,0,1,4,0,8,7,76,0,0
2022,11,"35 degrees, relative humidity 30%, wind 21 mph",New York Giants,Detroit Lions,Brock Wright,DET,New York Giants,away,31,18,TE,0,0.0,0,0,0,0,0,0,0,0,0,2,2,20,0,0
2022,11,"35 degrees, relative humidity 30%, wind 21 mph",New York Giants,Detroit Lions,D'Andre Swift,DET,New York Giants,away,31,18,RB,5,7.936507936507936,0,0,0,0,0,0,5,20,1,3,3,12,0,1
2022,11,"35 degrees, relative humidity 30%, wind 21 mph",New York Giants,Detroit Lions,DJ Chark,DET,New York Giants,away,31,18,WR,0,0.0,0,0,0,0,0,0,0,0,0,1,0,0,0,0
2022,11,"35 degrees, relative humidity 30%, wind 21 mph",New York Giants,Detroit Lions,Jamaal Williams,DET,New York Giants,away,31,18,RB,17,26.984126984126984,0,0,0,0,0,0,17,64,3,0,0,0,0,0
2022,11,"35 degrees, relative humidity 30%, wind 21 mph",New York Giants,Detroit Lions,Jared Goff,DET,New York Giants,away,31,18,QB,30,47.61904761904761,17,26,165,0,0,0,4,-1,0,0,0,0,0,0
2022,11,"35 degrees, relative humidity 30%, wind 21 mph",New York Giants,Detroit Lions,Jason Cabinda,DET,New York Giants,away,31,18,FB,0,0.0,0,0,0,0,0,0,0,0,0,2,0,0,0,0
2022,11,"35 degrees, relative humidity 30%, wind 21 mph",New York Giants,Detroit Lions,Justin Jackson,DET,New York Giants,away,31,18,RB,9,14.285714285714285,0,0,0,0,0,0,9,66,0,1,1,11,0,0
2022,11,"35 degrees, relative humidity 30%, wind 21 mph",New York Giants,Detroit Lions,Kalif Raymond,DET,New York Giants,away,31,18,WR,1,1.5873015873015872,0,0,0,0,0,0,1,7,0,7,3,33,0,0
2022,11,"35 degrees, relative humidity 30%, wind 21 mph",New York Giants,Detroit Lions,Tom Kennedy,DET,New York Giants,away,31,18,WR,0,0.0,0,0,0,0,0,0,0,0,0,1,1,13,0,0
2022,11,"25 degrees, relative humidity 81%, wind 11 mph",Green Bay Packers,Tennessee Titans,AJ Dillon,GNB,Green Bay Packers,away,27,17,RB,6,10.344827586206897,0,0,0,0,0,0,6,13,0,1,1,10,0,0
2022,11,"25 degrees, relative humidity 81%, wind 11 mph",Green Bay Packers,Tennessee Titans,Aaron Jones,GNB,Green Bay Packers,away,27,17,RB,12,20.689655172413794,0,0,0,0,0,0,12,40,0,7,6,20,0,1
2022,11,"25 degrees, relative humidity 81%, wind 11 mph",Green Bay Packers,Tennessee Titans,Aaron Rodgers,GNB,Green Bay Packers,away,27,17,QB,39,67.24137931034483,24,39,227,2,0,1,0,0,0,0,0,0,0,0
2022,11,"25 degrees, relative humidity 81%, wind 11 mph",Green Bay Packers,Tennessee Titans,Allen Lazard,GNB,Green Bay Packers,away,27,17,WR,0,0.0,0,0,0,0,0,0,0,0,0,11,5,57,0,0
2022,11,"25 degrees, relative humidity 81%, wind 11 mph",Green Bay Packers,Tennessee Titans,Christian Watson,GNB,Green Bay Packers,away,27,17,WR,1,1.7241379310344827,0,0,0,0,0,0,1,3,0,6,4,48,2,0
2022,11,"25 degrees, relative humidity 81%, wind 11 mph",Green Bay Packers,Tennessee Titans,Randall Cobb,GNB,Green Bay Packers,away,27,17,WR,0,0.0,0,0,0,0,0,0,0,0,0,6,6,73,0,0
2022,11,"25 degrees, relative humidity 81%, wind 11 mph",Green Bay Packers,Tennessee Titans,Robert Tonyan,GNB,Green Bay Packers,away,27,17,TE,0,0.0,0,0,0,0,0,0,0,0,0,4,2,19,0,0
2022,11,"25 degrees, relative humidity 81%, wind 11 mph",Green Bay Packers,Tennessee Titans,Sammy Watkins,GNB,Green Bay Packers,away,27,17,WR,0,0.0,0,0,0,0,0,0,0,0,0,2,0,0,0,0
2022,11,,Houston Texans,Washington Commanders,Brandin Cooks,HOU,Houston Texans,away,23,10,WR,0,0.0,0,0,0,0,0,0,0,0,0,6,3,70,0,0
2022,11,,Houston Texans,Washington Commanders,Chris Moore,HOU,Houston Texans,away,23,10,WR,1,2.0408163265306123,0,0,0,0,0,0,1,3,0,7,5,20,0,0
2022,11,,Houston Texans,Washington Commanders,Dameon Pierce,HOU,Houston Texans,away,23,10,RB,10,20.408163265306122,0,0,0,0,0,0,10,8,0,3,2,9,0,0
2022,11,,Houston Texans,Washington Commanders,Dare Ogunbowale,HOU,Houston Texans,away,23,10,RB,0,0.0,0,0,0,0,0,0,0,0,0,1,1,5,0,0
2022,11,,Houston Texans,Washington Commanders,Davis Mills,HOU,Houston Texans,away,23,10,QB,38,77.55102040816327,19,33,169,0,2,5,5,10,1,0,0,0,0,0
2022,11,,Houston Texans,Washington Commanders,Jordan Akins,HOU,Houston Texans,away,23,10,TE,0,0.0,0,0,0,0,0,0,0,0,0,3,2,8,0,0
2022,11,,Houston Texans,Washington Commanders,Nico Collins,HOU,Houston Texans,away,23,10,WR,0,0.0,0,0,0,0,0,0,0,0,0,7,5,48,0,0
2022,11,,Houston Texans,Washington Commanders,O.J. Howard,HOU,Houston Texans,away,23,10,TE,0,0.0,0,0,0,0,0,0,0,0,0,3,1,9,0,0
2022,11,,Houston Texans,Washington Commanders,Phillip Dorsett,HOU,Houston Texans,away,23,10,WR,0,0.0,0,0,0,0,0,0,0,0,0,1,0,0,0,0
2022,11,,Houston Texans,Washington Commanders,Teagan Quitoriano,HOU,Houston Texans,away,23,10,TE,0,0.0,0,0,0,0,0,0,0,0,0,1,0,0,0,0
2022,11,,Indianapolis Colts,Philadelphia Eagles,Alec Pierce,IND,Indianapolis Colts,away,17,16,WR,0,0.0,0,0,0,0,0,0,0,0,0,8,3,28,0,0
2022,11,,Indianapolis Colts,Philadelphia Eagles,Deon Jackson,IND,Indianapolis Colts,away,17,16,RB,1,1.7241379310344827,0,0,0,0,0,0,1,7,0,4,4,3,0,0
2022,11,,Indianapolis Colts,Philadelphia Eagles,Jonathan Taylor,IND,Indianapolis Colts,away,17,16,RB,22,37.93103448275862,0,0,0,0,0,0,22,84,1,4,3,10,0,1
2022,11,,Indianapolis Colts,Philadelphia Eagles,Kylen Granson,IND,Indianapolis Colts,away,17,16,TE,0,0.0,0,0,0,0,0,0,0,0,0,1,1,16,0,0
2022,11,,Indianapolis Colts,Philadelphia Eagles,Matt Ryan,IND,Indianapolis Colts,away,17,16,QB,33,56.896551724137936,23,32,213,0,0,4,1,1,0,0,0,0,0,0
2022,11,,Indianapolis Colts,Philadelphia Eagles,Michael Pittman Jr.,IND,Indianapolis Colts,away,17,16,WR,0,0.0,0,0,0,0,0,0,0,0,0,7,6,75,0,0
2022,11,,Indianapolis Colts,Philadelphia Eagles,Mo Alie-Cox,IND,Indianapolis Colts,away,17,16,TE,0,0.0,0,0,0,0,0,0,0,0,0,1,1,14,0,0
2022,11,,Indianapolis Colts,Philadelphia Eagles,Parris Campbell,IND,Indianapolis Colts,away,17,16,WR,0,0.0,0,0,0,0,0,0,0,0,0,6,5,67,0,0
2022,11,,Indianapolis Colts,Philadelphia Eagles,Zack Moss,IND,Indianapolis Colts,away,17,16,RB,2,3.4482758620689653,0,0,0,0,0,0,2,7,0,0,0,0,0,0
2022,11,,Los Angeles Chargers,Kansas City Chiefs,Clyde Edwards-Helaire,KAN,Los Angeles Chargers,away,30,27,RB,2,3.278688524590164,0,0,0,0,0,0,2,9,0,0,0,0,0,0
2022,11,,Los Angeles Chargers,Kansas City Chiefs,Isiah Pacheco,KAN,Los Angeles Chargers,away,30,27,RB,15,24.59016393442623,0,0,0,0,0,0,15,107,0,0,0,0,0,0
2022,11,,Los Angeles Chargers,Kansas City Chiefs,Jerick McKinnon,KAN,Los Angeles Chargers,away,30,27,RB,6,9.836065573770492,0,0,0,0,0,0,6,24,0,1,1,0,0,1
2022,11,,Los Angeles Chargers,Kansas City Chiefs,Jody Fortson,KAN,Los Angeles Chargers,away,30,27,TE,0,0.0,0,0,0,0,0,0,0,0,0,2,2,51,0,0
2022,11,,Los Angeles Chargers,Kansas City Chiefs,Justin Watson,KAN,Los Angeles Chargers,away,30,27,WR,0,0.0,0,0,0,0,0,0,0,0,0,4,3,67,0,0
2022,11,,Los Angeles Chargers,Kansas City Chiefs,Kadarius Toney,KAN,Los Angeles Chargers,away,30,27,WR,0,0.0,0,0,0,0,0,0,0,0,0,1,0,0,0,0
2022,11,,Los Angeles Chargers,Kansas City Chiefs,Marquez Valdes-Scantling,KAN,Los Angeles Chargers,away,30,27,WR,0,0.0,0,0,0,0,0,0,0,0,0,4,1,18,0,0
2022,11,,Los Angeles Chargers,Kansas City Chiefs,Noah Gray,KAN,Los Angeles Chargers,away,30,27,TE,0,0.0,0,0,0,0,0,0,0,0,0,3,2,15,0,0
2022,11,,Los Angeles Chargers,Kansas City Chiefs,Patrick Mahomes,KAN,Los Angeles Chargers,away,30,27,QB,38,62.295081967213115,20,34,329,3,0,1,4,23,0,0,0,0,0,1
2022,11,,Los Angeles Chargers,Kansas City Chiefs,Skyy Moore,KAN,Los Angeles Chargers,away,30,27,WR,0,0.0,0,0,0,0,0,0,0,0,0,6,5,63,0,0
2022,11,,Los Angeles Chargers,Kansas City Chiefs,Travis Kelce,KAN,Los Angeles Chargers,away,30,27,TE,0,0.0,0,0,0,0,0,0,0,0,0,10,6,115,3,0
2022,11,,Los Angeles Chargers,Kansas City Chiefs,Austin Ekeler,LAC,Los Angeles Chargers,away,30,27,RB,19,31.666666666666664,0,0,0,0,0,0,19,83,1,2,2,17,0,0
2022,11,,Los Angeles Chargers,Kansas City Chiefs,DeAndre Carter,LAC,Los Angeles Chargers,away,30,27,WR,0,0.0,0,0,0,0,0,0,0,0,0,3,3,33,0,0
2022,11,,Los Angeles Chargers,Kansas City Chiefs,Isaiah Spiller,LAC,Los Angeles Chargers,away,30,27,RB,4,6.666666666666667,0,0,0,0,0,0,4,11,0,2,2,11,0,0
2022,11,,Los Angeles Chargers,Kansas City Chiefs,Josh Palmer,LAC,Los Angeles Chargers,away,30,27,WR,0,0.0,0,0,0,0,0,0,0,0,0,10,8,106,2,0
2022,11,,Los Angeles Chargers,Kansas City Chiefs,Justin Herbert,LAC,Los Angeles Chargers,away,30,27,QB,35,58.333333333333336,23,30,280,2,1,5,5,17,0,1,1,-2,0,0
2022,11,,Los Angeles Chargers,Kansas City Chiefs,Keenan Allen,LAC,Los Angeles Chargers,away,30,27,WR,0,0.0,0,0,0,0,0,0,0,0,0,8,5,94,0,1
2022,11,,Los Angeles Chargers,Kansas City Chiefs,Michael Bandy,LAC,Los Angeles Chargers,away,30,27,WR,0,0.0,0,0,0,0,0,0,0,0,0,1,0,0,0,0
2022,11,,Los Angeles Chargers,Kansas City Chiefs,Mike Williams,LAC,Los Angeles Chargers,away,30,27,WR,0,0.0,0,0,0,0,0,0,0,0,0,1,1,15,0,0
2022,11,,Los Angeles Chargers,Kansas City Chiefs,Sony Michel,LAC,Los Angeles Chargers,away,30,27,RB,1,1.6666666666666667,0,0,0,0,0,0,1,1,0,0,0,0,0,0
2022,11,,Los Angeles Chargers,Kansas City Chiefs,Stone Smartt,LAC,Los Angeles Chargers,away,30,27,TE,0,0.0,0,0,0,0,0,0,0,0,0,1,1,6,0,0
2022,11,,Los Angeles Chargers,Kansas City Chiefs,Zander Horvath,LAC,Los Angeles Chargers,away,30,27,RB,1,1.6666666666666667,0,0,0,0,0,0,1,3,0,0,0,0,0,0
2022,11,,Los Angeles Rams,New Orleans Saints,Allen Robinson,LAR,Los Angeles Rams,away,27,20,WR,0,0.0,0,0,0,0,0,0,0,0,0,5,4,47,1,0
2022,11,,Los Angeles Rams,New Orleans Saints,Ben Skowronek,LAR,Los Angeles Rams,away,27,20,WR,0,0.0,0,0,0,0,0,0,0,0,0,4,1,4,0,0
2022,11,,Los Angeles Rams,New Orleans Saints,Brandon Powell,LAR,Los Angeles Rams,away,27,20,WR,1,1.7241379310344827,0,0,0,0,0,0,1,-1,0,2,2,16,0,0
2022,11,,Los Angeles Rams,New Orleans Saints,Bryce Perkins,LAR,Los Angeles Rams,away,27,20,QB,15,25.862068965517242,5,10,64,0,0,3,5,39,0,0,0,0,0,0
2022,11,,Los Angeles Rams,New Orleans Saints,Cam Akers,LAR,Los Angeles Rams,away,27,20,RB,14,24.137931034482758,0,0,0,0,0,0,14,61,0,0,0,0,0,0
2022,11,,Los Angeles Rams,New Orleans Saints,Darrell Henderson,LAR,Los Angeles Rams,away,27,20,RB,2,3.4482758620689653,0,0,0,0,0,0,2,9,0,0,0,0,0,0
2022,11,,Los Angeles Rams,New Orleans Saints,Kyren Williams,LAR,Los Angeles Rams,away,27,20,RB,7,12.068965517241379,0,0,0,0,0,0,7,36,0,2,1,8,0,0
2022,11,,Los Angeles Rams,New Orleans Saints,Matthew Stafford,LAR,Los Angeles Rams,away,27,20,QB,19,32.758620689655174,11,18,159,2,0,1,1,4,0,0,0,0,0,0
2022,11,,Los Angeles Rams,New Orleans Saints,Tutu Atwell,LAR,Los Angeles Rams,away,27,20,WR,0,0.0,0,0,0,0,0,0,0,0,0,1,1,62,1,0
2022,11,,Los Angeles Rams,New Orleans Saints,Tyler Higbee,LAR,Los Angeles Rams,away,27,20,TE,0,0.0,0,0,0,0,0,0,0,0,0,8,4,45,0,0
2022,11,,Los Angeles Rams,New Orleans Saints,Van Jefferson,LAR,Los Angeles Rams,away,27,20,WR,0,0.0,0,0,0,0,0,0,0,0,0,5,3,41,0,0
2022,11,"49 degrees, relative humidity 23%, wind 11 mph",Denver Broncos,Las Vegas Raiders,Ameer Abdullah,LVR,Denver Broncos,away,22,16,RB,0,0.0,0,0,0,0,0,0,0,0,0,4,3,5,0,0
2022,11,"49 degrees, relative humidity 23%, wind 11 mph",Denver Broncos,Las Vegas Raiders,Brandon Bolden,LVR,Denver Broncos,away,22,16,RB,0,0.0,0,0,0,0,0,0,0,0,0,1,1,4,0,0
2022,11,"49 degrees, relative humidity 23%, wind 11 mph",Denver Broncos,Las Vegas Raiders,Davante Adams,LVR,Denver Broncos,away,22,16,WR,0,0.0,0,0,0,0,0,0,0,0,0,13,7,141,2,0
2022,11,"49 degrees, relative humidity 23%, wind 11 mph",Denver Broncos,Las Vegas Raiders,Derek Carr,LVR,Denver Broncos,away,22,16,QB,37,60.65573770491803,23,37,307,2,0,1,0,0,0,0,0,0,0,0
2022,11,"49 degrees, relative humidity 23%, wind 11 mph",Denver Broncos,Las Vegas Raiders,Foster Moreau,LVR,Denver Broncos,away,22,16,TE,0,0.0,0,0,0,0,0,0,0,0,0,3,1,33,0,0
2022,11,"49 degrees, relative humidity 23%, wind 11 mph",Denver Broncos,Las Vegas Raiders,Jakob Johnson,LVR,Denver Broncos,away,22,16,FB,0,0.0,0,0,0,0,0,0,0,0,0,1,1,0,0,0
2022,11,"49 degrees, relative humidity 23%, wind 11 mph",Denver Broncos,Las Vegas Raiders,Josh Jacobs,LVR,Denver Broncos,away,22,16,RB,24,39.34426229508197,0,0,0,0,0,0,24,109,0,4,3,51,0,0
2022,11,"49 degrees, relative humidity 23%, wind 11 mph",Denver Broncos,Las Vegas Raiders,Keelan Cole,LVR,Denver Broncos,away,22,16,WR,0,0.0,0,0,0,0,0,0,0,0,0,2,1,21,0,0
2022,11,"49 degrees, relative humidity 23%, wind 11 mph",Denver Broncos,Las Vegas Raiders,Mack Hollins,LVR,Denver Broncos,away,22,16,WR,0,0.0,0,0,0,0,0,0,0,0,0,9,6,52,0,0
2022,11,,Minnesota Vikings,Dallas Cowboys,Adam Thielen,MIN,Minnesota Vikings,away,40,3,WR,0,0.0,0,0,0,0,0,0,0,0,0,3,2,25,0,0
2022,11,,Minnesota Vikings,Dallas Cowboys,Alexander Mattison,MIN,Minnesota Vikings,away,40,3,RB,2,4.25531914893617,0,0,0,0,0,0,2,0,0,1,1,8,0,0
2022,11,,Minnesota Vikings,Dallas Cowboys,Dalvin Cook,MIN,Minnesota Vikings,away,40,3,RB,11,23.404255319148938,0,0,0,0,0,0,11,72,0,1,0,0,0,0
2022,11,,Minnesota Vikings,Dallas Cowboys,Jalen Nailor,MIN,Minnesota Vikings,away,40,3,WR,0,0.0,0,0,0,0,0,0,0,0,0,3,1,15,0,0
2022,11,,Minnesota Vikings,Dallas Cowboys,Jalen Reagor,MIN,Minnesota Vikings,away,40,3,WR,0,0.0,0,0,0,0,0,0,0,0,0,1,1,14,0,1
2022,11,,Minnesota Vikings,Dallas Cowboys,Johnny Mundt,MIN,Minnesota Vikings,away,40,3,TE,0,0.0,0,0,0,0,0,0,0,0,0,1,1,8,0,0
2022,11,,Minnesota Vikings,Dallas Cowboys,Justin Jefferson,MIN,Minnesota Vikings,away,40,3,WR,0,0.0,0,0,0,0,0,0,0,0,0,5,3,33,0,0
2022,11,,Minnesota Vikings,Dallas Cowboys,K.J. Osborn,MIN,Minnesota Vikings,away,40,3,WR,0,0.0,0,0,0,0,0,0,0,0,0,3,2,17,0,0
2022,11,,Minnesota Vikings,Dallas Cowboys,Kene Nwangwu,MIN,Minnesota Vikings,away,40,3,RB,4,8.51063829787234,0,0,0,0,0,0,4,1,0,1,1,5,0,0
2022,11,,Minnesota Vikings,Dallas Cowboys,Kirk Cousins,MIN,Minnesota Vikings,away,40,3,QB,23,48.93617021276596,12,23,105,0,0,7,0,0,0,0,0,0,0,1
2022,11,,Minnesota Vikings,Dallas Cowboys,Nick Mullens,MIN,Minnesota Vikings,away,40,3,QB,7,14.893617021276595,5,7,54,0,0,0,0,0,0,0,0,0,0,0
2022,11,,Minnesota Vikings,Dallas Cowboys,T.J. Hockenson,MIN,Minnesota Vikings,away,40,3,TE,0,0.0,0,0,0,0,0,0,0,0,0,9,5,34,0,0
2022,11,,Los Angeles Rams,New Orleans Saints,Adam Trautman,NOR,Los Angeles Rams,away,27,20,TE,0,0.0,0,0,0,0,0,0,0,0,0,3,3,12,0,0
2022,11,,Los Angeles Rams,New Orleans Saints,Alvin Kamara,NOR,Los Angeles Rams,away,27,20,RB,12,23.076923076923077,0,0,0,0,0,0,12,42,0,5,4,47,0,0
2022,11,,Los Angeles Rams,New Orleans Saints,Andy Dalton,NOR,Los Angeles Rams,away,27,20,QB,27,51.92307692307693,21,25,260,3,0,3,2,-2,0,0,0,0,0,0
2022,11,,Los Angeles Rams,New Orleans Saints,Chris Olave,NOR,Los Angeles Rams,away,27,20,WR,0,0.0,0,0,0,0,0,0,0,0,0,6,5,102,1,0
2022,11,,Los Angeles Rams,New Orleans Saints,David Johnson,NOR,Los Angeles Rams,away,27,20,RB,1,1.9230769230769231,0,0,0,0,0,0,1,-4,0,1,1,11,0,0
2022,11,,Los Angeles Rams,New Orleans Saints,Jarvis Landry,NOR,Los Angeles Rams,away,27,20,WR,0,0.0,0,0,0,0,0,0,0,0,0,4,3,33,1,0
2022,11,,Los Angeles Rams,New Orleans Saints,Juwan Johnson,NOR,Los Angeles Rams,away,27,20,TE,0,0.0,0,0,0,0,0,0,0,0,0,4,3,47,1,0
2022,11,,Los Angeles Rams,New Orleans Saints,Marquez Callaway,NOR,Los Angeles Rams,away,27,20,WR,0,0.0,0,0,0,0,0,0,0,0,0,1,1,6,0,0
2022,11,,Los Angeles Rams,New Orleans Saints,Rashid Shaheed,NOR,Los Angeles Rams,away,27,20,WR,0,0.0,0,0,0,0,0,0,0,0,0,2,1,8,0,0
2022,11,,Los Angeles Rams,New Orleans Saints,Taysom Hill,NOR,Los Angeles Rams,away,27,20,TE,12,23.076923076923077,1,3,14,0,0,1,9,52,0,1,1,8,0,0
2022,11,"42 degrees, relative humidity 35%, wind 2 mph",New York Jets,New England Patriots,Damien Harris,NWE,New York Jets,away,10,3,RB,8,15.09433962264151,0,0,0,0,0,0,8,65,0,2,2,28,0,0
2022,11,"42 degrees, relative humidity 35%, wind 2 mph",New York Jets,New England Patriots,DeVante Parker,NWE,New York Jets,away,10,3,WR,0,0.0,0,0,0,0,0,0,0,0,0,2,2,19,0,0
2022,11,"42 degrees, relative humidity 35%, wind 2 mph",New York Jets,New England Patriots,Hunter Henry,NWE,New York Jets,away,10,3,TE,0,0.0,0,0,0,0,0,0,0,0,0,1,1,20,0,0
2022,11,"42 degrees, relative humidity 35%, wind 2 mph",New York Jets,New England Patriots,Jakobi Meyers,NWE,New York Jets,away,10,3,WR,0,0.0,0,0,0,0,0,0,0,0,0,6,4,52,0,0
2022,11,"42 degrees, relative humidity 35%, wind 2 mph",New York Jets,New England Patriots,Jonnu Smith,NWE,New York Jets,away,10,3,TE,1,1.8867924528301887,0,0,0,0,0,0,1,5,0,4,4,40,0,1
2022,11,"42 degrees, relative humidity 35%, wind 2 mph",New York Jets,New England Patriots,Kendrick Bourne,NWE,New York Jets,away,10,3,WR,0,0.0,0,0,0,0,0,0,0,0,0,1,1,8,0,0
2022,11,"42 degrees, relative humidity 35%, wind 2 mph",New York Jets,New England Patriots,Mac Jones,NWE,New York Jets,away,10,3,QB,29,54.71698113207547,23,27,246,0,0,6,2,3,0,0,0,0,0,0
2022,11,"42 degrees, relative humidity 35%, wind 2 mph",New York Jets,New England Patriots,Nelson Agholor,NWE,New York Jets,away,10,3,WR,0,0.0,0,0,0,0,0,0,0,0,0,3,2,18,0,0
2022,11,"42 degrees, relative humidity 35%, wind 2 mph",New York Jets,New England Patriots,Rhamondre Stevenson,NWE,New York Jets,away,10,3,RB,15,28.30188679245283,0,0,0,0,0,0,15,26,0,6,6,56,0,0
2022,11,"42 degrees, relative humidity 35%, wind 2 mph",New York Jets,New England Patriots,Tyquan Thornton,NWE,New York Jets,away,10,3,WR,0,0.0,0,0,0,0,0,0,0,0,0,2,1,5,0,0
2022,11,"35 degrees, relative humidity 30%, wind 21 mph",New York Giants,Detroit Lions,Daniel Jones,NYG,New York Giants,away,31,18,QB,51,72.85714285714285,27,44,341,1,2,2,7,50,1,0,0,0,0,0
2022,11,"35 degrees, relative humidity 30%, wind 21 mph",New York Giants,Detroit Lions,Darius Slayton,NYG,New York Giants,away,31,18,WR,0,0.0,0,0,0,0,0,0,0,0,0,10,5,86,0,0
2022,11,"35 degrees, relative humidity 30%, wind 21 mph",New York Giants,Detroit Lions,Isaiah Hodgins,NYG,New York Giants,away,31,18,WR,0,0.0,0,0,0,0,0,0,0,0,0,3,3,29,0,1
2022,11,"35 degrees, relative humidity 30%, wind 21 mph",New York Giants,Detroit Lions,Kenny Golladay,NYG,New York Giants,away,31,18,WR,0,0.0,0,0,0,0,0,0,0,0,0,2,2,29,0,0
2022,11,"35 degrees, relative humidity 30%, wind 21 mph",New York Giants,Detroit Lions,Lawrence Cager,NYG,New York Giants,away,31,18,TE,0,0.0,0,0,0,0,0,0,0,0,0,3,2,20,0,0
2022,11,"35 degrees, relative humidity 30%, wind 21 mph",New York Giants,Detroit Lions,Matt Breida,NYG,New York Giants,away,31,18,RB,3,4.285714285714286,0,0,0,0,0,0,3,13,1,1,1,16,0,0
2022,11,"35 degrees, relative humidity 30%, wind 21 mph",New York Giants,Detroit Lions,Richie James,NYG,New York Giants,away,31,18,WR,0,0.0,0,0,0,0,0,0,0,0,0,3,3,48,1,0
2022,11,"35 degrees, relative humidity 30%, wind 21 mph",New York Giants,Detroit Lions,Saquon Barkley,NYG,New York Giants,away,31,18,RB,15,21.428571428571427,0,0,0,0,0,0,15,22,0,5,2,13,0,0
2022,11,"35 degrees, relative humidity 30%, wind 21 mph",New York Giants,Detroit Lions,Wan'Dale Robinson,NYG,New York Giants,away,31,18,WR,1,1.4285714285714286,0,0,0,0,0,0,1,4,0,13,9,100,0,0
2022,11,"42 degrees, relative humidity 35%, wind 2 mph",New York Jets,New England Patriots,Braxton Berrios,NYJ,New York Jets,away,10,3,WR,0,0.0,0,0,0,0,0,0,0,0,0,1,0,0,0,1
2022,11,"42 degrees, relative humidity 35%, wind 2 mph",New York Jets,New England Patriots,Denzel Mims,NYJ,New York Jets,away,10,3,WR,0,0.0,0,0,0,0,0,0,0,0,0,6,2,35,0,0
2022,11,"42 degrees, relative humidity 35%, wind 2 mph",New York Jets,New England Patriots,Elijah Moore,NYJ,New York Jets,away,10,3,WR,0,0.0,0,0,0,0,0,0,0,0,0,4,2,17,0,0
2022,11,"42 degrees, relative humidity 35%, wind 2 mph",New York Jets,New England Patriots,Garrett Wilson,NYJ,New York Jets,away,10,3,WR,1,2.2222222222222223,0,0,0,0,0,0,1,0,0,3,2,12,0,0
2022,11,"42 degrees, relative humidity 35%, wind 2 mph",New York Jets,New England Patriots,James Robinson,NYJ,New York Jets,away,10,3,RB,7,15.555555555555555,0,0,0,0,0,0,7,10,0,0,0,0,0,0
2022,11,"42 degrees, relative humidity 35%, wind 2 mph",New York Jets,New England Patriots,Michael Carter,NYJ,New York Jets,away,10,3,RB,8,17.77777777777778,0,0,0,0,0,0,8,19,0,2,1,-2,0,0
2022,11,"42 degrees, relative humidity 35%, wind 2 mph",New York Jets,New England Patriots,Ty Johnson,NYJ,New York Jets,away,10,3,RB,4,8.88888888888889,0,0,0,0,0,0,4,4,0,1,0,0,0,0
2022,11,"42 degrees, relative humidity 35%, wind 2 mph",New York Jets,New England Patriots,Tyler Conklin,NYJ,New York Jets,away,10,3,TE,0,0.0,0,0,0,0,0,0,0,0,0,3,2,15,0,0
2022,11,"42 degrees, relative humidity 35%, wind 2 mph",New York Jets,New England Patriots,Zach Wilson,NYJ,New York Jets,away,10,3,QB,25,55.55555555555556,9,22,77,0,0,4,3,26,0,0,0,0,0,0
2022,11,,Indianapolis Colts,Philadelphia Eagles,A.J. Brown,PHI,Indianapolis Colts,away,17,16,WR,0,0.0,0,0,0,0,0,0,0,0,0,7,5,60,0,1
2022,11,,Indianapolis Colts,Philadelphia Eagles,Boston Scott,PHI,Indianapolis Colts,away,17,16,RB,3,5.172413793103448,0,0,0,0,0,0,3,8,0,2,2,4,0,0
2022,11,,Indianapolis Colts,Philadelphia Eagles,DeVonta Smith,PHI,Indianapolis Colts,away,17,16,WR,0,0.0,0,0,0,0,0,0,0,0,0,9,6,78,0,0
2022,11,,Indianapolis Colts,Philadelphia Eagles,Jack Stoll,PHI,Indianapolis Colts,away,17,16,TE,0,0.0,0,0,0,0,0,0,0,0,0,1,1,7,0,0
2022,11,,Indianapolis Colts,Philadelphia Eagles,Jalen Hurts,PHI,Indianapolis Colts,away,17,16,QB,41,70.6896551724138,18,25,190,1,0,3,16,86,1,0,0,0,0,2
2022,11,,Indianapolis Colts,Philadelphia Eagles,Kenneth Gainwell,PHI,Indianapolis Colts,away,17,16,RB,1,1.7241379310344827,0,0,0,0,0,0,1,0,0,0,0,0,0,0
2022,11,,Indianapolis Colts,Philadelphia Eagles,Miles Sanders,PHI,Indianapolis Colts,away,17,16,RB,13,22.413793103448278,0,0,0,0,0,0,13,47,0,1,1,1,0,0
2022,11,,Indianapolis Colts,Philadelphia Eagles,Quez Watkins,PHI,Indianapolis Colts,away,17,16,WR,0,0.0,0,0,0,0,0,0,0,0,0,2,2,31,1,0
2022,11,,Indianapolis Colts,Philadelphia Eagles,Zach Pascal,PHI,Indianapolis Colts,away,17,16,WR,0,0.0,0,0,0,0,0,0,0,0,0,1,1,9,0,0
2022,11,"27 degrees, relative humidity 38%, wind 12 mph",Pittsburgh Steelers,Cincinnati Bengals,Diontae Johnson,PIT,Pittsburgh Steelers,away,37,30,WR,1,1.5151515151515151,0,0,0,0,0,0,1,1,0,5,4,21,0,0
2022,11,"27 degrees, relative humidity 38%, wind 12 mph",Pittsburgh Steelers,Cincinnati Bengals,George Pickens,PIT,Pittsburgh Steelers,away,37,30,WR,0,0.0,0,0,0,0,0,0,0,0,0,6,4,83,1,0
2022,11,"27 degrees, relative humidity 38%, wind 12 mph",Pittsburgh Steelers,Cincinnati Bengals,Gunner Olszewski,PIT,Pittsburgh Steelers,away,37,30,WR,0,0.0,0,0,0,0,0,0,0,0,0,3,2,39,0,0
2022,11,"27 degrees, relative humidity 38%, wind 12 mph",Pittsburgh Steelers,Cincinnati Bengals,Jaylen Warren,PIT,Pittsburgh Steelers,away,37,30,RB,0,0.0,0,0,0,0,0,0,0,0,0,1,1,9,0,0
2022,11,"27 degrees, relative humidity 38%, wind 12 mph",Pittsburgh Steelers,Cincinnati Bengals,Kenny Pickett,PIT,Pittsburgh Steelers,away,37,30,QB,44,66.66666666666666,25,42,265,1,0,2,2,14,0,0,0,0,0,0
2022,11,"27 degrees, relative humidity 38%, wind 12 mph",Pittsburgh Steelers,Cincinnati Bengals,Najee Harris,PIT,Pittsburgh Steelers,away,37,30,RB,20,30.303030303030305,0,0,0,0,0,0,20,90,2,6,4,26,0,0
2022,11,"27 degrees, relative humidity 38%, wind 12 mph",Pittsburgh Steelers,Cincinnati Bengals,Pat Freiermuth,PIT,Pittsburgh Steelers,away,37,30,TE,0,0.0,0,0,0,0,0,0,0,0,0,12,8,79,0,0
2022,11,"27 degrees, relative humidity 38%, wind 12 mph",Pittsburgh Steelers,Cincinnati Bengals,Steven Sims,PIT,Pittsburgh Steelers,away,37,30,WR,1,1.5151515151515151,0,0,0,0,0,0,1,-3,0,2,0,0,0,1
2022,11,"27 degrees, relative humidity 38%, wind 12 mph",Pittsburgh Steelers,Cincinnati Bengals,Zach Gentry,PIT,Pittsburgh Steelers,away,37,30,TE,0,0.0,0,0,0,0,0,0,0,0,0,3,2,8,0,0
2022,11,"64 degrees, relative humidity 52%, wind 4 mph",Arizona Cardinals,San Francisco 49ers,Brandon Aiyuk,SFO,Arizona Cardinals,away,38,10,WR,0,0.0,0,0,0,0,0,0,0,0,0,4,2,20,2,0
2022,11,"64 degrees, relative humidity 52%, wind 4 mph",Arizona Cardinals,San Francisco 49ers,Brock Purdy,SFO,Arizona Cardinals,away,38,10,QB,3,5.263157894736842,0,0,0,0,0,0,3,3,0,0,0,0,0,0
2022,11,"64 degrees, relative humidity 52%, wind 4 mph",Arizona Cardinals,San Francisco 49ers,Christian McCaffrey,SFO,Arizona Cardinals,away,38,10,RB,7,12.280701754385964,0,0,0,0,0,0,7,39,0,7,7,67,0,0
2022,11,"64 degrees, relative humidity 52%, wind 4 mph",Arizona Cardinals,San Francisco 49ers,Deebo Samuel,SFO,Arizona Cardinals,away,38,10,WR,3,5.263157894736842,0,0,0,0,0,0,3,37,1,9,7,57,0,0
2022,11,"64 degrees, relative humidity 52%, wind 4 mph",Arizona Cardinals,San Francisco 49ers,Elijah Mitchell,SFO,Arizona Cardinals,away,38,10,RB,9,15.789473684210526,0,0,0,0,0,0,9,59,0,0,0,0,0,0
2022,11,"64 degrees, relative humidity 52%, wind 4 mph",Arizona Cardinals,San Francisco 49ers,George Kittle,SFO,Arizona Cardinals,away,38,10,TE,0,0.0,0,0,0,0,0,0,0,0,0,6,4,84,2,0
2022,11,"64 degrees, relative humidity 52%, wind 4 mph",Arizona Cardinals,San Francisco 49ers,Jauan Jennings,SFO,Arizona Cardinals,away,38,10,WR,0,0.0,0,0,0,0,0,0,0,0,0,2,0,0,0,0
2022,11,"64 degrees, relative humidity 52%, wind 4 mph",Arizona Cardinals,San Francisco 49ers,Jimmy Garoppolo,SFO,Arizona Cardinals,away,38,10,QB,30,52.63157894736842,20,29,228,4,0,0,1,3,0,0,0,0,0,0
2022,11,"64 degrees, relative humidity 52%, wind 4 mph",Arizona Cardinals,San Francisco 49ers,Jordan Mason,SFO,Arizona Cardinals,away,38,10,RB,4,7.017543859649122,0,0,0,0,0,0,4,14,0,0,0,0,0,0
2022,11,"64 degrees, relative humidity 52%, wind 4 mph",Arizona Cardinals,San Francisco 49ers,Kyle Juszczyk,SFO,Arizona Cardinals,away,38,10,FB,1,1.7543859649122806,0,0,0,0,0,0,1,4,0,0,0,0,0,0
2022,11,"64 degrees, relative humidity 52%, wind 4 mph",Arizona Cardinals,San Francisco 49ers,Ray-Ray McCloud,SFO,Arizona Cardinals,away,38,10,WR,0,0.0,0,0,0,0,0,0,0,0,0,1,0,0,0,0
2022,11,"25 degrees, relative humidity 81%, wind 11 mph",Green Bay Packers,Tennessee Titans,Austin Hooper,TEN,Green Bay Packers,away,27,17,TE,0,0.0,0,0,0,0,0,0,0,0,0,4,4,36,2,0
2022,11,"25 degrees, relative humidity 81%, wind 11 mph",Green Bay Packers,Tennessee Titans,Chigoziem Okonkwo,TEN,Green Bay Packers,away,27,17,TE,0,0.0,0,0,0,0,0,0,0,0,0,2,1,31,0,0
2022,11,"25 degrees, relative humidity 81%, wind 11 mph",Green Bay Packers,Tennessee Titans,Derrick Henry,TEN,Green Bay Packers,away,27,17,RB,30,49.18032786885246,2,2,4,1,0,0,28,87,1,2,2,45,0,0
2022,11,"25 degrees, relative humidity 81%, wind 11 mph",Green Bay Packers,Tennessee Titans,Dontrell Hilliard,TEN,Green Bay Packers,away,27,17,RB,1,1.639344262295082,0,0,0,0,0,0,1,4,0,1,1,14,1,0
2022,11,"25 degrees, relative humidity 81%, wind 11 mph",Green Bay Packers,Tennessee Titans,Geoff Swaim,TEN,Green Bay Packers,away,27,17,TE,0,0.0,0,0,0,0,0,0,0,0,0,1,1,3,0,0
2022,11,"25 degrees, relative humidity 81%, wind 11 mph",Green Bay Packers,Tennessee Titans,Nick Westbrook-Ikhine,TEN,Green Bay Packers,away,27,17,WR,0,0.0,0,0,0,0,0,0,0,0,0,2,2,28,0,0
2022,11,"25 degrees, relative humidity 81%, wind 11 mph",Green Bay Packers,Tennessee Titans,Robert Woods,TEN,Green Bay Packers,away,27,17,WR,0,0.0,0,0,0,0,0,0,0,0,0,7,6,69,0,0
2022,11,"25 degrees, relative humidity 81%, wind 11 mph",Green Bay Packers,Tennessee Titans,Ryan Tannehill,TEN,Green Bay Packers,away,27,17,QB,30,49.18032786885246,22,27,333,2,1,3,3,-3,0,0,0,0,0,0
2022,11,"25 degrees, relative humidity 81%, wind 11 mph",Green Bay Packers,Tennessee Titans,Treylon Burks,TEN,Green Bay Packers,away,27,17,WR,0,0.0,0,0,0,0,0,0,0,0,0,8,7,111,0,0
2022,11,,Houston Texans,Washington Commanders,Antonio Gibson,WAS,Houston Texans,away,23,10,RB,18,26.865671641791046,0,0,0,0,0,0,18,72,0,3,3,31,0,0
2022,11,,Houston Texans,Washington Commanders,Brian Robinson Jr.,WAS,Houston Texans,away,23,10,RB,15,22.388059701492537,0,0,0,0,0,0,15,57,0,0,0,0,0,0
2022,11,,Houston Texans,Washington Commanders,Cam Sims,WAS,Houston Texans,away,23,10,WR,0,0.0,0,0,0,0,0,0,0,0,0,1,1,17,0,0
2022,11,,Houston Texans,Washington Commanders,Cole Turner,WAS,Houston Texans,away,23,10,TE,0,0.0,0,0,0,0,0,0,0,0,0,1,0,0,0,0
2022,11,,Houston Texans,Washington Commanders,Curtis Samuel,WAS,Houston Texans,away,23,10,WR,2,2.9850746268656714,0,0,0,0,0,0,2,18,1,2,1,10,0,0
2022,11,,Houston Texans,Washington Commanders,Jahan Dotson,WAS,Houston Texans,away,23,10,WR,1,1.4925373134328357,0,0,0,0,0,0,1,3,0,2,1,13,0,0
2022,11,,Houston Texans,Washington Commanders,John Bates,WAS,Houston Texans,away,23,10,TE,0,0.0,0,0,0,0,0,0,0,0,0,1,0,0,0,0
2022,11,,Houston Texans,Washington Commanders,Logan Thomas,WAS,Houston Texans,away,23,10,TE,0,0.0,0,0,0,0,0,0,0,0,0,6,5,65,0,0
2022,11,,Houston Texans,Washington Commanders,Taylor Heinicke,WAS,Houston Texans,away,23,10,QB,30,44.776119402985074,15,27,191,0,0,0,3,2,0,0,0,0,0,1
2022,11,,Houston Texans,Washington Commanders,Terry McLaurin,WAS,Houston Texans,away,23,10,WR,1,1.4925373134328357,0,0,0,0,0,0,1,1,0,7,4,55,0,0
2022,12,,Arizona Cardinals,Los Angeles Chargers,A.J. Green,ARI,Arizona Cardinals,away,25,24,WR,0,0.0,0,0,0,0,0,0,0,0,0,2,1,5,0,0
2022,12,,Arizona Cardinals,Los Angeles Chargers,Andre Baccellia,ARI,Arizona Cardinals,away,25,24,WR,0,0.0,0,0,0,0,0,0,0,0,0,1,1,7,0,0
2022,12,,Arizona Cardinals,Los Angeles Chargers,Corey Clement,ARI,Arizona Cardinals,away,25,24,RB,0,0.0,0,0,0,0,0,0,0,0,0,1,1,8,0,0
2022,12,,Arizona Cardinals,Los Angeles Chargers,DeAndre Hopkins,ARI,Arizona Cardinals,away,25,24,WR,0,0.0,0,0,0,0,0,0,0,0,0,6,4,87,1,0
2022,12,,Arizona Cardinals,Los Angeles Chargers,James Conner,ARI,Arizona Cardinals,away,25,24,RB,25,39.682539682539684,0,0,0,0,0,0,25,120,0,3,3,20,1,1
2022,12,,Arizona Cardinals,Los Angeles Chargers,Keaontay Ingram,ARI,Arizona Cardinals,away,25,24,RB,2,3.1746031746031744,0,0,0,0,0,0,2,5,0,0,0,0,0,0
2022,12,,Arizona Cardinals,Los Angeles Chargers,Kyler Murray,ARI,Arizona Cardinals,away,25,24,QB,36,57.14285714285714,18,29,191,2,1,1,7,56,1,0,0,0,0,0
2022,12,,Arizona Cardinals,Los Angeles Chargers,Marquise Brown,ARI,Arizona Cardinals,away,25,24,WR,0,0.0,0,0,0,0,0,0,0,0,0,8,6,46,0,0
2022,12,,Arizona Cardinals,Los Angeles Chargers,Robbie Chosen,ARI,Arizona Cardinals,away,25,24,WR,0,0.0,0,0,0,0,0,0,0,0,0,3,1,17,0,0
2022,12,,Arizona Cardinals,Los Angeles Chargers,Trey McBride,ARI,Arizona Cardinals,away,25,24,TE,0,0.0,0,0,0,0,0,0,0,0,0,3,1,1,0,0
2022,12,"46 degrees, relative humidity 97%, wind 9 mph",Atlanta Falcons,Washington Commanders,Anthony Firkser,ATL,Atlanta Falcons,away,19,13,TE,0,0.0,0,0,0,0,0,0,0,0,0,1,1,16,0,0
2022,12,"46 degrees, relative humidity 97%, wind 9 mph",Atlanta Falcons,Washington Commanders,Caleb Huntley,ATL,Atlanta Falcons,away,19,13,RB,1,1.8518518518518516,0,0,0,0,0,0,1,12,0,1,1,1,0,0
2022,12,"46 degrees, relative humidity 97%, wind 9 mph",Atlanta Falcons,Washington Commanders,Cordarrelle Patterson,ATL,Atlanta Falcons,away,19,13,RB,11,20.37037037037037,0,0,0,0,0,0,11,52,0,5,3,19,0,0
2022,12,"46 degrees, relative humidity 97%, wind 9 mph",Atlanta Falcons,Washington Commanders,Drake London,ATL,Atlanta Falcons,away,19,13,WR,0,0.0,0,0,0,0,0,0,0,0,0,4,2,29,0,0
2022,12,"46 degrees, relative humidity 97%, wind 9 mph",Atlanta Falcons,Washington Commanders,Marcus Mariota,ATL,Atlanta Falcons,away,19,13,QB,31,57.407407407407405,15,25,174,1,1,1,6,49,0,0,0,0,0,0
2022,12,"46 degrees, relative humidity 97%, wind 9 mph",Atlanta Falcons,Washington Commanders,MyCole Pruitt,ATL,Atlanta Falcons,away,19,13,TE,0,0.0,0,0,0,0,0,0,0,0,0,3,2,9,1,0
2022,12,"46 degrees, relative humidity 97%, wind 9 mph",Atlanta Falcons,Washington Commanders,Olamide Zaccheaus,ATL,Atlanta Falcons,away,19,13,WR,0,0.0,0,0,0,0,0,0,0,0,0,8,5,91,0,0
2022,12,"46 degrees, relative humidity 97%, wind 9 mph",Atlanta Falcons,Washington Commanders,Parker Hesse,ATL,Atlanta Falcons,away,19,13,TE,0,0.0,0,0,0,0,0,0,0,0,0,2,1,9,0,0
2022,12,"46 degrees, relative humidity 97%, wind 9 mph",Atlanta Falcons,Washington Commanders,Tyler Allgeier,ATL,Atlanta Falcons,away,19,13,RB,11,20.37037037037037,0,0,0,0,0,0,11,54,0,0,0,0,0,0
2022,12,"77 degrees, relative humidity 82%, wind 19 mph",Baltimore Ravens,Jacksonville Jaguars,DeSean Jackson,BAL,Baltimore Ravens,away,28,27,WR,0,0.0,0,0,0,0,0,0,0,0,0,3,2,74,0,0
2022,12,"77 degrees, relative humidity 82%, wind 19 mph",Baltimore Ravens,Jacksonville Jaguars,Demarcus Robinson,BAL,Baltimore Ravens,away,28,27,WR,0,0.0,0,0,0,0,0,0,0,0,0,4,1,17,0,0
2022,12,"77 degrees, relative humidity 82%, wind 19 mph",Baltimore Ravens,Jacksonville Jaguars,Devin Duvernay,BAL,Baltimore Ravens,away,28,27,WR,2,2.9850746268656714,0,0,0,0,0,0,2,16,0,5,3,23,0,0
2022,12,"77 degrees, relative humidity 82%, wind 19 mph",Baltimore Ravens,Jacksonville Jaguars,Gus Edwards,BAL,Baltimore Ravens,away,28,27,RB,16,23.88059701492537,0,0,0,0,0,0,16,52,1,1,0,0,0,1
2022,12,"77 degrees, relative humidity 82%, wind 19 mph",Baltimore Ravens,Jacksonville Jaguars,Josh Oliver,BAL,Baltimore Ravens,away,28,27,TE,0,0.0,0,0,0,0,0,0,0,0,0,6,4,76,1,0
2022,12,"77 degrees, relative humidity 82%, wind 19 mph",Baltimore Ravens,Jacksonville Jaguars,Justice Hill,BAL,Baltimore Ravens,away,28,27,RB,1,1.4925373134328357,0,0,0,0,0,0,1,3,0,0,0,0,0,0
2022,12,"77 degrees, relative humidity 82%, wind 19 mph",Baltimore Ravens,Jacksonville Jaguars,Kenyan Drake,BAL,Baltimore Ravens,away,28,27,RB,2,2.9850746268656714,0,0,0,0,0,0,2,2,0,1,0,0,0,0
2022,12,"77 degrees, relative humidity 82%, wind 19 mph",Baltimore Ravens,Jacksonville Jaguars,Lamar Jackson,BAL,Baltimore Ravens,away,28,27,QB,46,68.65671641791045,16,32,254,1,0,1,14,89,0,0,0,0,0,1
2022,12,"77 degrees, relative humidity 82%, wind 19 mph",Baltimore Ravens,Jacksonville Jaguars,Mark Andrews,BAL,Baltimore Ravens,away,28,27,TE,0,0.0,0,0,0,0,0,0,0,0,0,7,4,50,0,1
2022,12,"77 degrees, relative humidity 82%, wind 19 mph",Baltimore Ravens,Jacksonville Jaguars,Patrick Ricard,BAL,Baltimore Ravens,away,28,27,FB,0,0.0,0,0,0,0,0,0,0,0,0,3,2,14,0,0
2022,12,,Detroit Lions,Buffalo Bills,Dawson Knox,BUF,Detroit Lions,away,28,25,TE,0,0.0,0,0,0,0,0,0,0,0,0,2,2,17,0,0
2022,12,,Detroit Lions,Buffalo Bills,Devin Singletary,BUF,Detroit Lions,away,28,25,RB,14,19.718309859154928,0,0,0,0,0,0,14,72,0,1,1,8,0,0
2022,12,,Detroit Lions,Buffalo Bills,Gabriel Davis,BUF,Detroit Lions,away,28,25,WR,0,0.0,0,0,0,0,0,0,0,0,0,5,4,38,0,0
2022,12,,Detroit Lions,Buffalo Bills,Isaiah McKenzie,BUF,Detroit Lions,away,28,25,WR,2,2.8169014084507045,0,0,0,0,0,0,2,7,0,10,6,96,1,0
2022,12,,Detroit Lions,Buffalo Bills,James Cook,BUF,Detroit Lions,away,28,25,RB,2,2.8169014084507045,0,0,0,0,0,0,2,4,0,5,2,14,0,0
2022,12,,Detroit Lions,Buffalo Bills,Josh Allen,BUF,Detroit Lions,away,28,25,QB,52,73.23943661971832,24,42,253,2,1,3,10,78,1,0,0,0,0,1
2022,12,,Detroit Lions,Buffalo Bills,Nyheim Hines,BUF,Detroit Lions,away,28,25,RB,1,1.4084507042253522,0,0,0,0,0,0,1,3,0,0,0,0,0,0
2022,12,,Detroit Lions,Buffalo Bills,Quintin Morris,BUF,Detroit Lions,away,28,25,TE,0,0.0,0,0,0,0,0,0,0,0,0,1,1,3,0,0
2022,12,,Detroit Lions,Buffalo Bills,Stefon Diggs,BUF,Detroit Lions,away,28,25,WR,0,0.0,0,0,0,0,0,0,0,0,0,15,8,77,1,0
2022,12,"66 degrees, relative humidity 94%, wind 15 mph",Denver Broncos,Carolina Panthers,Chuba Hubbard,CAR,Denver Broncos,away,23,10,RB,17,26.153846153846157,0,0,0,0,0,0,17,65,0,0,0,0,0,0
2022,12,"66 degrees, relative humidity 94%, wind 15 mph",Denver Broncos,Carolina Panthers,D'Onta Foreman,CAR,Denver Broncos,away,23,10,RB,24,36.92307692307693,0,0,0,0,0,0,24,113,0,0,0,0,0,0
2022,12,"66 degrees, relative humidity 94%, wind 15 mph",Denver Broncos,Carolina Panthers,D.J. Moore,CAR,Denver Broncos,away,23,10,WR,0,0.0,0,0,0,0,0,0,0,0,0,6,4,103,1,0
2022,12,"66 degrees, relative humidity 94%, wind 15 mph",Denver Broncos,Carolina Panthers,Ian Thomas,CAR,Denver Broncos,away,23,10,TE,0,0.0,0,0,0,0,0,0,0,0,0,2,2,21,0,0
2022,12,"66 degrees, relative humidity 94%, wind 15 mph",Denver Broncos,Carolina Panthers,Laviska Shenault Jr.,CAR,Denver Broncos,away,23,10,WR,1,1.5384615384615385,0,0,0,0,0,0,1,2,0,2,2,19,0,0
2022,12,"66 degrees, relative humidity 94%, wind 15 mph",Denver Broncos,Carolina Panthers,Raheem Blackshear,CAR,Denver Broncos,away,23,10,RB,0,0.0,0,0,0,0,0,0,0,0,0,2,1,11,0,1
2022,12,"66 degrees, relative humidity 94%, wind 15 mph",Denver Broncos,Carolina Panthers,Sam Darnold,CAR,Denver Broncos,away,23,10,QB,22,33.84615384615385,11,19,164,1,0,0,3,3,1,0,0,0,0,1
2022,12,"66 degrees, relative humidity 94%, wind 15 mph",Denver Broncos,Carolina Panthers,Sean Chandler,CAR,Denver Broncos,away,23,10,SS,1,1.5384615384615385,0,0,0,0,0,0,1,2,0,0,0,0,0,0
2022,12,"66 degrees, relative humidity 94%, wind 15 mph",Denver Broncos,Carolina Panthers,Terrace Marshall Jr.,CAR,Denver Broncos,away,23,10,WR,0,0.0,0,0,0,0,0,0,0,0,0,3,1,8,0,0
2022,12,"66 degrees, relative humidity 94%, wind 15 mph",Denver Broncos,Carolina Panthers,Tommy Tremble,CAR,Denver Broncos,away,23,10,TE,0,0.0,0,0,0,0,0,0,0,0,0,2,1,2,0,0
2022,12,"50 degrees, relative humidity 61%, wind 9 mph",Chicago Bears,New York Jets,Byron Pringle,CHI,Chicago Bears,away,31,10,WR,0,0.0,0,0,0,0,0,0,0,0,0,2,2,12,1,0
2022,12,"50 degrees, relative humidity 61%, wind 9 mph",Chicago Bears,New York Jets,Chase Claypool,CHI,Chicago Bears,away,31,10,WR,0,0.0,0,0,0,0,0,0,0,0,0,5,2,51,0,0
2022,12,"50 degrees, relative humidity 61%, wind 9 mph",Chicago Bears,New York Jets,Cole Kmet,CHI,Chicago Bears,away,31,10,TE,0,0.0,0,0,0,0,0,0,0,0,0,6,3,27,0,1
2022,12,"50 degrees, relative humidity 61%, wind 9 mph",Chicago Bears,New York Jets,Dante Pettis,CHI,Chicago Bears,away,31,10,WR,0,0.0,0,0,0,0,0,0,0,0,0,2,1,12,0,0
2022,12,"50 degrees, relative humidity 61%, wind 9 mph",Chicago Bears,New York Jets,Darrynton Evans,CHI,Chicago Bears,away,31,10,RB,9,16.666666666666664,0,0,0,0,0,0,9,34,0,1,1,33,0,0
2022,12,"50 degrees, relative humidity 61%, wind 9 mph",Chicago Bears,New York Jets,David Montgomery,CHI,Chicago Bears,away,31,10,RB,14,25.925925925925924,0,0,0,0,0,0,14,79,0,4,3,34,0,0
2022,12,"50 degrees, relative humidity 61%, wind 9 mph",Chicago Bears,New York Jets,Equanimeous St. Brown,CHI,Chicago Bears,away,31,10,WR,0,0.0,0,0,0,0,0,0,0,0,0,2,1,7,0,0
2022,12,"50 degrees, relative humidity 61%, wind 9 mph",Chicago Bears,New York Jets,Khari Blasingame,CHI,Chicago Bears,away,31,10,FB,0,0.0,0,0,0,0,0,0,0,0,0,1,0,0,0,0
2022,12,"50 degrees, relative humidity 61%, wind 9 mph",Chicago Bears,New York Jets,Trevon Wesco,CHI,Chicago Bears,away,31,10,TE,0,0.0,0,0,0,0,0,0,0,0,0,1,1,3,0,0
2022,12,"50 degrees, relative humidity 61%, wind 9 mph",Chicago Bears,New York Jets,Trevor Siemian,CHI,Chicago Bears,away,31,10,QB,29,53.70370370370371,14,25,179,1,1,2,4,8,0,0,0,0,0,0
2022,12,"50 degrees, relative humidity 61%, wind 9 mph",Chicago Bears,New York Jets,Velus Jones Jr.,CHI,Chicago Bears,away,31,10,WR,2,3.7037037037037033,0,0,0,0,0,0,2,6,0,0,0,0,0,0
2022,12,"56 degrees, relative humidity 62%, wind 14 mph",Tennessee Titans,Cincinnati Bengals,Hayden Hurst,CIN,Tennessee Titans,away,20,16,TE,0,0.0,0,0,0,0,0,0,0,0,0,9,6,57,0,0
2022,12,"56 degrees, relative humidity 62%, wind 14 mph",Tennessee Titans,Cincinnati Bengals,Joe Burrow,CIN,Tennessee Titans,away,20,16,QB,46,70.76923076923077,22,37,270,1,0,1,9,32,0,0,0,0,0,0
2022,12,"56 degrees, relative humidity 62%, wind 14 mph",Tennessee Titans,Cincinnati Bengals,Samaje Perine,CIN,Tennessee Titans,away,20,16,RB,17,26.153846153846157,0,0,0,0,0,0,17,58,1,7,4,35,0,0
2022,12,"56 degrees, relative humidity 62%, wind 14 mph",Tennessee Titans,Cincinnati Bengals,Tee Higgins,CIN,Tennessee Titans,away,20,16,WR,0,0.0,0,0,0,0,0,0,0,0,0,9,7,114,1,0
2022,12,"56 degrees, relative humidity 62%, wind 14 mph",Tennessee Titans,Cincinnati Bengals,Trayveon Williams,CIN,Tennessee Titans,away,20,16,RB,2,3.076923076923077,0,0,0,0,0,0,2,18,0,1,1,24,0,0
2022,12,"56 degrees, relative humidity 62%, wind 14 mph",Tennessee Titans,Cincinnati Bengals,Trent Taylor,CIN,Tennessee Titans,away,20,16,WR,0,0.0,0,0,0,0,0,0,0,0,0,2,1,8,0,0
2022,12,"56 degrees, relative humidity 62%, wind 14 mph",Tennessee Titans,Cincinnati Bengals,Trenton Irwin,CIN,Tennessee Titans,away,20,16,WR,0,0.0,0,0,0,0,0,0,0,0,0,4,1,16,0,0
2022,12,"56 degrees, relative humidity 62%, wind 14 mph",Tennessee Titans,Cincinnati Bengals,Tyler Boyd,CIN,Tennessee Titans,away,20,16,WR,0,0.0,0,0,0,0,0,0,0,0,0,4,2,16,0,0
2022,12,"56 degrees, relative humidity 84%, wind 14 mph",Tampa Bay Buccaneers,Cleveland Browns,Amari Cooper,CLE,Tampa Bay Buccaneers,away,23,17,WR,0,0.0,0,0,0,0,0,0,0,0,0,12,7,94,0,0
2022,12,"56 degrees, relative humidity 84%, wind 14 mph",Tampa Bay Buccaneers,Cleveland Browns,Anthony Schwartz,CLE,Tampa Bay Buccaneers,away,23,17,WR,1,1.4084507042253522,0,0,0,0,0,0,1,31,1,2,1,17,0,0
2022,12,"56 degrees, relative humidity 84%, wind 14 mph",Tampa Bay Buccaneers,Cleveland Browns,David Bell,CLE,Tampa Bay Buccaneers,away,23,17,WR,0,0.0,0,0,0,0,0,0,0,0,0,6,4,23,0,0
2022,12,"56 degrees, relative humidity 84%, wind 14 mph",Tampa Bay Buccaneers,Cleveland Browns,David Njoku,CLE,Tampa Bay Buccaneers,away,23,17,TE,0,0.0,0,0,0,0,0,0,0,0,0,7,5,29,1,0
2022,12,"56 degrees, relative humidity 84%, wind 14 mph",Tampa Bay Buccaneers,Cleveland Browns,Donovan Peoples-Jones,CLE,Tampa Bay Buccaneers,away,23,17,WR,0,0.0,0,0,0,0,0,0,0,0,0,4,2,16,0,0
2022,12,"56 degrees, relative humidity 84%, wind 14 mph",Tampa Bay Buccaneers,Cleveland Browns,Harrison Bryant,CLE,Tampa Bay Buccaneers,away,23,17,TE,0,0.0,0,0,0,0,0,0,0,0,0,2,2,9,0,0
2022,12,"56 degrees, relative humidity 84%, wind 14 mph",Tampa Bay Buccaneers,Cleveland Browns,Jacoby Brissett,CLE,Tampa Bay Buccaneers,away,23,17,QB,39,54.929577464788736,23,37,210,1,1,4,2,27,0,0,0,0,0,0
2022,12,"56 degrees, relative humidity 84%, wind 14 mph",Tampa Bay Buccaneers,Cleveland Browns,Kareem Hunt,CLE,Tampa Bay Buccaneers,away,23,17,RB,5,7.042253521126761,0,0,0,0,0,0,5,15,0,2,1,6,0,0
2022,12,"56 degrees, relative humidity 84%, wind 14 mph",Tampa Bay Buccaneers,Cleveland Browns,Nick Chubb,CLE,Tampa Bay Buccaneers,away,23,17,RB,26,36.61971830985916,0,0,0,0,0,0,26,116,1,1,1,16,0,0
2022,12,,New York Giants,Dallas Cowboys,CeeDee Lamb,DAL,New York Giants,away,28,20,WR,2,2.898550724637681,0,0,0,0,0,0,2,11,0,11,6,106,0,0
2022,12,,New York Giants,Dallas Cowboys,Dak Prescott,DAL,New York Giants,away,28,20,QB,32,46.3768115942029,21,30,261,2,2,0,2,4,0,0,0,0,0,1
2022,12,,New York Giants,Dallas Cowboys,Dalton Schultz,DAL,New York Giants,away,28,20,TE,0,0.0,0,0,0,0,0,0,0,0,0,4,4,31,2,0
2022,12,,New York Giants,Dallas Cowboys,Ezekiel Elliott,DAL,New York Giants,away,28,20,RB,16,23.18840579710145,0,0,0,0,0,0,16,92,1,1,1,3,0,0
2022,12,,New York Giants,Dallas Cowboys,Jake Ferguson,DAL,New York Giants,away,28,20,TE,0,0.0,0,0,0,0,0,0,0,0,0,3,3,57,0,0
2022,12,,New York Giants,Dallas Cowboys,Michael Gallup,DAL,New York Giants,away,28,20,WR,0,0.0,0,0,0,0,0,0,0,0,0,8,5,63,0,0
2022,12,,New York Giants,Dallas Cowboys,Peyton Hendershot,DAL,New York Giants,away,28,20,TE,1,1.4492753623188406,0,0,0,0,0,0,1,2,1,0,0,0,0,0
2022,12,,New York Giants,Dallas Cowboys,Tony Pollard,DAL,New York Giants,away,28,20,RB,18,26.08695652173913,0,0,0,0,0,0,18,60,0,2,2,1,0,0
2022,12,"66 degrees, relative humidity 94%, wind 15 mph",Denver Broncos,Carolina Panthers,Brandon Johnson,DEN,Denver Broncos,away,23,10,WR,0,0.0,0,0,0,0,0,0,0,0,0,4,2,10,1,0
2022,12,"66 degrees, relative humidity 94%, wind 15 mph",Denver Broncos,Carolina Panthers,Courtland Sutton,DEN,Denver Broncos,away,23,10,WR,0,0.0,0,0,0,0,0,0,0,0,0,8,6,75,0,0
2022,12,"66 degrees, relative humidity 94%, wind 15 mph",Denver Broncos,Carolina Panthers,Devine Ozigbo,DEN,Denver Broncos,away,23,10,RB,0,0.0,0,0,0,0,0,0,0,0,0,1,1,3,0,0
2022,12,"66 degrees, relative humidity 94%, wind 15 mph",Denver Broncos,Carolina Panthers,Greg Dulcich,DEN,Denver Broncos,away,23,10,TE,0,0.0,0,0,0,0,0,0,0,0,0,3,2,11,0,0
2022,12,"66 degrees, relative humidity 94%, wind 15 mph",Denver Broncos,Carolina Panthers,Jalen Virgil,DEN,Denver Broncos,away,23,10,WR,0,0.0,0,0,0,0,0,0,0,0,0,2,0,0,0,1
2022,12,"66 degrees, relative humidity 94%, wind 15 mph",Denver Broncos,Carolina Panthers,Kendall Hinton,DEN,Denver Broncos,away,23,10,WR,1,1.8518518518518516,0,0,0,0,0,0,1,13,0,9,5,35,0,0
2022,12,"66 degrees, relative humidity 94%, wind 15 mph",Denver Broncos,Carolina Panthers,Latavius Murray,DEN,Denver Broncos,away,23,10,RB,13,24.074074074074073,0,0,0,0,0,0,13,92,0,1,1,6,0,0
2022,12,"66 degrees, relative humidity 94%, wind 15 mph",Denver Broncos,Carolina Panthers,Marlon Mack,DEN,Denver Broncos,away,23,10,RB,2,3.7037037037037033,0,0,0,0,0,0,2,7,0,1,1,5,0,0
2022,12,"66 degrees, relative humidity 94%, wind 15 mph",Denver Broncos,Carolina Panthers,Montrell Washington,DEN,Denver Broncos,away,23,10,WR,1,1.8518518518518516,0,0,0,0,0,0,1,1,0,3,1,-3,0,0
2022,12,"66 degrees, relative humidity 94%, wind 15 mph",Denver Broncos,Carolina Panthers,Russell Wilson,DEN,Denver Broncos,away,23,10,QB,37,68.51851851851852,19,35,142,1,0,3,2,8,0,0,0,0,0,1
2022,12,,Detroit Lions,Buffalo Bills,Amon-Ra St. Brown,DET,Detroit Lions,away,28,25,WR,1,1.5384615384615385,0,0,0,0,0,0,1,7,0,10,9,122,1,0
2022,12,,Detroit Lions,Buffalo Bills,Brock Wright,DET,Detroit Lions,away,28,25,TE,0,0.0,0,0,0,0,0,0,0,0,0,3,2,6,0,0
2022,12,,Detroit Lions,Buffalo Bills,D'Andre Swift,DET,Detroit Lions,away,28,25,RB,5,7.6923076923076925,0,0,0,0,0,0,5,19,0,8,4,24,0,0
2022,12,,Detroit Lions,Buffalo Bills,DJ Chark,DET,Detroit Lions,away,28,25,WR,0,0.0,0,0,0,0,0,0,0,0,0,5,2,16,1,0
2022,12,,Detroit Lions,Buffalo Bills,Jamaal Williams,DET,Detroit Lions,away,28,25,RB,18,27.692307692307693,0,0,0,0,0,0,18,66,1,0,0,0,0,1
2022,12,,Detroit Lions,Buffalo Bills,James Mitchell,DET,Detroit Lions,away,28,25,TE,0,0.0,0,0,0,0,0,0,0,0,0,1,1,22,0,0
2022,12,,Detroit Lions,Buffalo Bills,Jared Goff,DET,Detroit Lions,away,28,25,QB,37,56.92307692307692,23,37,240,2,0,2,0,0,0,0,0,0,0,0
2022,12,,Detroit Lions,Buffalo Bills,Justin Jackson,DET,Detroit Lions,away,28,25,RB,4,6.153846153846154,0,0,0,0,0,0,4,4,0,2,1,15,0,0
2022,12,,Detroit Lions,Buffalo Bills,Kalif Raymond,DET,Detroit Lions,away,28,25,WR,0,0.0,0,0,0,0,0,0,0,0,0,6,4,35,0,2
2022,12,"62 degrees, relative humidity 86%, wind 24 mph",Green Bay Packers,Philadelphia Eagles,AJ Dillon,GNB,Green Bay Packers,away,40,33,RB,8,17.391304347826086,0,0,0,0,0,0,8,64,1,4,3,24,0,0
2022,12,"62 degrees, relative humidity 86%, wind 24 mph",Green Bay Packers,Philadelphia Eagles,Aaron Jones,GNB,Green Bay Packers,away,40,33,RB,12,26.08695652173913,0,0,0,0,0,0,12,43,0,4,3,56,1,0
2022,12,"62 degrees, relative humidity 86%, wind 24 mph",Green Bay Packers,Philadelphia Eagles,Aaron Rodgers,GNB,Green Bay Packers,away,40,33,QB,17,36.95652173913043,11,16,140,2,2,3,1,-1,0,0,0,0,0,0
2022,12,"62 degrees, relative humidity 86%, wind 24 mph",Green Bay Packers,Philadelphia Eagles,Allen Lazard,GNB,Green Bay Packers,away,40,33,WR,0,0.0,0,0,0,0,0,0,0,0,0,3,2,24,0,0
2022,12,"62 degrees, relative humidity 86%, wind 24 mph",Green Bay Packers,Philadelphia Eagles,Christian Watson,GNB,Green Bay Packers,away,40,33,WR,0,0.0,0,0,0,0,0,0,0,0,0,6,4,110,1,0
2022,12,"62 degrees, relative humidity 86%, wind 24 mph",Green Bay Packers,Philadelphia Eagles,Jordan Love,GNB,Green Bay Packers,away,40,33,QB,9,19.565217391304348,6,9,113,1,0,0,0,0,0,0,0,0,0,0
2022,12,"62 degrees, relative humidity 86%, wind 24 mph",Green Bay Packers,Philadelphia Eagles,Randall Cobb,GNB,Green Bay Packers,away,40,33,WR,0,0.0,0,0,0,0,0,0,0,0,0,4,2,19,1,0
2022,12,"62 degrees, relative humidity 86%, wind 24 mph",Green Bay Packers,Philadelphia Eagles,Robert Tonyan,GNB,Green Bay Packers,away,40,33,TE,0,0.0,0,0,0,0,0,0,0,0,0,3,3,20,0,0
2022,12,"62 degrees, relative humidity 86%, wind 24 mph",Green Bay Packers,Philadelphia Eagles,Tyler Davis,GNB,Green Bay Packers,away,40,33,TE,0,0.0,0,0,0,0,0,0,0,0,0,1,0,0,0,0
2022,12,"84 degrees, relative humidity 63%, wind 13 mph",Houston Texans,Miami Dolphins,Brandin Cooks,HOU,Houston Texans,away,30,15,WR,1,1.8867924528301887,0,0,0,0,0,0,1,2,0,5,5,59,0,0
2022,12,"84 degrees, relative humidity 63%, wind 13 mph",Houston Texans,Miami Dolphins,Chris Moore,HOU,Houston Texans,away,30,15,WR,0,0.0,0,0,0,0,0,0,0,0,0,3,2,7,0,0
2022,12,"84 degrees, relative humidity 63%, wind 13 mph",Houston Texans,Miami Dolphins,Dameon Pierce,HOU,Houston Texans,away,30,15,RB,5,9.433962264150944,0,0,0,0,0,0,5,8,0,6,3,8,0,0
2022,12,"84 degrees, relative humidity 63%, wind 13 mph",Houston Texans,Miami Dolphins,Dare Ogunbowale,HOU,Houston Texans,away,30,15,RB,4,7.547169811320755,0,0,0,0,0,0,4,14,1,2,1,6,0,0
2022,12,"84 degrees, relative humidity 63%, wind 13 mph",Houston Texans,Miami Dolphins,Jordan Akins,HOU,Houston Texans,away,30,15,TE,0,0.0,0,0,0,0,0,0,0,0,0,5,5,61,1,1
2022,12,"84 degrees, relative humidity 63%, wind 13 mph",Houston Texans,Miami Dolphins,Kyle Allen,HOU,Houston Texans,away,30,15,QB,43,81.13207547169812,26,39,215,1,2,5,4,12,0,0,0,0,0,2
2022,12,"84 degrees, relative humidity 63%, wind 13 mph",Houston Texans,Miami Dolphins,Nico Collins,HOU,Houston Texans,away,30,15,WR,0,0.0,0,0,0,0,0,0,0,0,0,9,6,44,0,0
2022,12,"84 degrees, relative humidity 63%, wind 13 mph",Houston Texans,Miami Dolphins,O.J. Howard,HOU,Houston Texans,away,30,15,TE,0,0.0,0,0,0,0,0,0,0,0,0,2,0,0,0,0
2022,12,"84 degrees, relative humidity 63%, wind 13 mph",Houston Texans,Miami Dolphins,Phillip Dorsett,HOU,Houston Texans,away,30,15,WR,0,0.0,0,0,0,0,0,0,0,0,0,2,1,5,0,0
2022,12,"84 degrees, relative humidity 63%, wind 13 mph",Houston Texans,Miami Dolphins,Rex Burkhead,HOU,Houston Texans,away,30,15,RB,0,0.0,0,0,0,0,0,0,0,0,0,2,1,5,0,0
2022,12,"84 degrees, relative humidity 63%, wind 13 mph",Houston Texans,Miami Dolphins,Teagan Quitoriano,HOU,Houston Texans,away,30,15,TE,0,0.0,0,0,0,0,0,0,0,0,0,2,2,20,0,0
2022,12,,Indianapolis Colts,Pittsburgh Steelers,Alec Pierce,IND,Indianapolis Colts,away,24,17,WR,0,0.0,0,0,0,0,0,0,0,0,0,2,0,0,0,0
2022,12,,Indianapolis Colts,Pittsburgh Steelers,Jelani Woods,IND,Indianapolis Colts,away,24,17,TE,0,0.0,0,0,0,0,0,0,0,0,0,9,8,98,0,1
2022,12,,Indianapolis Colts,Pittsburgh Steelers,Jonathan Taylor,IND,Indianapolis Colts,away,24,17,RB,20,33.89830508474576,0,0,0,0,0,0,20,86,1,4,3,12,0,0
2022,12,,Indianapolis Colts,Pittsburgh Steelers,Matt Ryan,IND,Indianapolis Colts,away,24,17,QB,38,64.40677966101694,22,34,199,1,1,3,4,22,0,0,0,0,0,2
2022,12,,Indianapolis Colts,Pittsburgh Steelers,Michael Pittman Jr.,IND,Indianapolis Colts,away,24,17,WR,0,0.0,0,0,0,0,0,0,0,0,0,11,7,61,1,0
2022,12,,Indianapolis Colts,Pittsburgh Steelers,Mo Alie-Cox,IND,Indianapolis Colts,away,24,17,TE,0,0.0,0,0,0,0,0,0,0,0,0,3,2,14,0,0
2022,12,,Indianapolis Colts,Pittsburgh Steelers,Parris Campbell,IND,Indianapolis Colts,away,24,17,WR,0,0.0,0,0,0,0,0,0,0,0,0,3,2,14,0,0
2022,12,,Indianapolis Colts,Pittsburgh Steelers,Zack Moss,IND,Indianapolis Colts,away,24,17,RB,1,1.694915254237288,0,0,0,0,0,0,1,2,0,0,0,0,0,0
2022,12,"77 degrees, relative humidity 82%, wind 19 mph",Baltimore Ravens,Jacksonville Jaguars,Christian Kirk,JAX,Baltimore Ravens,away,28,27,WR,1,1.7543859649122806,0,0,0,0,0,0,1,-5,0,9,4,46,0,0
2022,12,"77 degrees, relative humidity 82%, wind 19 mph",Baltimore Ravens,Jacksonville Jaguars,Evan Engram,JAX,Baltimore Ravens,away,28,27,TE,0,0.0,0,0,0,0,0,0,0,0,0,1,1,4,0,0
2022,12,"77 degrees, relative humidity 82%, wind 19 mph",Baltimore Ravens,Jacksonville Jaguars,Jamal Agnew,JAX,Baltimore Ravens,away,28,27,WR,0,0.0,0,0,0,0,0,0,0,0,0,5,5,37,1,0
2022,12,"77 degrees, relative humidity 82%, wind 19 mph",Baltimore Ravens,Jacksonville Jaguars,Jamycal Hasty,JAX,Baltimore Ravens,away,28,27,RB,12,21.052631578947366,0,0,0,0,0,0,12,28,0,5,5,67,1,0
2022,12,"77 degrees, relative humidity 82%, wind 19 mph",Baltimore Ravens,Jacksonville Jaguars,Marvin Jones,JAX,Baltimore Ravens,away,28,27,WR,0,0.0,0,0,0,0,0,0,0,0,0,3,3,22,1,0
2022,12,"77 degrees, relative humidity 82%, wind 19 mph",Baltimore Ravens,Jacksonville Jaguars,Snoop Conner,JAX,Baltimore Ravens,away,28,27,RB,3,5.263157894736842,0,0,0,0,0,0,3,11,0,0,0,0,0,0
2022,12,"77 degrees, relative humidity 82%, wind 19 mph",Baltimore Ravens,Jacksonville Jaguars,Travis Etienne,JAX,Baltimore Ravens,away,28,27,RB,2,3.508771929824561,0,0,0,0,0,0,2,3,0,0,0,0,0,0
2022,12,"77 degrees, relative humidity 82%, wind 19 mph",Baltimore Ravens,Jacksonville Jaguars,Trevor Lawrence,JAX,Baltimore Ravens,away,28,27,QB,39,68.42105263157895,29,37,321,3,0,4,2,1,0,0,0,0,0,2
2022,12,"77 degrees, relative humidity 82%, wind 19 mph",Baltimore Ravens,Jacksonville Jaguars,Zay Jones,JAX,Baltimore Ravens,away,28,27,WR,0,0.0,0,0,0,0,0,0,0,0,0,14,11,145,0,0
2022,12,"44 degrees, relative humidity 65%, wind 6 mph",Los Angeles Rams,Kansas City Chiefs,Isiah Pacheco,KAN,Los Angeles Rams,away,26,10,RB,22,30.555555555555557,0,0,0,0,0,0,22,69,1,1,1,17,0,0
2022,12,"44 degrees, relative humidity 65%, wind 6 mph",Los Angeles Rams,Kansas City Chiefs,Jerick McKinnon,KAN,Los Angeles Rams,away,26,10,RB,0,0.0,0,0,0,0,0,0,0,0,0,6,3,26,0,0
2022,12,"44 degrees, relative humidity 65%, wind 6 mph",Los Angeles Rams,Kansas City Chiefs,Jody Fortson,KAN,Los Angeles Rams,away,26,10,TE,0,0.0,0,0,0,0,0,0,0,0,0,3,2,26,0,0
2022,12,"44 degrees, relative humidity 65%, wind 6 mph",Los Angeles Rams,Kansas City Chiefs,JuJu Smith-Schuster,KAN,Los Angeles Rams,away,26,10,WR,0,0.0,0,0,0,0,0,0,0,0,0,3,3,38,0,0
2022,12,"44 degrees, relative humidity 65%, wind 6 mph",Los Angeles Rams,Kansas City Chiefs,Justin Watson,KAN,Los Angeles Rams,away,26,10,WR,0,0.0,0,0,0,0,0,0,0,0,0,2,2,26,0,0
2022,12,"44 degrees, relative humidity 65%, wind 6 mph",Los Angeles Rams,Kansas City Chiefs,Marquez Valdes-Scantling,KAN,Los Angeles Rams,away,26,10,WR,0,0.0,0,0,0,0,0,0,0,0,0,5,4,56,0,0
2022,12,"44 degrees, relative humidity 65%, wind 6 mph",Los Angeles Rams,Kansas City Chiefs,Noah Gray,KAN,Los Angeles Rams,away,26,10,TE,0,0.0,0,0,0,0,0,0,0,0,0,2,2,16,0,0
2022,12,"44 degrees, relative humidity 65%, wind 6 mph",Los Angeles Rams,Kansas City Chiefs,Patrick Mahomes,KAN,Los Angeles Rams,away,26,10,QB,46,63.888888888888886,27,42,320,1,1,0,4,36,0,0,0,0,0,0
2022,12,"44 degrees, relative humidity 65%, wind 6 mph",Los Angeles Rams,Kansas City Chiefs,Ronald Jones,KAN,Los Angeles Rams,away,26,10,UNK,4,5.555555555555555,0,0,0,0,0,0,4,12,0,1,1,22,0,0
2022,12,"44 degrees, relative humidity 65%, wind 6 mph",Los Angeles Rams,Kansas City Chiefs,Skyy Moore,KAN,Los Angeles Rams,away,26,10,WR,0,0.0,0,0,0,0,0,0,0,0,0,6,5,36,0,1
2022,12,"44 degrees, relative humidity 65%, wind 6 mph",Los Angeles Rams,Kansas City Chiefs,Travis Kelce,KAN,Los Angeles Rams,away,26,10,TE,0,0.0,0,0,0,0,0,0,0,0,0,8,4,57,1,0
2022,12,,Arizona Cardinals,Los Angeles Chargers,Austin Ekeler,LAC,Arizona Cardinals,away,25,24,RB,5,8.333333333333332,0,0,0,0,0,0,5,20,0,15,11,60,1,0
2022,12,,Arizona Cardinals,Los Angeles Chargers,DeAndre Carter,LAC,Arizona Cardinals,away,25,24,WR,0,0.0,0,0,0,0,0,0,0,0,0,10,7,73,1,0
2022,12,,Arizona Cardinals,Los Angeles Chargers,Gerald Everett,LAC,Arizona Cardinals,away,25,24,TE,0,0.0,0,0,0,0,0,0,0,0,0,4,4,18,0,0
2022,12,,Arizona Cardinals,Los Angeles Chargers,Isaiah Spiller,LAC,Arizona Cardinals,away,25,24,RB,2,3.3333333333333335,0,0,0,0,0,0,2,3,0,1,1,2,0,0
2022,12,,Arizona Cardinals,Los Angeles Chargers,Josh Palmer,LAC,Arizona Cardinals,away,25,24,WR,0,0.0,0,0,0,0,0,0,0,0,0,7,5,56,0,1
2022,12,,Arizona Cardinals,Los Angeles Chargers,Joshua Kelley,LAC,Arizona Cardinals,away,25,24,RB,2,3.3333333333333335,0,0,0,0,0,0,2,4,0,3,2,16,0,0
2022,12,,Arizona Cardinals,Los Angeles Chargers,Justin Herbert,LAC,Arizona Cardinals,away,25,24,QB,51,85.0,35,47,274,3,0,4,4,38,0,0,0,0,0,0
2022,12,,Arizona Cardinals,Los Angeles Chargers,Keenan Allen,LAC,Arizona Cardinals,away,25,24,WR,0,0.0,0,0,0,0,0,0,0,0,0,7,5,49,1,0
2022,12,"44 degrees, relative humidity 65%, wind 6 mph",Los Angeles Rams,Kansas City Chiefs,Ben Skowronek,LAR,Los Angeles Rams,away,26,10,WR,0,0.0,0,0,0,0,0,0,0,0,0,4,2,5,0,0
2022,12,"44 degrees, relative humidity 65%, wind 6 mph",Los Angeles Rams,Kansas City Chiefs,Brandon Powell,LAR,Los Angeles Rams,away,26,10,WR,0,0.0,0,0,0,0,0,0,0,0,0,2,2,6,0,0
2022,12,"44 degrees, relative humidity 65%, wind 6 mph",Los Angeles Rams,Kansas City Chiefs,Bryce Perkins,LAR,Los Angeles Rams,away,26,10,QB,32,61.53846153846154,13,23,100,1,2,3,9,44,0,0,0,0,0,0
2022,12,"44 degrees, relative humidity 65%, wind 6 mph",Los Angeles Rams,Kansas City Chiefs,Brycen Hopkins,LAR,Los Angeles Rams,away,26,10,TE,0,0.0,0,0,0,0,0,0,0,0,0,2,1,12,0,0
2022,12,"44 degrees, relative humidity 65%, wind 6 mph",Los Angeles Rams,Kansas City Chiefs,Cam Akers,LAR,Los Angeles Rams,away,26,10,RB,8,15.384615384615385,0,0,0,0,0,0,8,37,0,0,0,0,0,0
2022,12,"44 degrees, relative humidity 65%, wind 6 mph",Los Angeles Rams,Kansas City Chiefs,Jacob Harris,LAR,Los Angeles Rams,away,26,10,WR,0,0.0,0,0,0,0,0,0,0,0,0,1,1,6,0,0
2022,12,"44 degrees, relative humidity 65%, wind 6 mph",Los Angeles Rams,Kansas City Chiefs,Kyren Williams,LAR,Los Angeles Rams,away,26,10,RB,11,21.153846153846153,0,0,0,0,0,0,11,35,0,3,3,25,0,0
2022,12,"44 degrees, relative humidity 65%, wind 6 mph",Los Angeles Rams,Kansas City Chiefs,Lance McCutcheon,LAR,Los Angeles Rams,away,26,10,WR,0,0.0,0,0,0,0,0,0,0,0,0,4,0,0,0,0
2022,12,"44 degrees, relative humidity 65%, wind 6 mph",Los Angeles Rams,Kansas City Chiefs,Riley Dixon,LAR,Los Angeles Rams,away,26,10,P,1,1.9230769230769231,1,1,6,0,0,0,0,0,0,0,0,0,0,0
2022,12,"44 degrees, relative humidity 65%, wind 6 mph",Los Angeles Rams,Kansas City Chiefs,Tutu Atwell,LAR,Los Angeles Rams,away,26,10,WR,0,0.0,0,0,0,0,0,0,0,0,0,2,2,23,0,0
2022,12,"44 degrees, relative humidity 65%, wind 6 mph",Los Angeles Rams,Kansas City Chiefs,Van Jefferson,LAR,Los Angeles Rams,away,26,10,WR,0,0.0,0,0,0,0,0,0,0,0,0,6,3,29,1,0
2022,12,"44 degrees, relative humidity 67%, wind 8 mph",Seattle Seahawks,Las Vegas Raiders,Ameer Abdullah,LVR,Seattle Seahawks,away,40,34,RB,3,3.9473684210526314,0,0,0,0,0,0,3,16,0,3,3,39,1,0
2022,12,"44 degrees, relative humidity 67%, wind 8 mph",Seattle Seahawks,Las Vegas Raiders,Davante Adams,LVR,Seattle Seahawks,away,40,34,WR,0,0.0,0,0,0,0,0,0,0,0,0,11,7,74,0,0
2022,12,"44 degrees, relative humidity 67%, wind 8 mph",Seattle Seahawks,Las Vegas Raiders,Derek Carr,LVR,Seattle Seahawks,away,40,34,QB,38,50.0,25,36,295,3,2,1,2,10,0,0,0,0,0,0
2022,12,"44 degrees, relative humidity 67%, wind 8 mph",Seattle Seahawks,Las Vegas Raiders,Foster Moreau,LVR,Seattle Seahawks,away,40,34,TE,0,0.0,0,0,0,0,0,0,0,0,0,7,3,33,1,0
2022,12,"44 degrees, relative humidity 67%, wind 8 mph",Seattle Seahawks,Las Vegas Raiders,Jakob Johnson,LVR,Seattle Seahawks,away,40,34,FB,0,0.0,0,0,0,0,0,0,0,0,0,1,0,0,0,0
2022,12,"44 degrees, relative humidity 67%, wind 8 mph",Seattle Seahawks,Las Vegas Raiders,Josh Jacobs,LVR,Seattle Seahawks,away,40,34,RB,33,43.42105263157895,0,0,0,0,0,0,33,229,2,7,6,74,0,0
2022,12,"44 degrees, relative humidity 67%, wind 8 mph",Seattle Seahawks,Las Vegas Raiders,Keelan Cole,LVR,Seattle Seahawks,away,40,34,WR,0,0.0,0,0,0,0,0,0,0,0,0,2,2,12,0,1
2022,12,"44 degrees, relative humidity 67%, wind 8 mph",Seattle Seahawks,Las Vegas Raiders,Mack Hollins,LVR,Seattle Seahawks,away,40,34,WR,0,0.0,0,0,0,0,0,0,0,0,0,5,4,63,1,0
2022,12,"44 degrees, relative humidity 67%, wind 8 mph",Seattle Seahawks,Las Vegas Raiders,Zamir White,LVR,Seattle Seahawks,away,40,34,RB,2,2.631578947368421,0,0,0,0,0,0,2,28,0,0,0,0,0,0
2022,12,"84 degrees, relative humidity 63%, wind 13 mph",Houston Texans,Miami Dolphins,Alec Ingold,MIA,Houston Texans,away,30,15,FB,0,0.0,0,0,0,0,0,0,0,0,0,1,1,0,0,0
2022,12,"84 degrees, relative humidity 63%, wind 13 mph",Houston Texans,Miami Dolphins,Cedrick Wilson Jr.,MIA,Houston Texans,away,30,15,WR,0,0.0,0,0,0,0,0,0,0,0,0,3,2,26,0,0
2022,12,"84 degrees, relative humidity 63%, wind 13 mph",Houston Texans,Miami Dolphins,Durham Smythe,MIA,Houston Texans,away,30,15,TE,0,0.0,0,0,0,0,0,0,0,0,0,1,1,4,1,0
2022,12,"84 degrees, relative humidity 63%, wind 13 mph",Houston Texans,Miami Dolphins,Jaylen Waddle,MIA,Houston Texans,away,30,15,WR,0,0.0,0,0,0,0,0,0,0,0,0,10,5,85,0,0
2022,12,"84 degrees, relative humidity 63%, wind 13 mph",Houston Texans,Miami Dolphins,Jeff Wilson,MIA,Houston Texans,away,30,15,RB,13,19.402985074626866,0,0,0,0,0,0,13,39,1,3,1,13,0,0
2022,12,"84 degrees, relative humidity 63%, wind 13 mph",Houston Texans,Miami Dolphins,Mike Gesicki,MIA,Houston Texans,away,30,15,TE,0,0.0,0,0,0,0,0,0,0,0,0,1,0,0,0,0
2022,12,"84 degrees, relative humidity 63%, wind 13 mph",Houston Texans,Miami Dolphins,Myles Gaskin,MIA,Houston Texans,away,30,15,RB,6,8.955223880597014,0,0,0,0,0,0,6,17,0,1,1,4,0,0
2022,12,"84 degrees, relative humidity 63%, wind 13 mph",Houston Texans,Miami Dolphins,River Cracraft,MIA,Houston Texans,away,30,15,WR,0,0.0,0,0,0,0,0,0,0,0,0,4,4,55,0,0
2022,12,"84 degrees, relative humidity 63%, wind 13 mph",Houston Texans,Miami Dolphins,Skylar Thompson,MIA,Houston Texans,away,30,15,QB,11,16.417910447761194,1,5,6,0,0,1,6,5,0,0,0,0,0,1
2022,12,"84 degrees, relative humidity 63%, wind 13 mph",Houston Texans,Miami Dolphins,Trent Sherfield,MIA,Houston Texans,away,30,15,WR,0,0.0,0,0,0,0,0,0,0,0,0,5,2,33,0,0
2022,12,"84 degrees, relative humidity 63%, wind 13 mph",Houston Texans,Miami Dolphins,Tua Tagovailoa,MIA,Houston Texans,away,30,15,QB,36,53.73134328358209,22,36,299,1,0,4,0,0,0,0,0,0,0,0
2022,12,"84 degrees, relative humidity 63%, wind 13 mph",Houston Texans,Miami Dolphins,Tyreek Hill,MIA,Houston Texans,away,30,15,WR,1,1.4925373134328357,0,0,0,0,0,0,1,5,0,9,6,85,0,0
2022,12,,New England Patriots,Minnesota Vikings,Adam Thielen,MIN,New England Patriots,away,33,26,WR,0,0.0,0,0,0,0,0,0,0,0,0,10,9,61,1,0
2022,12,,New England Patriots,Minnesota Vikings,Alexander Mattison,MIN,New England Patriots,away,33,26,RB,3,4.615384615384616,0,0,0,0,0,0,3,11,0,0,0,0,0,0
2022,12,,New England Patriots,Minnesota Vikings,Dalvin Cook,MIN,New England Patriots,away,33,26,RB,22,33.84615384615385,0,0,0,0,0,0,22,42,0,5,4,14,0,0
2022,12,,New England Patriots,Minnesota Vikings,Jalen Reagor,MIN,New England Patriots,away,33,26,WR,0,0.0,0,0,0,0,0,0,0,0,0,1,1,25,0,0
2022,12,,New England Patriots,Minnesota Vikings,Johnny Mundt,MIN,New England Patriots,away,33,26,TE,0,0.0,0,0,0,0,0,0,0,0,0,2,2,20,0,0
2022,12,,New England Patriots,Minnesota Vikings,Justin Jefferson,MIN,New England Patriots,away,33,26,WR,1,1.5384615384615385,1,1,11,0,0,0,0,0,0,11,9,139,1,0
2022,12,,New England Patriots,Minnesota Vikings,K.J. Osborn,MIN,New England Patriots,away,33,26,WR,1,1.5384615384615385,0,0,0,0,0,0,1,5,0,2,1,8,0,0
2022,12,,New England Patriots,Minnesota Vikings,Kirk Cousins,MIN,New England Patriots,away,33,26,QB,38,58.46153846153847,30,37,299,3,1,1,1,-1,0,0,0,0,0,0
2022,12,,New England Patriots,Minnesota Vikings,T.J. Hockenson,MIN,New England Patriots,away,33,26,TE,0,0.0,0,0,0,0,0,0,0,0,0,6,5,43,1,0
2022,12,"59 degrees, relative humidity 63%, wind 2 mph",New Orleans Saints,San Francisco 49ers,Adam Trautman,NOR,New Orleans Saints,away,13,0,TE,0,0.0,0,0,0,0,0,0,0,0,0,1,1,17,0,0
2022,12,"59 degrees, relative humidity 63%, wind 2 mph",New Orleans Saints,San Francisco 49ers,Alvin Kamara,NOR,New Orleans Saints,away,13,0,RB,7,13.461538461538462,0,0,0,0,0,0,7,13,0,7,6,37,0,2
2022,12,"59 degrees, relative humidity 63%, wind 2 mph",New Orleans Saints,San Francisco 49ers,Andy Dalton,NOR,New Orleans Saints,away,13,0,QB,33,63.46153846153846,18,29,204,0,0,1,4,21,0,0,0,0,0,0
2022,12,"59 degrees, relative humidity 63%, wind 2 mph",New Orleans Saints,San Francisco 49ers,Chris Olave,NOR,New Orleans Saints,away,13,0,WR,0,0.0,0,0,0,0,0,0,0,0,0,9,5,62,0,0
2022,12,"59 degrees, relative humidity 63%, wind 2 mph",New Orleans Saints,San Francisco 49ers,Jarvis Landry,NOR,New Orleans Saints,away,13,0,WR,0,0.0,0,0,0,0,0,0,0,0,0,4,2,20,0,0
2022,12,"59 degrees, relative humidity 63%, wind 2 mph",New Orleans Saints,San Francisco 49ers,Juwan Johnson,NOR,New Orleans Saints,away,13,0,TE,0,0.0,0,0,0,0,0,0,0,0,0,2,0,0,0,0
2022,12,"59 degrees, relative humidity 63%, wind 2 mph",New Orleans Saints,San Francisco 49ers,Mark Ingram,NOR,New Orleans Saints,away,13,0,RB,4,7.6923076923076925,0,0,0,0,0,0,4,10,0,1,0,0,0,0
2022,12,"59 degrees, relative humidity 63%, wind 2 mph",New Orleans Saints,San Francisco 49ers,Rashid Shaheed,NOR,New Orleans Saints,away,13,0,WR,1,1.9230769230769231,0,0,0,0,0,0,1,6,0,3,2,53,0,0
2022,12,"59 degrees, relative humidity 63%, wind 2 mph",New Orleans Saints,San Francisco 49ers,Taysom Hill,NOR,New Orleans Saints,away,13,0,TE,7,13.461538461538462,0,1,0,0,0,0,6,13,0,2,1,7,0,0
2022,12,"59 degrees, relative humidity 63%, wind 2 mph",New Orleans Saints,San Francisco 49ers,Tre'Quan Smith,NOR,New Orleans Saints,away,13,0,WR,0,0.0,0,0,0,0,0,0,0,0,0,1,1,8,0,0
2022,12,,New England Patriots,Minnesota Vikings,Damien Harris,NWE,New England Patriots,away,33,26,RB,5,9.615384615384617,0,0,0,0,0,0,5,16,0,0,0,0,0,0
2022,12,,New England Patriots,Minnesota Vikings,DeVante Parker,NWE,New England Patriots,away,33,26,WR,0,0.0,0,0,0,0,0,0,0,0,0,4,4,80,0,0
2022,12,,New England Patriots,Minnesota Vikings,Hunter Henry,NWE,New England Patriots,away,33,26,TE,0,0.0,0,0,0,0,0,0,0,0,0,5,3,63,1,0
2022,12,,New England Patriots,Minnesota Vikings,Jakobi Meyers,NWE,New England Patriots,away,33,26,WR,0,0.0,0,0,0,0,0,0,0,0,0,4,3,62,0,0
2022,12,,New England Patriots,Minnesota Vikings,Kendrick Bourne,NWE,New England Patriots,away,33,26,WR,1,1.9230769230769231,0,0,0,0,0,0,1,-7,0,4,3,36,0,0
2022,12,,New England Patriots,Minnesota Vikings,Mac Jones,NWE,New England Patriots,away,33,26,QB,39,75.0,28,39,382,2,0,3,0,0,0,0,0,0,0,1
2022,12,,New England Patriots,Minnesota Vikings,Nelson Agholor,NWE,New England Patriots,away,33,26,WR,0,0.0,0,0,0,0,0,0,0,0,0,8,6,65,1,0
2022,12,,New England Patriots,Minnesota Vikings,Rhamondre Stevenson,NWE,New England Patriots,away,33,26,RB,7,13.461538461538462,0,0,0,0,0,0,7,36,0,10,9,76,0,0
2022,12,,New York Giants,Dallas Cowboys,Chris Myarick,NYG,New York Giants,away,28,20,TE,0,0.0,0,0,0,0,0,0,0,0,0,1,1,23,0,0
2022,12,,New York Giants,Dallas Cowboys,Daniel Jones,NYG,New York Giants,away,28,20,QB,38,67.85714285714286,21,35,228,1,0,3,3,14,0,0,0,0,0,1
2022,12,,New York Giants,Dallas Cowboys,Darius Slayton,NYG,New York Giants,away,28,20,WR,0,0.0,0,0,0,0,0,0,0,0,0,6,3,63,0,0
2022,12,,New York Giants,Dallas Cowboys,Gary Brightwell,NYG,New York Giants,away,28,20,RB,5,8.928571428571429,0,0,0,0,0,0,5,31,0,2,2,18,0,0
2022,12,,New York Giants,Dallas Cowboys,Isaiah Hodgins,NYG,New York Giants,away,28,20,WR,0,0.0,0,0,0,0,0,0,0,0,0,4,3,31,0,0
2022,12,,New York Giants,Dallas Cowboys,Lawrence Cager,NYG,New York Giants,away,28,20,TE,0,0.0,0,0,0,0,0,0,0,0,0,2,1,20,0,0
2022,12,,New York Giants,Dallas Cowboys,Matt Breida,NYG,New York Giants,away,28,20,RB,2,3.571428571428571,0,0,0,0,0,0,2,6,0,1,1,9,0,0
2022,12,,New York Giants,Dallas Cowboys,Richie James,NYG,New York Giants,away,28,20,WR,0,0.0,0,0,0,0,0,0,0,0,0,6,5,41,1,0
2022,12,,New York Giants,Dallas Cowboys,Saquon Barkley,NYG,New York Giants,away,28,20,RB,11,19.642857142857142,0,0,0,0,0,0,11,39,1,6,4,13,0,0
2022,12,,New York Giants,Dallas Cowboys,Tanner Hudson,NYG,New York Giants,away,28,20,TE,0,0.0,0,0,0,0,0,0,0,0,0,1,1,10,0,0
2022,12,"50 degrees, relative humidity 61%, wind 9 mph",Chicago Bears,New York Jets,Braden Mann,NYJ,Chicago Bears,away,31,10,P,1,1.639344262295082,0,1,0,0,0,0,0,0,0,0,0,0,0,1
2022,12,"50 degrees, relative humidity 61%, wind 9 mph",Chicago Bears,New York Jets,Braxton Berrios,NYJ,Chicago Bears,away,31,10,WR,2,3.278688524590164,0,0,0,0,0,0,2,9,0,1,1,4,0,0
2022,12,"50 degrees, relative humidity 61%, wind 9 mph",Chicago Bears,New York Jets,C.J. Uzomah,NYJ,Chicago Bears,away,31,10,TE,0,0.0,0,0,0,0,0,0,0,0,0,3,3,17,0,0
2022,12,"50 degrees, relative humidity 61%, wind 9 mph",Chicago Bears,New York Jets,Corey Davis,NYJ,Chicago Bears,away,31,10,WR,0,0.0,0,0,0,0,0,0,0,0,0,3,1,9,0,0
2022,12,"50 degrees, relative humidity 61%, wind 9 mph",Chicago Bears,New York Jets,Denzel Mims,NYJ,Chicago Bears,away,31,10,WR,0,0.0,0,0,0,0,0,0,0,0,0,1,1,11,0,0
2022,12,"50 degrees, relative humidity 61%, wind 9 mph",Chicago Bears,New York Jets,Elijah Moore,NYJ,Chicago Bears,away,31,10,WR,1,1.639344262295082,0,0,0,0,0,0,1,-4,0,2,2,64,1,0
2022,12,"50 degrees, relative humidity 61%, wind 9 mph",Chicago Bears,New York Jets,Garrett Wilson,NYJ,Chicago Bears,away,31,10,WR,1,1.639344262295082,0,0,0,0,0,0,1,-1,0,8,5,95,2,0
2022,12,"50 degrees, relative humidity 61%, wind 9 mph",Chicago Bears,New York Jets,Michael Carter,NYJ,Chicago Bears,away,31,10,RB,6,9.836065573770492,0,0,0,0,0,0,6,21,0,2,2,15,0,0
2022,12,"50 degrees, relative humidity 61%, wind 9 mph",Chicago Bears,New York Jets,Mike White,NYJ,Chicago Bears,away,31,10,QB,31,50.81967213114754,22,28,315,3,0,1,3,2,0,0,0,0,0,0
2022,12,"50 degrees, relative humidity 61%, wind 9 mph",Chicago Bears,New York Jets,Ty Johnson,NYJ,Chicago Bears,away,31,10,RB,5,8.19672131147541,0,0,0,0,0,0,5,62,1,2,1,16,0,0
2022,12,"50 degrees, relative humidity 61%, wind 9 mph",Chicago Bears,New York Jets,Tyler Conklin,NYJ,Chicago Bears,away,31,10,TE,0,0.0,0,0,0,0,0,0,0,0,0,3,3,50,0,0
2022,12,"50 degrees, relative humidity 61%, wind 9 mph",Chicago Bears,New York Jets,Zonovan Knight,NYJ,Chicago Bears,away,31,10,RB,14,22.950819672131146,0,0,0,0,0,0,14,69,0,3,3,34,0,1
2022,12,"62 degrees, relative humidity 86%, wind 24 mph",Green Bay Packers,Philadelphia Eagles,A.J. Brown,PHI,Green Bay Packers,away,40,33,WR,0,0.0,0,0,0,0,0,0,0,0,0,6,4,46,1,1
2022,12,"62 degrees, relative humidity 86%, wind 24 mph",Green Bay Packers,Philadelphia Eagles,Boston Scott,PHI,Green Bay Packers,away,40,33,RB,3,3.896103896103896,0,0,0,0,0,0,3,24,0,0,0,0,0,0
2022,12,"62 degrees, relative humidity 86%, wind 24 mph",Green Bay Packers,Philadelphia Eagles,DeVonta Smith,PHI,Green Bay Packers,away,40,33,WR,0,0.0,0,0,0,0,0,0,0,0,0,9,4,50,0,0
2022,12,"62 degrees, relative humidity 86%, wind 24 mph",Green Bay Packers,Philadelphia Eagles,Grant Calcaterra,PHI,Green Bay Packers,away,40,33,TE,0,0.0,0,0,0,0,0,0,0,0,0,1,1,-2,0,0
2022,12,"62 degrees, relative humidity 86%, wind 24 mph",Green Bay Packers,Philadelphia Eagles,Jalen Hurts,PHI,Green Bay Packers,away,40,33,QB,45,58.44155844155844,16,28,153,2,0,2,17,157,0,0,0,0,0,1
2022,12,"62 degrees, relative humidity 86%, wind 24 mph",Green Bay Packers,Philadelphia Eagles,Kenneth Gainwell,PHI,Green Bay Packers,away,40,33,RB,8,10.38961038961039,0,0,0,0,0,0,8,39,1,1,1,7,0,0
2022,12,"62 degrees, relative humidity 86%, wind 24 mph",Green Bay Packers,Philadelphia Eagles,Miles Sanders,PHI,Green Bay Packers,away,40,33,RB,21,27.27272727272727,0,0,0,0,0,0,21,143,2,3,3,17,0,0
2022,12,"62 degrees, relative humidity 86%, wind 24 mph",Green Bay Packers,Philadelphia Eagles,Quez Watkins,PHI,Green Bay Packers,away,40,33,WR,0,0.0,0,0,0,0,0,0,0,0,0,5,3,35,1,0
2022,12,,Indianapolis Colts,Pittsburgh Steelers,Anthony McFarland Jr.,PIT,Indianapolis Colts,away,24,17,RB,6,9.375,0,0,0,0,0,0,6,30,0,2,2,11,0,0
2022,12,,Indianapolis Colts,Pittsburgh Steelers,Benny Snell Jr.,PIT,Indianapolis Colts,away,24,17,RB,12,18.75,0,0,0,0,0,0,12,62,1,1,1,6,0,0
2022,12,,Indianapolis Colts,Pittsburgh Steelers,Cody White,PIT,Indianapolis Colts,away,24,17,WR,0,0.0,0,0,0,0,0,0,0,0,0,1,1,2,0,0
2022,12,,Indianapolis Colts,Pittsburgh Steelers,Derek Watt,PIT,Indianapolis Colts,away,24,17,FB,1,1.5625,0,0,0,0,0,0,1,4,0,1,1,1,0,0
2022,12,,Indianapolis Colts,Pittsburgh Steelers,Diontae Johnson,PIT,Indianapolis Colts,away,24,17,WR,0,0.0,0,0,0,0,0,0,0,0,0,8,5,49,0,0
2022,12,,Indianapolis Colts,Pittsburgh Steelers,George Pickens,PIT,Indianapolis Colts,away,24,17,WR,0,0.0,0,0,0,0,0,0,0,0,0,6,3,57,0,0
2022,12,,Indianapolis Colts,Pittsburgh Steelers,Gunner Olszewski,PIT,Indianapolis Colts,away,24,17,WR,1,1.5625,0,0,0,0,0,0,1,9,0,0,0,0,0,0
2022,12,,Indianapolis Colts,Pittsburgh Steelers,Kenny Pickett,PIT,Indianapolis Colts,away,24,17,QB,34,53.125,20,28,174,0,0,3,6,32,0,0,0,0,0,0
2022,12,,Indianapolis Colts,Pittsburgh Steelers,Najee Harris,PIT,Indianapolis Colts,away,24,17,RB,10,15.625,0,0,0,0,0,0,10,35,1,1,1,4,0,0
2022,12,,Indianapolis Colts,Pittsburgh Steelers,Pat Freiermuth,PIT,Indianapolis Colts,away,24,17,TE,0,0.0,0,0,0,0,0,0,0,0,0,4,3,39,0,0
2022,12,,Indianapolis Colts,Pittsburgh Steelers,Steven Sims,PIT,Indianapolis Colts,away,24,17,WR,0,0.0,0,0,0,0,0,0,0,0,0,3,2,9,0,0
2022,12,,Indianapolis Colts,Pittsburgh Steelers,Zach Gentry,PIT,Indianapolis Colts,away,24,17,TE,0,0.0,0,0,0,0,0,0,0,0,0,1,1,-4,0,0
2022,12,"44 degrees, relative humidity 67%, wind 8 mph",Seattle Seahawks,Las Vegas Raiders,D.K. Metcalf,SEA,Seattle Seahawks,away,40,34,WR,0,0.0,0,0,0,0,0,0,0,0,0,15,11,90,0,0
2022,12,"44 degrees, relative humidity 67%, wind 8 mph",Seattle Seahawks,Las Vegas Raiders,DeeJay Dallas,SEA,Seattle Seahawks,away,40,34,RB,1,1.6666666666666667,0,0,0,0,0,0,1,2,0,2,2,13,0,0
2022,12,"44 degrees, relative humidity 67%, wind 8 mph",Seattle Seahawks,Las Vegas Raiders,Geno Smith,SEA,Seattle Seahawks,away,40,34,QB,42,70.0,27,37,328,2,1,3,5,22,0,0,0,0,0,1
2022,12,"44 degrees, relative humidity 67%, wind 8 mph",Seattle Seahawks,Las Vegas Raiders,Kenneth Walker,SEA,Seattle Seahawks,away,40,34,UNK,14,23.333333333333332,0,0,0,0,0,0,14,26,2,1,1,13,0,0
2022,12,"44 degrees, relative humidity 67%, wind 8 mph",Seattle Seahawks,Las Vegas Raiders,Marquise Goodwin,SEA,Seattle Seahawks,away,40,34,WR,1,1.6666666666666667,0,0,0,0,0,0,1,7,0,3,3,48,0,0
2022,12,"44 degrees, relative humidity 67%, wind 8 mph",Seattle Seahawks,Las Vegas Raiders,Noah Fant,SEA,Seattle Seahawks,away,40,34,TE,0,0.0,0,0,0,0,0,0,0,0,0,3,3,34,0,0
2022,12,"44 degrees, relative humidity 67%, wind 8 mph",Seattle Seahawks,Las Vegas Raiders,Travis Homer,SEA,Seattle Seahawks,away,40,34,RB,2,3.3333333333333335,0,0,0,0,0,0,2,8,0,3,2,45,1,0
2022,12,"44 degrees, relative humidity 67%, wind 8 mph",Seattle Seahawks,Las Vegas Raiders,Tyler Lockett,SEA,Seattle Seahawks,away,40,34,WR,0,0.0,0,0,0,0,0,0,0,0,0,7,3,68,1,0
2022,12,"44 degrees, relative humidity 67%, wind 8 mph",Seattle Seahawks,Las Vegas Raiders,Will Dissly,SEA,Seattle Seahawks,away,40,34,TE,0,0.0,0,0,0,0,0,0,0,0,0,3,2,17,0,0
2022,12,"59 degrees, relative humidity 63%, wind 2 mph",New Orleans Saints,San Francisco 49ers,Brandon Aiyuk,SFO,New Orleans Saints,away,13,0,WR,0,0.0,0,0,0,0,0,0,0,0,0,8,5,65,0,0
2022,12,"59 degrees, relative humidity 63%, wind 2 mph",New Orleans Saints,San Francisco 49ers,Christian McCaffrey,SFO,New Orleans Saints,away,13,0,RB,11,16.666666666666664,0,0,0,0,0,0,11,32,0,6,4,17,0,0
2022,12,"59 degrees, relative humidity 63%, wind 2 mph",New Orleans Saints,San Francisco 49ers,Deebo Samuel,SFO,New Orleans Saints,away,13,0,WR,2,3.0303030303030303,0,0,0,0,0,0,2,0,0,7,3,43,0,0
2022,12,"59 degrees, relative humidity 63%, wind 2 mph",New Orleans Saints,San Francisco 49ers,Elijah Mitchell,SFO,New Orleans Saints,away,13,0,RB,7,10.606060606060606,0,0,0,0,0,0,7,35,0,2,2,8,0,0
2022,12,"59 degrees, relative humidity 63%, wind 2 mph",New Orleans Saints,San Francisco 49ers,George Kittle,SFO,New Orleans Saints,away,13,0,TE,0,0.0,0,0,0,0,0,0,0,0,0,4,3,26,0,0
2022,12,"59 degrees, relative humidity 63%, wind 2 mph",New Orleans Saints,San Francisco 49ers,Jauan Jennings,SFO,New Orleans Saints,away,13,0,WR,0,0.0,0,0,0,0,0,0,0,0,0,7,6,49,1,0
2022,12,"59 degrees, relative humidity 63%, wind 2 mph",New Orleans Saints,San Francisco 49ers,Jimmy Garoppolo,SFO,New Orleans Saints,away,13,0,QB,41,62.121212121212125,26,37,222,1,0,1,4,4,0,0,0,0,0,0
2022,12,"59 degrees, relative humidity 63%, wind 2 mph",New Orleans Saints,San Francisco 49ers,Jordan Mason,SFO,New Orleans Saints,away,13,0,RB,5,7.575757575757576,0,0,0,0,0,0,5,25,0,0,0,0,0,0
2022,12,"59 degrees, relative humidity 63%, wind 2 mph",New Orleans Saints,San Francisco 49ers,Kyle Juszczyk,SFO,New Orleans Saints,away,13,0,FB,0,0.0,0,0,0,0,0,0,0,0,0,2,2,2,0,0
2022,12,"59 degrees, relative humidity 63%, wind 2 mph",New Orleans Saints,San Francisco 49ers,Ray-Ray McCloud,SFO,New Orleans Saints,away,13,0,WR,0,0.0,0,0,0,0,0,0,0,0,0,1,1,12,0,0
2022,12,"56 degrees, relative humidity 84%, wind 14 mph",Tampa Bay Buccaneers,Cleveland Browns,Breshad Perriman,TAM,Tampa Bay Buccaneers,away,23,17,WR,0,0.0,0,0,0,0,0,0,0,0,0,1,0,0,0,0
2022,12,"56 degrees, relative humidity 84%, wind 14 mph",Tampa Bay Buccaneers,Cleveland Browns,Cameron Brate,TAM,Tampa Bay Buccaneers,away,23,17,TE,0,0.0,0,0,0,0,0,0,0,0,0,5,2,15,0,0
2022,12,"56 degrees, relative humidity 84%, wind 14 mph",Tampa Bay Buccaneers,Cleveland Browns,Chris Godwin,TAM,Tampa Bay Buccaneers,away,23,17,WR,0,0.0,0,0,0,0,0,0,0,0,0,13,12,110,1,0
2022,12,"56 degrees, relative humidity 84%, wind 14 mph",Tampa Bay Buccaneers,Cleveland Browns,Julio Jones,TAM,Tampa Bay Buccaneers,away,23,17,WR,1,1.5873015873015872,0,0,0,0,0,0,1,15,0,4,3,40,0,0
2022,12,"56 degrees, relative humidity 84%, wind 14 mph",Tampa Bay Buccaneers,Cleveland Browns,Ke'Shawn Vaughn,TAM,Tampa Bay Buccaneers,away,23,17,RB,4,6.349206349206349,0,0,0,0,0,0,4,15,0,0,0,0,0,0
2022,12,"56 degrees, relative humidity 84%, wind 14 mph",Tampa Bay Buccaneers,Cleveland Browns,Ko Kieft,TAM,Tampa Bay Buccaneers,away,23,17,TE,0,0.0,0,0,0,0,0,0,0,0,0,1,1,5,1,0
2022,12,"56 degrees, relative humidity 84%, wind 14 mph",Tampa Bay Buccaneers,Cleveland Browns,Mike Evans,TAM,Tampa Bay Buccaneers,away,23,17,WR,0,0.0,0,0,0,0,0,0,0,0,0,9,2,31,0,0
2022,12,"56 degrees, relative humidity 84%, wind 14 mph",Tampa Bay Buccaneers,Cleveland Browns,Rachaad White,TAM,Tampa Bay Buccaneers,away,23,17,RB,14,22.22222222222222,0,0,0,0,0,0,14,64,0,9,9,45,0,0
2022,12,"56 degrees, relative humidity 84%, wind 14 mph",Tampa Bay Buccaneers,Cleveland Browns,Tom Brady,TAM,Tampa Bay Buccaneers,away,23,17,QB,44,69.84126984126983,29,43,246,2,0,3,1,2,0,0,0,0,0,0
2022,12,"56 degrees, relative humidity 62%, wind 14 mph",Tennessee Titans,Cincinnati Bengals,Austin Hooper,TEN,Tennessee Titans,away,20,16,TE,0,0.0,0,0,0,0,0,0,0,0,0,4,3,30,0,0
2022,12,"56 degrees, relative humidity 62%, wind 14 mph",Tennessee Titans,Cincinnati Bengals,Chigoziem Okonkwo,TEN,Tennessee Titans,away,20,16,TE,0,0.0,0,0,0,0,0,0,0,0,0,5,3,35,0,0
2022,12,"56 degrees, relative humidity 62%, wind 14 mph",Tennessee Titans,Cincinnati Bengals,Derrick Henry,TEN,Tennessee Titans,away,20,16,RB,17,30.909090909090907,0,0,0,0,0,0,17,38,0,3,3,79,0,1
2022,12,"56 degrees, relative humidity 62%, wind 14 mph",Tennessee Titans,Cincinnati Bengals,Dontrell Hilliard,TEN,Tennessee Titans,away,20,16,RB,2,3.6363636363636362,0,0,0,0,0,0,2,16,0,3,3,3,0,0
2022,12,"56 degrees, relative humidity 62%, wind 14 mph",Tennessee Titans,Cincinnati Bengals,Geoff Swaim,TEN,Tennessee Titans,away,20,16,TE,0,0.0,0,0,0,0,0,0,0,0,0,1,0,0,0,0
2022,12,"56 degrees, relative humidity 62%, wind 14 mph",Tennessee Titans,Cincinnati Bengals,Nick Westbrook-Ikhine,TEN,Tennessee Titans,away,20,16,WR,0,0.0,0,0,0,0,0,0,0,0,0,6,4,58,0,0
2022,12,"56 degrees, relative humidity 62%, wind 14 mph",Tennessee Titans,Cincinnati Bengals,Robert Woods,TEN,Tennessee Titans,away,20,16,WR,0,0.0,0,0,0,0,0,0,0,0,0,6,2,16,0,0
2022,12,"56 degrees, relative humidity 62%, wind 14 mph",Tennessee Titans,Cincinnati Bengals,Ryan Tannehill,TEN,Tennessee Titans,away,20,16,QB,36,65.45454545454545,22,34,291,0,0,1,2,9,0,0,0,0,0,0
2022,12,"56 degrees, relative humidity 62%, wind 14 mph",Tennessee Titans,Cincinnati Bengals,Treylon Burks,TEN,Tennessee Titans,away,20,16,WR,0,0.0,0,0,0,0,0,0,0,0,0,6,4,70,0,0
2022,12,"46 degrees, relative humidity 97%, wind 9 mph",Atlanta Falcons,Washington Commanders,Antonio Gibson,WAS,Atlanta Falcons,away,19,13,RB,9,15.0,0,0,0,0,0,0,9,32,0,3,3,22,0,0
2022,12,"46 degrees, relative humidity 97%, wind 9 mph",Atlanta Falcons,Washington Commanders,Brian Robinson Jr.,WAS,Atlanta Falcons,away,19,13,RB,18,30.0,0,0,0,0,0,0,18,105,0,3,2,20,1,0
2022,12,"46 degrees, relative humidity 97%, wind 9 mph",Atlanta Falcons,Washington Commanders,Cole Turner,WAS,Atlanta Falcons,away,19,13,TE,0,0.0,0,0,0,0,0,0,0,0,0,1,0,0,0,0
2022,12,"46 degrees, relative humidity 97%, wind 9 mph",Atlanta Falcons,Washington Commanders,Curtis Samuel,WAS,Atlanta Falcons,away,19,13,WR,4,6.666666666666667,0,0,0,0,0,0,4,13,0,0,0,0,0,0
2022,12,"46 degrees, relative humidity 97%, wind 9 mph",Atlanta Falcons,Washington Commanders,Dyami Brown,WAS,Atlanta Falcons,away,19,13,WR,0,0.0,0,0,0,0,0,0,0,0,0,1,1,17,0,0
2022,12,"46 degrees, relative humidity 97%, wind 9 mph",Atlanta Falcons,Washington Commanders,Jahan Dotson,WAS,Atlanta Falcons,away,19,13,WR,0,0.0,0,0,0,0,0,0,0,0,0,1,0,0,0,0
2022,12,"46 degrees, relative humidity 97%, wind 9 mph",Atlanta Falcons,Washington Commanders,John Bates,WAS,Atlanta Falcons,away,19,13,TE,0,0.0,0,0,0,0,0,0,0,0,0,4,3,24,1,0
2022,12,"46 degrees, relative humidity 97%, wind 9 mph",Atlanta Falcons,Washington Commanders,Jonathan Williams,WAS,Atlanta Falcons,away,19,13,RB,4,6.666666666666667,0,0,0,0,0,0,4,22,0,0,0,0,0,0
2022,12,"46 degrees, relative humidity 97%, wind 9 mph",Atlanta Falcons,Washington Commanders,Logan Thomas,WAS,Atlanta Falcons,away,19,13,TE,0,0.0,0,0,0,0,0,0,0,0,0,3,1,7,0,0
2022,12,"46 degrees, relative humidity 97%, wind 9 mph",Atlanta Falcons,Washington Commanders,Taylor Heinicke,WAS,Atlanta Falcons,away,19,13,QB,24,40.0,14,23,138,2,1,0,1,-1,0,0,0,0,0,0
2022,12,"46 degrees, relative humidity 97%, wind 9 mph",Atlanta Falcons,Washington Commanders,Terry McLaurin,WAS,Atlanta Falcons,away,19,13,WR,1,1.6666666666666667,0,0,0,0,0,0,1,5,0,6,4,48,0,0
2022,13,,Atlanta Falcons,Pittsburgh Steelers,Anthony Firkser,ATL,Atlanta Falcons,away,19,16,TE,0,0.0,0,0,0,0,0,0,0,0,0,2,2,24,0,0
2022,13,,Atlanta Falcons,Pittsburgh Steelers,Caleb Huntley,ATL,Atlanta Falcons,away,19,16,RB,4,7.6923076923076925,0,0,0,0,0,0,4,17,0,0,0,0,0,0
2022,13,,Atlanta Falcons,Pittsburgh Steelers,Cordarrelle Patterson,ATL,Atlanta Falcons,away,19,16,RB,11,21.153846153846153,0,0,0,0,0,0,11,60,0,0,0,0,0,0
2022,13,,Atlanta Falcons,Pittsburgh Steelers,Damiere Byrd,ATL,Atlanta Falcons,away,19,16,WR,0,0.0,0,0,0,0,0,0,0,0,0,1,1,12,0,0
2022,13,,Atlanta Falcons,Pittsburgh Steelers,Drake London,ATL,Atlanta Falcons,away,19,16,WR,0,0.0,0,0,0,0,0,0,0,0,0,12,6,95,0,0
2022,13,,Atlanta Falcons,Pittsburgh Steelers,KhaDarel Hodge,ATL,Atlanta Falcons,away,19,16,WR,0,0.0,0,0,0,0,0,0,0,0,0,2,0,0,0,0
2022,13,,Atlanta Falcons,Pittsburgh Steelers,Marcus Mariota,ATL,Atlanta Falcons,away,19,16,QB,27,51.92307692307693,13,24,167,1,1,1,3,17,0,0,0,0,0,0
2022,13,,Atlanta Falcons,Pittsburgh Steelers,MyCole Pruitt,ATL,Atlanta Falcons,away,19,16,TE,0,0.0,0,0,0,0,0,0,0,0,0,1,1,7,1,0
2022,13,,Atlanta Falcons,Pittsburgh Steelers,Olamide Zaccheaus,ATL,Atlanta Falcons,away,19,16,WR,0,0.0,0,0,0,0,0,0,0,0,0,5,2,13,0,0
2022,13,,Atlanta Falcons,Pittsburgh Steelers,Parker Hesse,ATL,Atlanta Falcons,away,19,16,TE,0,0.0,0,0,0,0,0,0,0,0,0,1,1,16,0,0
2022,13,,Atlanta Falcons,Pittsburgh Steelers,Tyler Allgeier,ATL,Atlanta Falcons,away,19,16,RB,10,19.230769230769234,0,0,0,0,0,0,10,52,0,0,0,0,0,0
2022,13,"63 degrees, relative humidity 75%, wind 8 mph",Denver Broncos,Baltimore Ravens,DeSean Jackson,BAL,Denver Broncos,away,10,9,WR,0,0.0,0,0,0,0,0,0,0,0,0,3,2,10,0,0
2022,13,"63 degrees, relative humidity 75%, wind 8 mph",Denver Broncos,Baltimore Ravens,Demarcus Robinson,BAL,Denver Broncos,away,10,9,WR,0,0.0,0,0,0,0,0,0,0,0,0,8,7,41,0,0
2022,13,"63 degrees, relative humidity 75%, wind 8 mph",Denver Broncos,Baltimore Ravens,Devin Duvernay,BAL,Denver Broncos,away,10,9,WR,2,3.076923076923077,0,0,0,0,0,0,2,9,0,6,6,34,0,0
2022,13,"63 degrees, relative humidity 75%, wind 8 mph",Denver Broncos,Baltimore Ravens,Gus Edwards,BAL,Denver Broncos,away,10,9,RB,6,9.230769230769232,0,0,0,0,0,0,6,12,0,0,0,0,0,0
2022,13,"63 degrees, relative humidity 75%, wind 8 mph",Denver Broncos,Baltimore Ravens,Isaiah Likely,BAL,Denver Broncos,away,10,9,TE,0,0.0,0,0,0,0,0,0,0,0,0,4,4,30,0,0
2022,13,"63 degrees, relative humidity 75%, wind 8 mph",Denver Broncos,Baltimore Ravens,James Proche,BAL,Denver Broncos,away,10,9,WR,1,1.5384615384615385,0,1,0,0,1,0,0,0,0,2,2,9,0,0
2022,13,"63 degrees, relative humidity 75%, wind 8 mph",Denver Broncos,Baltimore Ravens,Justice Hill,BAL,Denver Broncos,away,10,9,RB,1,1.5384615384615385,0,0,0,0,0,0,1,2,0,2,2,4,0,1
2022,13,"63 degrees, relative humidity 75%, wind 8 mph",Denver Broncos,Baltimore Ravens,Kenyan Drake,BAL,Denver Broncos,away,10,9,RB,7,10.76923076923077,0,0,0,0,0,0,7,29,0,3,2,17,0,0
2022,13,"63 degrees, relative humidity 75%, wind 8 mph",Denver Broncos,Baltimore Ravens,Lamar Jackson,BAL,Denver Broncos,away,10,9,QB,5,7.6923076923076925,3,4,11,0,0,2,1,9,0,0,0,0,0,0
2022,13,"63 degrees, relative humidity 75%, wind 8 mph",Denver Broncos,Baltimore Ravens,Mark Andrews,BAL,Denver Broncos,away,10,9,TE,1,1.5384615384615385,0,0,0,0,0,0,1,1,0,7,4,53,0,0
2022,13,"63 degrees, relative humidity 75%, wind 8 mph",Denver Broncos,Baltimore Ravens,Patrick Ricard,BAL,Denver Broncos,away,10,9,FB,0,0.0,0,0,0,0,0,0,0,0,0,1,1,0,0,0
2022,13,"63 degrees, relative humidity 75%, wind 8 mph",Denver Broncos,Baltimore Ravens,Tyler Huntley,BAL,Denver Broncos,away,10,9,QB,42,64.61538461538461,27,32,187,0,1,2,10,41,1,0,0,0,0,0
2022,13,"35 degrees, relative humidity 57%, wind 2 mph",New England Patriots,Buffalo Bills,Dawson Knox,BUF,New England Patriots,away,24,10,TE,0,0.0,0,0,0,0,0,0,0,0,0,1,0,0,0,0
2022,13,"35 degrees, relative humidity 57%, wind 2 mph",New England Patriots,Buffalo Bills,Devin Singletary,BUF,New England Patriots,away,24,10,RB,13,18.571428571428573,0,0,0,0,0,0,13,51,1,2,0,0,0,0
2022,13,"35 degrees, relative humidity 57%, wind 2 mph",New England Patriots,Buffalo Bills,Gabriel Davis,BUF,New England Patriots,away,24,10,WR,0,0.0,0,0,0,0,0,0,0,0,0,7,2,15,1,0
2022,13,"35 degrees, relative humidity 57%, wind 2 mph",New England Patriots,Buffalo Bills,Isaiah McKenzie,BUF,New England Patriots,away,24,10,WR,0,0.0,0,0,0,0,0,0,0,0,0,5,5,44,0,0
2022,13,"35 degrees, relative humidity 57%, wind 2 mph",New England Patriots,Buffalo Bills,James Cook,BUF,New England Patriots,away,24,10,RB,14,20.0,0,0,0,0,0,0,14,64,0,6,6,41,0,0
2022,13,"35 degrees, relative humidity 57%, wind 2 mph",New England Patriots,Buffalo Bills,Josh Allen,BUF,New England Patriots,away,24,10,QB,41,58.57142857142858,22,33,223,2,0,2,8,20,0,0,0,0,0,1
2022,13,"35 degrees, relative humidity 57%, wind 2 mph",New England Patriots,Buffalo Bills,Khalil Shakir,BUF,New England Patriots,away,24,10,WR,0,0.0,0,0,0,0,0,0,0,0,0,1,1,10,0,0
2022,13,"35 degrees, relative humidity 57%, wind 2 mph",New England Patriots,Buffalo Bills,Nyheim Hines,BUF,New England Patriots,away,24,10,RB,2,2.857142857142857,0,0,0,0,0,0,2,-3,0,2,1,21,0,0
2022,13,"35 degrees, relative humidity 57%, wind 2 mph",New England Patriots,Buffalo Bills,Stefon Diggs,BUF,New England Patriots,away,24,10,WR,0,0.0,0,0,0,0,0,0,0,0,0,9,7,92,1,0
2022,13,"38 degrees, relative humidity 42%, wind 12 mph",Chicago Bears,Green Bay Packers,Chase Claypool,CHI,Chicago Bears,away,28,19,WR,0,0.0,0,0,0,0,0,0,0,0,0,6,5,28,0,1
2022,13,"38 degrees, relative humidity 42%, wind 12 mph",Chicago Bears,Green Bay Packers,Cole Kmet,CHI,Chicago Bears,away,28,19,TE,0,0.0,0,0,0,0,0,0,0,0,0,7,6,72,0,0
2022,13,"38 degrees, relative humidity 42%, wind 12 mph",Chicago Bears,Green Bay Packers,Dante Pettis,CHI,Chicago Bears,away,28,19,WR,0,0.0,0,0,0,0,0,0,0,0,0,2,1,14,0,0
2022,13,"38 degrees, relative humidity 42%, wind 12 mph",Chicago Bears,Green Bay Packers,Darrynton Evans,CHI,Chicago Bears,away,28,19,RB,3,6.0,0,0,0,0,0,0,3,21,0,0,0,0,0,0
2022,13,"38 degrees, relative humidity 42%, wind 12 mph",Chicago Bears,Green Bay Packers,David Montgomery,CHI,Chicago Bears,away,28,19,RB,14,28.000000000000004,0,0,0,0,0,0,14,61,1,5,4,6,0,0
2022,13,"38 degrees, relative humidity 42%, wind 12 mph",Chicago Bears,Green Bay Packers,Equanimeous St. Brown,CHI,Chicago Bears,away,28,19,WR,1,2.0,0,0,0,0,0,0,1,1,0,4,3,85,0,0
2022,13,"38 degrees, relative humidity 42%, wind 12 mph",Chicago Bears,Green Bay Packers,Justin Fields,CHI,Chicago Bears,away,28,19,QB,31,62.0,20,25,254,0,2,0,6,71,1,0,0,0,0,0
2022,13,"38 degrees, relative humidity 42%, wind 12 mph",Chicago Bears,Green Bay Packers,N'Keal Harry,CHI,Chicago Bears,away,28,19,WR,0,0.0,0,0,0,0,0,0,0,0,0,1,1,49,0,0
2022,13,"38 degrees, relative humidity 42%, wind 12 mph",Chicago Bears,Green Bay Packers,Velus Jones Jr.,CHI,Chicago Bears,away,28,19,WR,1,2.0,0,0,0,0,0,0,1,1,0,0,0,0,0,0
2022,13,"57 degrees, relative humidity 77%, wind 2 mph",Kansas City Chiefs,Cincinnati Bengals,Chris Evans,CIN,Kansas City Chiefs,away,27,24,RB,0,0.0,0,0,0,0,0,0,0,0,0,1,1,8,1,0
2022,13,"57 degrees, relative humidity 77%, wind 2 mph",Kansas City Chiefs,Cincinnati Bengals,Hayden Hurst,CIN,Kansas City Chiefs,away,27,24,TE,0,0.0,0,0,0,0,0,0,0,0,0,3,2,12,0,0
2022,13,"57 degrees, relative humidity 77%, wind 2 mph",Kansas City Chiefs,Cincinnati Bengals,Ja'Marr Chase,CIN,Kansas City Chiefs,away,27,24,WR,0,0.0,0,0,0,0,0,0,0,0,0,8,7,97,0,0
2022,13,"57 degrees, relative humidity 77%, wind 2 mph",Kansas City Chiefs,Cincinnati Bengals,Joe Burrow,CIN,Kansas City Chiefs,away,27,24,QB,42,64.61538461538461,25,31,286,2,0,1,11,46,1,0,0,0,0,0
2022,13,"57 degrees, relative humidity 77%, wind 2 mph",Kansas City Chiefs,Cincinnati Bengals,Mitchell Wilcox,CIN,Kansas City Chiefs,away,27,24,TE,0,0.0,0,0,0,0,0,0,0,0,0,1,1,13,0,0
2022,13,"57 degrees, relative humidity 77%, wind 2 mph",Kansas City Chiefs,Cincinnati Bengals,Samaje Perine,CIN,Kansas City Chiefs,away,27,24,RB,21,32.30769230769231,0,0,0,0,0,0,21,106,0,7,6,49,0,0
2022,13,"57 degrees, relative humidity 77%, wind 2 mph",Kansas City Chiefs,Cincinnati Bengals,Tee Higgins,CIN,Kansas City Chiefs,away,27,24,WR,0,0.0,0,0,0,0,0,0,0,0,0,5,3,35,1,0
2022,13,"57 degrees, relative humidity 77%, wind 2 mph",Kansas City Chiefs,Cincinnati Bengals,Trayveon Williams,CIN,Kansas City Chiefs,away,27,24,RB,1,1.5384615384615385,0,0,0,0,0,0,1,3,0,0,0,0,0,0
2022,13,"57 degrees, relative humidity 77%, wind 2 mph",Kansas City Chiefs,Cincinnati Bengals,Trent Taylor,CIN,Kansas City Chiefs,away,27,24,WR,1,1.5384615384615385,0,0,0,0,0,0,1,-3,0,0,0,0,0,0
2022,13,"57 degrees, relative humidity 77%, wind 2 mph",Kansas City Chiefs,Cincinnati Bengals,Trenton Irwin,CIN,Kansas City Chiefs,away,27,24,WR,0,0.0,0,0,0,0,0,0,0,0,0,1,1,12,0,0
2022,13,"57 degrees, relative humidity 77%, wind 2 mph",Kansas City Chiefs,Cincinnati Bengals,Tyler Boyd,CIN,Kansas City Chiefs,away,27,24,WR,0,0.0,0,0,0,0,0,0,0,0,0,5,4,60,0,0
2022,13,,Houston Texans,Cleveland Browns,Amari Cooper,CLE,Houston Texans,away,27,14,WR,0,0.0,0,0,0,0,0,0,0,0,0,9,4,40,0,0
2022,13,,Houston Texans,Cleveland Browns,Anthony Schwartz,CLE,Houston Texans,away,27,14,WR,1,1.6666666666666667,0,0,0,0,0,0,1,6,0,1,1,12,0,1
2022,13,,Houston Texans,Cleveland Browns,David Bell,CLE,Houston Texans,away,27,14,WR,0,0.0,0,0,0,0,0,0,0,0,0,1,0,0,0,0
2022,13,,Houston Texans,Cleveland Browns,Demetric Felton,CLE,Houston Texans,away,27,14,RB,0,0.0,0,0,0,0,0,0,0,0,0,1,0,0,0,0
2022,13,,Houston Texans,Cleveland Browns,Deshaun Watson,CLE,Houston Texans,away,27,14,QB,29,48.333333333333336,12,22,131,0,1,1,7,21,0,0,0,0,0,0
2022,13,,Houston Texans,Cleveland Browns,Donovan Peoples-Jones,CLE,Houston Texans,away,27,14,WR,0,0.0,0,0,0,0,0,0,0,0,0,3,3,44,0,0
2022,13,,Houston Texans,Cleveland Browns,Harrison Bryant,CLE,Houston Texans,away,27,14,TE,1,1.6666666666666667,0,0,0,0,0,0,1,8,0,1,1,6,0,0
2022,13,,Houston Texans,Cleveland Browns,Jerome Ford,CLE,Houston Texans,away,27,14,RB,3,5.0,0,0,0,0,0,0,3,3,0,0,0,0,0,0
2022,13,,Houston Texans,Cleveland Browns,Kareem Hunt,CLE,Houston Texans,away,27,14,RB,9,15.0,0,0,0,0,0,0,9,56,0,3,2,18,0,1
2022,13,,Houston Texans,Cleveland Browns,Nick Chubb,CLE,Houston Texans,away,27,14,RB,17,28.333333333333332,0,0,0,0,0,0,17,80,0,1,0,0,0,0
2022,13,,Houston Texans,Cleveland Browns,Pharaoh Brown,CLE,Houston Texans,away,27,14,TE,0,0.0,0,0,0,0,0,0,0,0,0,1,1,11,0,0
2022,13,,Indianapolis Colts,Dallas Cowboys,CeeDee Lamb,DAL,Indianapolis Colts,away,54,19,WR,2,3.125,0,0,0,0,0,0,2,23,0,7,5,71,1,0
2022,13,,Indianapolis Colts,Dallas Cowboys,Dak Prescott,DAL,Indianapolis Colts,away,54,19,QB,30,46.875,20,30,170,3,1,1,0,0,0,0,0,0,0,0
2022,13,,Indianapolis Colts,Dallas Cowboys,Dalton Schultz,DAL,Indianapolis Colts,away,54,19,TE,0,0.0,0,0,0,0,0,0,0,0,0,6,2,33,0,0
2022,13,,Indianapolis Colts,Dallas Cowboys,Ezekiel Elliott,DAL,Indianapolis Colts,away,54,19,RB,17,26.5625,0,0,0,0,0,0,17,77,1,3,3,14,0,0
2022,13,,Indianapolis Colts,Dallas Cowboys,Jake Ferguson,DAL,Indianapolis Colts,away,54,19,TE,0,0.0,0,0,0,0,0,0,0,0,0,2,2,-1,0,0
2022,13,,Indianapolis Colts,Dallas Cowboys,Malik Davis,DAL,Indianapolis Colts,away,54,19,RB,3,4.6875,0,0,0,0,0,0,3,29,1,0,0,0,0,0
2022,13,,Indianapolis Colts,Dallas Cowboys,Michael Gallup,DAL,Indianapolis Colts,away,54,19,WR,0,0.0,0,0,0,0,0,0,0,0,0,7,4,23,2,0
2022,13,,Indianapolis Colts,Dallas Cowboys,Noah Brown,DAL,Indianapolis Colts,away,54,19,WR,0,0.0,0,0,0,0,0,0,0,0,0,2,2,15,0,0
2022,13,,Indianapolis Colts,Dallas Cowboys,Tony Pollard,DAL,Indianapolis Colts,away,54,19,RB,12,18.75,0,0,0,0,0,0,12,91,2,3,2,15,0,0
2022,13,"63 degrees, relative humidity 75%, wind 8 mph",Denver Broncos,Baltimore Ravens,Courtland Sutton,DEN,Denver Broncos,away,10,9,WR,0,0.0,0,0,0,0,0,0,0,0,0,1,0,0,0,0
2022,13,"63 degrees, relative humidity 75%, wind 8 mph",Denver Broncos,Baltimore Ravens,Greg Dulcich,DEN,Denver Broncos,away,10,9,TE,0,0.0,0,0,0,0,0,0,0,0,0,8,6,85,0,0
2022,13,"63 degrees, relative humidity 75%, wind 8 mph",Denver Broncos,Baltimore Ravens,Jerry Jeudy,DEN,Denver Broncos,away,10,9,WR,0,0.0,0,0,0,0,0,0,0,0,0,4,4,65,0,0
2022,13,"63 degrees, relative humidity 75%, wind 8 mph",Denver Broncos,Baltimore Ravens,Kendall Hinton,DEN,Denver Broncos,away,10,9,WR,0,0.0,0,0,0,0,0,0,0,0,0,1,1,11,0,0
2022,13,"63 degrees, relative humidity 75%, wind 8 mph",Denver Broncos,Baltimore Ravens,Latavius Murray,DEN,Denver Broncos,away,10,9,RB,17,34.0,0,0,0,0,0,0,17,47,0,4,4,14,0,0
2022,13,"63 degrees, relative humidity 75%, wind 8 mph",Denver Broncos,Baltimore Ravens,Marlon Mack,DEN,Denver Broncos,away,10,9,RB,2,4.0,0,0,0,0,0,0,2,3,0,1,1,6,0,0
2022,13,"63 degrees, relative humidity 75%, wind 8 mph",Denver Broncos,Baltimore Ravens,Mike Boone,DEN,Denver Broncos,away,10,9,RB,6,12.0,0,0,0,0,0,0,6,18,0,1,1,8,0,0
2022,13,"63 degrees, relative humidity 75%, wind 8 mph",Denver Broncos,Baltimore Ravens,Montrell Washington,DEN,Denver Broncos,away,10,9,WR,1,2.0,0,0,0,0,0,0,1,-1,0,1,0,0,0,0
2022,13,"63 degrees, relative humidity 75%, wind 8 mph",Denver Broncos,Baltimore Ravens,Russell Wilson,DEN,Denver Broncos,away,10,9,QB,24,48.0,17,22,189,0,0,2,2,21,0,0,0,0,0,0
2022,13,,Jacksonville Jaguars,Detroit Lions,Amon-Ra St. Brown,DET,Jacksonville Jaguars,away,40,14,WR,1,1.3888888888888888,0,0,0,0,0,0,1,2,0,12,11,114,2,0
2022,13,,Jacksonville Jaguars,Detroit Lions,Brock Wright,DET,Jacksonville Jaguars,away,40,14,TE,0,0.0,0,0,0,0,0,0,0,0,0,2,2,25,0,0
2022,13,,Jacksonville Jaguars,Detroit Lions,D'Andre Swift,DET,Jacksonville Jaguars,away,40,14,RB,14,19.444444444444446,0,0,0,0,0,0,14,62,1,6,4,49,0,0
2022,13,,Jacksonville Jaguars,Detroit Lions,DJ Chark,DET,Jacksonville Jaguars,away,40,14,WR,0,0.0,0,0,0,0,0,0,0,0,0,6,5,98,0,0
2022,13,,Jacksonville Jaguars,Detroit Lions,Jamaal Williams,DET,Jacksonville Jaguars,away,40,14,RB,11,15.277777777777779,0,0,0,0,0,0,11,35,1,0,0,0,0,0
2022,13,,Jacksonville Jaguars,Detroit Lions,Jameson Williams,DET,Jacksonville Jaguars,away,40,14,WR,0,0.0,0,0,0,0,0,0,0,0,0,1,0,0,0,0
2022,13,,Jacksonville Jaguars,Detroit Lions,Jared Goff,DET,Jacksonville Jaguars,away,40,14,QB,41,56.94444444444444,31,41,340,2,0,2,0,0,0,0,0,0,0,0
2022,13,,Jacksonville Jaguars,Detroit Lions,Jason Cabinda,DET,Jacksonville Jaguars,away,40,14,FB,1,1.3888888888888888,0,0,0,0,0,0,1,4,0,0,0,0,0,0
2022,13,,Jacksonville Jaguars,Detroit Lions,Josh Reynolds,DET,Jacksonville Jaguars,away,40,14,WR,0,0.0,0,0,0,0,0,0,0,0,0,4,3,19,0,0
2022,13,,Jacksonville Jaguars,Detroit Lions,Justin Jackson,DET,Jacksonville Jaguars,away,40,14,RB,1,1.3888888888888888,0,0,0,0,0,0,1,4,0,5,3,19,0,0
2022,13,,Jacksonville Jaguars,Detroit Lions,Kalif Raymond,DET,Jacksonville Jaguars,away,40,14,WR,1,1.3888888888888888,0,0,0,0,0,0,1,-6,0,2,2,12,0,0
2022,13,,Jacksonville Jaguars,Detroit Lions,Nate Sudfeld,DET,Jacksonville Jaguars,away,40,14,QB,2,2.7777777777777777,0,0,0,0,0,0,2,-1,0,0,0,0,0,0
2022,13,,Jacksonville Jaguars,Detroit Lions,Shane Zylstra,DET,Jacksonville Jaguars,away,40,14,TE,0,0.0,0,0,0,0,0,0,0,0,0,1,1,4,0,0
2022,13,"38 degrees, relative humidity 42%, wind 12 mph",Chicago Bears,Green Bay Packers,AJ Dillon,GNB,Chicago Bears,away,28,19,RB,18,28.57142857142857,0,0,0,0,0,0,18,93,1,3,3,26,0,0
2022,13,"38 degrees, relative humidity 42%, wind 12 mph",Chicago Bears,Green Bay Packers,Aaron Jones,GNB,Chicago Bears,away,28,19,RB,9,14.285714285714285,0,0,0,0,0,0,9,26,0,5,5,24,0,0
2022,13,"38 degrees, relative humidity 42%, wind 12 mph",Chicago Bears,Green Bay Packers,Aaron Rodgers,GNB,Chicago Bears,away,28,19,QB,34,53.96825396825397,18,31,182,1,0,0,3,4,0,0,0,0,0,0
2022,13,"38 degrees, relative humidity 42%, wind 12 mph",Chicago Bears,Green Bay Packers,Allen Lazard,GNB,Chicago Bears,away,28,19,WR,0,0.0,0,0,0,0,0,0,0,0,0,6,5,67,0,0
2022,13,"38 degrees, relative humidity 42%, wind 12 mph",Chicago Bears,Green Bay Packers,Christian Watson,GNB,Chicago Bears,away,28,19,WR,1,1.5873015873015872,0,0,0,0,0,0,1,46,1,7,3,48,1,0
2022,13,"38 degrees, relative humidity 42%, wind 12 mph",Chicago Bears,Green Bay Packers,Josiah Deguara,GNB,Chicago Bears,away,28,19,TE,0,0.0,0,0,0,0,0,0,0,0,0,1,0,0,0,0
2022,13,"38 degrees, relative humidity 42%, wind 12 mph",Chicago Bears,Green Bay Packers,Marcedes Lewis,GNB,Chicago Bears,away,28,19,TE,0,0.0,0,0,0,0,0,0,0,0,0,1,0,0,0,0
2022,13,"38 degrees, relative humidity 42%, wind 12 mph",Chicago Bears,Green Bay Packers,Patrick Taylor,GNB,Chicago Bears,away,28,19,RB,1,1.5873015873015872,0,0,0,0,0,0,1,6,0,0,0,0,0,0
2022,13,"38 degrees, relative humidity 42%, wind 12 mph",Chicago Bears,Green Bay Packers,Randall Cobb,GNB,Chicago Bears,away,28,19,WR,0,0.0,0,0,0,0,0,0,0,0,0,4,0,0,0,0
2022,13,"38 degrees, relative humidity 42%, wind 12 mph",Chicago Bears,Green Bay Packers,Robert Tonyan,GNB,Chicago Bears,away,28,19,TE,0,0.0,0,0,0,0,0,0,0,0,0,2,1,10,0,0
2022,13,"38 degrees, relative humidity 42%, wind 12 mph",Chicago Bears,Green Bay Packers,Samori Toure,GNB,Chicago Bears,away,28,19,WR,0,0.0,0,0,0,0,0,0,0,0,0,1,1,7,0,0
2022,13,,Houston Texans,Cleveland Browns,Brevin Jordan,HOU,Houston Texans,away,27,14,TE,0,0.0,0,0,0,0,0,0,0,0,0,5,4,46,0,0
2022,13,,Houston Texans,Cleveland Browns,Chris Moore,HOU,Houston Texans,away,27,14,WR,0,0.0,0,0,0,0,0,0,0,0,0,3,3,46,0,0
2022,13,,Houston Texans,Cleveland Browns,Dameon Pierce,HOU,Houston Texans,away,27,14,RB,18,29.508196721311474,0,0,0,0,0,0,18,73,0,3,3,22,0,0
2022,13,,Houston Texans,Cleveland Browns,Dare Ogunbowale,HOU,Houston Texans,away,27,14,RB,2,3.278688524590164,0,0,0,0,0,0,2,8,0,3,2,13,0,0
2022,13,,Houston Texans,Cleveland Browns,Jordan Akins,HOU,Houston Texans,away,27,14,TE,0,0.0,0,0,0,0,0,0,0,0,0,6,3,21,0,0
2022,13,,Houston Texans,Cleveland Browns,Kyle Allen,HOU,Houston Texans,away,27,14,QB,41,67.21311475409836,20,39,201,1,2,0,2,1,0,0,0,0,0,2
2022,13,,Houston Texans,Cleveland Browns,Nico Collins,HOU,Houston Texans,away,27,14,WR,0,0.0,0,0,0,0,0,0,0,0,0,10,3,35,1,0
2022,13,,Houston Texans,Cleveland Browns,Phillip Dorsett,HOU,Houston Texans,away,27,14,WR,0,0.0,0,0,0,0,0,0,0,0,0,3,2,18,0,0
2022,13,,Houston Texans,Cleveland Browns,Teagan Quitoriano,HOU,Houston Texans,away,27,14,TE,0,0.0,0,0,0,0,0,0,0,0,0,3,0,0,0,0
2022,13,,Houston Texans,Cleveland Browns,Troy Hairston,HOU,Houston Texans,away,27,14,FB,0,0.0,0,0,0,0,0,0,0,0,0,1,0,0,0,0
2022,13,,Indianapolis Colts,Dallas Cowboys,Alec Pierce,IND,Indianapolis Colts,away,54,19,WR,0,0.0,0,0,0,0,0,0,0,0,0,8,4,86,1,0
2022,13,,Indianapolis Colts,Dallas Cowboys,Ashton Dulin,IND,Indianapolis Colts,away,54,19,WR,0,0.0,0,0,0,0,0,0,0,0,0,2,1,14,1,0
2022,13,,Indianapolis Colts,Dallas Cowboys,Deon Jackson,IND,Indianapolis Colts,away,54,19,RB,2,2.9850746268656714,0,0,0,0,0,0,2,6,0,1,0,0,0,0
2022,13,,Indianapolis Colts,Dallas Cowboys,Jelani Woods,IND,Indianapolis Colts,away,54,19,TE,0,0.0,0,0,0,0,0,0,0,0,0,4,2,28,0,0
2022,13,,Indianapolis Colts,Dallas Cowboys,Jonathan Taylor,IND,Indianapolis Colts,away,54,19,RB,21,31.343283582089555,0,0,0,0,0,0,21,82,0,4,3,21,0,0
2022,13,,Indianapolis Colts,Dallas Cowboys,Kylen Granson,IND,Indianapolis Colts,away,54,19,TE,0,0.0,0,0,0,0,0,0,0,0,0,6,4,19,0,0
2022,13,,Indianapolis Colts,Dallas Cowboys,Matt Ryan,IND,Indianapolis Colts,away,54,19,QB,40,59.70149253731343,21,37,233,2,3,3,3,-2,0,0,0,0,0,1
2022,13,,Indianapolis Colts,Dallas Cowboys,Michael Pittman Jr.,IND,Indianapolis Colts,away,54,19,WR,0,0.0,0,0,0,0,0,0,0,0,0,4,2,16,0,0
2022,13,,Indianapolis Colts,Dallas Cowboys,Mo Alie-Cox,IND,Indianapolis Colts,away,54,19,TE,0,0.0,0,0,0,0,0,0,0,0,0,1,1,6,0,1
2022,13,,Indianapolis Colts,Dallas Cowboys,Parris Campbell,IND,Indianapolis Colts,away,54,19,WR,1,1.4925373134328357,0,0,0,0,0,0,1,2,0,5,4,43,0,0
2022,13,,Indianapolis Colts,Dallas Cowboys,Zack Moss,IND,Indianapolis Colts,away,54,19,RB,3,4.477611940298507,0,0,0,0,0,0,3,18,0,0,0,0,0,0
2022,13,,Jacksonville Jaguars,Detroit Lions,C.J. Beathard,JAX,Jacksonville Jaguars,away,40,14,QB,3,5.660377358490567,2,3,6,0,0,0,0,0,0,0,0,0,0,0
2022,13,,Jacksonville Jaguars,Detroit Lions,Chris Manhertz,JAX,Jacksonville Jaguars,away,40,14,TE,0,0.0,0,0,0,0,0,0,0,0,0,1,0,0,0,0
2022,13,,Jacksonville Jaguars,Detroit Lions,Christian Kirk,JAX,Jacksonville Jaguars,away,40,14,WR,0,0.0,0,0,0,0,0,0,0,0,0,8,6,104,0,0
2022,13,,Jacksonville Jaguars,Detroit Lions,Evan Engram,JAX,Jacksonville Jaguars,away,40,14,TE,0,0.0,0,0,0,0,0,0,0,0,0,7,5,30,1,0
2022,13,,Jacksonville Jaguars,Detroit Lions,Jamal Agnew,JAX,Jacksonville Jaguars,away,40,14,WR,1,1.8867924528301887,0,0,0,0,0,0,1,3,0,1,0,0,0,0
2022,13,,Jacksonville Jaguars,Detroit Lions,Luke Farrell,JAX,Jacksonville Jaguars,away,40,14,TE,0,0.0,0,0,0,0,0,0,0,0,0,1,1,3,0,0
2022,13,,Jacksonville Jaguars,Detroit Lions,Marvin Jones,JAX,Jacksonville Jaguars,away,40,14,WR,0,0.0,0,0,0,0,0,0,0,0,0,4,1,17,0,0
2022,13,,Jacksonville Jaguars,Detroit Lions,Snoop Conner,JAX,Jacksonville Jaguars,away,40,14,RB,1,1.8867924528301887,0,0,0,0,0,0,1,6,0,0,0,0,0,0
2022,13,,Jacksonville Jaguars,Detroit Lions,Tim Jones,JAX,Jacksonville Jaguars,away,40,14,WR,0,0.0,0,0,0,0,0,0,0,0,0,1,1,3,0,0
2022,13,,Jacksonville Jaguars,Detroit Lions,Travis Etienne,JAX,Jacksonville Jaguars,away,40,14,RB,13,24.528301886792452,0,0,0,0,0,0,13,54,0,3,3,12,0,1
2022,13,,Jacksonville Jaguars,Detroit Lions,Trevor Lawrence,JAX,Jacksonville Jaguars,away,40,14,QB,35,66.0377358490566,17,31,179,1,0,2,4,32,0,0,0,0,0,0
2022,13,,Jacksonville Jaguars,Detroit Lions,Zay Jones,JAX,Jacksonville Jaguars,away,40,14,WR,0,0.0,0,0,0,0,0,0,0,0,0,7,2,16,0,0
2022,13,"57 degrees, relative humidity 77%, wind 2 mph",Kansas City Chiefs,Cincinnati Bengals,Isiah Pacheco,KAN,Kansas City Chiefs,away,27,24,RB,14,26.923076923076923,0,0,0,0,0,0,14,66,1,2,2,16,0,0
2022,13,"57 degrees, relative humidity 77%, wind 2 mph",Kansas City Chiefs,Cincinnati Bengals,Jerick McKinnon,KAN,Kansas City Chiefs,away,27,24,RB,8,15.384615384615385,0,0,0,0,0,0,8,51,0,2,2,9,1,0
2022,13,"57 degrees, relative humidity 77%, wind 2 mph",Kansas City Chiefs,Cincinnati Bengals,Jody Fortson,KAN,Kansas City Chiefs,away,27,24,TE,0,0.0,0,0,0,0,0,0,0,0,0,1,1,6,0,0
2022,13,"57 degrees, relative humidity 77%, wind 2 mph",Kansas City Chiefs,Cincinnati Bengals,JuJu Smith-Schuster,KAN,Kansas City Chiefs,away,27,24,WR,0,0.0,0,0,0,0,0,0,0,0,0,4,3,35,0,0
2022,13,"57 degrees, relative humidity 77%, wind 2 mph",Kansas City Chiefs,Cincinnati Bengals,Justin Watson,KAN,Kansas City Chiefs,away,27,24,WR,0,0.0,0,0,0,0,0,0,0,0,0,1,1,15,0,0
2022,13,"57 degrees, relative humidity 77%, wind 2 mph",Kansas City Chiefs,Cincinnati Bengals,Marquez Valdes-Scantling,KAN,Kansas City Chiefs,away,27,24,WR,0,0.0,0,0,0,0,0,0,0,0,0,6,2,71,0,0
2022,13,"57 degrees, relative humidity 77%, wind 2 mph",Kansas City Chiefs,Cincinnati Bengals,Noah Gray,KAN,Kansas City Chiefs,away,27,24,TE,0,0.0,0,0,0,0,0,0,0,0,0,1,1,15,0,0
2022,13,"57 degrees, relative humidity 77%, wind 2 mph",Kansas City Chiefs,Cincinnati Bengals,Patrick Mahomes,KAN,Kansas City Chiefs,away,27,24,QB,29,55.769230769230774,16,27,223,1,0,2,2,9,1,0,0,0,0,0
2022,13,"57 degrees, relative humidity 77%, wind 2 mph",Kansas City Chiefs,Cincinnati Bengals,Skyy Moore,KAN,Kansas City Chiefs,away,27,24,WR,1,1.9230769230769231,0,0,0,0,0,0,1,12,0,0,0,0,0,0
2022,13,"57 degrees, relative humidity 77%, wind 2 mph",Kansas City Chiefs,Cincinnati Bengals,Travis Kelce,KAN,Kansas City Chiefs,away,27,24,TE,0,0.0,0,0,0,0,0,0,0,0,0,6,4,56,0,1
2022,13,,Los Angeles Chargers,Las Vegas Raiders,Austin Ekeler,LAC,Los Angeles Chargers,away,27,20,RB,10,14.492753623188406,0,0,0,0,0,0,10,35,0,6,5,67,0,1
2022,13,,Los Angeles Chargers,Las Vegas Raiders,DeAndre Carter,LAC,Los Angeles Chargers,away,27,20,WR,0,0.0,0,0,0,0,0,0,0,0,0,2,1,14,0,0
2022,13,,Los Angeles Chargers,Las Vegas Raiders,Gerald Everett,LAC,Los Angeles Chargers,away,27,20,TE,0,0.0,0,0,0,0,0,0,0,0,0,6,5,80,0,0
2022,13,,Los Angeles Chargers,Las Vegas Raiders,Josh Palmer,LAC,Los Angeles Chargers,away,27,20,WR,0,0.0,0,0,0,0,0,0,0,0,0,11,7,60,0,0
2022,13,,Los Angeles Chargers,Las Vegas Raiders,Joshua Kelley,LAC,Los Angeles Chargers,away,27,20,RB,7,10.144927536231885,0,0,0,0,0,0,7,30,0,1,0,0,0,0
2022,13,,Los Angeles Chargers,Las Vegas Raiders,Justin Herbert,LAC,Los Angeles Chargers,away,27,20,QB,52,75.36231884057972,28,47,335,1,0,5,5,7,0,0,0,0,0,2
2022,13,,Los Angeles Chargers,Las Vegas Raiders,Keenan Allen,LAC,Los Angeles Chargers,away,27,20,WR,0,0.0,0,0,0,0,0,0,0,0,0,14,6,88,1,0
2022,13,,Los Angeles Chargers,Las Vegas Raiders,Michael Bandy,LAC,Los Angeles Chargers,away,27,20,WR,0,0.0,0,0,0,0,0,0,0,0,0,1,1,15,0,0
2022,13,,Los Angeles Chargers,Las Vegas Raiders,Stone Smartt,LAC,Los Angeles Chargers,away,27,20,TE,0,0.0,0,0,0,0,0,0,0,0,0,3,2,3,0,0
2022,13,,Los Angeles Chargers,Las Vegas Raiders,Tre' McKitty,LAC,Los Angeles Chargers,away,27,20,TE,0,0.0,0,0,0,0,0,0,0,0,0,1,1,8,0,0
2022,13,,Los Angeles Rams,Seattle Seahawks,Austin Trammell,LAR,Los Angeles Rams,away,27,23,WR,0,0.0,0,0,0,0,0,0,0,0,0,2,1,8,0,0
2022,13,,Los Angeles Rams,Seattle Seahawks,Ben Skowronek,LAR,Los Angeles Rams,away,27,23,WR,0,0.0,0,0,0,0,0,0,0,0,0,3,2,30,0,0
2022,13,,Los Angeles Rams,Seattle Seahawks,Brandon Powell,LAR,Los Angeles Rams,away,27,23,WR,3,5.084745762711865,0,0,0,0,0,0,3,45,0,4,4,39,0,0
2022,13,,Los Angeles Rams,Seattle Seahawks,Bryce Perkins,LAR,Los Angeles Rams,away,27,23,QB,1,1.694915254237288,0,0,0,0,0,0,1,5,0,0,0,0,0,0
2022,13,,Los Angeles Rams,Seattle Seahawks,Cam Akers,LAR,Los Angeles Rams,away,27,23,RB,17,28.8135593220339,0,0,0,0,0,0,17,60,2,1,1,0,0,0
2022,13,,Los Angeles Rams,Seattle Seahawks,John Wolford,LAR,Los Angeles Rams,away,27,23,QB,31,52.54237288135594,14,26,178,0,2,4,5,29,0,0,0,0,0,1
2022,13,,Los Angeles Rams,Seattle Seahawks,Kyren Williams,LAR,Los Angeles Rams,away,27,23,RB,3,5.084745762711865,0,0,0,0,0,0,3,9,0,1,0,0,0,0
2022,13,,Los Angeles Rams,Seattle Seahawks,Tutu Atwell,LAR,Los Angeles Rams,away,27,23,WR,4,6.779661016949152,0,0,0,0,0,0,4,23,0,5,2,48,0,0
2022,13,,Los Angeles Rams,Seattle Seahawks,Tyler Higbee,LAR,Los Angeles Rams,away,27,23,TE,0,0.0,0,0,0,0,0,0,0,0,0,5,2,14,0,0
2022,13,,Los Angeles Rams,Seattle Seahawks,Van Jefferson,LAR,Los Angeles Rams,away,27,23,WR,0,0.0,0,0,0,0,0,0,0,0,0,4,2,39,0,0
2022,13,,Los Angeles Chargers,Las Vegas Raiders,Ameer Abdullah,LVR,Los Angeles Chargers,away,27,20,RB,1,1.694915254237288,0,0,0,0,0,0,1,4,0,1,0,0,0,0
2022,13,,Los Angeles Chargers,Las Vegas Raiders,Davante Adams,LVR,Los Angeles Chargers,away,27,20,WR,0,0.0,0,0,0,0,0,0,0,0,0,12,8,177,2,0
2022,13,,Los Angeles Chargers,Las Vegas Raiders,Derek Carr,LVR,Los Angeles Chargers,away,27,20,QB,30,50.847457627118644,16,30,250,2,1,0,0,0,0,0,0,0,0,0
2022,13,,Los Angeles Chargers,Las Vegas Raiders,Foster Moreau,LVR,Los Angeles Chargers,away,27,20,TE,0,0.0,0,0,0,0,0,0,0,0,0,3,1,32,0,0
2022,13,,Los Angeles Chargers,Las Vegas Raiders,Josh Jacobs,LVR,Los Angeles Chargers,away,27,20,RB,26,44.06779661016949,0,0,0,0,0,0,26,144,1,2,2,6,0,1
2022,13,,Los Angeles Chargers,Las Vegas Raiders,Mack Hollins,LVR,Los Angeles Chargers,away,27,20,WR,0,0.0,0,0,0,0,0,0,0,0,0,9,5,35,0,0
2022,13,,Los Angeles Chargers,Las Vegas Raiders,Zamir White,LVR,Los Angeles Chargers,away,27,20,RB,2,3.389830508474576,0,0,0,0,0,0,2,6,0,0,0,0,0,0
2022,13,"58 degrees, relative humidity 70%, wind 5 mph",Miami Dolphins,San Francisco 49ers,Alec Ingold,MIA,Miami Dolphins,away,33,17,FB,0,0.0,0,0,0,0,0,0,0,0,0,4,3,15,0,0
2022,13,"58 degrees, relative humidity 70%, wind 5 mph",Miami Dolphins,San Francisco 49ers,Durham Smythe,MIA,Miami Dolphins,away,33,17,TE,0,0.0,0,0,0,0,0,0,0,0,0,2,2,21,0,0
2022,13,"58 degrees, relative humidity 70%, wind 5 mph",Miami Dolphins,San Francisco 49ers,Jaylen Waddle,MIA,Miami Dolphins,away,33,17,WR,0,0.0,0,0,0,0,0,0,0,0,0,5,1,9,0,0
2022,13,"58 degrees, relative humidity 70%, wind 5 mph",Miami Dolphins,San Francisco 49ers,Jeff Wilson,MIA,Miami Dolphins,away,33,17,RB,1,2.380952380952381,0,0,0,0,0,0,1,3,0,2,0,0,0,0
2022,13,"58 degrees, relative humidity 70%, wind 5 mph",Miami Dolphins,San Francisco 49ers,Mike Gesicki,MIA,Miami Dolphins,away,33,17,TE,0,0.0,0,0,0,0,0,0,0,0,0,1,0,0,0,0
2022,13,"58 degrees, relative humidity 70%, wind 5 mph",Miami Dolphins,San Francisco 49ers,Raheem Mostert,MIA,Miami Dolphins,away,33,17,RB,7,16.666666666666664,0,0,0,0,0,0,7,30,0,0,0,0,0,0
2022,13,"58 degrees, relative humidity 70%, wind 5 mph",Miami Dolphins,San Francisco 49ers,River Cracraft,MIA,Miami Dolphins,away,33,17,WR,0,0.0,0,0,0,0,0,0,0,0,0,3,2,29,0,0
2022,13,"58 degrees, relative humidity 70%, wind 5 mph",Miami Dolphins,San Francisco 49ers,Skylar Thompson,MIA,Miami Dolphins,away,33,17,QB,1,2.380952380952381,0,1,0,0,1,0,0,0,0,0,0,0,0,0
2022,13,"58 degrees, relative humidity 70%, wind 5 mph",Miami Dolphins,San Francisco 49ers,Trent Sherfield,MIA,Miami Dolphins,away,33,17,WR,0,0.0,0,0,0,0,0,0,0,0,0,3,1,75,1,0
2022,13,"58 degrees, relative humidity 70%, wind 5 mph",Miami Dolphins,San Francisco 49ers,Tua Tagovailoa,MIA,Miami Dolphins,away,33,17,QB,33,78.57142857142857,18,33,295,2,2,3,0,0,0,0,0,0,0,1
2022,13,"58 degrees, relative humidity 70%, wind 5 mph",Miami Dolphins,San Francisco 49ers,Tyreek Hill,MIA,Miami Dolphins,away,33,17,WR,0,0.0,0,0,0,0,0,0,0,0,0,14,9,146,1,0
2022,13,,New York Jets,Minnesota Vikings,Adam Thielen,MIN,New York Jets,away,27,22,WR,0,0.0,0,0,0,0,0,0,0,0,0,6,2,27,0,0
2022,13,,New York Jets,Minnesota Vikings,Alexander Mattison,MIN,New York Jets,away,27,22,RB,3,4.6875,0,0,0,0,0,0,3,14,1,2,2,4,0,0
2022,13,,New York Jets,Minnesota Vikings,Dalvin Cook,MIN,New York Jets,away,27,22,RB,20,31.25,0,0,0,0,0,0,20,86,1,3,2,-3,0,0
2022,13,,New York Jets,Minnesota Vikings,Jalen Reagor,MIN,New York Jets,away,27,22,WR,1,1.5625,0,0,0,0,0,0,1,8,0,1,1,38,0,0
2022,13,,New York Jets,Minnesota Vikings,Johnny Mundt,MIN,New York Jets,away,27,22,TE,0,0.0,0,0,0,0,0,0,0,0,0,1,1,12,0,0
2022,13,,New York Jets,Minnesota Vikings,Justin Jefferson,MIN,New York Jets,away,27,22,WR,2,3.125,0,0,0,0,0,0,2,11,0,11,7,45,1,0
2022,13,,New York Jets,Minnesota Vikings,K.J. Osborn,MIN,New York Jets,away,27,22,WR,0,0.0,0,0,0,0,0,0,0,0,0,3,2,17,0,0
2022,13,,New York Jets,Minnesota Vikings,Kirk Cousins,MIN,New York Jets,away,27,22,QB,38,59.375,21,35,173,1,0,2,3,9,0,0,0,0,0,0
2022,13,,New York Jets,Minnesota Vikings,T.J. Hockenson,MIN,New York Jets,away,27,22,TE,0,0.0,0,0,0,0,0,0,0,0,0,6,4,33,0,0
2022,13,"69 degrees, relative humidity 78%, wind 2 mph",New Orleans Saints,Tampa Bay Buccaneers,Adam Prentice,NOR,New Orleans Saints,away,17,16,FB,1,1.8518518518518516,0,0,0,0,0,0,1,2,0,0,0,0,0,0
2022,13,"69 degrees, relative humidity 78%, wind 2 mph",New Orleans Saints,Tampa Bay Buccaneers,Adam Trautman,NOR,New Orleans Saints,away,17,16,TE,0,0.0,0,0,0,0,0,0,0,0,0,3,2,28,0,0
2022,13,"69 degrees, relative humidity 78%, wind 2 mph",New Orleans Saints,Tampa Bay Buccaneers,Alvin Kamara,NOR,New Orleans Saints,away,17,16,RB,12,22.22222222222222,0,0,0,0,0,0,12,26,0,3,2,11,0,0
2022,13,"69 degrees, relative humidity 78%, wind 2 mph",New Orleans Saints,Tampa Bay Buccaneers,Andy Dalton,NOR,New Orleans Saints,away,17,16,QB,29,53.70370370370371,20,28,229,1,0,2,1,1,0,0,0,0,0,0
2022,13,"69 degrees, relative humidity 78%, wind 2 mph",New Orleans Saints,Tampa Bay Buccaneers,Chris Olave,NOR,New Orleans Saints,away,17,16,WR,0,0.0,0,0,0,0,0,0,0,0,0,6,4,65,0,0
2022,13,"69 degrees, relative humidity 78%, wind 2 mph",New Orleans Saints,Tampa Bay Buccaneers,Jarvis Landry,NOR,New Orleans Saints,away,17,16,WR,0,0.0,0,0,0,0,0,0,0,0,0,3,2,14,0,1
2022,13,"69 degrees, relative humidity 78%, wind 2 mph",New Orleans Saints,Tampa Bay Buccaneers,Mark Ingram,NOR,New Orleans Saints,away,17,16,RB,7,12.962962962962962,0,0,0,0,0,0,7,27,0,5,5,22,0,0
2022,13,"69 degrees, relative humidity 78%, wind 2 mph",New Orleans Saints,Tampa Bay Buccaneers,Marquez Callaway,NOR,New Orleans Saints,away,17,16,WR,0,0.0,0,0,0,0,0,0,0,0,0,1,0,0,0,0
2022,13,"69 degrees, relative humidity 78%, wind 2 mph",New Orleans Saints,Tampa Bay Buccaneers,Rashid Shaheed,NOR,New Orleans Saints,away,17,16,WR,1,1.8518518518518516,0,0,0,0,0,0,1,0,0,4,4,75,0,1
2022,13,"69 degrees, relative humidity 78%, wind 2 mph",New Orleans Saints,Tampa Bay Buccaneers,Taysom Hill,NOR,New Orleans Saints,away,17,16,TE,4,7.4074074074074066,1,1,21,0,0,0,3,10,0,3,2,35,1,0
2022,13,"35 degrees, relative humidity 57%, wind 2 mph",New England Patriots,Buffalo Bills,DeVante Parker,NWE,New England Patriots,away,24,10,WR,0,0.0,0,0,0,0,0,0,0,0,0,4,2,16,0,0
2022,13,"35 degrees, relative humidity 57%, wind 2 mph",New England Patriots,Buffalo Bills,Hunter Henry,NWE,New England Patriots,away,24,10,TE,0,0.0,0,0,0,0,0,0,0,0,0,5,2,13,0,0
2022,13,"35 degrees, relative humidity 57%, wind 2 mph",New England Patriots,Buffalo Bills,Jakobi Meyers,NWE,New England Patriots,away,24,10,WR,0,0.0,0,0,0,0,0,0,0,0,0,5,3,22,0,0
2022,13,"35 degrees, relative humidity 57%, wind 2 mph",New England Patriots,Buffalo Bills,Jonnu Smith,NWE,New England Patriots,away,24,10,TE,0,0.0,0,0,0,0,0,0,0,0,0,2,2,6,0,0
2022,13,"35 degrees, relative humidity 57%, wind 2 mph",New England Patriots,Buffalo Bills,Kendrick Bourne,NWE,New England Patriots,away,24,10,WR,0,0.0,0,0,0,0,0,0,0,0,0,2,1,15,0,0
2022,13,"35 degrees, relative humidity 57%, wind 2 mph",New England Patriots,Buffalo Bills,Kevin Harris,NWE,New England Patriots,away,24,10,RB,1,2.0,0,0,0,0,0,0,1,-1,0,0,0,0,0,0
2022,13,"35 degrees, relative humidity 57%, wind 2 mph",New England Patriots,Buffalo Bills,Mac Jones,NWE,New England Patriots,away,24,10,QB,39,78.0,22,36,195,1,0,1,3,7,0,0,0,0,0,1
2022,13,"35 degrees, relative humidity 57%, wind 2 mph",New England Patriots,Buffalo Bills,Marcus Jones,NWE,New England Patriots,away,24,10,CB,0,0.0,0,0,0,0,0,0,0,0,0,2,2,51,1,0
2022,13,"35 degrees, relative humidity 57%, wind 2 mph",New England Patriots,Buffalo Bills,Nelson Agholor,NWE,New England Patriots,away,24,10,WR,0,0.0,0,0,0,0,0,0,0,0,0,3,2,17,0,0
2022,13,"35 degrees, relative humidity 57%, wind 2 mph",New England Patriots,Buffalo Bills,Rhamondre Stevenson,NWE,New England Patriots,away,24,10,RB,10,20.0,0,0,0,0,0,0,10,54,0,8,6,24,0,1
2022,13,"35 degrees, relative humidity 57%, wind 2 mph",New England Patriots,Buffalo Bills,Tyquan Thornton,NWE,New England Patriots,away,24,10,WR,0,0.0,0,0,0,0,0,0,0,0,0,3,2,31,0,0
2022,13,"40 degrees, relative humidity 63%, wind 9 mph",New York Giants,Washington Commanders,Daniel Bellinger,NYG,New York Giants,away,20,20,TE,0,0.0,0,0,0,0,0,0,0,0,0,5,5,24,0,0
2022,13,"40 degrees, relative humidity 63%, wind 9 mph",New York Giants,Washington Commanders,Daniel Jones,NYG,New York Giants,away,20,20,QB,43,70.49180327868852,25,31,200,1,0,4,12,71,0,0,0,0,0,1
2022,13,"40 degrees, relative humidity 63%, wind 9 mph",New York Giants,Washington Commanders,Darius Slayton,NYG,New York Giants,away,20,20,WR,0,0.0,0,0,0,0,0,0,0,0,0,8,6,90,0,0
2022,13,"40 degrees, relative humidity 63%, wind 9 mph",New York Giants,Washington Commanders,Isaiah Hodgins,NYG,New York Giants,away,20,20,WR,0,0.0,0,0,0,0,0,0,0,0,0,6,5,44,1,0
2022,13,"40 degrees, relative humidity 63%, wind 9 mph",New York Giants,Washington Commanders,Matt Breida,NYG,New York Giants,away,20,20,RB,0,0.0,0,0,0,0,0,0,0,0,0,1,1,4,0,0
2022,13,"40 degrees, relative humidity 63%, wind 9 mph",New York Giants,Washington Commanders,Richie James,NYG,New York Giants,away,20,20,WR,0,0.0,0,0,0,0,0,0,0,0,0,3,3,20,0,0
2022,13,"40 degrees, relative humidity 63%, wind 9 mph",New York Giants,Washington Commanders,Saquon Barkley,NYG,New York Giants,away,20,20,RB,18,29.508196721311474,0,0,0,0,0,0,18,63,1,5,5,18,0,0
2022,13,,New York Jets,Minnesota Vikings,Braxton Berrios,NYJ,New York Jets,away,27,22,WR,0,0.0,0,0,0,0,0,0,0,0,0,3,2,9,0,0
2022,13,,New York Jets,Minnesota Vikings,C.J. Uzomah,NYJ,New York Jets,away,27,22,TE,0,0.0,0,0,0,0,0,0,0,0,0,1,1,31,0,0
2022,13,,New York Jets,Minnesota Vikings,Corey Davis,NYJ,New York Jets,away,27,22,WR,0,0.0,0,0,0,0,0,0,0,0,0,10,5,85,0,0
2022,13,,New York Jets,Minnesota Vikings,Denzel Mims,NYJ,New York Jets,away,27,22,WR,0,0.0,0,0,0,0,0,0,0,0,0,1,0,0,0,0
2022,13,,New York Jets,Minnesota Vikings,Elijah Moore,NYJ,New York Jets,away,27,22,WR,1,1.2195121951219512,0,0,0,0,0,0,1,10,0,6,2,7,0,0
2022,13,,New York Jets,Minnesota Vikings,Garrett Wilson,NYJ,New York Jets,away,27,22,WR,1,1.2195121951219512,0,1,0,0,0,0,0,0,0,15,8,162,0,0
2022,13,,New York Jets,Minnesota Vikings,James Robinson,NYJ,New York Jets,away,27,22,RB,4,4.878048780487805,0,0,0,0,0,0,4,10,0,0,0,0,0,0
2022,13,,New York Jets,Minnesota Vikings,Mike White,NYJ,New York Jets,away,27,22,QB,60,73.17073170731707,31,57,369,0,2,1,3,7,1,0,0,0,0,0
2022,13,,New York Jets,Minnesota Vikings,Ty Johnson,NYJ,New York Jets,away,27,22,RB,1,1.2195121951219512,0,0,0,0,0,0,1,3,0,7,6,38,0,0
2022,13,,New York Jets,Minnesota Vikings,Tyler Conklin,NYJ,New York Jets,away,27,22,TE,0,0.0,0,0,0,0,0,0,0,0,0,7,2,9,0,0
2022,13,,New York Jets,Minnesota Vikings,Zonovan Knight,NYJ,New York Jets,away,27,22,RB,15,18.29268292682927,0,0,0,0,0,0,15,90,0,5,5,28,0,0
2022,13,"60 degrees, relative humidity 62%, wind 7 mph",Tennessee Titans,Philadelphia Eagles,A.J. Brown,PHI,Tennessee Titans,away,35,10,WR,0,0.0,0,0,0,0,0,0,0,0,0,10,8,119,2,0
2022,13,"60 degrees, relative humidity 62%, wind 7 mph",Tennessee Titans,Philadelphia Eagles,Boston Scott,PHI,Tennessee Titans,away,35,10,RB,6,9.230769230769232,0,0,0,0,0,0,6,16,0,1,1,5,0,0
2022,13,"60 degrees, relative humidity 62%, wind 7 mph",Tennessee Titans,Philadelphia Eagles,DeVonta Smith,PHI,Tennessee Titans,away,35,10,WR,0,0.0,0,0,0,0,0,0,0,0,0,8,5,102,1,0
2022,13,"60 degrees, relative humidity 62%, wind 7 mph",Tennessee Titans,Philadelphia Eagles,Gardner Minshew,PHI,Tennessee Titans,away,35,10,UNK,2,3.076923076923077,1,2,11,0,0,0,0,0,0,0,0,0,0,0
2022,13,"60 degrees, relative humidity 62%, wind 7 mph",Tennessee Titans,Philadelphia Eagles,Grant Calcaterra,PHI,Tennessee Titans,away,35,10,TE,0,0.0,0,0,0,0,0,0,0,0,0,1,1,19,0,0
2022,13,"60 degrees, relative humidity 62%, wind 7 mph",Tennessee Titans,Philadelphia Eagles,Jack Stoll,PHI,Tennessee Titans,away,35,10,TE,0,0.0,0,0,0,0,0,0,0,0,0,3,3,41,0,0
2022,13,"60 degrees, relative humidity 62%, wind 7 mph",Tennessee Titans,Philadelphia Eagles,Jalen Hurts,PHI,Tennessee Titans,away,35,10,QB,44,67.6923076923077,29,39,380,3,0,2,5,12,1,0,0,0,0,1
2022,13,"60 degrees, relative humidity 62%, wind 7 mph",Tennessee Titans,Philadelphia Eagles,Kenneth Gainwell,PHI,Tennessee Titans,away,35,10,RB,3,4.615384615384616,0,0,0,0,0,0,3,15,0,4,3,38,0,0
2022,13,"60 degrees, relative humidity 62%, wind 7 mph",Tennessee Titans,Philadelphia Eagles,Miles Sanders,PHI,Tennessee Titans,away,35,10,RB,10,15.384615384615385,0,0,0,0,0,0,10,24,1,2,2,14,0,0
2022,13,"60 degrees, relative humidity 62%, wind 7 mph",Tennessee Titans,Philadelphia Eagles,Quez Watkins,PHI,Tennessee Titans,away,35,10,WR,0,0.0,0,0,0,0,0,0,0,0,0,6,5,37,0,0
2022,13,"60 degrees, relative humidity 62%, wind 7 mph",Tennessee Titans,Philadelphia Eagles,Zach Pascal,PHI,Tennessee Titans,away,35,10,WR,0,0.0,0,0,0,0,0,0,0,0,0,3,2,16,0,0
2022,13,,Atlanta Falcons,Pittsburgh Steelers,Benny Snell Jr.,PIT,Atlanta Falcons,away,19,16,RB,6,9.230769230769232,0,0,0,0,0,0,6,24,0,1,1,11,0,0
2022,13,,Atlanta Falcons,Pittsburgh Steelers,Connor Heyward,PIT,Atlanta Falcons,away,19,16,TE,0,0.0,0,0,0,0,0,0,0,0,0,1,1,17,1,0
2022,13,,Atlanta Falcons,Pittsburgh Steelers,Derek Watt,PIT,Atlanta Falcons,away,19,16,FB,1,1.5384615384615385,0,0,0,0,0,0,1,4,0,1,1,3,0,0
2022,13,,Atlanta Falcons,Pittsburgh Steelers,Diontae Johnson,PIT,Atlanta Falcons,away,19,16,WR,0,0.0,0,0,0,0,0,0,0,0,0,11,5,60,0,0
2022,13,,Atlanta Falcons,Pittsburgh Steelers,George Pickens,PIT,Atlanta Falcons,away,19,16,WR,0,0.0,0,0,0,0,0,0,0,0,0,2,1,2,0,0
2022,13,,Atlanta Falcons,Pittsburgh Steelers,Gunner Olszewski,PIT,Atlanta Falcons,away,19,16,WR,2,3.076923076923077,0,0,0,0,0,0,2,2,0,0,0,0,0,0
2022,13,,Atlanta Falcons,Pittsburgh Steelers,Jaylen Warren,PIT,Atlanta Falcons,away,19,16,RB,1,1.5384615384615385,0,0,0,0,0,0,1,5,0,2,2,14,0,0
2022,13,,Atlanta Falcons,Pittsburgh Steelers,Kenny Pickett,PIT,Atlanta Falcons,away,19,16,QB,35,53.84615384615385,16,28,197,1,0,0,7,14,0,0,0,0,0,0
2022,13,,Atlanta Falcons,Pittsburgh Steelers,Najee Harris,PIT,Atlanta Falcons,away,19,16,RB,17,26.153846153846157,0,0,0,0,0,0,17,86,0,1,1,6,0,0
2022,13,,Atlanta Falcons,Pittsburgh Steelers,Pat Freiermuth,PIT,Atlanta Falcons,away,19,16,TE,0,0.0,0,0,0,0,0,0,0,0,0,5,3,76,0,0
2022,13,,Atlanta Falcons,Pittsburgh Steelers,Steven Sims,PIT,Atlanta Falcons,away,19,16,WR,3,4.615384615384616,0,0,0,0,0,0,3,19,0,2,0,0,0,1
2022,13,,Atlanta Falcons,Pittsburgh Steelers,Zach Gentry,PIT,Atlanta Falcons,away,19,16,TE,0,0.0,0,0,0,0,0,0,0,0,0,1,1,8,0,0
2022,13,,Los Angeles Rams,Seattle Seahawks,Colby Parkinson,SEA,Los Angeles Rams,away,27,23,TE,0,0.0,0,0,0,0,0,0,0,0,0,1,1,12,0,0
2022,13,,Los Angeles Rams,Seattle Seahawks,D.K. Metcalf,SEA,Los Angeles Rams,away,27,23,WR,0,0.0,0,0,0,0,0,0,0,0,0,8,8,127,1,0
2022,13,,Los Angeles Rams,Seattle Seahawks,DeeJay Dallas,SEA,Los Angeles Rams,away,27,23,RB,10,16.39344262295082,0,0,0,0,0,0,10,37,0,1,0,0,0,0
2022,13,,Los Angeles Rams,Seattle Seahawks,Geno Smith,SEA,Los Angeles Rams,away,27,23,QB,41,67.21311475409836,28,39,367,3,1,4,2,3,0,0,0,0,0,1
2022,13,,Los Angeles Rams,Seattle Seahawks,Kenneth Walker,SEA,Los Angeles Rams,away,27,23,UNK,3,4.918032786885246,0,0,0,0,0,0,3,36,0,1,0,0,0,0
2022,13,,Los Angeles Rams,Seattle Seahawks,Laquon Treadwell,SEA,Los Angeles Rams,away,27,23,WR,0,0.0,0,0,0,0,0,0,0,0,0,1,1,1,0,0
2022,13,,Los Angeles Rams,Seattle Seahawks,Marquise Goodwin,SEA,Los Angeles Rams,away,27,23,WR,0,0.0,0,0,0,0,0,0,0,0,0,2,1,17,0,0
2022,13,,Los Angeles Rams,Seattle Seahawks,Noah Fant,SEA,Los Angeles Rams,away,27,23,TE,0,0.0,0,0,0,0,0,0,0,0,0,5,4,42,1,0
2022,13,,Los Angeles Rams,Seattle Seahawks,Tony Jones,SEA,Los Angeles Rams,away,27,23,RB,7,11.475409836065573,0,0,0,0,0,0,7,14,0,4,2,18,0,0
2022,13,,Los Angeles Rams,Seattle Seahawks,Tyler Lockett,SEA,Los Angeles Rams,away,27,23,WR,0,0.0,0,0,0,0,0,0,0,0,0,12,9,128,1,0
2022,13,,Los Angeles Rams,Seattle Seahawks,Will Dissly,SEA,Los Angeles Rams,away,27,23,TE,0,0.0,0,0,0,0,0,0,0,0,0,2,2,22,0,0
2022,13,"58 degrees, relative humidity 70%, wind 5 mph",Miami Dolphins,San Francisco 49ers,Brandon Aiyuk,SFO,Miami Dolphins,away,33,17,WR,0,0.0,0,0,0,0,0,0,0,0,0,9,5,46,0,0
2022,13,"58 degrees, relative humidity 70%, wind 5 mph",Miami Dolphins,San Francisco 49ers,Brock Purdy,SFO,Miami Dolphins,away,33,17,QB,41,54.666666666666664,25,37,210,2,1,3,4,-1,0,0,0,0,0,0
2022,13,"58 degrees, relative humidity 70%, wind 5 mph",Miami Dolphins,San Francisco 49ers,Christian McCaffrey,SFO,Miami Dolphins,away,33,17,RB,17,22.666666666666664,0,0,0,0,0,0,17,66,0,10,8,80,1,0
2022,13,"58 degrees, relative humidity 70%, wind 5 mph",Miami Dolphins,San Francisco 49ers,Deebo Samuel,SFO,Miami Dolphins,away,33,17,WR,4,5.333333333333334,0,0,0,0,0,0,4,5,0,10,6,58,0,0
2022,13,"58 degrees, relative humidity 70%, wind 5 mph",Miami Dolphins,San Francisco 49ers,George Kittle,SFO,Miami Dolphins,away,33,17,TE,0,0.0,0,0,0,0,0,0,0,0,0,3,2,22,0,0
2022,13,"58 degrees, relative humidity 70%, wind 5 mph",Miami Dolphins,San Francisco 49ers,Jauan Jennings,SFO,Miami Dolphins,away,33,17,WR,0,0.0,0,0,0,0,0,0,0,0,0,4,2,34,0,1
2022,13,"58 degrees, relative humidity 70%, wind 5 mph",Miami Dolphins,San Francisco 49ers,Jimmy Garoppolo,SFO,Miami Dolphins,away,33,17,QB,4,5.333333333333334,2,4,56,0,0,1,0,0,0,0,0,0,0,0
2022,13,"58 degrees, relative humidity 70%, wind 5 mph",Miami Dolphins,San Francisco 49ers,Jordan Mason,SFO,Miami Dolphins,away,33,17,RB,8,10.666666666666668,0,0,0,0,0,0,8,51,0,0,0,0,0,0
2022,13,"58 degrees, relative humidity 70%, wind 5 mph",Miami Dolphins,San Francisco 49ers,Kyle Juszczyk,SFO,Miami Dolphins,away,33,17,FB,1,1.3333333333333335,0,0,0,0,0,0,1,0,0,3,3,12,1,0
2022,13,"58 degrees, relative humidity 70%, wind 5 mph",Miami Dolphins,San Francisco 49ers,Tyler Kroft,SFO,Miami Dolphins,away,33,17,TE,0,0.0,0,0,0,0,0,0,0,0,0,1,1,14,0,0
2022,13,"69 degrees, relative humidity 78%, wind 2 mph",New Orleans Saints,Tampa Bay Buccaneers,Cade Otton,TAM,New Orleans Saints,away,17,16,TE,0,0.0,0,0,0,0,0,0,0,0,0,10,6,28,1,0
2022,13,"69 degrees, relative humidity 78%, wind 2 mph",New Orleans Saints,Tampa Bay Buccaneers,Chris Godwin,TAM,New Orleans Saints,away,17,16,WR,0,0.0,0,0,0,0,0,0,0,0,0,13,8,63,0,0
2022,13,"69 degrees, relative humidity 78%, wind 2 mph",New Orleans Saints,Tampa Bay Buccaneers,Julio Jones,TAM,New Orleans Saints,away,17,16,WR,0,0.0,0,0,0,0,0,0,0,0,0,6,3,28,0,0
2022,13,"69 degrees, relative humidity 78%, wind 2 mph",New Orleans Saints,Tampa Bay Buccaneers,Ko Kieft,TAM,New Orleans Saints,away,17,16,TE,0,0.0,0,0,0,0,0,0,0,0,0,2,1,12,0,0
2022,13,"69 degrees, relative humidity 78%, wind 2 mph",New Orleans Saints,Tampa Bay Buccaneers,Leonard Fournette,TAM,New Orleans Saints,away,17,16,RB,10,13.513513513513514,0,0,0,0,0,0,10,49,0,7,6,32,0,0
2022,13,"69 degrees, relative humidity 78%, wind 2 mph",New Orleans Saints,Tampa Bay Buccaneers,Mike Evans,TAM,New Orleans Saints,away,17,16,WR,0,0.0,0,0,0,0,0,0,0,0,0,4,4,59,0,0
2022,13,"69 degrees, relative humidity 78%, wind 2 mph",New Orleans Saints,Tampa Bay Buccaneers,Rachaad White,TAM,New Orleans Saints,away,17,16,RB,9,12.162162162162163,0,0,0,0,0,0,9,28,0,8,6,41,1,1
2022,13,"69 degrees, relative humidity 78%, wind 2 mph",New Orleans Saints,Tampa Bay Buccaneers,Russell Gage,TAM,New Orleans Saints,away,17,16,WR,0,0.0,0,0,0,0,0,0,0,0,0,1,1,11,0,0
2022,13,"69 degrees, relative humidity 78%, wind 2 mph",New Orleans Saints,Tampa Bay Buccaneers,Scott Miller,TAM,New Orleans Saints,away,17,16,WR,0,0.0,0,0,0,0,0,0,0,0,0,2,1,7,0,0
2022,13,"69 degrees, relative humidity 78%, wind 2 mph",New Orleans Saints,Tampa Bay Buccaneers,Tom Brady,TAM,New Orleans Saints,away,17,16,QB,55,74.32432432432432,36,54,281,2,1,1,1,-1,0,0,0,0,0,0
2022,13,"60 degrees, relative humidity 62%, wind 7 mph",Tennessee Titans,Philadelphia Eagles,Austin Hooper,TEN,Tennessee Titans,away,35,10,TE,0,0.0,0,0,0,0,0,0,0,0,0,5,3,22,0,0
2022,13,"60 degrees, relative humidity 62%, wind 7 mph",Tennessee Titans,Philadelphia Eagles,C.J. Board,TEN,Tennessee Titans,away,35,10,WR,0,0.0,0,0,0,0,0,0,0,0,0,1,1,6,0,0
2022,13,"60 degrees, relative humidity 62%, wind 7 mph",Tennessee Titans,Philadelphia Eagles,Chigoziem Okonkwo,TEN,Tennessee Titans,away,35,10,TE,0,0.0,0,0,0,0,0,0,0,0,0,5,4,68,0,0
2022,13,"60 degrees, relative humidity 62%, wind 7 mph",Tennessee Titans,Philadelphia Eagles,Derrick Henry,TEN,Tennessee Titans,away,35,10,RB,11,23.404255319148938,0,0,0,0,0,0,11,30,0,3,2,8,0,0
2022,13,"60 degrees, relative humidity 62%, wind 7 mph",Tennessee Titans,Philadelphia Eagles,Dontrell Hilliard,TEN,Tennessee Titans,away,35,10,RB,1,2.127659574468085,0,0,0,0,0,0,1,2,0,2,2,14,0,0
2022,13,"60 degrees, relative humidity 62%, wind 7 mph",Tennessee Titans,Philadelphia Eagles,Geoff Swaim,TEN,Tennessee Titans,away,35,10,TE,0,0.0,0,0,0,0,0,0,0,0,0,1,1,4,0,0
2022,13,"60 degrees, relative humidity 62%, wind 7 mph",Tennessee Titans,Philadelphia Eagles,Julius Chestnut,TEN,Tennessee Titans,away,35,10,RB,5,10.638297872340425,0,0,0,0,0,0,5,13,0,0,0,0,0,0
2022,13,"60 degrees, relative humidity 62%, wind 7 mph",Tennessee Titans,Philadelphia Eagles,Malik Willis,TEN,Tennessee Titans,away,35,10,QB,5,10.638297872340425,2,4,16,0,0,0,1,8,0,0,0,0,0,0
2022,13,"60 degrees, relative humidity 62%, wind 7 mph",Tennessee Titans,Philadelphia Eagles,Nick Westbrook-Ikhine,TEN,Tennessee Titans,away,35,10,WR,0,0.0,0,0,0,0,0,0,0,0,0,2,1,4,0,0
2022,13,"60 degrees, relative humidity 62%, wind 7 mph",Tennessee Titans,Philadelphia Eagles,Robert Woods,TEN,Tennessee Titans,away,35,10,WR,0,0.0,0,0,0,0,0,0,0,0,0,5,1,6,0,0
2022,13,"60 degrees, relative humidity 62%, wind 7 mph",Tennessee Titans,Philadelphia Eagles,Ryan Tannehill,TEN,Tennessee Titans,away,35,10,QB,25,53.191489361702125,14,22,141,1,0,6,3,34,0,0,0,0,0,0
2022,13,"60 degrees, relative humidity 62%, wind 7 mph",Tennessee Titans,Philadelphia Eagles,Treylon Burks,TEN,Tennessee Titans,away,35,10,WR,0,0.0,0,0,0,0,0,0,0,0,0,1,1,25,1,0
2022,13,"40 degrees, relative humidity 63%, wind 9 mph",New York Giants,Washington Commanders,Antonio Gibson,WAS,New York Giants,away,20,20,RB,9,11.688311688311687,0,0,0,0,0,0,9,39,0,4,2,20,0,0
2022,13,"40 degrees, relative humidity 63%, wind 9 mph",New York Giants,Washington Commanders,Brian Robinson Jr.,WAS,New York Giants,away,20,20,RB,21,27.27272727272727,0,0,0,0,0,0,21,96,0,2,2,15,0,1
2022,13,"40 degrees, relative humidity 63%, wind 9 mph",New York Giants,Washington Commanders,Cam Sims,WAS,New York Giants,away,20,20,WR,0,0.0,0,0,0,0,0,0,0,0,0,2,1,-2,0,0
2022,13,"40 degrees, relative humidity 63%, wind 9 mph",New York Giants,Washington Commanders,Curtis Samuel,WAS,New York Giants,away,20,20,WR,3,3.896103896103896,0,0,0,0,0,0,3,23,0,7,6,63,0,0
2022,13,"40 degrees, relative humidity 63%, wind 9 mph",New York Giants,Washington Commanders,Jahan Dotson,WAS,New York Giants,away,20,20,WR,0,0.0,0,0,0,0,0,0,0,0,0,9,5,54,1,0
2022,13,"40 degrees, relative humidity 63%, wind 9 mph",New York Giants,Washington Commanders,Jonathan Williams,WAS,New York Giants,away,20,20,RB,1,1.2987012987012987,0,0,0,0,0,0,1,1,0,0,0,0,0,0
2022,13,"40 degrees, relative humidity 63%, wind 9 mph",New York Giants,Washington Commanders,Logan Thomas,WAS,New York Giants,away,20,20,TE,0,0.0,0,0,0,0,0,0,0,0,0,4,3,20,0,0
2022,13,"40 degrees, relative humidity 63%, wind 9 mph",New York Giants,Washington Commanders,Taylor Heinicke,WAS,New York Giants,away,20,20,QB,43,55.84415584415584,27,41,275,2,0,5,2,6,0,0,0,0,0,2
2022,13,"40 degrees, relative humidity 63%, wind 9 mph",New York Giants,Washington Commanders,Terry McLaurin,WAS,New York Giants,away,20,20,WR,0,0.0,0,0,0,0,0,0,0,0,0,12,8,105,1,0
2022,14,,Arizona Cardinals,New England Patriots,A.J. Green,ARI,Arizona Cardinals,away,27,13,WR,0,0.0,0,0,0,0,0,0,0,0,0,2,1,7,0,0
2022,14,,Arizona Cardinals,New England Patriots,Colt McCoy,ARI,Arizona Cardinals,away,27,13,QB,45,71.42857142857143,27,40,246,0,1,6,5,24,0,0,0,0,0,1
2022,14,,Arizona Cardinals,New England Patriots,Corey Clement,ARI,Arizona Cardinals,away,27,13,RB,0,0.0,0,0,0,0,0,0,0,0,0,1,1,21,0,0
2022,14,,Arizona Cardinals,New England Patriots,DeAndre Hopkins,ARI,Arizona Cardinals,away,27,13,WR,0,0.0,0,0,0,0,0,0,0,0,0,11,7,79,0,1
2022,14,,Arizona Cardinals,New England Patriots,James Conner,ARI,Arizona Cardinals,away,27,13,RB,15,23.809523809523807,0,0,0,0,0,0,15,85,1,7,6,29,0,0
2022,14,,Arizona Cardinals,New England Patriots,Keaontay Ingram,ARI,Arizona Cardinals,away,27,13,RB,1,1.5873015873015872,0,0,0,0,0,0,1,1,0,0,0,0,0,0
2022,14,,Arizona Cardinals,New England Patriots,Kyler Murray,ARI,Arizona Cardinals,away,27,13,QB,2,3.1746031746031744,1,1,9,0,0,0,1,3,0,0,0,0,0,0
2022,14,,Arizona Cardinals,New England Patriots,Marquise Brown,ARI,Arizona Cardinals,away,27,13,WR,0,0.0,0,0,0,0,0,0,0,0,0,8,4,34,0,0
2022,14,,Arizona Cardinals,New England Patriots,Robbie Chosen,ARI,Arizona Cardinals,away,27,13,WR,0,0.0,0,0,0,0,0,0,0,0,0,4,4,50,0,0
2022,14,,Arizona Cardinals,New England Patriots,Stephen Anderson,ARI,Arizona Cardinals,away,27,13,TE,0,0.0,0,0,0,0,0,0,0,0,0,2,2,7,0,0
2022,14,,Arizona Cardinals,New England Patriots,Trey McBride,ARI,Arizona Cardinals,away,27,13,TE,0,0.0,0,0,0,0,0,0,0,0,0,6,3,28,0,0
2022,14,"42 degrees, relative humidity 82%, wind 12 mph",Pittsburgh Steelers,Baltimore Ravens,Anthony Brown,BAL,Pittsburgh Steelers,away,16,14,QB,8,13.559322033898304,3,5,16,0,0,1,3,-5,0,0,0,0,0,0
2022,14,"42 degrees, relative humidity 82%, wind 12 mph",Pittsburgh Steelers,Baltimore Ravens,DeSean Jackson,BAL,Pittsburgh Steelers,away,16,14,WR,0,0.0,0,0,0,0,0,0,0,0,0,2,2,34,0,0
2022,14,"42 degrees, relative humidity 82%, wind 12 mph",Pittsburgh Steelers,Baltimore Ravens,Demarcus Robinson,BAL,Pittsburgh Steelers,away,16,14,WR,0,0.0,0,0,0,0,0,0,0,0,0,6,5,52,0,0
2022,14,"42 degrees, relative humidity 82%, wind 12 mph",Pittsburgh Steelers,Baltimore Ravens,Devin Duvernay,BAL,Pittsburgh Steelers,away,16,14,WR,0,0.0,0,0,0,0,0,0,0,0,0,1,0,0,0,0
2022,14,"42 degrees, relative humidity 82%, wind 12 mph",Pittsburgh Steelers,Baltimore Ravens,Gus Edwards,BAL,Pittsburgh Steelers,away,16,14,RB,13,22.033898305084744,0,0,0,0,0,0,13,66,0,0,0,0,0,0
2022,14,"42 degrees, relative humidity 82%, wind 12 mph",Pittsburgh Steelers,Baltimore Ravens,J.K. Dobbins,BAL,Pittsburgh Steelers,away,16,14,RB,15,25.423728813559322,0,0,0,0,0,0,15,120,1,0,0,0,0,0
2022,14,"42 degrees, relative humidity 82%, wind 12 mph",Pittsburgh Steelers,Baltimore Ravens,Kenyan Drake,BAL,Pittsburgh Steelers,away,16,14,RB,1,1.694915254237288,0,0,0,0,0,0,1,1,0,2,2,1,0,1
2022,14,"42 degrees, relative humidity 82%, wind 12 mph",Pittsburgh Steelers,Baltimore Ravens,Mark Andrews,BAL,Pittsburgh Steelers,away,16,14,TE,0,0.0,0,0,0,0,0,0,0,0,0,6,2,17,0,0
2022,14,"42 degrees, relative humidity 82%, wind 12 mph",Pittsburgh Steelers,Baltimore Ravens,Patrick Ricard,BAL,Pittsburgh Steelers,away,16,14,FB,1,1.694915254237288,0,0,0,0,0,0,1,2,0,0,0,0,0,0
2022,14,"42 degrees, relative humidity 82%, wind 12 mph",Pittsburgh Steelers,Baltimore Ravens,Tyler Huntley,BAL,Pittsburgh Steelers,away,16,14,QB,21,35.59322033898305,8,12,88,0,0,1,9,31,0,0,0,0,0,1
2022,14,"36 degrees, relative humidity 92%, wind 11 mph",New York Jets,Buffalo Bills,Dawson Knox,BUF,New York Jets,away,20,12,TE,0,0.0,0,0,0,0,0,0,0,0,0,7,4,41,1,0
2022,14,"36 degrees, relative humidity 92%, wind 11 mph",New York Jets,Buffalo Bills,Devin Singletary,BUF,New York Jets,away,20,12,RB,8,15.686274509803921,0,0,0,0,0,0,8,39,0,2,1,4,0,0
2022,14,"36 degrees, relative humidity 92%, wind 11 mph",New York Jets,Buffalo Bills,Gabriel Davis,BUF,New York Jets,away,20,12,WR,0,0.0,0,0,0,0,0,0,0,0,0,4,3,31,0,0
2022,14,"36 degrees, relative humidity 92%, wind 11 mph",New York Jets,Buffalo Bills,Isaiah McKenzie,BUF,New York Jets,away,20,12,WR,1,1.9607843137254901,0,0,0,0,0,0,1,7,0,5,3,21,0,0
2022,14,"36 degrees, relative humidity 92%, wind 11 mph",New York Jets,Buffalo Bills,James Cook,BUF,New York Jets,away,20,12,RB,4,7.8431372549019605,0,0,0,0,0,0,4,6,0,1,1,9,0,0
2022,14,"36 degrees, relative humidity 92%, wind 11 mph",New York Jets,Buffalo Bills,John Brown,BUF,New York Jets,away,20,12,WR,0,0.0,0,0,0,0,0,0,0,0,0,1,0,0,0,0
2022,14,"36 degrees, relative humidity 92%, wind 11 mph",New York Jets,Buffalo Bills,Josh Allen,BUF,New York Jets,away,20,12,QB,37,72.54901960784314,16,27,147,1,0,3,10,47,1,0,0,0,0,0
2022,14,"36 degrees, relative humidity 92%, wind 11 mph",New York Jets,Buffalo Bills,Khalil Shakir,BUF,New York Jets,away,20,12,WR,0,0.0,0,0,0,0,0,0,0,0,0,1,0,0,0,0
2022,14,"36 degrees, relative humidity 92%, wind 11 mph",New York Jets,Buffalo Bills,Nyheim Hines,BUF,New York Jets,away,20,12,RB,1,1.9607843137254901,0,0,0,0,0,0,1,3,0,1,1,4,0,0
2022,14,"36 degrees, relative humidity 92%, wind 11 mph",New York Jets,Buffalo Bills,Stefon Diggs,BUF,New York Jets,away,20,12,WR,0,0.0,0,0,0,0,0,0,0,0,0,5,3,37,0,0
2022,14,"45 degrees, relative humidity 97%, wind 4 mph",Seattle Seahawks,Carolina Panthers,Chuba Hubbard,CAR,Seattle Seahawks,away,30,24,RB,14,20.0,0,0,0,0,0,0,14,74,1,3,3,25,0,0
2022,14,"45 degrees, relative humidity 97%, wind 4 mph",Seattle Seahawks,Carolina Panthers,D'Onta Foreman,CAR,Seattle Seahawks,away,30,24,RB,21,30.0,0,0,0,0,0,0,21,74,0,1,1,1,0,0
2022,14,"45 degrees, relative humidity 97%, wind 4 mph",Seattle Seahawks,Carolina Panthers,D.J. Moore,CAR,Seattle Seahawks,away,30,24,WR,2,2.857142857142857,0,0,0,0,0,0,2,6,0,3,0,0,0,0
2022,14,"45 degrees, relative humidity 97%, wind 4 mph",Seattle Seahawks,Carolina Panthers,Ian Thomas,CAR,Seattle Seahawks,away,30,24,TE,0,0.0,0,0,0,0,0,0,0,0,0,2,2,11,0,0
2022,14,"45 degrees, relative humidity 97%, wind 4 mph",Seattle Seahawks,Carolina Panthers,Laviska Shenault Jr.,CAR,Seattle Seahawks,away,30,24,WR,1,1.4285714285714286,0,0,0,0,0,0,1,7,0,4,4,31,0,0
2022,14,"45 degrees, relative humidity 97%, wind 4 mph",Seattle Seahawks,Carolina Panthers,Raheem Blackshear,CAR,Seattle Seahawks,away,30,24,RB,4,5.714285714285714,0,0,0,0,0,0,4,32,1,1,1,17,0,0
2022,14,"45 degrees, relative humidity 97%, wind 4 mph",Seattle Seahawks,Carolina Panthers,Sam Darnold,CAR,Seattle Seahawks,away,30,24,QB,28,40.0,14,24,120,1,0,2,4,30,0,0,0,0,0,0
2022,14,"45 degrees, relative humidity 97%, wind 4 mph",Seattle Seahawks,Carolina Panthers,Shi Smith,CAR,Seattle Seahawks,away,30,24,WR,0,0.0,0,0,0,0,0,0,0,0,0,2,2,17,1,0
2022,14,"45 degrees, relative humidity 97%, wind 4 mph",Seattle Seahawks,Carolina Panthers,Stephen Sullivan,CAR,Seattle Seahawks,away,30,24,TE,0,0.0,0,0,0,0,0,0,0,0,0,1,0,0,0,0
2022,14,"45 degrees, relative humidity 97%, wind 4 mph",Seattle Seahawks,Carolina Panthers,Terrace Marshall Jr.,CAR,Seattle Seahawks,away,30,24,WR,0,0.0,0,0,0,0,0,0,0,0,0,1,1,18,0,0
2022,14,"45 degrees, relative humidity 97%, wind 4 mph",Seattle Seahawks,Carolina Panthers,Tommy Tremble,CAR,Seattle Seahawks,away,30,24,TE,0,0.0,0,0,0,0,0,0,0,0,0,2,0,0,0,0
2022,14,"47 degrees, relative humidity 63%, wind 8 mph",Cleveland Browns,Cincinnati Bengals,Ja'Marr Chase,CIN,Cleveland Browns,away,23,10,WR,1,1.694915254237288,0,0,0,0,0,1,1,6,0,15,10,119,1,0
2022,14,"47 degrees, relative humidity 63%, wind 8 mph",Cleveland Browns,Cincinnati Bengals,Joe Burrow,CIN,Cleveland Browns,away,23,10,QB,39,66.10169491525424,18,33,239,2,1,1,6,10,0,0,0,0,0,0
2022,14,"47 degrees, relative humidity 63%, wind 8 mph",Cleveland Browns,Cincinnati Bengals,Joe Mixon,CIN,Cleveland Browns,away,23,10,RB,14,23.728813559322035,0,0,0,0,0,0,14,96,0,2,2,10,0,0
2022,14,"47 degrees, relative humidity 63%, wind 8 mph",Cleveland Browns,Cincinnati Bengals,Mitchell Wilcox,CIN,Cleveland Browns,away,23,10,TE,0,0.0,0,0,0,0,0,0,0,0,0,2,1,10,0,0
2022,14,"47 degrees, relative humidity 63%, wind 8 mph",Cleveland Browns,Cincinnati Bengals,Samaje Perine,CIN,Cleveland Browns,away,23,10,RB,4,6.779661016949152,0,0,0,0,0,0,4,22,1,5,1,2,0,0
2022,14,"47 degrees, relative humidity 63%, wind 8 mph",Cleveland Browns,Cincinnati Bengals,Trayveon Williams,CIN,Cleveland Browns,away,23,10,RB,1,1.694915254237288,0,0,0,0,0,0,1,2,0,1,1,6,0,0
2022,14,"47 degrees, relative humidity 63%, wind 8 mph",Cleveland Browns,Cincinnati Bengals,Trent Taylor,CIN,Cleveland Browns,away,23,10,WR,0,0.0,0,0,0,0,0,0,0,0,0,4,1,34,0,0
2022,14,"47 degrees, relative humidity 63%, wind 8 mph",Cleveland Browns,Cincinnati Bengals,Trenton Irwin,CIN,Cleveland Browns,away,23,10,WR,0,0.0,0,0,0,0,0,0,0,0,0,2,2,58,1,0
2022,14,"47 degrees, relative humidity 63%, wind 8 mph",Cleveland Browns,Cincinnati Bengals,Tyler Boyd,CIN,Cleveland Browns,away,23,10,WR,0,0.0,0,0,0,0,0,0,0,0,0,1,0,0,0,0
2022,14,"47 degrees, relative humidity 63%, wind 8 mph",Cleveland Browns,Cincinnati Bengals,Amari Cooper,CLE,Cleveland Browns,away,23,10,WR,0,0.0,0,0,0,0,0,0,0,0,0,7,2,42,0,0
2022,14,"47 degrees, relative humidity 63%, wind 8 mph",Cleveland Browns,Cincinnati Bengals,David Bell,CLE,Cleveland Browns,away,23,10,WR,0,0.0,0,0,0,0,0,0,0,0,0,3,3,27,0,0
2022,14,"47 degrees, relative humidity 63%, wind 8 mph",Cleveland Browns,Cincinnati Bengals,David Njoku,CLE,Cleveland Browns,away,23,10,TE,1,1.4705882352941175,0,0,0,0,0,0,1,-2,0,9,7,59,1,0
2022,14,"47 degrees, relative humidity 63%, wind 8 mph",Cleveland Browns,Cincinnati Bengals,Deshaun Watson,CLE,Cleveland Browns,away,23,10,QB,48,70.58823529411765,26,42,276,1,1,2,6,33,0,0,0,0,0,0
2022,14,"47 degrees, relative humidity 63%, wind 8 mph",Cleveland Browns,Cincinnati Bengals,Donovan Peoples-Jones,CLE,Cleveland Browns,away,23,10,WR,0,0.0,0,0,0,0,0,0,0,0,0,12,8,114,0,0
2022,14,"47 degrees, relative humidity 63%, wind 8 mph",Cleveland Browns,Cincinnati Bengals,Harrison Bryant,CLE,Cleveland Browns,away,23,10,TE,0,0.0,0,0,0,0,0,0,0,0,0,1,1,8,0,0
2022,14,"47 degrees, relative humidity 63%, wind 8 mph",Cleveland Browns,Cincinnati Bengals,Jacoby Brissett,CLE,Cleveland Browns,away,23,10,QB,1,1.4705882352941175,0,1,0,0,0,0,0,0,0,0,0,0,0,0
2022,14,"47 degrees, relative humidity 63%, wind 8 mph",Cleveland Browns,Cincinnati Bengals,Kareem Hunt,CLE,Cleveland Browns,away,23,10,RB,4,5.88235294117647,0,0,0,0,0,0,4,6,0,4,2,6,0,0
2022,14,"47 degrees, relative humidity 63%, wind 8 mph",Cleveland Browns,Cincinnati Bengals,Nick Chubb,CLE,Cleveland Browns,away,23,10,RB,14,20.588235294117645,0,0,0,0,0,0,14,34,0,3,3,20,0,0
2022,14,,Houston Texans,Dallas Cowboys,CeeDee Lamb,DAL,Houston Texans,away,27,23,WR,0,0.0,0,0,0,0,0,0,0,0,0,6,5,33,0,0
2022,14,,Houston Texans,Dallas Cowboys,Dak Prescott,DAL,Houston Texans,away,27,23,QB,45,64.28571428571429,24,39,284,1,2,1,6,23,0,0,0,0,0,1
2022,14,,Houston Texans,Dallas Cowboys,Dalton Schultz,DAL,Houston Texans,away,27,23,TE,0,0.0,0,0,0,0,0,0,0,0,0,10,6,87,0,0
2022,14,,Houston Texans,Dallas Cowboys,Ezekiel Elliott,DAL,Houston Texans,away,27,23,RB,15,21.428571428571427,0,0,0,0,0,0,15,62,1,5,3,19,0,0
2022,14,,Houston Texans,Dallas Cowboys,James Washington,DAL,Houston Texans,away,27,23,WR,0,0.0,0,0,0,0,0,0,0,0,0,1,0,0,0,0
2022,14,,Houston Texans,Dallas Cowboys,Michael Gallup,DAL,Houston Texans,away,27,23,WR,0,0.0,0,0,0,0,0,0,0,0,0,6,2,40,0,0
2022,14,,Houston Texans,Dallas Cowboys,Noah Brown,DAL,Houston Texans,away,27,23,WR,0,0.0,0,0,0,0,0,0,0,0,0,6,4,85,0,0
2022,14,,Houston Texans,Dallas Cowboys,Tony Pollard,DAL,Houston Texans,away,27,23,RB,10,14.285714285714285,0,0,0,0,0,0,10,42,1,5,4,20,1,0
2022,14,"55 degrees, relative humidity 19%, wind 4 mph",Denver Broncos,Kansas City Chiefs,Brandon Johnson,DEN,Denver Broncos,away,34,28,WR,0,0.0,0,0,0,0,0,0,0,0,0,4,0,0,0,0
2022,14,"55 degrees, relative humidity 19%, wind 4 mph",Denver Broncos,Kansas City Chiefs,Brett Rypien,DEN,Denver Broncos,away,34,28,QB,9,14.285714285714285,4,8,16,1,1,0,1,0,0,0,0,0,0,1
2022,14,"55 degrees, relative humidity 19%, wind 4 mph",Denver Broncos,Kansas City Chiefs,Eric Saubert,DEN,Denver Broncos,away,34,28,TE,0,0.0,0,0,0,0,0,0,0,0,0,2,1,2,0,0
2022,14,"55 degrees, relative humidity 19%, wind 4 mph",Denver Broncos,Kansas City Chiefs,Eric Tomlinson,DEN,Denver Broncos,away,34,28,TE,0,0.0,0,0,0,0,0,0,0,0,0,3,2,11,0,0
2022,14,"55 degrees, relative humidity 19%, wind 4 mph",Denver Broncos,Kansas City Chiefs,Greg Dulcich,DEN,Denver Broncos,away,34,28,TE,0,0.0,0,0,0,0,0,0,0,0,0,8,3,42,0,0
2022,14,"55 degrees, relative humidity 19%, wind 4 mph",Denver Broncos,Kansas City Chiefs,Jalen Virgil,DEN,Denver Broncos,away,34,28,WR,0,0.0,0,0,0,0,0,0,0,0,0,1,1,9,0,0
2022,14,"55 degrees, relative humidity 19%, wind 4 mph",Denver Broncos,Kansas City Chiefs,Jerry Jeudy,DEN,Denver Broncos,away,34,28,WR,0,0.0,0,0,0,0,0,0,0,0,0,9,8,73,3,0
2022,14,"55 degrees, relative humidity 19%, wind 4 mph",Denver Broncos,Kansas City Chiefs,Kendall Hinton,DEN,Denver Broncos,away,34,28,WR,0,0.0,0,0,0,0,0,0,0,0,0,6,5,38,0,0
2022,14,"55 degrees, relative humidity 19%, wind 4 mph",Denver Broncos,Kansas City Chiefs,Latavius Murray,DEN,Denver Broncos,away,34,28,RB,8,12.698412698412698,0,0,0,0,0,0,8,32,0,5,3,-1,0,0
2022,14,"55 degrees, relative humidity 19%, wind 4 mph",Denver Broncos,Kansas City Chiefs,Marlon Mack,DEN,Denver Broncos,away,34,28,RB,3,4.761904761904762,0,0,0,0,0,0,3,15,0,3,2,62,1,0
2022,14,"55 degrees, relative humidity 19%, wind 4 mph",Denver Broncos,Kansas City Chiefs,Mike Boone,DEN,Denver Broncos,away,34,28,RB,3,4.761904761904762,0,0,0,0,0,0,3,2,0,2,2,27,0,0
2022,14,"55 degrees, relative humidity 19%, wind 4 mph",Denver Broncos,Kansas City Chiefs,Russell Wilson,DEN,Denver Broncos,away,34,28,QB,40,63.49206349206349,23,36,247,3,1,6,4,57,0,0,0,0,0,0
2022,14,,Minnesota Vikings,Detroit Lions,Amon-Ra St. Brown,DET,Minnesota Vikings,away,34,23,WR,1,1.4492753623188406,0,0,0,0,0,0,1,6,0,9,6,68,0,0
2022,14,,Minnesota Vikings,Detroit Lions,Brock Wright,DET,Minnesota Vikings,away,34,23,TE,0,0.0,0,0,0,0,0,0,0,0,0,1,0,0,0,0
2022,14,,Minnesota Vikings,Detroit Lions,C.J. Moore,DET,Minnesota Vikings,away,34,23,FS,1,1.4492753623188406,0,0,0,0,0,0,1,42,0,0,0,0,0,0
2022,14,,Minnesota Vikings,Detroit Lions,D'Andre Swift,DET,Minnesota Vikings,away,34,23,RB,6,8.695652173913043,0,0,0,0,0,0,6,21,0,4,3,18,0,0
2022,14,,Minnesota Vikings,Detroit Lions,DJ Chark,DET,Minnesota Vikings,away,34,23,WR,0,0.0,0,0,0,0,0,0,0,0,0,7,6,94,1,0
2022,14,,Minnesota Vikings,Detroit Lions,Jamaal Williams,DET,Minnesota Vikings,away,34,23,RB,16,23.18840579710145,0,0,0,0,0,0,16,37,0,1,0,0,0,0
2022,14,,Minnesota Vikings,Detroit Lions,Jameson Williams,DET,Minnesota Vikings,away,34,23,WR,0,0.0,0,0,0,0,0,0,0,0,0,2,1,41,1,0
2022,14,,Minnesota Vikings,Detroit Lions,Jared Goff,DET,Minnesota Vikings,away,34,23,QB,41,59.42028985507246,27,39,330,3,0,0,2,9,0,0,0,0,0,0
2022,14,,Minnesota Vikings,Detroit Lions,Josh Reynolds,DET,Minnesota Vikings,away,34,23,WR,0,0.0,0,0,0,0,0,0,0,0,0,6,5,51,1,0
2022,14,,Minnesota Vikings,Detroit Lions,Justin Jackson,DET,Minnesota Vikings,away,34,23,RB,4,5.797101449275362,0,0,0,0,0,0,4,19,1,1,1,12,0,0
2022,14,,Minnesota Vikings,Detroit Lions,Kalif Raymond,DET,Minnesota Vikings,away,34,23,WR,0,0.0,0,0,0,0,0,0,0,0,0,2,2,19,0,0
2022,14,,Minnesota Vikings,Detroit Lions,Penei Sewell,DET,Minnesota Vikings,away,34,23,T,0,0.0,0,0,0,0,0,0,0,0,0,1,1,9,0,0
2022,14,,Minnesota Vikings,Detroit Lions,Shane Zylstra,DET,Minnesota Vikings,away,34,23,TE,0,0.0,0,0,0,0,0,0,0,0,0,2,2,18,0,0
2022,14,,Houston Texans,Dallas Cowboys,Amari Rodgers,HOU,Houston Texans,away,27,23,WR,1,1.5625,0,0,0,0,0,0,1,3,0,5,4,57,1,0
2022,14,,Houston Texans,Dallas Cowboys,Chris Moore,HOU,Houston Texans,away,27,23,WR,0,0.0,0,0,0,0,0,0,0,0,0,11,10,124,0,0
2022,14,,Houston Texans,Dallas Cowboys,Dameon Pierce,HOU,Houston Texans,away,27,23,RB,22,34.375,0,0,0,0,0,0,22,78,1,0,0,0,0,1
2022,14,,Houston Texans,Dallas Cowboys,Dare Ogunbowale,HOU,Houston Texans,away,27,23,RB,1,1.5625,0,0,0,0,0,0,1,-3,0,2,2,4,0,0
2022,14,,Houston Texans,Dallas Cowboys,Davis Mills,HOU,Houston Texans,away,27,23,QB,22,34.375,16,21,175,0,1,0,1,2,0,0,0,0,0,0
2022,14,,Houston Texans,Dallas Cowboys,Eno Benjamin,HOU,Houston Texans,away,27,23,RB,3,4.6875,0,0,0,0,0,0,3,1,0,0,0,0,0,0
2022,14,,Houston Texans,Dallas Cowboys,Jeff Driskel,HOU,Houston Texans,away,27,23,QB,13,20.3125,4,6,38,1,0,0,7,36,0,0,0,0,0,0
2022,14,,Houston Texans,Dallas Cowboys,Jordan Akins,HOU,Houston Texans,away,27,23,TE,0,0.0,0,0,0,0,0,0,0,0,0,2,1,5,0,0
2022,14,,Houston Texans,Dallas Cowboys,Phillip Dorsett,HOU,Houston Texans,away,27,23,WR,0,0.0,0,0,0,0,0,0,0,0,0,3,2,18,0,0
2022,14,,Houston Texans,Dallas Cowboys,Rex Burkhead,HOU,Houston Texans,away,27,23,RB,2,3.125,0,0,0,0,0,0,2,-3,0,1,1,5,0,0
2022,14,"54 degrees, relative humidity 77%, wind 8 mph",Tennessee Titans,Jacksonville Jaguars,Chris Manhertz,JAX,Tennessee Titans,away,36,22,TE,0,0.0,0,0,0,0,0,0,0,0,0,1,1,21,0,0
2022,14,"54 degrees, relative humidity 77%, wind 8 mph",Tennessee Titans,Jacksonville Jaguars,Christian Kirk,JAX,Tennessee Titans,away,36,22,WR,0,0.0,0,0,0,0,0,0,0,0,0,7,5,45,0,0
2022,14,"54 degrees, relative humidity 77%, wind 8 mph",Tennessee Titans,Jacksonville Jaguars,Dan Arnold,JAX,Tennessee Titans,away,36,22,TE,0,0.0,0,0,0,0,0,0,0,0,0,3,1,5,0,0
2022,14,"54 degrees, relative humidity 77%, wind 8 mph",Tennessee Titans,Jacksonville Jaguars,Evan Engram,JAX,Tennessee Titans,away,36,22,TE,0,0.0,0,0,0,0,0,0,0,0,0,15,11,162,2,0
2022,14,"54 degrees, relative humidity 77%, wind 8 mph",Tennessee Titans,Jacksonville Jaguars,Jamal Agnew,JAX,Tennessee Titans,away,36,22,WR,1,1.4925373134328357,0,0,0,0,0,0,1,8,0,3,3,36,0,0
2022,14,"54 degrees, relative humidity 77%, wind 8 mph",Tennessee Titans,Jacksonville Jaguars,Jamycal Hasty,JAX,Tennessee Titans,away,36,22,RB,4,5.970149253731343,0,0,0,0,0,0,4,13,0,0,0,0,0,0
2022,14,"54 degrees, relative humidity 77%, wind 8 mph",Tennessee Titans,Jacksonville Jaguars,Marvin Jones,JAX,Tennessee Titans,away,36,22,WR,0,0.0,0,0,0,0,0,0,0,0,0,1,1,22,0,0
2022,14,"54 degrees, relative humidity 77%, wind 8 mph",Tennessee Titans,Jacksonville Jaguars,Travis Etienne,JAX,Tennessee Titans,away,36,22,RB,17,25.37313432835821,0,0,0,0,0,0,17,32,0,0,0,0,0,0
2022,14,"54 degrees, relative humidity 77%, wind 8 mph",Tennessee Titans,Jacksonville Jaguars,Trevor Lawrence,JAX,Tennessee Titans,away,36,22,QB,45,67.16417910447761,30,42,368,3,0,0,3,7,1,0,0,0,0,0
2022,14,"54 degrees, relative humidity 77%, wind 8 mph",Tennessee Titans,Jacksonville Jaguars,Zay Jones,JAX,Tennessee Titans,away,36,22,WR,0,0.0,0,0,0,0,0,0,0,0,0,12,8,77,1,0
2022,14,"55 degrees, relative humidity 19%, wind 4 mph",Denver Broncos,Kansas City Chiefs,Isiah Pacheco,KAN,Denver Broncos,away,34,28,RB,13,20.0,0,0,0,0,0,0,13,70,0,3,3,23,0,0
2022,14,"55 degrees, relative humidity 19%, wind 4 mph",Denver Broncos,Kansas City Chiefs,Jerick McKinnon,KAN,Denver Broncos,away,34,28,RB,6,9.230769230769232,0,0,0,0,0,0,6,22,0,9,7,112,2,0
2022,14,"55 degrees, relative humidity 19%, wind 4 mph",Denver Broncos,Kansas City Chiefs,JuJu Smith-Schuster,KAN,Denver Broncos,away,34,28,WR,0,0.0,0,0,0,0,0,0,0,0,0,11,9,74,1,0
2022,14,"55 degrees, relative humidity 19%, wind 4 mph",Denver Broncos,Kansas City Chiefs,Justin Watson,KAN,Denver Broncos,away,34,28,WR,0,0.0,0,0,0,0,0,0,0,0,0,2,0,0,0,0
2022,14,"55 degrees, relative humidity 19%, wind 4 mph",Denver Broncos,Kansas City Chiefs,Marquez Valdes-Scantling,KAN,Denver Broncos,away,34,28,WR,0,0.0,0,0,0,0,0,0,0,0,0,3,1,20,0,0
2022,14,"55 degrees, relative humidity 19%, wind 4 mph",Denver Broncos,Kansas City Chiefs,Michael Burton,KAN,Denver Broncos,away,34,28,FB,1,1.5384615384615385,0,0,0,0,0,0,1,0,0,0,0,0,0,0
2022,14,"55 degrees, relative humidity 19%, wind 4 mph",Denver Broncos,Kansas City Chiefs,Noah Gray,KAN,Denver Broncos,away,34,28,TE,0,0.0,0,0,0,0,0,0,0,0,0,3,3,45,0,0
2022,14,"55 degrees, relative humidity 19%, wind 4 mph",Denver Broncos,Kansas City Chiefs,Patrick Mahomes,KAN,Denver Broncos,away,34,28,QB,45,69.23076923076923,28,42,352,3,3,2,3,-3,0,0,0,0,0,0
2022,14,"55 degrees, relative humidity 19%, wind 4 mph",Denver Broncos,Kansas City Chiefs,Skyy Moore,KAN,Denver Broncos,away,34,28,WR,0,0.0,0,0,0,0,0,0,0,0,0,2,1,7,0,0
2022,14,"55 degrees, relative humidity 19%, wind 4 mph",Denver Broncos,Kansas City Chiefs,Travis Kelce,KAN,Denver Broncos,away,34,28,TE,0,0.0,0,0,0,0,0,0,0,0,0,9,4,71,0,0
2022,14,,Miami Dolphins,Los Angeles Chargers,Austin Ekeler,LAC,Miami Dolphins,away,23,17,RB,15,20.27027027027027,0,0,0,0,0,0,15,45,1,8,8,59,0,0
2022,14,,Miami Dolphins,Los Angeles Chargers,DeAndre Carter,LAC,Miami Dolphins,away,23,17,WR,0,0.0,0,0,0,0,0,0,0,0,0,2,1,0,0,0
2022,14,,Miami Dolphins,Los Angeles Chargers,Gerald Everett,LAC,Miami Dolphins,away,23,17,TE,0,0.0,0,0,0,0,0,0,0,0,0,8,5,28,0,0
2022,14,,Miami Dolphins,Los Angeles Chargers,Josh Palmer,LAC,Miami Dolphins,away,23,17,WR,0,0.0,0,0,0,0,0,0,0,0,0,6,4,53,0,0
2022,14,,Miami Dolphins,Los Angeles Chargers,Joshua Kelley,LAC,Miami Dolphins,away,23,17,RB,4,5.405405405405405,0,0,0,0,0,0,4,29,0,2,1,6,0,0
2022,14,,Miami Dolphins,Los Angeles Chargers,Justin Herbert,LAC,Miami Dolphins,away,23,17,QB,55,74.32432432432432,39,51,367,1,0,4,4,8,0,0,0,0,0,1
2022,14,,Miami Dolphins,Los Angeles Chargers,Keenan Allen,LAC,Miami Dolphins,away,23,17,WR,0,0.0,0,0,0,0,0,0,0,0,0,14,12,92,0,0
2022,14,,Miami Dolphins,Los Angeles Chargers,Mike Williams,LAC,Miami Dolphins,away,23,17,WR,0,0.0,0,0,0,0,0,0,0,0,0,6,6,116,1,0
2022,14,,Miami Dolphins,Los Angeles Chargers,Stone Smartt,LAC,Miami Dolphins,away,23,17,TE,0,0.0,0,0,0,0,0,0,0,0,0,1,1,8,0,0
2022,14,,Miami Dolphins,Los Angeles Chargers,Tre' McKitty,LAC,Miami Dolphins,away,23,17,TE,0,0.0,0,0,0,0,0,0,0,0,0,1,1,5,0,0
2022,14,,Las Vegas Raiders,Los Angeles Rams,Austin Trammell,LAR,Las Vegas Raiders,away,17,16,WR,0,0.0,0,0,0,0,0,0,0,0,0,2,1,5,0,0
2022,14,,Las Vegas Raiders,Los Angeles Rams,Baker Mayfield,LAR,Las Vegas Raiders,away,17,16,QB,39,68.42105263157895,22,35,230,1,0,4,4,10,0,0,0,0,0,0
2022,14,,Las Vegas Raiders,Los Angeles Rams,Ben Skowronek,LAR,Las Vegas Raiders,away,17,16,WR,0,0.0,0,0,0,0,0,0,0,0,0,8,7,89,0,0
2022,14,,Las Vegas Raiders,Los Angeles Rams,Brandon Powell,LAR,Las Vegas Raiders,away,17,16,WR,0,0.0,0,0,0,0,0,0,0,0,0,2,0,0,0,0
2022,14,,Las Vegas Raiders,Los Angeles Rams,Brycen Hopkins,LAR,Las Vegas Raiders,away,17,16,TE,0,0.0,0,0,0,0,0,0,0,0,0,1,1,8,0,0
2022,14,,Las Vegas Raiders,Los Angeles Rams,Cam Akers,LAR,Las Vegas Raiders,away,17,16,RB,12,21.052631578947366,0,0,0,0,0,0,12,42,1,1,1,1,0,1
2022,14,,Las Vegas Raiders,Los Angeles Rams,Kyren Williams,LAR,Las Vegas Raiders,away,17,16,RB,3,5.263157894736842,0,0,0,0,0,0,3,19,0,2,1,10,0,0
2022,14,,Las Vegas Raiders,Los Angeles Rams,Malcolm Brown,LAR,Las Vegas Raiders,away,17,16,RB,1,1.7543859649122806,0,0,0,0,0,0,1,5,0,2,2,12,0,0
2022,14,,Las Vegas Raiders,Los Angeles Rams,Tutu Atwell,LAR,Las Vegas Raiders,away,17,16,WR,2,3.508771929824561,0,0,0,0,0,0,2,-5,0,9,5,50,0,0
2022,14,,Las Vegas Raiders,Los Angeles Rams,Tyler Higbee,LAR,Las Vegas Raiders,away,17,16,TE,0,0.0,0,0,0,0,0,0,0,0,0,3,2,11,0,0
2022,14,,Las Vegas Raiders,Los Angeles Rams,Van Jefferson,LAR,Las Vegas Raiders,away,17,16,WR,0,0.0,0,0,0,0,0,0,0,0,0,4,2,44,1,0
2022,14,,Las Vegas Raiders,Los Angeles Rams,Ameer Abdullah,LVR,Las Vegas Raiders,away,17,16,RB,0,0.0,0,0,0,0,0,0,0,0,0,2,2,17,0,0
2022,14,,Las Vegas Raiders,Los Angeles Rams,DJ Turner,LVR,Las Vegas Raiders,away,17,16,WR,1,1.7241379310344827,0,0,0,0,0,0,1,6,0,1,0,0,0,0
2022,14,,Las Vegas Raiders,Los Angeles Rams,Davante Adams,LVR,Las Vegas Raiders,away,17,16,WR,0,0.0,0,0,0,0,0,0,0,0,0,7,3,71,0,0
2022,14,,Las Vegas Raiders,Los Angeles Rams,Derek Carr,LVR,Las Vegas Raiders,away,17,16,QB,24,41.37931034482759,11,20,137,0,2,0,4,11,0,0,0,0,0,0
2022,14,,Las Vegas Raiders,Los Angeles Rams,Foster Moreau,LVR,Las Vegas Raiders,away,17,16,TE,0,0.0,0,0,0,0,0,0,0,0,0,1,0,0,0,0
2022,14,,Las Vegas Raiders,Los Angeles Rams,Jakob Johnson,LVR,Las Vegas Raiders,away,17,16,FB,0,0.0,0,0,0,0,0,0,0,0,0,1,1,1,0,0
2022,14,,Las Vegas Raiders,Los Angeles Rams,Josh Jacobs,LVR,Las Vegas Raiders,away,17,16,RB,27,46.55172413793103,0,0,0,0,0,0,27,99,1,2,2,15,0,0
2022,14,,Las Vegas Raiders,Los Angeles Rams,Keelan Cole,LVR,Las Vegas Raiders,away,17,16,WR,0,0.0,0,0,0,0,0,0,0,0,0,1,1,11,0,0
2022,14,,Las Vegas Raiders,Los Angeles Rams,Mack Hollins,LVR,Las Vegas Raiders,away,17,16,WR,3,5.172413793103448,0,0,0,0,0,0,3,40,0,4,2,22,0,0
2022,14,,Las Vegas Raiders,Los Angeles Rams,Zamir White,LVR,Las Vegas Raiders,away,17,16,RB,3,5.172413793103448,0,0,0,0,0,0,3,9,0,0,0,0,0,0
2022,14,,Miami Dolphins,Los Angeles Chargers,Alec Ingold,MIA,Miami Dolphins,away,23,17,FB,0,0.0,0,0,0,0,0,0,0,0,0,1,0,0,0,0
2022,14,,Miami Dolphins,Los Angeles Chargers,Cedrick Wilson Jr.,MIA,Miami Dolphins,away,23,17,WR,0,0.0,0,0,0,0,0,0,0,0,0,2,2,19,0,0
2022,14,,Miami Dolphins,Los Angeles Chargers,Jaylen Waddle,MIA,Miami Dolphins,away,23,17,WR,0,0.0,0,0,0,0,0,0,0,0,0,4,2,31,0,0
2022,14,,Miami Dolphins,Los Angeles Chargers,Jeff Wilson,MIA,Miami Dolphins,away,23,17,RB,4,8.51063829787234,0,0,0,0,0,0,4,26,0,0,0,0,0,1
2022,14,,Miami Dolphins,Los Angeles Chargers,Mike Gesicki,MIA,Miami Dolphins,away,23,17,TE,0,0.0,0,0,0,0,0,0,0,0,0,2,0,0,0,0
2022,14,,Miami Dolphins,Los Angeles Chargers,Raheem Mostert,MIA,Miami Dolphins,away,23,17,RB,11,23.404255319148938,0,0,0,0,0,0,11,37,0,1,1,7,0,0
2022,14,,Miami Dolphins,Los Angeles Chargers,Salvon Ahmed,MIA,Miami Dolphins,away,23,17,RB,1,2.127659574468085,0,0,0,0,0,0,1,1,0,0,0,0,0,0
2022,14,,Miami Dolphins,Los Angeles Chargers,Trent Sherfield,MIA,Miami Dolphins,away,23,17,WR,0,0.0,0,0,0,0,0,0,0,0,0,4,1,7,0,0
2022,14,,Miami Dolphins,Los Angeles Chargers,Tua Tagovailoa,MIA,Miami Dolphins,away,23,17,QB,31,65.95744680851064,10,28,145,1,0,2,3,28,0,0,0,0,0,0
2022,14,,Miami Dolphins,Los Angeles Chargers,Tyreek Hill,MIA,Miami Dolphins,away,23,17,WR,0,0.0,0,0,0,0,0,0,0,0,0,10,4,81,1,0
2022,14,,Minnesota Vikings,Detroit Lions,Adam Thielen,MIN,Minnesota Vikings,away,34,23,WR,0,0.0,0,0,0,0,0,0,0,0,0,8,7,65,1,0
2022,14,,Minnesota Vikings,Detroit Lions,Alexander Mattison,MIN,Minnesota Vikings,away,34,23,RB,2,3.4482758620689653,0,0,0,0,0,0,2,-1,0,0,0,0,0,0
2022,14,,Minnesota Vikings,Detroit Lions,C.J. Ham,MIN,Minnesota Vikings,away,34,23,FB,0,0.0,0,0,0,0,0,0,0,0,0,1,1,9,0,0
2022,14,,Minnesota Vikings,Detroit Lions,Dalvin Cook,MIN,Minnesota Vikings,away,34,23,RB,15,25.862068965517242,0,0,0,0,0,1,15,23,1,2,1,13,0,1
2022,14,,Minnesota Vikings,Detroit Lions,Jalen Reagor,MIN,Minnesota Vikings,away,34,23,WR,0,0.0,0,0,0,0,0,0,0,0,0,1,0,0,0,0
2022,14,,Minnesota Vikings,Detroit Lions,Justin Jefferson,MIN,Minnesota Vikings,away,34,23,WR,0,0.0,0,0,0,0,0,0,0,0,0,15,11,223,0,0
2022,14,,Minnesota Vikings,Detroit Lions,K.J. Osborn,MIN,Minnesota Vikings,away,34,23,WR,0,0.0,0,0,0,0,0,0,0,0,0,5,5,38,1,0
2022,14,,Minnesota Vikings,Detroit Lions,Kirk Cousins,MIN,Minnesota Vikings,away,34,23,QB,41,70.6896551724138,31,41,425,2,0,3,0,0,0,0,0,0,0,0
2022,14,,Minnesota Vikings,Detroit Lions,T.J. Hockenson,MIN,Minnesota Vikings,away,34,23,TE,0,0.0,0,0,0,0,0,0,0,0,0,8,6,77,0,1
2022,14,,Arizona Cardinals,New England Patriots,DeVante Parker,NWE,Arizona Cardinals,away,27,13,WR,0,0.0,0,0,0,0,0,0,0,0,0,2,2,24,0,0
2022,14,,Arizona Cardinals,New England Patriots,Hunter Henry,NWE,Arizona Cardinals,away,27,13,TE,0,0.0,0,0,0,0,0,0,0,0,0,3,3,70,0,0
2022,14,,Arizona Cardinals,New England Patriots,Jonnu Smith,NWE,Arizona Cardinals,away,27,13,TE,0,0.0,0,0,0,0,0,0,0,0,0,2,0,0,0,0
2022,14,,Arizona Cardinals,New England Patriots,Kendrick Bourne,NWE,Arizona Cardinals,away,27,13,WR,0,0.0,0,0,0,0,0,0,0,0,0,5,5,47,0,0
2022,14,,Arizona Cardinals,New England Patriots,Kevin Harris,NWE,Arizona Cardinals,away,27,13,RB,8,14.285714285714285,0,0,0,0,0,0,8,26,1,0,0,0,0,0
2022,14,,Arizona Cardinals,New England Patriots,Mac Jones,NWE,Arizona Cardinals,away,27,13,QB,40,71.42857142857143,24,35,235,0,1,1,5,-1,0,0,0,0,0,1
2022,14,,Arizona Cardinals,New England Patriots,Marcus Jones,NWE,Arizona Cardinals,away,27,13,CB,0,0.0,0,0,0,0,0,0,0,0,0,1,1,12,0,0
2022,14,,Arizona Cardinals,New England Patriots,Nelson Agholor,NWE,Arizona Cardinals,away,27,13,WR,0,0.0,0,0,0,0,0,0,0,0,0,10,5,32,0,0
2022,14,,Arizona Cardinals,New England Patriots,Pierre Strong,NWE,Arizona Cardinals,away,27,13,RB,5,8.928571428571429,0,0,0,0,0,0,5,70,1,2,2,20,0,0
2022,14,,Arizona Cardinals,New England Patriots,Rhamondre Stevenson,NWE,Arizona Cardinals,away,27,13,RB,3,5.357142857142857,0,0,0,0,0,0,3,8,0,3,2,2,0,0
2022,14,,Arizona Cardinals,New England Patriots,Tyquan Thornton,NWE,Arizona Cardinals,away,27,13,WR,0,0.0,0,0,0,0,0,0,0,0,0,5,4,28,0,0
2022,14,"37 degrees, relative humidity 78%, wind 6 mph",New York Giants,Philadelphia Eagles,Daniel Bellinger,NYG,New York Giants,away,48,22,TE,0,0.0,0,0,0,0,0,0,0,0,0,3,3,19,0,0
2022,14,"37 degrees, relative humidity 78%, wind 6 mph",New York Giants,Philadelphia Eagles,Daniel Jones,NYG,New York Giants,away,48,22,QB,31,55.35714285714286,18,27,169,1,0,4,4,26,1,0,0,0,0,0
2022,14,"37 degrees, relative humidity 78%, wind 6 mph",New York Giants,Philadelphia Eagles,Darius Slayton,NYG,New York Giants,away,48,22,WR,0,0.0,0,0,0,0,0,0,0,0,0,3,2,42,0,0
2022,14,"37 degrees, relative humidity 78%, wind 6 mph",New York Giants,Philadelphia Eagles,Gary Brightwell,NYG,New York Giants,away,48,22,RB,5,8.928571428571429,0,0,0,0,0,0,5,23,0,3,2,18,0,0
2022,14,"37 degrees, relative humidity 78%, wind 6 mph",New York Giants,Philadelphia Eagles,Isaiah Hodgins,NYG,New York Giants,away,48,22,WR,0,0.0,0,0,0,0,0,0,0,0,0,6,4,38,1,0
2022,14,"37 degrees, relative humidity 78%, wind 6 mph",New York Giants,Philadelphia Eagles,Jamie Gillan,NYG,New York Giants,away,48,22,P,1,1.7857142857142856,0,0,0,0,0,0,1,0,0,0,0,0,0,1
2022,14,"37 degrees, relative humidity 78%, wind 6 mph",New York Giants,Philadelphia Eagles,Matt Breida,NYG,New York Giants,away,48,22,RB,3,5.357142857142857,0,0,0,0,0,0,3,6,0,4,2,9,0,0
2022,14,"37 degrees, relative humidity 78%, wind 6 mph",New York Giants,Philadelphia Eagles,Nick Vannett,NYG,New York Giants,away,48,22,TE,0,0.0,0,0,0,0,0,0,0,0,0,2,1,9,0,0
2022,14,"37 degrees, relative humidity 78%, wind 6 mph",New York Giants,Philadelphia Eagles,Richie James,NYG,New York Giants,away,48,22,WR,0,0.0,0,0,0,0,0,0,0,0,0,9,7,61,1,0
2022,14,"37 degrees, relative humidity 78%, wind 6 mph",New York Giants,Philadelphia Eagles,Saquon Barkley,NYG,New York Giants,away,48,22,RB,9,16.071428571428573,0,0,0,0,0,0,9,28,0,2,2,20,0,0
2022,14,"37 degrees, relative humidity 78%, wind 6 mph",New York Giants,Philadelphia Eagles,Tyrod Taylor,NYG,New York Giants,away,48,22,QB,7,12.5,5,5,47,1,0,3,2,40,0,0,0,0,0,1
2022,14,"36 degrees, relative humidity 92%, wind 11 mph",New York Jets,Buffalo Bills,Braxton Berrios,NYJ,New York Jets,away,20,12,WR,0,0.0,0,0,0,0,0,0,0,0,0,3,1,25,0,0
2022,14,"36 degrees, relative humidity 92%, wind 11 mph",New York Jets,Buffalo Bills,C.J. Uzomah,NYJ,New York Jets,away,20,12,TE,0,0.0,0,0,0,0,0,0,0,0,0,2,1,7,0,0
2022,14,"36 degrees, relative humidity 92%, wind 11 mph",New York Jets,Buffalo Bills,Corey Davis,NYJ,New York Jets,away,20,12,WR,0,0.0,0,0,0,0,0,0,0,0,0,1,1,15,0,0
2022,14,"36 degrees, relative humidity 92%, wind 11 mph",New York Jets,Buffalo Bills,Denzel Mims,NYJ,New York Jets,away,20,12,WR,0,0.0,0,0,0,0,0,0,0,0,0,5,3,35,0,0
2022,14,"36 degrees, relative humidity 92%, wind 11 mph",New York Jets,Buffalo Bills,Elijah Moore,NYJ,New York Jets,away,20,12,WR,0,0.0,0,0,0,0,0,0,0,0,0,10,6,60,0,0
2022,14,"36 degrees, relative humidity 92%, wind 11 mph",New York Jets,Buffalo Bills,Garrett Wilson,NYJ,New York Jets,away,20,12,WR,0,0.0,0,0,0,0,0,0,0,0,0,7,6,78,0,0
2022,14,"36 degrees, relative humidity 92%, wind 11 mph",New York Jets,Buffalo Bills,Joe Flacco,NYJ,New York Jets,away,20,12,QB,3,4.3478260869565215,1,3,1,0,0,1,0,0,0,0,0,0,0,1
2022,14,"36 degrees, relative humidity 92%, wind 11 mph",New York Jets,Buffalo Bills,Michael Carter,NYJ,New York Jets,away,20,12,RB,5,7.246376811594203,0,0,0,0,0,0,5,5,0,6,3,15,0,1
2022,14,"36 degrees, relative humidity 92%, wind 11 mph",New York Jets,Buffalo Bills,Mike White,NYJ,New York Jets,away,20,12,QB,44,63.76811594202898,27,44,268,0,0,3,0,0,0,0,0,0,0,1
2022,14,"36 degrees, relative humidity 92%, wind 11 mph",New York Jets,Buffalo Bills,Tyler Conklin,NYJ,New York Jets,away,20,12,TE,0,0.0,0,0,0,0,0,0,0,0,0,8,5,28,0,0
2022,14,"36 degrees, relative humidity 92%, wind 11 mph",New York Jets,Buffalo Bills,Zonovan Knight,NYJ,New York Jets,away,20,12,RB,17,24.637681159420293,0,0,0,0,0,0,17,71,1,2,2,6,0,0
2022,14,"37 degrees, relative humidity 78%, wind 6 mph",New York Giants,Philadelphia Eagles,A.J. Brown,PHI,New York Giants,away,48,22,WR,0,0.0,0,0,0,0,0,0,0,0,0,6,4,70,1,0
2022,14,"37 degrees, relative humidity 78%, wind 6 mph",New York Giants,Philadelphia Eagles,Boston Scott,PHI,New York Giants,away,48,22,RB,6,9.67741935483871,0,0,0,0,0,0,6,33,1,1,1,4,0,0
2022,14,"37 degrees, relative humidity 78%, wind 6 mph",New York Giants,Philadelphia Eagles,DeVonta Smith,PHI,New York Giants,away,48,22,WR,0,0.0,0,0,0,0,0,0,0,0,0,8,5,64,1,0
2022,14,"37 degrees, relative humidity 78%, wind 6 mph",New York Giants,Philadelphia Eagles,Gardner Minshew,PHI,New York Giants,away,48,22,UNK,1,1.6129032258064515,0,0,0,0,0,0,1,-1,0,0,0,0,0,0
2022,14,"37 degrees, relative humidity 78%, wind 6 mph",New York Giants,Philadelphia Eagles,Grant Calcaterra,PHI,New York Giants,away,48,22,TE,0,0.0,0,0,0,0,0,0,0,0,0,4,2,24,0,0
2022,14,"37 degrees, relative humidity 78%, wind 6 mph",New York Giants,Philadelphia Eagles,Jack Stoll,PHI,New York Giants,away,48,22,TE,0,0.0,0,0,0,0,0,0,0,0,0,2,2,20,0,0
2022,14,"37 degrees, relative humidity 78%, wind 6 mph",New York Giants,Philadelphia Eagles,Jalen Hurts,PHI,New York Giants,away,48,22,QB,38,61.29032258064516,21,31,217,2,0,4,7,77,1,0,0,0,0,0
2022,14,"37 degrees, relative humidity 78%, wind 6 mph",New York Giants,Philadelphia Eagles,Kenneth Gainwell,PHI,New York Giants,away,48,22,RB,0,0.0,0,0,0,0,0,0,0,0,0,1,1,0,0,0
2022,14,"37 degrees, relative humidity 78%, wind 6 mph",New York Giants,Philadelphia Eagles,Miles Sanders,PHI,New York Giants,away,48,22,RB,17,27.419354838709676,0,0,0,0,0,0,17,144,2,3,1,11,0,0
2022,14,"37 degrees, relative humidity 78%, wind 6 mph",New York Giants,Philadelphia Eagles,Quez Watkins,PHI,New York Giants,away,48,22,WR,0,0.0,0,0,0,0,0,0,0,0,0,5,4,19,0,0
2022,14,"37 degrees, relative humidity 78%, wind 6 mph",New York Giants,Philadelphia Eagles,Zach Pascal,PHI,New York Giants,away,48,22,WR,0,0.0,0,0,0,0,0,0,0,0,0,1,1,5,0,0
2022,14,"42 degrees, relative humidity 82%, wind 12 mph",Pittsburgh Steelers,Baltimore Ravens,Benny Snell Jr.,PIT,Pittsburgh Steelers,away,16,14,RB,2,3.9215686274509802,0,0,0,0,0,0,2,4,0,0,0,0,0,0
2022,14,"42 degrees, relative humidity 82%, wind 12 mph",Pittsburgh Steelers,Baltimore Ravens,Connor Heyward,PIT,Pittsburgh Steelers,away,16,14,TE,0,0.0,0,0,0,0,0,0,0,0,0,1,1,13,0,0
2022,14,"42 degrees, relative humidity 82%, wind 12 mph",Pittsburgh Steelers,Baltimore Ravens,Diontae Johnson,PIT,Pittsburgh Steelers,away,16,14,WR,0,0.0,0,0,0,0,0,0,0,0,0,8,6,82,0,0
2022,14,"42 degrees, relative humidity 82%, wind 12 mph",Pittsburgh Steelers,Baltimore Ravens,George Pickens,PIT,Pittsburgh Steelers,away,16,14,WR,0,0.0,0,0,0,0,0,0,0,0,0,3,3,78,0,0
2022,14,"42 degrees, relative humidity 82%, wind 12 mph",Pittsburgh Steelers,Baltimore Ravens,Gunner Olszewski,PIT,Pittsburgh Steelers,away,16,14,WR,0,0.0,0,0,0,0,0,0,0,0,0,2,1,7,0,0
2022,14,"42 degrees, relative humidity 82%, wind 12 mph",Pittsburgh Steelers,Baltimore Ravens,Jaylen Warren,PIT,Pittsburgh Steelers,away,16,14,RB,3,5.88235294117647,0,0,0,0,0,0,3,11,0,3,2,16,0,0
2022,14,"42 degrees, relative humidity 82%, wind 12 mph",Pittsburgh Steelers,Baltimore Ravens,Kenny Pickett,PIT,Pittsburgh Steelers,away,16,14,QB,3,5.88235294117647,0,1,0,0,0,1,2,16,0,0,0,0,0,0
2022,14,"42 degrees, relative humidity 82%, wind 12 mph",Pittsburgh Steelers,Baltimore Ravens,Mitchell Trubisky,PIT,Pittsburgh Steelers,away,16,14,QB,30,58.82352941176471,22,30,276,1,3,1,0,0,0,0,0,0,0,0
2022,14,"42 degrees, relative humidity 82%, wind 12 mph",Pittsburgh Steelers,Baltimore Ravens,Najee Harris,PIT,Pittsburgh Steelers,away,16,14,RB,12,23.52941176470588,0,0,0,0,0,0,12,33,1,3,2,17,0,0
2022,14,"42 degrees, relative humidity 82%, wind 12 mph",Pittsburgh Steelers,Baltimore Ravens,Pat Freiermuth,PIT,Pittsburgh Steelers,away,16,14,TE,0,0.0,0,0,0,0,0,0,0,0,0,6,3,33,1,0
2022,14,"42 degrees, relative humidity 82%, wind 12 mph",Pittsburgh Steelers,Baltimore Ravens,Steven Sims,PIT,Pittsburgh Steelers,away,16,14,WR,1,1.9607843137254901,0,0,0,0,0,0,1,1,0,4,4,30,0,0
2022,14,"42 degrees, relative humidity 82%, wind 12 mph",Pittsburgh Steelers,Baltimore Ravens,Zach Gentry,PIT,Pittsburgh Steelers,away,16,14,TE,0,0.0,0,0,0,0,0,0,0,0,0,1,0,0,0,0
2022,14,"45 degrees, relative humidity 97%, wind 4 mph",Seattle Seahawks,Carolina Panthers,Colby Parkinson,SEA,Seattle Seahawks,away,30,24,TE,0,0.0,0,0,0,0,0,0,0,0,0,2,1,10,0,0
2022,14,"45 degrees, relative humidity 97%, wind 4 mph",Seattle Seahawks,Carolina Panthers,D.K. Metcalf,SEA,Seattle Seahawks,away,30,24,WR,0,0.0,0,0,0,0,0,0,0,0,0,10,5,71,1,0
2022,14,"45 degrees, relative humidity 97%, wind 4 mph",Seattle Seahawks,Carolina Panthers,Geno Smith,SEA,Seattle Seahawks,away,30,24,QB,39,78.0,21,36,264,3,2,3,3,20,0,0,0,0,0,0
2022,14,"45 degrees, relative humidity 97%, wind 4 mph",Seattle Seahawks,Carolina Panthers,Marquise Goodwin,SEA,Seattle Seahawks,away,30,24,WR,1,2.0,0,0,0,0,0,0,1,-2,0,6,5,95,1,0
2022,14,"45 degrees, relative humidity 97%, wind 4 mph",Seattle Seahawks,Carolina Panthers,Noah Fant,SEA,Seattle Seahawks,away,30,24,TE,0,0.0,0,0,0,0,0,0,0,0,0,1,0,0,0,0
2022,14,"45 degrees, relative humidity 97%, wind 4 mph",Seattle Seahawks,Carolina Panthers,Tony Jones,SEA,Seattle Seahawks,away,30,24,RB,1,2.0,0,0,0,0,0,0,1,2,0,2,1,0,0,0
2022,14,"45 degrees, relative humidity 97%, wind 4 mph",Seattle Seahawks,Carolina Panthers,Travis Homer,SEA,Seattle Seahawks,away,30,24,RB,9,18.0,0,0,0,0,0,0,9,26,0,3,2,8,0,0
2022,14,"45 degrees, relative humidity 97%, wind 4 mph",Seattle Seahawks,Carolina Panthers,Tyler Lockett,SEA,Seattle Seahawks,away,30,24,WR,0,0.0,0,0,0,0,0,0,0,0,0,9,5,60,1,0
2022,14,"45 degrees, relative humidity 97%, wind 4 mph",Seattle Seahawks,Carolina Panthers,Will Dissly,SEA,Seattle Seahawks,away,30,24,TE,0,0.0,0,0,0,0,0,0,0,0,0,3,2,20,0,0
2022,14,"54 degrees, relative humidity 54%, wind 8 mph",Tampa Bay Buccaneers,San Francisco 49ers,Brandon Aiyuk,SFO,Tampa Bay Buccaneers,away,35,7,WR,0,0.0,0,0,0,0,0,0,0,0,0,3,2,57,1,0
2022,14,"54 degrees, relative humidity 54%, wind 8 mph",Tampa Bay Buccaneers,San Francisco 49ers,Brock Purdy,SFO,Tampa Bay Buccaneers,away,35,7,QB,23,38.983050847457626,16,21,185,2,0,0,2,3,1,0,0,0,0,0
2022,14,"54 degrees, relative humidity 54%, wind 8 mph",Tampa Bay Buccaneers,San Francisco 49ers,Christian McCaffrey,SFO,Tampa Bay Buccaneers,away,35,7,RB,14,23.728813559322035,0,0,0,0,0,0,14,119,1,3,2,34,1,0
2022,14,"54 degrees, relative humidity 54%, wind 8 mph",Tampa Bay Buccaneers,San Francisco 49ers,Danny Gray,SFO,Tampa Bay Buccaneers,away,35,7,WR,0,0.0,0,0,0,0,0,0,0,0,0,1,1,10,0,0
2022,14,"54 degrees, relative humidity 54%, wind 8 mph",Tampa Bay Buccaneers,San Francisco 49ers,Deebo Samuel,SFO,Tampa Bay Buccaneers,away,35,7,WR,4,6.779661016949152,0,0,0,0,0,0,4,21,1,5,4,43,0,1
2022,14,"54 degrees, relative humidity 54%, wind 8 mph",Tampa Bay Buccaneers,San Francisco 49ers,George Kittle,SFO,Tampa Bay Buccaneers,away,35,7,TE,0,0.0,0,0,0,0,0,0,0,0,0,5,4,28,0,0
2022,14,"54 degrees, relative humidity 54%, wind 8 mph",Tampa Bay Buccaneers,San Francisco 49ers,Jauan Jennings,SFO,Tampa Bay Buccaneers,away,35,7,WR,0,0.0,0,0,0,0,0,0,0,0,0,2,1,5,0,0
2022,14,"54 degrees, relative humidity 54%, wind 8 mph",Tampa Bay Buccaneers,San Francisco 49ers,Jordan Mason,SFO,Tampa Bay Buccaneers,away,35,7,RB,11,18.64406779661017,0,0,0,0,0,0,11,56,0,0,0,0,0,0
2022,14,"54 degrees, relative humidity 54%, wind 8 mph",Tampa Bay Buccaneers,San Francisco 49ers,Josh Johnson,SFO,Tampa Bay Buccaneers,away,35,7,QB,4,6.779661016949152,1,2,10,0,0,0,2,3,0,0,0,0,0,0
2022,14,"54 degrees, relative humidity 54%, wind 8 mph",Tampa Bay Buccaneers,San Francisco 49ers,Kyle Juszczyk,SFO,Tampa Bay Buccaneers,away,35,7,FB,0,0.0,0,0,0,0,0,0,0,0,0,2,2,7,0,0
2022,14,"54 degrees, relative humidity 54%, wind 8 mph",Tampa Bay Buccaneers,San Francisco 49ers,Ray-Ray McCloud,SFO,Tampa Bay Buccaneers,away,35,7,WR,3,5.084745762711865,0,0,0,0,0,0,3,7,0,1,1,11,0,0
2022,14,"54 degrees, relative humidity 54%, wind 8 mph",Tampa Bay Buccaneers,San Francisco 49ers,Cade Otton,TAM,Tampa Bay Buccaneers,away,35,7,TE,0,0.0,0,0,0,0,0,0,0,0,0,5,4,28,0,0
2022,14,"54 degrees, relative humidity 54%, wind 8 mph",Tampa Bay Buccaneers,San Francisco 49ers,Cameron Brate,TAM,Tampa Bay Buccaneers,away,35,7,TE,0,0.0,0,0,0,0,0,0,0,0,0,4,2,12,0,0
2022,14,"54 degrees, relative humidity 54%, wind 8 mph",Tampa Bay Buccaneers,San Francisco 49ers,Chris Godwin,TAM,Tampa Bay Buccaneers,away,35,7,WR,0,0.0,0,0,0,0,0,0,0,0,0,9,5,54,0,0
2022,14,"54 degrees, relative humidity 54%, wind 8 mph",Tampa Bay Buccaneers,San Francisco 49ers,Julio Jones,TAM,Tampa Bay Buccaneers,away,35,7,WR,0,0.0,0,0,0,0,0,0,0,0,0,8,5,38,0,0
2022,14,"54 degrees, relative humidity 54%, wind 8 mph",Tampa Bay Buccaneers,San Francisco 49ers,Ko Kieft,TAM,Tampa Bay Buccaneers,away,35,7,TE,0,0.0,0,0,0,0,0,0,0,0,0,1,1,11,0,0
2022,14,"54 degrees, relative humidity 54%, wind 8 mph",Tampa Bay Buccaneers,San Francisco 49ers,Leonard Fournette,TAM,Tampa Bay Buccaneers,away,35,7,RB,4,5.405405405405405,0,0,0,0,0,0,4,13,0,7,6,33,0,0
2022,14,"54 degrees, relative humidity 54%, wind 8 mph",Tampa Bay Buccaneers,San Francisco 49ers,Mike Evans,TAM,Tampa Bay Buccaneers,away,35,7,WR,0,0.0,0,0,0,0,0,0,0,0,0,9,4,44,0,0
2022,14,"54 degrees, relative humidity 54%, wind 8 mph",Tampa Bay Buccaneers,San Francisco 49ers,Rachaad White,TAM,Tampa Bay Buccaneers,away,35,7,RB,13,17.56756756756757,0,0,0,0,0,0,13,56,0,5,5,21,0,1
2022,14,"54 degrees, relative humidity 54%, wind 8 mph",Tampa Bay Buccaneers,San Francisco 49ers,Russell Gage,TAM,Tampa Bay Buccaneers,away,35,7,WR,0,0.0,0,0,0,0,0,0,0,0,0,2,2,12,1,0
2022,14,"54 degrees, relative humidity 54%, wind 8 mph",Tampa Bay Buccaneers,San Francisco 49ers,Scott Miller,TAM,Tampa Bay Buccaneers,away,35,7,WR,0,0.0,0,0,0,0,0,0,0,0,0,1,0,0,0,0
2022,14,"54 degrees, relative humidity 54%, wind 8 mph",Tampa Bay Buccaneers,San Francisco 49ers,Tom Brady,TAM,Tampa Bay Buccaneers,away,35,7,QB,57,77.02702702702703,34,55,253,1,2,0,2,0,0,0,0,0,0,0
2022,14,"54 degrees, relative humidity 77%, wind 8 mph",Tennessee Titans,Jacksonville Jaguars,Austin Hooper,TEN,Tennessee Titans,away,36,22,TE,0,0.0,0,0,0,0,0,0,0,0,0,5,5,68,0,0
2022,14,"54 degrees, relative humidity 77%, wind 8 mph",Tennessee Titans,Jacksonville Jaguars,Chigoziem Okonkwo,TEN,Tennessee Titans,away,36,22,TE,1,1.7241379310344827,0,0,0,0,0,0,1,0,0,6,6,45,1,0
2022,14,"54 degrees, relative humidity 77%, wind 8 mph",Tennessee Titans,Jacksonville Jaguars,Chris Conley,TEN,Tennessee Titans,away,36,22,WR,0,0.0,0,0,0,0,0,0,0,0,0,1,1,27,0,0
2022,14,"54 degrees, relative humidity 77%, wind 8 mph",Tennessee Titans,Jacksonville Jaguars,Derrick Henry,TEN,Tennessee Titans,away,36,22,RB,17,29.310344827586203,0,0,0,0,0,0,17,121,1,5,3,34,0,2
2022,14,"54 degrees, relative humidity 77%, wind 8 mph",Tennessee Titans,Jacksonville Jaguars,Julius Chestnut,TEN,Tennessee Titans,away,36,22,RB,0,0.0,0,0,0,0,0,0,0,0,0,2,2,8,0,0
2022,14,"54 degrees, relative humidity 77%, wind 8 mph",Tennessee Titans,Jacksonville Jaguars,Nick Westbrook-Ikhine,TEN,Tennessee Titans,away,36,22,WR,0,0.0,0,0,0,0,0,0,0,0,0,8,3,23,1,0
2022,14,"54 degrees, relative humidity 77%, wind 8 mph",Tennessee Titans,Jacksonville Jaguars,Racey McMath,TEN,Tennessee Titans,away,36,22,WR,0,0.0,0,0,0,0,0,0,0,0,0,4,0,0,0,0
2022,14,"54 degrees, relative humidity 77%, wind 8 mph",Tennessee Titans,Jacksonville Jaguars,Robert Woods,TEN,Tennessee Titans,away,36,22,WR,0,0.0,0,0,0,0,0,0,0,0,0,7,5,49,0,0
2022,14,"54 degrees, relative humidity 77%, wind 8 mph",Tennessee Titans,Jacksonville Jaguars,Ryan Tannehill,TEN,Tennessee Titans,away,36,22,QB,40,68.96551724137932,25,38,254,2,1,4,2,16,0,0,0,0,0,1
2022,15,"37 degrees, relative humidity 20%, wind 4 mph",Arizona Cardinals,Denver Broncos,A.J. Green,ARI,Arizona Cardinals,away,24,15,WR,0,0.0,0,0,0,0,0,0,0,0,0,2,0,0,0,0
2022,15,"37 degrees, relative humidity 20%, wind 4 mph",Arizona Cardinals,Denver Broncos,Colt McCoy,ARI,Arizona Cardinals,away,24,15,QB,23,41.07142857142857,13,21,78,0,1,2,2,2,0,0,0,0,0,0
2022,15,"37 degrees, relative humidity 20%, wind 4 mph",Arizona Cardinals,Denver Broncos,DeAndre Hopkins,ARI,Arizona Cardinals,away,24,15,WR,0,0.0,0,0,0,0,0,0,0,0,0,11,7,60,0,0
2022,15,"37 degrees, relative humidity 20%, wind 4 mph",Arizona Cardinals,Denver Broncos,James Conner,ARI,Arizona Cardinals,away,24,15,RB,16,28.57142857142857,0,0,0,0,0,0,16,63,1,5,3,28,0,0
2022,15,"37 degrees, relative humidity 20%, wind 4 mph",Arizona Cardinals,Denver Broncos,Keaontay Ingram,ARI,Arizona Cardinals,away,24,15,RB,1,1.7857142857142856,0,0,0,0,0,0,1,0,0,0,0,0,0,0
2022,15,"37 degrees, relative humidity 20%, wind 4 mph",Arizona Cardinals,Denver Broncos,Marquise Brown,ARI,Arizona Cardinals,away,24,15,WR,0,0.0,0,0,0,0,0,0,0,0,0,8,4,19,0,0
2022,15,"37 degrees, relative humidity 20%, wind 4 mph",Arizona Cardinals,Denver Broncos,Maxx Williams,ARI,Arizona Cardinals,away,24,15,TE,0,0.0,0,0,0,0,0,0,0,0,0,2,2,11,0,0
2022,15,"37 degrees, relative humidity 20%, wind 4 mph",Arizona Cardinals,Denver Broncos,Robbie Chosen,ARI,Arizona Cardinals,away,24,15,WR,0,0.0,0,0,0,0,0,0,0,0,0,2,0,0,0,0
2022,15,"37 degrees, relative humidity 20%, wind 4 mph",Arizona Cardinals,Denver Broncos,Trace McSorley,ARI,Arizona Cardinals,away,24,15,QB,16,28.57142857142857,7,15,95,0,2,1,1,8,0,0,0,0,0,0
2022,15,"37 degrees, relative humidity 20%, wind 4 mph",Arizona Cardinals,Denver Broncos,Trey McBride,ARI,Arizona Cardinals,away,24,15,TE,0,0.0,0,0,0,0,0,0,0,0,0,5,4,55,0,0
2022,15,,Atlanta Falcons,New Orleans Saints,Anthony Firkser,ATL,Atlanta Falcons,away,21,18,TE,0,0.0,0,0,0,0,0,0,0,0,0,2,0,0,0,0
2022,15,,Atlanta Falcons,New Orleans Saints,Avery Williams,ATL,Atlanta Falcons,away,21,18,RB,0,0.0,0,0,0,0,0,0,0,0,0,2,2,10,0,0
2022,15,,Atlanta Falcons,New Orleans Saints,Caleb Huntley,ATL,Atlanta Falcons,away,21,18,RB,1,1.5384615384615385,0,0,0,0,0,0,1,2,0,0,0,0,0,0
2022,15,,Atlanta Falcons,New Orleans Saints,Cordarrelle Patterson,ATL,Atlanta Falcons,away,21,18,RB,14,21.53846153846154,0,0,0,0,0,0,14,52,1,3,1,0,0,0
2022,15,,Atlanta Falcons,New Orleans Saints,Damiere Byrd,ATL,Atlanta Falcons,away,21,18,WR,0,0.0,0,0,0,0,0,0,0,0,0,1,0,0,0,0
2022,15,,Atlanta Falcons,New Orleans Saints,Desmond Ridder,ATL,Atlanta Falcons,away,21,18,QB,32,49.23076923076923,13,26,97,0,0,4,6,38,0,0,0,0,0,0
2022,15,,Atlanta Falcons,New Orleans Saints,Drake London,ATL,Atlanta Falcons,away,21,18,WR,0,0.0,0,0,0,0,0,0,0,0,0,11,7,70,0,1
2022,15,,Atlanta Falcons,New Orleans Saints,Feleipe Franks,ATL,Atlanta Falcons,away,21,18,TE,1,1.5384615384615385,0,0,0,0,0,0,1,0,0,0,0,0,0,0
2022,15,,Atlanta Falcons,New Orleans Saints,MyCole Pruitt,ATL,Atlanta Falcons,away,21,18,TE,0,0.0,0,0,0,0,0,0,0,0,0,3,2,20,0,0
2022,15,,Atlanta Falcons,New Orleans Saints,Olamide Zaccheaus,ATL,Atlanta Falcons,away,21,18,WR,0,0.0,0,0,0,0,0,0,0,0,0,3,0,0,0,0
2022,15,,Atlanta Falcons,New Orleans Saints,Tyler Allgeier,ATL,Atlanta Falcons,away,21,18,RB,17,26.153846153846157,0,0,0,0,0,0,17,139,1,1,1,-3,0,0
2022,15,"34 degrees, relative humidity 59%, wind 12 mph",Baltimore Ravens,Cleveland Browns,DeSean Jackson,BAL,Baltimore Ravens,away,13,3,WR,0,0.0,0,0,0,0,0,0,0,0,0,3,0,0,0,0
2022,15,"34 degrees, relative humidity 59%, wind 12 mph",Baltimore Ravens,Cleveland Browns,Demarcus Robinson,BAL,Baltimore Ravens,away,13,3,WR,0,0.0,0,0,0,0,0,0,0,0,0,6,6,29,0,2
2022,15,"34 degrees, relative humidity 59%, wind 12 mph",Baltimore Ravens,Cleveland Browns,Devin Duvernay,BAL,Baltimore Ravens,away,13,3,WR,0,0.0,0,0,0,0,0,0,0,0,0,3,2,29,0,1
2022,15,"34 degrees, relative humidity 59%, wind 12 mph",Baltimore Ravens,Cleveland Browns,Gus Edwards,BAL,Baltimore Ravens,away,13,3,RB,7,12.068965517241379,0,0,0,0,0,0,7,55,0,0,0,0,0,0
2022,15,"34 degrees, relative humidity 59%, wind 12 mph",Baltimore Ravens,Cleveland Browns,Isaiah Likely,BAL,Baltimore Ravens,away,13,3,TE,0,0.0,0,0,0,0,0,0,0,0,0,3,2,18,0,0
2022,15,"34 degrees, relative humidity 59%, wind 12 mph",Baltimore Ravens,Cleveland Browns,J.K. Dobbins,BAL,Baltimore Ravens,away,13,3,RB,13,22.413793103448278,0,0,0,0,0,0,13,125,0,1,1,3,0,0
2022,15,"34 degrees, relative humidity 59%, wind 12 mph",Baltimore Ravens,Cleveland Browns,James Proche,BAL,Baltimore Ravens,away,13,3,WR,0,0.0,0,0,0,0,0,0,0,0,0,2,0,0,0,0
2022,15,"34 degrees, relative humidity 59%, wind 12 mph",Baltimore Ravens,Cleveland Browns,Josh Oliver,BAL,Baltimore Ravens,away,13,3,TE,0,0.0,0,0,0,0,0,0,0,0,0,2,2,13,0,0
2022,15,"34 degrees, relative humidity 59%, wind 12 mph",Baltimore Ravens,Cleveland Browns,Justice Hill,BAL,Baltimore Ravens,away,13,3,RB,1,1.7241379310344827,0,0,0,0,0,0,1,3,0,1,1,15,0,0
2022,15,"34 degrees, relative humidity 59%, wind 12 mph",Baltimore Ravens,Cleveland Browns,Mark Andrews,BAL,Baltimore Ravens,away,13,3,TE,0,0.0,0,0,0,0,0,0,0,0,0,7,3,31,0,0
2022,15,"34 degrees, relative humidity 59%, wind 12 mph",Baltimore Ravens,Cleveland Browns,Patrick Ricard,BAL,Baltimore Ravens,away,13,3,FB,1,1.7241379310344827,0,0,0,0,0,0,1,0,0,0,0,0,0,0
2022,15,"34 degrees, relative humidity 59%, wind 12 mph",Baltimore Ravens,Cleveland Browns,Tyler Huntley,BAL,Baltimore Ravens,away,13,3,QB,36,62.06896551724138,17,30,138,0,1,3,6,15,0,0,0,0,0,1
2022,15,"29 degrees, relative humidity 92%, wind 4 mph",Miami Dolphins,Buffalo Bills,Cole Beasley,BUF,Miami Dolphins,away,32,29,WR,0,0.0,0,0,0,0,0,0,0,0,0,1,1,9,0,0
2022,15,"29 degrees, relative humidity 92%, wind 4 mph",Miami Dolphins,Buffalo Bills,Dawson Knox,BUF,Miami Dolphins,away,32,29,TE,0,0.0,0,0,0,0,0,0,0,0,0,8,6,98,1,0
2022,15,"29 degrees, relative humidity 92%, wind 4 mph",Miami Dolphins,Buffalo Bills,Devin Singletary,BUF,Miami Dolphins,away,32,29,RB,13,18.84057971014493,0,0,0,0,0,0,13,42,0,4,3,28,0,0
2022,15,"29 degrees, relative humidity 92%, wind 4 mph",Miami Dolphins,Buffalo Bills,Gabriel Davis,BUF,Miami Dolphins,away,32,29,WR,0,0.0,0,0,0,0,0,0,0,0,0,6,4,56,0,0
2022,15,"29 degrees, relative humidity 92%, wind 4 mph",Miami Dolphins,Buffalo Bills,Isaiah McKenzie,BUF,Miami Dolphins,away,32,29,WR,0,0.0,0,0,0,0,0,0,0,0,0,5,2,24,0,0
2022,15,"29 degrees, relative humidity 92%, wind 4 mph",Miami Dolphins,Buffalo Bills,James Cook,BUF,Miami Dolphins,away,32,29,RB,5,7.246376811594203,0,0,0,0,0,0,5,34,0,3,2,5,1,0
2022,15,"29 degrees, relative humidity 92%, wind 4 mph",Miami Dolphins,Buffalo Bills,Josh Allen,BUF,Miami Dolphins,away,32,29,QB,50,72.46376811594203,25,40,304,4,0,2,10,77,0,0,0,0,0,2
2022,15,"29 degrees, relative humidity 92%, wind 4 mph",Miami Dolphins,Buffalo Bills,Nyheim Hines,BUF,Miami Dolphins,away,32,29,RB,0,0.0,0,0,0,0,0,0,0,0,0,1,1,10,1,0
2022,15,"29 degrees, relative humidity 92%, wind 4 mph",Miami Dolphins,Buffalo Bills,Quintin Morris,BUF,Miami Dolphins,away,32,29,TE,0,0.0,0,0,0,0,0,0,0,0,0,1,1,14,1,0
2022,15,"29 degrees, relative humidity 92%, wind 4 mph",Miami Dolphins,Buffalo Bills,Stefon Diggs,BUF,Miami Dolphins,away,32,29,WR,1,1.4492753623188406,0,0,0,0,0,0,1,-3,0,9,5,60,0,0
2022,15,"47 degrees, relative humidity 37%, wind 7 mph",Carolina Panthers,Pittsburgh Steelers,Chuba Hubbard,CAR,Carolina Panthers,away,24,16,RB,4,10.256410256410255,0,0,0,0,0,0,4,10,0,3,3,57,0,0
2022,15,"47 degrees, relative humidity 37%, wind 7 mph",Carolina Panthers,Pittsburgh Steelers,D'Onta Foreman,CAR,Carolina Panthers,away,24,16,RB,10,25.64102564102564,0,0,0,0,0,0,10,9,0,0,0,0,0,1
2022,15,"47 degrees, relative humidity 37%, wind 7 mph",Carolina Panthers,Pittsburgh Steelers,D.J. Moore,CAR,Carolina Panthers,away,24,16,WR,0,0.0,0,0,0,0,0,0,0,0,0,6,5,73,1,0
2022,15,"47 degrees, relative humidity 37%, wind 7 mph",Carolina Panthers,Pittsburgh Steelers,Laviska Shenault Jr.,CAR,Carolina Panthers,away,24,16,WR,0,0.0,0,0,0,0,0,0,0,0,0,1,0,0,0,0
2022,15,"47 degrees, relative humidity 37%, wind 7 mph",Carolina Panthers,Pittsburgh Steelers,Sam Darnold,CAR,Carolina Panthers,away,24,16,QB,25,64.1025641025641,14,23,225,1,0,4,2,2,0,0,0,0,0,0
2022,15,"47 degrees, relative humidity 37%, wind 7 mph",Carolina Panthers,Pittsburgh Steelers,Shi Smith,CAR,Carolina Panthers,away,24,16,WR,0,0.0,0,0,0,0,0,0,0,0,0,3,1,24,0,0
2022,15,"47 degrees, relative humidity 37%, wind 7 mph",Carolina Panthers,Pittsburgh Steelers,Terrace Marshall Jr.,CAR,Carolina Panthers,away,24,16,WR,0,0.0,0,0,0,0,0,0,0,0,0,3,3,51,0,0
2022,15,"47 degrees, relative humidity 37%, wind 7 mph",Carolina Panthers,Pittsburgh Steelers,Tommy Tremble,CAR,Carolina Panthers,away,24,16,TE,0,0.0,0,0,0,0,0,0,0,0,0,3,2,20,0,0
2022,15,"17 degrees, relative humidity 70%, wind 17 mph",Chicago Bears,Philadelphia Eagles,Byron Pringle,CHI,Chicago Bears,away,25,20,WR,0,0.0,0,0,0,0,0,0,0,0,0,2,2,39,1,0
2022,15,"17 degrees, relative humidity 70%, wind 17 mph",Chicago Bears,Philadelphia Eagles,Cole Kmet,CHI,Chicago Bears,away,25,20,TE,0,0.0,0,0,0,0,0,0,0,0,0,5,4,25,0,0
2022,15,"17 degrees, relative humidity 70%, wind 17 mph",Chicago Bears,Philadelphia Eagles,Dante Pettis,CHI,Chicago Bears,away,25,20,WR,0,0.0,0,0,0,0,0,0,0,0,0,4,1,13,0,0
2022,15,"17 degrees, relative humidity 70%, wind 17 mph",Chicago Bears,Philadelphia Eagles,Darrynton Evans,CHI,Chicago Bears,away,25,20,RB,2,3.8461538461538463,0,0,0,0,0,0,2,9,0,0,0,0,0,0
2022,15,"17 degrees, relative humidity 70%, wind 17 mph",Chicago Bears,Philadelphia Eagles,David Montgomery,CHI,Chicago Bears,away,25,20,RB,12,23.076923076923077,0,0,0,0,0,0,12,53,1,3,3,38,1,0
2022,15,"17 degrees, relative humidity 70%, wind 17 mph",Chicago Bears,Philadelphia Eagles,Equanimeous St. Brown,CHI,Chicago Bears,away,25,20,WR,0,0.0,0,0,0,0,0,0,0,0,0,1,1,20,0,0
2022,15,"17 degrees, relative humidity 70%, wind 17 mph",Chicago Bears,Philadelphia Eagles,Justin Fields,CHI,Chicago Bears,away,25,20,QB,36,69.23076923076923,14,21,152,2,0,6,15,95,0,0,0,0,0,2
2022,15,"17 degrees, relative humidity 70%, wind 17 mph",Chicago Bears,Philadelphia Eagles,Nathan Peterman,CHI,Chicago Bears,away,25,20,QB,1,1.9230769230769231,0,1,0,0,0,0,0,0,0,0,0,0,0,0
2022,15,"17 degrees, relative humidity 70%, wind 17 mph",Chicago Bears,Philadelphia Eagles,Nsimba Webster,CHI,Chicago Bears,away,25,20,WR,0,0.0,0,0,0,0,0,0,0,0,0,3,2,14,0,1
2022,15,"17 degrees, relative humidity 70%, wind 17 mph",Chicago Bears,Philadelphia Eagles,Trestan Ebner,CHI,Chicago Bears,away,25,20,RB,0,0.0,0,0,0,0,0,0,0,0,0,1,0,0,0,0
2022,15,"17 degrees, relative humidity 70%, wind 17 mph",Chicago Bears,Philadelphia Eagles,Velus Jones Jr.,CHI,Chicago Bears,away,25,20,WR,1,1.9230769230769231,0,0,0,0,0,0,1,0,0,2,1,3,0,1
2022,15,"66 degrees, relative humidity 43%, wind 6 mph",Tampa Bay Buccaneers,Cincinnati Bengals,Ja'Marr Chase,CIN,Tampa Bay Buccaneers,away,34,23,WR,0,0.0,0,0,0,0,0,0,0,0,0,13,7,60,1,0
2022,15,"66 degrees, relative humidity 43%, wind 6 mph",Tampa Bay Buccaneers,Cincinnati Bengals,Joe Burrow,CIN,Tampa Bay Buccaneers,away,34,23,QB,42,70.0,27,39,200,4,1,2,3,8,0,0,0,0,0,1
2022,15,"66 degrees, relative humidity 43%, wind 6 mph",Tampa Bay Buccaneers,Cincinnati Bengals,Joe Mixon,CIN,Tampa Bay Buccaneers,away,34,23,RB,11,18.333333333333332,0,0,0,0,0,0,11,21,0,6,5,33,0,0
2022,15,"66 degrees, relative humidity 43%, wind 6 mph",Tampa Bay Buccaneers,Cincinnati Bengals,Mitchell Wilcox,CIN,Tampa Bay Buccaneers,away,34,23,TE,0,0.0,0,0,0,0,0,0,0,0,0,3,3,34,1,0
2022,15,"66 degrees, relative humidity 43%, wind 6 mph",Tampa Bay Buccaneers,Cincinnati Bengals,Samaje Perine,CIN,Tampa Bay Buccaneers,away,34,23,RB,7,11.666666666666666,0,0,0,0,0,0,7,24,0,1,1,0,0,0
2022,15,"66 degrees, relative humidity 43%, wind 6 mph",Tampa Bay Buccaneers,Cincinnati Bengals,Tee Higgins,CIN,Tampa Bay Buccaneers,away,34,23,WR,0,0.0,0,0,0,0,0,0,0,0,0,8,5,33,1,0
2022,15,"66 degrees, relative humidity 43%, wind 6 mph",Tampa Bay Buccaneers,Cincinnati Bengals,Trenton Irwin,CIN,Tampa Bay Buccaneers,away,34,23,WR,0,0.0,0,0,0,0,0,0,0,0,0,2,1,5,0,0
2022,15,"66 degrees, relative humidity 43%, wind 6 mph",Tampa Bay Buccaneers,Cincinnati Bengals,Tyler Boyd,CIN,Tampa Bay Buccaneers,away,34,23,WR,0,0.0,0,0,0,0,0,0,0,0,0,5,5,35,1,0
2022,15,"34 degrees, relative humidity 59%, wind 12 mph",Baltimore Ravens,Cleveland Browns,Amari Cooper,CLE,Baltimore Ravens,away,13,3,WR,0,0.0,0,0,0,0,0,0,0,0,0,6,4,58,0,0
2022,15,"34 degrees, relative humidity 59%, wind 12 mph",Baltimore Ravens,Cleveland Browns,David Njoku,CLE,Baltimore Ravens,away,13,3,TE,0,0.0,0,0,0,0,0,0,0,0,0,6,3,28,0,0
2022,15,"34 degrees, relative humidity 59%, wind 12 mph",Baltimore Ravens,Cleveland Browns,Daylen Baldwin,CLE,Baltimore Ravens,away,13,3,WR,0,0.0,0,0,0,0,0,0,0,0,0,2,2,25,0,0
2022,15,"34 degrees, relative humidity 59%, wind 12 mph",Baltimore Ravens,Cleveland Browns,Demetric Felton,CLE,Baltimore Ravens,away,13,3,RB,0,0.0,0,0,0,0,0,0,0,0,0,1,1,5,0,0
2022,15,"34 degrees, relative humidity 59%, wind 12 mph",Baltimore Ravens,Cleveland Browns,Deshaun Watson,CLE,Baltimore Ravens,away,13,3,QB,34,55.73770491803278,18,28,161,1,0,3,6,22,0,0,0,0,0,0
2022,15,"34 degrees, relative humidity 59%, wind 12 mph",Baltimore Ravens,Cleveland Browns,Donovan Peoples-Jones,CLE,Baltimore Ravens,away,13,3,WR,0,0.0,0,0,0,0,0,0,0,0,0,4,4,31,1,0
2022,15,"34 degrees, relative humidity 59%, wind 12 mph",Baltimore Ravens,Cleveland Browns,Harrison Bryant,CLE,Baltimore Ravens,away,13,3,TE,0,0.0,0,0,0,0,0,0,0,0,0,2,2,7,0,0
2022,15,"34 degrees, relative humidity 59%, wind 12 mph",Baltimore Ravens,Cleveland Browns,Jacoby Brissett,CLE,Baltimore Ravens,away,13,3,QB,1,1.639344262295082,0,0,0,0,0,0,1,3,0,0,0,0,0,0
2022,15,"34 degrees, relative humidity 59%, wind 12 mph",Baltimore Ravens,Cleveland Browns,Kareem Hunt,CLE,Baltimore Ravens,away,13,3,RB,4,6.557377049180328,0,0,0,0,0,0,4,24,0,1,1,3,0,0
2022,15,"34 degrees, relative humidity 59%, wind 12 mph",Baltimore Ravens,Cleveland Browns,Michael Woods,CLE,Baltimore Ravens,away,13,3,UNK,1,1.639344262295082,0,0,0,0,0,0,1,-5,0,2,1,4,0,0
2022,15,"34 degrees, relative humidity 59%, wind 12 mph",Baltimore Ravens,Cleveland Browns,Nick Chubb,CLE,Baltimore Ravens,away,13,3,RB,21,34.42622950819672,0,0,0,0,0,0,21,99,0,2,0,0,0,0
2022,15,"54 degrees, relative humidity 37%, wind 9 mph",Dallas Cowboys,Jacksonville Jaguars,CeeDee Lamb,DAL,Dallas Cowboys,away,40,34,WR,1,1.4084507042253522,0,0,0,0,0,0,1,1,0,7,7,126,0,0
2022,15,"54 degrees, relative humidity 37%, wind 9 mph",Dallas Cowboys,Jacksonville Jaguars,Dak Prescott,DAL,Dallas Cowboys,away,40,34,QB,35,49.29577464788733,23,30,256,3,2,3,5,20,0,0,0,0,0,0
2022,15,"54 degrees, relative humidity 37%, wind 9 mph",Dallas Cowboys,Jacksonville Jaguars,Dalton Schultz,DAL,Dallas Cowboys,away,40,34,TE,0,0.0,0,0,0,0,0,0,0,0,0,4,2,15,0,0
2022,15,"54 degrees, relative humidity 37%, wind 9 mph",Dallas Cowboys,Jacksonville Jaguars,Ezekiel Elliott,DAL,Dallas Cowboys,away,40,34,RB,16,22.535211267605636,0,0,0,0,0,0,16,58,1,2,2,13,0,0
2022,15,"54 degrees, relative humidity 37%, wind 9 mph",Dallas Cowboys,Jacksonville Jaguars,Michael Gallup,DAL,Dallas Cowboys,away,40,34,WR,0,0.0,0,0,0,0,0,0,0,0,0,2,1,2,0,0
2022,15,"54 degrees, relative humidity 37%, wind 9 mph",Dallas Cowboys,Jacksonville Jaguars,Noah Brown,DAL,Dallas Cowboys,away,40,34,WR,0,0.0,0,0,0,0,0,0,0,0,0,9,6,49,2,0
2022,15,"54 degrees, relative humidity 37%, wind 9 mph",Dallas Cowboys,Jacksonville Jaguars,Peyton Hendershot,DAL,Dallas Cowboys,away,40,34,TE,0,0.0,0,0,0,0,0,0,0,0,0,1,1,20,1,0
2022,15,"54 degrees, relative humidity 37%, wind 9 mph",Dallas Cowboys,Jacksonville Jaguars,Tony Pollard,DAL,Dallas Cowboys,away,40,34,RB,19,26.76056338028169,0,0,0,0,0,0,19,75,0,5,4,31,0,0
2022,15,"37 degrees, relative humidity 20%, wind 4 mph",Arizona Cardinals,Denver Broncos,Andrew Beck,DEN,Arizona Cardinals,away,24,15,TE,1,1.6666666666666667,0,0,0,0,0,0,1,1,0,1,0,0,0,0
2022,15,"37 degrees, relative humidity 20%, wind 4 mph",Arizona Cardinals,Denver Broncos,Brandon Johnson,DEN,Arizona Cardinals,away,24,15,WR,0,0.0,0,0,0,0,0,0,0,0,0,4,3,30,0,0
2022,15,"37 degrees, relative humidity 20%, wind 4 mph",Arizona Cardinals,Denver Broncos,Brett Rypien,DEN,Arizona Cardinals,away,24,15,QB,28,46.666666666666664,21,26,197,1,1,7,2,-2,0,0,0,0,0,2
2022,15,"37 degrees, relative humidity 20%, wind 4 mph",Arizona Cardinals,Denver Broncos,Devine Ozigbo,DEN,Arizona Cardinals,away,24,15,RB,2,3.3333333333333335,0,0,0,0,0,0,2,2,0,0,0,0,0,0
2022,15,"37 degrees, relative humidity 20%, wind 4 mph",Arizona Cardinals,Denver Broncos,Eric Saubert,DEN,Arizona Cardinals,away,24,15,TE,0,0.0,0,0,0,0,0,0,0,0,0,2,1,5,0,0
2022,15,"37 degrees, relative humidity 20%, wind 4 mph",Arizona Cardinals,Denver Broncos,Eric Tomlinson,DEN,Arizona Cardinals,away,24,15,TE,0,0.0,0,0,0,0,0,0,0,0,0,3,3,28,1,0
2022,15,"37 degrees, relative humidity 20%, wind 4 mph",Arizona Cardinals,Denver Broncos,Freddie Swain,DEN,Arizona Cardinals,away,24,15,WR,0,0.0,0,0,0,0,0,0,0,0,0,1,1,9,0,0
2022,15,"37 degrees, relative humidity 20%, wind 4 mph",Arizona Cardinals,Denver Broncos,Greg Dulcich,DEN,Arizona Cardinals,away,24,15,TE,0,0.0,0,0,0,0,0,0,0,0,0,2,1,11,0,0
2022,15,"37 degrees, relative humidity 20%, wind 4 mph",Arizona Cardinals,Denver Broncos,Jerry Jeudy,DEN,Arizona Cardinals,away,24,15,WR,0,0.0,0,0,0,0,0,0,0,0,0,8,7,76,0,0
2022,15,"37 degrees, relative humidity 20%, wind 4 mph",Arizona Cardinals,Denver Broncos,Latavius Murray,DEN,Arizona Cardinals,away,24,15,RB,24,40.0,0,0,0,0,0,0,24,130,1,1,1,12,0,0
2022,15,"37 degrees, relative humidity 20%, wind 4 mph",Arizona Cardinals,Denver Broncos,Marlon Mack,DEN,Arizona Cardinals,away,24,15,RB,5,8.333333333333332,0,0,0,0,0,0,5,37,1,4,4,26,0,0
2022,15,"38 degrees, relative humidity 52%, wind 13 mph",New York Jets,Detroit Lions,Amon-Ra St. Brown,DET,New York Jets,away,20,17,WR,1,1.5151515151515151,0,0,0,0,0,0,1,6,0,10,7,76,0,0
2022,15,"38 degrees, relative humidity 52%, wind 13 mph",New York Jets,Detroit Lions,Brock Wright,DET,New York Jets,away,20,17,TE,0,0.0,0,0,0,0,0,0,0,0,0,2,1,51,1,0
2022,15,"38 degrees, relative humidity 52%, wind 13 mph",New York Jets,Detroit Lions,D'Andre Swift,DET,New York Jets,away,20,17,RB,8,12.121212121212121,0,0,0,0,0,0,8,52,0,9,5,23,0,0
2022,15,"38 degrees, relative humidity 52%, wind 13 mph",New York Jets,Detroit Lions,DJ Chark,DET,New York Jets,away,20,17,WR,0,0.0,0,0,0,0,0,0,0,0,0,2,1,18,0,0
2022,15,"38 degrees, relative humidity 52%, wind 13 mph",New York Jets,Detroit Lions,Jamaal Williams,DET,New York Jets,away,20,17,RB,13,19.696969696969695,0,0,0,0,0,0,13,33,0,0,0,0,0,0
2022,15,"38 degrees, relative humidity 52%, wind 13 mph",New York Jets,Detroit Lions,James Mitchell,DET,New York Jets,away,20,17,TE,0,0.0,0,0,0,0,0,0,0,0,0,2,2,12,0,0
2022,15,"38 degrees, relative humidity 52%, wind 13 mph",New York Jets,Detroit Lions,Jameson Williams,DET,New York Jets,away,20,17,WR,0,0.0,0,0,0,0,0,0,0,0,0,1,0,0,0,0
2022,15,"38 degrees, relative humidity 52%, wind 13 mph",New York Jets,Detroit Lions,Jared Goff,DET,New York Jets,away,20,17,QB,38,57.57575757575758,23,38,252,1,0,0,0,0,0,0,0,0,0,0
2022,15,"38 degrees, relative humidity 52%, wind 13 mph",New York Jets,Detroit Lions,Jason Cabinda,DET,New York Jets,away,20,17,FB,0,0.0,0,0,0,0,0,0,0,0,0,1,0,0,0,0
2022,15,"38 degrees, relative humidity 52%, wind 13 mph",New York Jets,Detroit Lions,Justin Jackson,DET,New York Jets,away,20,17,RB,6,9.090909090909092,0,0,0,0,0,0,6,16,0,2,1,15,0,0
2022,15,"38 degrees, relative humidity 52%, wind 13 mph",New York Jets,Detroit Lions,Kalif Raymond,DET,New York Jets,away,20,17,WR,0,0.0,0,0,0,0,0,0,0,0,0,6,5,53,0,0
2022,15,"38 degrees, relative humidity 52%, wind 13 mph",New York Jets,Detroit Lions,Shane Zylstra,DET,New York Jets,away,20,17,TE,0,0.0,0,0,0,0,0,0,0,0,0,1,1,4,0,0
2022,15,"15 degrees, relative humidity 76%, wind 4 mph",Los Angeles Rams,Green Bay Packers,AJ Dillon,GNB,Los Angeles Rams,away,24,12,RB,11,16.923076923076923,0,0,0,0,0,0,11,36,2,3,3,35,0,0
2022,15,"15 degrees, relative humidity 76%, wind 4 mph",Los Angeles Rams,Green Bay Packers,Aaron Jones,GNB,Los Angeles Rams,away,24,12,RB,17,26.153846153846157,0,0,0,0,0,0,17,90,0,5,4,36,1,1
2022,15,"15 degrees, relative humidity 76%, wind 4 mph",Los Angeles Rams,Green Bay Packers,Aaron Rodgers,GNB,Los Angeles Rams,away,24,12,QB,33,50.76923076923077,22,30,229,1,1,3,3,-3,0,0,0,0,0,0
2022,15,"15 degrees, relative humidity 76%, wind 4 mph",Los Angeles Rams,Green Bay Packers,Allen Lazard,GNB,Los Angeles Rams,away,24,12,WR,0,0.0,0,0,0,0,0,0,0,0,0,2,1,7,0,0
2022,15,"15 degrees, relative humidity 76%, wind 4 mph",Los Angeles Rams,Green Bay Packers,Christian Watson,GNB,Los Angeles Rams,away,24,12,WR,0,0.0,0,0,0,0,0,0,0,0,0,6,4,46,0,0
2022,15,"15 degrees, relative humidity 76%, wind 4 mph",Los Angeles Rams,Green Bay Packers,Marcedes Lewis,GNB,Los Angeles Rams,away,24,12,TE,0,0.0,0,0,0,0,0,0,0,0,0,1,1,14,0,0
2022,15,"15 degrees, relative humidity 76%, wind 4 mph",Los Angeles Rams,Green Bay Packers,Patrick Taylor,GNB,Los Angeles Rams,away,24,12,RB,4,6.153846153846154,0,0,0,0,0,0,4,15,0,0,0,0,0,0
2022,15,"15 degrees, relative humidity 76%, wind 4 mph",Los Angeles Rams,Green Bay Packers,Randall Cobb,GNB,Los Angeles Rams,away,24,12,WR,0,0.0,0,0,0,0,0,0,0,0,0,4,3,32,0,0
2022,15,"15 degrees, relative humidity 76%, wind 4 mph",Los Angeles Rams,Green Bay Packers,Robert Tonyan,GNB,Los Angeles Rams,away,24,12,TE,0,0.0,0,0,0,0,0,0,0,0,0,2,1,4,0,0
2022,15,"15 degrees, relative humidity 76%, wind 4 mph",Los Angeles Rams,Green Bay Packers,Romeo Doubs,GNB,Los Angeles Rams,away,24,12,WR,0,0.0,0,0,0,0,0,0,0,0,0,5,5,55,0,0
2022,15,,Houston Texans,Kansas City Chiefs,Amari Rodgers,HOU,Houston Texans,away,30,24,WR,0,0.0,0,0,0,0,0,0,0,0,0,4,2,26,0,0
2022,15,,Houston Texans,Kansas City Chiefs,Brevin Jordan,HOU,Houston Texans,away,30,24,TE,0,0.0,0,0,0,0,0,0,0,0,0,1,1,9,0,0
2022,15,,Houston Texans,Kansas City Chiefs,Chris Moore,HOU,Houston Texans,away,30,24,WR,0,0.0,0,0,0,0,0,0,0,0,0,8,4,42,0,0
2022,15,,Houston Texans,Kansas City Chiefs,Dare Ogunbowale,HOU,Houston Texans,away,30,24,RB,8,14.035087719298245,0,0,0,0,0,0,8,14,0,0,0,0,0,0
2022,15,,Houston Texans,Kansas City Chiefs,Davis Mills,HOU,Houston Texans,away,30,24,QB,29,50.877192982456144,12,24,121,2,0,0,5,21,1,0,0,0,0,1
2022,15,,Houston Texans,Kansas City Chiefs,Jeff Driskel,HOU,Houston Texans,away,30,24,QB,8,14.035087719298245,2,4,8,0,0,1,4,8,0,0,0,0,0,0
2022,15,,Houston Texans,Kansas City Chiefs,Jordan Akins,HOU,Houston Texans,away,30,24,TE,0,0.0,0,0,0,0,0,0,0,0,0,6,3,22,1,0
2022,15,,Houston Texans,Kansas City Chiefs,Phillip Dorsett,HOU,Houston Texans,away,30,24,WR,1,1.7543859649122806,0,1,0,0,0,0,0,0,0,1,0,0,0,0
2022,15,,Houston Texans,Kansas City Chiefs,Rex Burkhead,HOU,Houston Texans,away,30,24,RB,0,0.0,0,0,0,0,0,0,0,0,0,4,2,17,0,0
2022,15,,Houston Texans,Kansas City Chiefs,Royce Freeman,HOU,Houston Texans,away,30,24,RB,11,19.298245614035086,0,0,0,0,0,0,11,51,0,1,1,5,0,0
2022,15,,Houston Texans,Kansas City Chiefs,Teagan Quitoriano,HOU,Houston Texans,away,30,24,TE,0,0.0,0,0,0,0,0,0,0,0,0,2,1,8,1,0
2022,15,,Indianapolis Colts,Minnesota Vikings,Alec Pierce,IND,Indianapolis Colts,away,39,36,WR,0,0.0,0,0,0,0,0,0,0,0,0,5,0,0,0,0
2022,15,,Indianapolis Colts,Minnesota Vikings,Ashton Dulin,IND,Indianapolis Colts,away,39,36,WR,1,1.3157894736842104,0,0,0,0,0,0,1,5,0,2,2,25,0,0
2022,15,,Indianapolis Colts,Minnesota Vikings,Deon Jackson,IND,Indianapolis Colts,away,39,36,RB,13,17.105263157894736,0,0,0,0,0,0,13,55,0,1,1,1,1,1
2022,15,,Indianapolis Colts,Minnesota Vikings,Jelani Woods,IND,Indianapolis Colts,away,39,36,TE,0,0.0,0,0,0,0,0,0,0,0,0,1,1,36,0,0
2022,15,,Indianapolis Colts,Minnesota Vikings,Jonathan Taylor,IND,Indianapolis Colts,away,39,36,RB,0,0.0,0,0,0,0,0,0,0,0,0,1,1,13,0,0
2022,15,,Indianapolis Colts,Minnesota Vikings,Kylen Granson,IND,Indianapolis Colts,away,39,36,TE,0,0.0,0,0,0,0,0,0,0,0,0,2,2,34,0,0
2022,15,,Indianapolis Colts,Minnesota Vikings,Matt Ryan,IND,Indianapolis Colts,away,39,36,QB,36,47.368421052631575,19,33,182,1,0,3,3,0,0,0,0,0,0,1
2022,15,,Indianapolis Colts,Minnesota Vikings,Michael Pittman Jr.,IND,Indianapolis Colts,away,39,36,WR,2,2.631578947368421,0,0,0,0,0,0,2,30,0,14,10,60,0,0
2022,15,,Indianapolis Colts,Minnesota Vikings,Mo Alie-Cox,IND,Indianapolis Colts,away,39,36,TE,0,0.0,0,0,0,0,0,0,0,0,0,1,0,0,0,0
2022,15,,Indianapolis Colts,Minnesota Vikings,Parris Campbell,IND,Indianapolis Colts,away,39,36,WR,0,0.0,0,0,0,0,0,0,0,0,0,3,2,13,0,0
2022,15,,Indianapolis Colts,Minnesota Vikings,Zack Moss,IND,Indianapolis Colts,away,39,36,RB,24,31.57894736842105,0,0,0,0,0,0,24,81,0,1,0,0,0,0
2022,15,"54 degrees, relative humidity 37%, wind 9 mph",Dallas Cowboys,Jacksonville Jaguars,Christian Kirk,JAX,Dallas Cowboys,away,40,34,WR,0,0.0,0,0,0,0,0,0,0,0,0,10,6,92,0,0
2022,15,"54 degrees, relative humidity 37%, wind 9 mph",Dallas Cowboys,Jacksonville Jaguars,Evan Engram,JAX,Dallas Cowboys,away,40,34,TE,0,0.0,0,0,0,0,0,0,0,0,0,10,8,62,0,0
2022,15,"54 degrees, relative humidity 37%, wind 9 mph",Dallas Cowboys,Jacksonville Jaguars,Jamal Agnew,JAX,Dallas Cowboys,away,40,34,WR,3,4.3478260869565215,0,0,0,0,0,0,3,52,0,3,2,12,0,0
2022,15,"54 degrees, relative humidity 37%, wind 9 mph",Dallas Cowboys,Jacksonville Jaguars,Jamycal Hasty,JAX,Dallas Cowboys,away,40,34,RB,1,1.4492753623188406,0,0,0,0,0,0,1,13,0,1,1,2,0,0
2022,15,"54 degrees, relative humidity 37%, wind 9 mph",Dallas Cowboys,Jacksonville Jaguars,Marvin Jones,JAX,Dallas Cowboys,away,40,34,WR,0,0.0,0,0,0,0,0,0,0,0,0,6,2,17,1,0
2022,15,"54 degrees, relative humidity 37%, wind 9 mph",Dallas Cowboys,Jacksonville Jaguars,Snoop Conner,JAX,Dallas Cowboys,away,40,34,RB,1,1.4492753623188406,0,0,0,0,0,0,1,3,0,0,0,0,0,0
2022,15,"54 degrees, relative humidity 37%, wind 9 mph",Dallas Cowboys,Jacksonville Jaguars,Travis Etienne,JAX,Dallas Cowboys,away,40,34,RB,19,27.536231884057973,0,0,0,0,0,0,19,103,0,3,2,24,0,1
2022,15,"54 degrees, relative humidity 37%, wind 9 mph",Dallas Cowboys,Jacksonville Jaguars,Trevor Lawrence,JAX,Dallas Cowboys,away,40,34,QB,45,65.21739130434783,27,42,318,4,1,1,3,21,0,0,0,0,0,1
2022,15,"54 degrees, relative humidity 37%, wind 9 mph",Dallas Cowboys,Jacksonville Jaguars,Zay Jones,JAX,Dallas Cowboys,away,40,34,WR,0,0.0,0,0,0,0,0,0,0,0,0,8,6,109,3,0
2022,15,,Houston Texans,Kansas City Chiefs,Isiah Pacheco,KAN,Houston Texans,away,30,24,RB,15,20.27027027027027,0,0,0,0,0,0,15,86,0,1,1,11,0,1
2022,15,,Houston Texans,Kansas City Chiefs,Jerick McKinnon,KAN,Houston Texans,away,30,24,RB,10,13.513513513513514,0,0,0,0,0,0,10,52,1,8,8,70,1,0
2022,15,,Houston Texans,Kansas City Chiefs,Jody Fortson,KAN,Houston Texans,away,30,24,TE,0,0.0,0,0,0,0,0,0,0,0,0,1,0,0,0,0
2022,15,,Houston Texans,Kansas City Chiefs,JuJu Smith-Schuster,KAN,Houston Texans,away,30,24,WR,0,0.0,0,0,0,0,0,0,0,0,0,10,10,88,0,1
2022,15,,Houston Texans,Kansas City Chiefs,Justin Watson,KAN,Houston Texans,away,30,24,WR,0,0.0,0,0,0,0,0,0,0,0,0,2,0,0,0,0
2022,15,,Houston Texans,Kansas City Chiefs,Kadarius Toney,KAN,Houston Texans,away,30,24,WR,0,0.0,0,0,0,0,0,0,0,0,0,1,1,5,0,0
2022,15,,Houston Texans,Kansas City Chiefs,Marquez Valdes-Scantling,KAN,Houston Texans,away,30,24,WR,0,0.0,0,0,0,0,0,0,0,0,0,5,3,26,1,0
2022,15,,Houston Texans,Kansas City Chiefs,Noah Gray,KAN,Houston Texans,away,30,24,TE,0,0.0,0,0,0,0,0,0,0,0,0,3,3,31,0,0
2022,15,,Houston Texans,Kansas City Chiefs,Patrick Mahomes,KAN,Houston Texans,away,30,24,QB,46,62.16216216216216,36,41,336,2,0,2,5,33,1,0,0,0,0,1
2022,15,,Houston Texans,Kansas City Chiefs,Ronald Jones,KAN,Houston Texans,away,30,24,UNK,1,1.3513513513513513,0,0,0,0,0,0,1,6,0,0,0,0,0,0
2022,15,,Houston Texans,Kansas City Chiefs,Skyy Moore,KAN,Houston Texans,away,30,24,WR,2,2.7027027027027026,0,0,0,0,0,0,2,12,0,0,0,0,0,0
2022,15,,Houston Texans,Kansas City Chiefs,Travis Kelce,KAN,Houston Texans,away,30,24,TE,0,0.0,0,0,0,0,0,0,0,0,0,10,10,105,0,0
2022,15,,Tennessee Titans,Los Angeles Chargers,Austin Ekeler,LAC,Tennessee Titans,away,17,14,RB,12,18.181818181818183,0,0,0,0,0,0,12,58,1,3,2,12,0,0
2022,15,,Tennessee Titans,Los Angeles Chargers,DeAndre Carter,LAC,Tennessee Titans,away,17,14,WR,1,1.5151515151515151,0,0,0,0,0,0,1,-10,0,2,1,15,0,0
2022,15,,Tennessee Titans,Los Angeles Chargers,Donald Parham,LAC,Tennessee Titans,away,17,14,TE,0,0.0,0,0,0,0,0,0,0,0,0,3,3,35,0,0
2022,15,,Tennessee Titans,Los Angeles Chargers,Gerald Everett,LAC,Tennessee Titans,away,17,14,TE,0,0.0,0,0,0,0,0,0,0,0,0,6,4,42,0,0
2022,15,,Tennessee Titans,Los Angeles Chargers,Josh Palmer,LAC,Tennessee Titans,away,17,14,WR,0,0.0,0,0,0,0,0,0,0,0,0,5,5,49,0,0
2022,15,,Tennessee Titans,Los Angeles Chargers,Joshua Kelley,LAC,Tennessee Titans,away,17,14,RB,10,15.151515151515152,0,0,0,0,0,0,10,24,1,2,1,7,0,0
2022,15,,Tennessee Titans,Los Angeles Chargers,Justin Herbert,LAC,Tennessee Titans,away,17,14,QB,43,65.15151515151516,28,42,313,0,2,3,1,2,0,0,0,0,0,0
2022,15,,Tennessee Titans,Los Angeles Chargers,Keenan Allen,LAC,Tennessee Titans,away,17,14,WR,0,0.0,0,0,0,0,0,0,0,0,0,9,8,86,0,0
2022,15,,Tennessee Titans,Los Angeles Chargers,Mike Williams,LAC,Tennessee Titans,away,17,14,WR,0,0.0,0,0,0,0,0,0,0,0,0,8,4,67,0,0
2022,15,"15 degrees, relative humidity 76%, wind 4 mph",Los Angeles Rams,Green Bay Packers,Baker Mayfield,LAR,Los Angeles Rams,away,24,12,QB,22,57.89473684210527,12,21,111,1,1,5,1,1,0,0,0,0,0,1
2022,15,"15 degrees, relative humidity 76%, wind 4 mph",Los Angeles Rams,Green Bay Packers,Ben Skowronek,LAR,Los Angeles Rams,away,24,12,WR,0,0.0,0,0,0,0,0,0,0,0,0,3,1,3,0,0
2022,15,"15 degrees, relative humidity 76%, wind 4 mph",Los Angeles Rams,Green Bay Packers,Brandon Powell,LAR,Los Angeles Rams,away,24,12,WR,1,2.631578947368421,0,0,0,0,0,0,1,3,0,2,1,4,0,0
2022,15,"15 degrees, relative humidity 76%, wind 4 mph",Los Angeles Rams,Green Bay Packers,Cam Akers,LAR,Los Angeles Rams,away,24,12,RB,12,31.57894736842105,0,0,0,0,0,0,12,65,0,3,3,35,0,0
2022,15,"15 degrees, relative humidity 76%, wind 4 mph",Los Angeles Rams,Green Bay Packers,Kyren Williams,LAR,Los Angeles Rams,away,24,12,RB,2,5.263157894736842,0,0,0,0,0,0,2,7,0,0,0,0,0,0
2022,15,"15 degrees, relative humidity 76%, wind 4 mph",Los Angeles Rams,Green Bay Packers,Malcolm Brown,LAR,Los Angeles Rams,away,24,12,RB,0,0.0,0,0,0,0,0,0,0,0,0,1,0,0,0,0
2022,15,"15 degrees, relative humidity 76%, wind 4 mph",Los Angeles Rams,Green Bay Packers,Tutu Atwell,LAR,Los Angeles Rams,away,24,12,WR,1,2.631578947368421,0,0,0,0,0,0,1,-4,0,4,1,10,0,0
2022,15,"15 degrees, relative humidity 76%, wind 4 mph",Los Angeles Rams,Green Bay Packers,Tyler Higbee,LAR,Los Angeles Rams,away,24,12,TE,0,0.0,0,0,0,0,0,0,0,0,0,5,4,27,1,0
2022,15,"15 degrees, relative humidity 76%, wind 4 mph",Los Angeles Rams,Green Bay Packers,Van Jefferson,LAR,Los Angeles Rams,away,24,12,WR,0,0.0,0,0,0,0,0,0,0,0,0,2,2,32,0,0
2022,15,,New England Patriots,Las Vegas Raiders,Ameer Abdullah,LVR,New England Patriots,away,30,24,RB,0,0.0,0,0,0,0,0,0,0,0,0,2,2,14,0,0
2022,15,,New England Patriots,Las Vegas Raiders,Darren Waller,LVR,New England Patriots,away,30,24,TE,0,0.0,0,0,0,0,0,0,0,0,0,3,3,48,1,0
2022,15,,New England Patriots,Las Vegas Raiders,Davante Adams,LVR,New England Patriots,away,30,24,WR,0,0.0,0,0,0,0,0,0,0,0,0,9,4,28,0,0
2022,15,,New England Patriots,Las Vegas Raiders,Derek Carr,LVR,New England Patriots,away,30,24,QB,38,62.295081967213115,20,38,231,3,1,3,0,0,0,0,0,0,0,1
2022,15,,New England Patriots,Las Vegas Raiders,Foster Moreau,LVR,New England Patriots,away,30,24,TE,0,0.0,0,0,0,0,0,0,0,0,0,2,2,20,0,0
2022,15,,New England Patriots,Las Vegas Raiders,Hunter Renfrow,LVR,New England Patriots,away,30,24,WR,0,0.0,0,0,0,0,0,0,0,0,0,3,1,14,0,0
2022,15,,New England Patriots,Las Vegas Raiders,Josh Jacobs,LVR,New England Patriots,away,30,24,RB,22,36.0655737704918,0,0,0,0,0,0,22,93,0,3,2,17,0,1
2022,15,,New England Patriots,Las Vegas Raiders,Keelan Cole,LVR,New England Patriots,away,30,24,WR,0,0.0,0,0,0,0,0,0,0,0,0,2,2,50,1,0
2022,15,,New England Patriots,Las Vegas Raiders,Mack Hollins,LVR,New England Patriots,away,30,24,WR,0,0.0,0,0,0,0,0,0,0,0,0,8,4,40,1,0
2022,15,,New England Patriots,Las Vegas Raiders,Zamir White,LVR,New England Patriots,away,30,24,RB,1,1.639344262295082,0,0,0,0,0,0,1,4,0,0,0,0,0,0
2022,15,"29 degrees, relative humidity 92%, wind 4 mph",Miami Dolphins,Buffalo Bills,Alec Ingold,MIA,Miami Dolphins,away,32,29,FB,1,1.8181818181818181,0,0,0,0,0,0,1,2,0,2,1,7,0,0
2022,15,"29 degrees, relative humidity 92%, wind 4 mph",Miami Dolphins,Buffalo Bills,Braylon Sanders,MIA,Miami Dolphins,away,32,29,WR,0,0.0,0,0,0,0,0,0,0,0,0,1,0,0,0,0
2022,15,"29 degrees, relative humidity 92%, wind 4 mph",Miami Dolphins,Buffalo Bills,Cedrick Wilson Jr.,MIA,Miami Dolphins,away,32,29,WR,0,0.0,0,0,0,0,0,0,0,0,0,2,1,21,0,0
2022,15,"29 degrees, relative humidity 92%, wind 4 mph",Miami Dolphins,Buffalo Bills,Durham Smythe,MIA,Miami Dolphins,away,32,29,TE,0,0.0,0,0,0,0,0,0,0,0,0,1,1,-2,0,0
2022,15,"29 degrees, relative humidity 92%, wind 4 mph",Miami Dolphins,Buffalo Bills,Jaylen Waddle,MIA,Miami Dolphins,away,32,29,WR,0,0.0,0,0,0,0,0,0,0,0,0,7,3,114,1,0
2022,15,"29 degrees, relative humidity 92%, wind 4 mph",Miami Dolphins,Buffalo Bills,Mike Gesicki,MIA,Miami Dolphins,away,32,29,TE,0,0.0,0,0,0,0,0,0,0,0,0,1,1,5,0,0
2022,15,"29 degrees, relative humidity 92%, wind 4 mph",Miami Dolphins,Buffalo Bills,Raheem Mostert,MIA,Miami Dolphins,away,32,29,RB,17,30.909090909090907,0,0,0,0,0,0,17,136,0,2,1,20,0,0
2022,15,"29 degrees, relative humidity 92%, wind 4 mph",Miami Dolphins,Buffalo Bills,Salvon Ahmed,MIA,Miami Dolphins,away,32,29,RB,6,10.909090909090908,0,0,0,0,0,0,6,43,1,0,0,0,0,0
2022,15,"29 degrees, relative humidity 92%, wind 4 mph",Miami Dolphins,Buffalo Bills,Trent Sherfield,MIA,Miami Dolphins,away,32,29,WR,0,0.0,0,0,0,0,0,0,0,0,0,1,0,0,0,0
2022,15,"29 degrees, relative humidity 92%, wind 4 mph",Miami Dolphins,Buffalo Bills,Tua Tagovailoa,MIA,Miami Dolphins,away,32,29,QB,31,56.36363636363636,17,30,234,2,0,2,1,7,0,0,0,0,0,1
2022,15,"29 degrees, relative humidity 92%, wind 4 mph",Miami Dolphins,Buffalo Bills,Tyreek Hill,MIA,Miami Dolphins,away,32,29,WR,0,0.0,0,0,0,0,0,0,0,0,0,13,9,69,1,0
2022,15,,Indianapolis Colts,Minnesota Vikings,Adam Thielen,MIN,Indianapolis Colts,away,39,36,WR,0,0.0,0,0,0,0,0,0,0,0,0,4,3,41,1,0
2022,15,,Indianapolis Colts,Minnesota Vikings,Alexander Mattison,MIN,Indianapolis Colts,away,39,36,RB,2,2.5316455696202533,0,0,0,0,0,0,2,1,0,0,0,0,0,0
2022,15,,Indianapolis Colts,Minnesota Vikings,C.J. Ham,MIN,Indianapolis Colts,away,39,36,FB,2,2.5316455696202533,0,0,0,0,0,0,2,1,1,1,1,4,0,0
2022,15,,Indianapolis Colts,Minnesota Vikings,Dalvin Cook,MIN,Indianapolis Colts,away,39,36,RB,17,21.518987341772153,0,0,0,0,0,0,17,95,0,4,4,95,1,1
2022,15,,Indianapolis Colts,Minnesota Vikings,Jalen Nailor,MIN,Indianapolis Colts,away,39,36,WR,0,0.0,0,0,0,0,0,0,0,0,0,1,0,0,0,0
2022,15,,Indianapolis Colts,Minnesota Vikings,Jalen Reagor,MIN,Indianapolis Colts,away,39,36,WR,1,1.2658227848101267,0,0,0,0,0,0,1,-5,0,2,0,0,0,0
2022,15,,Indianapolis Colts,Minnesota Vikings,Johnny Mundt,MIN,Indianapolis Colts,away,39,36,TE,0,0.0,0,0,0,0,0,0,0,0,0,1,1,7,0,0
2022,15,,Indianapolis Colts,Minnesota Vikings,Justin Jefferson,MIN,Indianapolis Colts,away,39,36,WR,0,0.0,0,0,0,0,0,0,0,0,0,16,12,123,1,0
2022,15,,Indianapolis Colts,Minnesota Vikings,K.J. Osborn,MIN,Indianapolis Colts,away,39,36,WR,0,0.0,0,0,0,0,0,0,0,0,0,16,10,157,1,0
2022,15,,Indianapolis Colts,Minnesota Vikings,Kirk Cousins,MIN,Indianapolis Colts,away,39,36,QB,56,70.88607594936708,34,54,460,4,2,7,2,0,0,0,0,0,0,0
2022,15,,Indianapolis Colts,Minnesota Vikings,Ryan Wright,MIN,Indianapolis Colts,away,39,36,P,1,1.2658227848101267,0,1,0,0,0,0,0,0,0,0,0,0,0,0
2022,15,,Indianapolis Colts,Minnesota Vikings,T.J. Hockenson,MIN,Indianapolis Colts,away,39,36,TE,0,0.0,0,0,0,0,0,0,0,0,0,9,3,33,0,0
2022,15,,Atlanta Falcons,New Orleans Saints,Adam Prentice,NOR,Atlanta Falcons,away,21,18,FB,0,0.0,0,0,0,0,0,0,0,0,0,1,1,3,0,0
2022,15,,Atlanta Falcons,New Orleans Saints,Adam Trautman,NOR,Atlanta Falcons,away,21,18,TE,0,0.0,0,0,0,0,0,0,0,0,0,1,0,0,0,0
2022,15,,Atlanta Falcons,New Orleans Saints,Alvin Kamara,NOR,Atlanta Falcons,away,21,18,RB,21,39.62264150943396,0,0,0,0,0,0,21,91,0,2,2,13,0,0
2022,15,,Atlanta Falcons,New Orleans Saints,Andy Dalton,NOR,Atlanta Falcons,away,21,18,QB,19,35.84905660377358,11,17,151,2,0,2,2,1,0,0,0,0,0,0
2022,15,,Atlanta Falcons,New Orleans Saints,Chris Olave,NOR,Atlanta Falcons,away,21,18,WR,0,0.0,0,0,0,0,0,0,0,0,0,4,3,53,0,0
2022,15,,Atlanta Falcons,New Orleans Saints,David Johnson,NOR,Atlanta Falcons,away,21,18,RB,4,7.547169811320755,0,0,0,0,0,0,4,12,0,0,0,0,0,1
2022,15,,Atlanta Falcons,New Orleans Saints,Jarvis Landry,NOR,Atlanta Falcons,away,21,18,WR,0,0.0,0,0,0,0,0,0,0,0,0,1,0,0,0,0
2022,15,,Atlanta Falcons,New Orleans Saints,Juwan Johnson,NOR,Atlanta Falcons,away,21,18,TE,0,0.0,0,0,0,0,0,0,0,0,0,6,4,67,2,0
2022,15,,Atlanta Falcons,New Orleans Saints,Rashid Shaheed,NOR,Atlanta Falcons,away,21,18,WR,0,0.0,0,0,0,0,0,0,0,0,0,4,3,95,1,0
2022,15,,Atlanta Falcons,New Orleans Saints,Taysom Hill,NOR,Atlanta Falcons,away,21,18,TE,9,16.9811320754717,2,2,80,1,0,0,7,30,0,0,0,0,0,1
2022,15,,New England Patriots,Las Vegas Raiders,Hunter Henry,NWE,New England Patriots,away,30,24,TE,0,0.0,0,0,0,0,0,0,0,0,0,4,2,9,0,0
2022,15,,New England Patriots,Las Vegas Raiders,Jakobi Meyers,NWE,New England Patriots,away,30,24,WR,0,0.0,0,0,0,0,0,0,0,-20,0,6,2,47,0,1
2022,15,,New England Patriots,Las Vegas Raiders,Jonnu Smith,NWE,New England Patriots,away,30,24,TE,0,0.0,0,0,0,0,0,0,0,0,0,3,2,24,0,0
2022,15,,New England Patriots,Las Vegas Raiders,Kendrick Bourne,NWE,New England Patriots,away,30,24,WR,0,0.0,0,0,0,0,0,0,0,0,0,1,0,0,0,0
2022,15,,New England Patriots,Las Vegas Raiders,Kevin Harris,NWE,New England Patriots,away,30,24,RB,5,7.936507936507936,0,0,0,0,0,0,5,19,0,0,0,0,0,0
2022,15,,New England Patriots,Las Vegas Raiders,Mac Jones,NWE,New England Patriots,away,30,24,QB,35,55.55555555555556,13,31,112,0,0,0,4,10,0,0,0,0,0,0
2022,15,,New England Patriots,Las Vegas Raiders,Nelson Agholor,NWE,New England Patriots,away,30,24,WR,0,0.0,0,0,0,0,0,0,0,0,0,6,1,3,0,0
2022,15,,New England Patriots,Las Vegas Raiders,Pierre Strong,NWE,New England Patriots,away,30,24,RB,4,6.349206349206349,0,0,0,0,0,0,4,25,0,3,3,12,0,0
2022,15,,New England Patriots,Las Vegas Raiders,Rhamondre Stevenson,NWE,New England Patriots,away,30,24,RB,19,30.158730158730158,0,0,0,0,0,0,19,172,1,3,2,-4,0,0
2022,15,,New England Patriots,Las Vegas Raiders,Tyquan Thornton,NWE,New England Patriots,away,30,24,WR,0,0.0,0,0,0,0,0,0,0,0,0,4,1,21,0,0
2022,15,"35 degrees, relative humidity 47%, wind 13 mph",Washington Commanders,New York Giants,Daniel Bellinger,NYG,Washington Commanders,away,20,12,TE,0,0.0,0,0,0,0,0,0,0,0,0,4,1,4,0,0
2022,15,"35 degrees, relative humidity 47%, wind 13 mph",Washington Commanders,New York Giants,Daniel Jones,NYG,Washington Commanders,away,20,12,QB,42,67.74193548387096,21,32,160,0,0,0,10,35,0,0,0,0,0,0
2022,15,"35 degrees, relative humidity 47%, wind 13 mph",Washington Commanders,New York Giants,Darius Slayton,NYG,Washington Commanders,away,20,12,WR,0,0.0,0,0,0,0,0,0,0,0,0,7,5,23,0,1
2022,15,"35 degrees, relative humidity 47%, wind 13 mph",Washington Commanders,New York Giants,Isaiah Hodgins,NYG,Washington Commanders,away,20,12,WR,0,0.0,0,0,0,0,0,0,0,0,0,4,4,37,0,0
2022,15,"35 degrees, relative humidity 47%, wind 13 mph",Washington Commanders,New York Giants,Matt Breida,NYG,Washington Commanders,away,20,12,RB,2,3.225806451612903,0,0,0,0,0,0,2,6,0,1,1,6,0,0
2022,15,"35 degrees, relative humidity 47%, wind 13 mph",Washington Commanders,New York Giants,Nick Vannett,NYG,Washington Commanders,away,20,12,TE,0,0.0,0,0,0,0,0,0,0,0,0,1,1,15,0,0
2022,15,"35 degrees, relative humidity 47%, wind 13 mph",Washington Commanders,New York Giants,Richie James,NYG,Washington Commanders,away,20,12,WR,0,0.0,0,0,0,0,0,0,0,0,0,5,4,42,0,0
2022,15,"35 degrees, relative humidity 47%, wind 13 mph",Washington Commanders,New York Giants,Saquon Barkley,NYG,Washington Commanders,away,20,12,RB,18,29.03225806451613,0,0,0,0,0,0,18,87,1,8,5,33,0,0
2022,15,"38 degrees, relative humidity 52%, wind 13 mph",New York Jets,Detroit Lions,Braxton Berrios,NYJ,New York Jets,away,20,17,WR,0,0.0,0,0,0,0,0,0,0,0,0,6,1,14,0,0
2022,15,"38 degrees, relative humidity 52%, wind 13 mph",New York Jets,Detroit Lions,C.J. Uzomah,NYJ,New York Jets,away,20,17,TE,0,0.0,0,0,0,0,0,0,0,0,0,2,2,41,2,0
2022,15,"38 degrees, relative humidity 52%, wind 13 mph",New York Jets,Detroit Lions,Denzel Mims,NYJ,New York Jets,away,20,17,WR,0,0.0,0,0,0,0,0,0,0,0,0,2,1,13,0,0
2022,15,"38 degrees, relative humidity 52%, wind 13 mph",New York Jets,Detroit Lions,Elijah Moore,NYJ,New York Jets,away,20,17,WR,1,1.7543859649122806,0,0,0,0,0,0,1,3,0,7,4,51,0,0
2022,15,"38 degrees, relative humidity 52%, wind 13 mph",New York Jets,Detroit Lions,Garrett Wilson,NYJ,New York Jets,away,20,17,WR,0,0.0,0,0,0,0,0,0,0,0,0,9,4,98,0,0
2022,15,"38 degrees, relative humidity 52%, wind 13 mph",New York Jets,Detroit Lions,Jeff Smith,NYJ,New York Jets,away,20,17,WR,0,0.0,0,0,0,0,0,0,0,0,0,5,4,77,0,0
2022,15,"38 degrees, relative humidity 52%, wind 13 mph",New York Jets,Detroit Lions,Michael Carter,NYJ,New York Jets,away,20,17,RB,4,7.017543859649122,0,0,0,0,0,0,4,15,0,1,1,16,0,0
2022,15,"38 degrees, relative humidity 52%, wind 13 mph",New York Jets,Detroit Lions,Tyler Conklin,NYJ,New York Jets,away,20,17,TE,1,1.7543859649122806,0,0,0,0,0,0,1,2,0,2,1,7,0,0
2022,15,"38 degrees, relative humidity 52%, wind 13 mph",New York Jets,Detroit Lions,Zach Wilson,NYJ,New York Jets,away,20,17,QB,38,66.66666666666666,18,35,317,2,1,4,3,7,0,0,0,0,0,0
2022,15,"38 degrees, relative humidity 52%, wind 13 mph",New York Jets,Detroit Lions,Zonovan Knight,NYJ,New York Jets,away,20,17,RB,13,22.807017543859647,0,0,0,0,0,0,13,23,0,0,0,0,0,0
2022,15,"17 degrees, relative humidity 70%, wind 17 mph",Chicago Bears,Philadelphia Eagles,A.J. Brown,PHI,Chicago Bears,away,25,20,WR,0,0.0,0,0,0,0,0,0,0,0,0,16,9,181,0,0
2022,15,"17 degrees, relative humidity 70%, wind 17 mph",Chicago Bears,Philadelphia Eagles,DeVonta Smith,PHI,Chicago Bears,away,25,20,WR,0,0.0,0,0,0,0,0,0,0,0,0,8,5,126,0,0
2022,15,"17 degrees, relative humidity 70%, wind 17 mph",Chicago Bears,Philadelphia Eagles,Grant Calcaterra,PHI,Chicago Bears,away,25,20,TE,0,0.0,0,0,0,0,0,0,0,0,0,2,0,0,0,0
2022,15,"17 degrees, relative humidity 70%, wind 17 mph",Chicago Bears,Philadelphia Eagles,Jack Stoll,PHI,Chicago Bears,away,25,20,TE,0,0.0,0,0,0,0,0,0,0,0,0,1,1,6,0,0
2022,15,"17 degrees, relative humidity 70%, wind 17 mph",Chicago Bears,Philadelphia Eagles,Jalen Hurts,PHI,Chicago Bears,away,25,20,QB,54,77.14285714285715,22,37,315,0,2,1,17,61,3,0,0,0,0,0
2022,15,"17 degrees, relative humidity 70%, wind 17 mph",Chicago Bears,Philadelphia Eagles,Kenneth Gainwell,PHI,Chicago Bears,away,25,20,RB,3,4.285714285714286,0,0,0,0,0,0,3,5,0,2,2,9,0,0
2022,15,"17 degrees, relative humidity 70%, wind 17 mph",Chicago Bears,Philadelphia Eagles,Miles Sanders,PHI,Chicago Bears,away,25,20,RB,11,15.714285714285714,0,0,0,0,0,0,11,42,0,1,1,-13,0,1
2022,15,"17 degrees, relative humidity 70%, wind 17 mph",Chicago Bears,Philadelphia Eagles,Quez Watkins,PHI,Chicago Bears,away,25,20,WR,2,2.857142857142857,0,0,0,0,0,0,2,4,0,6,4,6,0,0
2022,15,"17 degrees, relative humidity 70%, wind 17 mph",Chicago Bears,Philadelphia Eagles,Zach Pascal,PHI,Chicago Bears,away,25,20,WR,0,0.0,0,0,0,0,0,0,0,0,0,1,0,0,0,0
2022,15,"47 degrees, relative humidity 37%, wind 7 mph",Carolina Panthers,Pittsburgh Steelers,Derek Watt,PIT,Carolina Panthers,away,24,16,FB,1,1.4925373134328357,0,0,0,0,0,0,1,2,0,0,0,0,0,0
2022,15,"47 degrees, relative humidity 37%, wind 7 mph",Carolina Panthers,Pittsburgh Steelers,Diontae Johnson,PIT,Carolina Panthers,away,24,16,WR,1,1.4925373134328357,0,0,0,0,0,0,1,2,0,10,10,98,0,0
2022,15,"47 degrees, relative humidity 37%, wind 7 mph",Carolina Panthers,Pittsburgh Steelers,George Pickens,PIT,Carolina Panthers,away,24,16,WR,0,0.0,0,0,0,0,0,0,0,0,0,5,2,53,0,0
2022,15,"47 degrees, relative humidity 37%, wind 7 mph",Carolina Panthers,Pittsburgh Steelers,Gunner Olszewski,PIT,Carolina Panthers,away,24,16,WR,0,0.0,0,0,0,0,0,0,0,0,0,1,1,3,0,0
2022,15,"47 degrees, relative humidity 37%, wind 7 mph",Carolina Panthers,Pittsburgh Steelers,Jaylen Warren,PIT,Carolina Panthers,away,24,16,RB,11,16.417910447761194,0,0,0,0,0,0,11,38,1,1,1,11,0,0
2022,15,"47 degrees, relative humidity 37%, wind 7 mph",Carolina Panthers,Pittsburgh Steelers,Miles Boykin,PIT,Carolina Panthers,away,24,16,WR,0,0.0,0,0,0,0,0,0,0,0,0,1,1,0,0,0
2022,15,"47 degrees, relative humidity 37%, wind 7 mph",Carolina Panthers,Pittsburgh Steelers,Mitchell Trubisky,PIT,Carolina Panthers,away,24,16,QB,28,41.7910447761194,17,22,179,0,0,1,6,9,1,0,0,0,0,0
2022,15,"47 degrees, relative humidity 37%, wind 7 mph",Carolina Panthers,Pittsburgh Steelers,Najee Harris,PIT,Carolina Panthers,away,24,16,RB,24,35.82089552238806,0,0,0,0,0,0,24,86,1,0,0,0,0,0
2022,15,"47 degrees, relative humidity 37%, wind 7 mph",Carolina Panthers,Pittsburgh Steelers,Steven Sims,PIT,Carolina Panthers,away,24,16,WR,2,2.9850746268656714,0,0,0,0,0,0,2,19,0,2,1,10,0,0
2022,15,"47 degrees, relative humidity 37%, wind 7 mph",Carolina Panthers,Pittsburgh Steelers,Zach Gentry,PIT,Carolina Panthers,away,24,16,TE,0,0.0,0,0,0,0,0,0,0,0,0,1,1,4,0,0
2022,15,"39 degrees, relative humidity 71%, wind 6 mph",Seattle Seahawks,San Francisco 49ers,Colby Parkinson,SEA,Seattle Seahawks,away,21,13,TE,0,0.0,0,0,0,0,0,0,0,0,0,1,0,0,0,0
2022,15,"39 degrees, relative humidity 71%, wind 6 mph",Seattle Seahawks,San Francisco 49ers,D.K. Metcalf,SEA,Seattle Seahawks,away,21,13,WR,0,0.0,0,0,0,0,0,0,0,0,0,9,7,55,0,0
2022,15,"39 degrees, relative humidity 71%, wind 6 mph",Seattle Seahawks,San Francisco 49ers,Geno Smith,SEA,Seattle Seahawks,away,21,13,QB,45,77.58620689655173,31,44,238,1,0,3,1,18,0,0,0,0,0,1
2022,15,"39 degrees, relative humidity 71%, wind 6 mph",Seattle Seahawks,San Francisco 49ers,Kenneth Walker,SEA,Seattle Seahawks,away,21,13,UNK,12,20.689655172413794,0,0,0,0,0,0,12,47,0,5,4,32,0,0
2022,15,"39 degrees, relative humidity 71%, wind 6 mph",Seattle Seahawks,San Francisco 49ers,Marquise Goodwin,SEA,Seattle Seahawks,away,21,13,WR,0,0.0,0,0,0,0,0,0,0,0,0,5,2,10,0,0
2022,15,"39 degrees, relative humidity 71%, wind 6 mph",Seattle Seahawks,San Francisco 49ers,Noah Fant,SEA,Seattle Seahawks,away,21,13,TE,0,0.0,0,0,0,0,0,0,0,0,0,6,5,32,1,0
2022,15,"39 degrees, relative humidity 71%, wind 6 mph",Seattle Seahawks,San Francisco 49ers,Penny Hart,SEA,Seattle Seahawks,away,21,13,WR,0,0.0,0,0,0,0,0,0,0,0,0,1,1,3,0,0
2022,15,"39 degrees, relative humidity 71%, wind 6 mph",Seattle Seahawks,San Francisco 49ers,Travis Homer,SEA,Seattle Seahawks,away,21,13,RB,1,1.7241379310344827,0,0,0,0,0,0,1,5,0,4,4,25,0,1
2022,15,"39 degrees, relative humidity 71%, wind 6 mph",Seattle Seahawks,San Francisco 49ers,Tyler Lockett,SEA,Seattle Seahawks,away,21,13,WR,0,0.0,0,0,0,0,0,0,0,0,0,9,7,68,0,0
2022,15,"39 degrees, relative humidity 71%, wind 6 mph",Seattle Seahawks,San Francisco 49ers,Will Dissly,SEA,Seattle Seahawks,away,21,13,TE,0,0.0,0,0,0,0,0,0,0,0,0,1,1,13,0,0
2022,15,"39 degrees, relative humidity 71%, wind 6 mph",Seattle Seahawks,San Francisco 49ers,Brandon Aiyuk,SFO,Seattle Seahawks,away,21,13,WR,0,0.0,0,0,0,0,0,0,0,0,0,4,2,19,0,0
2022,15,"39 degrees, relative humidity 71%, wind 6 mph",Seattle Seahawks,San Francisco 49ers,Brock Purdy,SFO,Seattle Seahawks,away,21,13,QB,30,50.0,17,26,217,2,0,1,4,-2,0,0,0,0,0,0
2022,15,"39 degrees, relative humidity 71%, wind 6 mph",Seattle Seahawks,San Francisco 49ers,Christian McCaffrey,SFO,Seattle Seahawks,away,21,13,RB,26,43.333333333333336,0,0,0,0,0,0,26,108,1,8,6,30,0,0
2022,15,"39 degrees, relative humidity 71%, wind 6 mph",Seattle Seahawks,San Francisco 49ers,George Kittle,SFO,Seattle Seahawks,away,21,13,TE,0,0.0,0,0,0,0,0,0,0,0,0,5,4,93,2,0
2022,15,"39 degrees, relative humidity 71%, wind 6 mph",Seattle Seahawks,San Francisco 49ers,Jauan Jennings,SFO,Seattle Seahawks,away,21,13,WR,0,0.0,0,0,0,0,0,0,0,0,0,5,3,31,0,0
2022,15,"39 degrees, relative humidity 71%, wind 6 mph",Seattle Seahawks,San Francisco 49ers,Jordan Mason,SFO,Seattle Seahawks,away,21,13,RB,4,6.666666666666667,0,0,0,0,0,0,4,64,0,0,0,0,0,0
2022,15,"39 degrees, relative humidity 71%, wind 6 mph",Seattle Seahawks,San Francisco 49ers,Ray-Ray McCloud,SFO,Seattle Seahawks,away,21,13,WR,0,0.0,0,0,0,0,0,0,0,0,0,3,1,16,0,0
2022,15,"39 degrees, relative humidity 71%, wind 6 mph",Seattle Seahawks,San Francisco 49ers,Tyler Kroft,SFO,Seattle Seahawks,away,21,13,TE,0,0.0,0,0,0,0,0,0,0,0,0,1,1,28,0,0
2022,15,"66 degrees, relative humidity 43%, wind 6 mph",Tampa Bay Buccaneers,Cincinnati Bengals,Cade Otton,TAM,Tampa Bay Buccaneers,away,34,23,TE,0,0.0,0,0,0,0,0,0,0,0,0,1,1,20,0,0
2022,15,"66 degrees, relative humidity 43%, wind 6 mph",Tampa Bay Buccaneers,Cincinnati Bengals,Cameron Brate,TAM,Tampa Bay Buccaneers,away,34,23,TE,0,0.0,0,0,0,0,0,0,0,0,0,5,2,25,0,0
2022,15,"66 degrees, relative humidity 43%, wind 6 mph",Tampa Bay Buccaneers,Cincinnati Bengals,Chris Godwin,TAM,Tampa Bay Buccaneers,away,34,23,WR,0,0.0,0,0,0,0,0,0,0,0,0,8,8,83,1,0
2022,15,"66 degrees, relative humidity 43%, wind 6 mph",Tampa Bay Buccaneers,Cincinnati Bengals,Deven Thompkins,TAM,Tampa Bay Buccaneers,away,34,23,WR,1,1.4492753623188406,0,0,0,0,0,0,1,9,0,1,1,7,0,0
2022,15,"66 degrees, relative humidity 43%, wind 6 mph",Tampa Bay Buccaneers,Cincinnati Bengals,Giovani Bernard,TAM,Tampa Bay Buccaneers,away,34,23,RB,1,1.4492753623188406,0,0,0,0,0,0,1,0,0,0,0,0,0,1
2022,15,"66 degrees, relative humidity 43%, wind 6 mph",Tampa Bay Buccaneers,Cincinnati Bengals,Leonard Fournette,TAM,Tampa Bay Buccaneers,away,34,23,RB,10,14.492753623188406,0,0,0,0,0,0,10,44,0,4,4,30,0,0
2022,15,"66 degrees, relative humidity 43%, wind 6 mph",Tampa Bay Buccaneers,Cincinnati Bengals,Mike Evans,TAM,Tampa Bay Buccaneers,away,34,23,WR,0,0.0,0,0,0,0,0,0,0,0,0,9,5,83,0,0
2022,15,"66 degrees, relative humidity 43%, wind 6 mph",Tampa Bay Buccaneers,Cincinnati Bengals,Rachaad White,TAM,Tampa Bay Buccaneers,away,34,23,RB,11,15.942028985507244,0,0,0,0,0,0,11,38,0,2,1,5,0,0
2022,15,"66 degrees, relative humidity 43%, wind 6 mph",Tampa Bay Buccaneers,Cincinnati Bengals,Russell Gage,TAM,Tampa Bay Buccaneers,away,34,23,WR,0,0.0,0,0,0,0,0,0,0,0,0,12,8,59,2,0
2022,15,"66 degrees, relative humidity 43%, wind 6 mph",Tampa Bay Buccaneers,Cincinnati Bengals,Tom Brady,TAM,Tampa Bay Buccaneers,away,34,23,QB,46,66.66666666666666,30,44,312,3,2,1,2,1,0,0,0,0,0,2
2022,15,,Tennessee Titans,Los Angeles Chargers,Austin Hooper,TEN,Tennessee Titans,away,17,14,TE,0,0.0,0,0,0,0,0,0,0,0,0,4,2,33,0,0
2022,15,,Tennessee Titans,Los Angeles Chargers,Chigoziem Okonkwo,TEN,Tennessee Titans,away,17,14,TE,1,1.8867924528301887,0,0,0,0,0,0,1,6,0,5,4,54,0,0
2022,15,,Tennessee Titans,Los Angeles Chargers,Chris Conley,TEN,Tennessee Titans,away,17,14,WR,0,0.0,0,0,0,0,0,0,0,0,0,3,3,19,0,0
2022,15,,Tennessee Titans,Los Angeles Chargers,Derrick Henry,TEN,Tennessee Titans,away,17,14,RB,21,39.62264150943396,0,0,0,0,0,0,21,104,1,4,4,59,0,1
2022,15,,Tennessee Titans,Los Angeles Chargers,Hassan Haskins,TEN,Tennessee Titans,away,17,14,RB,1,1.8867924528301887,0,0,0,0,0,0,1,8,0,2,2,7,0,0
2022,15,,Tennessee Titans,Los Angeles Chargers,Malik Willis,TEN,Tennessee Titans,away,17,14,QB,5,9.433962264150944,3,4,20,0,0,0,1,8,0,0,0,0,0,0
2022,15,,Tennessee Titans,Los Angeles Chargers,Nick Westbrook-Ikhine,TEN,Tennessee Titans,away,17,14,WR,0,0.0,0,0,0,0,0,0,0,0,0,2,0,0,0,0
2022,15,,Tennessee Titans,Los Angeles Chargers,Racey McMath,TEN,Tennessee Titans,away,17,14,WR,0,0.0,0,0,0,0,0,0,0,0,0,2,1,1,0,0
2022,15,,Tennessee Titans,Los Angeles Chargers,Robert Woods,TEN,Tennessee Titans,away,17,14,WR,0,0.0,0,0,0,0,0,0,0,0,0,4,2,12,0,0
2022,15,,Tennessee Titans,Los Angeles Chargers,Ryan Tannehill,TEN,Tennessee Titans,away,17,14,QB,25,47.16981132075472,15,22,165,0,1,4,3,1,1,0,0,0,0,0
2022,15,"35 degrees, relative humidity 47%, wind 13 mph",Washington Commanders,New York Giants,Antonio Gibson,WAS,Washington Commanders,away,20,12,RB,5,9.090909090909092,0,0,0,0,0,0,5,21,0,4,2,6,0,1
2022,15,"35 degrees, relative humidity 47%, wind 13 mph",Washington Commanders,New York Giants,Brian Robinson Jr.,WAS,Washington Commanders,away,20,12,RB,12,21.818181818181817,0,0,0,0,0,0,12,89,0,1,1,18,0,1
2022,15,"35 degrees, relative humidity 47%, wind 13 mph",Washington Commanders,New York Giants,Curtis Samuel,WAS,Washington Commanders,away,20,12,WR,5,9.090909090909092,0,0,0,0,0,0,5,1,0,5,3,44,0,0
2022,15,"35 degrees, relative humidity 47%, wind 13 mph",Washington Commanders,New York Giants,Dyami Brown,WAS,Washington Commanders,away,20,12,WR,1,1.8181818181818181,0,0,0,0,0,0,1,15,0,2,0,0,0,0
2022,15,"35 degrees, relative humidity 47%, wind 13 mph",Washington Commanders,New York Giants,Jahan Dotson,WAS,Washington Commanders,away,20,12,WR,0,0.0,0,0,0,0,0,0,0,0,0,6,4,105,1,0
2022,15,"35 degrees, relative humidity 47%, wind 13 mph",Washington Commanders,New York Giants,Logan Thomas,WAS,Washington Commanders,away,20,12,TE,0,0.0,0,0,0,0,0,0,0,0,0,3,1,6,0,0
2022,15,"35 degrees, relative humidity 47%, wind 13 mph",Washington Commanders,New York Giants,Taylor Heinicke,WAS,Washington Commanders,away,20,12,QB,32,58.18181818181818,17,29,249,1,0,3,3,33,0,0,0,0,0,2
2022,15,"35 degrees, relative humidity 47%, wind 13 mph",Washington Commanders,New York Giants,Terry McLaurin,WAS,Washington Commanders,away,20,12,WR,0,0.0,0,0,0,0,0,0,0,0,0,6,6,70,0,0
2022,16,,Arizona Cardinals,Tampa Bay Buccaneers,Andy Lee,ARI,Arizona Cardinals,away,19,16,P,1,1.36986301369863,1,1,4,0,0,0,0,0,0,0,0,0,0,0
2022,16,,Arizona Cardinals,Tampa Bay Buccaneers,DeAndre Hopkins,ARI,Arizona Cardinals,away,19,16,WR,0,0.0,0,0,0,0,0,0,0,0,0,10,1,4,0,0
2022,16,,Arizona Cardinals,Tampa Bay Buccaneers,Greg Dortch,ARI,Arizona Cardinals,away,19,16,WR,3,4.10958904109589,0,0,0,0,0,0,3,25,0,11,10,98,0,0
2022,16,,Arizona Cardinals,Tampa Bay Buccaneers,James Conner,ARI,Arizona Cardinals,away,19,16,RB,15,20.54794520547945,0,0,0,0,0,0,15,79,1,8,7,41,0,0
2022,16,,Arizona Cardinals,Tampa Bay Buccaneers,Kamu Grugier-Hill,ARI,Arizona Cardinals,away,19,16,LB,0,0.0,0,0,0,0,0,0,0,0,0,1,1,4,0,0
2022,16,,Arizona Cardinals,Tampa Bay Buccaneers,Keaontay Ingram,ARI,Arizona Cardinals,away,19,16,RB,1,1.36986301369863,0,0,0,0,0,0,1,2,0,0,0,0,0,0
2022,16,,Arizona Cardinals,Tampa Bay Buccaneers,Marquise Brown,ARI,Arizona Cardinals,away,19,16,WR,1,1.36986301369863,0,0,0,0,0,0,1,1,0,6,3,57,0,0
2022,16,,Arizona Cardinals,Tampa Bay Buccaneers,Stephen Anderson,ARI,Arizona Cardinals,away,19,16,TE,0,0.0,0,0,0,0,0,0,0,0,0,2,0,0,0,0
2022,16,,Arizona Cardinals,Tampa Bay Buccaneers,Trace McSorley,ARI,Arizona Cardinals,away,19,16,QB,52,71.23287671232876,24,45,217,0,1,1,7,14,0,0,0,0,0,2
2022,16,,Arizona Cardinals,Tampa Bay Buccaneers,Trey McBride,ARI,Arizona Cardinals,away,19,16,TE,0,0.0,0,0,0,0,0,0,0,0,0,4,3,17,0,0
2022,16,"17 degrees, relative humidity 38%, wind 9 mph",Atlanta Falcons,Baltimore Ravens,Anthony Firkser,ATL,Atlanta Falcons,away,17,9,TE,0,0.0,0,0,0,0,0,0,0,0,0,3,2,10,0,0
2022,16,"17 degrees, relative humidity 38%, wind 9 mph",Atlanta Falcons,Baltimore Ravens,Avery Williams,ATL,Atlanta Falcons,away,17,9,RB,3,4.545454545454546,0,0,0,0,0,0,3,16,0,2,2,14,0,0
2022,16,"17 degrees, relative humidity 38%, wind 9 mph",Atlanta Falcons,Baltimore Ravens,Cordarrelle Patterson,ATL,Atlanta Falcons,away,17,9,RB,8,12.121212121212121,0,0,0,0,0,0,8,17,0,1,1,14,0,0
2022,16,"17 degrees, relative humidity 38%, wind 9 mph",Atlanta Falcons,Baltimore Ravens,Damiere Byrd,ATL,Atlanta Falcons,away,17,9,WR,0,0.0,0,0,0,0,0,0,0,0,0,2,1,15,0,0
2022,16,"17 degrees, relative humidity 38%, wind 9 mph",Atlanta Falcons,Baltimore Ravens,Desmond Ridder,ATL,Atlanta Falcons,away,17,9,QB,37,56.060606060606055,22,33,218,0,0,2,4,8,0,0,0,0,0,1
2022,16,"17 degrees, relative humidity 38%, wind 9 mph",Atlanta Falcons,Baltimore Ravens,Drake London,ATL,Atlanta Falcons,away,17,9,WR,0,0.0,0,0,0,0,0,0,0,0,0,9,7,96,0,1
2022,16,"17 degrees, relative humidity 38%, wind 9 mph",Atlanta Falcons,Baltimore Ravens,MyCole Pruitt,ATL,Atlanta Falcons,away,17,9,TE,0,0.0,0,0,0,0,0,0,0,0,0,1,0,0,0,0
2022,16,"17 degrees, relative humidity 38%, wind 9 mph",Atlanta Falcons,Baltimore Ravens,Olamide Zaccheaus,ATL,Atlanta Falcons,away,17,9,WR,0,0.0,0,0,0,0,0,0,0,0,0,7,4,18,0,0
2022,16,"17 degrees, relative humidity 38%, wind 9 mph",Atlanta Falcons,Baltimore Ravens,Parker Hesse,ATL,Atlanta Falcons,away,17,9,TE,0,0.0,0,0,0,0,0,0,0,0,0,1,1,8,0,0
2022,16,"17 degrees, relative humidity 38%, wind 9 mph",Atlanta Falcons,Baltimore Ravens,Tyler Allgeier,ATL,Atlanta Falcons,away,17,9,RB,18,27.27272727272727,0,0,0,0,0,0,18,74,0,5,4,43,0,0
2022,16,"17 degrees, relative humidity 38%, wind 9 mph",Atlanta Falcons,Baltimore Ravens,DeSean Jackson,BAL,Atlanta Falcons,away,17,9,WR,0,0.0,0,0,0,0,0,0,0,0,0,2,1,10,0,0
2022,16,"17 degrees, relative humidity 38%, wind 9 mph",Atlanta Falcons,Baltimore Ravens,Demarcus Robinson,BAL,Atlanta Falcons,away,17,9,WR,0,0.0,0,0,0,0,0,0,0,0,0,1,1,6,1,0
2022,16,"17 degrees, relative humidity 38%, wind 9 mph",Atlanta Falcons,Baltimore Ravens,Gus Edwards,BAL,Atlanta Falcons,away,17,9,RB,11,21.568627450980394,0,0,0,0,0,0,11,99,0,0,0,0,0,0
2022,16,"17 degrees, relative humidity 38%, wind 9 mph",Atlanta Falcons,Baltimore Ravens,Isaiah Likely,BAL,Atlanta Falcons,away,17,9,TE,0,0.0,0,0,0,0,0,0,0,0,0,2,1,4,0,0
2022,16,"17 degrees, relative humidity 38%, wind 9 mph",Atlanta Falcons,Baltimore Ravens,J.K. Dobbins,BAL,Atlanta Falcons,away,17,9,RB,12,23.52941176470588,0,0,0,0,0,0,12,59,0,1,0,0,0,0
2022,16,"17 degrees, relative humidity 38%, wind 9 mph",Atlanta Falcons,Baltimore Ravens,Josh Oliver,BAL,Atlanta Falcons,away,17,9,TE,0,0.0,0,0,0,0,0,0,0,0,0,3,1,6,0,0
2022,16,"17 degrees, relative humidity 38%, wind 9 mph",Atlanta Falcons,Baltimore Ravens,Justice Hill,BAL,Atlanta Falcons,away,17,9,RB,0,0.0,0,0,0,0,0,0,0,0,0,1,1,4,0,0
2022,16,"17 degrees, relative humidity 38%, wind 9 mph",Atlanta Falcons,Baltimore Ravens,Mark Andrews,BAL,Atlanta Falcons,away,17,9,TE,0,0.0,0,0,0,0,0,0,0,0,0,5,3,45,0,0
2022,16,"17 degrees, relative humidity 38%, wind 9 mph",Atlanta Falcons,Baltimore Ravens,Sammy Watkins,BAL,Atlanta Falcons,away,17,9,WR,0,0.0,0,0,0,0,0,0,0,0,0,1,1,40,0,0
2022,16,"17 degrees, relative humidity 38%, wind 9 mph",Atlanta Falcons,Baltimore Ravens,Tyler Huntley,BAL,Atlanta Falcons,away,17,9,QB,28,54.90196078431373,9,17,115,1,0,0,11,26,0,0,0,0,0,1
2022,16,"7 degrees, relative humidity 72%, wind 17 mph",Chicago Bears,Buffalo Bills,Cole Beasley,BUF,Chicago Bears,away,35,13,WR,0,0.0,0,0,0,0,0,0,0,0,0,1,1,9,0,0
2022,16,"7 degrees, relative humidity 72%, wind 17 mph",Chicago Bears,Buffalo Bills,Dawson Knox,BUF,Chicago Bears,away,35,13,TE,0,0.0,0,0,0,0,0,0,0,0,0,5,3,38,1,0
2022,16,"7 degrees, relative humidity 72%, wind 17 mph",Chicago Bears,Buffalo Bills,Devin Singletary,BUF,Chicago Bears,away,35,13,RB,12,21.052631578947366,0,0,0,0,0,0,12,106,1,3,2,19,0,0
2022,16,"7 degrees, relative humidity 72%, wind 17 mph",Chicago Bears,Buffalo Bills,Gabriel Davis,BUF,Chicago Bears,away,35,13,WR,0,0.0,0,0,0,0,0,0,0,0,0,6,3,45,1,1
2022,16,"7 degrees, relative humidity 72%, wind 17 mph",Chicago Bears,Buffalo Bills,Isaiah McKenzie,BUF,Chicago Bears,away,35,13,WR,1,1.7543859649122806,0,0,0,0,0,0,1,6,0,2,0,0,0,0
2022,16,"7 degrees, relative humidity 72%, wind 17 mph",Chicago Bears,Buffalo Bills,James Cook,BUF,Chicago Bears,away,35,13,RB,11,19.298245614035086,0,0,0,0,0,0,11,99,1,2,1,9,0,0
2022,16,"7 degrees, relative humidity 72%, wind 17 mph",Chicago Bears,Buffalo Bills,Josh Allen,BUF,Chicago Bears,away,35,13,QB,32,56.14035087719298,15,26,172,2,2,1,6,41,1,0,0,0,0,1
2022,16,"7 degrees, relative humidity 72%, wind 17 mph",Chicago Bears,Buffalo Bills,Khalil Shakir,BUF,Chicago Bears,away,35,13,WR,0,0.0,0,0,0,0,0,0,0,0,0,1,1,5,0,0
2022,16,"7 degrees, relative humidity 72%, wind 17 mph",Chicago Bears,Buffalo Bills,Nyheim Hines,BUF,Chicago Bears,away,35,13,RB,1,1.7543859649122806,0,0,0,0,0,0,1,2,0,2,1,9,0,1
2022,16,"7 degrees, relative humidity 72%, wind 17 mph",Chicago Bears,Buffalo Bills,Reggie Gilliam,BUF,Chicago Bears,away,35,13,FB,0,0.0,0,0,0,0,0,0,0,0,0,1,1,12,0,0
2022,16,"7 degrees, relative humidity 72%, wind 17 mph",Chicago Bears,Buffalo Bills,Stefon Diggs,BUF,Chicago Bears,away,35,13,WR,0,0.0,0,0,0,0,0,0,0,0,0,2,2,26,0,0
2022,16,"20 degrees, relative humidity 43%, wind 12 mph",Detroit Lions,Carolina Panthers,Chuba Hubbard,CAR,Detroit Lions,away,37,23,RB,12,18.461538461538463,0,0,0,0,0,0,12,125,0,0,0,0,0,0
2022,16,"20 degrees, relative humidity 43%, wind 12 mph",Detroit Lions,Carolina Panthers,D'Onta Foreman,CAR,Detroit Lions,away,37,23,RB,21,32.30769230769231,0,0,0,0,0,0,21,165,1,0,0,0,0,0
2022,16,"20 degrees, relative humidity 43%, wind 12 mph",Detroit Lions,Carolina Panthers,D.J. Moore,CAR,Detroit Lions,away,37,23,WR,1,1.5384615384615385,0,0,0,0,0,0,1,8,0,7,5,83,1,0
2022,16,"20 degrees, relative humidity 43%, wind 12 mph",Detroit Lions,Carolina Panthers,Ian Thomas,CAR,Detroit Lions,away,37,23,TE,0,0.0,0,0,0,0,0,0,0,0,0,3,1,12,0,0
2022,16,"20 degrees, relative humidity 43%, wind 12 mph",Detroit Lions,Carolina Panthers,Laviska Shenault Jr.,CAR,Detroit Lions,away,37,23,WR,0,0.0,0,0,0,0,0,0,0,0,0,3,3,53,0,0
2022,16,"20 degrees, relative humidity 43%, wind 12 mph",Detroit Lions,Carolina Panthers,Raheem Blackshear,CAR,Detroit Lions,away,37,23,RB,3,4.615384615384616,0,0,0,0,0,0,3,3,1,1,1,12,0,0
2022,16,"20 degrees, relative humidity 43%, wind 12 mph",Detroit Lions,Carolina Panthers,Sam Darnold,CAR,Detroit Lions,away,37,23,QB,28,43.07692307692308,15,22,250,1,0,0,6,19,1,0,0,0,0,0
2022,16,"20 degrees, relative humidity 43%, wind 12 mph",Detroit Lions,Carolina Panthers,Shi Smith,CAR,Detroit Lions,away,37,23,WR,0,0.0,0,0,0,0,0,0,0,0,0,2,1,17,0,1
2022,16,"20 degrees, relative humidity 43%, wind 12 mph",Detroit Lions,Carolina Panthers,Terrace Marshall Jr.,CAR,Detroit Lions,away,37,23,WR,0,0.0,0,0,0,0,0,0,0,0,0,3,2,55,0,0
2022,16,"20 degrees, relative humidity 43%, wind 12 mph",Detroit Lions,Carolina Panthers,Tommy Tremble,CAR,Detroit Lions,away,37,23,TE,0,0.0,0,0,0,0,0,0,0,0,0,2,2,18,0,0
2022,16,"7 degrees, relative humidity 72%, wind 17 mph",Chicago Bears,Buffalo Bills,Byron Pringle,CHI,Chicago Bears,away,35,13,WR,0,0.0,0,0,0,0,0,0,0,0,0,2,2,34,0,0
2022,16,"7 degrees, relative humidity 72%, wind 17 mph",Chicago Bears,Buffalo Bills,Cole Kmet,CHI,Chicago Bears,away,35,13,TE,0,0.0,0,0,0,0,0,0,0,0,0,6,5,27,0,0
2022,16,"7 degrees, relative humidity 72%, wind 17 mph",Chicago Bears,Buffalo Bills,Dante Pettis,CHI,Chicago Bears,away,35,13,WR,0,0.0,0,0,0,0,0,0,0,0,0,5,2,11,1,0
2022,16,"7 degrees, relative humidity 72%, wind 17 mph",Chicago Bears,Buffalo Bills,David Montgomery,CHI,Chicago Bears,away,35,13,RB,16,28.07017543859649,0,0,0,0,0,0,16,62,0,4,4,22,0,1
2022,16,"7 degrees, relative humidity 72%, wind 17 mph",Chicago Bears,Buffalo Bills,Justin Fields,CHI,Chicago Bears,away,35,13,QB,30,52.63157894736842,15,23,119,1,0,2,7,11,0,0,0,0,0,0
2022,16,"7 degrees, relative humidity 72%, wind 17 mph",Chicago Bears,Buffalo Bills,Khalil Herbert,CHI,Chicago Bears,away,35,13,RB,6,10.526315789473683,0,0,0,0,0,0,6,7,0,3,2,-4,0,0
2022,16,"7 degrees, relative humidity 72%, wind 17 mph",Chicago Bears,Buffalo Bills,Nathan Peterman,CHI,Chicago Bears,away,35,13,QB,5,8.771929824561402,3,5,25,0,1,0,0,0,0,0,0,0,0,0
2022,16,"7 degrees, relative humidity 72%, wind 17 mph",Chicago Bears,Buffalo Bills,Ryan Griffin,CHI,Chicago Bears,away,35,13,TE,0,0.0,0,0,0,0,0,0,0,0,0,1,1,2,0,0
2022,16,"7 degrees, relative humidity 72%, wind 17 mph",Chicago Bears,Buffalo Bills,Velus Jones Jr.,CHI,Chicago Bears,away,35,13,WR,0,0.0,0,0,0,0,0,0,0,0,0,4,2,52,0,0
2022,16,"21 degrees, relative humidity 43%, wind 2 mph",New England Patriots,Cincinnati Bengals,Devin Asiasi,CIN,New England Patriots,away,22,18,TE,0,0.0,0,0,0,0,0,0,0,0,0,2,2,5,0,0
2022,16,"21 degrees, relative humidity 43%, wind 2 mph",New England Patriots,Cincinnati Bengals,Ja'Marr Chase,CIN,New England Patriots,away,22,18,WR,0,0.0,0,0,0,0,0,0,0,0,0,11,8,79,0,1
2022,16,"21 degrees, relative humidity 43%, wind 2 mph",New England Patriots,Cincinnati Bengals,Joe Burrow,CIN,New England Patriots,away,22,18,QB,56,73.68421052631578,40,52,375,3,2,2,4,5,0,0,0,0,0,0
2022,16,"21 degrees, relative humidity 43%, wind 2 mph",New England Patriots,Cincinnati Bengals,Joe Mixon,CIN,New England Patriots,away,22,18,RB,16,21.052631578947366,0,0,0,0,0,0,16,65,0,9,7,43,0,0
2022,16,"21 degrees, relative humidity 43%, wind 2 mph",New England Patriots,Cincinnati Bengals,Mitchell Wilcox,CIN,New England Patriots,away,22,18,TE,0,0.0,0,0,0,0,0,0,0,0,0,6,6,35,0,0
2022,16,"21 degrees, relative humidity 43%, wind 2 mph",New England Patriots,Cincinnati Bengals,Samaje Perine,CIN,New England Patriots,away,22,18,RB,4,5.263157894736842,0,0,0,0,0,0,4,3,0,4,3,19,0,0
2022,16,"21 degrees, relative humidity 43%, wind 2 mph",New England Patriots,Cincinnati Bengals,Tee Higgins,CIN,New England Patriots,away,22,18,WR,0,0.0,0,0,0,0,0,0,0,0,0,9,8,128,1,0
2022,16,"21 degrees, relative humidity 43%, wind 2 mph",New England Patriots,Cincinnati Bengals,Trenton Irwin,CIN,New England Patriots,away,22,18,WR,0,0.0,0,0,0,0,0,0,0,0,0,4,3,45,2,0
2022,16,"21 degrees, relative humidity 43%, wind 2 mph",New England Patriots,Cincinnati Bengals,Tyler Boyd,CIN,New England Patriots,away,22,18,WR,0,0.0,0,0,0,0,0,0,0,0,0,4,3,21,0,0
2022,16,"6 degrees, relative humidity 66%, wind 27 mph",Cleveland Browns,New Orleans Saints,Amari Cooper,CLE,Cleveland Browns,away,17,10,WR,0,0.0,0,0,0,0,0,0,0,0,0,10,6,72,0,0
2022,16,"6 degrees, relative humidity 66%, wind 27 mph",Cleveland Browns,New Orleans Saints,David Bell,CLE,Cleveland Browns,away,17,10,WR,0,0.0,0,0,0,0,0,0,0,0,0,2,1,18,0,0
2022,16,"6 degrees, relative humidity 66%, wind 27 mph",Cleveland Browns,New Orleans Saints,David Njoku,CLE,Cleveland Browns,away,17,10,TE,0,0.0,0,0,0,0,0,0,0,0,0,5,2,14,0,0
2022,16,"6 degrees, relative humidity 66%, wind 27 mph",Cleveland Browns,New Orleans Saints,Deshaun Watson,CLE,Cleveland Browns,away,17,10,QB,34,52.307692307692314,15,31,135,0,1,2,3,24,1,0,0,0,0,0
2022,16,"6 degrees, relative humidity 66%, wind 27 mph",Cleveland Browns,New Orleans Saints,Donovan Peoples-Jones,CLE,Cleveland Browns,away,17,10,WR,0,0.0,0,0,0,0,0,0,0,0,0,5,1,2,0,0
2022,16,"6 degrees, relative humidity 66%, wind 27 mph",Cleveland Browns,New Orleans Saints,Kareem Hunt,CLE,Cleveland Browns,away,17,10,RB,7,10.76923076923077,0,0,0,0,0,0,7,8,0,3,3,14,0,0
2022,16,"6 degrees, relative humidity 66%, wind 27 mph",Cleveland Browns,New Orleans Saints,Michael Woods,CLE,Cleveland Browns,away,17,10,UNK,0,0.0,0,0,0,0,0,0,0,0,0,1,1,5,0,0
2022,16,"6 degrees, relative humidity 66%, wind 27 mph",Cleveland Browns,New Orleans Saints,Nick Chubb,CLE,Cleveland Browns,away,17,10,RB,24,36.92307692307693,0,0,0,0,0,0,24,92,0,1,1,10,0,0
2022,16,,Philadelphia Eagles,Dallas Cowboys,CeeDee Lamb,DAL,Philadelphia Eagles,away,40,34,WR,0,0.0,0,0,0,0,0,0,0,0,0,11,10,120,2,0
2022,16,,Philadelphia Eagles,Dallas Cowboys,Dak Prescott,DAL,Philadelphia Eagles,away,40,34,QB,41,62.121212121212125,27,35,347,3,1,6,6,41,0,0,0,0,0,1
2022,16,,Philadelphia Eagles,Dallas Cowboys,Dalton Schultz,DAL,Philadelphia Eagles,away,40,34,TE,0,0.0,0,0,0,0,0,0,0,0,0,4,3,43,0,0
2022,16,,Philadelphia Eagles,Dallas Cowboys,Ezekiel Elliott,DAL,Philadelphia Eagles,away,40,34,RB,16,24.242424242424242,0,0,0,0,0,0,16,55,1,1,1,6,0,0
2022,16,,Philadelphia Eagles,Dallas Cowboys,Jake Ferguson,DAL,Philadelphia Eagles,away,40,34,TE,0,0.0,0,0,0,0,0,0,0,0,0,1,1,24,0,0
2022,16,,Philadelphia Eagles,Dallas Cowboys,Michael Gallup,DAL,Philadelphia Eagles,away,40,34,WR,0,0.0,0,0,0,0,0,0,0,0,0,7,4,36,1,0
2022,16,,Philadelphia Eagles,Dallas Cowboys,Noah Brown,DAL,Philadelphia Eagles,away,40,34,WR,0,0.0,0,0,0,0,0,0,0,0,0,2,1,5,0,0
2022,16,,Philadelphia Eagles,Dallas Cowboys,T.Y. Hilton,DAL,Philadelphia Eagles,away,40,34,WR,0,0.0,0,0,0,0,0,0,0,0,0,1,1,52,0,0
2022,16,,Philadelphia Eagles,Dallas Cowboys,Tony Pollard,DAL,Philadelphia Eagles,away,40,34,RB,9,13.636363636363635,0,0,0,0,0,0,9,19,0,8,6,61,0,0
2022,16,,Denver Broncos,Los Angeles Rams,Brett Rypien,DEN,Denver Broncos,away,51,14,QB,8,14.545454545454545,4,8,45,0,1,0,0,0,0,0,0,0,0,0
2022,16,,Denver Broncos,Los Angeles Rams,Chase Edmonds,DEN,Denver Broncos,away,51,14,RB,6,10.909090909090908,0,0,0,0,0,0,6,31,0,2,2,22,0,0
2022,16,,Denver Broncos,Los Angeles Rams,Courtland Sutton,DEN,Denver Broncos,away,51,14,WR,0,0.0,0,0,0,0,0,0,0,0,0,7,5,64,0,0
2022,16,,Denver Broncos,Los Angeles Rams,Freddie Swain,DEN,Denver Broncos,away,51,14,WR,0,0.0,0,0,0,0,0,0,0,0,0,2,1,11,0,0
2022,16,,Denver Broncos,Los Angeles Rams,Greg Dulcich,DEN,Denver Broncos,away,51,14,TE,0,0.0,0,0,0,0,0,0,0,0,0,8,4,39,1,0
2022,16,,Denver Broncos,Los Angeles Rams,Jalen Virgil,DEN,Denver Broncos,away,51,14,WR,0,0.0,0,0,0,0,0,0,0,0,0,1,0,0,0,0
2022,16,,Denver Broncos,Los Angeles Rams,Jerry Jeudy,DEN,Denver Broncos,away,51,14,WR,0,0.0,0,0,0,0,0,0,0,0,0,10,6,117,0,0
2022,16,,Denver Broncos,Los Angeles Rams,Latavius Murray,DEN,Denver Broncos,away,51,14,RB,8,14.545454545454545,0,0,0,0,0,0,8,34,0,3,1,6,0,0
2022,16,,Denver Broncos,Los Angeles Rams,Marlon Mack,DEN,Denver Broncos,away,51,14,RB,4,7.2727272727272725,0,0,0,0,0,0,4,22,0,1,0,0,0,0
2022,16,,Denver Broncos,Los Angeles Rams,Russell Wilson,DEN,Denver Broncos,away,51,14,QB,29,52.72727272727272,15,27,214,1,3,6,2,17,0,0,0,0,0,0
2022,16,"20 degrees, relative humidity 43%, wind 12 mph",Detroit Lions,Carolina Panthers,Amon-Ra St. Brown,DET,Detroit Lions,away,37,23,WR,1,1.694915254237288,0,0,0,0,0,0,1,0,0,13,7,76,0,0
2022,16,"20 degrees, relative humidity 43%, wind 12 mph",Detroit Lions,Carolina Panthers,Brock Wright,DET,Detroit Lions,away,37,23,TE,0,0.0,0,0,0,0,0,0,0,0,0,1,1,11,0,0
2022,16,"20 degrees, relative humidity 43%, wind 12 mph",Detroit Lions,Carolina Panthers,D'Andre Swift,DET,Detroit Lions,away,37,23,RB,4,6.779661016949152,0,0,0,0,0,0,4,12,0,5,1,13,0,0
2022,16,"20 degrees, relative humidity 43%, wind 12 mph",Detroit Lions,Carolina Panthers,DJ Chark,DET,Detroit Lions,away,37,23,WR,0,0.0,0,0,0,0,0,0,0,0,0,5,4,108,0,0
2022,16,"20 degrees, relative humidity 43%, wind 12 mph",Detroit Lions,Carolina Panthers,Jamaal Williams,DET,Detroit Lions,away,37,23,RB,7,11.864406779661017,0,0,0,0,0,0,7,11,0,2,2,3,0,0
2022,16,"20 degrees, relative humidity 43%, wind 12 mph",Detroit Lions,Carolina Panthers,James Mitchell,DET,Detroit Lions,away,37,23,TE,0,0.0,0,0,0,0,0,0,0,0,0,2,2,31,0,0
2022,16,"20 degrees, relative humidity 43%, wind 12 mph",Detroit Lions,Carolina Panthers,Jameson Williams,DET,Detroit Lions,away,37,23,WR,0,0.0,0,0,0,0,0,0,0,0,0,1,0,0,0,0
2022,16,"20 degrees, relative humidity 43%, wind 12 mph",Detroit Lions,Carolina Panthers,Jared Goff,DET,Detroit Lions,away,37,23,QB,45,76.27118644067797,25,42,355,3,0,2,3,15,0,0,0,0,0,1
2022,16,"20 degrees, relative humidity 43%, wind 12 mph",Detroit Lions,Carolina Panthers,Josh Reynolds,DET,Detroit Lions,away,37,23,WR,0,0.0,0,0,0,0,0,0,0,0,0,4,2,31,0,0
2022,16,"20 degrees, relative humidity 43%, wind 12 mph",Detroit Lions,Carolina Panthers,Justin Jackson,DET,Detroit Lions,away,37,23,RB,1,1.694915254237288,0,0,0,0,0,0,1,-1,0,1,0,0,0,0
2022,16,"20 degrees, relative humidity 43%, wind 12 mph",Detroit Lions,Carolina Panthers,Kalif Raymond,DET,Detroit Lions,away,37,23,WR,1,1.694915254237288,0,0,0,0,0,0,1,8,0,1,1,56,0,0
2022,16,"20 degrees, relative humidity 43%, wind 12 mph",Detroit Lions,Carolina Panthers,Shane Zylstra,DET,Detroit Lions,away,37,23,TE,0,0.0,0,0,0,0,0,0,0,0,0,6,5,26,3,0
2022,16,"45 degrees, relative humidity 68%, wind 14 mph",Miami Dolphins,Green Bay Packers,AJ Dillon,GNB,Miami Dolphins,away,26,20,RB,11,17.46031746031746,0,0,0,0,0,0,11,36,1,3,2,12,0,0
2022,16,"45 degrees, relative humidity 68%, wind 14 mph",Miami Dolphins,Green Bay Packers,Aaron Jones,GNB,Miami Dolphins,away,26,20,RB,6,9.523809523809524,0,0,0,0,0,0,6,25,0,2,2,9,0,0
2022,16,"45 degrees, relative humidity 68%, wind 14 mph",Miami Dolphins,Green Bay Packers,Aaron Rodgers,GNB,Miami Dolphins,away,26,20,QB,45,71.42857142857143,24,38,238,1,1,2,7,18,0,0,0,0,0,1
2022,16,"45 degrees, relative humidity 68%, wind 14 mph",Miami Dolphins,Green Bay Packers,Allen Lazard,GNB,Miami Dolphins,away,26,20,WR,0,0.0,0,0,0,0,0,0,0,0,0,11,5,61,0,0
2022,16,"45 degrees, relative humidity 68%, wind 14 mph",Miami Dolphins,Green Bay Packers,Christian Watson,GNB,Miami Dolphins,away,26,20,WR,0,0.0,0,0,0,0,0,0,0,0,0,8,6,49,0,0
2022,16,"45 degrees, relative humidity 68%, wind 14 mph",Miami Dolphins,Green Bay Packers,Dallin Leavitt,GNB,Miami Dolphins,away,26,20,FS,1,1.5873015873015872,0,0,0,0,0,0,1,0,0,0,0,0,0,0
2022,16,"45 degrees, relative humidity 68%, wind 14 mph",Miami Dolphins,Green Bay Packers,Josiah Deguara,GNB,Miami Dolphins,away,26,20,TE,0,0.0,0,0,0,0,0,0,0,0,0,1,1,4,0,0
2022,16,"45 degrees, relative humidity 68%, wind 14 mph",Miami Dolphins,Green Bay Packers,Marcedes Lewis,GNB,Miami Dolphins,away,26,20,TE,0,0.0,0,0,0,0,0,0,0,0,0,2,2,32,1,0
2022,16,"45 degrees, relative humidity 68%, wind 14 mph",Miami Dolphins,Green Bay Packers,Patrick Taylor,GNB,Miami Dolphins,away,26,20,RB,0,0.0,0,0,0,0,0,0,0,0,0,1,1,17,0,0
2022,16,"45 degrees, relative humidity 68%, wind 14 mph",Miami Dolphins,Green Bay Packers,Randall Cobb,GNB,Miami Dolphins,away,26,20,WR,0,0.0,0,0,0,0,0,0,0,0,0,2,1,5,0,0
2022,16,"45 degrees, relative humidity 68%, wind 14 mph",Miami Dolphins,Green Bay Packers,Robert Tonyan,GNB,Miami Dolphins,away,26,20,TE,0,0.0,0,0,0,0,0,0,0,0,0,2,1,13,0,0
2022,16,"45 degrees, relative humidity 68%, wind 14 mph",Miami Dolphins,Green Bay Packers,Romeo Doubs,GNB,Miami Dolphins,away,26,20,WR,0,0.0,0,0,0,0,0,0,0,0,0,6,3,36,0,0
2022,16,"22 degrees, relative humidity 55%, wind 14 mph",Tennessee Titans,Houston Texans,Amari Rodgers,HOU,Tennessee Titans,away,19,14,WR,0,0.0,0,0,0,0,0,0,0,0,0,2,1,37,0,0
2022,16,"22 degrees, relative humidity 55%, wind 14 mph",Tennessee Titans,Houston Texans,Brandin Cooks,HOU,Tennessee Titans,away,19,14,WR,0,0.0,0,0,0,0,0,0,0,0,0,9,4,34,1,0
2022,16,"22 degrees, relative humidity 55%, wind 14 mph",Tennessee Titans,Houston Texans,Brevin Jordan,HOU,Tennessee Titans,away,19,14,TE,0,0.0,0,0,0,0,0,0,0,0,0,2,2,21,0,0
2022,16,"22 degrees, relative humidity 55%, wind 14 mph",Tennessee Titans,Houston Texans,Chris Moore,HOU,Tennessee Titans,away,19,14,WR,0,0.0,0,0,0,0,0,0,0,0,0,4,2,25,0,0
2022,16,"22 degrees, relative humidity 55%, wind 14 mph",Tennessee Titans,Houston Texans,Dare Ogunbowale,HOU,Tennessee Titans,away,19,14,RB,8,12.903225806451612,0,0,0,0,0,0,8,28,0,0,0,0,0,0
2022,16,"22 degrees, relative humidity 55%, wind 14 mph",Tennessee Titans,Houston Texans,Davis Mills,HOU,Tennessee Titans,away,19,14,QB,32,51.61290322580645,17,28,178,1,1,1,4,8,0,0,0,0,0,2
2022,16,"22 degrees, relative humidity 55%, wind 14 mph",Tennessee Titans,Houston Texans,Jeff Driskel,HOU,Tennessee Titans,away,19,14,QB,6,9.67741935483871,3,4,40,0,0,0,2,2,0,1,1,4,0,0
2022,16,"22 degrees, relative humidity 55%, wind 14 mph",Tennessee Titans,Houston Texans,Jordan Akins,HOU,Tennessee Titans,away,19,14,TE,0,0.0,0,0,0,0,0,0,0,0,0,3,3,39,0,0
2022,16,"22 degrees, relative humidity 55%, wind 14 mph",Tennessee Titans,Houston Texans,Phillip Dorsett,HOU,Tennessee Titans,away,19,14,WR,0,0.0,0,0,0,0,0,0,0,0,0,3,3,45,0,0
2022,16,"22 degrees, relative humidity 55%, wind 14 mph",Tennessee Titans,Houston Texans,Rex Burkhead,HOU,Tennessee Titans,away,19,14,RB,0,0.0,0,0,0,0,0,0,0,0,0,2,2,7,0,0
2022,16,"22 degrees, relative humidity 55%, wind 14 mph",Tennessee Titans,Houston Texans,Royce Freeman,HOU,Tennessee Titans,away,19,14,RB,16,25.806451612903224,0,0,0,0,0,0,16,32,0,1,1,6,0,0
2022,16,"22 degrees, relative humidity 55%, wind 14 mph",Tennessee Titans,Houston Texans,Teagan Quitoriano,HOU,Tennessee Titans,away,19,14,TE,0,0.0,0,0,0,0,0,0,0,0,0,1,0,0,0,0
2022,16,"22 degrees, relative humidity 55%, wind 14 mph",Tennessee Titans,Houston Texans,Troy Hairston,HOU,Tennessee Titans,away,19,14,FB,0,0.0,0,0,0,0,0,0,0,0,0,1,1,0,0,0
2022,16,,Indianapolis Colts,Los Angeles Chargers,Alec Pierce,IND,Indianapolis Colts,away,20,3,WR,0,0.0,0,0,0,0,0,0,0,0,0,4,3,26,0,0
2022,16,,Indianapolis Colts,Los Angeles Chargers,Deon Jackson,IND,Indianapolis Colts,away,20,3,RB,0,0.0,0,0,0,0,0,0,0,0,0,3,3,9,0,0
2022,16,,Indianapolis Colts,Los Angeles Chargers,Jelani Woods,IND,Indianapolis Colts,away,20,3,TE,0,0.0,0,0,0,0,0,0,0,0,0,5,3,43,0,0
2022,16,,Indianapolis Colts,Los Angeles Chargers,Jordan Wilkins,IND,Indianapolis Colts,away,20,3,RB,1,2.3255813953488373,0,0,0,0,0,0,1,4,0,1,0,0,0,0
2022,16,,Indianapolis Colts,Los Angeles Chargers,Michael Pittman Jr.,IND,Indianapolis Colts,away,20,3,WR,0,0.0,0,0,0,0,0,0,0,0,0,7,4,39,0,0
2022,16,,Indianapolis Colts,Los Angeles Chargers,Mo Alie-Cox,IND,Indianapolis Colts,away,20,3,TE,0,0.0,0,0,0,0,0,0,0,0,0,2,1,2,0,0
2022,16,,Indianapolis Colts,Los Angeles Chargers,Nick Foles,IND,Indianapolis Colts,away,20,3,QB,30,69.76744186046511,17,29,143,0,3,7,1,0,0,0,0,0,0,0
2022,16,,Indianapolis Colts,Los Angeles Chargers,Parris Campbell,IND,Indianapolis Colts,away,20,3,WR,0,0.0,0,0,0,0,0,0,0,0,0,5,2,19,0,0
2022,16,,Indianapolis Colts,Los Angeles Chargers,Zack Moss,IND,Indianapolis Colts,away,20,3,RB,12,27.906976744186046,0,0,0,0,0,0,12,65,0,1,1,5,0,0
2022,16,"43 degrees, relative humidity 89%, wind 17 mph",New York Jets,Jacksonville Jaguars,C.J. Beathard,JAX,New York Jets,away,19,3,QB,3,4.285714285714286,0,0,0,0,0,0,3,-3,0,0,0,0,0,0
2022,16,"43 degrees, relative humidity 89%, wind 17 mph",New York Jets,Jacksonville Jaguars,Christian Kirk,JAX,New York Jets,away,19,3,WR,1,1.4285714285714286,0,0,0,0,0,0,1,4,0,6,3,22,0,0
2022,16,"43 degrees, relative humidity 89%, wind 17 mph",New York Jets,Jacksonville Jaguars,Dan Arnold,JAX,New York Jets,away,19,3,TE,0,0.0,0,0,0,0,0,0,0,0,0,1,1,17,0,0
2022,16,"43 degrees, relative humidity 89%, wind 17 mph",New York Jets,Jacksonville Jaguars,Evan Engram,JAX,New York Jets,away,19,3,TE,0,0.0,0,0,0,0,0,0,0,0,0,8,7,113,0,0
2022,16,"43 degrees, relative humidity 89%, wind 17 mph",New York Jets,Jacksonville Jaguars,Jamal Agnew,JAX,New York Jets,away,19,3,WR,0,0.0,0,0,0,0,0,0,0,0,0,1,1,8,0,0
2022,16,"43 degrees, relative humidity 89%, wind 17 mph",New York Jets,Jacksonville Jaguars,Jamycal Hasty,JAX,New York Jets,away,19,3,RB,3,4.285714285714286,0,0,0,0,0,0,3,10,0,3,1,11,0,0
2022,16,"43 degrees, relative humidity 89%, wind 17 mph",New York Jets,Jacksonville Jaguars,Marvin Jones,JAX,New York Jets,away,19,3,WR,0,0.0,0,0,0,0,0,0,0,0,0,4,3,15,0,0
2022,16,"43 degrees, relative humidity 89%, wind 17 mph",New York Jets,Jacksonville Jaguars,Snoop Conner,JAX,New York Jets,away,19,3,RB,2,2.857142857142857,0,0,0,0,0,0,2,5,0,0,0,0,0,0
2022,16,"43 degrees, relative humidity 89%, wind 17 mph",New York Jets,Jacksonville Jaguars,Travis Etienne,JAX,New York Jets,away,19,3,RB,22,31.428571428571427,0,0,0,0,0,0,22,83,0,3,3,29,0,0
2022,16,"43 degrees, relative humidity 89%, wind 17 mph",New York Jets,Jacksonville Jaguars,Trevor Lawrence,JAX,New York Jets,away,19,3,QB,38,54.285714285714285,20,31,229,0,0,1,7,51,1,0,0,0,0,1
2022,16,"43 degrees, relative humidity 89%, wind 17 mph",New York Jets,Jacksonville Jaguars,Zay Jones,JAX,New York Jets,away,19,3,WR,1,1.4285714285714286,0,0,0,0,0,0,1,-3,0,4,1,14,0,0
2022,16,"12 degrees, relative humidity 61%, wind 9 mph",Seattle Seahawks,Kansas City Chiefs,Isiah Pacheco,KAN,Seattle Seahawks,away,24,10,RB,14,28.000000000000004,0,0,0,0,0,0,14,58,0,2,1,32,0,0
2022,16,"12 degrees, relative humidity 61%, wind 9 mph",Seattle Seahawks,Kansas City Chiefs,Jerick McKinnon,KAN,Seattle Seahawks,away,24,10,RB,5,10.0,0,0,0,0,0,0,5,7,0,3,3,31,1,0
2022,16,"12 degrees, relative humidity 61%, wind 9 mph",Seattle Seahawks,Kansas City Chiefs,JuJu Smith-Schuster,KAN,Seattle Seahawks,away,24,10,WR,0,0.0,0,0,0,0,0,0,0,0,0,4,3,27,0,0
2022,16,"12 degrees, relative humidity 61%, wind 9 mph",Seattle Seahawks,Kansas City Chiefs,Justin Watson,KAN,Seattle Seahawks,away,24,10,WR,0,0.0,0,0,0,0,0,0,0,0,0,4,0,0,0,0
2022,16,"12 degrees, relative humidity 61%, wind 9 mph",Seattle Seahawks,Kansas City Chiefs,Kadarius Toney,KAN,Seattle Seahawks,away,24,10,WR,0,0.0,0,0,0,0,0,0,0,0,0,2,1,8,1,0
2022,16,"12 degrees, relative humidity 61%, wind 9 mph",Seattle Seahawks,Kansas City Chiefs,Marquez Valdes-Scantling,KAN,Seattle Seahawks,away,24,10,WR,0,0.0,0,0,0,0,0,0,0,0,0,2,0,0,0,0
2022,16,"12 degrees, relative humidity 61%, wind 9 mph",Seattle Seahawks,Kansas City Chiefs,Noah Gray,KAN,Seattle Seahawks,away,24,10,TE,0,0.0,0,0,0,0,0,0,0,0,0,1,1,8,0,0
2022,16,"12 degrees, relative humidity 61%, wind 9 mph",Seattle Seahawks,Kansas City Chiefs,Patrick Mahomes,KAN,Seattle Seahawks,away,24,10,QB,30,60.0,16,28,224,2,0,1,2,8,1,0,0,0,0,0
2022,16,"12 degrees, relative humidity 61%, wind 9 mph",Seattle Seahawks,Kansas City Chiefs,Ronald Jones,KAN,Seattle Seahawks,away,24,10,UNK,1,2.0,0,0,0,0,0,0,1,4,0,0,0,0,0,0
2022,16,"12 degrees, relative humidity 61%, wind 9 mph",Seattle Seahawks,Kansas City Chiefs,Skyy Moore,KAN,Seattle Seahawks,away,24,10,WR,0,0.0,0,0,0,0,0,0,0,0,0,1,1,5,0,0
2022,16,"12 degrees, relative humidity 61%, wind 9 mph",Seattle Seahawks,Kansas City Chiefs,Travis Kelce,KAN,Seattle Seahawks,away,24,10,TE,0,0.0,0,0,0,0,0,0,0,0,0,8,6,113,0,0
2022,16,,Indianapolis Colts,Los Angeles Chargers,Austin Ekeler,LAC,Indianapolis Colts,away,20,3,RB,18,28.57142857142857,0,0,0,0,0,0,18,67,2,4,4,12,0,0
2022,16,,Indianapolis Colts,Los Angeles Chargers,Donald Parham,LAC,Indianapolis Colts,away,20,3,TE,0,0.0,0,0,0,0,0,0,0,0,0,2,1,8,0,0
2022,16,,Indianapolis Colts,Los Angeles Chargers,Josh Palmer,LAC,Indianapolis Colts,away,20,3,WR,0,0.0,0,0,0,0,0,0,0,0,0,3,2,16,0,0
2022,16,,Indianapolis Colts,Los Angeles Chargers,Joshua Kelley,LAC,Indianapolis Colts,away,20,3,RB,9,14.285714285714285,0,0,0,0,0,0,9,33,0,1,1,9,0,0
2022,16,,Indianapolis Colts,Los Angeles Chargers,Justin Herbert,LAC,Indianapolis Colts,away,20,3,QB,36,57.14285714285714,24,31,235,0,1,4,5,1,0,0,0,0,0,1
2022,16,,Indianapolis Colts,Los Angeles Chargers,Keenan Allen,LAC,Indianapolis Colts,away,20,3,WR,0,0.0,0,0,0,0,0,0,0,0,0,14,11,104,0,0
2022,16,,Indianapolis Colts,Los Angeles Chargers,Mike Williams,LAC,Indianapolis Colts,away,20,3,WR,0,0.0,0,0,0,0,0,0,0,0,0,4,4,76,0,0
2022,16,,Indianapolis Colts,Los Angeles Chargers,Tre' McKitty,LAC,Indianapolis Colts,away,20,3,TE,0,0.0,0,0,0,0,0,0,0,0,0,2,1,10,0,0
2022,16,,Denver Broncos,Los Angeles Rams,Baker Mayfield,LAR,Denver Broncos,away,51,14,QB,30,46.875,24,28,230,2,0,0,2,2,0,0,0,0,0,1
2022,16,,Denver Broncos,Los Angeles Rams,Brandon Powell,LAR,Denver Broncos,away,51,14,WR,2,3.125,0,0,0,0,0,0,2,3,0,3,3,12,0,0
2022,16,,Denver Broncos,Los Angeles Rams,Bryce Perkins,LAR,Denver Broncos,away,51,14,QB,1,1.5625,0,0,0,0,0,0,1,-2,0,0,0,0,0,0
2022,16,,Denver Broncos,Los Angeles Rams,Brycen Hopkins,LAR,Denver Broncos,away,51,14,TE,0,0.0,0,0,0,0,0,0,0,0,0,3,3,57,0,0
2022,16,,Denver Broncos,Los Angeles Rams,Cam Akers,LAR,Denver Broncos,away,51,14,RB,23,35.9375,0,0,0,0,0,0,23,118,3,2,2,29,0,0
2022,16,,Denver Broncos,Los Angeles Rams,Kyren Williams,LAR,Denver Broncos,away,51,14,RB,6,9.375,0,0,0,0,0,0,6,18,0,1,1,3,0,0
2022,16,,Denver Broncos,Los Angeles Rams,Malcolm Brown,LAR,Denver Broncos,away,51,14,RB,2,3.125,0,0,0,0,0,0,2,19,0,1,1,2,0,0
2022,16,,Denver Broncos,Los Angeles Rams,Tutu Atwell,LAR,Denver Broncos,away,51,14,WR,0,0.0,0,0,0,0,0,0,0,0,0,2,2,14,0,0
2022,16,,Denver Broncos,Los Angeles Rams,Tyler Higbee,LAR,Denver Broncos,away,51,14,TE,0,0.0,0,0,0,0,0,0,0,0,0,11,9,94,2,0
2022,16,,Denver Broncos,Los Angeles Rams,Van Jefferson,LAR,Denver Broncos,away,51,14,WR,0,0.0,0,0,0,0,0,0,0,0,0,5,3,19,0,0
2022,16,"9 degrees, relative humidity 76%, wind 21 mph",Las Vegas Raiders,Pittsburgh Steelers,Ameer Abdullah,LVR,Las Vegas Raiders,away,13,10,RB,0,0.0,0,0,0,0,0,0,0,0,0,2,2,27,0,0
2022,16,"9 degrees, relative humidity 76%, wind 21 mph",Las Vegas Raiders,Pittsburgh Steelers,Brandon Bolden,LVR,Las Vegas Raiders,away,13,10,RB,1,2.0408163265306123,0,0,0,0,0,0,1,0,0,0,0,0,0,0
2022,16,"9 degrees, relative humidity 76%, wind 21 mph",Las Vegas Raiders,Pittsburgh Steelers,Darren Waller,LVR,Las Vegas Raiders,away,13,10,TE,0,0.0,0,0,0,0,0,0,0,0,0,5,4,58,0,0
2022,16,"9 degrees, relative humidity 76%, wind 21 mph",Las Vegas Raiders,Pittsburgh Steelers,Davante Adams,LVR,Las Vegas Raiders,away,13,10,WR,0,0.0,0,0,0,0,0,0,0,0,0,9,2,15,0,0
2022,16,"9 degrees, relative humidity 76%, wind 21 mph",Las Vegas Raiders,Pittsburgh Steelers,Derek Carr,LVR,Las Vegas Raiders,away,13,10,QB,33,67.3469387755102,16,30,174,1,3,3,3,14,0,0,0,0,0,0
2022,16,"9 degrees, relative humidity 76%, wind 21 mph",Las Vegas Raiders,Pittsburgh Steelers,Foster Moreau,LVR,Las Vegas Raiders,away,13,10,TE,0,0.0,0,0,0,0,0,0,0,0,0,3,2,19,0,0
2022,16,"9 degrees, relative humidity 76%, wind 21 mph",Las Vegas Raiders,Pittsburgh Steelers,Hunter Renfrow,LVR,Las Vegas Raiders,away,13,10,WR,0,0.0,0,0,0,0,0,0,0,0,0,7,4,42,1,0
2022,16,"9 degrees, relative humidity 76%, wind 21 mph",Las Vegas Raiders,Pittsburgh Steelers,Josh Jacobs,LVR,Las Vegas Raiders,away,13,10,RB,15,30.612244897959183,0,0,0,0,0,0,15,44,0,1,1,6,0,0
2022,16,"9 degrees, relative humidity 76%, wind 21 mph",Las Vegas Raiders,Pittsburgh Steelers,Keelan Cole,LVR,Las Vegas Raiders,away,13,10,WR,0,0.0,0,0,0,0,0,0,0,0,0,1,0,0,0,0
2022,16,"9 degrees, relative humidity 76%, wind 21 mph",Las Vegas Raiders,Pittsburgh Steelers,Mack Hollins,LVR,Las Vegas Raiders,away,13,10,WR,0,0.0,0,0,0,0,0,0,0,0,0,2,1,7,0,0
2022,16,"45 degrees, relative humidity 68%, wind 14 mph",Miami Dolphins,Green Bay Packers,Alec Ingold,MIA,Miami Dolphins,away,26,20,FB,0,0.0,0,0,0,0,0,0,0,0,0,2,0,0,0,0
2022,16,"45 degrees, relative humidity 68%, wind 14 mph",Miami Dolphins,Green Bay Packers,Durham Smythe,MIA,Miami Dolphins,away,26,20,TE,0,0.0,0,0,0,0,0,0,0,0,0,1,1,8,0,0
2022,16,"45 degrees, relative humidity 68%, wind 14 mph",Miami Dolphins,Green Bay Packers,Jaylen Waddle,MIA,Miami Dolphins,away,26,20,WR,0,0.0,0,0,0,0,0,0,0,0,0,6,5,143,1,0
2022,16,"45 degrees, relative humidity 68%, wind 14 mph",Miami Dolphins,Green Bay Packers,Jeff Wilson,MIA,Miami Dolphins,away,26,20,RB,9,20.930232558139537,0,0,0,0,0,0,9,37,1,2,1,3,0,0
2022,16,"45 degrees, relative humidity 68%, wind 14 mph",Miami Dolphins,Green Bay Packers,Mike Gesicki,MIA,Miami Dolphins,away,26,20,TE,0,0.0,0,0,0,0,0,0,0,0,0,2,1,24,0,0
2022,16,"45 degrees, relative humidity 68%, wind 14 mph",Miami Dolphins,Green Bay Packers,Raheem Mostert,MIA,Miami Dolphins,away,26,20,RB,8,18.6046511627907,0,0,0,0,0,0,8,45,0,3,2,4,0,1
2022,16,"45 degrees, relative humidity 68%, wind 14 mph",Miami Dolphins,Green Bay Packers,Trent Sherfield,MIA,Miami Dolphins,away,26,20,WR,0,0.0,0,0,0,0,0,0,0,0,0,2,2,25,0,0
2022,16,"45 degrees, relative humidity 68%, wind 14 mph",Miami Dolphins,Green Bay Packers,Tua Tagovailoa,MIA,Miami Dolphins,away,26,20,QB,26,60.46511627906976,16,25,310,1,3,2,1,0,0,0,0,0,0,2
2022,16,"45 degrees, relative humidity 68%, wind 14 mph",Miami Dolphins,Green Bay Packers,Tyreek Hill,MIA,Miami Dolphins,away,26,20,WR,0,0.0,0,0,0,0,0,0,0,0,0,6,4,103,0,0
2022,16,,New York Giants,Minnesota Vikings,Adam Thielen,MIN,New York Giants,away,27,24,WR,0,0.0,0,0,0,0,0,0,0,0,0,5,1,6,0,0
2022,16,,New York Giants,Minnesota Vikings,Alexander Mattison,MIN,New York Giants,away,27,24,RB,4,5.970149253731343,0,0,0,0,0,0,4,17,0,0,0,0,0,0
2022,16,,New York Giants,Minnesota Vikings,C.J. Ham,MIN,New York Giants,away,27,24,FB,0,0.0,0,0,0,0,0,0,0,0,0,1,1,5,0,0
2022,16,,New York Giants,Minnesota Vikings,Dalvin Cook,MIN,New York Giants,away,27,24,RB,14,20.8955223880597,0,0,0,0,0,0,14,64,0,4,3,13,0,0
2022,16,,New York Giants,Minnesota Vikings,Johnny Mundt,MIN,New York Giants,away,27,24,TE,0,0.0,0,0,0,0,0,0,0,0,0,1,1,16,0,0
2022,16,,New York Giants,Minnesota Vikings,Justin Jefferson,MIN,New York Giants,away,27,24,WR,0,0.0,0,0,0,0,0,0,0,0,0,16,12,133,1,0
2022,16,,New York Giants,Minnesota Vikings,K.J. Osborn,MIN,New York Giants,away,27,24,WR,0,0.0,0,0,0,0,0,0,0,0,0,4,3,17,0,0
2022,16,,New York Giants,Minnesota Vikings,Kirk Cousins,MIN,New York Giants,away,27,24,QB,49,73.13432835820896,34,48,299,3,0,4,1,2,0,0,0,0,0,0
2022,16,,New York Giants,Minnesota Vikings,T.J. Hockenson,MIN,New York Giants,away,27,24,TE,0,0.0,0,0,0,0,0,0,0,0,0,16,13,109,2,0
2022,16,"6 degrees, relative humidity 66%, wind 27 mph",Cleveland Browns,New Orleans Saints,Adam Prentice,NOR,Cleveland Browns,away,17,10,FB,2,3.7037037037037033,0,0,0,0,0,0,2,5,0,0,0,0,0,0
2022,16,"6 degrees, relative humidity 66%, wind 27 mph",Cleveland Browns,New Orleans Saints,Alvin Kamara,NOR,Cleveland Browns,away,17,10,RB,20,37.03703703703704,0,0,0,0,0,0,20,76,1,4,2,34,0,0
2022,16,"6 degrees, relative humidity 66%, wind 27 mph",Cleveland Browns,New Orleans Saints,Andy Dalton,NOR,Cleveland Browns,away,17,10,QB,16,29.629629629629626,8,15,92,0,1,0,1,-1,0,0,0,0,0,2
2022,16,"6 degrees, relative humidity 66%, wind 27 mph",Cleveland Browns,New Orleans Saints,David Johnson,NOR,Cleveland Browns,away,17,10,RB,7,12.962962962962962,0,0,0,0,0,0,7,16,0,1,1,8,0,0
2022,16,"6 degrees, relative humidity 66%, wind 27 mph",Cleveland Browns,New Orleans Saints,Juwan Johnson,NOR,Cleveland Browns,away,17,10,TE,0,0.0,0,0,0,0,0,0,0,0,0,2,1,9,0,0
2022,16,"6 degrees, relative humidity 66%, wind 27 mph",Cleveland Browns,New Orleans Saints,Keith Kirkwood,NOR,Cleveland Browns,away,17,10,WR,0,0.0,0,0,0,0,0,0,0,0,0,2,0,0,0,0
2022,16,"6 degrees, relative humidity 66%, wind 27 mph",Cleveland Browns,New Orleans Saints,Rashid Shaheed,NOR,Cleveland Browns,away,17,10,WR,0,0.0,0,0,0,0,0,0,0,0,0,5,4,41,0,0
2022,16,"6 degrees, relative humidity 66%, wind 27 mph",Cleveland Browns,New Orleans Saints,Taysom Hill,NOR,Cleveland Browns,away,17,10,TE,9,16.666666666666664,0,0,0,0,0,0,9,56,1,0,0,0,0,0
2022,16,"21 degrees, relative humidity 43%, wind 2 mph",New England Patriots,Cincinnati Bengals,Jakobi Meyers,NWE,New England Patriots,away,22,18,WR,0,0.0,0,0,0,0,0,0,0,0,0,7,6,83,1,0
2022,16,"21 degrees, relative humidity 43%, wind 2 mph",New England Patriots,Cincinnati Bengals,Jonnu Smith,NWE,New England Patriots,away,22,18,TE,0,0.0,0,0,0,0,0,0,0,0,0,4,3,21,0,0
2022,16,"21 degrees, relative humidity 43%, wind 2 mph",New England Patriots,Cincinnati Bengals,Kendrick Bourne,NWE,New England Patriots,away,22,18,WR,1,2.0408163265306123,0,0,0,0,0,0,1,29,0,9,6,100,1,0
2022,16,"21 degrees, relative humidity 43%, wind 2 mph",New England Patriots,Cincinnati Bengals,Kevin Harris,NWE,New England Patriots,away,22,18,RB,1,2.0408163265306123,0,0,0,0,0,0,1,3,0,0,0,0,0,0
2022,16,"21 degrees, relative humidity 43%, wind 2 mph",New England Patriots,Cincinnati Bengals,Mac Jones,NWE,New England Patriots,away,22,18,QB,34,69.38775510204081,21,33,240,2,0,4,1,-1,0,0,0,0,0,0
2022,16,"21 degrees, relative humidity 43%, wind 2 mph",New England Patriots,Cincinnati Bengals,Marcus Jones,NWE,New England Patriots,away,22,18,CB,0,0.0,0,0,0,0,0,0,0,0,0,1,1,15,0,1
2022,16,"21 degrees, relative humidity 43%, wind 2 mph",New England Patriots,Cincinnati Bengals,Pierre Strong,NWE,New England Patriots,away,22,18,RB,0,0.0,0,0,0,0,0,0,0,0,0,2,2,10,0,0
2022,16,"21 degrees, relative humidity 43%, wind 2 mph",New England Patriots,Cincinnati Bengals,Rhamondre Stevenson,NWE,New England Patriots,away,22,18,RB,13,26.53061224489796,0,0,0,0,0,0,13,30,0,5,2,3,0,2
2022,16,"21 degrees, relative humidity 43%, wind 2 mph",New England Patriots,Cincinnati Bengals,Tyquan Thornton,NWE,New England Patriots,away,22,18,WR,0,0.0,0,0,0,0,0,0,0,0,0,3,1,8,0,0
2022,16,,New York Giants,Minnesota Vikings,Daniel Bellinger,NYG,New York Giants,away,27,24,TE,0,0.0,0,0,0,0,0,0,0,0,0,2,2,27,0,1
2022,16,,New York Giants,Minnesota Vikings,Daniel Jones,NYG,New York Giants,away,27,24,QB,46,73.01587301587301,30,42,334,1,1,3,4,34,0,0,0,0,0,1
2022,16,,New York Giants,Minnesota Vikings,Darius Slayton,NYG,New York Giants,away,27,24,WR,0,0.0,0,0,0,0,0,0,0,0,0,6,4,79,0,0
2022,16,,New York Giants,Minnesota Vikings,Gary Brightwell,NYG,New York Giants,away,27,24,RB,1,1.5873015873015872,0,0,0,0,0,0,1,-1,0,0,0,0,0,0
2022,16,,New York Giants,Minnesota Vikings,Isaiah Hodgins,NYG,New York Giants,away,27,24,WR,0,0.0,0,0,0,0,0,0,0,0,0,12,8,89,1,0
2022,16,,New York Giants,Minnesota Vikings,Matt Breida,NYG,New York Giants,away,27,24,RB,2,3.1746031746031744,0,0,0,0,0,0,2,9,0,0,0,0,0,0
2022,16,,New York Giants,Minnesota Vikings,Richie James,NYG,New York Giants,away,27,24,WR,0,0.0,0,0,0,0,0,0,0,0,0,11,8,90,0,0
2022,16,,New York Giants,Minnesota Vikings,Saquon Barkley,NYG,New York Giants,away,27,24,RB,14,22.22222222222222,0,0,0,0,0,0,14,84,1,10,8,49,0,0
2022,16,"43 degrees, relative humidity 89%, wind 17 mph",New York Jets,Jacksonville Jaguars,C.J. Uzomah,NYJ,New York Jets,away,19,3,TE,0,0.0,0,0,0,0,0,0,0,0,0,1,1,30,0,0
2022,16,"43 degrees, relative humidity 89%, wind 17 mph",New York Jets,Jacksonville Jaguars,Chris Streveler,NYJ,New York Jets,away,19,3,QB,24,45.28301886792453,10,15,90,0,0,0,9,54,0,0,0,0,0,1
2022,16,"43 degrees, relative humidity 89%, wind 17 mph",New York Jets,Jacksonville Jaguars,Corey Davis,NYJ,New York Jets,away,19,3,WR,0,0.0,0,0,0,0,0,0,0,0,0,7,2,14,0,0
2022,16,"43 degrees, relative humidity 89%, wind 17 mph",New York Jets,Jacksonville Jaguars,Elijah Moore,NYJ,New York Jets,away,19,3,WR,0,0.0,0,0,0,0,0,0,0,0,0,3,2,15,0,0
2022,16,"43 degrees, relative humidity 89%, wind 17 mph",New York Jets,Jacksonville Jaguars,Garrett Wilson,NYJ,New York Jets,away,19,3,WR,0,0.0,0,0,0,0,0,0,0,0,0,9,4,30,0,1
2022,16,"43 degrees, relative humidity 89%, wind 17 mph",New York Jets,Jacksonville Jaguars,Michael Carter,NYJ,New York Jets,away,19,3,RB,2,3.7735849056603774,0,0,0,0,0,0,2,6,0,5,5,44,0,0
2022,16,"43 degrees, relative humidity 89%, wind 17 mph",New York Jets,Jacksonville Jaguars,Ty Johnson,NYJ,New York Jets,away,19,3,RB,2,3.7735849056603774,0,0,0,0,0,0,2,7,0,0,0,0,0,0
2022,16,"43 degrees, relative humidity 89%, wind 17 mph",New York Jets,Jacksonville Jaguars,Tyler Conklin,NYJ,New York Jets,away,19,3,TE,0,0.0,0,0,0,0,0,0,0,0,0,4,4,34,0,0
2022,16,"43 degrees, relative humidity 89%, wind 17 mph",New York Jets,Jacksonville Jaguars,Zach Wilson,NYJ,New York Jets,away,19,3,QB,19,35.84905660377358,9,18,92,0,1,3,1,1,0,0,0,0,0,0
2022,16,"43 degrees, relative humidity 89%, wind 17 mph",New York Jets,Jacksonville Jaguars,Zonovan Knight,NYJ,New York Jets,away,19,3,RB,6,11.320754716981133,0,0,0,0,0,0,6,-2,0,1,1,15,0,0
2022,16,,Philadelphia Eagles,Dallas Cowboys,A.J. Brown,PHI,Philadelphia Eagles,away,40,34,WR,0,0.0,0,0,0,0,0,0,0,0,0,8,6,103,0,0
2022,16,,Philadelphia Eagles,Dallas Cowboys,Dallas Goedert,PHI,Philadelphia Eagles,away,40,34,TE,0,0.0,0,0,0,0,0,0,0,0,0,3,3,67,0,0
2022,16,,Philadelphia Eagles,Dallas Cowboys,DeVonta Smith,PHI,Philadelphia Eagles,away,40,34,WR,0,0.0,0,0,0,0,0,0,0,0,0,12,8,113,2,0
2022,16,,Philadelphia Eagles,Dallas Cowboys,Gardner Minshew,PHI,Philadelphia Eagles,away,40,34,UNK,44,63.76811594202898,24,40,355,2,2,0,4,5,1,0,0,0,0,2
2022,16,,Philadelphia Eagles,Dallas Cowboys,Kenneth Gainwell,PHI,Philadelphia Eagles,away,40,34,RB,4,5.797101449275362,0,0,0,0,0,0,4,17,0,4,4,41,0,0
2022,16,,Philadelphia Eagles,Dallas Cowboys,Miles Sanders,PHI,Philadelphia Eagles,away,40,34,RB,21,30.434782608695656,0,0,0,0,0,0,21,65,0,1,1,6,0,1
2022,16,,Philadelphia Eagles,Dallas Cowboys,Quez Watkins,PHI,Philadelphia Eagles,away,40,34,WR,0,0.0,0,0,0,0,0,0,0,0,0,5,1,19,0,0
2022,16,,Philadelphia Eagles,Dallas Cowboys,Zach Pascal,PHI,Philadelphia Eagles,away,40,34,WR,0,0.0,0,0,0,0,0,0,0,0,0,1,1,6,0,0
2022,16,"9 degrees, relative humidity 76%, wind 21 mph",Las Vegas Raiders,Pittsburgh Steelers,Connor Heyward,PIT,Las Vegas Raiders,away,13,10,TE,1,1.5151515151515151,0,0,0,0,0,0,1,21,0,3,0,0,0,0
2022,16,"9 degrees, relative humidity 76%, wind 21 mph",Las Vegas Raiders,Pittsburgh Steelers,Derek Watt,PIT,Las Vegas Raiders,away,13,10,FB,1,1.5151515151515151,0,0,0,0,0,0,1,0,0,0,0,0,0,0
2022,16,"9 degrees, relative humidity 76%, wind 21 mph",Las Vegas Raiders,Pittsburgh Steelers,Diontae Johnson,PIT,Las Vegas Raiders,away,13,10,WR,0,0.0,0,0,0,0,0,0,0,0,0,7,5,64,0,0
2022,16,"9 degrees, relative humidity 76%, wind 21 mph",Las Vegas Raiders,Pittsburgh Steelers,George Pickens,PIT,Las Vegas Raiders,away,13,10,WR,0,0.0,0,0,0,0,0,0,0,0,0,5,5,57,1,0
2022,16,"9 degrees, relative humidity 76%, wind 21 mph",Las Vegas Raiders,Pittsburgh Steelers,Jaylen Warren,PIT,Las Vegas Raiders,away,13,10,RB,6,9.090909090909092,0,0,0,0,0,0,6,23,0,2,1,7,0,0
2022,16,"9 degrees, relative humidity 76%, wind 21 mph",Las Vegas Raiders,Pittsburgh Steelers,Kenny Pickett,PIT,Las Vegas Raiders,away,13,10,QB,42,63.63636363636363,26,39,244,1,1,0,3,9,0,0,0,0,0,0
2022,16,"9 degrees, relative humidity 76%, wind 21 mph",Las Vegas Raiders,Pittsburgh Steelers,Najee Harris,PIT,Las Vegas Raiders,away,13,10,RB,16,24.242424242424242,0,0,0,0,0,0,16,53,0,9,6,42,0,0
2022,16,"9 degrees, relative humidity 76%, wind 21 mph",Las Vegas Raiders,Pittsburgh Steelers,Pat Freiermuth,PIT,Las Vegas Raiders,away,13,10,TE,0,0.0,0,0,0,0,0,0,0,0,0,8,7,66,0,0
2022,16,"9 degrees, relative humidity 76%, wind 21 mph",Las Vegas Raiders,Pittsburgh Steelers,Steven Sims,PIT,Las Vegas Raiders,away,13,10,WR,0,0.0,0,0,0,0,0,0,0,0,0,1,1,7,0,0
2022,16,"9 degrees, relative humidity 76%, wind 21 mph",Las Vegas Raiders,Pittsburgh Steelers,Zach Gentry,PIT,Las Vegas Raiders,away,13,10,TE,0,0.0,0,0,0,0,0,0,0,0,0,1,1,1,0,0
2022,16,"12 degrees, relative humidity 61%, wind 9 mph",Seattle Seahawks,Kansas City Chiefs,Colby Parkinson,SEA,Seattle Seahawks,away,24,10,TE,0,0.0,0,0,0,0,0,0,0,0,0,4,3,45,0,0
2022,16,"12 degrees, relative humidity 61%, wind 9 mph",Seattle Seahawks,Kansas City Chiefs,D.K. Metcalf,SEA,Seattle Seahawks,away,24,10,WR,0,0.0,0,0,0,0,0,0,0,0,0,9,7,81,0,0
2022,16,"12 degrees, relative humidity 61%, wind 9 mph",Seattle Seahawks,Kansas City Chiefs,DeeJay Dallas,SEA,Seattle Seahawks,away,24,10,RB,2,2.8169014084507045,0,0,0,0,0,0,2,10,0,6,6,32,0,0
2022,16,"12 degrees, relative humidity 61%, wind 9 mph",Seattle Seahawks,Kansas City Chiefs,Geno Smith,SEA,Seattle Seahawks,away,24,10,QB,43,60.56338028169014,25,40,215,1,1,2,3,16,0,0,0,0,0,0
2022,16,"12 degrees, relative humidity 61%, wind 9 mph",Seattle Seahawks,Kansas City Chiefs,Kenneth Walker,SEA,Seattle Seahawks,away,24,10,UNK,26,36.61971830985916,0,0,0,0,0,0,26,107,0,2,2,-2,0,0
2022,16,"12 degrees, relative humidity 61%, wind 9 mph",Seattle Seahawks,Kansas City Chiefs,Laquon Treadwell,SEA,Seattle Seahawks,away,24,10,WR,0,0.0,0,0,0,0,0,0,0,0,0,7,3,26,0,0
2022,16,"12 degrees, relative humidity 61%, wind 9 mph",Seattle Seahawks,Kansas City Chiefs,Marquise Goodwin,SEA,Seattle Seahawks,away,24,10,WR,0,0.0,0,0,0,0,0,0,0,0,0,4,0,0,0,0
2022,16,"12 degrees, relative humidity 61%, wind 9 mph",Seattle Seahawks,Kansas City Chiefs,Noah Fant,SEA,Seattle Seahawks,away,24,10,TE,0,0.0,0,0,0,0,0,0,0,0,0,3,2,12,1,0
2022,16,"12 degrees, relative humidity 61%, wind 9 mph",Seattle Seahawks,Kansas City Chiefs,Penny Hart,SEA,Seattle Seahawks,away,24,10,WR,0,0.0,0,0,0,0,0,0,0,0,0,2,1,2,0,0
2022,16,"12 degrees, relative humidity 61%, wind 9 mph",Seattle Seahawks,Kansas City Chiefs,Will Dissly,SEA,Seattle Seahawks,away,24,10,TE,0,0.0,0,0,0,0,0,0,0,0,0,1,1,19,0,0
2022,16,"54 degrees, relative humidity 82%, wind 2 mph",Washington Commanders,San Francisco 49ers,Brandon Aiyuk,SFO,Washington Commanders,away,37,20,WR,0,0.0,0,0,0,0,0,0,0,0,0,7,5,81,0,0
2022,16,"54 degrees, relative humidity 82%, wind 2 mph",Washington Commanders,San Francisco 49ers,Brock Purdy,SFO,Washington Commanders,away,37,20,QB,23,47.91666666666667,15,22,234,2,1,3,1,6,0,0,0,0,0,0
2022,16,"54 degrees, relative humidity 82%, wind 2 mph",Washington Commanders,San Francisco 49ers,Christian McCaffrey,SFO,Washington Commanders,away,37,20,RB,15,31.25,0,0,0,0,0,0,15,46,1,2,2,12,0,0
2022,16,"54 degrees, relative humidity 82%, wind 2 mph",Washington Commanders,San Francisco 49ers,George Kittle,SFO,Washington Commanders,away,37,20,TE,0,0.0,0,0,0,0,0,0,0,0,0,8,6,120,2,0
2022,16,"54 degrees, relative humidity 82%, wind 2 mph",Washington Commanders,San Francisco 49ers,Jauan Jennings,SFO,Washington Commanders,away,37,20,WR,0,0.0,0,0,0,0,0,0,0,0,0,3,2,21,0,0
2022,16,"54 degrees, relative humidity 82%, wind 2 mph",Washington Commanders,San Francisco 49ers,Ray-Ray McCloud,SFO,Washington Commanders,away,37,20,WR,1,2.083333333333333,0,0,0,0,0,0,1,71,1,1,0,0,0,0
2022,16,"54 degrees, relative humidity 82%, wind 2 mph",Washington Commanders,San Francisco 49ers,Tyrion Davis-Price,SFO,Washington Commanders,away,37,20,RB,9,18.75,0,0,0,0,0,0,9,30,0,0,0,0,0,0
2022,16,,Arizona Cardinals,Tampa Bay Buccaneers,Cade Otton,TAM,Arizona Cardinals,away,19,16,TE,0,0.0,0,0,0,0,0,0,0,0,0,7,2,12,0,0
2022,16,,Arizona Cardinals,Tampa Bay Buccaneers,Chris Godwin,TAM,Arizona Cardinals,away,19,16,WR,0,0.0,0,0,0,0,0,0,0,0,0,10,8,63,0,0
2022,16,,Arizona Cardinals,Tampa Bay Buccaneers,Julio Jones,TAM,Arizona Cardinals,away,19,16,WR,0,0.0,0,0,0,0,0,0,0,0,0,2,1,5,0,0
2022,16,,Arizona Cardinals,Tampa Bay Buccaneers,Ke'Shawn Vaughn,TAM,Arizona Cardinals,away,19,16,RB,1,1.282051282051282,0,0,0,0,0,0,1,6,0,0,0,0,0,0
2022,16,,Arizona Cardinals,Tampa Bay Buccaneers,Leonard Fournette,TAM,Arizona Cardinals,away,19,16,RB,20,25.64102564102564,0,0,0,0,0,0,20,72,0,10,9,90,0,0
2022,16,,Arizona Cardinals,Tampa Bay Buccaneers,Mike Evans,TAM,Arizona Cardinals,away,19,16,WR,0,0.0,0,0,0,0,0,0,0,0,0,8,3,29,0,0
2022,16,,Arizona Cardinals,Tampa Bay Buccaneers,Rachaad White,TAM,Arizona Cardinals,away,19,16,RB,7,8.974358974358974,0,0,0,0,0,0,7,36,0,4,4,17,1,0
2022,16,,Arizona Cardinals,Tampa Bay Buccaneers,Russell Gage,TAM,Arizona Cardinals,away,19,16,WR,0,0.0,0,0,0,0,0,0,0,0,0,6,5,65,0,0
2022,16,,Arizona Cardinals,Tampa Bay Buccaneers,Scott Miller,TAM,Arizona Cardinals,away,19,16,WR,0,0.0,0,0,0,0,0,0,0,0,0,1,0,0,0,0
2022,16,,Arizona Cardinals,Tampa Bay Buccaneers,Tom Brady,TAM,Arizona Cardinals,away,19,16,QB,50,64.1025641025641,32,48,281,1,2,0,2,1,0,0,0,0,0,0
2022,16,"22 degrees, relative humidity 55%, wind 14 mph",Tennessee Titans,Houston Texans,Austin Hooper,TEN,Tennessee Titans,away,19,14,TE,0,0.0,0,0,0,0,0,0,0,0,0,3,2,20,0,0
2022,16,"22 degrees, relative humidity 55%, wind 14 mph",Tennessee Titans,Houston Texans,Chigoziem Okonkwo,TEN,Tennessee Titans,away,19,14,TE,0,0.0,0,0,0,0,0,0,0,0,0,2,1,10,0,0
2022,16,"22 degrees, relative humidity 55%, wind 14 mph",Tennessee Titans,Houston Texans,Derrick Henry,TEN,Tennessee Titans,away,19,14,RB,23,42.592592592592595,0,0,0,0,0,0,23,126,1,2,2,0,0,1
2022,16,"22 degrees, relative humidity 55%, wind 14 mph",Tennessee Titans,Houston Texans,Geoff Swaim,TEN,Tennessee Titans,away,19,14,TE,0,0.0,0,0,0,0,0,0,0,0,0,1,1,-1,0,0
2022,16,"22 degrees, relative humidity 55%, wind 14 mph",Tennessee Titans,Houston Texans,Hassan Haskins,TEN,Tennessee Titans,away,19,14,RB,0,0.0,0,0,0,0,0,0,0,0,0,2,2,17,0,0
2022,16,"22 degrees, relative humidity 55%, wind 14 mph",Tennessee Titans,Houston Texans,Malik Willis,TEN,Tennessee Titans,away,19,14,QB,30,55.55555555555556,14,23,99,0,2,4,7,43,1,0,0,0,0,1
2022,16,"22 degrees, relative humidity 55%, wind 14 mph",Tennessee Titans,Houston Texans,Nick Westbrook-Ikhine,TEN,Tennessee Titans,away,19,14,WR,0,0.0,0,0,0,0,0,0,0,0,0,3,2,23,0,0
2022,16,"22 degrees, relative humidity 55%, wind 14 mph",Tennessee Titans,Houston Texans,Robert Woods,TEN,Tennessee Titans,away,19,14,WR,0,0.0,0,0,0,0,0,0,0,0,0,5,4,30,0,0
2022,16,"22 degrees, relative humidity 55%, wind 14 mph",Tennessee Titans,Houston Texans,Treylon Burks,TEN,Tennessee Titans,away,19,14,WR,1,1.8518518518518516,0,0,0,0,0,0,1,15,0,2,0,0,0,0
2022,16,"54 degrees, relative humidity 82%, wind 2 mph",Washington Commanders,San Francisco 49ers,Antonio Gibson,WAS,Washington Commanders,away,37,20,RB,5,7.462686567164178,0,0,0,0,0,0,5,10,0,3,2,21,0,0
2022,16,"54 degrees, relative humidity 82%, wind 2 mph",Washington Commanders,San Francisco 49ers,Brian Robinson Jr.,WAS,Washington Commanders,away,37,20,RB,22,32.83582089552239,0,0,0,0,0,0,22,58,0,1,0,0,0,0
2022,16,"54 degrees, relative humidity 82%, wind 2 mph",Washington Commanders,San Francisco 49ers,Carson Wentz,WAS,Washington Commanders,away,37,20,QB,16,23.88059701492537,12,16,123,1,0,0,0,0,0,0,0,0,0,0
2022,16,"54 degrees, relative humidity 82%, wind 2 mph",Washington Commanders,San Francisco 49ers,Curtis Samuel,WAS,Washington Commanders,away,37,20,WR,1,1.4925373134328357,0,0,0,0,0,0,1,2,0,5,5,52,1,0
2022,16,"54 degrees, relative humidity 82%, wind 2 mph",Washington Commanders,San Francisco 49ers,Jahan Dotson,WAS,Washington Commanders,away,37,20,WR,0,0.0,0,0,0,0,0,0,0,0,0,9,6,76,1,0
2022,16,"54 degrees, relative humidity 82%, wind 2 mph",Washington Commanders,San Francisco 49ers,Jonathan Williams,WAS,Washington Commanders,away,37,20,RB,3,4.477611940298507,0,0,0,0,0,0,3,13,0,3,2,28,0,0
2022,16,"54 degrees, relative humidity 82%, wind 2 mph",Washington Commanders,San Francisco 49ers,Logan Thomas,WAS,Washington Commanders,away,37,20,TE,0,0.0,0,0,0,0,0,0,0,0,0,8,6,35,0,0
2022,16,"54 degrees, relative humidity 82%, wind 2 mph",Washington Commanders,San Francisco 49ers,Taylor Heinicke,WAS,Washington Commanders,away,37,20,QB,20,29.850746268656714,13,18,166,2,1,2,2,-4,0,0,0,0,0,1
2022,16,"54 degrees, relative humidity 82%, wind 2 mph",Washington Commanders,San Francisco 49ers,Terry McLaurin,WAS,Washington Commanders,away,37,20,WR,0,0.0,0,0,0,0,0,0,0,0,0,5,4,77,1,0
2022,17,,Arizona Cardinals,Atlanta Falcons,A.J. Green,ARI,Arizona Cardinals,away,20,19,WR,0,0.0,0,0,0,0,0,0,0,0,0,2,2,17,0,0
2022,17,,Arizona Cardinals,Atlanta Falcons,Andre Baccellia,ARI,Arizona Cardinals,away,20,19,WR,0,0.0,0,0,0,0,0,0,0,0,0,2,1,7,0,0
2022,17,,Arizona Cardinals,Atlanta Falcons,Corey Clement,ARI,Arizona Cardinals,away,20,19,RB,7,10.44776119402985,0,0,0,0,0,0,7,32,0,1,0,0,0,0
2022,17,,Arizona Cardinals,Atlanta Falcons,David Blough,ARI,Arizona Cardinals,away,20,19,QB,42,62.68656716417911,24,40,222,1,0,2,2,7,0,0,0,0,0,0
2022,17,,Arizona Cardinals,Atlanta Falcons,Greg Dortch,ARI,Arizona Cardinals,away,20,19,WR,0,0.0,0,0,0,0,0,0,0,0,0,10,4,15,0,0
2022,17,,Arizona Cardinals,Atlanta Falcons,James Conner,ARI,Arizona Cardinals,away,20,19,RB,16,23.88059701492537,0,0,0,0,0,0,16,79,0,3,3,31,0,0
2022,17,,Arizona Cardinals,Atlanta Falcons,Marquise Brown,ARI,Arizona Cardinals,away,20,19,WR,0,0.0,0,0,0,0,0,0,0,0,0,9,6,61,0,0
2022,17,,Arizona Cardinals,Atlanta Falcons,Pharoh Cooper,ARI,Arizona Cardinals,away,20,19,WR,2,2.9850746268656714,0,0,0,0,0,0,2,8,0,0,0,0,0,0
2022,17,,Arizona Cardinals,Atlanta Falcons,Robbie Chosen,ARI,Arizona Cardinals,away,20,19,WR,0,0.0,0,0,0,0,0,0,0,0,0,1,1,13,0,0
2022,17,,Arizona Cardinals,Atlanta Falcons,Trey McBride,ARI,Arizona Cardinals,away,20,19,TE,0,0.0,0,0,0,0,0,0,0,0,0,10,7,78,1,0
2022,17,,Arizona Cardinals,Atlanta Falcons,Avery Williams,ATL,Arizona Cardinals,away,20,19,RB,1,1.6666666666666667,0,0,0,0,0,0,1,-2,0,1,1,2,0,0
2022,17,,Arizona Cardinals,Atlanta Falcons,Cordarrelle Patterson,ATL,Arizona Cardinals,away,20,19,RB,9,15.0,0,0,0,0,0,0,9,42,1,8,6,42,0,0
2022,17,,Arizona Cardinals,Atlanta Falcons,Damiere Byrd,ATL,Arizona Cardinals,away,20,19,WR,0,0.0,0,0,0,0,0,0,0,0,0,2,1,12,0,0
2022,17,,Arizona Cardinals,Atlanta Falcons,Desmond Ridder,ATL,Arizona Cardinals,away,20,19,QB,30,50.0,19,26,169,0,0,1,4,9,0,0,0,0,0,1
2022,17,,Arizona Cardinals,Atlanta Falcons,Drake London,ATL,Arizona Cardinals,away,20,19,WR,0,0.0,0,0,0,0,0,0,0,0,0,8,5,47,0,0
2022,17,,Arizona Cardinals,Atlanta Falcons,KhaDarel Hodge,ATL,Arizona Cardinals,away,20,19,WR,0,0.0,0,0,0,0,0,0,0,0,0,1,1,5,0,0
2022,17,,Arizona Cardinals,Atlanta Falcons,MyCole Pruitt,ATL,Arizona Cardinals,away,20,19,TE,0,0.0,0,0,0,0,0,0,0,0,0,4,4,49,0,0
2022,17,,Arizona Cardinals,Atlanta Falcons,Tyler Allgeier,ATL,Arizona Cardinals,away,20,19,RB,20,33.33333333333333,0,0,0,0,0,0,20,83,1,1,1,12,0,0
2022,17,"44 degrees, relative humidity 89%, wind 2 mph",Baltimore Ravens,Pittsburgh Steelers,Andy Isabella,BAL,Baltimore Ravens,away,16,13,WR,1,2.0408163265306123,0,0,0,0,0,0,1,1,0,0,0,0,0,0
2022,17,"44 degrees, relative humidity 89%, wind 2 mph",Baltimore Ravens,Pittsburgh Steelers,DeSean Jackson,BAL,Baltimore Ravens,away,16,13,WR,0,0.0,0,0,0,0,0,0,0,0,0,2,1,9,0,0
2022,17,"44 degrees, relative humidity 89%, wind 2 mph",Baltimore Ravens,Pittsburgh Steelers,Demarcus Robinson,BAL,Baltimore Ravens,away,16,13,WR,0,0.0,0,0,0,0,0,0,0,0,0,3,1,9,0,0
2022,17,"44 degrees, relative humidity 89%, wind 2 mph",Baltimore Ravens,Pittsburgh Steelers,Gus Edwards,BAL,Baltimore Ravens,away,16,13,RB,3,6.122448979591836,0,0,0,0,0,0,3,2,0,0,0,0,0,0
2022,17,"44 degrees, relative humidity 89%, wind 2 mph",Baltimore Ravens,Pittsburgh Steelers,Isaiah Likely,BAL,Baltimore Ravens,away,16,13,TE,0,0.0,0,0,0,0,0,0,0,0,0,5,3,12,1,0
2022,17,"44 degrees, relative humidity 89%, wind 2 mph",Baltimore Ravens,Pittsburgh Steelers,J.K. Dobbins,BAL,Baltimore Ravens,away,16,13,RB,17,34.69387755102041,0,0,0,0,0,0,17,93,0,0,0,0,0,0
2022,17,"44 degrees, relative humidity 89%, wind 2 mph",Baltimore Ravens,Pittsburgh Steelers,Josh Oliver,BAL,Baltimore Ravens,away,16,13,TE,0,0.0,0,0,0,0,0,0,0,0,0,1,0,0,0,0
2022,17,"44 degrees, relative humidity 89%, wind 2 mph",Baltimore Ravens,Pittsburgh Steelers,Mark Andrews,BAL,Baltimore Ravens,away,16,13,TE,0,0.0,0,0,0,0,0,0,0,0,0,9,9,100,0,0
2022,17,"44 degrees, relative humidity 89%, wind 2 mph",Baltimore Ravens,Pittsburgh Steelers,Tyler Huntley,BAL,Baltimore Ravens,away,16,13,QB,28,57.14285714285714,14,21,130,1,1,1,7,24,0,0,0,0,0,0
2022,17,"75 degrees, relative humidity 87%, wind 2 mph",Carolina Panthers,Tampa Bay Buccaneers,Chuba Hubbard,CAR,Carolina Panthers,away,30,24,RB,3,5.084745762711865,0,0,0,0,0,0,3,12,0,3,3,53,0,1
2022,17,"75 degrees, relative humidity 87%, wind 2 mph",Carolina Panthers,Tampa Bay Buccaneers,D'Onta Foreman,CAR,Carolina Panthers,away,30,24,RB,13,22.033898305084744,0,0,0,0,0,0,13,35,0,0,0,0,0,0
2022,17,"75 degrees, relative humidity 87%, wind 2 mph",Carolina Panthers,Tampa Bay Buccaneers,D.J. Moore,CAR,Carolina Panthers,away,30,24,WR,0,0.0,0,0,0,0,0,0,0,0,0,10,6,117,1,0
2022,17,"75 degrees, relative humidity 87%, wind 2 mph",Carolina Panthers,Tampa Bay Buccaneers,Giovanni Ricci,CAR,Carolina Panthers,away,30,24,TE,0,0.0,0,0,0,0,0,0,0,0,0,1,1,32,0,0
2022,17,"75 degrees, relative humidity 87%, wind 2 mph",Carolina Panthers,Tampa Bay Buccaneers,Ian Thomas,CAR,Carolina Panthers,away,30,24,TE,0,0.0,0,0,0,0,0,0,0,0,0,1,1,9,0,0
2022,17,"75 degrees, relative humidity 87%, wind 2 mph",Carolina Panthers,Tampa Bay Buccaneers,Laviska Shenault Jr.,CAR,Carolina Panthers,away,30,24,WR,1,1.694915254237288,0,0,0,0,0,0,1,7,0,3,2,13,0,0
2022,17,"75 degrees, relative humidity 87%, wind 2 mph",Carolina Panthers,Tampa Bay Buccaneers,Raheem Blackshear,CAR,Carolina Panthers,away,30,24,RB,0,0.0,0,0,0,0,0,0,0,0,0,1,1,-1,0,0
2022,17,"75 degrees, relative humidity 87%, wind 2 mph",Carolina Panthers,Tampa Bay Buccaneers,Sam Darnold,CAR,Carolina Panthers,away,30,24,QB,42,71.1864406779661,23,37,341,3,1,2,5,20,0,0,0,0,0,3
2022,17,"75 degrees, relative humidity 87%, wind 2 mph",Carolina Panthers,Tampa Bay Buccaneers,Shi Smith,CAR,Carolina Panthers,away,30,24,WR,0,0.0,0,0,0,0,0,0,0,0,0,4,4,70,1,0
2022,17,"75 degrees, relative humidity 87%, wind 2 mph",Carolina Panthers,Tampa Bay Buccaneers,Stephen Sullivan,CAR,Carolina Panthers,away,30,24,TE,0,0.0,0,0,0,0,0,0,0,0,0,2,0,0,0,0
2022,17,"75 degrees, relative humidity 87%, wind 2 mph",Carolina Panthers,Tampa Bay Buccaneers,Terrace Marshall Jr.,CAR,Carolina Panthers,away,30,24,WR,0,0.0,0,0,0,0,0,0,0,0,0,3,2,15,0,2
2022,17,"75 degrees, relative humidity 87%, wind 2 mph",Carolina Panthers,Tampa Bay Buccaneers,Tommy Tremble,CAR,Carolina Panthers,away,30,24,TE,0,0.0,0,0,0,0,0,0,0,0,0,3,3,33,1,0
2022,17,,Chicago Bears,Detroit Lions,Byron Pringle,CHI,Chicago Bears,away,41,10,WR,0,0.0,0,0,0,0,0,0,0,0,0,4,0,0,0,0
2022,17,,Chicago Bears,Detroit Lions,Chase Claypool,CHI,Chicago Bears,away,41,10,WR,0,0.0,0,0,0,0,0,0,0,0,0,1,0,0,0,0
2022,17,,Chicago Bears,Detroit Lions,Cole Kmet,CHI,Chicago Bears,away,41,10,TE,0,0.0,0,0,0,0,0,0,0,0,0,3,2,27,1,0
2022,17,,Chicago Bears,Detroit Lions,Dante Pettis,CHI,Chicago Bears,away,41,10,WR,0,0.0,0,0,0,0,0,0,0,0,0,1,0,0,0,0
2022,17,,Chicago Bears,Detroit Lions,David Montgomery,CHI,Chicago Bears,away,41,10,RB,6,13.953488372093023,0,0,0,0,0,0,6,24,0,3,2,12,0,0
2022,17,,Chicago Bears,Detroit Lions,Equanimeous St. Brown,CHI,Chicago Bears,away,41,10,WR,0,0.0,0,0,0,0,0,0,0,0,0,3,2,20,0,0
2022,17,,Chicago Bears,Detroit Lions,Justin Fields,CHI,Chicago Bears,away,41,10,QB,31,72.09302325581395,7,21,75,1,1,7,10,132,0,0,0,0,0,1
2022,17,,Chicago Bears,Detroit Lions,Khalil Herbert,CHI,Chicago Bears,away,41,10,RB,5,11.627906976744185,0,0,0,0,0,0,5,31,0,0,0,0,0,0
2022,17,,Chicago Bears,Detroit Lions,N'Keal Harry,CHI,Chicago Bears,away,41,10,WR,0,0.0,0,0,0,0,0,0,0,0,0,1,1,16,0,0
2022,17,,Chicago Bears,Detroit Lions,Ryan Griffin,CHI,Chicago Bears,away,41,10,TE,0,0.0,0,0,0,0,0,0,0,0,0,1,0,0,0,0
2022,17,,Chicago Bears,Detroit Lions,Velus Jones Jr.,CHI,Chicago Bears,away,41,10,WR,1,2.3255813953488373,0,0,0,0,0,0,1,13,0,1,0,0,0,0
2022,17,"59 degrees, relative humidity 51%, wind 9 mph",Washington Commanders,Cleveland Browns,Amari Cooper,CLE,Washington Commanders,away,24,10,WR,0,0.0,0,0,0,0,0,0,0,0,0,4,3,105,2,0
2022,17,"59 degrees, relative humidity 51%, wind 9 mph",Washington Commanders,Cleveland Browns,David Njoku,CLE,Washington Commanders,away,24,10,TE,0,0.0,0,0,0,0,0,0,0,0,0,3,1,21,0,0
2022,17,"59 degrees, relative humidity 51%, wind 9 mph",Washington Commanders,Cleveland Browns,Deshaun Watson,CLE,Washington Commanders,away,24,10,QB,26,54.166666666666664,9,18,169,3,0,5,8,31,0,0,0,0,0,0
2022,17,"59 degrees, relative humidity 51%, wind 9 mph",Washington Commanders,Cleveland Browns,Donovan Peoples-Jones,CLE,Washington Commanders,away,24,10,WR,0,0.0,0,0,0,0,0,0,0,0,0,3,1,13,1,0
2022,17,"59 degrees, relative humidity 51%, wind 9 mph",Washington Commanders,Cleveland Browns,Harrison Bryant,CLE,Washington Commanders,away,24,10,TE,0,0.0,0,0,0,0,0,0,0,0,0,3,2,19,0,0
2022,17,"59 degrees, relative humidity 51%, wind 9 mph",Washington Commanders,Cleveland Browns,Jack Conklin,CLE,Washington Commanders,away,24,10,T,0,0.0,0,0,0,0,0,0,0,0,0,1,0,0,0,0
2022,17,"59 degrees, relative humidity 51%, wind 9 mph",Washington Commanders,Cleveland Browns,Jacoby Brissett,CLE,Washington Commanders,away,24,10,QB,1,2.083333333333333,0,0,0,0,0,0,1,2,0,0,0,0,0,0
2022,17,"59 degrees, relative humidity 51%, wind 9 mph",Washington Commanders,Cleveland Browns,Jerome Ford,CLE,Washington Commanders,away,24,10,RB,5,10.416666666666668,0,0,0,0,0,0,5,9,0,0,0,0,0,0
2022,17,"59 degrees, relative humidity 51%, wind 9 mph",Washington Commanders,Cleveland Browns,Kareem Hunt,CLE,Washington Commanders,away,24,10,RB,2,4.166666666666666,0,0,0,0,0,0,2,0,0,1,1,-1,0,0
2022,17,"59 degrees, relative humidity 51%, wind 9 mph",Washington Commanders,Cleveland Browns,Nick Chubb,CLE,Washington Commanders,away,24,10,RB,14,29.166666666666668,0,0,0,0,0,0,14,104,0,1,1,12,0,0
2022,17,"56 degrees, relative humidity 72%, wind 4 mph",Tennessee Titans,Dallas Cowboys,CeeDee Lamb,DAL,Tennessee Titans,away,27,13,WR,0,0.0,0,0,0,0,0,0,0,0,0,14,11,100,0,0
2022,17,"56 degrees, relative humidity 72%, wind 4 mph",Tennessee Titans,Dallas Cowboys,Dak Prescott,DAL,Tennessee Titans,away,27,13,QB,44,60.273972602739725,29,41,282,2,2,1,3,11,0,0,0,0,0,1
2022,17,"56 degrees, relative humidity 72%, wind 4 mph",Tennessee Titans,Dallas Cowboys,Dalton Schultz,DAL,Tennessee Titans,away,27,13,TE,0,0.0,0,0,0,0,0,0,0,0,0,10,7,56,2,0
2022,17,"56 degrees, relative humidity 72%, wind 4 mph",Tennessee Titans,Dallas Cowboys,Ezekiel Elliott,DAL,Tennessee Titans,away,27,13,RB,19,26.027397260273972,0,0,0,0,0,0,19,37,1,0,0,0,0,0
2022,17,"56 degrees, relative humidity 72%, wind 4 mph",Tennessee Titans,Dallas Cowboys,Jake Ferguson,DAL,Tennessee Titans,away,27,13,TE,0,0.0,0,0,0,0,0,0,0,0,0,1,1,7,0,0
2022,17,"56 degrees, relative humidity 72%, wind 4 mph",Tennessee Titans,Dallas Cowboys,Malik Davis,DAL,Tennessee Titans,away,27,13,RB,10,13.698630136986301,0,0,0,0,0,0,10,39,0,2,2,23,0,0
2022,17,"56 degrees, relative humidity 72%, wind 4 mph",Tennessee Titans,Dallas Cowboys,Michael Gallup,DAL,Tennessee Titans,away,27,13,WR,0,0.0,0,0,0,0,0,0,0,0,0,4,3,39,0,0
2022,17,"56 degrees, relative humidity 72%, wind 4 mph",Tennessee Titans,Dallas Cowboys,Noah Brown,DAL,Tennessee Titans,away,27,13,WR,0,0.0,0,0,0,0,0,0,0,0,0,4,1,7,0,0
2022,17,"56 degrees, relative humidity 72%, wind 4 mph",Tennessee Titans,Dallas Cowboys,Peyton Hendershot,DAL,Tennessee Titans,away,27,13,TE,0,0.0,0,0,0,0,0,0,0,0,0,1,0,0,0,0
2022,17,"56 degrees, relative humidity 72%, wind 4 mph",Tennessee Titans,Dallas Cowboys,T.Y. Hilton,DAL,Tennessee Titans,away,27,13,WR,0,0.0,0,0,0,0,0,0,0,0,0,5,4,50,0,0
2022,17,"47 degrees, relative humidity 80%, wind 2 mph",Denver Broncos,Kansas City Chiefs,Albert Okwuegbunam,DEN,Denver Broncos,away,27,24,TE,0,0.0,0,0,0,0,0,0,0,0,0,6,3,45,1,0
2022,17,"47 degrees, relative humidity 80%, wind 2 mph",Denver Broncos,Kansas City Chiefs,Andrew Beck,DEN,Denver Broncos,away,27,24,TE,0,0.0,0,0,0,0,0,0,0,0,0,2,2,10,0,0
2022,17,"47 degrees, relative humidity 80%, wind 2 mph",Denver Broncos,Kansas City Chiefs,Chase Edmonds,DEN,Denver Broncos,away,27,24,RB,7,11.29032258064516,0,0,0,0,0,0,7,34,0,3,3,39,0,0
2022,17,"47 degrees, relative humidity 80%, wind 2 mph",Denver Broncos,Kansas City Chiefs,Courtland Sutton,DEN,Denver Broncos,away,27,24,WR,0,0.0,0,0,0,0,0,0,0,0,0,6,4,44,0,0
2022,17,"47 degrees, relative humidity 80%, wind 2 mph",Denver Broncos,Kansas City Chiefs,Eric Saubert,DEN,Denver Broncos,away,27,24,TE,0,0.0,0,0,0,0,0,0,0,0,0,3,3,30,0,0
2022,17,"47 degrees, relative humidity 80%, wind 2 mph",Denver Broncos,Kansas City Chiefs,Jerry Jeudy,DEN,Denver Broncos,away,27,24,WR,0,0.0,0,0,0,0,0,0,0,0,0,8,7,38,0,0
2022,17,"47 degrees, relative humidity 80%, wind 2 mph",Denver Broncos,Kansas City Chiefs,Kendall Hinton,DEN,Denver Broncos,away,27,24,WR,1,1.6129032258064515,0,0,0,0,0,0,1,0,0,2,0,0,0,0
2022,17,"47 degrees, relative humidity 80%, wind 2 mph",Denver Broncos,Kansas City Chiefs,Latavius Murray,DEN,Denver Broncos,away,27,24,RB,12,19.35483870967742,0,0,0,0,0,0,12,56,0,6,4,16,0,0
2022,17,"47 degrees, relative humidity 80%, wind 2 mph",Denver Broncos,Kansas City Chiefs,Russell Wilson,DEN,Denver Broncos,away,27,24,QB,42,67.74193548387096,26,38,222,1,1,4,4,27,2,0,0,0,0,1
2022,17,,Chicago Bears,Detroit Lions,Amon-Ra St. Brown,DET,Chicago Bears,away,41,10,WR,0,0.0,0,0,0,0,0,0,0,0,0,5,4,62,0,0
2022,17,,Chicago Bears,Detroit Lions,Brock Wright,DET,Chicago Bears,away,41,10,TE,0,0.0,0,0,0,0,0,0,0,0,0,4,3,13,2,0
2022,17,,Chicago Bears,Detroit Lions,D'Andre Swift,DET,Chicago Bears,away,41,10,RB,11,16.176470588235293,0,0,0,0,0,0,11,78,1,4,4,39,1,0
2022,17,,Chicago Bears,Detroit Lions,DJ Chark,DET,Chicago Bears,away,41,10,WR,0,0.0,0,0,0,0,0,0,0,0,0,4,2,56,0,0
2022,17,,Chicago Bears,Detroit Lions,Jamaal Williams,DET,Chicago Bears,away,41,10,RB,22,32.35294117647059,0,0,0,0,0,0,22,144,1,1,1,13,0,0
2022,17,,Chicago Bears,Detroit Lions,James Mitchell,DET,Chicago Bears,away,41,10,TE,0,0.0,0,0,0,0,0,0,0,0,0,1,1,15,0,0
2022,17,,Chicago Bears,Detroit Lions,Jameson Williams,DET,Chicago Bears,away,41,10,WR,1,1.4705882352941175,0,0,0,0,0,0,1,40,0,3,0,0,0,0
2022,17,,Chicago Bears,Detroit Lions,Jared Goff,DET,Chicago Bears,away,41,10,QB,30,44.11764705882353,21,29,255,3,0,1,1,2,0,0,0,0,0,0
2022,17,,Chicago Bears,Detroit Lions,Jason Cabinda,DET,Chicago Bears,away,41,10,FB,0,0.0,0,0,0,0,0,0,0,0,0,1,1,5,0,0
2022,17,,Chicago Bears,Detroit Lions,Josh Reynolds,DET,Chicago Bears,away,41,10,WR,0,0.0,0,0,0,0,0,0,0,0,0,1,1,5,0,0
2022,17,,Chicago Bears,Detroit Lions,Kalif Raymond,DET,Chicago Bears,away,41,10,WR,1,1.4705882352941175,0,0,0,0,0,0,1,4,0,3,3,40,0,0
2022,17,,Chicago Bears,Detroit Lions,Nate Sudfeld,DET,Chicago Bears,away,41,10,QB,3,4.411764705882353,0,0,0,0,0,1,3,-3,0,0,0,0,0,0
2022,17,,Chicago Bears,Detroit Lions,Shane Zylstra,DET,Chicago Bears,away,41,10,TE,0,0.0,0,0,0,0,0,0,0,0,0,2,1,7,0,0
2022,17,"39 degrees, relative humidity 79%, wind 7 mph",Minnesota Vikings,Green Bay Packers,AJ Dillon,GNB,Minnesota Vikings,away,41,17,RB,12,20.0,0,0,0,0,0,0,12,41,1,1,0,0,0,0
2022,17,"39 degrees, relative humidity 79%, wind 7 mph",Minnesota Vikings,Green Bay Packers,Aaron Jones,GNB,Minnesota Vikings,away,41,17,RB,14,23.333333333333332,0,0,0,0,0,0,14,111,0,3,2,2,0,0
2022,17,"39 degrees, relative humidity 79%, wind 7 mph",Minnesota Vikings,Green Bay Packers,Aaron Rodgers,GNB,Minnesota Vikings,away,41,17,QB,25,41.66666666666667,15,24,159,1,0,1,1,2,1,0,0,0,0,0
2022,17,"39 degrees, relative humidity 79%, wind 7 mph",Minnesota Vikings,Green Bay Packers,Allen Lazard,GNB,Minnesota Vikings,away,41,17,WR,0,0.0,0,0,0,0,0,0,0,0,0,6,5,59,0,0
2022,17,"39 degrees, relative humidity 79%, wind 7 mph",Minnesota Vikings,Green Bay Packers,Christian Watson,GNB,Minnesota Vikings,away,41,17,WR,0,0.0,0,0,0,0,0,0,0,0,0,5,1,11,0,0
2022,17,"39 degrees, relative humidity 79%, wind 7 mph",Minnesota Vikings,Green Bay Packers,Jordan Love,GNB,Minnesota Vikings,away,41,17,QB,4,6.666666666666667,2,3,9,0,0,0,1,-1,0,0,0,0,0,0
2022,17,"39 degrees, relative humidity 79%, wind 7 mph",Minnesota Vikings,Green Bay Packers,Josiah Deguara,GNB,Minnesota Vikings,away,41,17,TE,0,0.0,0,0,0,0,0,0,0,0,0,1,1,4,0,0
2022,17,"39 degrees, relative humidity 79%, wind 7 mph",Minnesota Vikings,Green Bay Packers,Patrick Taylor,GNB,Minnesota Vikings,away,41,17,RB,5,8.333333333333332,0,0,0,0,0,0,5,10,0,0,0,0,0,0
2022,17,"39 degrees, relative humidity 79%, wind 7 mph",Minnesota Vikings,Green Bay Packers,Randall Cobb,GNB,Minnesota Vikings,away,41,17,WR,0,0.0,0,0,0,0,0,0,0,0,0,2,2,20,0,0
2022,17,"39 degrees, relative humidity 79%, wind 7 mph",Minnesota Vikings,Green Bay Packers,Robert Tonyan,GNB,Minnesota Vikings,away,41,17,TE,0,0.0,0,0,0,0,0,0,0,0,0,4,3,52,1,0
2022,17,"39 degrees, relative humidity 79%, wind 7 mph",Minnesota Vikings,Green Bay Packers,Romeo Doubs,GNB,Minnesota Vikings,away,41,17,WR,0,0.0,0,0,0,0,0,0,0,0,0,4,3,20,0,0
2022,17,,Houston Texans,Jacksonville Jaguars,Amari Rodgers,HOU,Houston Texans,away,31,3,WR,1,1.5384615384615385,0,0,0,0,0,0,1,4,0,2,2,12,0,0
2022,17,,Houston Texans,Jacksonville Jaguars,Brandin Cooks,HOU,Houston Texans,away,31,3,WR,0,0.0,0,0,0,0,0,0,0,0,0,7,4,39,0,0
2022,17,,Houston Texans,Jacksonville Jaguars,Brevin Jordan,HOU,Houston Texans,away,31,3,TE,0,0.0,0,0,0,0,0,0,0,0,0,3,1,20,0,0
2022,17,,Houston Texans,Jacksonville Jaguars,Chris Moore,HOU,Houston Texans,away,31,3,WR,0,0.0,0,0,0,0,0,0,0,0,0,5,3,21,0,0
2022,17,,Houston Texans,Jacksonville Jaguars,Dare Ogunbowale,HOU,Houston Texans,away,31,3,RB,7,10.76923076923077,0,0,0,0,0,0,7,21,0,3,2,4,0,0
2022,17,,Houston Texans,Jacksonville Jaguars,Davis Mills,HOU,Houston Texans,away,31,3,QB,44,67.6923076923077,22,40,202,0,0,1,4,33,0,0,0,0,0,1
2022,17,,Houston Texans,Jacksonville Jaguars,Jeff Driskel,HOU,Houston Texans,away,31,3,QB,6,9.230769230769232,3,4,9,0,0,1,2,7,0,0,0,0,0,0
2022,17,,Houston Texans,Jacksonville Jaguars,Jordan Akins,HOU,Houston Texans,away,31,3,TE,0,0.0,0,0,0,0,0,0,0,0,0,3,2,38,0,0
2022,17,,Houston Texans,Jacksonville Jaguars,O.J. Howard,HOU,Houston Texans,away,31,3,TE,0,0.0,0,0,0,0,0,0,0,0,0,2,1,26,0,0
2022,17,,Houston Texans,Jacksonville Jaguars,Phillip Dorsett,HOU,Houston Texans,away,31,3,WR,0,0.0,0,0,0,0,0,0,0,0,0,6,3,14,0,0
2022,17,,Houston Texans,Jacksonville Jaguars,Rex Burkhead,HOU,Houston Texans,away,31,3,RB,0,0.0,0,0,0,0,0,0,0,0,0,5,3,10,0,0
2022,17,,Houston Texans,Jacksonville Jaguars,Royce Freeman,HOU,Houston Texans,away,31,3,RB,7,10.76923076923077,0,0,0,0,0,0,7,19,0,5,3,20,0,0
2022,17,,Houston Texans,Jacksonville Jaguars,Troy Hairston,HOU,Houston Texans,away,31,3,FB,0,0.0,0,0,0,0,0,0,0,0,0,1,1,7,0,0
2022,17,"52 degrees, relative humidity 57%, wind 14 mph",Indianapolis Colts,New York Giants,Alec Pierce,IND,Indianapolis Colts,away,38,10,WR,0,0.0,0,0,0,0,0,0,0,0,0,5,3,15,0,0
2022,17,"52 degrees, relative humidity 57%, wind 14 mph",Indianapolis Colts,New York Giants,Deon Jackson,IND,Indianapolis Colts,away,38,10,RB,3,5.555555555555555,0,0,0,0,0,0,3,10,0,0,0,0,0,0
2022,17,"52 degrees, relative humidity 57%, wind 14 mph",Indianapolis Colts,New York Giants,Jelani Woods,IND,Indianapolis Colts,away,38,10,TE,0,0.0,0,0,0,0,0,0,0,0,0,4,3,19,0,0
2022,17,"52 degrees, relative humidity 57%, wind 14 mph",Indianapolis Colts,New York Giants,Jordan Wilkins,IND,Indianapolis Colts,away,38,10,RB,6,11.11111111111111,0,0,0,0,0,0,6,23,0,2,2,14,0,0
2022,17,"52 degrees, relative humidity 57%, wind 14 mph",Indianapolis Colts,New York Giants,Michael Pittman Jr.,IND,Indianapolis Colts,away,38,10,WR,0,0.0,0,0,0,0,0,0,0,0,0,8,6,41,1,0
2022,17,"52 degrees, relative humidity 57%, wind 14 mph",Indianapolis Colts,New York Giants,Mike Strachan,IND,Indianapolis Colts,away,38,10,WR,0,0.0,0,0,0,0,0,0,0,0,0,1,0,0,0,0
2022,17,"52 degrees, relative humidity 57%, wind 14 mph",Indianapolis Colts,New York Giants,Mo Alie-Cox,IND,Indianapolis Colts,away,38,10,TE,0,0.0,0,0,0,0,0,0,0,0,0,1,0,0,0,0
2022,17,"52 degrees, relative humidity 57%, wind 14 mph",Indianapolis Colts,New York Giants,Nick Foles,IND,Indianapolis Colts,away,38,10,QB,14,25.925925925925924,8,13,81,0,1,1,1,8,0,0,0,0,0,0
2022,17,"52 degrees, relative humidity 57%, wind 14 mph",Indianapolis Colts,New York Giants,Parris Campbell,IND,Indianapolis Colts,away,38,10,WR,1,1.8518518518518516,0,0,0,0,0,0,1,1,0,6,3,52,0,0
2022,17,"52 degrees, relative humidity 57%, wind 14 mph",Indianapolis Colts,New York Giants,Sam Ehlinger,IND,Indianapolis Colts,away,38,10,QB,15,27.77777777777778,9,14,60,1,0,1,1,12,0,0,0,0,0,0
2022,17,"52 degrees, relative humidity 57%, wind 14 mph",Indianapolis Colts,New York Giants,Zack Moss,IND,Indianapolis Colts,away,38,10,RB,15,27.77777777777778,0,0,0,0,0,0,15,74,0,0,0,0,0,0
2022,17,,Houston Texans,Jacksonville Jaguars,C.J. Beathard,JAX,Houston Texans,away,31,3,QB,8,13.793103448275861,5,8,29,0,1,1,0,0,0,0,0,0,0,0
2022,17,,Houston Texans,Jacksonville Jaguars,Christian Kirk,JAX,Houston Texans,away,31,3,WR,0,0.0,0,0,0,0,0,0,0,0,0,3,2,21,0,0
2022,17,,Houston Texans,Jacksonville Jaguars,Dan Arnold,JAX,Houston Texans,away,31,3,TE,0,0.0,0,0,0,0,0,0,0,0,0,1,0,0,0,0
2022,17,,Houston Texans,Jacksonville Jaguars,Evan Engram,JAX,Houston Texans,away,31,3,TE,1,1.7241379310344827,0,0,0,0,0,0,1,13,0,2,1,16,0,0
2022,17,,Houston Texans,Jacksonville Jaguars,Jamal Agnew,JAX,Houston Texans,away,31,3,WR,2,3.4482758620689653,0,0,0,0,0,0,2,-6,0,1,1,4,0,0
2022,17,,Houston Texans,Jacksonville Jaguars,Jamycal Hasty,JAX,Houston Texans,away,31,3,RB,10,17.24137931034483,0,0,0,0,0,0,10,33,1,6,6,23,0,0
2022,17,,Houston Texans,Jacksonville Jaguars,Marvin Jones,JAX,Houston Texans,away,31,3,WR,0,0.0,0,0,0,0,0,0,0,0,0,7,6,61,0,0
2022,17,,Houston Texans,Jacksonville Jaguars,Snoop Conner,JAX,Houston Texans,away,31,3,RB,5,8.620689655172415,0,0,0,0,0,0,5,17,1,0,0,0,0,0
2022,17,,Houston Texans,Jacksonville Jaguars,Travis Etienne,JAX,Houston Texans,away,31,3,RB,9,15.517241379310345,0,0,0,0,0,0,9,108,1,3,3,32,0,0
2022,17,,Houston Texans,Jacksonville Jaguars,Trevor Lawrence,JAX,Houston Texans,away,31,3,QB,23,39.6551724137931,17,21,152,0,1,1,2,4,0,0,0,0,0,1
2022,17,,Houston Texans,Jacksonville Jaguars,Zay Jones,JAX,Houston Texans,away,31,3,WR,0,0.0,0,0,0,0,0,0,0,0,0,5,3,24,0,0
2022,17,"47 degrees, relative humidity 80%, wind 2 mph",Denver Broncos,Kansas City Chiefs,Blake Bell,KAN,Denver Broncos,away,27,24,TE,0,0.0,0,0,0,0,0,0,0,0,0,1,1,17,1,0
2022,17,"47 degrees, relative humidity 80%, wind 2 mph",Denver Broncos,Kansas City Chiefs,Isiah Pacheco,KAN,Denver Broncos,away,27,24,RB,9,15.517241379310345,0,0,0,0,0,0,9,31,1,2,2,18,0,0
2022,17,"47 degrees, relative humidity 80%, wind 2 mph",Denver Broncos,Kansas City Chiefs,Jerick McKinnon,KAN,Denver Broncos,away,27,24,RB,2,3.4482758620689653,0,0,0,0,0,0,2,4,0,6,5,52,2,0
2022,17,"47 degrees, relative humidity 80%, wind 2 mph",Denver Broncos,Kansas City Chiefs,JuJu Smith-Schuster,KAN,Denver Broncos,away,27,24,WR,0,0.0,0,0,0,0,0,0,0,0,0,3,2,21,0,0
2022,17,"47 degrees, relative humidity 80%, wind 2 mph",Denver Broncos,Kansas City Chiefs,Justin Watson,KAN,Denver Broncos,away,27,24,WR,0,0.0,0,0,0,0,0,0,0,0,0,2,1,27,0,0
2022,17,"47 degrees, relative humidity 80%, wind 2 mph",Denver Broncos,Kansas City Chiefs,Kadarius Toney,KAN,Denver Broncos,away,27,24,WR,0,0.0,0,0,0,0,0,0,0,0,0,4,4,71,0,1
2022,17,"47 degrees, relative humidity 80%, wind 2 mph",Denver Broncos,Kansas City Chiefs,Marquez Valdes-Scantling,KAN,Denver Broncos,away,27,24,WR,0,0.0,0,0,0,0,0,0,0,0,0,7,2,28,0,0
2022,17,"47 degrees, relative humidity 80%, wind 2 mph",Denver Broncos,Kansas City Chiefs,Noah Gray,KAN,Denver Broncos,away,27,24,TE,0,0.0,0,0,0,0,0,0,0,0,0,1,1,12,0,0
2022,17,"47 degrees, relative humidity 80%, wind 2 mph",Denver Broncos,Kansas City Chiefs,Patrick Mahomes,KAN,Denver Broncos,away,27,24,QB,46,79.3103448275862,29,42,328,3,1,0,4,8,0,1,1,6,0,0
2022,17,"47 degrees, relative humidity 80%, wind 2 mph",Denver Broncos,Kansas City Chiefs,Ronald Jones,KAN,Denver Broncos,away,27,24,UNK,1,1.7241379310344827,0,0,0,0,0,0,1,3,0,0,0,0,0,0
2022,17,"47 degrees, relative humidity 80%, wind 2 mph",Denver Broncos,Kansas City Chiefs,Skyy Moore,KAN,Denver Broncos,away,27,24,WR,0,0.0,0,0,0,0,0,0,0,0,0,4,3,33,0,0
2022,17,"47 degrees, relative humidity 80%, wind 2 mph",Denver Broncos,Kansas City Chiefs,Travis Kelce,KAN,Denver Broncos,away,27,24,TE,0,0.0,0,0,0,0,0,0,0,0,0,10,7,43,0,0
2022,17,,Los Angeles Rams,Los Angeles Chargers,Austin Ekeler,LAC,Los Angeles Rams,away,31,10,RB,10,16.129032258064516,0,0,0,0,0,0,10,122,2,4,4,39,0,0
2022,17,,Los Angeles Rams,Los Angeles Chargers,Chase Daniel,LAC,Los Angeles Rams,away,31,10,QB,3,4.838709677419355,3,3,27,0,0,0,0,0,0,0,0,0,0,0
2022,17,,Los Angeles Rams,Los Angeles Chargers,DeAndre Carter,LAC,Los Angeles Rams,away,31,10,WR,0,0.0,0,0,0,0,0,0,0,0,0,3,2,14,0,0
2022,17,,Los Angeles Rams,Los Angeles Chargers,Donald Parham,LAC,Los Angeles Rams,away,31,10,TE,0,0.0,0,0,0,0,0,0,0,0,0,1,1,3,1,0
2022,17,,Los Angeles Rams,Los Angeles Chargers,Gerald Everett,LAC,Los Angeles Rams,away,31,10,TE,0,0.0,0,0,0,0,0,0,0,0,0,3,3,15,1,0
2022,17,,Los Angeles Rams,Los Angeles Chargers,Josh Palmer,LAC,Los Angeles Rams,away,31,10,WR,0,0.0,0,0,0,0,0,0,0,0,0,1,0,0,0,0
2022,17,,Los Angeles Rams,Los Angeles Chargers,Joshua Kelley,LAC,Los Angeles Rams,away,31,10,RB,9,14.516129032258066,0,0,0,0,0,0,9,45,0,2,1,1,0,0
2022,17,,Los Angeles Rams,Los Angeles Chargers,Justin Herbert,LAC,Los Angeles Rams,away,31,10,QB,29,46.774193548387096,21,28,212,2,0,0,1,2,0,0,0,0,0,0
2022,17,,Los Angeles Rams,Los Angeles Chargers,Keenan Allen,LAC,Los Angeles Rams,away,31,10,WR,1,1.6129032258064515,0,0,0,0,0,0,1,8,0,6,5,60,0,0
2022,17,,Los Angeles Rams,Los Angeles Chargers,Larry Rountree,LAC,Los Angeles Rams,away,31,10,RB,10,16.129032258064516,0,0,0,0,0,0,10,15,0,1,1,13,0,0
2022,17,,Los Angeles Rams,Los Angeles Chargers,Mike Williams,LAC,Los Angeles Rams,away,31,10,WR,0,0.0,0,0,0,0,0,0,0,0,0,10,7,94,0,0
2022,17,,Los Angeles Rams,Los Angeles Chargers,Baker Mayfield,LAR,Los Angeles Rams,away,31,10,QB,22,48.888888888888886,11,19,132,0,0,3,3,8,0,0,0,0,0,1
2022,17,,Los Angeles Rams,Los Angeles Chargers,Brandon Powell,LAR,Los Angeles Rams,away,31,10,WR,1,2.2222222222222223,0,0,0,0,0,0,1,6,0,2,1,3,0,0
2022,17,,Los Angeles Rams,Los Angeles Chargers,Brycen Hopkins,LAR,Los Angeles Rams,away,31,10,TE,0,0.0,0,0,0,0,0,0,0,0,0,1,1,21,0,0
2022,17,,Los Angeles Rams,Los Angeles Chargers,Cam Akers,LAR,Los Angeles Rams,away,31,10,RB,19,42.22222222222222,0,0,0,0,0,0,19,123,0,2,1,10,0,0
2022,17,,Los Angeles Rams,Los Angeles Chargers,Kyren Williams,LAR,Los Angeles Rams,away,31,10,RB,2,4.444444444444445,0,0,0,0,0,0,2,6,0,0,0,0,0,0
2022,17,,Los Angeles Rams,Los Angeles Chargers,Lance McCutcheon,LAR,Los Angeles Rams,away,31,10,WR,0,0.0,0,0,0,0,0,0,0,0,0,1,0,0,0,0
2022,17,,Los Angeles Rams,Los Angeles Chargers,Malcolm Brown,LAR,Los Angeles Rams,away,31,10,RB,1,2.2222222222222223,0,0,0,0,0,0,1,23,1,0,0,0,0,0
2022,17,,Los Angeles Rams,Los Angeles Chargers,Tutu Atwell,LAR,Los Angeles Rams,away,31,10,WR,0,0.0,0,0,0,0,0,0,0,0,0,5,2,10,0,0
2022,17,,Los Angeles Rams,Los Angeles Chargers,Tyler Higbee,LAR,Los Angeles Rams,away,31,10,TE,0,0.0,0,0,0,0,0,0,0,0,0,4,3,11,0,0
2022,17,,Los Angeles Rams,Los Angeles Chargers,Van Jefferson,LAR,Los Angeles Rams,away,31,10,WR,0,0.0,0,0,0,0,0,0,0,0,0,3,3,77,0,0
2022,17,,Las Vegas Raiders,San Francisco 49ers,Brandon Bolden,LVR,Las Vegas Raiders,away,37,34,RB,8,12.121212121212121,0,0,0,0,0,0,8,32,0,0,0,0,0,0
2022,17,,Las Vegas Raiders,San Francisco 49ers,Darren Waller,LVR,Las Vegas Raiders,away,37,34,TE,0,0.0,0,0,0,0,0,0,0,0,0,5,3,72,1,0
2022,17,,Las Vegas Raiders,San Francisco 49ers,Davante Adams,LVR,Las Vegas Raiders,away,37,34,WR,0,0.0,0,0,0,0,0,0,0,0,0,11,7,153,2,0
2022,17,,Las Vegas Raiders,San Francisco 49ers,Foster Moreau,LVR,Las Vegas Raiders,away,37,34,TE,0,0.0,0,0,0,0,0,0,0,0,0,3,3,55,0,0
2022,17,,Las Vegas Raiders,San Francisco 49ers,Hunter Renfrow,LVR,Las Vegas Raiders,away,37,34,WR,0,0.0,0,0,0,0,0,0,0,0,0,4,3,19,0,0
2022,17,,Las Vegas Raiders,San Francisco 49ers,Jarrett Stidham,LVR,Las Vegas Raiders,away,37,34,QB,41,62.121212121212125,23,34,365,3,2,0,7,34,0,0,0,0,0,1
2022,17,,Las Vegas Raiders,San Francisco 49ers,Josh Jacobs,LVR,Las Vegas Raiders,away,37,34,RB,17,25.757575757575758,0,0,0,0,0,0,17,69,1,5,4,26,0,0
2022,17,,Las Vegas Raiders,San Francisco 49ers,Mack Hollins,LVR,Las Vegas Raiders,away,37,34,WR,0,0.0,0,0,0,0,0,0,0,0,0,4,3,40,0,0
2022,17,"53 degrees, relative humidity 73%, wind 2 mph",Miami Dolphins,New England Patriots,Alec Ingold,MIA,Miami Dolphins,away,23,21,FB,0,0.0,0,0,0,0,0,0,0,0,0,1,0,0,0,0
2022,17,"53 degrees, relative humidity 73%, wind 2 mph",Miami Dolphins,New England Patriots,Durham Smythe,MIA,Miami Dolphins,away,23,21,TE,0,0.0,0,0,0,0,0,0,0,0,0,1,1,9,0,0
2022,17,"53 degrees, relative humidity 73%, wind 2 mph",Miami Dolphins,New England Patriots,Jaylen Waddle,MIA,Miami Dolphins,away,23,21,WR,0,0.0,0,0,0,0,0,0,0,0,0,5,3,52,0,0
2022,17,"53 degrees, relative humidity 73%, wind 2 mph",Miami Dolphins,New England Patriots,Jeff Wilson,MIA,Miami Dolphins,away,23,21,RB,15,22.388059701492537,0,0,0,0,0,0,15,45,0,7,3,31,0,0
2022,17,"53 degrees, relative humidity 73%, wind 2 mph",Miami Dolphins,New England Patriots,Mike Gesicki,MIA,Miami Dolphins,away,23,21,TE,0,0.0,0,0,0,0,0,0,0,0,0,4,2,18,1,0
2022,17,"53 degrees, relative humidity 73%, wind 2 mph",Miami Dolphins,New England Patriots,Raheem Mostert,MIA,Miami Dolphins,away,23,21,RB,9,13.432835820895523,0,0,0,0,0,0,9,29,0,8,8,62,1,0
2022,17,"53 degrees, relative humidity 73%, wind 2 mph",Miami Dolphins,New England Patriots,Salvon Ahmed,MIA,Miami Dolphins,away,23,21,RB,0,0.0,0,0,0,0,0,0,0,0,0,1,1,8,0,0
2022,17,"53 degrees, relative humidity 73%, wind 2 mph",Miami Dolphins,New England Patriots,Skylar Thompson,MIA,Miami Dolphins,away,23,21,QB,22,32.83582089552239,12,21,104,1,1,1,1,4,0,0,0,0,0,0
2022,17,"53 degrees, relative humidity 73%, wind 2 mph",Miami Dolphins,New England Patriots,Teddy Bridgewater,MIA,Miami Dolphins,away,23,21,QB,20,29.850746268656714,12,19,161,1,1,1,1,6,0,0,0,0,0,0
2022,17,"53 degrees, relative humidity 73%, wind 2 mph",Miami Dolphins,New England Patriots,Trent Sherfield,MIA,Miami Dolphins,away,23,21,WR,0,0.0,0,0,0,0,0,0,0,0,0,6,2,30,0,0
2022,17,"53 degrees, relative humidity 73%, wind 2 mph",Miami Dolphins,New England Patriots,Tyreek Hill,MIA,Miami Dolphins,away,23,21,WR,1,1.4925373134328357,0,0,0,0,0,0,1,2,1,7,4,55,0,0
2022,17,"39 degrees, relative humidity 79%, wind 7 mph",Minnesota Vikings,Green Bay Packers,Adam Thielen,MIN,Minnesota Vikings,away,41,17,WR,0,0.0,0,0,0,0,0,0,0,0,0,4,1,16,0,0
2022,17,"39 degrees, relative humidity 79%, wind 7 mph",Minnesota Vikings,Green Bay Packers,Alexander Mattison,MIN,Minnesota Vikings,away,41,17,RB,8,14.545454545454545,0,0,0,0,0,0,8,38,0,1,1,7,0,0
2022,17,"39 degrees, relative humidity 79%, wind 7 mph",Minnesota Vikings,Green Bay Packers,Dalvin Cook,MIN,Minnesota Vikings,away,41,17,RB,9,16.363636363636363,0,0,0,0,0,0,9,27,0,3,2,17,0,0
2022,17,"39 degrees, relative humidity 79%, wind 7 mph",Minnesota Vikings,Green Bay Packers,Jalen Nailor,MIN,Minnesota Vikings,away,41,17,WR,0,0.0,0,0,0,0,0,0,0,0,0,3,3,89,1,0
2022,17,"39 degrees, relative humidity 79%, wind 7 mph",Minnesota Vikings,Green Bay Packers,Justin Jefferson,MIN,Minnesota Vikings,away,41,17,WR,0,0.0,0,0,0,0,0,0,0,0,0,5,1,15,0,0
2022,17,"39 degrees, relative humidity 79%, wind 7 mph",Minnesota Vikings,Green Bay Packers,K.J. Osborn,MIN,Minnesota Vikings,away,41,17,WR,0,0.0,0,0,0,0,0,0,0,0,0,7,7,59,1,0
2022,17,"39 degrees, relative humidity 79%, wind 7 mph",Minnesota Vikings,Green Bay Packers,Kirk Cousins,MIN,Minnesota Vikings,away,41,17,QB,34,61.81818181818181,18,31,205,1,3,2,3,37,0,0,0,0,0,2
2022,17,"39 degrees, relative humidity 79%, wind 7 mph",Minnesota Vikings,Green Bay Packers,Nick Mullens,MIN,Minnesota Vikings,away,41,17,QB,4,7.2727272727272725,4,4,57,1,0,0,0,0,0,0,0,0,0,0
2022,17,"39 degrees, relative humidity 79%, wind 7 mph",Minnesota Vikings,Green Bay Packers,T.J. Hockenson,MIN,Minnesota Vikings,away,41,17,TE,0,0.0,0,0,0,0,0,0,0,0,0,12,7,59,0,0
2022,17,"54 degrees, relative humidity 57%, wind 11 mph",Philadelphia Eagles,New Orleans Saints,Adam Prentice,NOR,Philadelphia Eagles,away,20,10,FB,1,1.694915254237288,0,0,0,0,0,0,1,2,0,1,1,4,0,0
2022,17,"54 degrees, relative humidity 57%, wind 11 mph",Philadelphia Eagles,New Orleans Saints,Adam Trautman,NOR,Philadelphia Eagles,away,20,10,TE,0,0.0,0,0,0,0,0,0,0,0,0,1,1,16,0,0
2022,17,"54 degrees, relative humidity 57%, wind 11 mph",Philadelphia Eagles,New Orleans Saints,Alvin Kamara,NOR,Philadelphia Eagles,away,20,10,RB,16,27.11864406779661,0,0,0,0,0,0,16,73,0,1,1,7,0,0
2022,17,"54 degrees, relative humidity 57%, wind 11 mph",Philadelphia Eagles,New Orleans Saints,Andy Dalton,NOR,Philadelphia Eagles,away,20,10,QB,24,40.67796610169492,18,22,205,0,1,6,2,-2,0,0,0,0,0,0
2022,17,"54 degrees, relative humidity 57%, wind 11 mph",Philadelphia Eagles,New Orleans Saints,Chris Olave,NOR,Philadelphia Eagles,away,20,10,WR,0,0.0,0,0,0,0,0,0,0,0,0,5,4,42,0,0
2022,17,"54 degrees, relative humidity 57%, wind 11 mph",Philadelphia Eagles,New Orleans Saints,Eno Benjamin,NOR,Philadelphia Eagles,away,20,10,RB,2,3.389830508474576,0,0,0,0,0,0,2,10,0,1,1,9,0,0
2022,17,"54 degrees, relative humidity 57%, wind 11 mph",Philadelphia Eagles,New Orleans Saints,Juwan Johnson,NOR,Philadelphia Eagles,away,20,10,TE,0,0.0,0,0,0,0,0,0,0,0,0,7,5,62,0,0
2022,17,"54 degrees, relative humidity 57%, wind 11 mph",Philadelphia Eagles,New Orleans Saints,Rashid Shaheed,NOR,Philadelphia Eagles,away,20,10,WR,0,0.0,0,0,0,0,0,0,0,0,0,6,6,79,0,0
2022,17,"54 degrees, relative humidity 57%, wind 11 mph",Philadelphia Eagles,New Orleans Saints,Taysom Hill,NOR,Philadelphia Eagles,away,20,10,TE,16,27.11864406779661,2,2,24,0,0,1,14,46,1,1,1,10,0,0
2022,17,"53 degrees, relative humidity 73%, wind 2 mph",Miami Dolphins,New England Patriots,Damien Harris,NWE,Miami Dolphins,away,23,21,RB,9,16.666666666666664,0,0,0,0,0,0,9,31,0,3,3,18,0,0
2022,17,"53 degrees, relative humidity 73%, wind 2 mph",Miami Dolphins,New England Patriots,Hunter Henry,NWE,Miami Dolphins,away,23,21,TE,0,0.0,0,0,0,0,0,0,0,0,0,6,5,52,0,0
2022,17,"53 degrees, relative humidity 73%, wind 2 mph",Miami Dolphins,New England Patriots,Jakobi Meyers,NWE,Miami Dolphins,away,23,21,WR,0,0.0,0,0,0,0,0,0,0,0,0,9,6,49,1,0
2022,17,"53 degrees, relative humidity 73%, wind 2 mph",Miami Dolphins,New England Patriots,Kendrick Bourne,NWE,Miami Dolphins,away,23,21,WR,1,1.8518518518518516,0,0,0,0,0,0,1,2,0,2,1,16,0,0
2022,17,"53 degrees, relative humidity 73%, wind 2 mph",Miami Dolphins,New England Patriots,Mac Jones,NWE,Miami Dolphins,away,23,21,QB,36,66.66666666666666,20,33,204,2,0,3,3,1,0,0,0,0,0,0
2022,17,"53 degrees, relative humidity 73%, wind 2 mph",Miami Dolphins,New England Patriots,Nelson Agholor,NWE,Miami Dolphins,away,23,21,WR,0,0.0,0,0,0,0,0,0,0,0,0,1,0,0,0,0
2022,17,"53 degrees, relative humidity 73%, wind 2 mph",Miami Dolphins,New England Patriots,Rhamondre Stevenson,NWE,Miami Dolphins,away,23,21,RB,8,14.814814814814813,0,0,0,0,0,0,8,42,0,4,2,9,0,0
2022,17,"53 degrees, relative humidity 73%, wind 2 mph",Miami Dolphins,New England Patriots,Tyquan Thornton,NWE,Miami Dolphins,away,23,21,WR,0,0.0,0,0,0,0,0,0,0,0,0,7,3,60,1,0
2022,17,"52 degrees, relative humidity 57%, wind 14 mph",Indianapolis Colts,New York Giants,Daniel Bellinger,NYG,Indianapolis Colts,away,38,10,TE,0,0.0,0,0,0,0,0,0,0,0,0,3,3,42,0,0
2022,17,"52 degrees, relative humidity 57%, wind 14 mph",Indianapolis Colts,New York Giants,Daniel Jones,NYG,Indianapolis Colts,away,38,10,QB,35,57.377049180327866,19,24,177,2,0,0,11,91,2,0,0,0,0,0
2022,17,"52 degrees, relative humidity 57%, wind 14 mph",Indianapolis Colts,New York Giants,Darius Slayton,NYG,Indianapolis Colts,away,38,10,WR,0,0.0,0,0,0,0,0,0,0,0,0,3,2,14,0,1
2022,17,"52 degrees, relative humidity 57%, wind 14 mph",Indianapolis Colts,New York Giants,Gary Brightwell,NYG,Indianapolis Colts,away,38,10,RB,5,8.19672131147541,0,0,0,0,0,0,5,9,0,0,0,0,0,0
2022,17,"52 degrees, relative humidity 57%, wind 14 mph",Indianapolis Colts,New York Giants,Isaiah Hodgins,NYG,Indianapolis Colts,away,38,10,WR,0,0.0,0,0,0,0,0,0,0,0,0,5,4,42,1,0
2022,17,"52 degrees, relative humidity 57%, wind 14 mph",Indianapolis Colts,New York Giants,Matt Breida,NYG,Indianapolis Colts,away,38,10,RB,9,14.754098360655737,0,0,0,0,0,0,9,59,0,1,1,8,0,0
2022,17,"52 degrees, relative humidity 57%, wind 14 mph",Indianapolis Colts,New York Giants,Richie James,NYG,Indianapolis Colts,away,38,10,WR,0,0.0,0,0,0,0,0,0,0,0,0,7,7,76,1,0
2022,17,"52 degrees, relative humidity 57%, wind 14 mph",Indianapolis Colts,New York Giants,Saquon Barkley,NYG,Indianapolis Colts,away,38,10,RB,12,19.672131147540984,0,0,0,0,0,0,12,58,0,4,2,-5,0,0
2022,17,"45 degrees, relative humidity 93%, wind 2 mph",New York Jets,Seattle Seahawks,Braxton Berrios,NYJ,New York Jets,away,23,6,WR,0,0.0,0,0,0,0,0,0,0,0,0,1,1,24,0,0
2022,17,"45 degrees, relative humidity 93%, wind 2 mph",New York Jets,Seattle Seahawks,C.J. Uzomah,NYJ,New York Jets,away,23,6,TE,0,0.0,0,0,0,0,0,0,0,0,0,7,3,24,0,0
2022,17,"45 degrees, relative humidity 93%, wind 2 mph",New York Jets,Seattle Seahawks,Corey Davis,NYJ,New York Jets,away,23,6,WR,0,0.0,0,0,0,0,0,0,0,0,0,6,3,45,0,0
2022,17,"45 degrees, relative humidity 93%, wind 2 mph",New York Jets,Seattle Seahawks,Denzel Mims,NYJ,New York Jets,away,23,6,WR,0,0.0,0,0,0,0,0,0,0,0,0,1,0,0,0,0
2022,17,"45 degrees, relative humidity 93%, wind 2 mph",New York Jets,Seattle Seahawks,Elijah Moore,NYJ,New York Jets,away,23,6,WR,0,0.0,0,0,0,0,0,0,0,0,0,2,2,18,0,0
2022,17,"45 degrees, relative humidity 93%, wind 2 mph",New York Jets,Seattle Seahawks,Garrett Wilson,NYJ,New York Jets,away,23,6,WR,0,0.0,0,0,0,0,0,0,0,0,0,11,3,18,0,0
2022,17,"45 degrees, relative humidity 93%, wind 2 mph",New York Jets,Seattle Seahawks,Michael Carter,NYJ,New York Jets,away,23,6,RB,1,1.5873015873015872,0,0,0,0,0,0,1,2,0,3,2,3,0,0
2022,17,"45 degrees, relative humidity 93%, wind 2 mph",New York Jets,Seattle Seahawks,Mike White,NYJ,New York Jets,away,23,6,QB,46,73.01587301587301,23,46,240,0,2,4,0,0,0,0,0,0,0,1
2022,17,"45 degrees, relative humidity 93%, wind 2 mph",New York Jets,Seattle Seahawks,Ty Johnson,NYJ,New York Jets,away,23,6,RB,8,12.698412698412698,0,0,0,0,0,0,8,46,0,5,1,11,0,0
2022,17,"45 degrees, relative humidity 93%, wind 2 mph",New York Jets,Seattle Seahawks,Tyler Conklin,NYJ,New York Jets,away,23,6,TE,0,0.0,0,0,0,0,0,0,0,0,0,6,6,80,0,0
2022,17,"45 degrees, relative humidity 93%, wind 2 mph",New York Jets,Seattle Seahawks,Zonovan Knight,NYJ,New York Jets,away,23,6,RB,8,12.698412698412698,0,0,0,0,0,0,8,27,0,3,2,17,0,0
2022,17,"54 degrees, relative humidity 57%, wind 11 mph",Philadelphia Eagles,New Orleans Saints,A.J. Brown,PHI,Philadelphia Eagles,away,20,10,WR,0,0.0,0,0,0,0,0,0,0,0,0,9,4,97,1,0
2022,17,"54 degrees, relative humidity 57%, wind 11 mph",Philadelphia Eagles,New Orleans Saints,Boston Scott,PHI,Philadelphia Eagles,away,20,10,RB,2,4.25531914893617,0,0,0,0,0,0,2,6,0,1,0,0,0,0
2022,17,"54 degrees, relative humidity 57%, wind 11 mph",Philadelphia Eagles,New Orleans Saints,Dallas Goedert,PHI,Philadelphia Eagles,away,20,10,TE,0,0.0,0,0,0,0,0,0,0,0,0,6,3,45,0,0
2022,17,"54 degrees, relative humidity 57%, wind 11 mph",Philadelphia Eagles,New Orleans Saints,DeVonta Smith,PHI,Philadelphia Eagles,away,20,10,WR,0,0.0,0,0,0,0,0,0,0,0,0,13,9,115,0,0
2022,17,"54 degrees, relative humidity 57%, wind 11 mph",Philadelphia Eagles,New Orleans Saints,Gardner Minshew,PHI,Philadelphia Eagles,away,20,10,UNK,33,70.2127659574468,18,32,274,1,1,6,1,0,0,0,0,0,0,2
2022,17,"54 degrees, relative humidity 57%, wind 11 mph",Philadelphia Eagles,New Orleans Saints,Kenneth Gainwell,PHI,Philadelphia Eagles,away,20,10,RB,0,0.0,0,0,0,0,0,0,0,0,0,2,2,17,0,0
2022,17,"54 degrees, relative humidity 57%, wind 11 mph",Philadelphia Eagles,New Orleans Saints,Miles Sanders,PHI,Philadelphia Eagles,away,20,10,RB,12,25.53191489361702,0,0,0,0,0,0,12,61,0,0,0,0,0,0
2022,17,"54 degrees, relative humidity 57%, wind 11 mph",Philadelphia Eagles,New Orleans Saints,Quez Watkins,PHI,Philadelphia Eagles,away,20,10,WR,0,0.0,0,0,0,0,0,0,0,0,0,1,0,0,0,0
2022,17,"44 degrees, relative humidity 89%, wind 2 mph",Baltimore Ravens,Pittsburgh Steelers,Derek Watt,PIT,Baltimore Ravens,away,16,13,FB,1,1.4705882352941175,0,0,0,0,0,0,1,3,0,0,0,0,0,0
2022,17,"44 degrees, relative humidity 89%, wind 2 mph",Baltimore Ravens,Pittsburgh Steelers,Diontae Johnson,PIT,Baltimore Ravens,away,16,13,WR,0,0.0,0,0,0,0,0,0,0,0,0,7,2,35,0,0
2022,17,"44 degrees, relative humidity 89%, wind 2 mph",Baltimore Ravens,Pittsburgh Steelers,George Pickens,PIT,Baltimore Ravens,away,16,13,WR,0,0.0,0,0,0,0,0,0,0,0,0,4,2,29,0,0
2022,17,"44 degrees, relative humidity 89%, wind 2 mph",Baltimore Ravens,Pittsburgh Steelers,Gunner Olszewski,PIT,Baltimore Ravens,away,16,13,WR,1,1.4705882352941175,0,0,0,0,0,0,1,6,0,0,0,0,0,0
2022,17,"44 degrees, relative humidity 89%, wind 2 mph",Baltimore Ravens,Pittsburgh Steelers,Jaylen Warren,PIT,Baltimore Ravens,away,16,13,RB,12,17.647058823529413,0,0,0,0,0,0,12,76,0,3,3,22,0,0
2022,17,"44 degrees, relative humidity 89%, wind 2 mph",Baltimore Ravens,Pittsburgh Steelers,Kenny Pickett,PIT,Baltimore Ravens,away,16,13,QB,32,47.05882352941176,15,27,168,1,0,2,5,2,0,0,0,0,0,0
2022,17,"44 degrees, relative humidity 89%, wind 2 mph",Baltimore Ravens,Pittsburgh Steelers,Najee Harris,PIT,Baltimore Ravens,away,16,13,RB,22,32.35294117647059,0,0,0,0,0,0,22,111,0,3,2,12,1,0
2022,17,"44 degrees, relative humidity 89%, wind 2 mph",Baltimore Ravens,Pittsburgh Steelers,Pat Freiermuth,PIT,Baltimore Ravens,away,16,13,TE,0,0.0,0,0,0,0,0,0,0,0,0,6,3,36,0,0
2022,17,"44 degrees, relative humidity 89%, wind 2 mph",Baltimore Ravens,Pittsburgh Steelers,Steven Sims,PIT,Baltimore Ravens,away,16,13,WR,0,0.0,0,0,0,0,0,0,0,0,0,4,3,34,0,0
2022,17,"45 degrees, relative humidity 93%, wind 2 mph",New York Jets,Seattle Seahawks,Cade Johnson,SEA,New York Jets,away,23,6,WR,0,0.0,0,0,0,0,0,0,0,0,0,2,0,0,0,0
2022,17,"45 degrees, relative humidity 93%, wind 2 mph",New York Jets,Seattle Seahawks,Colby Parkinson,SEA,New York Jets,away,23,6,TE,0,0.0,0,0,0,0,0,0,0,0,0,7,5,36,1,0
2022,17,"45 degrees, relative humidity 93%, wind 2 mph",New York Jets,Seattle Seahawks,D.K. Metcalf,SEA,New York Jets,away,23,6,WR,0,0.0,0,0,0,0,0,0,0,0,0,5,1,3,0,0
2022,17,"45 degrees, relative humidity 93%, wind 2 mph",New York Jets,Seattle Seahawks,DeeJay Dallas,SEA,New York Jets,away,23,6,RB,7,10.44776119402985,0,0,0,0,0,0,7,43,0,4,3,55,0,0
2022,17,"45 degrees, relative humidity 93%, wind 2 mph",New York Jets,Seattle Seahawks,Geno Smith,SEA,New York Jets,away,23,6,QB,34,50.74626865671642,18,29,183,2,0,4,5,18,0,0,0,0,0,1
2022,17,"45 degrees, relative humidity 93%, wind 2 mph",New York Jets,Seattle Seahawks,Godwin Igwebuike,SEA,New York Jets,away,23,6,RB,3,4.477611940298507,0,0,0,0,0,0,3,4,0,1,1,3,0,0
2022,17,"45 degrees, relative humidity 93%, wind 2 mph",New York Jets,Seattle Seahawks,Kenneth Walker,SEA,New York Jets,away,23,6,UNK,23,34.32835820895522,0,0,0,0,0,0,23,133,0,1,1,9,0,0
2022,17,"45 degrees, relative humidity 93%, wind 2 mph",New York Jets,Seattle Seahawks,Laquon Treadwell,SEA,New York Jets,away,23,6,WR,0,0.0,0,0,0,0,0,0,0,0,0,2,2,15,0,0
2022,17,"45 degrees, relative humidity 93%, wind 2 mph",New York Jets,Seattle Seahawks,Noah Fant,SEA,New York Jets,away,23,6,TE,0,0.0,0,0,0,0,0,0,0,0,0,3,2,40,0,0
2022,17,"45 degrees, relative humidity 93%, wind 2 mph",New York Jets,Seattle Seahawks,Tyler Lockett,SEA,New York Jets,away,23,6,WR,0,0.0,0,0,0,0,0,0,0,0,0,2,2,15,0,0
2022,17,"45 degrees, relative humidity 93%, wind 2 mph",New York Jets,Seattle Seahawks,Tyler Mabry,SEA,New York Jets,away,23,6,TE,0,0.0,0,0,0,0,0,0,0,0,0,1,1,7,1,0
2022,17,,Las Vegas Raiders,San Francisco 49ers,Brandon Aiyuk,SFO,Las Vegas Raiders,away,37,34,WR,1,1.6129032258064515,0,0,0,0,0,0,1,16,0,12,9,101,1,0
2022,17,,Las Vegas Raiders,San Francisco 49ers,Brock Purdy,SFO,Las Vegas Raiders,away,37,34,QB,37,59.67741935483871,22,35,284,2,1,0,2,-3,0,0,0,0,0,0
2022,17,,Las Vegas Raiders,San Francisco 49ers,Christian McCaffrey,SFO,Las Vegas Raiders,away,37,34,RB,19,30.64516129032258,0,0,0,0,0,0,19,121,1,9,6,72,0,0
2022,17,,Las Vegas Raiders,San Francisco 49ers,Danny Gray,SFO,Las Vegas Raiders,away,37,34,WR,1,1.6129032258064515,0,0,0,0,0,0,1,9,0,0,0,0,0,0
2022,17,,Las Vegas Raiders,San Francisco 49ers,George Kittle,SFO,Las Vegas Raiders,away,37,34,TE,0,0.0,0,0,0,0,0,0,0,0,0,8,4,23,1,0
2022,17,,Las Vegas Raiders,San Francisco 49ers,Jauan Jennings,SFO,Las Vegas Raiders,away,37,34,WR,0,0.0,0,0,0,0,0,0,0,0,0,3,2,46,0,0
2022,17,,Las Vegas Raiders,San Francisco 49ers,Jordan Mason,SFO,Las Vegas Raiders,away,37,34,RB,2,3.225806451612903,0,0,0,0,0,0,2,13,1,0,0,0,0,0
2022,17,,Las Vegas Raiders,San Francisco 49ers,Kyle Juszczyk,SFO,Las Vegas Raiders,away,37,34,FB,1,1.6129032258064515,0,0,0,0,0,0,1,9,0,0,0,0,0,0
2022,17,,Las Vegas Raiders,San Francisco 49ers,Ray-Ray McCloud,SFO,Las Vegas Raiders,away,37,34,WR,0,0.0,0,0,0,0,0,0,0,0,0,2,1,42,0,0
2022,17,,Las Vegas Raiders,San Francisco 49ers,Tyrion Davis-Price,SFO,Las Vegas Raiders,away,37,34,RB,1,1.6129032258064515,0,0,0,0,0,0,1,5,0,0,0,0,0,0
2022,17,"75 degrees, relative humidity 87%, wind 2 mph",Carolina Panthers,Tampa Bay Buccaneers,Cade Otton,TAM,Carolina Panthers,away,30,24,TE,0,0.0,0,0,0,0,0,0,0,0,0,6,2,17,0,0
2022,17,"75 degrees, relative humidity 87%, wind 2 mph",Carolina Panthers,Tampa Bay Buccaneers,Chris Godwin,TAM,Carolina Panthers,away,30,24,WR,0,0.0,0,0,0,0,0,0,0,0,0,9,9,120,0,1
2022,17,"75 degrees, relative humidity 87%, wind 2 mph",Carolina Panthers,Tampa Bay Buccaneers,Julio Jones,TAM,Carolina Panthers,away,30,24,WR,1,1.4285714285714286,0,0,0,0,0,0,1,13,0,2,1,10,0,0
2022,17,"75 degrees, relative humidity 87%, wind 2 mph",Carolina Panthers,Tampa Bay Buccaneers,Ko Kieft,TAM,Carolina Panthers,away,30,24,TE,0,0.0,0,0,0,0,0,0,0,0,0,1,0,0,0,0
2022,17,"75 degrees, relative humidity 87%, wind 2 mph",Carolina Panthers,Tampa Bay Buccaneers,Leonard Fournette,TAM,Carolina Panthers,away,30,24,RB,10,14.285714285714285,0,0,0,0,0,0,10,28,0,4,4,19,0,0
2022,17,"75 degrees, relative humidity 87%, wind 2 mph",Carolina Panthers,Tampa Bay Buccaneers,Mike Evans,TAM,Carolina Panthers,away,30,24,WR,0,0.0,0,0,0,0,0,0,0,0,0,12,10,207,3,0
2022,17,"75 degrees, relative humidity 87%, wind 2 mph",Carolina Panthers,Tampa Bay Buccaneers,Rachaad White,TAM,Carolina Panthers,away,30,24,RB,11,15.714285714285714,0,0,0,0,0,0,11,22,0,5,5,26,0,0
2022,17,"75 degrees, relative humidity 87%, wind 2 mph",Carolina Panthers,Tampa Bay Buccaneers,Russell Gage,TAM,Carolina Panthers,away,30,24,WR,0,0.0,0,0,0,0,0,0,0,0,0,3,3,33,0,0
2022,17,"75 degrees, relative humidity 87%, wind 2 mph",Carolina Panthers,Tampa Bay Buccaneers,Tom Brady,TAM,Carolina Panthers,away,30,24,QB,48,68.57142857142857,34,45,432,3,0,3,3,4,1,0,0,0,0,0
2022,17,"56 degrees, relative humidity 72%, wind 4 mph",Tennessee Titans,Dallas Cowboys,Austin Hooper,TEN,Tennessee Titans,away,27,13,TE,0,0.0,0,0,0,0,0,0,0,0,0,6,1,6,0,0
2022,17,"56 degrees, relative humidity 72%, wind 4 mph",Tennessee Titans,Dallas Cowboys,Chigoziem Okonkwo,TEN,Tennessee Titans,away,27,13,TE,0,0.0,0,0,0,0,0,0,0,0,0,4,3,24,0,0
2022,17,"56 degrees, relative humidity 72%, wind 4 mph",Tennessee Titans,Dallas Cowboys,Geoff Swaim,TEN,Tennessee Titans,away,27,13,TE,0,0.0,0,0,0,0,0,0,0,0,0,1,1,4,0,0
2022,17,"56 degrees, relative humidity 72%, wind 4 mph",Tennessee Titans,Dallas Cowboys,Hassan Haskins,TEN,Tennessee Titans,away,27,13,RB,12,19.047619047619047,0,0,0,0,0,0,12,40,0,3,2,13,0,0
2022,17,"56 degrees, relative humidity 72%, wind 4 mph",Tennessee Titans,Dallas Cowboys,Jonathan Ward,TEN,Tennessee Titans,away,27,13,RB,4,6.349206349206349,0,0,0,0,0,0,4,26,0,1,1,4,0,0
2022,17,"56 degrees, relative humidity 72%, wind 4 mph",Tennessee Titans,Dallas Cowboys,Joshua Dobbs,TEN,Tennessee Titans,away,27,13,QB,42,66.66666666666666,20,39,232,1,1,2,3,12,0,0,0,0,0,2
2022,17,"56 degrees, relative humidity 72%, wind 4 mph",Tennessee Titans,Dallas Cowboys,Julius Chestnut,TEN,Tennessee Titans,away,27,13,RB,4,6.349206349206349,0,0,0,0,0,0,4,-1,0,1,1,33,0,0
2022,17,"56 degrees, relative humidity 72%, wind 4 mph",Tennessee Titans,Dallas Cowboys,Nick Westbrook-Ikhine,TEN,Tennessee Titans,away,27,13,WR,0,0.0,0,0,0,0,0,0,0,0,0,3,1,4,0,0
2022,17,"56 degrees, relative humidity 72%, wind 4 mph",Tennessee Titans,Dallas Cowboys,Racey McMath,TEN,Tennessee Titans,away,27,13,WR,0,0.0,0,0,0,0,0,0,0,0,0,2,1,39,0,0
2022,17,"56 degrees, relative humidity 72%, wind 4 mph",Tennessee Titans,Dallas Cowboys,Robert Woods,TEN,Tennessee Titans,away,27,13,WR,0,0.0,0,0,0,0,0,0,0,0,0,9,5,39,1,0
2022,17,"56 degrees, relative humidity 72%, wind 4 mph",Tennessee Titans,Dallas Cowboys,Treylon Burks,TEN,Tennessee Titans,away,27,13,WR,1,1.5873015873015872,0,0,0,0,0,0,1,20,0,8,4,66,0,0
2022,17,"59 degrees, relative humidity 51%, wind 9 mph",Washington Commanders,Cleveland Browns,Brian Robinson Jr.,WAS,Washington Commanders,away,24,10,RB,24,36.92307692307693,0,0,0,0,0,0,24,87,0,1,0,0,0,0
2022,17,"59 degrees, relative humidity 51%, wind 9 mph",Washington Commanders,Cleveland Browns,Cam Sims,WAS,Washington Commanders,away,24,10,WR,0,0.0,0,0,0,0,0,0,0,0,0,1,1,16,0,0
2022,17,"59 degrees, relative humidity 51%, wind 9 mph",Washington Commanders,Cleveland Browns,Carson Wentz,WAS,Washington Commanders,away,24,10,QB,31,47.69230769230769,16,28,143,0,3,3,3,7,1,0,0,0,0,0
2022,17,"59 degrees, relative humidity 51%, wind 9 mph",Washington Commanders,Cleveland Browns,Curtis Samuel,WAS,Washington Commanders,away,24,10,WR,0,0.0,0,0,0,0,0,0,0,0,0,2,1,6,0,0
2022,17,"59 degrees, relative humidity 51%, wind 9 mph",Washington Commanders,Cleveland Browns,Jahan Dotson,WAS,Washington Commanders,away,24,10,WR,0,0.0,0,0,0,0,0,0,0,0,0,7,3,37,0,0
2022,17,"59 degrees, relative humidity 51%, wind 9 mph",Washington Commanders,Cleveland Browns,Jonathan Williams,WAS,Washington Commanders,away,24,10,RB,9,13.846153846153847,0,0,0,0,0,0,9,30,0,5,3,3,0,0
2022,17,"59 degrees, relative humidity 51%, wind 9 mph",Washington Commanders,Cleveland Browns,Logan Thomas,WAS,Washington Commanders,away,24,10,TE,0,0.0,0,0,0,0,0,0,0,0,0,7,6,56,0,0
2022,17,"59 degrees, relative humidity 51%, wind 9 mph",Washington Commanders,Cleveland Browns,Terry McLaurin,WAS,Washington Commanders,away,24,10,WR,1,1.5384615384615385,0,0,0,0,0,0,1,12,0,5,2,25,0,0
2022,18,"57 degrees, relative humidity 77%, wind 2 mph",Arizona Cardinals,San Francisco 49ers,A.J. Green,ARI,Arizona Cardinals,away,38,13,WR,0,0.0,0,0,0,0,0,0,0,0,0,5,3,91,1,0
2022,18,"57 degrees, relative humidity 77%, wind 2 mph",Arizona Cardinals,San Francisco 49ers,Andre Baccellia,ARI,Arizona Cardinals,away,38,13,WR,0,0.0,0,0,0,0,0,0,0,0,0,1,1,6,0,0
2022,18,"57 degrees, relative humidity 77%, wind 2 mph",Arizona Cardinals,San Francisco 49ers,Corey Clement,ARI,Arizona Cardinals,away,38,13,RB,8,17.02127659574468,0,0,0,0,0,0,8,23,1,4,3,25,0,0
2022,18,"57 degrees, relative humidity 77%, wind 2 mph",Arizona Cardinals,San Francisco 49ers,David Blough,ARI,Arizona Cardinals,away,38,13,QB,20,42.5531914893617,14,18,180,1,2,3,2,-2,0,0,0,0,0,1
2022,18,"57 degrees, relative humidity 77%, wind 2 mph",Arizona Cardinals,San Francisco 49ers,Greg Dortch,ARI,Arizona Cardinals,away,38,13,WR,2,4.25531914893617,0,0,0,0,0,0,2,15,0,4,4,30,0,0
2022,18,"57 degrees, relative humidity 77%, wind 2 mph",Arizona Cardinals,San Francisco 49ers,Keaontay Ingram,ARI,Arizona Cardinals,away,38,13,RB,3,6.382978723404255,0,0,0,0,0,0,3,5,0,3,2,-2,0,0
2022,18,"57 degrees, relative humidity 77%, wind 2 mph",Arizona Cardinals,San Francisco 49ers,Marquise Brown,ARI,Arizona Cardinals,away,38,13,WR,0,0.0,0,0,0,0,0,0,0,0,0,4,1,7,0,0
2022,18,"57 degrees, relative humidity 77%, wind 2 mph",Arizona Cardinals,San Francisco 49ers,Pharoh Cooper,ARI,Arizona Cardinals,away,38,13,WR,2,4.25531914893617,0,0,0,0,0,0,2,7,0,2,2,6,0,0
2022,18,"57 degrees, relative humidity 77%, wind 2 mph",Arizona Cardinals,San Francisco 49ers,Trace McSorley,ARI,Arizona Cardinals,away,38,13,QB,12,25.53191489361702,6,9,29,0,1,0,3,13,0,0,0,0,0,0
2022,18,"57 degrees, relative humidity 77%, wind 2 mph",Arizona Cardinals,San Francisco 49ers,Trey McBride,ARI,Arizona Cardinals,away,38,13,TE,0,0.0,0,0,0,0,0,0,0,0,0,3,3,41,0,0
2022,18,"57 degrees, relative humidity 77%, wind 2 mph",Arizona Cardinals,San Francisco 49ers,Ty'Son Williams,ARI,Arizona Cardinals,away,38,13,RB,0,0.0,0,0,0,0,0,0,0,0,0,1,1,5,0,0
2022,18,,Tampa Bay Buccaneers,Atlanta Falcons,Anthony Firkser,ATL,Tampa Bay Buccaneers,away,30,17,TE,0,0.0,0,0,0,0,0,0,0,0,0,1,1,11,0,0
2022,18,,Tampa Bay Buccaneers,Atlanta Falcons,Avery Williams,ATL,Tampa Bay Buccaneers,away,30,17,RB,4,6.153846153846154,0,0,0,0,0,0,4,12,0,0,0,0,0,0
2022,18,,Tampa Bay Buccaneers,Atlanta Falcons,Cordarrelle Patterson,ATL,Tampa Bay Buccaneers,away,30,17,RB,5,7.6923076923076925,0,0,0,0,0,0,5,18,1,3,2,1,0,0
2022,18,,Tampa Bay Buccaneers,Atlanta Falcons,Damiere Byrd,ATL,Tampa Bay Buccaneers,away,30,17,WR,0,0.0,0,0,0,0,0,0,0,0,0,1,1,0,0,0
2022,18,,Tampa Bay Buccaneers,Atlanta Falcons,Desmond Ridder,ATL,Tampa Bay Buccaneers,away,30,17,QB,32,49.23076923076923,19,30,224,2,0,2,2,9,0,0,0,0,0,1
2022,18,,Tampa Bay Buccaneers,Atlanta Falcons,Drake London,ATL,Tampa Bay Buccaneers,away,30,17,WR,0,0.0,0,0,0,0,0,0,0,0,0,8,6,120,0,0
2022,18,,Tampa Bay Buccaneers,Atlanta Falcons,Frank Darby,ATL,Tampa Bay Buccaneers,away,30,17,WR,0,0.0,0,0,0,0,0,0,0,0,0,1,1,15,0,0
2022,18,,Tampa Bay Buccaneers,Atlanta Falcons,Josh Ali,ATL,Tampa Bay Buccaneers,away,30,17,WR,0,0.0,0,0,0,0,0,0,0,0,0,1,0,0,0,0
2022,18,,Tampa Bay Buccaneers,Atlanta Falcons,MyCole Pruitt,ATL,Tampa Bay Buccaneers,away,30,17,TE,0,0.0,0,0,0,0,0,0,0,0,0,5,3,34,1,0
2022,18,,Tampa Bay Buccaneers,Atlanta Falcons,Olamide Zaccheaus,ATL,Tampa Bay Buccaneers,away,30,17,WR,0,0.0,0,0,0,0,0,0,0,0,0,7,4,37,1,0
2022,18,,Tampa Bay Buccaneers,Atlanta Falcons,Parker Hesse,ATL,Tampa Bay Buccaneers,away,30,17,TE,0,0.0,0,0,0,0,0,0,0,0,0,1,1,6,0,0
2022,18,,Tampa Bay Buccaneers,Atlanta Falcons,Tyler Allgeier,ATL,Tampa Bay Buccaneers,away,30,17,RB,24,36.92307692307693,0,0,0,0,0,0,24,135,0,0,0,0,0,0
2022,18,"38 degrees, relative humidity 62%, wind 7 mph",Baltimore Ravens,Cincinnati Bengals,Anthony Brown,BAL,Baltimore Ravens,away,27,16,QB,44,61.97183098591549,19,44,286,0,2,4,0,0,0,0,0,0,0,1
2022,18,"38 degrees, relative humidity 62%, wind 7 mph",Baltimore Ravens,Cincinnati Bengals,Charlie Kolar,BAL,Baltimore Ravens,away,27,16,TE,0,0.0,0,0,0,0,0,0,0,0,0,6,4,49,0,0
2022,18,"38 degrees, relative humidity 62%, wind 7 mph",Baltimore Ravens,Cincinnati Bengals,Demarcus Robinson,BAL,Baltimore Ravens,away,27,16,WR,0,0.0,0,0,0,0,0,0,0,0,0,9,2,24,0,0
2022,18,"38 degrees, relative humidity 62%, wind 7 mph",Baltimore Ravens,Cincinnati Bengals,Gus Edwards,BAL,Baltimore Ravens,away,27,16,RB,4,5.633802816901409,0,0,0,0,0,0,4,16,0,0,0,0,0,0
2022,18,"38 degrees, relative humidity 62%, wind 7 mph",Baltimore Ravens,Cincinnati Bengals,Isaiah Likely,BAL,Baltimore Ravens,away,27,16,TE,0,0.0,0,0,0,0,0,0,0,0,0,13,8,103,0,0
2022,18,"38 degrees, relative humidity 62%, wind 7 mph",Baltimore Ravens,Cincinnati Bengals,James Proche,BAL,Baltimore Ravens,away,27,16,WR,0,0.0,0,0,0,0,0,0,0,0,0,3,0,0,0,0
2022,18,"38 degrees, relative humidity 62%, wind 7 mph",Baltimore Ravens,Cincinnati Bengals,Josh Oliver,BAL,Baltimore Ravens,away,27,16,TE,0,0.0,0,0,0,0,0,0,0,0,0,1,0,0,0,0
2022,18,"38 degrees, relative humidity 62%, wind 7 mph",Baltimore Ravens,Cincinnati Bengals,Justice Hill,BAL,Baltimore Ravens,away,27,16,RB,7,9.859154929577464,0,0,0,0,0,0,7,34,0,0,0,0,0,0
2022,18,"38 degrees, relative humidity 62%, wind 7 mph",Baltimore Ravens,Cincinnati Bengals,Kenyan Drake,BAL,Baltimore Ravens,away,27,16,RB,16,22.535211267605636,0,0,0,0,0,0,16,60,1,5,2,19,0,0
2022,18,"38 degrees, relative humidity 62%, wind 7 mph",Baltimore Ravens,Cincinnati Bengals,Sammy Watkins,BAL,Baltimore Ravens,away,27,16,WR,0,0.0,0,0,0,0,0,0,0,0,0,4,2,79,0,1
2022,18,"38 degrees, relative humidity 62%, wind 7 mph",Baltimore Ravens,Cincinnati Bengals,Tylan Wallace,BAL,Baltimore Ravens,away,27,16,WR,0,0.0,0,0,0,0,0,0,0,0,0,1,1,12,0,0
2022,18,"30 degrees, relative humidity 74%, wind 6 mph",New England Patriots,Buffalo Bills,Dawson Knox,BUF,New England Patriots,away,35,23,TE,0,0.0,0,0,0,0,0,0,0,0,0,2,2,13,1,0
2022,18,"30 degrees, relative humidity 74%, wind 6 mph",New England Patriots,Buffalo Bills,Devin Singletary,BUF,New England Patriots,away,35,23,RB,7,12.5,0,0,0,0,0,0,7,29,0,1,1,3,0,1
2022,18,"30 degrees, relative humidity 74%, wind 6 mph",New England Patriots,Buffalo Bills,Gabriel Davis,BUF,New England Patriots,away,35,23,WR,0,0.0,0,0,0,0,0,0,0,0,0,10,3,39,0,0
2022,18,"30 degrees, relative humidity 74%, wind 6 mph",New England Patriots,Buffalo Bills,Isaiah McKenzie,BUF,New England Patriots,away,35,23,WR,0,0.0,0,0,0,0,0,0,0,0,0,3,2,19,0,0
2022,18,"30 degrees, relative humidity 74%, wind 6 mph",New England Patriots,Buffalo Bills,James Cook,BUF,New England Patriots,away,35,23,RB,9,16.071428571428573,0,0,0,0,0,0,9,45,0,2,2,6,0,0
2022,18,"30 degrees, relative humidity 74%, wind 6 mph",New England Patriots,Buffalo Bills,John Brown,BUF,New England Patriots,away,35,23,WR,0,0.0,0,0,0,0,0,0,0,0,0,1,1,42,1,0
2022,18,"30 degrees, relative humidity 74%, wind 6 mph",New England Patriots,Buffalo Bills,Josh Allen,BUF,New England Patriots,away,35,23,QB,40,71.42857142857143,19,31,254,3,1,2,9,16,0,0,0,0,0,0
2022,18,"30 degrees, relative humidity 74%, wind 6 mph",New England Patriots,Buffalo Bills,Khalil Shakir,BUF,New England Patriots,away,35,23,WR,0,0.0,0,0,0,0,0,0,0,0,0,2,1,28,0,0
2022,18,"30 degrees, relative humidity 74%, wind 6 mph",New England Patriots,Buffalo Bills,Stefon Diggs,BUF,New England Patriots,away,35,23,WR,0,0.0,0,0,0,0,0,0,0,0,0,10,7,104,1,0
2022,18,,New Orleans Saints,Carolina Panthers,Chuba Hubbard,CAR,New Orleans Saints,away,10,7,RB,21,37.5,0,0,0,0,0,0,21,69,0,1,0,0,0,0
2022,18,,New Orleans Saints,Carolina Panthers,D'Onta Foreman,CAR,New Orleans Saints,away,10,7,RB,12,21.428571428571427,0,0,0,0,0,0,12,68,0,0,0,0,0,0
2022,18,,New Orleans Saints,Carolina Panthers,D.J. Moore,CAR,New Orleans Saints,away,10,7,WR,0,0.0,0,0,0,0,0,0,0,0,0,4,1,10,0,0
2022,18,,New Orleans Saints,Carolina Panthers,Laviska Shenault Jr.,CAR,New Orleans Saints,away,10,7,WR,1,1.7857142857142856,0,0,0,0,0,0,1,1,0,1,1,8,0,0
2022,18,,New Orleans Saints,Carolina Panthers,Raheem Blackshear,CAR,New Orleans Saints,away,10,7,RB,1,1.7857142857142856,0,0,0,0,0,0,1,1,0,0,0,0,0,0
2022,18,,New Orleans Saints,Carolina Panthers,Sam Darnold,CAR,New Orleans Saints,away,10,7,QB,21,37.5,5,15,43,0,2,2,6,32,0,0,0,0,0,2
2022,18,,New Orleans Saints,Carolina Panthers,Shi Smith,CAR,New Orleans Saints,away,10,7,WR,0,0.0,0,0,0,0,0,0,0,0,0,1,0,0,0,0
2022,18,,New Orleans Saints,Carolina Panthers,Terrace Marshall Jr.,CAR,New Orleans Saints,away,10,7,WR,0,0.0,0,0,0,0,0,0,0,0,0,3,2,23,0,0
2022,18,,New Orleans Saints,Carolina Panthers,Tommy Tremble,CAR,New Orleans Saints,away,10,7,TE,0,0.0,0,0,0,0,0,0,0,0,0,1,1,2,0,0
2022,18,"32 degrees, relative humidity 74%, wind 2 mph",Chicago Bears,Minnesota Vikings,Byron Pringle,CHI,Chicago Bears,away,29,13,WR,0,0.0,0,0,0,0,0,0,0,0,0,1,1,5,0,0
2022,18,"32 degrees, relative humidity 74%, wind 2 mph",Chicago Bears,Minnesota Vikings,Chase Claypool,CHI,Chicago Bears,away,29,13,WR,0,0.0,0,0,0,0,0,0,0,0,0,6,2,29,0,0
2022,18,"32 degrees, relative humidity 74%, wind 2 mph",Chicago Bears,Minnesota Vikings,Cole Kmet,CHI,Chicago Bears,away,29,13,TE,0,0.0,0,0,0,0,0,0,0,0,0,5,4,57,1,0
2022,18,"32 degrees, relative humidity 74%, wind 2 mph",Chicago Bears,Minnesota Vikings,Dante Pettis,CHI,Chicago Bears,away,29,13,WR,0,0.0,0,0,0,0,0,0,0,0,0,6,2,19,0,0
2022,18,"32 degrees, relative humidity 74%, wind 2 mph",Chicago Bears,Minnesota Vikings,David Montgomery,CHI,Chicago Bears,away,29,13,RB,7,14.285714285714285,0,0,0,0,0,0,7,21,0,0,0,0,0,0
2022,18,"32 degrees, relative humidity 74%, wind 2 mph",Chicago Bears,Minnesota Vikings,Equanimeous St. Brown,CHI,Chicago Bears,away,29,13,WR,0,0.0,0,0,0,0,0,0,0,0,0,1,1,3,0,0
2022,18,"32 degrees, relative humidity 74%, wind 2 mph",Chicago Bears,Minnesota Vikings,Khalil Herbert,CHI,Chicago Bears,away,29,13,RB,10,20.408163265306122,0,0,0,0,0,0,10,50,0,2,1,-1,0,0
2022,18,"32 degrees, relative humidity 74%, wind 2 mph",Chicago Bears,Minnesota Vikings,N'Keal Harry,CHI,Chicago Bears,away,29,13,WR,0,0.0,0,0,0,0,0,0,0,0,0,2,1,7,0,0
2022,18,"32 degrees, relative humidity 74%, wind 2 mph",Chicago Bears,Minnesota Vikings,Nathan Peterman,CHI,Chicago Bears,away,29,13,QB,21,42.857142857142854,11,19,114,1,0,1,2,7,0,0,0,0,0,0
2022,18,"32 degrees, relative humidity 74%, wind 2 mph",Chicago Bears,Minnesota Vikings,Tim Boyle,CHI,Chicago Bears,away,29,13,QB,10,20.408163265306122,2,8,33,0,2,0,2,-2,0,0,0,0,0,0
2022,18,"32 degrees, relative humidity 74%, wind 2 mph",Chicago Bears,Minnesota Vikings,Trestan Ebner,CHI,Chicago Bears,away,29,13,RB,0,0.0,0,0,0,0,0,0,0,0,0,2,0,0,0,0
2022,18,"32 degrees, relative humidity 74%, wind 2 mph",Chicago Bears,Minnesota Vikings,Velus Jones Jr.,CHI,Chicago Bears,away,29,13,WR,1,2.0408163265306123,0,0,0,0,0,0,1,42,1,2,1,28,0,0
2022,18,"38 degrees, relative humidity 62%, wind 7 mph",Baltimore Ravens,Cincinnati Bengals,Hayden Hurst,CIN,Baltimore Ravens,away,27,16,TE,0,0.0,0,0,0,0,0,0,0,0,0,5,4,14,0,0
2022,18,"38 degrees, relative humidity 62%, wind 7 mph",Baltimore Ravens,Cincinnati Bengals,Ja'Marr Chase,CIN,Baltimore Ravens,away,27,16,WR,0,0.0,0,0,0,0,0,0,0,0,0,13,8,86,1,0
2022,18,"38 degrees, relative humidity 62%, wind 7 mph",Baltimore Ravens,Cincinnati Bengals,Joe Burrow,CIN,Baltimore Ravens,away,27,16,QB,45,72.58064516129032,25,42,215,1,0,2,3,10,0,0,0,0,0,1
2022,18,"38 degrees, relative humidity 62%, wind 7 mph",Baltimore Ravens,Cincinnati Bengals,Joe Mixon,CIN,Baltimore Ravens,away,27,16,RB,11,17.741935483870968,0,0,0,0,0,0,11,27,1,5,5,41,0,0
2022,18,"38 degrees, relative humidity 62%, wind 7 mph",Baltimore Ravens,Cincinnati Bengals,Samaje Perine,CIN,Baltimore Ravens,away,27,16,RB,6,9.67741935483871,0,0,0,0,0,0,6,18,0,1,1,4,0,0
2022,18,"38 degrees, relative humidity 62%, wind 7 mph",Baltimore Ravens,Cincinnati Bengals,Tee Higgins,CIN,Baltimore Ravens,away,27,16,WR,0,0.0,0,0,0,0,0,0,0,0,0,7,1,7,0,0
2022,18,"38 degrees, relative humidity 62%, wind 7 mph",Baltimore Ravens,Cincinnati Bengals,Trenton Irwin,CIN,Baltimore Ravens,away,27,16,WR,0,0.0,0,0,0,0,0,0,0,0,0,2,1,12,0,0
2022,18,"38 degrees, relative humidity 62%, wind 7 mph",Baltimore Ravens,Cincinnati Bengals,Tyler Boyd,CIN,Baltimore Ravens,away,27,16,WR,0,0.0,0,0,0,0,0,0,0,0,0,7,5,51,0,0
2022,18,"36 degrees, relative humidity 64%, wind 8 mph",Cleveland Browns,Pittsburgh Steelers,Amari Cooper,CLE,Cleveland Browns,away,28,14,WR,0,0.0,0,0,0,0,0,0,0,0,0,3,2,51,0,0
2022,18,"36 degrees, relative humidity 64%, wind 8 mph",Cleveland Browns,Pittsburgh Steelers,David Bell,CLE,Cleveland Browns,away,28,14,WR,0,0.0,0,0,0,0,0,0,0,0,0,2,0,0,0,0
2022,18,"36 degrees, relative humidity 64%, wind 8 mph",Cleveland Browns,Pittsburgh Steelers,David Njoku,CLE,Cleveland Browns,away,28,14,TE,0,0.0,0,0,0,0,0,0,0,0,0,5,4,42,1,0
2022,18,"36 degrees, relative humidity 64%, wind 8 mph",Cleveland Browns,Pittsburgh Steelers,Deshaun Watson,CLE,Cleveland Browns,away,28,14,QB,35,68.62745098039215,19,29,230,2,2,7,6,44,0,0,0,0,0,1
2022,18,"36 degrees, relative humidity 64%, wind 8 mph",Cleveland Browns,Pittsburgh Steelers,Donovan Peoples-Jones,CLE,Cleveland Browns,away,28,14,WR,0,0.0,0,0,0,0,0,0,0,0,0,4,2,42,0,0
2022,18,"36 degrees, relative humidity 64%, wind 8 mph",Cleveland Browns,Pittsburgh Steelers,Harrison Bryant,CLE,Cleveland Browns,away,28,14,TE,0,0.0,0,0,0,0,0,0,0,0,0,2,2,20,0,0
2022,18,"36 degrees, relative humidity 64%, wind 8 mph",Cleveland Browns,Pittsburgh Steelers,Kareem Hunt,CLE,Cleveland Browns,away,28,14,RB,4,7.8431372549019605,0,0,0,0,0,0,4,13,0,4,3,15,0,0
2022,18,"36 degrees, relative humidity 64%, wind 8 mph",Cleveland Browns,Pittsburgh Steelers,Michael Woods,CLE,Cleveland Browns,away,28,14,UNK,0,0.0,0,0,0,0,0,0,0,0,0,1,1,15,0,0
2022,18,"36 degrees, relative humidity 64%, wind 8 mph",Cleveland Browns,Pittsburgh Steelers,Nick Chubb,CLE,Cleveland Browns,away,28,14,RB,12,23.52941176470588,0,0,0,0,0,0,12,77,0,6,5,45,1,0
2022,18,"42 degrees, relative humidity 53%, wind 7 mph",Dallas Cowboys,Washington Commanders,Bryan Anger,DAL,Dallas Cowboys,away,26,6,P,1,1.5384615384615385,0,0,0,0,0,0,1,0,0,0,0,0,0,1
2022,18,"42 degrees, relative humidity 53%, wind 7 mph",Dallas Cowboys,Washington Commanders,CeeDee Lamb,DAL,Dallas Cowboys,away,26,6,WR,0,0.0,0,0,0,0,0,0,0,0,0,7,5,52,1,0
2022,18,"42 degrees, relative humidity 53%, wind 7 mph",Dallas Cowboys,Washington Commanders,Cooper Rush,DAL,Dallas Cowboys,away,26,6,QB,1,1.5384615384615385,0,1,0,0,0,0,0,0,0,0,0,0,0,0
2022,18,"42 degrees, relative humidity 53%, wind 7 mph",Dallas Cowboys,Washington Commanders,Dak Prescott,DAL,Dallas Cowboys,away,26,6,QB,43,66.15384615384615,14,37,128,1,1,1,6,16,0,0,0,0,0,0
2022,18,"42 degrees, relative humidity 53%, wind 7 mph",Dallas Cowboys,Washington Commanders,Dalton Schultz,DAL,Dallas Cowboys,away,26,6,TE,0,0.0,0,0,0,0,0,0,0,0,0,9,4,33,0,0
2022,18,"42 degrees, relative humidity 53%, wind 7 mph",Dallas Cowboys,Washington Commanders,Ezekiel Elliott,DAL,Dallas Cowboys,away,26,6,RB,8,12.307692307692308,0,0,0,0,0,0,8,10,0,2,0,0,0,0
2022,18,"42 degrees, relative humidity 53%, wind 7 mph",Dallas Cowboys,Washington Commanders,Jake Ferguson,DAL,Dallas Cowboys,away,26,6,TE,0,0.0,0,0,0,0,0,0,0,0,0,1,1,4,0,0
2022,18,"42 degrees, relative humidity 53%, wind 7 mph",Dallas Cowboys,Washington Commanders,Malik Davis,DAL,Dallas Cowboys,away,26,6,RB,5,7.6923076923076925,0,0,0,0,0,0,5,19,0,0,0,0,0,0
2022,18,"42 degrees, relative humidity 53%, wind 7 mph",Dallas Cowboys,Washington Commanders,Michael Gallup,DAL,Dallas Cowboys,away,26,6,WR,0,0.0,0,0,0,0,0,0,0,0,0,6,1,10,0,0
2022,18,"42 degrees, relative humidity 53%, wind 7 mph",Dallas Cowboys,Washington Commanders,Noah Brown,DAL,Dallas Cowboys,away,26,6,WR,0,0.0,0,0,0,0,0,0,0,0,0,6,1,10,0,0
2022,18,"42 degrees, relative humidity 53%, wind 7 mph",Dallas Cowboys,Washington Commanders,T.Y. Hilton,DAL,Dallas Cowboys,away,26,6,WR,0,0.0,0,0,0,0,0,0,0,0,0,4,2,19,0,0
2022,18,"42 degrees, relative humidity 53%, wind 7 mph",Dallas Cowboys,Washington Commanders,Tony Pollard,DAL,Dallas Cowboys,away,26,6,RB,7,10.76923076923077,0,0,0,0,0,0,7,19,0,1,0,0,0,0
2022,18,"43 degrees, relative humidity 39%, wind 4 mph",Los Angeles Chargers,Denver Broncos,Albert Okwuegbunam,DEN,Los Angeles Chargers,away,31,28,TE,0,0.0,0,0,0,0,0,0,0,0,0,1,0,0,0,0
2022,18,"43 degrees, relative humidity 39%, wind 4 mph",Los Angeles Chargers,Denver Broncos,Andrew Beck,DEN,Los Angeles Chargers,away,31,28,TE,0,0.0,0,0,0,0,0,0,0,0,0,2,0,0,0,0
2022,18,"43 degrees, relative humidity 39%, wind 4 mph",Los Angeles Chargers,Denver Broncos,Chase Edmonds,DEN,Los Angeles Chargers,away,31,28,RB,9,15.0,0,0,0,0,0,0,9,45,0,0,0,0,0,0
2022,18,"43 degrees, relative humidity 39%, wind 4 mph",Los Angeles Chargers,Denver Broncos,Courtland Sutton,DEN,Los Angeles Chargers,away,31,28,WR,0,0.0,0,0,0,0,0,0,0,0,0,7,3,33,1,0
2022,18,"43 degrees, relative humidity 39%, wind 4 mph",Los Angeles Chargers,Denver Broncos,Eric Tomlinson,DEN,Los Angeles Chargers,away,31,28,TE,0,0.0,0,0,0,0,0,0,0,0,0,1,1,3,1,0
2022,18,"43 degrees, relative humidity 39%, wind 4 mph",Los Angeles Chargers,Denver Broncos,Freddie Swain,DEN,Los Angeles Chargers,away,31,28,WR,0,0.0,0,0,0,0,0,0,0,0,0,3,2,54,0,1
2022,18,"43 degrees, relative humidity 39%, wind 4 mph",Los Angeles Chargers,Denver Broncos,Jerry Jeudy,DEN,Los Angeles Chargers,away,31,28,WR,3,5.0,0,0,0,0,0,0,3,39,0,6,5,154,0,0
2022,18,"43 degrees, relative humidity 39%, wind 4 mph",Los Angeles Chargers,Denver Broncos,Latavius Murray,DEN,Los Angeles Chargers,away,31,28,RB,15,25.0,0,0,0,0,0,0,15,103,1,1,1,15,0,1
2022,18,"43 degrees, relative humidity 39%, wind 4 mph",Los Angeles Chargers,Denver Broncos,Russell Wilson,DEN,Los Angeles Chargers,away,31,28,QB,32,53.333333333333336,13,24,283,3,1,2,8,18,0,0,0,0,0,0
2022,18,"43 degrees, relative humidity 39%, wind 4 mph",Los Angeles Chargers,Denver Broncos,Tyler Badie,DEN,Los Angeles Chargers,away,31,28,RB,1,1.6666666666666667,0,0,0,0,0,0,1,0,0,1,1,24,1,0
2022,18,"21 degrees, relative humidity 92%, wind 4 mph",Green Bay Packers,Detroit Lions,Amon-Ra St. Brown,DET,Green Bay Packers,away,20,16,WR,0,0.0,0,0,0,0,0,0,0,0,0,9,6,49,0,0
2022,18,"21 degrees, relative humidity 92%, wind 4 mph",Green Bay Packers,Detroit Lions,Brock Wright,DET,Green Bay Packers,away,20,16,TE,0,0.0,0,0,0,0,0,0,0,0,0,1,0,0,0,0
2022,18,"21 degrees, relative humidity 92%, wind 4 mph",Green Bay Packers,Detroit Lions,D'Andre Swift,DET,Green Bay Packers,away,20,16,RB,6,10.16949152542373,0,0,0,0,0,0,6,25,0,7,7,61,0,0
2022,18,"21 degrees, relative humidity 92%, wind 4 mph",Green Bay Packers,Detroit Lions,DJ Chark,DET,Green Bay Packers,away,20,16,WR,0,0.0,0,0,0,0,0,0,0,0,0,4,3,14,0,0
2022,18,"21 degrees, relative humidity 92%, wind 4 mph",Green Bay Packers,Detroit Lions,Jamaal Williams,DET,Green Bay Packers,away,20,16,RB,16,27.11864406779661,0,0,0,0,0,0,16,72,2,0,0,0,0,0
2022,18,"21 degrees, relative humidity 92%, wind 4 mph",Green Bay Packers,Detroit Lions,James Mitchell,DET,Green Bay Packers,away,20,16,TE,0,0.0,0,0,0,0,0,0,0,0,0,1,1,7,0,0
2022,18,"21 degrees, relative humidity 92%, wind 4 mph",Green Bay Packers,Detroit Lions,Jameson Williams,DET,Green Bay Packers,away,20,16,WR,0,0.0,0,0,0,0,0,0,0,0,0,1,0,0,0,0
2022,18,"21 degrees, relative humidity 92%, wind 4 mph",Green Bay Packers,Detroit Lions,Jared Goff,DET,Green Bay Packers,away,20,16,QB,36,61.016949152542374,23,34,224,0,0,1,2,5,0,0,0,0,0,1
2022,18,"21 degrees, relative humidity 92%, wind 4 mph",Green Bay Packers,Detroit Lions,Josh Reynolds,DET,Green Bay Packers,away,20,16,WR,0,0.0,0,0,0,0,0,0,0,0,0,2,1,16,0,0
2022,18,"21 degrees, relative humidity 92%, wind 4 mph",Green Bay Packers,Detroit Lions,Justin Jackson,DET,Green Bay Packers,away,20,16,RB,1,1.694915254237288,0,0,0,0,0,0,1,2,0,1,1,11,0,0
2022,18,"21 degrees, relative humidity 92%, wind 4 mph",Green Bay Packers,Detroit Lions,Kalif Raymond,DET,Green Bay Packers,away,20,16,WR,0,0.0,0,0,0,0,0,0,0,0,0,6,4,66,0,0
2022,18,"21 degrees, relative humidity 92%, wind 4 mph",Green Bay Packers,Detroit Lions,Shane Zylstra,DET,Green Bay Packers,away,20,16,TE,0,0.0,0,0,0,0,0,0,0,0,0,1,0,0,0,0
2022,18,"21 degrees, relative humidity 92%, wind 4 mph",Green Bay Packers,Detroit Lions,AJ Dillon,GNB,Green Bay Packers,away,20,16,RB,9,16.363636363636363,0,0,0,0,0,0,9,33,0,3,0,0,0,0
2022,18,"21 degrees, relative humidity 92%, wind 4 mph",Green Bay Packers,Detroit Lions,Aaron Jones,GNB,Green Bay Packers,away,20,16,RB,12,21.818181818181817,0,0,0,0,0,0,12,48,0,4,3,20,0,1
2022,18,"21 degrees, relative humidity 92%, wind 4 mph",Green Bay Packers,Detroit Lions,Aaron Rodgers,GNB,Green Bay Packers,away,20,16,QB,30,54.54545454545454,17,27,205,1,1,2,3,10,0,0,0,0,0,0
2022,18,"21 degrees, relative humidity 92%, wind 4 mph",Green Bay Packers,Detroit Lions,Allen Lazard,GNB,Green Bay Packers,away,20,16,WR,2,3.6363636363636362,0,0,0,0,0,0,2,0,0,6,4,41,1,0
2022,18,"21 degrees, relative humidity 92%, wind 4 mph",Green Bay Packers,Detroit Lions,Christian Watson,GNB,Green Bay Packers,away,20,16,WR,2,3.6363636363636362,0,0,0,0,0,0,2,12,0,6,5,104,0,0
2022,18,"21 degrees, relative humidity 92%, wind 4 mph",Green Bay Packers,Detroit Lions,Randall Cobb,GNB,Green Bay Packers,away,20,16,WR,0,0.0,0,0,0,0,0,0,0,0,0,2,2,11,0,0
2022,18,"21 degrees, relative humidity 92%, wind 4 mph",Green Bay Packers,Detroit Lions,Robert Tonyan,GNB,Green Bay Packers,away,20,16,TE,0,0.0,0,0,0,0,0,0,0,0,0,3,3,29,0,0
2022,18,"21 degrees, relative humidity 92%, wind 4 mph",Green Bay Packers,Detroit Lions,Romeo Doubs,GNB,Green Bay Packers,away,20,16,WR,0,0.0,0,0,0,0,0,0,0,0,0,2,0,0,0,0
2022,18,,Indianapolis Colts,Houston Texans,Amari Rodgers,HOU,Indianapolis Colts,away,32,31,WR,0,0.0,0,0,0,0,0,0,0,0,0,4,3,22,0,1
2022,18,,Indianapolis Colts,Houston Texans,Brandin Cooks,HOU,Indianapolis Colts,away,32,31,WR,0,0.0,0,0,0,0,0,0,0,0,0,6,5,106,1,0
2022,18,,Indianapolis Colts,Houston Texans,Chris Moore,HOU,Indianapolis Colts,away,32,31,WR,1,1.5873015873015872,0,0,0,0,0,0,1,-2,0,6,2,22,0,0
2022,18,,Indianapolis Colts,Houston Texans,Dare Ogunbowale,HOU,Indianapolis Colts,away,32,31,RB,11,17.46031746031746,0,0,0,0,0,0,11,33,0,6,5,5,0,0
2022,18,,Indianapolis Colts,Houston Texans,Davis Mills,HOU,Indianapolis Colts,away,32,31,QB,39,61.904761904761905,22,38,298,3,2,1,1,6,0,0,0,0,0,0
2022,18,,Indianapolis Colts,Houston Texans,Jeff Driskel,HOU,Indianapolis Colts,away,32,31,QB,5,7.936507936507936,2,2,13,0,0,0,3,7,0,0,0,0,0,0
2022,18,,Indianapolis Colts,Houston Texans,Jordan Akins,HOU,Indianapolis Colts,away,32,31,TE,0,0.0,0,0,0,0,0,0,0,0,0,8,4,70,2,0
2022,18,,Indianapolis Colts,Houston Texans,Rex Burkhead,HOU,Indianapolis Colts,away,32,31,RB,0,0.0,0,0,0,0,0,0,0,0,0,2,1,1,0,0
2022,18,,Indianapolis Colts,Houston Texans,Royce Freeman,HOU,Indianapolis Colts,away,32,31,RB,7,11.11111111111111,0,0,0,0,0,0,7,15,0,1,1,2,0,1
2022,18,,Indianapolis Colts,Houston Texans,Teagan Quitoriano,HOU,Indianapolis Colts,away,32,31,TE,0,0.0,0,0,0,0,0,0,0,0,0,4,3,83,0,0
2022,18,,Indianapolis Colts,Houston Texans,Troy Hairston,HOU,Indianapolis Colts,away,32,31,FB,0,0.0,0,0,0,0,0,0,0,0,0,1,0,0,0,0
2022,18,,Indianapolis Colts,Houston Texans,Alec Pierce,IND,Indianapolis Colts,away,32,31,WR,0,0.0,0,0,0,0,0,0,0,0,0,4,3,42,0,0
2022,18,,Indianapolis Colts,Houston Texans,Deon Jackson,IND,Indianapolis Colts,away,32,31,RB,8,11.76470588235294,0,0,0,0,0,0,8,35,0,8,6,75,0,0
2022,18,,Indianapolis Colts,Houston Texans,Jelani Woods,IND,Indianapolis Colts,away,32,31,TE,0,0.0,0,0,0,0,0,0,0,0,0,4,1,9,0,0
2022,18,,Indianapolis Colts,Houston Texans,Michael Pittman Jr.,IND,Indianapolis Colts,away,32,31,WR,1,1.4705882352941175,0,0,0,0,0,0,1,0,0,5,3,30,1,0
2022,18,,Indianapolis Colts,Houston Texans,Mo Alie-Cox,IND,Indianapolis Colts,away,32,31,TE,0,0.0,0,0,0,0,0,0,0,0,0,1,1,4,1,0
2022,18,,Indianapolis Colts,Houston Texans,Parris Campbell,IND,Indianapolis Colts,away,32,31,WR,1,1.4705882352941175,0,0,0,0,0,0,1,26,0,9,6,42,0,1
2022,18,,Indianapolis Colts,Houston Texans,Sam Ehlinger,IND,Indianapolis Colts,away,32,31,QB,40,58.82352941176471,23,35,209,2,2,2,5,21,0,0,0,0,0,1
2022,18,,Indianapolis Colts,Houston Texans,Zack Moss,IND,Indianapolis Colts,away,32,31,RB,18,26.47058823529412,0,0,0,0,0,0,18,114,1,3,3,7,0,0
2022,18,"56 degrees, relative humidity 67%, wind 4 mph",Tennessee Titans,Jacksonville Jaguars,Christian Kirk,JAX,Tennessee Titans,away,20,16,WR,0,0.0,0,0,0,0,0,0,0,0,0,8,6,99,1,0
2022,18,"56 degrees, relative humidity 67%, wind 4 mph",Tennessee Titans,Jacksonville Jaguars,Evan Engram,JAX,Tennessee Titans,away,20,16,TE,0,0.0,0,0,0,0,0,0,0,0,0,4,4,27,0,0
2022,18,"56 degrees, relative humidity 67%, wind 4 mph",Tennessee Titans,Jacksonville Jaguars,Jamal Agnew,JAX,Tennessee Titans,away,20,16,WR,0,0.0,0,0,0,0,0,0,0,0,0,1,1,8,0,0
2022,18,"56 degrees, relative humidity 67%, wind 4 mph",Tennessee Titans,Jacksonville Jaguars,Jamycal Hasty,JAX,Tennessee Titans,away,20,16,RB,3,6.521739130434782,0,0,0,0,0,0,3,5,0,1,0,0,0,0
2022,18,"56 degrees, relative humidity 67%, wind 4 mph",Tennessee Titans,Jacksonville Jaguars,Luke Farrell,JAX,Tennessee Titans,away,20,16,TE,0,0.0,0,0,0,0,0,0,0,0,0,1,1,11,0,0
2022,18,"56 degrees, relative humidity 67%, wind 4 mph",Tennessee Titans,Jacksonville Jaguars,Marvin Jones,JAX,Tennessee Titans,away,20,16,WR,0,0.0,0,0,0,0,0,0,0,0,0,6,2,29,0,0
2022,18,"56 degrees, relative humidity 67%, wind 4 mph",Tennessee Titans,Jacksonville Jaguars,Travis Etienne,JAX,Tennessee Titans,away,20,16,RB,7,15.217391304347828,0,0,0,0,0,0,7,17,0,2,2,17,0,0
2022,18,"56 degrees, relative humidity 67%, wind 4 mph",Tennessee Titans,Jacksonville Jaguars,Trevor Lawrence,JAX,Tennessee Titans,away,20,16,QB,36,78.26086956521739,20,32,212,1,0,1,4,-3,0,0,0,0,0,1
2022,18,"56 degrees, relative humidity 67%, wind 4 mph",Tennessee Titans,Jacksonville Jaguars,Zay Jones,JAX,Tennessee Titans,away,20,16,WR,0,0.0,0,0,0,0,0,0,0,0,0,6,4,21,0,0
2022,18,,Las Vegas Raiders,Kansas City Chiefs,Blake Bell,KAN,Las Vegas Raiders,away,31,13,TE,0,0.0,0,0,0,0,0,0,0,0,0,1,1,3,0,0
2022,18,,Las Vegas Raiders,Kansas City Chiefs,Chad Henne,KAN,Las Vegas Raiders,away,31,13,QB,2,3.7037037037037033,0,0,0,0,0,0,2,-2,0,0,0,0,0,0
2022,18,,Las Vegas Raiders,Kansas City Chiefs,Isiah Pacheco,KAN,Las Vegas Raiders,away,31,13,RB,8,14.814814814814813,0,0,0,0,0,0,8,64,1,0,0,0,0,0
2022,18,,Las Vegas Raiders,Kansas City Chiefs,Jerick McKinnon,KAN,Las Vegas Raiders,away,31,13,RB,2,3.7037037037037033,0,0,0,0,0,0,2,6,0,3,2,0,1,0
2022,18,,Las Vegas Raiders,Kansas City Chiefs,JuJu Smith-Schuster,KAN,Las Vegas Raiders,away,31,13,WR,0,0.0,0,0,0,0,0,0,0,0,0,2,2,35,0,0
2022,18,,Las Vegas Raiders,Kansas City Chiefs,Justin Watson,KAN,Las Vegas Raiders,away,31,13,WR,0,0.0,0,0,0,0,0,0,0,0,0,2,1,67,0,0
2022,18,,Las Vegas Raiders,Kansas City Chiefs,Kadarius Toney,KAN,Las Vegas Raiders,away,31,13,WR,3,5.555555555555555,0,0,0,0,0,0,3,26,1,2,2,18,0,0
2022,18,,Las Vegas Raiders,Kansas City Chiefs,Marquez Valdes-Scantling,KAN,Las Vegas Raiders,away,31,13,WR,0,0.0,0,0,0,0,0,0,0,0,0,6,3,27,0,0
2022,18,,Las Vegas Raiders,Kansas City Chiefs,Noah Gray,KAN,Las Vegas Raiders,away,31,13,TE,0,0.0,0,0,0,0,0,0,0,0,0,1,1,14,0,0
2022,18,,Las Vegas Raiders,Kansas City Chiefs,Patrick Mahomes,KAN,Las Vegas Raiders,away,31,13,QB,29,53.70370370370371,18,26,202,1,0,2,3,29,0,0,0,0,0,0
2022,18,,Las Vegas Raiders,Kansas City Chiefs,Ronald Jones,KAN,Las Vegas Raiders,away,31,13,UNK,10,18.51851851851852,0,0,0,0,0,0,10,45,1,0,0,0,0,0
2022,18,,Las Vegas Raiders,Kansas City Chiefs,Travis Kelce,KAN,Las Vegas Raiders,away,31,13,TE,0,0.0,0,0,0,0,0,0,0,0,0,7,6,38,0,0
2022,18,"43 degrees, relative humidity 39%, wind 4 mph",Los Angeles Chargers,Denver Broncos,Austin Ekeler,LAC,Los Angeles Chargers,away,31,28,RB,11,16.666666666666664,0,0,0,0,0,0,11,34,0,4,4,36,0,1
2022,18,"43 degrees, relative humidity 39%, wind 4 mph",Los Angeles Chargers,Denver Broncos,Chase Daniel,LAC,Los Angeles Chargers,away,31,28,QB,8,12.121212121212121,5,7,25,1,0,0,1,4,0,0,0,0,0,0
2022,18,"43 degrees, relative humidity 39%, wind 4 mph",Los Angeles Chargers,Denver Broncos,DeAndre Carter,LAC,Los Angeles Chargers,away,31,28,WR,0,0.0,0,0,0,0,0,0,0,0,0,5,3,43,0,1
2022,18,"43 degrees, relative humidity 39%, wind 4 mph",Los Angeles Chargers,Denver Broncos,Donald Parham,LAC,Los Angeles Chargers,away,31,28,TE,0,0.0,0,0,0,0,0,0,0,0,0,2,2,31,0,0
2022,18,"43 degrees, relative humidity 39%, wind 4 mph",Los Angeles Chargers,Denver Broncos,Gerald Everett,LAC,Los Angeles Chargers,away,31,28,TE,0,0.0,0,0,0,0,0,0,0,0,0,5,3,8,1,0
2022,18,"43 degrees, relative humidity 39%, wind 4 mph",Los Angeles Chargers,Denver Broncos,Josh Palmer,LAC,Los Angeles Chargers,away,31,28,WR,0,0.0,0,0,0,0,0,0,0,0,0,6,4,39,0,0
2022,18,"43 degrees, relative humidity 39%, wind 4 mph",Los Angeles Chargers,Denver Broncos,Joshua Kelley,LAC,Los Angeles Chargers,away,31,28,RB,5,7.575757575757576,0,0,0,0,0,0,5,18,0,4,1,6,0,0
2022,18,"43 degrees, relative humidity 39%, wind 4 mph",Los Angeles Chargers,Denver Broncos,Justin Herbert,LAC,Los Angeles Chargers,away,31,28,QB,39,59.09090909090909,25,37,273,2,0,1,2,-1,0,0,0,0,0,1
2022,18,"43 degrees, relative humidity 39%, wind 4 mph",Los Angeles Chargers,Denver Broncos,Keenan Allen,LAC,Los Angeles Chargers,away,31,28,WR,0,0.0,0,0,0,0,0,0,0,0,0,11,8,102,2,0
2022,18,"43 degrees, relative humidity 39%, wind 4 mph",Los Angeles Chargers,Denver Broncos,Larry Rountree,LAC,Los Angeles Chargers,away,31,28,RB,3,4.545454545454546,0,0,0,0,0,0,3,4,0,1,1,1,0,0
2022,18,"43 degrees, relative humidity 39%, wind 4 mph",Los Angeles Chargers,Denver Broncos,Mike Williams,LAC,Los Angeles Chargers,away,31,28,WR,0,0.0,0,0,0,0,0,0,0,0,0,5,4,32,0,0
2022,18,"43 degrees, relative humidity 39%, wind 4 mph",Los Angeles Chargers,Denver Broncos,Tre' McKitty,LAC,Los Angeles Chargers,away,31,28,TE,0,0.0,0,0,0,0,0,0,0,0,0,1,0,0,0,0
2022,18,"45 degrees, relative humidity 100%, wind 4 mph",Los Angeles Rams,Seattle Seahawks,Baker Mayfield,LAR,Los Angeles Rams,away,19,16,QB,31,57.407407407407405,13,26,147,0,1,5,5,16,0,0,0,0,0,0
2022,18,"45 degrees, relative humidity 100%, wind 4 mph",Los Angeles Rams,Seattle Seahawks,Brandon Powell,LAR,Los Angeles Rams,away,19,16,WR,1,1.8518518518518516,0,0,0,0,0,0,1,15,0,3,1,2,0,0
2022,18,"45 degrees, relative humidity 100%, wind 4 mph",Los Angeles Rams,Seattle Seahawks,Brycen Hopkins,LAR,Los Angeles Rams,away,19,16,TE,0,0.0,0,0,0,0,0,0,0,0,0,1,0,0,0,0
2022,18,"45 degrees, relative humidity 100%, wind 4 mph",Los Angeles Rams,Seattle Seahawks,Cam Akers,LAR,Los Angeles Rams,away,19,16,RB,21,38.88888888888889,0,0,0,0,0,0,21,104,0,3,3,24,0,0
2022,18,"45 degrees, relative humidity 100%, wind 4 mph",Los Angeles Rams,Seattle Seahawks,Tutu Atwell,LAR,Los Angeles Rams,away,19,16,WR,1,1.8518518518518516,0,0,0,0,0,0,1,11,1,3,2,27,0,0
2022,18,"45 degrees, relative humidity 100%, wind 4 mph",Los Angeles Rams,Seattle Seahawks,Tyler Higbee,LAR,Los Angeles Rams,away,19,16,TE,0,0.0,0,0,0,0,0,0,0,0,0,7,4,33,0,0
2022,18,"45 degrees, relative humidity 100%, wind 4 mph",Los Angeles Rams,Seattle Seahawks,Van Jefferson,LAR,Los Angeles Rams,away,19,16,WR,0,0.0,0,0,0,0,0,0,0,0,0,7,3,61,0,0
2022,18,,Las Vegas Raiders,Kansas City Chiefs,Ameer Abdullah,LVR,Las Vegas Raiders,away,31,13,RB,0,0.0,0,0,0,0,0,0,0,0,0,2,1,10,0,0
2022,18,,Las Vegas Raiders,Kansas City Chiefs,Darren Waller,LVR,Las Vegas Raiders,away,31,13,TE,0,0.0,0,0,0,0,0,0,0,0,0,6,2,35,0,0
2022,18,,Las Vegas Raiders,Kansas City Chiefs,Davante Adams,LVR,Las Vegas Raiders,away,31,13,WR,0,0.0,0,0,0,0,0,0,0,0,0,9,5,73,0,0
2022,18,,Las Vegas Raiders,Kansas City Chiefs,Foster Moreau,LVR,Las Vegas Raiders,away,31,13,TE,0,0.0,0,0,0,0,0,0,0,0,0,1,1,10,0,0
2022,18,,Las Vegas Raiders,Kansas City Chiefs,Hunter Renfrow,LVR,Las Vegas Raiders,away,31,13,WR,0,0.0,0,0,0,0,0,0,0,0,0,7,7,63,1,0
2022,18,,Las Vegas Raiders,Kansas City Chiefs,Jakob Johnson,LVR,Las Vegas Raiders,away,31,13,FB,0,0.0,0,0,0,0,0,0,0,0,0,1,1,3,0,0
2022,18,,Las Vegas Raiders,Kansas City Chiefs,Jarrett Stidham,LVR,Las Vegas Raiders,away,31,13,QB,43,70.49180327868852,22,36,219,1,1,6,7,50,0,0,0,0,0,2
2022,18,,Las Vegas Raiders,Kansas City Chiefs,Josh Jacobs,LVR,Las Vegas Raiders,away,31,13,RB,17,27.86885245901639,0,0,0,0,0,0,17,45,0,3,2,5,0,0
2022,18,,Las Vegas Raiders,Kansas City Chiefs,Keelan Cole,LVR,Las Vegas Raiders,away,31,13,WR,0,0.0,0,0,0,0,0,0,0,0,0,2,1,5,0,0
2022,18,,Las Vegas Raiders,Kansas City Chiefs,Mack Hollins,LVR,Las Vegas Raiders,away,31,13,WR,0,0.0,0,0,0,0,0,0,0,0,0,3,2,15,0,0
2022,18,,Las Vegas Raiders,Kansas City Chiefs,Zamir White,LVR,Las Vegas Raiders,away,31,13,RB,1,1.639344262295082,0,0,0,0,0,0,1,4,0,0,0,0,0,0
2022,18,"75 degrees, relative humidity 66%, wind 9 mph",New York Jets,Miami Dolphins,Durham Smythe,MIA,New York Jets,away,11,6,TE,0,0.0,0,0,0,0,0,0,0,0,0,5,3,39,0,0
2022,18,"75 degrees, relative humidity 66%, wind 9 mph",New York Jets,Miami Dolphins,Erik Ezukanma,MIA,New York Jets,away,11,6,WR,0,0.0,0,0,0,0,0,0,0,0,0,1,1,3,0,0
2022,18,"75 degrees, relative humidity 66%, wind 9 mph",New York Jets,Miami Dolphins,Jaylen Waddle,MIA,New York Jets,away,11,6,WR,1,1.5873015873015872,0,0,0,0,0,0,1,9,0,5,5,44,0,0
2022,18,"75 degrees, relative humidity 66%, wind 9 mph",New York Jets,Miami Dolphins,Jeff Wilson,MIA,New York Jets,away,11,6,RB,16,25.396825396825395,0,0,0,0,0,0,16,72,0,2,2,2,0,0
2022,18,"75 degrees, relative humidity 66%, wind 9 mph",New York Jets,Miami Dolphins,Mike Gesicki,MIA,New York Jets,away,11,6,TE,0,0.0,0,0,0,0,0,0,0,0,0,6,4,46,0,0
2022,18,"75 degrees, relative humidity 66%, wind 9 mph",New York Jets,Miami Dolphins,Raheem Mostert,MIA,New York Jets,away,11,6,RB,11,17.46031746031746,0,0,0,0,0,0,11,71,0,2,2,-10,0,0
2022,18,"75 degrees, relative humidity 66%, wind 9 mph",New York Jets,Miami Dolphins,River Cracraft,MIA,New York Jets,away,11,6,WR,0,0.0,0,0,0,0,0,0,0,0,0,1,1,5,0,0
2022,18,"75 degrees, relative humidity 66%, wind 9 mph",New York Jets,Miami Dolphins,Salvon Ahmed,MIA,New York Jets,away,11,6,RB,1,1.5873015873015872,0,0,0,0,0,0,1,7,0,0,0,0,0,0
2022,18,"75 degrees, relative humidity 66%, wind 9 mph",New York Jets,Miami Dolphins,Skylar Thompson,MIA,New York Jets,away,11,6,QB,34,53.96825396825397,20,31,152,0,0,1,3,3,0,0,0,0,0,0
2022,18,"75 degrees, relative humidity 66%, wind 9 mph",New York Jets,Miami Dolphins,Tyreek Hill,MIA,New York Jets,away,11,6,WR,0,0.0,0,0,0,0,0,0,0,0,0,5,2,23,0,0
2022,18,"32 degrees, relative humidity 74%, wind 2 mph",Chicago Bears,Minnesota Vikings,Adam Thielen,MIN,Chicago Bears,away,29,13,WR,1,1.4084507042253522,0,0,0,0,0,0,1,4,0,3,2,8,1,0
2022,18,"32 degrees, relative humidity 74%, wind 2 mph",Chicago Bears,Minnesota Vikings,Alexander Mattison,MIN,Chicago Bears,away,29,13,RB,10,14.084507042253522,0,0,0,0,0,0,10,54,2,1,1,6,0,0
2022,18,"32 degrees, relative humidity 74%, wind 2 mph",Chicago Bears,Minnesota Vikings,C.J. Ham,MIN,Chicago Bears,away,29,13,FB,0,0.0,0,0,0,0,0,0,0,0,0,4,4,47,0,0
2022,18,"32 degrees, relative humidity 74%, wind 2 mph",Chicago Bears,Minnesota Vikings,Dalvin Cook,MIN,Chicago Bears,away,29,13,RB,11,15.492957746478872,0,0,0,0,0,0,11,37,0,1,1,0,0,1
2022,18,"32 degrees, relative humidity 74%, wind 2 mph",Chicago Bears,Minnesota Vikings,Irv Smith Jr.,MIN,Chicago Bears,away,29,13,TE,0,0.0,0,0,0,0,0,0,0,0,0,3,3,14,0,0
2022,18,"32 degrees, relative humidity 74%, wind 2 mph",Chicago Bears,Minnesota Vikings,Jalen Nailor,MIN,Chicago Bears,away,29,13,WR,0,0.0,0,0,0,0,0,0,0,0,0,5,4,62,0,0
2022,18,"32 degrees, relative humidity 74%, wind 2 mph",Chicago Bears,Minnesota Vikings,Jalen Reagor,MIN,Chicago Bears,away,29,13,WR,1,1.4084507042253522,0,0,0,0,0,0,1,5,0,2,2,17,0,0
2022,18,"32 degrees, relative humidity 74%, wind 2 mph",Chicago Bears,Minnesota Vikings,Justin Jefferson,MIN,Chicago Bears,away,29,13,WR,0,0.0,0,0,0,0,0,0,0,0,0,5,4,38,0,0
2022,18,"32 degrees, relative humidity 74%, wind 2 mph",Chicago Bears,Minnesota Vikings,K.J. Osborn,MIN,Chicago Bears,away,29,13,WR,0,0.0,0,0,0,0,0,0,0,0,0,6,5,117,0,1
2022,18,"32 degrees, relative humidity 74%, wind 2 mph",Chicago Bears,Minnesota Vikings,Kene Nwangwu,MIN,Chicago Bears,away,29,13,RB,5,7.042253521126761,0,0,0,0,0,0,5,13,0,1,1,16,0,0
2022,18,"32 degrees, relative humidity 74%, wind 2 mph",Chicago Bears,Minnesota Vikings,Kirk Cousins,MIN,Chicago Bears,away,29,13,QB,20,28.169014084507044,17,20,225,1,0,0,0,0,0,0,0,0,0,0
2022,18,"32 degrees, relative humidity 74%, wind 2 mph",Chicago Bears,Minnesota Vikings,Nick Mullens,MIN,Chicago Bears,away,29,13,QB,17,23.943661971830984,11,13,116,0,1,0,4,8,0,0,0,0,0,0
2022,18,"32 degrees, relative humidity 74%, wind 2 mph",Chicago Bears,Minnesota Vikings,T.J. Hockenson,MIN,Chicago Bears,away,29,13,TE,0,0.0,0,0,0,0,0,0,0,0,0,1,1,16,0,0
2022,18,"32 degrees, relative humidity 74%, wind 2 mph",Chicago Bears,Minnesota Vikings,Ty Chandler,MIN,Chicago Bears,away,29,13,RB,6,8.450704225352112,0,0,0,0,0,0,6,20,0,0,0,0,0,0
2022,18,,New Orleans Saints,Carolina Panthers,Adam Trautman,NOR,New Orleans Saints,away,10,7,TE,0,0.0,0,0,0,0,0,0,0,0,0,1,1,18,0,0
2022,18,,New Orleans Saints,Carolina Panthers,Alvin Kamara,NOR,New Orleans Saints,away,10,7,RB,23,40.35087719298245,0,0,0,0,0,0,23,107,0,2,1,3,0,0
2022,18,,New Orleans Saints,Carolina Panthers,Andy Dalton,NOR,New Orleans Saints,away,10,7,QB,26,45.614035087719294,15,25,171,1,0,1,1,2,0,0,0,0,0,0
2022,18,,New Orleans Saints,Carolina Panthers,Chris Olave,NOR,New Orleans Saints,away,10,7,WR,0,0.0,0,0,0,0,0,0,0,0,0,12,5,60,1,1
2022,18,,New Orleans Saints,Carolina Panthers,David Johnson,NOR,New Orleans Saints,away,10,7,RB,0,0.0,0,0,0,0,0,0,0,0,0,2,2,28,0,0
2022,18,,New Orleans Saints,Carolina Panthers,Eno Benjamin,NOR,New Orleans Saints,away,10,7,RB,2,3.508771929824561,0,0,0,0,0,0,2,3,0,0,0,0,0,0
2022,18,,New Orleans Saints,Carolina Panthers,Juwan Johnson,NOR,New Orleans Saints,away,10,7,TE,0,0.0,0,0,0,0,0,0,0,0,0,1,1,21,0,0
2022,18,,New Orleans Saints,Carolina Panthers,Marquez Callaway,NOR,New Orleans Saints,away,10,7,WR,0,0.0,0,0,0,0,0,0,0,0,0,1,0,0,0,0
2022,18,,New Orleans Saints,Carolina Panthers,Rashid Shaheed,NOR,New Orleans Saints,away,10,7,WR,1,1.7543859649122806,0,0,0,0,0,0,1,7,0,4,3,34,0,0
2022,18,,New Orleans Saints,Carolina Panthers,Taysom Hill,NOR,New Orleans Saints,away,10,7,TE,5,8.771929824561402,0,0,0,0,0,0,5,24,0,1,1,1,0,0
2022,18,,New Orleans Saints,Carolina Panthers,Tre'Quan Smith,NOR,New Orleans Saints,away,10,7,WR,0,0.0,0,0,0,0,0,0,0,0,0,1,1,6,0,0
2022,18,"30 degrees, relative humidity 74%, wind 6 mph",New England Patriots,Buffalo Bills,Damien Harris,NWE,New England Patriots,away,35,23,RB,13,20.634920634920633,0,0,0,0,0,0,13,48,0,4,1,4,0,0
2022,18,"30 degrees, relative humidity 74%, wind 6 mph",New England Patriots,Buffalo Bills,DeVante Parker,NWE,New England Patriots,away,35,23,WR,0,0.0,0,0,0,0,0,0,0,0,0,7,6,79,2,0
2022,18,"30 degrees, relative humidity 74%, wind 6 mph",New England Patriots,Buffalo Bills,Hunter Henry,NWE,New England Patriots,away,35,23,TE,0,0.0,0,0,0,0,0,0,0,0,0,7,6,42,0,0
2022,18,"30 degrees, relative humidity 74%, wind 6 mph",New England Patriots,Buffalo Bills,Jakobi Meyers,NWE,New England Patriots,away,35,23,WR,0,0.0,0,0,0,0,0,0,0,0,0,7,3,32,1,0
2022,18,"30 degrees, relative humidity 74%, wind 6 mph",New England Patriots,Buffalo Bills,Kendrick Bourne,NWE,New England Patriots,away,35,23,WR,0,0.0,0,0,0,0,0,0,0,0,0,5,4,45,0,0
2022,18,"30 degrees, relative humidity 74%, wind 6 mph",New England Patriots,Buffalo Bills,Mac Jones,NWE,New England Patriots,away,35,23,QB,44,69.84126984126983,26,40,243,3,3,1,4,5,0,0,0,0,0,0
2022,18,"30 degrees, relative humidity 74%, wind 6 mph",New England Patriots,Buffalo Bills,Nelson Agholor,NWE,New England Patriots,away,35,23,WR,0,0.0,0,0,0,0,0,0,0,0,0,1,0,0,0,0
2022,18,"30 degrees, relative humidity 74%, wind 6 mph",New England Patriots,Buffalo Bills,Rhamondre Stevenson,NWE,New England Patriots,away,35,23,RB,6,9.523809523809524,0,0,0,0,0,0,6,54,0,6,5,28,0,1
2022,18,"30 degrees, relative humidity 74%, wind 6 mph",New England Patriots,Buffalo Bills,Tyquan Thornton,NWE,New England Patriots,away,35,23,WR,0,0.0,0,0,0,0,0,0,0,0,0,2,1,13,0,0
2022,18,"43 degrees, relative humidity 55%, wind 12 mph",New York Giants,Philadelphia Eagles,Davis Webb,NYG,New York Giants,away,22,16,QB,46,75.40983606557377,23,40,168,1,0,0,6,41,1,0,0,0,0,0
2022,18,"43 degrees, relative humidity 55%, wind 12 mph",New York Giants,Philadelphia Eagles,Gary Brightwell,NYG,New York Giants,away,22,16,RB,11,18.0327868852459,0,0,0,0,0,0,11,60,0,3,1,3,0,0
2022,18,"43 degrees, relative humidity 55%, wind 12 mph",New York Giants,Philadelphia Eagles,Jamie Gillan,NYG,New York Giants,away,22,16,P,0,0.0,0,0,0,0,0,1,0,0,0,0,0,0,0,0
2022,18,"43 degrees, relative humidity 55%, wind 12 mph",New York Giants,Philadelphia Eagles,Kenny Golladay,NYG,New York Giants,away,22,16,WR,0,0.0,0,0,0,0,0,0,0,0,0,7,2,30,1,0
2022,18,"43 degrees, relative humidity 55%, wind 12 mph",New York Giants,Philadelphia Eagles,Lawrence Cager,NYG,New York Giants,away,22,16,TE,0,0.0,0,0,0,0,0,1,0,0,0,10,8,69,0,0
2022,18,"43 degrees, relative humidity 55%, wind 12 mph",New York Giants,Philadelphia Eagles,Marcus Johnson,NYG,New York Giants,away,22,16,WR,0,0.0,0,0,0,0,0,0,0,0,0,6,3,36,0,0
2022,18,"43 degrees, relative humidity 55%, wind 12 mph",New York Giants,Philadelphia Eagles,Matt Breida,NYG,New York Giants,away,22,16,RB,4,6.557377049180328,0,0,0,0,0,0,4,28,0,8,7,12,0,0
2022,18,"43 degrees, relative humidity 55%, wind 12 mph",New York Giants,Philadelphia Eagles,Nick Vannett,NYG,New York Giants,away,22,16,TE,0,0.0,0,0,0,0,0,0,0,0,0,4,2,18,0,0
2022,18,"75 degrees, relative humidity 66%, wind 9 mph",New York Jets,Miami Dolphins,Corey Davis,NYJ,New York Jets,away,11,6,WR,0,0.0,0,0,0,0,0,0,0,0,0,3,1,17,0,0
2022,18,"75 degrees, relative humidity 66%, wind 9 mph",New York Jets,Miami Dolphins,Elijah Moore,NYJ,New York Jets,away,11,6,WR,0,0.0,0,0,0,0,0,0,0,0,0,1,1,11,0,1
2022,18,"75 degrees, relative humidity 66%, wind 9 mph",New York Jets,Miami Dolphins,Garrett Wilson,NYJ,New York Jets,away,11,6,WR,0,0.0,0,0,0,0,0,0,0,0,0,17,9,89,0,0
2022,18,"75 degrees, relative humidity 66%, wind 9 mph",New York Jets,Miami Dolphins,Jeremy Ruckert,NYJ,New York Jets,away,11,6,TE,0,0.0,0,0,0,0,0,0,0,0,0,1,1,8,0,0
2022,18,"75 degrees, relative humidity 66%, wind 9 mph",New York Jets,Miami Dolphins,Joe Flacco,NYJ,New York Jets,away,11,6,QB,33,62.264150943396224,18,33,149,0,0,0,0,0,0,0,0,-3,0,0
2022,18,"75 degrees, relative humidity 66%, wind 9 mph",New York Jets,Miami Dolphins,Michael Carter,NYJ,New York Jets,away,11,6,RB,3,5.660377358490567,0,0,0,0,0,0,3,4,0,3,2,1,0,0
2022,18,"75 degrees, relative humidity 66%, wind 9 mph",New York Jets,Miami Dolphins,Ty Johnson,NYJ,New York Jets,away,11,6,RB,5,9.433962264150944,0,0,0,0,0,0,5,12,0,3,2,13,0,0
2022,18,"75 degrees, relative humidity 66%, wind 9 mph",New York Jets,Miami Dolphins,Tyler Conklin,NYJ,New York Jets,away,11,6,TE,0,0.0,0,0,0,0,0,0,0,0,0,4,2,13,0,0
2022,18,"75 degrees, relative humidity 66%, wind 9 mph",New York Jets,Miami Dolphins,Zonovan Knight,NYJ,New York Jets,away,11,6,RB,12,22.641509433962266,0,0,0,0,0,0,12,22,0,0,0,0,0,1
2022,18,"43 degrees, relative humidity 55%, wind 12 mph",New York Giants,Philadelphia Eagles,A.J. Brown,PHI,New York Giants,away,22,16,WR,0,0.0,0,0,0,0,0,0,0,0,0,10,4,95,0,0
2022,18,"43 degrees, relative humidity 55%, wind 12 mph",New York Giants,Philadelphia Eagles,Boston Scott,PHI,New York Giants,away,22,16,RB,9,13.043478260869565,0,0,0,0,0,0,9,54,1,0,0,0,0,0
2022,18,"43 degrees, relative humidity 55%, wind 12 mph",New York Giants,Philadelphia Eagles,Dallas Goedert,PHI,New York Giants,away,22,16,TE,0,0.0,0,0,0,0,0,0,0,0,0,7,6,46,0,0
2022,18,"43 degrees, relative humidity 55%, wind 12 mph",New York Giants,Philadelphia Eagles,DeVonta Smith,PHI,New York Giants,away,22,16,WR,0,0.0,0,0,0,0,0,0,0,0,0,8,7,67,0,0
2022,18,"43 degrees, relative humidity 55%, wind 12 mph",New York Giants,Philadelphia Eagles,Jalen Hurts,PHI,New York Giants,away,22,16,QB,44,63.76811594202898,20,35,229,0,1,3,9,13,0,0,0,0,0,0
2022,18,"43 degrees, relative humidity 55%, wind 12 mph",New York Giants,Philadelphia Eagles,Kenneth Gainwell,PHI,New York Giants,away,22,16,RB,5,7.246376811594203,0,0,0,0,0,0,5,35,0,1,1,7,0,0
2022,18,"43 degrees, relative humidity 55%, wind 12 mph",New York Giants,Philadelphia Eagles,Miles Sanders,PHI,New York Giants,away,22,16,RB,11,15.942028985507244,0,0,0,0,0,0,11,33,0,1,0,0,0,0
2022,18,"43 degrees, relative humidity 55%, wind 12 mph",New York Giants,Philadelphia Eagles,Quez Watkins,PHI,New York Giants,away,22,16,WR,0,0.0,0,0,0,0,0,0,0,0,0,4,2,14,0,0
2022,18,"36 degrees, relative humidity 64%, wind 8 mph",Cleveland Browns,Pittsburgh Steelers,Connor Heyward,PIT,Cleveland Browns,away,28,14,TE,1,1.5151515151515151,0,0,0,0,0,0,1,6,0,4,3,45,0,0
2022,18,"36 degrees, relative humidity 64%, wind 8 mph",Cleveland Browns,Pittsburgh Steelers,Derek Watt,PIT,Cleveland Browns,away,28,14,FB,1,1.5151515151515151,0,0,0,0,0,0,1,1,1,0,0,0,0,0
2022,18,"36 degrees, relative humidity 64%, wind 8 mph",Cleveland Browns,Pittsburgh Steelers,Diontae Johnson,PIT,Cleveland Browns,away,28,14,WR,0,0.0,0,0,0,0,0,0,0,0,0,10,2,38,0,0
2022,18,"36 degrees, relative humidity 64%, wind 8 mph",Cleveland Browns,Pittsburgh Steelers,George Pickens,PIT,Cleveland Browns,away,28,14,WR,0,0.0,0,0,0,0,0,0,0,0,0,6,3,72,1,0
2022,18,"36 degrees, relative humidity 64%, wind 8 mph",Cleveland Browns,Pittsburgh Steelers,Gunner Olszewski,PIT,Cleveland Browns,away,28,14,WR,2,3.0303030303030303,0,0,0,0,0,0,2,4,0,0,0,0,0,0
2022,18,"36 degrees, relative humidity 64%, wind 8 mph",Cleveland Browns,Pittsburgh Steelers,Jaylen Warren,PIT,Cleveland Browns,away,28,14,RB,6,9.090909090909092,0,0,0,0,0,0,6,36,0,4,3,7,0,0
2022,18,"36 degrees, relative humidity 64%, wind 8 mph",Cleveland Browns,Pittsburgh Steelers,Kenny Pickett,PIT,Cleveland Browns,away,28,14,QB,32,48.484848484848484,13,29,195,1,0,1,3,1,0,0,0,0,0,1
2022,18,"36 degrees, relative humidity 64%, wind 8 mph",Cleveland Browns,Pittsburgh Steelers,Najee Harris,PIT,Cleveland Browns,away,28,14,RB,23,34.84848484848485,0,0,0,0,0,0,23,80,1,1,1,10,0,1
2022,18,"36 degrees, relative humidity 64%, wind 8 mph",Cleveland Browns,Pittsburgh Steelers,Pat Freiermuth,PIT,Cleveland Browns,away,28,14,TE,0,0.0,0,0,0,0,0,0,0,0,0,2,0,0,0,0
2022,18,"36 degrees, relative humidity 64%, wind 8 mph",Cleveland Browns,Pittsburgh Steelers,Steven Sims,PIT,Cleveland Browns,away,28,14,WR,1,1.5151515151515151,0,0,0,0,0,0,1,16,0,0,0,0,0,1
2022,18,"36 degrees, relative humidity 64%, wind 8 mph",Cleveland Browns,Pittsburgh Steelers,Zach Gentry,PIT,Cleveland Browns,away,28,14,TE,0,0.0,0,0,0,0,0,0,0,0,0,1,1,23,0,0
2022,18,"45 degrees, relative humidity 100%, wind 4 mph",Los Angeles Rams,Seattle Seahawks,Cade Johnson,SEA,Los Angeles Rams,away,19,16,WR,0,0.0,0,0,0,0,0,0,0,0,0,2,2,21,0,0
2022,18,"45 degrees, relative humidity 100%, wind 4 mph",Los Angeles Rams,Seattle Seahawks,Colby Parkinson,SEA,Los Angeles Rams,away,19,16,TE,0,0.0,0,0,0,0,0,0,0,0,0,3,2,47,0,0
2022,18,"45 degrees, relative humidity 100%, wind 4 mph",Los Angeles Rams,Seattle Seahawks,D.K. Metcalf,SEA,Los Angeles Rams,away,19,16,WR,0,0.0,0,0,0,0,0,0,0,0,0,8,3,40,0,0
2022,18,"45 degrees, relative humidity 100%, wind 4 mph",Los Angeles Rams,Seattle Seahawks,Dareke Young,SEA,Los Angeles Rams,away,19,16,WR,0,0.0,0,0,0,0,0,0,0,0,0,2,2,24,0,0
2022,18,"45 degrees, relative humidity 100%, wind 4 mph",Los Angeles Rams,Seattle Seahawks,DeeJay Dallas,SEA,Los Angeles Rams,away,19,16,RB,2,2.9850746268656714,0,0,0,0,0,0,2,29,0,1,1,-3,0,0
2022,18,"45 degrees, relative humidity 100%, wind 4 mph",Los Angeles Rams,Seattle Seahawks,Geno Smith,SEA,Los Angeles Rams,away,19,16,QB,35,52.23880597014925,19,31,213,1,2,3,4,51,0,0,0,0,0,0
2022,18,"45 degrees, relative humidity 100%, wind 4 mph",Los Angeles Rams,Seattle Seahawks,Kenneth Walker,SEA,Los Angeles Rams,away,19,16,UNK,29,43.28358208955223,0,0,0,0,0,0,29,114,0,1,1,10,0,0
2022,18,"45 degrees, relative humidity 100%, wind 4 mph",Los Angeles Rams,Seattle Seahawks,Nick Bellore,SEA,Los Angeles Rams,away,19,16,LB,1,1.4925373134328357,0,0,0,0,0,0,1,3,0,0,0,0,0,0
2022,18,"45 degrees, relative humidity 100%, wind 4 mph",Los Angeles Rams,Seattle Seahawks,Noah Fant,SEA,Los Angeles Rams,away,19,16,TE,0,0.0,0,0,0,0,0,0,0,0,0,4,4,20,0,0
2022,18,"45 degrees, relative humidity 100%, wind 4 mph",Los Angeles Rams,Seattle Seahawks,Tyler Lockett,SEA,Los Angeles Rams,away,19,16,WR,0,0.0,0,0,0,0,0,0,0,0,0,7,4,54,1,0
2022,18,"57 degrees, relative humidity 77%, wind 2 mph",Arizona Cardinals,San Francisco 49ers,Brandon Aiyuk,SFO,Arizona Cardinals,away,38,13,WR,0,0.0,0,0,0,0,0,0,0,0,0,5,4,59,0,0
2022,18,"57 degrees, relative humidity 77%, wind 2 mph",Arizona Cardinals,San Francisco 49ers,Brock Purdy,SFO,Arizona Cardinals,away,38,13,QB,24,42.10526315789473,15,20,178,3,0,4,4,7,0,0,0,0,0,0
2022,18,"57 degrees, relative humidity 77%, wind 2 mph",Arizona Cardinals,San Francisco 49ers,Christian McCaffrey,SFO,Arizona Cardinals,away,38,13,RB,10,17.543859649122805,0,0,0,0,0,0,10,45,0,3,3,34,1,0
2022,18,"57 degrees, relative humidity 77%, wind 2 mph",Arizona Cardinals,San Francisco 49ers,Deebo Samuel,SFO,Arizona Cardinals,away,38,13,WR,1,1.7543859649122806,0,0,0,0,0,0,1,4,0,3,2,20,0,0
2022,18,"57 degrees, relative humidity 77%, wind 2 mph",Arizona Cardinals,San Francisco 49ers,Elijah Mitchell,SFO,Arizona Cardinals,away,38,13,RB,5,8.771929824561402,0,0,0,0,0,0,5,55,2,0,0,0,0,0
2022,18,"57 degrees, relative humidity 77%, wind 2 mph",Arizona Cardinals,San Francisco 49ers,George Kittle,SFO,Arizona Cardinals,away,38,13,TE,0,0.0,0,0,0,0,0,0,0,0,0,6,4,29,2,0
2022,18,"57 degrees, relative humidity 77%, wind 2 mph",Arizona Cardinals,San Francisco 49ers,Jauan Jennings,SFO,Arizona Cardinals,away,38,13,WR,0,0.0,0,0,0,0,0,0,0,0,0,2,1,10,0,0
2022,18,"57 degrees, relative humidity 77%, wind 2 mph",Arizona Cardinals,San Francisco 49ers,Jordan Mason,SFO,Arizona Cardinals,away,38,13,RB,8,14.035087719298245,0,0,0,0,0,0,8,28,0,0,0,0,0,0
2022,18,"57 degrees, relative humidity 77%, wind 2 mph",Arizona Cardinals,San Francisco 49ers,Kyle Juszczyk,SFO,Arizona Cardinals,away,38,13,FB,1,1.7543859649122806,0,0,0,0,0,0,1,3,0,1,1,26,0,0
2022,18,"57 degrees, relative humidity 77%, wind 2 mph",Arizona Cardinals,San Francisco 49ers,Tyrion Davis-Price,SFO,Arizona Cardinals,away,38,13,RB,8,14.035087719298245,0,0,0,0,0,0,8,27,0,0,0,0,0,0
2022,18,,Tampa Bay Buccaneers,Atlanta Falcons,Blaine Gabbert,TAM,Tampa Bay Buccaneers,away,30,17,QB,8,14.814814814814813,6,8,29,1,0,0,0,0,0,0,0,0,0,0
2022,18,,Tampa Bay Buccaneers,Atlanta Falcons,Breshad Perriman,TAM,Tampa Bay Buccaneers,away,30,17,WR,0,0.0,0,0,0,0,0,0,0,0,0,2,1,9,0,0
2022,18,,Tampa Bay Buccaneers,Atlanta Falcons,Cade Otton,TAM,Tampa Bay Buccaneers,away,30,17,TE,0,0.0,0,0,0,0,0,0,0,0,0,1,1,5,0,0
2022,18,,Tampa Bay Buccaneers,Atlanta Falcons,Chris Godwin,TAM,Tampa Bay Buccaneers,away,30,17,WR,0,0.0,0,0,0,0,0,0,0,0,0,7,6,55,0,1
2022,18,,Tampa Bay Buccaneers,Atlanta Falcons,Deven Thompkins,TAM,Tampa Bay Buccaneers,away,30,17,WR,1,1.8518518518518516,0,0,0,0,0,0,1,17,0,9,4,25,0,0
2022,18,,Tampa Bay Buccaneers,Atlanta Falcons,Giovani Bernard,TAM,Tampa Bay Buccaneers,away,30,17,RB,7,12.962962962962962,0,0,0,0,0,0,7,28,0,2,2,-1,0,0
2022,18,,Tampa Bay Buccaneers,Atlanta Falcons,Ke'Shawn Vaughn,TAM,Tampa Bay Buccaneers,away,30,17,RB,8,14.814814814814813,0,0,0,0,0,0,8,26,0,2,2,8,0,0
2022,18,,Tampa Bay Buccaneers,Atlanta Falcons,Kyle Rudolph,TAM,Tampa Bay Buccaneers,away,30,17,TE,0,0.0,0,0,0,0,0,0,0,0,0,1,1,8,1,0
2022,18,,Tampa Bay Buccaneers,Atlanta Falcons,Kyle Trask,TAM,Tampa Bay Buccaneers,away,30,17,QB,9,16.666666666666664,3,9,23,0,0,0,0,0,0,0,0,0,0,0
2022,18,,Tampa Bay Buccaneers,Atlanta Falcons,Leonard Fournette,TAM,Tampa Bay Buccaneers,away,30,17,RB,0,0.0,0,0,0,0,0,0,0,0,0,1,1,4,0,0
2022,18,,Tampa Bay Buccaneers,Atlanta Falcons,Rachaad White,TAM,Tampa Bay Buccaneers,away,30,17,RB,4,7.4074074074074066,0,0,0,0,0,0,4,15,0,0,0,0,0,0
2022,18,,Tampa Bay Buccaneers,Atlanta Falcons,Russell Gage,TAM,Tampa Bay Buccaneers,away,30,17,WR,0,0.0,0,0,0,0,0,0,0,0,0,6,3,15,1,0
2022,18,,Tampa Bay Buccaneers,Atlanta Falcons,Scott Miller,TAM,Tampa Bay Buccaneers,away,30,17,WR,0,0.0,0,0,0,0,0,0,0,0,0,2,1,8,0,0
2022,18,,Tampa Bay Buccaneers,Atlanta Falcons,Tom Brady,TAM,Tampa Bay Buccaneers,away,30,17,QB,17,31.48148148148148,13,17,84,1,0,0,0,0,0,0,0,0,0,0
2022,18,"56 degrees, relative humidity 67%, wind 4 mph",Tennessee Titans,Jacksonville Jaguars,Austin Hooper,TEN,Tennessee Titans,away,20,16,TE,0,0.0,0,0,0,0,0,0,0,0,0,4,4,38,0,0
2022,18,"56 degrees, relative humidity 67%, wind 4 mph",Tennessee Titans,Jacksonville Jaguars,Chigoziem Okonkwo,TEN,Tennessee Titans,away,20,16,TE,0,0.0,0,0,0,0,0,0,0,0,0,4,3,42,1,0
2022,18,"56 degrees, relative humidity 67%, wind 4 mph",Tennessee Titans,Jacksonville Jaguars,Derrick Henry,TEN,Tennessee Titans,away,20,16,RB,30,44.11764705882353,0,0,0,0,0,0,30,109,0,1,1,19,0,0
2022,18,"56 degrees, relative humidity 67%, wind 4 mph",Tennessee Titans,Jacksonville Jaguars,Geoff Swaim,TEN,Tennessee Titans,away,20,16,TE,0,0.0,0,0,0,0,0,0,0,0,0,1,1,5,0,0
2022,18,"56 degrees, relative humidity 67%, wind 4 mph",Tennessee Titans,Jacksonville Jaguars,Hassan Haskins,TEN,Tennessee Titans,away,20,16,RB,2,2.941176470588235,0,0,0,0,0,0,2,3,0,2,2,13,0,0
2022,18,"56 degrees, relative humidity 67%, wind 4 mph",Tennessee Titans,Jacksonville Jaguars,Jonathan Ward,TEN,Tennessee Titans,away,20,16,RB,1,1.4705882352941175,0,0,0,0,0,0,1,-1,0,2,1,3,0,0
2022,18,"56 degrees, relative humidity 67%, wind 4 mph",Tennessee Titans,Jacksonville Jaguars,Joshua Dobbs,TEN,Tennessee Titans,away,20,16,QB,34,50.0,20,29,179,1,1,4,5,32,0,0,0,0,0,2
2022,18,"56 degrees, relative humidity 67%, wind 4 mph",Tennessee Titans,Jacksonville Jaguars,Nick Westbrook-Ikhine,TEN,Tennessee Titans,away,20,16,WR,0,0.0,0,0,0,0,0,0,0,0,0,1,0,0,0,0
2022,18,"56 degrees, relative humidity 67%, wind 4 mph",Tennessee Titans,Jacksonville Jaguars,Racey McMath,TEN,Tennessee Titans,away,20,16,WR,1,1.4705882352941175,0,0,0,0,0,0,1,4,0,0,0,0,0,0
2022,18,"56 degrees, relative humidity 67%, wind 4 mph",Tennessee Titans,Jacksonville Jaguars,Robert Woods,TEN,Tennessee Titans,away,20,16,WR,0,0.0,0,0,0,0,0,0,0,0,0,5,4,40,0,0
2022,18,"56 degrees, relative humidity 67%, wind 4 mph",Tennessee Titans,Jacksonville Jaguars,Treylon Burks,TEN,Tennessee Titans,away,20,16,WR,0,0.0,0,0,0,0,0,0,0,0,0,7,4,19,0,0
2022,18,"42 degrees, relative humidity 53%, wind 7 mph",Dallas Cowboys,Washington Commanders,Armani Rogers,WAS,Dallas Cowboys,away,26,6,TE,1,1.6666666666666667,0,0,0,0,0,0,1,2,0,0,0,0,0,0
2022,18,"42 degrees, relative humidity 53%, wind 7 mph",Dallas Cowboys,Washington Commanders,Cam Sims,WAS,Dallas Cowboys,away,26,6,WR,0,0.0,0,0,0,0,0,0,0,0,0,1,0,0,0,0
2022,18,"42 degrees, relative humidity 53%, wind 7 mph",Dallas Cowboys,Washington Commanders,Curtis Samuel,WAS,Dallas Cowboys,away,26,6,WR,1,1.6666666666666667,0,0,0,0,0,0,1,-4,0,1,1,-2,0,0
2022,18,"42 degrees, relative humidity 53%, wind 7 mph",Dallas Cowboys,Washington Commanders,Jahan Dotson,WAS,Dallas Cowboys,away,26,6,WR,0,0.0,0,0,0,0,0,0,0,0,0,4,3,72,0,0
2022,18,"42 degrees, relative humidity 53%, wind 7 mph",Dallas Cowboys,Washington Commanders,Jaret Patterson,WAS,Dallas Cowboys,away,26,6,RB,17,28.333333333333332,0,0,0,0,0,0,17,78,0,1,0,0,0,0
2022,18,"42 degrees, relative humidity 53%, wind 7 mph",Dallas Cowboys,Washington Commanders,Jonathan Williams,WAS,Dallas Cowboys,away,26,6,RB,14,23.333333333333332,0,0,0,0,0,0,14,32,0,2,2,9,0,0
2022,18,"42 degrees, relative humidity 53%, wind 7 mph",Dallas Cowboys,Washington Commanders,Logan Thomas,WAS,Dallas Cowboys,away,26,6,TE,0,0.0,0,0,0,0,0,0,0,0,0,3,2,16,0,0
2022,18,"42 degrees, relative humidity 53%, wind 7 mph",Dallas Cowboys,Washington Commanders,Reggie Bonnafon,WAS,Dallas Cowboys,away,26,6,RB,3,5.0,0,0,0,0,0,0,3,8,0,0,0,0,0,0
2022,18,"42 degrees, relative humidity 53%, wind 7 mph",Dallas Cowboys,Washington Commanders,Sam Howell,WAS,Dallas Cowboys,away,26,6,QB,24,40.0,11,19,169,1,1,3,5,35,1,0,0,0,0,0
2022,18,"42 degrees, relative humidity 53%, wind 7 mph",Dallas Cowboys,Washington Commanders,Terry McLaurin,WAS,Dallas Cowboys,away,26,6,WR,0,0.0,0,0,0,0,0,0,0,0,0,6,3,74,1,0
