year,week,weather,home_team,away_team,player,team,opponent,home_away,team_score,opp_score,pos,snaps,snap_pct,pass_cmp,pass_att,pass_yds,pass_tds,pass_int,sacks,rush_att,rush_yds,rush_tds,targets,receptions,rec_yds,rec_tds,fumbles
2024,1,"61 degrees, relative humidity 55%, wind 20 mph",Arizona Cardinals,Buffalo Bills,Elijah Higgins,ARI,Arizona Cardinals,away,34,28,TE,0,0.0,0,0,0,0,0,0,0,0,0,2,2,12,0,0
2024,1,"61 degrees, relative humidity 55%, wind 20 mph",Arizona Cardinals,Buffalo Bills,Emari Demercado,ARI,Arizona Cardinals,away,34,28,RB,0,0.0,0,0,0,0,0,0,0,0,0,2,2,26,0,0
2024,1,"61 degrees, relative humidity 55%, wind 20 mph",Arizona Cardinals,Buffalo Bills,Greg Dortch,ARI,Arizona Cardinals,away,34,28,WR,1,1.7857142857142856,0,0,0,0,0,0,1,4,0,8,6,47,0,0
2024,1,"61 degrees, relative humidity 55%, wind 20 mph",Arizona Cardinals,Buffalo Bills,James Conner,ARI,Arizona Cardinals,away,34,28,RB,16,28.57142857142857,0,0,0,0,0,0,16,50,1,4,3,33,0,0
2024,1,"61 degrees, relative humidity 55%, wind 20 mph",Arizona Cardinals,Buffalo Bills,Kyler Murray,ARI,Arizona Cardinals,away,34,28,QB,36,64.28571428571429,21,31,162,1,0,4,5,57,0,0,0,0,0,1
2024,1,"61 degrees, relative humidity 55%, wind 20 mph",Arizona Cardinals,Buffalo Bills,Marvin Harrison Jr.,ARI,Arizona Cardinals,away,34,28,WR,0,0.0,0,0,0,0,0,0,0,0,0,3,1,4,0,0
2024,1,"61 degrees, relative humidity 55%, wind 20 mph",Arizona Cardinals,Buffalo Bills,Michael Wilson,ARI,Arizona Cardinals,away,34,28,WR,0,0.0,0,0,0,0,0,0,0,0,0,2,1,5,1,0
2024,1,"61 degrees, relative humidity 55%, wind 20 mph",Arizona Cardinals,Buffalo Bills,Trey Benson,ARI,Arizona Cardinals,away,34,28,RB,3,5.357142857142857,0,0,0,0,0,0,3,13,0,1,1,5,0,0
2024,1,"61 degrees, relative humidity 55%, wind 20 mph",Arizona Cardinals,Buffalo Bills,Trey McBride,ARI,Arizona Cardinals,away,34,28,TE,0,0.0,0,0,0,0,0,0,0,0,0,9,5,30,0,0
2024,1,,Atlanta Falcons,Pittsburgh Steelers,Bijan Robinson,ATL,Atlanta Falcons,away,18,10,RB,18,37.5,0,0,0,0,0,0,18,68,0,5,5,43,0,0
2024,1,,Atlanta Falcons,Pittsburgh Steelers,Charlie Woerner,ATL,Atlanta Falcons,away,18,10,TE,0,0.0,0,0,0,0,0,0,0,0,0,2,1,4,0,0
2024,1,,Atlanta Falcons,Pittsburgh Steelers,Darnell Mooney,ATL,Atlanta Falcons,away,18,10,WR,0,0.0,0,0,0,0,0,0,0,0,0,3,1,15,0,0
2024,1,,Atlanta Falcons,Pittsburgh Steelers,Drake London,ATL,Atlanta Falcons,away,18,10,WR,0,0.0,0,0,0,0,0,0,0,0,0,3,2,15,0,0
2024,1,,Atlanta Falcons,Pittsburgh Steelers,Kirk Cousins,ATL,Atlanta Falcons,away,18,10,QB,27,56.25,16,26,155,1,2,2,1,0,0,0,0,0,0,0
2024,1,,Atlanta Falcons,Pittsburgh Steelers,Kyle Pitts,ATL,Atlanta Falcons,away,18,10,TE,0,0.0,0,0,0,0,0,0,0,0,0,3,3,26,1,0
2024,1,,Atlanta Falcons,Pittsburgh Steelers,Ray-Ray McCloud,ATL,Atlanta Falcons,away,18,10,WR,0,0.0,0,0,0,0,0,0,0,0,0,7,4,52,0,0
2024,1,,Atlanta Falcons,Pittsburgh Steelers,Tyler Allgeier,ATL,Atlanta Falcons,away,18,10,RB,3,6.25,0,0,0,0,0,0,3,21,0,0,0,0,0,0
2024,1,"67 degrees, relative humidity 53%, wind 8 mph",Baltimore Ravens,Kansas City Chiefs,Derrick Henry,BAL,Baltimore Ravens,away,27,20,RB,13,17.80821917808219,0,0,0,0,0,0,13,46,1,2,0,0,0,0
2024,1,"67 degrees, relative humidity 53%, wind 8 mph",Baltimore Ravens,Kansas City Chiefs,Isaiah Likely,BAL,Baltimore Ravens,away,27,20,TE,0,0.0,0,0,0,0,0,0,0,0,0,12,9,111,1,0
2024,1,"67 degrees, relative humidity 53%, wind 8 mph",Baltimore Ravens,Kansas City Chiefs,Justice Hill,BAL,Baltimore Ravens,away,27,20,RB,1,1.36986301369863,0,0,0,0,0,0,1,3,0,8,6,52,0,0
2024,1,"67 degrees, relative humidity 53%, wind 8 mph",Baltimore Ravens,Kansas City Chiefs,Lamar Jackson,BAL,Baltimore Ravens,away,27,20,QB,57,78.08219178082192,26,41,273,1,0,1,16,122,0,0,0,0,0,1
2024,1,"67 degrees, relative humidity 53%, wind 8 mph",Baltimore Ravens,Kansas City Chiefs,Mark Andrews,BAL,Baltimore Ravens,away,27,20,TE,0,0.0,0,0,0,0,0,0,0,0,0,2,2,14,0,0
2024,1,"67 degrees, relative humidity 53%, wind 8 mph",Baltimore Ravens,Kansas City Chiefs,Nelson Agholor,BAL,Baltimore Ravens,away,27,20,WR,0,0.0,0,0,0,0,0,0,0,0,0,1,1,6,0,0
2024,1,"67 degrees, relative humidity 53%, wind 8 mph",Baltimore Ravens,Kansas City Chiefs,Rashod Bateman,BAL,Baltimore Ravens,away,27,20,WR,0,0.0,0,0,0,0,0,0,0,0,0,5,2,53,0,0
2024,1,"67 degrees, relative humidity 53%, wind 8 mph",Baltimore Ravens,Kansas City Chiefs,Zay Flowers,BAL,Baltimore Ravens,away,27,20,WR,2,2.73972602739726,0,0,0,0,0,0,2,14,0,10,6,37,0,0
2024,1,"61 degrees, relative humidity 55%, wind 20 mph",Arizona Cardinals,Buffalo Bills,Curtis Samuel,BUF,Arizona Cardinals,away,34,28,WR,0,0.0,0,0,0,0,0,0,0,0,0,2,2,15,0,0
2024,1,"61 degrees, relative humidity 55%, wind 20 mph",Arizona Cardinals,Buffalo Bills,Dalton Kincaid,BUF,Arizona Cardinals,away,34,28,TE,0,0.0,0,0,0,0,0,0,0,0,0,2,1,11,0,0
2024,1,"61 degrees, relative humidity 55%, wind 20 mph",Arizona Cardinals,Buffalo Bills,Dawson Knox,BUF,Arizona Cardinals,away,34,28,TE,0,0.0,0,0,0,0,0,0,0,0,0,2,1,23,0,0
2024,1,"61 degrees, relative humidity 55%, wind 20 mph",Arizona Cardinals,Buffalo Bills,James Cook,BUF,Arizona Cardinals,away,34,28,RB,19,33.92857142857143,0,0,0,0,0,0,19,71,0,3,3,32,0,0
2024,1,"61 degrees, relative humidity 55%, wind 20 mph",Arizona Cardinals,Buffalo Bills,Josh Allen,BUF,Arizona Cardinals,away,34,28,QB,32,57.14285714285714,18,23,232,2,0,2,9,39,2,0,0,0,0,1
2024,1,"61 degrees, relative humidity 55%, wind 20 mph",Arizona Cardinals,Buffalo Bills,Keon Coleman,BUF,Arizona Cardinals,away,34,28,WR,0,0.0,0,0,0,0,0,0,0,0,0,5,4,51,0,0
2024,1,"61 degrees, relative humidity 55%, wind 20 mph",Arizona Cardinals,Buffalo Bills,Khalil Shakir,BUF,Arizona Cardinals,away,34,28,WR,0,0.0,0,0,0,0,0,0,0,0,0,3,3,42,1,0
2024,1,"61 degrees, relative humidity 55%, wind 20 mph",Arizona Cardinals,Buffalo Bills,Mack Hollins,BUF,Arizona Cardinals,away,34,28,WR,0,0.0,0,0,0,0,0,0,0,0,0,2,2,25,1,0
2024,1,"61 degrees, relative humidity 55%, wind 20 mph",Arizona Cardinals,Buffalo Bills,Marquez Valdes-Scantling,BUF,Arizona Cardinals,away,34,28,WR,0,0.0,0,0,0,0,0,0,0,0,0,2,1,19,0,0
2024,1,"61 degrees, relative humidity 55%, wind 20 mph",Arizona Cardinals,Buffalo Bills,Ray Davis,BUF,Arizona Cardinals,away,34,28,RB,3,5.357142857142857,0,0,0,0,0,0,3,13,0,1,1,14,0,0
2024,1,"61 degrees, relative humidity 55%, wind 20 mph",Arizona Cardinals,Buffalo Bills,Ty Johnson,BUF,Arizona Cardinals,away,34,28,RB,2,3.571428571428571,0,0,0,0,0,0,2,7,0,1,0,0,0,0
2024,1,,Carolina Panthers,New Orleans Saints,Adam Thielen,CAR,Carolina Panthers,away,47,10,WR,0,0.0,0,0,0,0,0,0,0,0,0,4,3,49,0,0
2024,1,,Carolina Panthers,New Orleans Saints,Andy Dalton,CAR,Carolina Panthers,away,47,10,QB,1,1.9607843137254901,0,1,0,0,0,0,0,0,0,0,0,0,0,0
2024,1,,Carolina Panthers,New Orleans Saints,Bryce Young,CAR,Carolina Panthers,away,47,10,QB,34,66.66666666666666,13,30,161,0,2,4,4,12,1,0,0,0,0,0
2024,1,,Carolina Panthers,New Orleans Saints,Chuba Hubbard,CAR,Carolina Panthers,away,47,10,RB,6,11.76470588235294,0,0,0,0,0,0,6,14,0,0,0,0,0,0
2024,1,,Carolina Panthers,New Orleans Saints,David Moore,CAR,Carolina Panthers,away,47,10,WR,0,0.0,0,0,0,0,0,0,0,0,0,3,1,14,0,0
2024,1,,Carolina Panthers,New Orleans Saints,Diontae Johnson,CAR,Carolina Panthers,away,47,10,WR,0,0.0,0,0,0,0,0,0,0,0,0,6,2,19,0,0
2024,1,,Carolina Panthers,New Orleans Saints,Ja'Tavion Sanders,CAR,Carolina Panthers,away,47,10,TE,0,0.0,0,0,0,0,0,0,0,0,0,1,1,4,0,0
2024,1,,Carolina Panthers,New Orleans Saints,Jonathan Mingo,CAR,Carolina Panthers,away,47,10,WR,1,1.9607843137254901,0,0,0,0,0,0,1,3,0,5,2,40,0,1
2024,1,,Carolina Panthers,New Orleans Saints,Jordan Matthews,CAR,Carolina Panthers,away,47,10,TE,0,0.0,0,0,0,0,0,0,0,0,0,1,0,0,0,0
2024,1,,Carolina Panthers,New Orleans Saints,Mike Boone,CAR,Carolina Panthers,away,47,10,RB,4,7.8431372549019605,0,0,0,0,0,0,4,7,0,0,0,0,0,0
2024,1,,Carolina Panthers,New Orleans Saints,Miles Sanders,CAR,Carolina Panthers,away,47,10,RB,5,9.803921568627452,0,0,0,0,0,0,5,22,0,2,0,0,0,0
2024,1,,Carolina Panthers,New Orleans Saints,Xavier Legette,CAR,Carolina Panthers,away,47,10,WR,0,0.0,0,0,0,0,0,0,0,0,0,7,4,35,0,0
2024,1,"67 degrees, relative humidity 43%, wind 8 mph",Tennessee Titans,Chicago Bears,Caleb Williams,CHI,Tennessee Titans,away,24,17,QB,34,66.66666666666666,14,29,93,0,0,2,5,15,0,0,0,0,0,1
2024,1,"67 degrees, relative humidity 43%, wind 8 mph",Tennessee Titans,Chicago Bears,Cole Kmet,CHI,Tennessee Titans,away,24,17,TE,0,0.0,0,0,0,0,0,0,0,0,0,1,1,4,0,0
2024,1,"67 degrees, relative humidity 43%, wind 8 mph",Tennessee Titans,Chicago Bears,D'Andre Swift,CHI,Tennessee Titans,away,24,17,RB,10,19.607843137254903,0,0,0,0,0,0,10,30,0,1,0,0,0,0
2024,1,"67 degrees, relative humidity 43%, wind 8 mph",Tennessee Titans,Chicago Bears,D.J. Moore,CHI,Tennessee Titans,away,24,17,WR,1,1.9607843137254901,0,0,0,0,0,0,1,14,0,8,5,36,0,0
2024,1,"67 degrees, relative humidity 43%, wind 8 mph",Tennessee Titans,Chicago Bears,DeAndre Carter,CHI,Tennessee Titans,away,24,17,WR,0,0.0,0,0,0,0,0,0,0,0,0,2,1,6,0,0
2024,1,"67 degrees, relative humidity 43%, wind 8 mph",Tennessee Titans,Chicago Bears,Gerald Everett,CHI,Tennessee Titans,away,24,17,TE,0,0.0,0,0,0,0,0,0,0,0,0,1,1,-1,0,0
2024,1,"67 degrees, relative humidity 43%, wind 8 mph",Tennessee Titans,Chicago Bears,Keenan Allen,CHI,Tennessee Titans,away,24,17,WR,0,0.0,0,0,0,0,0,0,0,0,0,11,4,29,0,0
2024,1,"67 degrees, relative humidity 43%, wind 8 mph",Tennessee Titans,Chicago Bears,Khalil Herbert,CHI,Tennessee Titans,away,24,17,RB,2,3.9215686274509802,0,0,0,0,0,0,2,4,0,0,0,0,0,0
2024,1,"67 degrees, relative humidity 43%, wind 8 mph",Tennessee Titans,Chicago Bears,Rome Odunze,CHI,Tennessee Titans,away,24,17,WR,0,0.0,0,0,0,0,0,0,0,0,0,4,1,11,0,1
2024,1,"67 degrees, relative humidity 43%, wind 8 mph",Tennessee Titans,Chicago Bears,Travis Homer,CHI,Tennessee Titans,away,24,17,RB,2,3.9215686274509802,0,0,0,0,0,0,2,10,0,0,0,0,0,0
2024,1,"67 degrees, relative humidity 43%, wind 8 mph",Tennessee Titans,Chicago Bears,Velus Jones Jr.,CHI,Tennessee Titans,away,24,17,WR,2,3.9215686274509802,0,0,0,0,0,0,2,11,0,1,1,8,0,1
2024,1,"66 degrees, relative humidity 40%, wind 5 mph",Cincinnati Bengals,New England Patriots,Andrei Iosivas,CIN,Cincinnati Bengals,away,16,10,WR,0,0.0,0,0,0,0,0,0,0,0,0,6,3,26,0,0
2024,1,"66 degrees, relative humidity 40%, wind 5 mph",Cincinnati Bengals,New England Patriots,Charlie Jones,CIN,Cincinnati Bengals,away,16,10,WR,0,0.0,0,0,0,0,0,0,0,0,0,1,1,5,0,1
2024,1,"66 degrees, relative humidity 40%, wind 5 mph",Cincinnati Bengals,New England Patriots,Chase Brown,CIN,Cincinnati Bengals,away,16,10,RB,3,6.666666666666667,0,0,0,0,0,0,3,11,0,3,3,12,0,0
2024,1,"66 degrees, relative humidity 40%, wind 5 mph",Cincinnati Bengals,New England Patriots,Ja'Marr Chase,CIN,Cincinnati Bengals,away,16,10,WR,0,0.0,0,0,0,0,0,0,0,0,0,6,6,62,0,0
2024,1,"66 degrees, relative humidity 40%, wind 5 mph",Cincinnati Bengals,New England Patriots,Joe Burrow,CIN,Cincinnati Bengals,away,16,10,QB,33,73.33333333333333,21,29,164,0,0,3,4,15,0,0,0,0,0,1
2024,1,"66 degrees, relative humidity 40%, wind 5 mph",Cincinnati Bengals,New England Patriots,Mike Gesicki,CIN,Cincinnati Bengals,away,16,10,TE,0,0.0,0,0,0,0,0,0,0,0,0,4,3,18,0,0
2024,1,"66 degrees, relative humidity 40%, wind 5 mph",Cincinnati Bengals,New England Patriots,Tanner Hudson,CIN,Cincinnati Bengals,away,16,10,TE,0,0.0,0,0,0,0,0,0,0,0,0,3,2,18,0,1
2024,1,"66 degrees, relative humidity 40%, wind 5 mph",Cincinnati Bengals,New England Patriots,Trenton Irwin,CIN,Cincinnati Bengals,away,16,10,WR,0,0.0,0,0,0,0,0,0,0,0,0,2,1,6,0,0
2024,1,"66 degrees, relative humidity 40%, wind 5 mph",Cincinnati Bengals,New England Patriots,Zack Moss,CIN,Cincinnati Bengals,away,16,10,RB,9,20.0,0,0,0,0,0,0,9,44,1,4,2,17,0,0
2024,1,"68 degrees, relative humidity 41%, wind 15 mph",Cleveland Browns,Dallas Cowboys,Amari Cooper,CLE,Cleveland Browns,away,33,17,WR,0,0.0,0,0,0,0,0,0,0,0,0,9,2,16,0,0
2024,1,"68 degrees, relative humidity 41%, wind 15 mph",Cleveland Browns,Dallas Cowboys,Cedric Tillman,CLE,Cleveland Browns,away,33,17,WR,0,0.0,0,0,0,0,0,0,0,0,0,1,1,3,0,0
2024,1,"68 degrees, relative humidity 41%, wind 15 mph",Cleveland Browns,Dallas Cowboys,David Njoku,CLE,Cleveland Browns,away,33,17,TE,0,0.0,0,0,0,0,0,0,0,0,0,5,4,44,0,0
2024,1,"68 degrees, relative humidity 41%, wind 15 mph",Cleveland Browns,Dallas Cowboys,Deshaun Watson,CLE,Cleveland Browns,away,33,17,QB,50,78.125,24,45,169,1,2,6,5,39,0,0,0,0,0,1
2024,1,"68 degrees, relative humidity 41%, wind 15 mph",Cleveland Browns,Dallas Cowboys,Elijah Moore,CLE,Cleveland Browns,away,33,17,WR,0,0.0,0,0,0,0,0,0,0,0,0,6,3,9,0,0
2024,1,"68 degrees, relative humidity 41%, wind 15 mph",Cleveland Browns,Dallas Cowboys,Jerome Ford,CLE,Cleveland Browns,away,33,17,RB,12,18.75,0,0,0,0,0,0,12,44,1,7,6,25,0,0
2024,1,"68 degrees, relative humidity 41%, wind 15 mph",Cleveland Browns,Dallas Cowboys,Jerry Jeudy,CLE,Cleveland Browns,away,33,17,WR,0,0.0,0,0,0,0,0,0,0,0,0,8,3,25,1,0
2024,1,"68 degrees, relative humidity 41%, wind 15 mph",Cleveland Browns,Dallas Cowboys,Jordan Akins,CLE,Cleveland Browns,away,33,17,TE,0,0.0,0,0,0,0,0,0,0,0,0,4,3,27,0,0
2024,1,"68 degrees, relative humidity 41%, wind 15 mph",Cleveland Browns,Dallas Cowboys,Pierre Strong,CLE,Cleveland Browns,away,33,17,RB,2,3.125,0,0,0,0,0,0,2,10,0,3,2,20,0,0
2024,1,"68 degrees, relative humidity 41%, wind 15 mph",Cleveland Browns,Dallas Cowboys,Brandin Cooks,DAL,Cleveland Browns,away,33,17,WR,1,1.7543859649122806,0,0,0,0,0,0,1,5,0,7,4,40,1,0
2024,1,"68 degrees, relative humidity 41%, wind 15 mph",Cleveland Browns,Dallas Cowboys,CeeDee Lamb,DAL,Cleveland Browns,away,33,17,WR,3,5.263157894736842,0,0,0,0,0,0,3,25,0,10,5,61,0,0
2024,1,"68 degrees, relative humidity 41%, wind 15 mph",Cleveland Browns,Dallas Cowboys,Cooper Rush,DAL,Cleveland Browns,away,33,17,QB,1,1.7543859649122806,0,0,0,0,0,0,1,-1,0,0,0,0,0,0
2024,1,"68 degrees, relative humidity 41%, wind 15 mph",Cleveland Browns,Dallas Cowboys,Dak Prescott,DAL,Cleveland Browns,away,33,17,QB,33,57.89473684210527,19,32,179,1,0,3,1,3,0,0,0,0,0,1
2024,1,"68 degrees, relative humidity 41%, wind 15 mph",Cleveland Browns,Dallas Cowboys,Deuce Vaughn,DAL,Cleveland Browns,away,33,17,RB,1,1.7543859649122806,0,0,0,0,0,0,1,4,0,0,0,0,0,0
2024,1,"68 degrees, relative humidity 41%, wind 15 mph",Cleveland Browns,Dallas Cowboys,Ezekiel Elliott,DAL,Cleveland Browns,away,33,17,RB,10,17.543859649122805,0,0,0,0,0,0,10,40,1,2,2,9,0,0
2024,1,"68 degrees, relative humidity 41%, wind 15 mph",Cleveland Browns,Dallas Cowboys,Hunter Luepke,DAL,Cleveland Browns,away,33,17,RB,0,0.0,0,0,0,0,0,0,0,0,0,2,2,18,0,0
2024,1,"68 degrees, relative humidity 41%, wind 15 mph",Cleveland Browns,Dallas Cowboys,Jake Ferguson,DAL,Cleveland Browns,away,33,17,TE,0,0.0,0,0,0,0,0,0,0,0,0,5,3,15,0,0
2024,1,"68 degrees, relative humidity 41%, wind 15 mph",Cleveland Browns,Dallas Cowboys,Jalen Brooks,DAL,Cleveland Browns,away,33,17,WR,0,0.0,0,0,0,0,0,0,0,0,0,1,1,18,0,0
2024,1,"68 degrees, relative humidity 41%, wind 15 mph",Cleveland Browns,Dallas Cowboys,Jalen Tolbert,DAL,Cleveland Browns,away,33,17,WR,0,0.0,0,0,0,0,0,0,0,0,0,2,1,12,0,0
2024,1,"68 degrees, relative humidity 41%, wind 15 mph",Cleveland Browns,Dallas Cowboys,KaVontae Turpin,DAL,Cleveland Browns,away,33,17,WR,0,0.0,0,0,0,0,0,0,0,0,0,1,0,0,0,0
2024,1,"68 degrees, relative humidity 41%, wind 15 mph",Cleveland Browns,Dallas Cowboys,Rico Dowdle,DAL,Cleveland Browns,away,33,17,RB,8,14.035087719298245,0,0,0,0,0,0,8,26,0,1,1,6,0,0
2024,1,"73 degrees, relative humidity 72%, wind 7 mph",Denver Broncos,Seattle Seahawks,Adam Trautman,DEN,Denver Broncos,away,26,20,TE,0,0.0,0,0,0,0,0,0,0,0,0,1,0,0,0,0
2024,1,"73 degrees, relative humidity 72%, wind 7 mph",Denver Broncos,Seattle Seahawks,Audric Estime,DEN,Denver Broncos,away,26,20,RB,2,2.9850746268656714,0,0,0,0,0,0,2,14,0,0,0,0,0,1
2024,1,"73 degrees, relative humidity 72%, wind 7 mph",Denver Broncos,Seattle Seahawks,Bo Nix,DEN,Denver Broncos,away,26,20,QB,47,70.1492537313433,26,42,138,0,2,2,5,35,1,0,0,0,0,0
2024,1,"73 degrees, relative humidity 72%, wind 7 mph",Denver Broncos,Seattle Seahawks,Courtland Sutton,DEN,Denver Broncos,away,26,20,WR,0,0.0,0,0,0,0,0,0,0,0,0,12,4,38,0,0
2024,1,"73 degrees, relative humidity 72%, wind 7 mph",Denver Broncos,Seattle Seahawks,Devaughn Vele,DEN,Denver Broncos,away,26,20,WR,0,0.0,0,0,0,0,0,0,0,0,0,8,8,39,0,0
2024,1,"73 degrees, relative humidity 72%, wind 7 mph",Denver Broncos,Seattle Seahawks,Greg Dulcich,DEN,Denver Broncos,away,26,20,TE,0,0.0,0,0,0,0,0,0,0,0,0,3,2,12,0,0
2024,1,"73 degrees, relative humidity 72%, wind 7 mph",Denver Broncos,Seattle Seahawks,Jaleel McLaughlin,DEN,Denver Broncos,away,26,20,RB,10,14.925373134328357,0,0,0,0,0,0,10,27,0,5,5,1,0,1
2024,1,"73 degrees, relative humidity 72%, wind 7 mph",Denver Broncos,Seattle Seahawks,Javonte Williams,DEN,Denver Broncos,away,26,20,RB,8,11.940298507462686,0,0,0,0,0,0,8,23,0,2,1,0,0,0
2024,1,"73 degrees, relative humidity 72%, wind 7 mph",Denver Broncos,Seattle Seahawks,Josh Reynolds,DEN,Denver Broncos,away,26,20,WR,0,0.0,0,0,0,0,0,0,0,0,0,8,5,45,0,0
2024,1,"73 degrees, relative humidity 72%, wind 7 mph",Denver Broncos,Seattle Seahawks,Lil'Jordan Humphrey,DEN,Denver Broncos,away,26,20,WR,0,0.0,0,0,0,0,0,0,0,0,0,1,0,0,0,0
2024,1,"73 degrees, relative humidity 72%, wind 7 mph",Denver Broncos,Seattle Seahawks,Marvin Mims,DEN,Denver Broncos,away,26,20,WR,0,0.0,0,0,0,0,0,0,0,0,0,1,0,0,0,0
2024,1,"73 degrees, relative humidity 72%, wind 7 mph",Denver Broncos,Seattle Seahawks,Michael Burton,DEN,Denver Broncos,away,26,20,FB,0,0.0,0,0,0,0,0,0,0,0,0,1,1,3,0,0
2024,1,,Los Angeles Rams,Detroit Lions,Amon-Ra St. Brown,DET,Los Angeles Rams,away,26,20,WR,0,0.0,0,0,0,0,0,0,0,0,0,6,3,13,0,0
2024,1,,Los Angeles Rams,Detroit Lions,Brock Wright,DET,Los Angeles Rams,away,26,20,TE,0,0.0,0,0,0,0,0,0,0,0,0,1,1,2,0,0
2024,1,,Los Angeles Rams,Detroit Lions,David Montgomery,DET,Los Angeles Rams,away,26,20,RB,17,28.8135593220339,0,0,0,0,0,0,17,91,1,1,1,2,0,0
2024,1,,Los Angeles Rams,Detroit Lions,Jahmyr Gibbs,DET,Los Angeles Rams,away,26,20,RB,11,18.64406779661017,0,0,0,0,0,0,11,40,1,6,4,34,0,0
2024,1,,Los Angeles Rams,Detroit Lions,Jameson Williams,DET,Los Angeles Rams,away,26,20,WR,1,1.694915254237288,0,0,0,0,0,0,1,13,0,9,5,121,1,0
2024,1,,Los Angeles Rams,Detroit Lions,Jared Goff,DET,Los Angeles Rams,away,26,20,QB,29,49.152542372881356,18,28,217,1,1,2,1,7,0,0,0,0,0,0
2024,1,,Los Angeles Rams,Detroit Lions,Kalif Raymond,DET,Los Angeles Rams,away,26,20,WR,1,1.694915254237288,0,0,0,0,0,0,1,12,0,0,0,0,0,0
2024,1,,Los Angeles Rams,Detroit Lions,Sam LaPorta,DET,Los Angeles Rams,away,26,20,TE,0,0.0,0,0,0,0,0,0,0,0,0,5,4,45,0,0
2024,1,"63 degrees, relative humidity 87%, wind 4 mph",Green Bay Packers,Philadelphia Eagles,Christian Watson,GNB,Green Bay Packers,away,34,29,WR,0,0.0,0,0,0,0,0,0,0,0,0,5,3,13,1,0
2024,1,"63 degrees, relative humidity 87%, wind 4 mph",Green Bay Packers,Philadelphia Eagles,Dontayvion Wicks,GNB,Green Bay Packers,away,34,29,WR,0,0.0,0,0,0,0,0,0,0,0,0,3,0,0,0,0
2024,1,"63 degrees, relative humidity 87%, wind 4 mph",Green Bay Packers,Philadelphia Eagles,Emanuel Wilson,GNB,Green Bay Packers,away,34,29,RB,4,7.142857142857142,0,0,0,0,0,0,4,46,0,3,2,2,0,0
2024,1,"63 degrees, relative humidity 87%, wind 4 mph",Green Bay Packers,Philadelphia Eagles,Jayden Reed,GNB,Green Bay Packers,away,34,29,WR,1,1.7857142857142856,0,0,0,0,0,0,1,33,1,6,4,138,1,0
2024,1,"63 degrees, relative humidity 87%, wind 4 mph",Green Bay Packers,Philadelphia Eagles,Jordan Love,GNB,Green Bay Packers,away,34,29,QB,34,60.71428571428571,17,34,260,2,1,1,0,0,0,0,0,0,0,0
2024,1,"63 degrees, relative humidity 87%, wind 4 mph",Green Bay Packers,Philadelphia Eagles,Josh Jacobs,GNB,Green Bay Packers,away,34,29,RB,16,28.57142857142857,0,0,0,0,0,0,16,84,0,3,2,20,0,1
2024,1,"63 degrees, relative humidity 87%, wind 4 mph",Green Bay Packers,Philadelphia Eagles,Luke Musgrave,GNB,Green Bay Packers,away,34,29,TE,0,0.0,0,0,0,0,0,0,0,0,0,2,0,0,0,0
2024,1,"63 degrees, relative humidity 87%, wind 4 mph",Green Bay Packers,Philadelphia Eagles,Malik Willis,GNB,Green Bay Packers,away,34,29,QB,1,1.7857142857142856,0,1,0,0,0,1,0,0,0,0,0,0,0,0
2024,1,"63 degrees, relative humidity 87%, wind 4 mph",Green Bay Packers,Philadelphia Eagles,Romeo Doubs,GNB,Green Bay Packers,away,34,29,WR,0,0.0,0,0,0,0,0,0,0,0,0,7,4,50,0,0
2024,1,"63 degrees, relative humidity 87%, wind 4 mph",Green Bay Packers,Philadelphia Eagles,Tucker Kraft,GNB,Green Bay Packers,away,34,29,TE,0,0.0,0,0,0,0,0,0,0,0,0,3,2,37,0,0
2024,1,,Indianapolis Colts,Houston Texans,Brevin Jordan,HOU,Indianapolis Colts,away,29,27,TE,0,0.0,0,0,0,0,0,0,0,0,0,2,1,3,0,0
2024,1,,Indianapolis Colts,Houston Texans,C.J. Stroud,HOU,Indianapolis Colts,away,29,27,QB,36,50.0,24,32,234,2,0,4,4,13,0,0,0,0,0,0
2024,1,,Indianapolis Colts,Houston Texans,Dalton Schultz,HOU,Indianapolis Colts,away,29,27,TE,0,0.0,0,0,0,0,0,0,0,0,0,3,3,16,0,0
2024,1,,Indianapolis Colts,Houston Texans,Dameon Pierce,HOU,Indianapolis Colts,away,29,27,RB,3,4.166666666666666,0,0,0,0,0,0,3,16,0,0,0,0,0,0
2024,1,,Indianapolis Colts,Houston Texans,Dare Ogunbowale,HOU,Indianapolis Colts,away,29,27,RB,0,0.0,0,0,0,0,0,0,0,0,0,1,1,3,0,0
2024,1,,Indianapolis Colts,Houston Texans,Joe Mixon,HOU,Indianapolis Colts,away,29,27,RB,30,41.66666666666667,0,0,0,0,0,0,30,159,1,3,3,19,0,0
2024,1,,Indianapolis Colts,Houston Texans,Nico Collins,HOU,Indianapolis Colts,away,29,27,WR,0,0.0,0,0,0,0,0,0,0,0,0,8,6,117,0,0
2024,1,,Indianapolis Colts,Houston Texans,Stefon Diggs,HOU,Indianapolis Colts,away,29,27,WR,1,1.3888888888888888,0,0,0,0,0,0,1,6,0,6,6,33,2,0
2024,1,,Indianapolis Colts,Houston Texans,Tank Dell,HOU,Indianapolis Colts,away,29,27,WR,2,2.7777777777777777,0,0,0,0,0,0,2,19,0,7,3,40,0,0
2024,1,,Indianapolis Colts,Houston Texans,Xavier Hutchinson,HOU,Indianapolis Colts,away,29,27,WR,0,0.0,0,0,0,0,0,0,0,0,0,1,1,3,0,0
2024,1,,Indianapolis Colts,Houston Texans,Adonai Mitchell,IND,Indianapolis Colts,away,29,27,WR,0,0.0,0,0,0,0,0,0,0,0,0,5,1,2,0,0
2024,1,,Indianapolis Colts,Houston Texans,Alec Pierce,IND,Indianapolis Colts,away,29,27,WR,0,0.0,0,0,0,0,0,0,0,0,0,3,3,125,1,0
2024,1,,Indianapolis Colts,Houston Texans,Anthony Richardson,IND,Indianapolis Colts,away,29,27,QB,25,60.97560975609756,9,19,212,2,1,2,6,56,1,0,0,0,0,0
2024,1,,Indianapolis Colts,Houston Texans,Ashton Dulin,IND,Indianapolis Colts,away,29,27,WR,0,0.0,0,0,0,0,0,0,0,0,0,1,1,54,1,0
2024,1,,Indianapolis Colts,Houston Texans,Jonathan Taylor,IND,Indianapolis Colts,away,29,27,RB,16,39.02439024390244,0,0,0,0,0,0,16,48,1,0,0,0,0,0
2024,1,,Indianapolis Colts,Houston Texans,Kylen Granson,IND,Indianapolis Colts,away,29,27,TE,0,0.0,0,0,0,0,0,0,0,0,0,1,0,0,0,0
2024,1,,Indianapolis Colts,Houston Texans,Michael Pittman Jr.,IND,Indianapolis Colts,away,29,27,WR,0,0.0,0,0,0,0,0,0,0,0,0,8,4,31,0,0
2024,1,,Indianapolis Colts,Houston Texans,Mo Alie-Cox,IND,Indianapolis Colts,away,29,27,TE,0,0.0,0,0,0,0,0,0,0,0,0,1,0,0,0,0
2024,1,"91 degrees, relative humidity 57%, wind 10 mph",Jacksonville Jaguars,Miami Dolphins,Brian Thomas,JAX,Jacksonville Jaguars,away,20,17,WR,0,0.0,0,0,0,0,0,0,0,0,0,4,4,47,1,0
2024,1,"91 degrees, relative humidity 57%, wind 10 mph",Jacksonville Jaguars,Miami Dolphins,Christian Kirk,JAX,Jacksonville Jaguars,away,20,17,WR,0,0.0,0,0,0,0,0,0,0,0,0,4,1,30,0,0
2024,1,"91 degrees, relative humidity 57%, wind 10 mph",Jacksonville Jaguars,Miami Dolphins,Devin Duvernay,JAX,Jacksonville Jaguars,away,20,17,WR,1,2.127659574468085,0,0,0,0,0,0,1,3,0,0,0,0,0,0
2024,1,"91 degrees, relative humidity 57%, wind 10 mph",Jacksonville Jaguars,Miami Dolphins,Evan Engram,JAX,Jacksonville Jaguars,away,20,17,TE,0,0.0,0,0,0,0,0,0,0,0,0,4,1,5,0,0
2024,1,"91 degrees, relative humidity 57%, wind 10 mph",Jacksonville Jaguars,Miami Dolphins,Gabriel Davis,JAX,Jacksonville Jaguars,away,20,17,WR,0,0.0,0,0,0,0,0,0,0,0,0,3,3,62,0,0
2024,1,"91 degrees, relative humidity 57%, wind 10 mph",Jacksonville Jaguars,Miami Dolphins,Parker Washington,JAX,Jacksonville Jaguars,away,20,17,WR,0,0.0,0,0,0,0,0,0,0,0,0,1,1,3,0,1
2024,1,"91 degrees, relative humidity 57%, wind 10 mph",Jacksonville Jaguars,Miami Dolphins,Tank Bigsby,JAX,Jacksonville Jaguars,away,20,17,RB,12,25.53191489361702,0,0,0,0,0,0,12,73,0,0,0,0,0,0
2024,1,"91 degrees, relative humidity 57%, wind 10 mph",Jacksonville Jaguars,Miami Dolphins,Travis Etienne,JAX,Jacksonville Jaguars,away,20,17,RB,12,25.53191489361702,0,0,0,0,0,0,12,44,1,3,2,15,0,1
2024,1,"91 degrees, relative humidity 57%, wind 10 mph",Jacksonville Jaguars,Miami Dolphins,Trevor Lawrence,JAX,Jacksonville Jaguars,away,20,17,QB,22,46.808510638297875,12,21,162,1,0,3,1,8,0,0,0,0,0,0
2024,1,"67 degrees, relative humidity 53%, wind 8 mph",Baltimore Ravens,Kansas City Chiefs,Carson Steele,KAN,Baltimore Ravens,away,27,20,RB,2,4.166666666666666,0,0,0,0,0,0,2,3,0,0,0,0,0,0
2024,1,"67 degrees, relative humidity 53%, wind 8 mph",Baltimore Ravens,Kansas City Chiefs,Isiah Pacheco,KAN,Baltimore Ravens,away,27,20,RB,15,31.25,0,0,0,0,0,0,15,45,1,3,2,33,0,0
2024,1,"67 degrees, relative humidity 53%, wind 8 mph",Baltimore Ravens,Kansas City Chiefs,JuJu Smith-Schuster,KAN,Baltimore Ravens,away,27,20,WR,0,0.0,0,0,0,0,0,0,0,0,0,1,0,0,0,0
2024,1,"67 degrees, relative humidity 53%, wind 8 mph",Baltimore Ravens,Kansas City Chiefs,Justin Watson,KAN,Baltimore Ravens,away,27,20,WR,0,0.0,0,0,0,0,0,0,0,0,0,1,1,25,0,0
2024,1,"67 degrees, relative humidity 53%, wind 8 mph",Baltimore Ravens,Kansas City Chiefs,Noah Gray,KAN,Baltimore Ravens,away,27,20,TE,0,0.0,0,0,0,0,0,0,0,0,0,3,3,37,0,0
2024,1,"67 degrees, relative humidity 53%, wind 8 mph",Baltimore Ravens,Kansas City Chiefs,Patrick Mahomes,KAN,Baltimore Ravens,away,27,20,QB,30,62.5,20,28,291,1,1,2,2,3,0,1,1,2,0,0
2024,1,"67 degrees, relative humidity 53%, wind 8 mph",Baltimore Ravens,Kansas City Chiefs,Rashee Rice,KAN,Baltimore Ravens,away,27,20,WR,0,0.0,0,0,0,0,0,0,0,0,0,9,7,103,0,0
2024,1,"67 degrees, relative humidity 53%, wind 8 mph",Baltimore Ravens,Kansas City Chiefs,Samaje Perine,KAN,Baltimore Ravens,away,27,20,RB,0,0.0,0,0,0,0,0,0,0,0,0,2,1,10,0,0
2024,1,"67 degrees, relative humidity 53%, wind 8 mph",Baltimore Ravens,Kansas City Chiefs,Travis Kelce,KAN,Baltimore Ravens,away,27,20,TE,0,0.0,0,0,0,0,0,0,0,0,0,4,3,34,0,0
2024,1,"67 degrees, relative humidity 53%, wind 8 mph",Baltimore Ravens,Kansas City Chiefs,Xavier Worthy,KAN,Baltimore Ravens,away,27,20,WR,1,2.083333333333333,0,0,0,0,0,0,1,21,1,3,2,47,1,0
2024,1,,Las Vegas Raiders,Los Angeles Chargers,Derius Davis,LAC,Las Vegas Raiders,away,22,10,WR,2,3.7735849056603774,0,0,0,0,0,0,2,9,0,0,0,0,0,0
2024,1,,Las Vegas Raiders,Los Angeles Chargers,Gus Edwards,LAC,Las Vegas Raiders,away,22,10,RB,11,20.754716981132077,0,0,0,0,0,0,11,26,0,1,1,2,0,0
2024,1,,Las Vegas Raiders,Los Angeles Chargers,Hayden Hurst,LAC,Las Vegas Raiders,away,22,10,TE,0,0.0,0,0,0,0,0,0,0,0,0,3,2,33,0,0
2024,1,,Las Vegas Raiders,Los Angeles Chargers,J.K. Dobbins,LAC,Las Vegas Raiders,away,22,10,RB,10,18.867924528301888,0,0,0,0,0,0,10,135,1,3,3,4,0,0
2024,1,,Las Vegas Raiders,Los Angeles Chargers,Josh Palmer,LAC,Las Vegas Raiders,away,22,10,WR,0,0.0,0,0,0,0,0,0,0,0,0,4,2,15,0,0
2024,1,,Las Vegas Raiders,Los Angeles Chargers,Justin Herbert,LAC,Las Vegas Raiders,away,22,10,QB,30,56.60377358490566,17,26,144,1,0,1,4,6,0,0,0,0,0,0
2024,1,,Las Vegas Raiders,Los Angeles Chargers,Ladd McConkey,LAC,Las Vegas Raiders,away,22,10,WR,0,0.0,0,0,0,0,0,0,0,0,0,7,5,39,1,0
2024,1,,Las Vegas Raiders,Los Angeles Chargers,Quentin Johnston,LAC,Las Vegas Raiders,away,22,10,WR,0,0.0,0,0,0,0,0,0,0,0,0,5,3,38,0,0
2024,1,,Las Vegas Raiders,Los Angeles Chargers,Scott Matlock,LAC,Las Vegas Raiders,away,22,10,FB,0,0.0,0,0,0,0,0,0,0,0,0,1,0,0,0,0
2024,1,,Las Vegas Raiders,Los Angeles Chargers,Will Dissly,LAC,Las Vegas Raiders,away,22,10,TE,0,0.0,0,0,0,0,0,0,0,0,0,1,1,13,0,0
2024,1,,Los Angeles Rams,Detroit Lions,Colby Parkinson,LAR,Los Angeles Rams,away,26,20,TE,0,0.0,0,0,0,0,0,0,0,0,0,5,4,47,0,0
2024,1,,Los Angeles Rams,Detroit Lions,Cooper Kupp,LAR,Los Angeles Rams,away,26,20,WR,2,2.7777777777777777,0,0,0,0,0,0,2,10,0,21,14,110,1,0
2024,1,,Los Angeles Rams,Detroit Lions,Davis Allen,LAR,Los Angeles Rams,away,26,20,TE,0,0.0,0,0,0,0,0,0,0,0,0,1,0,0,0,0
2024,1,,Los Angeles Rams,Detroit Lions,Demarcus Robinson,LAR,Los Angeles Rams,away,26,20,WR,0,0.0,0,0,0,0,0,0,0,0,0,7,4,42,0,0
2024,1,,Los Angeles Rams,Detroit Lions,Kyren Williams,LAR,Los Angeles Rams,away,26,20,RB,18,25.0,0,0,0,0,0,0,18,50,1,3,3,4,0,0
2024,1,,Los Angeles Rams,Detroit Lions,Matthew Stafford,LAR,Los Angeles Rams,away,26,20,QB,49,68.05555555555556,34,49,317,1,1,2,0,0,0,0,0,0,0,0
2024,1,,Los Angeles Rams,Detroit Lions,Puka Nacua,LAR,Los Angeles Rams,away,26,20,WR,1,1.3888888888888888,0,0,0,0,0,0,1,7,0,4,4,35,0,0
2024,1,,Los Angeles Rams,Detroit Lions,Ronnie Rivers,LAR,Los Angeles Rams,away,26,20,RB,2,2.7777777777777777,0,0,0,0,0,0,2,16,0,0,0,0,0,0
2024,1,,Los Angeles Rams,Detroit Lions,Tyler Johnson,LAR,Los Angeles Rams,away,26,20,WR,0,0.0,0,0,0,0,0,0,0,0,0,7,5,79,0,0
2024,1,,Las Vegas Raiders,Los Angeles Chargers,Alexander Mattison,LVR,Las Vegas Raiders,away,22,10,RB,5,9.090909090909092,0,0,0,0,0,0,5,19,0,6,4,43,1,0
2024,1,,Las Vegas Raiders,Los Angeles Chargers,Brock Bowers,LVR,Las Vegas Raiders,away,22,10,TE,0,0.0,0,0,0,0,0,0,0,0,0,8,6,58,0,0
2024,1,,Las Vegas Raiders,Los Angeles Chargers,DJ Turner,LVR,Las Vegas Raiders,away,22,10,WR,0,0.0,0,0,0,0,0,0,0,0,0,1,1,9,0,0
2024,1,,Las Vegas Raiders,Los Angeles Chargers,Davante Adams,LVR,Las Vegas Raiders,away,22,10,WR,0,0.0,0,0,0,0,0,0,0,0,0,6,5,59,0,0
2024,1,,Las Vegas Raiders,Los Angeles Chargers,Gardner Minshew,LVR,Las Vegas Raiders,away,22,10,UNK,36,65.45454545454545,25,33,257,1,1,4,3,5,0,0,0,0,0,1
2024,1,,Las Vegas Raiders,Los Angeles Chargers,Jakobi Meyers,LVR,Las Vegas Raiders,away,22,10,WR,1,1.8181818181818181,0,0,0,0,0,0,1,3,0,3,3,61,0,0
2024,1,,Las Vegas Raiders,Los Angeles Chargers,Michael Mayer,LVR,Las Vegas Raiders,away,22,10,TE,0,0.0,0,0,0,0,0,0,0,0,0,3,2,3,0,0
2024,1,,Las Vegas Raiders,Los Angeles Chargers,Tre Tucker,LVR,Las Vegas Raiders,away,22,10,WR,0,0.0,0,0,0,0,0,0,0,0,0,3,2,22,0,0
2024,1,,Las Vegas Raiders,Los Angeles Chargers,Zamir White,LVR,Las Vegas Raiders,away,22,10,RB,13,23.636363636363637,0,0,0,0,0,0,13,44,0,2,2,2,0,1
2024,1,"91 degrees, relative humidity 57%, wind 10 mph",Jacksonville Jaguars,Miami Dolphins,Alec Ingold,MIA,Jacksonville Jaguars,away,20,17,FB,2,3.225806451612903,0,0,0,0,0,0,2,8,0,1,0,0,0,0
2024,1,"91 degrees, relative humidity 57%, wind 10 mph",Jacksonville Jaguars,Miami Dolphins,Braxton Berrios,MIA,Jacksonville Jaguars,away,20,17,WR,0,0.0,0,0,0,0,0,0,0,0,0,2,0,0,0,0
2024,1,"91 degrees, relative humidity 57%, wind 10 mph",Jacksonville Jaguars,Miami Dolphins,De'Von Achane,MIA,Jacksonville Jaguars,away,20,17,RB,10,16.129032258064516,0,0,0,0,0,0,10,24,1,7,7,76,0,0
2024,1,"91 degrees, relative humidity 57%, wind 10 mph",Jacksonville Jaguars,Miami Dolphins,Durham Smythe,MIA,Jacksonville Jaguars,away,20,17,TE,0,0.0,0,0,0,0,0,0,0,0,0,3,0,0,0,0
2024,1,"91 degrees, relative humidity 57%, wind 10 mph",Jacksonville Jaguars,Miami Dolphins,Jaylen Waddle,MIA,Jacksonville Jaguars,away,20,17,WR,1,1.6129032258064515,0,0,0,0,0,0,1,3,0,5,5,109,0,0
2024,1,"91 degrees, relative humidity 57%, wind 10 mph",Jacksonville Jaguars,Miami Dolphins,Jeff Wilson,MIA,Jacksonville Jaguars,away,20,17,RB,5,8.064516129032258,0,0,0,0,0,0,5,26,0,0,0,0,0,0
2024,1,"91 degrees, relative humidity 57%, wind 10 mph",Jacksonville Jaguars,Miami Dolphins,Jonnu Smith,MIA,Jacksonville Jaguars,away,20,17,TE,0,0.0,0,0,0,0,0,0,0,0,0,2,1,7,0,0
2024,1,"91 degrees, relative humidity 57%, wind 10 mph",Jacksonville Jaguars,Miami Dolphins,Julian Hill,MIA,Jacksonville Jaguars,away,20,17,TE,0,0.0,0,0,0,0,0,0,0,0,0,1,1,6,0,0
2024,1,"91 degrees, relative humidity 57%, wind 10 mph",Jacksonville Jaguars,Miami Dolphins,Raheem Mostert,MIA,Jacksonville Jaguars,away,20,17,RB,6,9.67741935483871,0,0,0,0,0,0,6,9,0,3,2,10,0,0
2024,1,"91 degrees, relative humidity 57%, wind 10 mph",Jacksonville Jaguars,Miami Dolphins,Tua Tagovailoa,MIA,Jacksonville Jaguars,away,20,17,QB,38,61.29032258064516,23,37,338,1,0,3,1,11,0,0,0,0,0,0
2024,1,"91 degrees, relative humidity 57%, wind 10 mph",Jacksonville Jaguars,Miami Dolphins,Tyreek Hill,MIA,Jacksonville Jaguars,away,20,17,WR,0,0.0,0,0,0,0,0,0,0,0,0,12,7,130,1,0
2024,1,"64 degrees, relative humidity 48%, wind 10 mph",New York Giants,Minnesota Vikings,Aaron Jones,MIN,New York Giants,away,28,6,RB,14,28.000000000000004,0,0,0,0,0,0,14,94,1,2,2,15,0,0
2024,1,"64 degrees, relative humidity 48%, wind 10 mph",New York Giants,Minnesota Vikings,C.J. Ham,MIN,New York Giants,away,28,6,FB,0,0.0,0,0,0,0,0,0,0,0,0,2,2,11,0,1
2024,1,"64 degrees, relative humidity 48%, wind 10 mph",New York Giants,Minnesota Vikings,Jalen Nailor,MIN,New York Giants,away,28,6,WR,0,0.0,0,0,0,0,0,0,0,0,0,1,1,21,1,0
2024,1,"64 degrees, relative humidity 48%, wind 10 mph",New York Giants,Minnesota Vikings,Johnny Mundt,MIN,New York Giants,away,28,6,TE,0,0.0,0,0,0,0,0,0,0,0,0,3,2,15,0,0
2024,1,"64 degrees, relative humidity 48%, wind 10 mph",New York Giants,Minnesota Vikings,Jordan Addison,MIN,New York Giants,away,28,6,WR,0,0.0,0,0,0,0,0,0,0,0,0,4,3,35,0,0
2024,1,"64 degrees, relative humidity 48%, wind 10 mph",New York Giants,Minnesota Vikings,Josh Oliver,MIN,New York Giants,away,28,6,TE,0,0.0,0,0,0,0,0,0,0,0,0,2,2,27,0,0
2024,1,"64 degrees, relative humidity 48%, wind 10 mph",New York Giants,Minnesota Vikings,Justin Jefferson,MIN,New York Giants,away,28,6,WR,0,0.0,0,0,0,0,0,0,0,0,0,6,4,59,1,0
2024,1,"64 degrees, relative humidity 48%, wind 10 mph",New York Giants,Minnesota Vikings,Myles Gaskin,MIN,New York Giants,away,28,6,RB,1,2.0,0,0,0,0,0,0,1,-3,0,0,0,0,0,0
2024,1,"64 degrees, relative humidity 48%, wind 10 mph",New York Giants,Minnesota Vikings,Sam Darnold,MIN,New York Giants,away,28,6,QB,27,54.0,19,24,208,2,1,1,3,3,0,0,0,0,0,0
2024,1,"64 degrees, relative humidity 48%, wind 10 mph",New York Giants,Minnesota Vikings,Ty Chandler,MIN,New York Giants,away,28,6,RB,8,16.0,0,0,0,0,0,0,8,17,0,3,3,25,0,0
2024,1,,Carolina Panthers,New Orleans Saints,Alvin Kamara,NOR,Carolina Panthers,away,47,10,RB,15,24.59016393442623,0,0,0,0,0,0,15,83,1,5,5,27,0,0
2024,1,,Carolina Panthers,New Orleans Saints,Bub Means,NOR,Carolina Panthers,away,47,10,WR,0,0.0,0,0,0,0,0,0,0,0,0,1,0,0,0,0
2024,1,,Carolina Panthers,New Orleans Saints,Chris Olave,NOR,Carolina Panthers,away,47,10,WR,0,0.0,0,0,0,0,0,0,0,0,0,2,2,11,0,0
2024,1,,Carolina Panthers,New Orleans Saints,Derek Carr,NOR,Carolina Panthers,away,47,10,QB,25,40.98360655737705,19,23,200,3,0,1,2,13,0,0,0,0,0,0
2024,1,,Carolina Panthers,New Orleans Saints,Foster Moreau,NOR,Carolina Panthers,away,47,10,TE,0,0.0,0,0,0,0,0,0,0,0,0,4,4,43,1,0
2024,1,,Carolina Panthers,New Orleans Saints,Jake Haener,NOR,Carolina Panthers,away,47,10,QB,1,1.639344262295082,0,1,0,0,0,0,0,0,0,0,0,0,0,0
2024,1,,Carolina Panthers,New Orleans Saints,Jamaal Williams,NOR,Carolina Panthers,away,47,10,RB,11,18.0327868852459,0,0,0,0,0,0,11,38,1,1,1,13,0,0
2024,1,,Carolina Panthers,New Orleans Saints,Jordan Mims,NOR,Carolina Panthers,away,47,10,RB,4,6.557377049180328,0,0,0,0,0,0,4,11,0,0,0,0,0,0
2024,1,,Carolina Panthers,New Orleans Saints,Juwan Johnson,NOR,Carolina Panthers,away,47,10,TE,0,0.0,0,0,0,0,0,0,0,0,0,3,2,26,1,0
2024,1,,Carolina Panthers,New Orleans Saints,Mason Tipton,NOR,Carolina Panthers,away,47,10,WR,0,0.0,0,0,0,0,0,0,0,0,0,1,1,6,0,0
2024,1,,Carolina Panthers,New Orleans Saints,Rashid Shaheed,NOR,Carolina Panthers,away,47,10,WR,0,0.0,0,0,0,0,0,0,0,0,0,5,3,73,1,0
2024,1,,Carolina Panthers,New Orleans Saints,Taysom Hill,NOR,Carolina Panthers,away,47,10,TE,5,8.19672131147541,0,0,0,0,0,0,5,35,0,2,1,1,0,0
2024,1,"66 degrees, relative humidity 40%, wind 5 mph",Cincinnati Bengals,New England Patriots,Antonio Gibson,NWE,Cincinnati Bengals,away,16,10,RB,7,11.11111111111111,0,0,0,0,0,0,7,18,0,0,0,0,0,0
2024,1,"66 degrees, relative humidity 40%, wind 5 mph",Cincinnati Bengals,New England Patriots,Austin Hooper,NWE,Cincinnati Bengals,away,16,10,TE,0,0.0,0,0,0,0,0,0,0,0,0,4,2,31,0,0
2024,1,"66 degrees, relative humidity 40%, wind 5 mph",Cincinnati Bengals,New England Patriots,Demario Douglas,NWE,Cincinnati Bengals,away,16,10,WR,0,0.0,0,0,0,0,0,0,0,0,0,3,2,12,0,0
2024,1,"66 degrees, relative humidity 40%, wind 5 mph",Cincinnati Bengals,New England Patriots,Hunter Henry,NWE,Cincinnati Bengals,away,16,10,TE,0,0.0,0,0,0,0,0,0,0,0,0,3,2,18,0,0
2024,1,"66 degrees, relative humidity 40%, wind 5 mph",Cincinnati Bengals,New England Patriots,Ja'Lynn Polk,NWE,Cincinnati Bengals,away,16,10,WR,0,0.0,0,0,0,0,0,0,0,0,0,1,1,6,0,0
2024,1,"66 degrees, relative humidity 40%, wind 5 mph",Cincinnati Bengals,New England Patriots,Jacoby Brissett,NWE,Cincinnati Bengals,away,16,10,QB,31,49.2063492063492,15,24,121,0,0,1,7,32,0,0,0,0,0,0
2024,1,"66 degrees, relative humidity 40%, wind 5 mph",Cincinnati Bengals,New England Patriots,K.J. Osborn,NWE,Cincinnati Bengals,away,16,10,WR,0,0.0,0,0,0,0,0,0,0,0,0,6,3,21,0,0
2024,1,"66 degrees, relative humidity 40%, wind 5 mph",Cincinnati Bengals,New England Patriots,Rhamondre Stevenson,NWE,Cincinnati Bengals,away,16,10,RB,25,39.682539682539684,0,0,0,0,0,0,25,120,1,3,3,6,0,1
2024,1,"66 degrees, relative humidity 40%, wind 5 mph",Cincinnati Bengals,New England Patriots,Tyquan Thornton,NWE,Cincinnati Bengals,away,16,10,WR,0,0.0,0,0,0,0,0,0,0,0,0,3,2,27,0,0
2024,1,"64 degrees, relative humidity 48%, wind 10 mph",New York Giants,Minnesota Vikings,Daniel Bellinger,NYG,New York Giants,away,28,6,TE,0,0.0,0,0,0,0,0,0,0,0,0,1,1,3,0,0
2024,1,"64 degrees, relative humidity 48%, wind 10 mph",New York Giants,Minnesota Vikings,Daniel Jones,NYG,New York Giants,away,28,6,QB,48,76.19047619047619,22,42,186,0,2,5,6,15,0,0,0,0,0,0
2024,1,"64 degrees, relative humidity 48%, wind 10 mph",New York Giants,Minnesota Vikings,Darius Slayton,NYG,New York Giants,away,28,6,WR,0,0.0,0,0,0,0,0,0,0,0,0,4,3,26,0,1
2024,1,"64 degrees, relative humidity 48%, wind 10 mph",New York Giants,Minnesota Vikings,Devin Singletary,NYG,New York Giants,away,28,6,RB,10,15.873015873015872,0,0,0,0,0,0,10,37,0,5,4,15,0,0
2024,1,"64 degrees, relative humidity 48%, wind 10 mph",New York Giants,Minnesota Vikings,Eric Gray,NYG,New York Giants,away,28,6,RB,2,3.1746031746031744,0,0,0,0,0,0,2,6,0,1,1,9,0,0
2024,1,"64 degrees, relative humidity 48%, wind 10 mph",New York Giants,Minnesota Vikings,Jalin Hyatt,NYG,New York Giants,away,28,6,WR,0,0.0,0,0,0,0,0,0,0,0,0,1,0,0,0,0
2024,1,"64 degrees, relative humidity 48%, wind 10 mph",New York Giants,Minnesota Vikings,Malik Nabers,NYG,New York Giants,away,28,6,WR,0,0.0,0,0,0,0,0,0,0,0,0,7,5,66,0,0
2024,1,"64 degrees, relative humidity 48%, wind 10 mph",New York Giants,Minnesota Vikings,Theo Johnson,NYG,New York Giants,away,28,6,TE,0,0.0,0,0,0,0,0,0,0,0,0,4,1,18,0,0
2024,1,"64 degrees, relative humidity 48%, wind 10 mph",New York Giants,Minnesota Vikings,Tyrone Tracy Jr.,NYG,New York Giants,away,28,6,RB,2,3.1746031746031744,0,0,0,0,0,0,2,2,0,3,1,5,0,0
2024,1,"64 degrees, relative humidity 48%, wind 10 mph",New York Giants,Minnesota Vikings,Wan'Dale Robinson,NYG,New York Giants,away,28,6,WR,1,1.5873015873015872,0,0,0,0,0,0,1,14,0,12,6,44,0,0
2024,1,"76 degrees, relative humidity 60%, wind 10 mph",New York Jets,San Francisco 49ers,Aaron Rodgers,NYJ,New York Jets,away,32,19,QB,22,45.83333333333333,13,21,167,1,1,1,1,-1,0,0,0,0,0,0
2024,1,"76 degrees, relative humidity 60%, wind 10 mph",New York Jets,San Francisco 49ers,Allen Lazard,NYJ,New York Jets,away,32,19,WR,0,0.0,0,0,0,0,0,0,0,0,0,9,6,89,2,0
2024,1,"76 degrees, relative humidity 60%, wind 10 mph",New York Jets,San Francisco 49ers,Braelon Allen,NYJ,New York Jets,away,32,19,RB,1,2.083333333333333,0,0,0,0,0,0,1,8,0,1,1,9,0,0
2024,1,"76 degrees, relative humidity 60%, wind 10 mph",New York Jets,San Francisco 49ers,Breece Hall,NYJ,New York Jets,away,32,19,RB,16,33.33333333333333,0,0,0,0,0,0,16,54,1,6,5,39,0,1
2024,1,"76 degrees, relative humidity 60%, wind 10 mph",New York Jets,San Francisco 49ers,Garrett Wilson,NYJ,New York Jets,away,32,19,WR,0,0.0,0,0,0,0,0,0,0,0,0,11,6,60,0,0
2024,1,"76 degrees, relative humidity 60%, wind 10 mph",New York Jets,San Francisco 49ers,Tyler Conklin,NYJ,New York Jets,away,32,19,TE,0,0.0,0,0,0,0,0,0,0,0,0,2,1,6,0,0
2024,1,"76 degrees, relative humidity 60%, wind 10 mph",New York Jets,San Francisco 49ers,Tyrod Taylor,NYJ,New York Jets,away,32,19,QB,9,18.75,6,8,36,1,0,0,1,7,0,0,0,0,0,0
2024,1,"63 degrees, relative humidity 87%, wind 4 mph",Green Bay Packers,Philadelphia Eagles,A.J. Brown,PHI,Green Bay Packers,away,34,29,WR,0,0.0,0,0,0,0,0,0,0,0,0,10,5,119,1,0
2024,1,"63 degrees, relative humidity 87%, wind 4 mph",Green Bay Packers,Philadelphia Eagles,Dallas Goedert,PHI,Green Bay Packers,away,34,29,TE,0,0.0,0,0,0,0,0,0,0,0,0,5,4,31,0,0
2024,1,"63 degrees, relative humidity 87%, wind 4 mph",Green Bay Packers,Philadelphia Eagles,DeVonta Smith,PHI,Green Bay Packers,away,34,29,WR,0,0.0,0,0,0,0,0,0,0,0,0,8,7,84,0,0
2024,1,"63 degrees, relative humidity 87%, wind 4 mph",Green Bay Packers,Philadelphia Eagles,Grant Calcaterra,PHI,Green Bay Packers,away,34,29,TE,0,0.0,0,0,0,0,0,0,0,0,0,1,1,11,0,0
2024,1,"63 degrees, relative humidity 87%, wind 4 mph",Green Bay Packers,Philadelphia Eagles,Jahan Dotson,PHI,Green Bay Packers,away,34,29,WR,0,0.0,0,0,0,0,0,0,0,0,0,1,0,0,0,0
2024,1,"63 degrees, relative humidity 87%, wind 4 mph",Green Bay Packers,Philadelphia Eagles,Jalen Hurts,PHI,Green Bay Packers,away,34,29,QB,47,65.27777777777779,20,34,278,2,2,2,13,33,0,0,0,0,0,2
2024,1,"63 degrees, relative humidity 87%, wind 4 mph",Green Bay Packers,Philadelphia Eagles,Johnny Wilson,PHI,Green Bay Packers,away,34,29,WR,0,0.0,0,0,0,0,0,0,0,0,0,1,0,0,0,0
2024,1,"63 degrees, relative humidity 87%, wind 4 mph",Green Bay Packers,Philadelphia Eagles,Kenneth Gainwell,PHI,Green Bay Packers,away,34,29,RB,1,1.3888888888888888,0,0,0,0,0,0,1,2,0,1,1,10,0,0
2024,1,"63 degrees, relative humidity 87%, wind 4 mph",Green Bay Packers,Philadelphia Eagles,Saquon Barkley,PHI,Green Bay Packers,away,34,29,RB,24,33.33333333333333,0,0,0,0,0,0,24,109,2,2,2,23,1,0
2024,1,,Atlanta Falcons,Pittsburgh Steelers,Calvin Austin,PIT,Atlanta Falcons,away,18,10,UNK,0,0.0,0,0,0,0,0,0,0,0,0,2,1,7,0,0
2024,1,,Atlanta Falcons,Pittsburgh Steelers,Cordarrelle Patterson,PIT,Atlanta Falcons,away,18,10,RB,4,6.25,0,0,0,0,0,0,4,13,0,0,0,0,0,0
2024,1,,Atlanta Falcons,Pittsburgh Steelers,Darnell Washington,PIT,Atlanta Falcons,away,18,10,TE,0,0.0,0,0,0,0,0,0,0,0,0,1,1,5,0,0
2024,1,,Atlanta Falcons,Pittsburgh Steelers,George Pickens,PIT,Atlanta Falcons,away,18,10,WR,1,1.5625,0,0,0,0,0,0,1,-10,0,7,6,85,0,0
2024,1,,Atlanta Falcons,Pittsburgh Steelers,Jaylen Warren,PIT,Atlanta Falcons,away,18,10,RB,2,3.125,0,0,0,0,0,0,2,7,0,2,2,13,0,0
2024,1,,Atlanta Falcons,Pittsburgh Steelers,Justin Fields,PIT,Atlanta Falcons,away,18,10,QB,37,57.8125,17,23,156,0,0,2,14,57,0,0,0,0,0,1
2024,1,,Atlanta Falcons,Pittsburgh Steelers,MyCole Pruitt,PIT,Atlanta Falcons,away,18,10,TE,0,0.0,0,0,0,0,0,0,0,0,0,2,1,9,0,0
2024,1,,Atlanta Falcons,Pittsburgh Steelers,Najee Harris,PIT,Atlanta Falcons,away,18,10,RB,20,31.25,0,0,0,0,0,0,20,70,0,2,1,9,0,0
2024,1,,Atlanta Falcons,Pittsburgh Steelers,Pat Freiermuth,PIT,Atlanta Falcons,away,18,10,TE,0,0.0,0,0,0,0,0,0,0,0,0,4,4,27,0,0
2024,1,,Atlanta Falcons,Pittsburgh Steelers,Van Jefferson,PIT,Atlanta Falcons,away,18,10,WR,0,0.0,0,0,0,0,0,0,0,0,0,2,1,1,0,0
2024,1,"73 degrees, relative humidity 72%, wind 7 mph",Denver Broncos,Seattle Seahawks,D.K. Metcalf,SEA,Denver Broncos,away,26,20,WR,0,0.0,0,0,0,0,0,0,0,0,0,4,3,29,0,0
2024,1,"73 degrees, relative humidity 72%, wind 7 mph",Denver Broncos,Seattle Seahawks,Dareke Young,SEA,Denver Broncos,away,26,20,WR,0,0.0,0,0,0,0,0,0,0,0,0,1,0,0,0,0
2024,1,"73 degrees, relative humidity 72%, wind 7 mph",Denver Broncos,Seattle Seahawks,Geno Smith,SEA,Denver Broncos,away,26,20,QB,29,50.0,18,25,171,1,1,2,4,30,1,0,0,0,0,0
2024,1,"73 degrees, relative humidity 72%, wind 7 mph",Denver Broncos,Seattle Seahawks,Jaxon Smith-Njigba,SEA,Denver Broncos,away,26,20,WR,0,0.0,0,0,0,0,0,0,0,0,0,2,2,19,0,0
2024,1,"73 degrees, relative humidity 72%, wind 7 mph",Denver Broncos,Seattle Seahawks,Kenneth Walker,SEA,Denver Broncos,away,26,20,UNK,20,34.48275862068966,0,0,0,0,0,0,20,103,1,3,2,6,0,0
2024,1,"73 degrees, relative humidity 72%, wind 7 mph",Denver Broncos,Seattle Seahawks,Laviska Shenault Jr.,SEA,Denver Broncos,away,26,20,WR,1,1.7241379310344827,0,0,0,0,0,0,1,1,0,1,1,0,0,0
2024,1,"73 degrees, relative humidity 72%, wind 7 mph",Denver Broncos,Seattle Seahawks,Noah Fant,SEA,Denver Broncos,away,26,20,TE,0,0.0,0,0,0,0,0,0,0,0,0,4,2,11,0,0
2024,1,"73 degrees, relative humidity 72%, wind 7 mph",Denver Broncos,Seattle Seahawks,Tyler Lockett,SEA,Denver Broncos,away,26,20,WR,0,0.0,0,0,0,0,0,0,0,0,0,7,6,77,0,0
2024,1,"73 degrees, relative humidity 72%, wind 7 mph",Denver Broncos,Seattle Seahawks,Zach Charbonnet,SEA,Denver Broncos,away,26,20,RB,8,13.793103448275861,0,0,0,0,0,0,8,12,0,3,2,29,1,0
2024,1,"76 degrees, relative humidity 60%, wind 10 mph",New York Jets,San Francisco 49ers,Brandon Aiyuk,SFO,New York Jets,away,32,19,WR,0,0.0,0,0,0,0,0,0,0,0,0,5,2,28,0,0
2024,1,"76 degrees, relative humidity 60%, wind 10 mph",New York Jets,San Francisco 49ers,Brandon Allen,SFO,New York Jets,away,32,19,QB,1,1.4925373134328357,0,0,0,0,0,0,1,-1,0,0,0,0,0,0
2024,1,"76 degrees, relative humidity 60%, wind 10 mph",New York Jets,San Francisco 49ers,Brock Purdy,SFO,New York Jets,away,32,19,QB,30,44.776119402985074,19,29,231,0,0,2,1,11,0,0,0,0,0,0
2024,1,"76 degrees, relative humidity 60%, wind 10 mph",New York Jets,San Francisco 49ers,Deebo Samuel,SFO,New York Jets,away,32,19,WR,8,11.940298507462686,0,0,0,0,0,1,8,23,1,9,5,54,0,0
2024,1,"76 degrees, relative humidity 60%, wind 10 mph",New York Jets,San Francisco 49ers,Eric Saubert,SFO,New York Jets,away,32,19,TE,0,0.0,0,0,0,0,0,0,0,0,0,1,0,0,0,0
2024,1,"76 degrees, relative humidity 60%, wind 10 mph",New York Jets,San Francisco 49ers,George Kittle,SFO,New York Jets,away,32,19,TE,0,0.0,0,0,0,0,0,0,0,0,0,5,4,40,0,0
2024,1,"76 degrees, relative humidity 60%, wind 10 mph",New York Jets,San Francisco 49ers,Jauan Jennings,SFO,New York Jets,away,32,19,WR,0,0.0,0,0,0,0,0,0,0,0,0,5,5,64,0,0
2024,1,"76 degrees, relative humidity 60%, wind 10 mph",New York Jets,San Francisco 49ers,Jordan Mason,SFO,New York Jets,away,32,19,RB,28,41.7910447761194,0,0,0,0,0,0,28,147,1,1,1,5,0,0
2024,1,"76 degrees, relative humidity 60%, wind 10 mph",New York Jets,San Francisco 49ers,Kyle Juszczyk,SFO,New York Jets,away,32,19,FB,0,0.0,0,0,0,0,0,0,0,0,0,3,2,40,0,0
2024,1,"93 degrees, relative humidity 60%, wind 6 mph",Washington Commanders,Tampa Bay Buccaneers,Baker Mayfield,TAM,Washington Commanders,away,37,20,QB,33,55.00000000000001,24,30,289,4,0,1,3,21,0,0,0,0,0,0
2024,1,"93 degrees, relative humidity 60%, wind 6 mph",Washington Commanders,Tampa Bay Buccaneers,Bucky Irving,TAM,Washington Commanders,away,37,20,RB,9,15.0,0,0,0,0,0,0,9,62,0,3,2,14,0,0
2024,1,"93 degrees, relative humidity 60%, wind 6 mph",Washington Commanders,Tampa Bay Buccaneers,Cade Otton,TAM,Washington Commanders,away,37,20,TE,0,0.0,0,0,0,0,0,0,0,0,0,2,1,5,0,0
2024,1,"93 degrees, relative humidity 60%, wind 6 mph",Washington Commanders,Tampa Bay Buccaneers,Chris Godwin,TAM,Washington Commanders,away,37,20,WR,0,0.0,0,0,0,0,0,0,0,0,0,8,8,83,1,0
2024,1,"93 degrees, relative humidity 60%, wind 6 mph",Washington Commanders,Tampa Bay Buccaneers,Jalen McMillan,TAM,Washington Commanders,away,37,20,WR,0,0.0,0,0,0,0,0,0,0,0,0,3,1,32,1,0
2024,1,"93 degrees, relative humidity 60%, wind 6 mph",Washington Commanders,Tampa Bay Buccaneers,Kameron Johnson,TAM,Washington Commanders,away,37,20,WR,1,1.6666666666666667,0,0,0,0,0,0,1,0,0,0,0,0,0,0
2024,1,"93 degrees, relative humidity 60%, wind 6 mph",Washington Commanders,Tampa Bay Buccaneers,Kyle Trask,TAM,Washington Commanders,away,37,20,QB,2,3.3333333333333335,0,0,0,0,0,0,2,-2,0,0,0,0,0,0
2024,1,"93 degrees, relative humidity 60%, wind 6 mph",Washington Commanders,Tampa Bay Buccaneers,Mike Evans,TAM,Washington Commanders,away,37,20,WR,0,0.0,0,0,0,0,0,0,0,0,0,6,5,61,2,0
2024,1,"93 degrees, relative humidity 60%, wind 6 mph",Washington Commanders,Tampa Bay Buccaneers,Rachaad White,TAM,Washington Commanders,away,37,20,RB,15,25.0,0,0,0,0,0,0,15,31,0,6,6,75,0,0
2024,1,"93 degrees, relative humidity 60%, wind 6 mph",Washington Commanders,Tampa Bay Buccaneers,Trey Palmer,TAM,Washington Commanders,away,37,20,WR,0,0.0,0,0,0,0,0,0,0,0,0,2,1,19,0,0
2024,1,"67 degrees, relative humidity 43%, wind 8 mph",Tennessee Titans,Chicago Bears,Calvin Ridley,TEN,Tennessee Titans,away,24,17,WR,0,0.0,0,0,0,0,0,0,0,0,0,7,3,50,0,0
2024,1,"67 degrees, relative humidity 43%, wind 8 mph",Tennessee Titans,Chicago Bears,Chigoziem Okonkwo,TEN,Tennessee Titans,away,24,17,TE,0,0.0,0,0,0,0,0,0,0,0,0,2,2,15,1,0
2024,1,"67 degrees, relative humidity 43%, wind 8 mph",Tennessee Titans,Chicago Bears,DeAndre Hopkins,TEN,Tennessee Titans,away,24,17,WR,0,0.0,0,0,0,0,0,0,0,0,0,1,1,8,0,0
2024,1,"67 degrees, relative humidity 43%, wind 8 mph",Tennessee Titans,Chicago Bears,Nick Vannett,TEN,Tennessee Titans,away,24,17,TE,0,0.0,0,0,0,0,0,0,0,0,0,2,2,11,0,0
2024,1,"67 degrees, relative humidity 43%, wind 8 mph",Tennessee Titans,Chicago Bears,Tony Pollard,TEN,Tennessee Titans,away,24,17,RB,16,27.586206896551722,0,0,0,0,0,0,16,82,1,4,3,12,0,0
2024,1,"67 degrees, relative humidity 43%, wind 8 mph",Tennessee Titans,Chicago Bears,Treylon Burks,TEN,Tennessee Titans,away,24,17,WR,2,3.4482758620689653,0,0,0,0,0,0,2,1,0,2,1,2,0,0
2024,1,"67 degrees, relative humidity 43%, wind 8 mph",Tennessee Titans,Chicago Bears,Tyjae Spears,TEN,Tennessee Titans,away,24,17,RB,4,6.896551724137931,0,0,0,0,0,0,4,21,0,4,4,11,0,0
2024,1,"67 degrees, relative humidity 43%, wind 8 mph",Tennessee Titans,Chicago Bears,Tyler Boyd,TEN,Tennessee Titans,away,24,17,WR,0,0.0,0,0,0,0,0,0,0,0,0,5,3,18,0,0
2024,1,"67 degrees, relative humidity 43%, wind 8 mph",Tennessee Titans,Chicago Bears,Will Levis,TEN,Tennessee Titans,away,24,17,QB,36,62.06896551724138,19,32,127,1,2,3,4,36,0,0,0,0,0,1
2024,1,"93 degrees, relative humidity 60%, wind 6 mph",Washington Commanders,Tampa Bay Buccaneers,Austin Ekeler,WAS,Washington Commanders,away,37,20,RB,2,3.7037037037037033,0,0,0,0,0,0,2,10,0,4,4,52,0,0
2024,1,"93 degrees, relative humidity 60%, wind 6 mph",Washington Commanders,Tampa Bay Buccaneers,Brian Robinson Jr.,WAS,Washington Commanders,away,37,20,RB,12,22.22222222222222,0,0,0,0,0,0,12,40,1,4,3,49,0,0
2024,1,"93 degrees, relative humidity 60%, wind 6 mph",Washington Commanders,Tampa Bay Buccaneers,Jamison Crowder,WAS,Washington Commanders,away,37,20,WR,0,0.0,0,0,0,0,0,0,0,0,0,1,1,5,0,0
2024,1,"93 degrees, relative humidity 60%, wind 6 mph",Washington Commanders,Tampa Bay Buccaneers,Jayden Daniels,WAS,Washington Commanders,away,37,20,QB,40,74.07407407407408,17,24,184,0,0,2,16,88,2,0,0,0,0,3
2024,1,"93 degrees, relative humidity 60%, wind 6 mph",Washington Commanders,Tampa Bay Buccaneers,John Bates,WAS,Washington Commanders,away,37,20,TE,0,0.0,0,0,0,0,0,0,0,0,0,1,0,0,0,0
2024,1,"93 degrees, relative humidity 60%, wind 6 mph",Washington Commanders,Tampa Bay Buccaneers,Luke McCaffrey,WAS,Washington Commanders,away,37,20,WR,0,0.0,0,0,0,0,0,0,0,0,0,3,3,18,0,0
2024,1,"93 degrees, relative humidity 60%, wind 6 mph",Washington Commanders,Tampa Bay Buccaneers,Olamide Zaccheaus,WAS,Washington Commanders,away,37,20,WR,0,0.0,0,0,0,0,0,0,0,0,0,3,1,15,0,0
2024,1,"93 degrees, relative humidity 60%, wind 6 mph",Washington Commanders,Tampa Bay Buccaneers,Terry McLaurin,WAS,Washington Commanders,away,37,20,WR,0,0.0,0,0,0,0,0,0,0,0,0,4,2,17,0,0
2024,1,"93 degrees, relative humidity 60%, wind 6 mph",Washington Commanders,Tampa Bay Buccaneers,Zach Ertz,WAS,Washington Commanders,away,37,20,TE,0,0.0,0,0,0,0,0,0,0,0,0,4,3,28,0,0
2024,2,,Los Angeles Rams,Arizona Cardinals,Clayton Tune,ARI,Los Angeles Rams,away,41,10,QB,1,1.639344262295082,0,0,0,0,0,0,1,-6,0,0,0,0,0,1
2024,2,,Los Angeles Rams,Arizona Cardinals,Elijah Higgins,ARI,Los Angeles Rams,away,41,10,TE,0,0.0,0,0,0,0,0,0,0,0,0,1,1,18,1,0
2024,2,,Los Angeles Rams,Arizona Cardinals,Emari Demercado,ARI,Los Angeles Rams,away,41,10,RB,2,3.278688524590164,0,0,0,0,0,0,2,46,0,0,0,0,0,0
2024,2,,Los Angeles Rams,Arizona Cardinals,Greg Dortch,ARI,Los Angeles Rams,away,41,10,WR,0,0.0,0,0,0,0,0,0,0,0,0,2,2,11,0,0
2024,2,,Los Angeles Rams,Arizona Cardinals,James Conner,ARI,Los Angeles Rams,away,41,10,RB,21,34.42622950819672,0,0,0,0,0,0,21,122,1,1,1,2,0,1
2024,2,,Los Angeles Rams,Arizona Cardinals,Kyler Murray,ARI,Los Angeles Rams,away,41,10,QB,26,42.62295081967213,17,21,266,3,0,1,5,59,0,0,0,0,0,0
2024,2,,Los Angeles Rams,Arizona Cardinals,Marvin Harrison Jr.,ARI,Los Angeles Rams,away,41,10,WR,0,0.0,0,0,0,0,0,0,0,0,0,8,4,130,2,0
2024,2,,Los Angeles Rams,Arizona Cardinals,Michael Wilson,ARI,Los Angeles Rams,away,41,10,WR,0,0.0,0,0,0,0,0,0,0,0,0,2,2,31,0,0
2024,2,,Los Angeles Rams,Arizona Cardinals,Trey Benson,ARI,Los Angeles Rams,away,41,10,RB,11,18.0327868852459,0,0,0,0,0,0,11,10,0,1,1,7,0,0
2024,2,,Los Angeles Rams,Arizona Cardinals,Trey McBride,ARI,Los Angeles Rams,away,41,10,TE,0,0.0,0,0,0,0,0,0,0,0,0,6,6,67,0,0
2024,2,"71 degrees, relative humidity 72%, wind 9 mph",Philadelphia Eagles,Atlanta Falcons,Bijan Robinson,ATL,Philadelphia Eagles,away,22,21,RB,14,24.561403508771928,0,0,0,0,0,0,14,97,0,5,4,25,0,0
2024,2,"71 degrees, relative humidity 72%, wind 9 mph",Philadelphia Eagles,Atlanta Falcons,Darnell Mooney,ATL,Philadelphia Eagles,away,22,21,WR,0,0.0,0,0,0,0,0,0,0,0,0,7,3,88,1,0
2024,2,"71 degrees, relative humidity 72%, wind 9 mph",Philadelphia Eagles,Atlanta Falcons,Drake London,ATL,Philadelphia Eagles,away,22,21,WR,0,0.0,0,0,0,0,0,0,0,0,0,7,6,54,1,0
2024,2,"71 degrees, relative humidity 72%, wind 9 mph",Philadelphia Eagles,Atlanta Falcons,Kirk Cousins,ATL,Philadelphia Eagles,away,22,21,QB,33,57.89473684210527,20,29,241,2,0,1,4,-1,0,0,0,0,0,1
2024,2,"71 degrees, relative humidity 72%, wind 9 mph",Philadelphia Eagles,Atlanta Falcons,Kyle Pitts,ATL,Philadelphia Eagles,away,22,21,TE,0,0.0,0,0,0,0,0,0,0,0,0,4,3,20,0,0
2024,2,"71 degrees, relative humidity 72%, wind 9 mph",Philadelphia Eagles,Atlanta Falcons,Ray-Ray McCloud,ATL,Philadelphia Eagles,away,22,21,WR,1,1.7543859649122806,0,0,0,0,0,0,1,3,0,5,3,42,0,0
2024,2,"71 degrees, relative humidity 72%, wind 9 mph",Philadelphia Eagles,Atlanta Falcons,Tyler Allgeier,ATL,Philadelphia Eagles,away,22,21,RB,9,15.789473684210526,0,0,0,0,0,0,9,53,0,1,1,12,0,0
2024,2,"76 degrees, relative humidity 64%, wind 10 mph",Baltimore Ravens,Las Vegas Raiders,Charlie Kolar,BAL,Baltimore Ravens,away,26,23,TE,0,0.0,0,0,0,0,0,0,0,0,0,1,1,4,0,0
2024,2,"76 degrees, relative humidity 64%, wind 10 mph",Baltimore Ravens,Las Vegas Raiders,Derrick Henry,BAL,Baltimore Ravens,away,26,23,RB,18,29.508196721311474,0,0,0,0,0,0,18,84,1,1,1,12,0,0
2024,2,"76 degrees, relative humidity 64%, wind 10 mph",Baltimore Ravens,Las Vegas Raiders,Isaiah Likely,BAL,Baltimore Ravens,away,26,23,TE,0,0.0,0,0,0,0,0,0,0,0,0,3,2,26,0,0
2024,2,"76 degrees, relative humidity 64%, wind 10 mph",Baltimore Ravens,Las Vegas Raiders,Justice Hill,BAL,Baltimore Ravens,away,26,23,RB,4,6.557377049180328,0,0,0,0,0,0,4,22,0,2,2,10,0,0
2024,2,"76 degrees, relative humidity 64%, wind 10 mph",Baltimore Ravens,Las Vegas Raiders,Lamar Jackson,BAL,Baltimore Ravens,away,26,23,QB,39,63.934426229508205,21,34,247,1,1,2,5,45,0,0,0,0,0,0
2024,2,"76 degrees, relative humidity 64%, wind 10 mph",Baltimore Ravens,Las Vegas Raiders,Mark Andrews,BAL,Baltimore Ravens,away,26,23,TE,0,0.0,0,0,0,0,0,0,0,0,0,5,4,51,0,0
2024,2,"76 degrees, relative humidity 64%, wind 10 mph",Baltimore Ravens,Las Vegas Raiders,Nelson Agholor,BAL,Baltimore Ravens,away,26,23,WR,0,0.0,0,0,0,0,0,0,0,0,0,3,1,13,0,0
2024,2,"76 degrees, relative humidity 64%, wind 10 mph",Baltimore Ravens,Las Vegas Raiders,Patrick Ricard,BAL,Baltimore Ravens,away,26,23,FB,0,0.0,0,0,0,0,0,0,0,0,0,1,0,0,0,0
2024,2,"76 degrees, relative humidity 64%, wind 10 mph",Baltimore Ravens,Las Vegas Raiders,Rashod Bateman,BAL,Baltimore Ravens,away,26,23,WR,0,0.0,0,0,0,0,0,0,0,0,0,4,3,40,0,0
2024,2,"76 degrees, relative humidity 64%, wind 10 mph",Baltimore Ravens,Las Vegas Raiders,Zay Flowers,BAL,Baltimore Ravens,away,26,23,WR,0,0.0,0,0,0,0,0,0,0,0,0,11,7,91,1,0
2024,2,"86 degrees, relative humidity 79%, wind 3 mph",Miami Dolphins,Buffalo Bills,Curtis Samuel,BUF,Miami Dolphins,away,31,10,WR,0,0.0,0,0,0,0,0,0,0,0,0,2,1,3,0,0
2024,2,"86 degrees, relative humidity 79%, wind 3 mph",Miami Dolphins,Buffalo Bills,Dalton Kincaid,BUF,Miami Dolphins,away,31,10,TE,0,0.0,0,0,0,0,0,0,0,0,0,4,4,33,0,0
2024,2,"86 degrees, relative humidity 79%, wind 3 mph",Miami Dolphins,Buffalo Bills,James Cook,BUF,Miami Dolphins,away,31,10,RB,11,24.444444444444443,0,0,0,0,0,0,11,78,2,1,1,17,1,0
2024,2,"86 degrees, relative humidity 79%, wind 3 mph",Miami Dolphins,Buffalo Bills,Josh Allen,BUF,Miami Dolphins,away,31,10,QB,21,46.666666666666664,13,19,139,1,0,0,2,2,0,0,0,0,0,1
2024,2,"86 degrees, relative humidity 79%, wind 3 mph",Miami Dolphins,Buffalo Bills,Keon Coleman,BUF,Miami Dolphins,away,31,10,WR,0,0.0,0,0,0,0,0,0,0,0,0,1,0,0,0,0
2024,2,"86 degrees, relative humidity 79%, wind 3 mph",Miami Dolphins,Buffalo Bills,Khalil Shakir,BUF,Miami Dolphins,away,31,10,WR,1,2.2222222222222223,0,0,0,0,0,0,1,2,0,5,5,54,0,0
2024,2,"86 degrees, relative humidity 79%, wind 3 mph",Miami Dolphins,Buffalo Bills,Mack Hollins,BUF,Miami Dolphins,away,31,10,WR,0,0.0,0,0,0,0,0,0,0,0,0,1,0,0,0,0
2024,2,"86 degrees, relative humidity 79%, wind 3 mph",Miami Dolphins,Buffalo Bills,Marquez Valdes-Scantling,BUF,Miami Dolphins,away,31,10,WR,0,0.0,0,0,0,0,0,0,0,0,0,1,0,0,0,0
2024,2,"86 degrees, relative humidity 79%, wind 3 mph",Miami Dolphins,Buffalo Bills,Mitchell Trubisky,BUF,Miami Dolphins,away,31,10,QB,2,4.444444444444445,0,0,0,0,0,0,2,-2,0,0,0,0,0,0
2024,2,"86 degrees, relative humidity 79%, wind 3 mph",Miami Dolphins,Buffalo Bills,Ray Davis,BUF,Miami Dolphins,away,31,10,RB,9,20.0,0,0,0,0,0,0,9,29,0,1,1,-1,0,0
2024,2,"86 degrees, relative humidity 79%, wind 3 mph",Miami Dolphins,Buffalo Bills,Ty Johnson,BUF,Miami Dolphins,away,31,10,RB,1,2.2222222222222223,0,0,0,0,0,0,1,-1,0,2,1,33,0,0
2024,2,"78 degrees, relative humidity 66%, wind 13 mph",Carolina Panthers,Los Angeles Chargers,Adam Thielen,CAR,Carolina Panthers,away,26,3,WR,0,0.0,0,0,0,0,0,0,0,0,0,3,2,20,0,0
2024,2,"78 degrees, relative humidity 66%, wind 13 mph",Carolina Panthers,Los Angeles Chargers,Bryce Young,CAR,Carolina Panthers,away,26,3,QB,27,61.36363636363637,18,26,84,0,1,2,1,6,0,0,0,0,0,0
2024,2,"78 degrees, relative humidity 66%, wind 13 mph",Carolina Panthers,Los Angeles Chargers,Chuba Hubbard,CAR,Carolina Panthers,away,26,3,RB,10,22.727272727272727,0,0,0,0,0,0,10,64,0,5,4,12,0,0
2024,2,"78 degrees, relative humidity 66%, wind 13 mph",Carolina Panthers,Los Angeles Chargers,David Moore,CAR,Carolina Panthers,away,26,3,WR,0,0.0,0,0,0,0,0,0,0,0,0,1,0,0,0,0
2024,2,"78 degrees, relative humidity 66%, wind 13 mph",Carolina Panthers,Los Angeles Chargers,Diontae Johnson,CAR,Carolina Panthers,away,26,3,WR,0,0.0,0,0,0,0,0,0,0,0,0,6,3,15,0,0
2024,2,"78 degrees, relative humidity 66%, wind 13 mph",Carolina Panthers,Los Angeles Chargers,Ja'Tavion Sanders,CAR,Carolina Panthers,away,26,3,TE,0,0.0,0,0,0,0,0,0,0,0,0,2,2,8,0,0
2024,2,"78 degrees, relative humidity 66%, wind 13 mph",Carolina Panthers,Los Angeles Chargers,Jonathan Mingo,CAR,Carolina Panthers,away,26,3,WR,0,0.0,0,0,0,0,0,0,0,0,0,2,1,1,0,0
2024,2,"78 degrees, relative humidity 66%, wind 13 mph",Carolina Panthers,Los Angeles Chargers,Miles Sanders,CAR,Carolina Panthers,away,26,3,RB,7,15.909090909090908,0,0,0,0,0,0,7,20,0,3,3,5,0,0
2024,2,"78 degrees, relative humidity 66%, wind 13 mph",Carolina Panthers,Los Angeles Chargers,Tommy Tremble,CAR,Carolina Panthers,away,26,3,TE,0,0.0,0,0,0,0,0,0,0,0,0,4,3,23,0,0
2024,2,,Chicago Bears,Houston Texans,Caleb Williams,CHI,Chicago Bears,away,19,13,QB,42,71.1864406779661,23,37,174,0,2,7,5,44,0,0,0,0,0,0
2024,2,,Chicago Bears,Houston Texans,Cole Kmet,CHI,Chicago Bears,away,19,13,TE,0,0.0,0,0,0,0,0,0,0,0,0,5,4,27,0,0
2024,2,,Chicago Bears,Houston Texans,D'Andre Swift,CHI,Chicago Bears,away,19,13,RB,14,23.728813559322035,0,0,0,0,0,0,14,18,0,5,4,24,0,0
2024,2,,Chicago Bears,Houston Texans,D.J. Moore,CHI,Chicago Bears,away,19,13,WR,0,0.0,0,0,0,0,0,0,0,0,0,10,6,53,0,0
2024,2,,Chicago Bears,Houston Texans,DeAndre Carter,CHI,Chicago Bears,away,19,13,WR,0,0.0,0,0,0,0,0,0,0,0,0,4,3,32,0,0
2024,2,,Chicago Bears,Houston Texans,Gerald Everett,CHI,Chicago Bears,away,19,13,TE,0,0.0,0,0,0,0,0,0,0,0,0,3,2,1,0,0
2024,2,,Chicago Bears,Houston Texans,Khalil Herbert,CHI,Chicago Bears,away,19,13,RB,2,3.389830508474576,0,0,0,0,0,0,2,3,1,2,2,4,0,0
2024,2,,Chicago Bears,Houston Texans,Rome Odunze,CHI,Chicago Bears,away,19,13,WR,0,0.0,0,0,0,0,0,0,0,0,0,5,2,33,0,0
2024,2,,Chicago Bears,Houston Texans,Travis Homer,CHI,Chicago Bears,away,19,13,RB,1,1.694915254237288,0,0,0,0,0,0,1,6,0,0,0,0,0,0
2024,2,"89 degrees, relative humidity 44%, wind 8 mph",Cincinnati Bengals,Kansas City Chiefs,Andrei Iosivas,CIN,Cincinnati Bengals,away,26,25,WR,0,0.0,0,0,0,0,0,0,0,0,0,4,2,7,2,0
2024,2,"89 degrees, relative humidity 44%, wind 8 mph",Cincinnati Bengals,Kansas City Chiefs,Chase Brown,CIN,Cincinnati Bengals,away,26,25,RB,4,6.896551724137931,0,0,0,0,0,0,4,31,0,0,0,0,0,0
2024,2,"89 degrees, relative humidity 44%, wind 8 mph",Cincinnati Bengals,Kansas City Chiefs,Drew Sample,CIN,Cincinnati Bengals,away,26,25,TE,0,0.0,0,0,0,0,0,0,0,0,0,3,3,28,0,1
2024,2,"89 degrees, relative humidity 44%, wind 8 mph",Cincinnati Bengals,Kansas City Chiefs,Erick All,CIN,Cincinnati Bengals,away,26,25,TE,0,0.0,0,0,0,0,0,0,0,0,0,4,4,32,0,0
2024,2,"89 degrees, relative humidity 44%, wind 8 mph",Cincinnati Bengals,Kansas City Chiefs,Ja'Marr Chase,CIN,Cincinnati Bengals,away,26,25,WR,0,0.0,0,0,0,0,0,0,0,0,0,5,4,35,0,0
2024,2,"89 degrees, relative humidity 44%, wind 8 mph",Cincinnati Bengals,Kansas City Chiefs,Jermaine Burton,CIN,Cincinnati Bengals,away,26,25,WR,0,0.0,0,0,0,0,0,0,0,0,0,2,1,47,0,0
2024,2,"89 degrees, relative humidity 44%, wind 8 mph",Cincinnati Bengals,Kansas City Chiefs,Joe Burrow,CIN,Cincinnati Bengals,away,26,25,QB,42,72.41379310344827,23,36,258,2,0,3,6,9,0,0,0,0,0,2
2024,2,"89 degrees, relative humidity 44%, wind 8 mph",Cincinnati Bengals,Kansas City Chiefs,Mike Gesicki,CIN,Cincinnati Bengals,away,26,25,TE,0,0.0,0,0,0,0,0,0,0,0,0,9,7,91,0,0
2024,2,"89 degrees, relative humidity 44%, wind 8 mph",Cincinnati Bengals,Kansas City Chiefs,Trenton Irwin,CIN,Cincinnati Bengals,away,26,25,WR,0,0.0,0,0,0,0,0,0,0,0,0,6,1,5,0,0
2024,2,"89 degrees, relative humidity 44%, wind 8 mph",Cincinnati Bengals,Kansas City Chiefs,Zack Moss,CIN,Cincinnati Bengals,away,26,25,RB,12,20.689655172413794,0,0,0,0,0,0,12,34,0,1,1,13,0,0
2024,2,"80 degrees, relative humidity 78%, wind 12 mph",Jacksonville Jaguars,Cleveland Browns,Amari Cooper,CLE,Jacksonville Jaguars,away,18,13,WR,0,0.0,0,0,0,0,0,0,0,0,0,8,3,11,0,0
2024,2,"80 degrees, relative humidity 78%, wind 12 mph",Jacksonville Jaguars,Cleveland Browns,Cedric Tillman,CLE,Jacksonville Jaguars,away,18,13,WR,0,0.0,0,0,0,0,0,0,0,0,0,2,1,2,0,0
2024,2,"80 degrees, relative humidity 78%, wind 12 mph",Jacksonville Jaguars,Cleveland Browns,D'Onta Foreman,CLE,Jacksonville Jaguars,away,18,13,RB,14,22.22222222222222,0,0,0,0,0,0,14,42,0,1,1,9,0,1
2024,2,"80 degrees, relative humidity 78%, wind 12 mph",Jacksonville Jaguars,Cleveland Browns,David Bell,CLE,Jacksonville Jaguars,away,18,13,WR,0,0.0,0,0,0,0,0,0,0,0,0,3,3,27,0,0
2024,2,"80 degrees, relative humidity 78%, wind 12 mph",Jacksonville Jaguars,Cleveland Browns,Deshaun Watson,CLE,Jacksonville Jaguars,away,18,13,QB,39,61.904761904761905,22,34,186,0,0,2,5,20,1,0,0,0,0,0
2024,2,"80 degrees, relative humidity 78%, wind 12 mph",Jacksonville Jaguars,Cleveland Browns,Elijah Moore,CLE,Jacksonville Jaguars,away,18,13,WR,0,0.0,0,0,0,0,0,0,0,0,0,8,6,44,0,0
2024,2,"80 degrees, relative humidity 78%, wind 12 mph",Jacksonville Jaguars,Cleveland Browns,Jameis Winston,CLE,Jacksonville Jaguars,away,18,13,QB,2,3.1746031746031744,0,0,0,0,0,0,2,4,0,0,0,0,0,0
2024,2,"80 degrees, relative humidity 78%, wind 12 mph",Jacksonville Jaguars,Cleveland Browns,Jerome Ford,CLE,Jacksonville Jaguars,away,18,13,RB,7,11.11111111111111,0,0,0,0,0,0,7,64,0,2,1,0,0,0
2024,2,"80 degrees, relative humidity 78%, wind 12 mph",Jacksonville Jaguars,Cleveland Browns,Jerry Jeudy,CLE,Jacksonville Jaguars,away,18,13,WR,0,0.0,0,0,0,0,0,0,0,0,0,6,5,73,0,0
2024,2,"80 degrees, relative humidity 78%, wind 12 mph",Jacksonville Jaguars,Cleveland Browns,Jordan Akins,CLE,Jacksonville Jaguars,away,18,13,TE,0,0.0,0,0,0,0,0,0,0,0,0,1,1,10,0,0
2024,2,"80 degrees, relative humidity 78%, wind 12 mph",Jacksonville Jaguars,Cleveland Browns,Pierre Strong,CLE,Jacksonville Jaguars,away,18,13,RB,1,1.5873015873015872,0,0,0,0,0,0,1,-5,0,2,1,10,0,0
2024,2,,Dallas Cowboys,New Orleans Saints,Brandin Cooks,DAL,Dallas Cowboys,away,44,19,WR,1,1.5873015873015872,0,0,0,0,0,0,1,-3,0,2,2,19,0,0
2024,2,,Dallas Cowboys,New Orleans Saints,Brevyn Spann-Ford,DAL,Dallas Cowboys,away,44,19,TE,0,0.0,0,0,0,0,0,0,0,0,0,1,0,0,0,0
2024,2,,Dallas Cowboys,New Orleans Saints,CeeDee Lamb,DAL,Dallas Cowboys,away,44,19,WR,0,0.0,0,0,0,0,0,0,0,0,0,7,4,90,1,0
2024,2,,Dallas Cowboys,New Orleans Saints,Cooper Rush,DAL,Dallas Cowboys,away,44,19,QB,3,4.761904761904762,1,3,6,0,0,0,0,0,0,0,0,0,0,0
2024,2,,Dallas Cowboys,New Orleans Saints,Dak Prescott,DAL,Dallas Cowboys,away,44,19,QB,41,65.07936507936508,27,39,293,1,2,3,2,12,0,0,0,0,0,1
2024,2,,Dallas Cowboys,New Orleans Saints,Deuce Vaughn,DAL,Dallas Cowboys,away,44,19,RB,4,6.349206349206349,0,0,0,0,0,0,4,11,0,1,1,6,0,0
2024,2,,Dallas Cowboys,New Orleans Saints,Ezekiel Elliott,DAL,Dallas Cowboys,away,44,19,RB,6,9.523809523809524,0,0,0,0,0,0,6,16,0,3,2,16,0,0
2024,2,,Dallas Cowboys,New Orleans Saints,Jalen Brooks,DAL,Dallas Cowboys,away,44,19,WR,0,0.0,0,0,0,0,0,0,0,0,0,3,1,10,0,0
2024,2,,Dallas Cowboys,New Orleans Saints,Jalen Tolbert,DAL,Dallas Cowboys,away,44,19,WR,0,0.0,0,0,0,0,0,0,0,0,0,9,6,82,0,0
2024,2,,Dallas Cowboys,New Orleans Saints,KaVontae Turpin,DAL,Dallas Cowboys,away,44,19,WR,1,1.5873015873015872,0,0,0,0,0,0,1,2,0,4,2,4,0,0
2024,2,,Dallas Cowboys,New Orleans Saints,Luke Schoonmaker,DAL,Dallas Cowboys,away,44,19,TE,0,0.0,0,0,0,0,0,0,0,0,0,6,6,43,0,0
2024,2,,Dallas Cowboys,New Orleans Saints,Rico Dowdle,DAL,Dallas Cowboys,away,44,19,RB,7,11.11111111111111,0,0,0,0,0,0,7,30,0,5,4,29,0,0
2024,2,"83 degrees, relative humidity 17%, wind 4 mph",Denver Broncos,Pittsburgh Steelers,Bo Nix,DEN,Denver Broncos,away,13,6,QB,39,72.22222222222221,20,35,246,0,2,2,4,25,0,0,0,0,0,0
2024,2,"83 degrees, relative humidity 17%, wind 4 mph",Denver Broncos,Pittsburgh Steelers,Courtland Sutton,DEN,Denver Broncos,away,13,6,WR,0,0.0,0,0,0,0,0,0,0,0,0,4,1,26,0,0
2024,2,"83 degrees, relative humidity 17%, wind 4 mph",Denver Broncos,Pittsburgh Steelers,Greg Dulcich,DEN,Denver Broncos,away,13,6,TE,0,0.0,0,0,0,0,0,0,0,0,0,8,3,16,0,0
2024,2,"83 degrees, relative humidity 17%, wind 4 mph",Denver Broncos,Pittsburgh Steelers,Jaleel McLaughlin,DEN,Denver Broncos,away,13,6,RB,3,5.555555555555555,0,0,0,0,0,0,3,6,0,0,0,0,0,0
2024,2,"83 degrees, relative humidity 17%, wind 4 mph",Denver Broncos,Pittsburgh Steelers,Javonte Williams,DEN,Denver Broncos,away,13,6,RB,11,20.37037037037037,0,0,0,0,0,0,11,17,0,5,5,48,0,0
2024,2,"83 degrees, relative humidity 17%, wind 4 mph",Denver Broncos,Pittsburgh Steelers,Josh Reynolds,DEN,Denver Broncos,away,13,6,WR,0,0.0,0,0,0,0,0,0,0,0,0,5,4,93,0,0
2024,2,"83 degrees, relative humidity 17%, wind 4 mph",Denver Broncos,Pittsburgh Steelers,Lil'Jordan Humphrey,DEN,Denver Broncos,away,13,6,WR,0,0.0,0,0,0,0,0,0,0,0,0,5,4,50,0,0
2024,2,"83 degrees, relative humidity 17%, wind 4 mph",Denver Broncos,Pittsburgh Steelers,Marvin Mims,DEN,Denver Broncos,away,13,6,WR,0,0.0,0,0,0,0,0,0,0,0,0,2,1,10,0,0
2024,2,"83 degrees, relative humidity 17%, wind 4 mph",Denver Broncos,Pittsburgh Steelers,Michael Burton,DEN,Denver Broncos,away,13,6,FB,0,0.0,0,0,0,0,0,0,0,0,0,1,1,1,0,0
2024,2,"83 degrees, relative humidity 17%, wind 4 mph",Denver Broncos,Pittsburgh Steelers,Nate Adkins,DEN,Denver Broncos,away,13,6,TE,0,0.0,0,0,0,0,0,0,0,0,0,1,0,0,0,0
2024,2,"83 degrees, relative humidity 17%, wind 4 mph",Denver Broncos,Pittsburgh Steelers,Troy Franklin,DEN,Denver Broncos,away,13,6,WR,0,0.0,0,0,0,0,0,0,0,0,0,1,0,0,0,0
2024,2,"83 degrees, relative humidity 17%, wind 4 mph",Denver Broncos,Pittsburgh Steelers,Tyler Badie,DEN,Denver Broncos,away,13,6,RB,1,1.8518518518518516,0,0,0,0,0,0,1,16,0,1,1,2,0,0
2024,2,,Detroit Lions,Tampa Bay Buccaneers,Amon-Ra St. Brown,DET,Detroit Lions,away,20,16,WR,0,0.0,0,0,0,0,0,0,0,0,0,18,11,119,0,0
2024,2,,Detroit Lions,Tampa Bay Buccaneers,David Montgomery,DET,Detroit Lions,away,20,16,RB,11,13.253012048192772,0,0,0,0,0,0,11,35,1,4,4,35,0,0
2024,2,,Detroit Lions,Tampa Bay Buccaneers,Jack Fox,DET,Detroit Lions,away,20,16,P,1,1.2048192771084338,1,1,17,0,0,0,0,0,0,0,0,0,0,0
2024,2,,Detroit Lions,Tampa Bay Buccaneers,Jahmyr Gibbs,DET,Detroit Lions,away,20,16,RB,13,15.66265060240964,0,0,0,0,0,0,13,84,0,7,7,22,0,0
2024,2,,Detroit Lions,Tampa Bay Buccaneers,Jameson Williams,DET,Detroit Lions,away,20,16,WR,1,1.2048192771084338,0,0,0,0,0,0,1,15,0,11,5,79,0,0
2024,2,,Detroit Lions,Tampa Bay Buccaneers,Jared Goff,DET,Detroit Lions,away,20,16,QB,57,68.67469879518072,34,55,307,0,2,0,2,5,0,0,0,0,0,0
2024,2,,Detroit Lions,Tampa Bay Buccaneers,Kalif Raymond,DET,Detroit Lions,away,20,16,WR,0,0.0,0,0,0,0,0,0,0,0,0,4,3,27,0,0
2024,2,,Detroit Lions,Tampa Bay Buccaneers,Sam LaPorta,DET,Detroit Lions,away,20,16,TE,0,0.0,0,0,0,0,0,0,0,0,0,3,2,13,0,0
2024,2,,Detroit Lions,Tampa Bay Buccaneers,Sione Vaki,DET,Detroit Lions,away,20,16,RB,0,0.0,0,0,0,0,0,0,0,0,0,1,1,17,0,0
2024,2,,Detroit Lions,Tampa Bay Buccaneers,Tim Patrick,DET,Detroit Lions,away,20,16,WR,0,0.0,0,0,0,0,0,0,0,0,0,4,2,12,0,0
2024,2,,Detroit Lions,Tampa Bay Buccaneers,Tom Kennedy,DET,Detroit Lions,away,20,16,WR,0,0.0,0,0,0,0,0,0,0,0,0,1,0,0,0,0
2024,2,"85 degrees, relative humidity 58%, wind 7 mph",Indianapolis Colts,Green Bay Packers,Bo Melton,GNB,Indianapolis Colts,away,16,10,WR,2,2.9850746268656714,0,0,0,0,0,0,2,8,0,0,0,0,0,0
2024,2,"85 degrees, relative humidity 58%, wind 7 mph",Indianapolis Colts,Green Bay Packers,Dontayvion Wicks,GNB,Indianapolis Colts,away,16,10,WR,0,0.0,0,0,0,0,0,0,0,0,0,4,3,26,1,0
2024,2,"85 degrees, relative humidity 58%, wind 7 mph",Indianapolis Colts,Green Bay Packers,Emanuel Wilson,GNB,Indianapolis Colts,away,16,10,RB,5,7.462686567164178,0,0,0,0,0,0,5,9,0,0,0,0,0,0
2024,2,"85 degrees, relative humidity 58%, wind 7 mph",Indianapolis Colts,Green Bay Packers,Jayden Reed,GNB,Indianapolis Colts,away,16,10,WR,2,2.9850746268656714,0,0,0,0,0,0,2,37,0,2,2,9,0,1
2024,2,"85 degrees, relative humidity 58%, wind 7 mph",Indianapolis Colts,Green Bay Packers,Josh Jacobs,GNB,Indianapolis Colts,away,16,10,RB,32,47.76119402985074,0,0,0,0,0,0,32,151,0,0,0,0,0,1
2024,2,"85 degrees, relative humidity 58%, wind 7 mph",Indianapolis Colts,Green Bay Packers,Luke Musgrave,GNB,Indianapolis Colts,away,16,10,TE,0,0.0,0,0,0,0,0,0,0,0,0,1,1,6,0,0
2024,2,"85 degrees, relative humidity 58%, wind 7 mph",Indianapolis Colts,Green Bay Packers,Malik Willis,GNB,Indianapolis Colts,away,16,10,QB,20,29.850746268656714,12,14,122,1,0,0,6,41,0,0,0,0,0,0
2024,2,"85 degrees, relative humidity 58%, wind 7 mph",Indianapolis Colts,Green Bay Packers,MarShawn Lloyd,GNB,Indianapolis Colts,away,16,10,RB,6,8.955223880597014,0,0,0,0,0,0,6,15,0,1,1,3,0,0
2024,2,"85 degrees, relative humidity 58%, wind 7 mph",Indianapolis Colts,Green Bay Packers,Romeo Doubs,GNB,Indianapolis Colts,away,16,10,WR,0,0.0,0,0,0,0,0,0,0,0,0,3,3,62,0,0
2024,2,"85 degrees, relative humidity 58%, wind 7 mph",Indianapolis Colts,Green Bay Packers,Tucker Kraft,GNB,Indianapolis Colts,away,16,10,TE,0,0.0,0,0,0,0,0,0,0,0,0,2,2,16,0,0
2024,2,,Chicago Bears,Houston Texans,Brevin Jordan,HOU,Chicago Bears,away,19,13,TE,0,0.0,0,0,0,0,0,0,0,0,0,1,1,4,0,0
2024,2,,Chicago Bears,Houston Texans,C.J. Stroud,HOU,Chicago Bears,away,19,13,QB,37,63.793103448275865,23,36,260,1,0,3,1,-1,0,0,0,0,0,0
2024,2,,Chicago Bears,Houston Texans,Cade Stover,HOU,Chicago Bears,away,19,13,TE,0,0.0,0,0,0,0,0,0,0,0,0,1,1,18,0,0
2024,2,,Chicago Bears,Houston Texans,Cam Akers,HOU,Chicago Bears,away,19,13,RB,7,12.068965517241379,0,0,0,0,0,0,7,32,0,1,1,3,0,1
2024,2,,Chicago Bears,Houston Texans,Dalton Schultz,HOU,Chicago Bears,away,19,13,TE,0,0.0,0,0,0,0,0,0,0,0,0,3,2,21,0,0
2024,2,,Chicago Bears,Houston Texans,Dare Ogunbowale,HOU,Chicago Bears,away,19,13,RB,2,3.4482758620689653,0,0,0,0,0,0,2,3,0,2,2,20,0,0
2024,2,,Chicago Bears,Houston Texans,Joe Mixon,HOU,Chicago Bears,away,19,13,RB,9,15.517241379310345,0,0,0,0,0,0,9,25,0,5,3,25,0,0
2024,2,,Chicago Bears,Houston Texans,Nico Collins,HOU,Chicago Bears,away,19,13,WR,0,0.0,0,0,0,0,0,0,0,0,0,10,8,135,1,0
2024,2,,Chicago Bears,Houston Texans,Stefon Diggs,HOU,Chicago Bears,away,19,13,WR,0,0.0,0,0,0,0,0,0,0,0,0,6,4,37,0,0
2024,2,,Chicago Bears,Houston Texans,Tank Dell,HOU,Chicago Bears,away,19,13,WR,3,5.172413793103448,0,0,0,0,0,0,3,16,0,4,1,-3,0,0
2024,2,,Chicago Bears,Houston Texans,Xavier Hutchinson,HOU,Chicago Bears,away,19,13,WR,0,0.0,0,0,0,0,0,0,0,0,0,1,0,0,0,0
2024,2,"85 degrees, relative humidity 58%, wind 7 mph",Indianapolis Colts,Green Bay Packers,Adonai Mitchell,IND,Indianapolis Colts,away,16,10,WR,0,0.0,0,0,0,0,0,0,0,0,0,4,1,30,0,0
2024,2,"85 degrees, relative humidity 58%, wind 7 mph",Indianapolis Colts,Green Bay Packers,Alec Pierce,IND,Indianapolis Colts,away,16,10,WR,0,0.0,0,0,0,0,0,0,0,0,0,7,5,56,1,0
2024,2,"85 degrees, relative humidity 58%, wind 7 mph",Indianapolis Colts,Green Bay Packers,Andrew Ogletree,IND,Indianapolis Colts,away,16,10,TE,0,0.0,0,0,0,0,0,0,0,0,0,2,1,12,0,0
2024,2,"85 degrees, relative humidity 58%, wind 7 mph",Indianapolis Colts,Green Bay Packers,Anthony Richardson,IND,Indianapolis Colts,away,16,10,QB,38,73.07692307692307,17,34,204,1,3,1,4,37,0,0,0,0,0,2
2024,2,"85 degrees, relative humidity 58%, wind 7 mph",Indianapolis Colts,Green Bay Packers,Ashton Dulin,IND,Indianapolis Colts,away,16,10,WR,0,0.0,0,0,0,0,0,0,0,0,0,2,1,13,0,0
2024,2,"85 degrees, relative humidity 58%, wind 7 mph",Indianapolis Colts,Green Bay Packers,Jonathan Taylor,IND,Indianapolis Colts,away,16,10,RB,12,23.076923076923077,0,0,0,0,0,0,12,103,0,4,2,32,0,1
2024,2,"85 degrees, relative humidity 58%, wind 7 mph",Indianapolis Colts,Green Bay Packers,Kylen Granson,IND,Indianapolis Colts,away,16,10,TE,0,0.0,0,0,0,0,0,0,0,0,0,2,1,9,0,0
2024,2,"85 degrees, relative humidity 58%, wind 7 mph",Indianapolis Colts,Green Bay Packers,Michael Pittman Jr.,IND,Indianapolis Colts,away,16,10,WR,0,0.0,0,0,0,0,0,0,0,0,0,7,3,21,0,0
2024,2,"85 degrees, relative humidity 58%, wind 7 mph",Indianapolis Colts,Green Bay Packers,Mo Alie-Cox,IND,Indianapolis Colts,away,16,10,TE,0,0.0,0,0,0,0,0,0,0,0,0,1,1,22,0,0
2024,2,"85 degrees, relative humidity 58%, wind 7 mph",Indianapolis Colts,Green Bay Packers,Trey Sermon,IND,Indianapolis Colts,away,16,10,RB,2,3.8461538461538463,0,0,0,0,0,0,2,0,0,1,1,7,0,0
2024,2,"85 degrees, relative humidity 58%, wind 7 mph",Indianapolis Colts,Green Bay Packers,Tyler Goodson,IND,Indianapolis Colts,away,16,10,RB,0,0.0,0,0,0,0,0,0,0,0,0,1,1,2,0,0
2024,2,"80 degrees, relative humidity 78%, wind 12 mph",Jacksonville Jaguars,Cleveland Browns,Brenton Strange,JAX,Jacksonville Jaguars,away,18,13,TE,0,0.0,0,0,0,0,0,0,0,0,0,6,3,65,0,0
2024,2,"80 degrees, relative humidity 78%, wind 12 mph",Jacksonville Jaguars,Cleveland Browns,Brian Thomas,JAX,Jacksonville Jaguars,away,18,13,WR,0,0.0,0,0,0,0,0,0,0,0,0,4,2,94,0,0
2024,2,"80 degrees, relative humidity 78%, wind 12 mph",Jacksonville Jaguars,Cleveland Browns,Christian Kirk,JAX,Jacksonville Jaguars,away,18,13,WR,0,0.0,0,0,0,0,0,0,0,0,0,3,1,-1,0,0
2024,2,"80 degrees, relative humidity 78%, wind 12 mph",Jacksonville Jaguars,Cleveland Browns,D'Ernest Johnson,JAX,Jacksonville Jaguars,away,18,13,RB,5,9.803921568627452,0,0,0,0,0,0,5,26,0,0,0,0,0,0
2024,2,"80 degrees, relative humidity 78%, wind 12 mph",Jacksonville Jaguars,Cleveland Browns,Devin Duvernay,JAX,Jacksonville Jaguars,away,18,13,WR,1,1.9607843137254901,0,0,0,0,0,0,1,4,0,0,0,0,0,0
2024,2,"80 degrees, relative humidity 78%, wind 12 mph",Jacksonville Jaguars,Cleveland Browns,Gabriel Davis,JAX,Jacksonville Jaguars,away,18,13,WR,0,0.0,0,0,0,0,0,0,0,0,0,7,3,43,0,0
2024,2,"80 degrees, relative humidity 78%, wind 12 mph",Jacksonville Jaguars,Cleveland Browns,Luke Farrell,JAX,Jacksonville Jaguars,away,18,13,TE,0,0.0,0,0,0,0,0,0,0,0,0,2,2,13,0,0
2024,2,"80 degrees, relative humidity 78%, wind 12 mph",Jacksonville Jaguars,Cleveland Browns,Parker Washington,JAX,Jacksonville Jaguars,away,18,13,WR,0,0.0,0,0,0,0,0,0,0,0,0,1,0,0,0,0
2024,2,"80 degrees, relative humidity 78%, wind 12 mph",Jacksonville Jaguars,Cleveland Browns,Travis Etienne,JAX,Jacksonville Jaguars,away,18,13,RB,13,25.49019607843137,0,0,0,0,0,0,13,52,1,4,3,6,0,0
2024,2,"80 degrees, relative humidity 78%, wind 12 mph",Jacksonville Jaguars,Cleveland Browns,Trevor Lawrence,JAX,Jacksonville Jaguars,away,18,13,QB,32,62.745098039215684,14,30,220,0,0,4,2,45,0,0,0,0,0,1
2024,2,"89 degrees, relative humidity 44%, wind 8 mph",Cincinnati Bengals,Kansas City Chiefs,Carson Steele,KAN,Cincinnati Bengals,away,26,25,RB,7,12.280701754385964,0,0,0,0,0,0,7,24,0,0,0,0,0,1
2024,2,"89 degrees, relative humidity 44%, wind 8 mph",Cincinnati Bengals,Kansas City Chiefs,Isiah Pacheco,KAN,Cincinnati Bengals,away,26,25,RB,19,33.33333333333333,0,0,0,0,0,0,19,90,0,5,5,21,0,0
2024,2,"89 degrees, relative humidity 44%, wind 8 mph",Cincinnati Bengals,Kansas City Chiefs,Jared Wiley,KAN,Cincinnati Bengals,away,26,25,TE,0,0.0,0,0,0,0,0,0,0,0,0,1,1,7,0,0
2024,2,"89 degrees, relative humidity 44%, wind 8 mph",Cincinnati Bengals,Kansas City Chiefs,Justin Watson,KAN,Cincinnati Bengals,away,26,25,WR,0,0.0,0,0,0,0,0,0,0,0,0,2,2,22,0,0
2024,2,"89 degrees, relative humidity 44%, wind 8 mph",Cincinnati Bengals,Kansas City Chiefs,Patrick Mahomes,KAN,Cincinnati Bengals,away,26,25,QB,29,50.877192982456144,18,25,151,2,2,2,4,29,0,0,0,0,0,0
2024,2,"89 degrees, relative humidity 44%, wind 8 mph",Cincinnati Bengals,Kansas City Chiefs,Rashee Rice,KAN,Cincinnati Bengals,away,26,25,WR,0,0.0,0,0,0,0,0,0,0,0,0,6,5,75,1,0
2024,2,"89 degrees, relative humidity 44%, wind 8 mph",Cincinnati Bengals,Kansas City Chiefs,Samaje Perine,KAN,Cincinnati Bengals,away,26,25,RB,0,0.0,0,0,0,0,0,0,0,0,0,1,1,3,0,0
2024,2,"89 degrees, relative humidity 44%, wind 8 mph",Cincinnati Bengals,Kansas City Chiefs,Travis Kelce,KAN,Cincinnati Bengals,away,26,25,TE,1,1.7543859649122806,0,0,0,0,0,0,1,1,0,3,1,5,0,0
2024,2,"89 degrees, relative humidity 44%, wind 8 mph",Cincinnati Bengals,Kansas City Chiefs,Wanya Morris,KAN,Cincinnati Bengals,away,26,25,T,0,0.0,0,0,0,0,0,0,0,0,0,1,1,1,1,0
2024,2,"89 degrees, relative humidity 44%, wind 8 mph",Cincinnati Bengals,Kansas City Chiefs,Xavier Worthy,KAN,Cincinnati Bengals,away,26,25,WR,1,1.7543859649122806,0,0,0,0,0,0,1,5,0,4,2,17,0,0
2024,2,"78 degrees, relative humidity 66%, wind 13 mph",Carolina Panthers,Los Angeles Chargers,Eric Tomlinson,LAC,Carolina Panthers,away,26,3,TE,0,0.0,0,0,0,0,0,0,0,0,0,1,0,0,0,0
2024,2,"78 degrees, relative humidity 66%, wind 13 mph",Carolina Panthers,Los Angeles Chargers,Gus Edwards,LAC,Carolina Panthers,away,26,3,RB,18,28.125,0,0,0,0,0,0,18,59,0,0,0,0,0,0
2024,2,"78 degrees, relative humidity 66%, wind 13 mph",Carolina Panthers,Los Angeles Chargers,Hassan Haskins,LAC,Carolina Panthers,away,26,3,RB,3,4.6875,0,0,0,0,0,0,3,11,0,0,0,0,0,0
2024,2,"78 degrees, relative humidity 66%, wind 13 mph",Carolina Panthers,Los Angeles Chargers,Hayden Hurst,LAC,Carolina Panthers,away,26,3,TE,0,0.0,0,0,0,0,0,0,0,0,0,2,1,5,0,0
2024,2,"78 degrees, relative humidity 66%, wind 13 mph",Carolina Panthers,Los Angeles Chargers,J.K. Dobbins,LAC,Carolina Panthers,away,26,3,RB,17,26.5625,0,0,0,0,0,0,17,131,1,1,1,0,0,0
2024,2,"78 degrees, relative humidity 66%, wind 13 mph",Carolina Panthers,Los Angeles Chargers,Josh Palmer,LAC,Carolina Panthers,away,26,3,WR,0,0.0,0,0,0,0,0,0,0,0,0,2,2,19,0,0
2024,2,"78 degrees, relative humidity 66%, wind 13 mph",Carolina Panthers,Los Angeles Chargers,Justin Herbert,LAC,Carolina Panthers,away,26,3,QB,26,40.625,14,20,130,2,1,1,6,18,0,0,0,0,0,1
2024,2,"78 degrees, relative humidity 66%, wind 13 mph",Carolina Panthers,Los Angeles Chargers,Ladd McConkey,LAC,Carolina Panthers,away,26,3,WR,0,0.0,0,0,0,0,0,0,0,0,0,4,2,26,0,0
2024,2,"78 degrees, relative humidity 66%, wind 13 mph",Carolina Panthers,Los Angeles Chargers,Quentin Johnston,LAC,Carolina Panthers,away,26,3,WR,0,0.0,0,0,0,0,0,0,0,0,0,6,5,51,2,0
2024,2,"78 degrees, relative humidity 66%, wind 13 mph",Carolina Panthers,Los Angeles Chargers,Will Dissly,LAC,Carolina Panthers,away,26,3,TE,0,0.0,0,0,0,0,0,0,0,0,0,3,3,29,0,0
2024,2,,Los Angeles Rams,Arizona Cardinals,Blake Corum,LAR,Los Angeles Rams,away,41,10,RB,8,17.02127659574468,0,0,0,0,0,0,8,28,0,0,0,0,0,0
2024,2,,Los Angeles Rams,Arizona Cardinals,Colby Parkinson,LAR,Los Angeles Rams,away,41,10,TE,0,0.0,0,0,0,0,0,0,0,0,0,2,1,12,0,0
2024,2,,Los Angeles Rams,Arizona Cardinals,Cooper Kupp,LAR,Los Angeles Rams,away,41,10,WR,0,0.0,0,0,0,0,0,0,0,0,0,6,4,37,0,0
2024,2,,Los Angeles Rams,Arizona Cardinals,Demarcus Robinson,LAR,Los Angeles Rams,away,41,10,WR,0,0.0,0,0,0,0,0,0,0,0,0,4,2,50,0,0
2024,2,,Los Angeles Rams,Arizona Cardinals,Jordan Whittington,LAR,Los Angeles Rams,away,41,10,WR,0,0.0,0,0,0,0,0,0,0,0,0,2,2,22,0,0
2024,2,,Los Angeles Rams,Arizona Cardinals,Kyren Williams,LAR,Los Angeles Rams,away,41,10,RB,12,25.53191489361702,0,0,0,0,0,0,12,25,1,5,4,27,0,0
2024,2,,Los Angeles Rams,Arizona Cardinals,Matthew Stafford,LAR,Los Angeles Rams,away,41,10,QB,27,57.446808510638306,19,27,216,0,0,5,0,0,0,0,0,0,0,1
2024,2,,Los Angeles Rams,Arizona Cardinals,Ronnie Rivers,LAR,Los Angeles Rams,away,41,10,RB,0,0.0,0,0,0,0,0,0,0,0,0,1,1,0,0,0
2024,2,,Los Angeles Rams,Arizona Cardinals,Tutu Atwell,LAR,Los Angeles Rams,away,41,10,WR,0,0.0,0,0,0,0,0,0,0,0,0,4,3,48,0,0
2024,2,,Los Angeles Rams,Arizona Cardinals,Tyler Johnson,LAR,Los Angeles Rams,away,41,10,WR,0,0.0,0,0,0,0,0,0,0,0,0,3,2,20,0,0
2024,2,"76 degrees, relative humidity 64%, wind 10 mph",Baltimore Ravens,Las Vegas Raiders,Alexander Mattison,LVR,Baltimore Ravens,away,26,23,RB,4,7.2727272727272725,0,0,0,0,0,0,4,1,1,0,0,0,0,0
2024,2,"76 degrees, relative humidity 64%, wind 10 mph",Baltimore Ravens,Las Vegas Raiders,Ameer Abdullah,LVR,Baltimore Ravens,away,26,23,RB,2,3.6363636363636362,0,0,0,0,0,0,2,1,0,2,2,1,0,0
2024,2,"76 degrees, relative humidity 64%, wind 10 mph",Baltimore Ravens,Las Vegas Raiders,Brock Bowers,LVR,Baltimore Ravens,away,26,23,TE,0,0.0,0,0,0,0,0,0,0,0,0,9,9,98,0,0
2024,2,"76 degrees, relative humidity 64%, wind 10 mph",Baltimore Ravens,Las Vegas Raiders,DJ Turner,LVR,Baltimore Ravens,away,26,23,WR,1,1.8181818181818181,0,0,0,0,0,0,1,2,0,0,0,0,0,0
2024,2,"76 degrees, relative humidity 64%, wind 10 mph",Baltimore Ravens,Las Vegas Raiders,Davante Adams,LVR,Baltimore Ravens,away,26,23,WR,0,0.0,0,0,0,0,0,0,0,0,0,12,9,110,1,0
2024,2,"76 degrees, relative humidity 64%, wind 10 mph",Baltimore Ravens,Las Vegas Raiders,Gardner Minshew,LVR,Baltimore Ravens,away,26,23,UNK,39,70.9090909090909,30,38,276,1,1,5,1,-1,0,0,0,0,0,1
2024,2,"76 degrees, relative humidity 64%, wind 10 mph",Baltimore Ravens,Las Vegas Raiders,Harrison Bryant,LVR,Baltimore Ravens,away,26,23,TE,0,0.0,0,0,0,0,0,0,0,0,0,1,0,0,0,0
2024,2,"76 degrees, relative humidity 64%, wind 10 mph",Baltimore Ravens,Las Vegas Raiders,Jakobi Meyers,LVR,Baltimore Ravens,away,26,23,WR,0,0.0,0,0,0,0,0,0,0,0,0,5,4,29,0,0
2024,2,"76 degrees, relative humidity 64%, wind 10 mph",Baltimore Ravens,Las Vegas Raiders,Michael Mayer,LVR,Baltimore Ravens,away,26,23,TE,0,0.0,0,0,0,0,0,0,0,0,0,1,1,11,0,0
2024,2,"76 degrees, relative humidity 64%, wind 10 mph",Baltimore Ravens,Las Vegas Raiders,Tre Tucker,LVR,Baltimore Ravens,away,26,23,WR,0,0.0,0,0,0,0,0,0,0,0,0,2,2,13,0,0
2024,2,"76 degrees, relative humidity 64%, wind 10 mph",Baltimore Ravens,Las Vegas Raiders,Zamir White,LVR,Baltimore Ravens,away,26,23,RB,9,16.363636363636363,0,0,0,0,0,0,9,24,0,4,3,14,0,0
2024,2,"86 degrees, relative humidity 79%, wind 3 mph",Miami Dolphins,Buffalo Bills,Alec Ingold,MIA,Miami Dolphins,away,31,10,FB,2,2.73972602739726,0,0,0,0,0,0,2,2,0,0,0,0,0,0
2024,2,"86 degrees, relative humidity 79%, wind 3 mph",Miami Dolphins,Buffalo Bills,Braxton Berrios,MIA,Miami Dolphins,away,31,10,WR,0,0.0,0,0,0,0,0,0,0,0,0,1,0,0,0,0
2024,2,"86 degrees, relative humidity 79%, wind 3 mph",Miami Dolphins,Buffalo Bills,De'Von Achane,MIA,Miami Dolphins,away,31,10,RB,22,30.136986301369863,0,0,0,0,0,0,22,96,0,7,7,69,1,0
2024,2,"86 degrees, relative humidity 79%, wind 3 mph",Miami Dolphins,Buffalo Bills,Durham Smythe,MIA,Miami Dolphins,away,31,10,TE,0,0.0,0,0,0,0,0,0,0,0,0,1,1,8,0,0
2024,2,"86 degrees, relative humidity 79%, wind 3 mph",Miami Dolphins,Buffalo Bills,Grant Dubose,MIA,Miami Dolphins,away,31,10,WR,0,0.0,0,0,0,0,0,0,0,0,0,3,1,13,0,0
2024,2,"86 degrees, relative humidity 79%, wind 3 mph",Miami Dolphins,Buffalo Bills,Jaylen Waddle,MIA,Miami Dolphins,away,31,10,WR,1,1.36986301369863,0,0,0,0,0,0,1,4,0,4,4,41,0,0
2024,2,"86 degrees, relative humidity 79%, wind 3 mph",Miami Dolphins,Buffalo Bills,Jaylen Wright,MIA,Miami Dolphins,away,31,10,RB,5,6.8493150684931505,0,0,0,0,0,0,5,4,0,0,0,0,0,0
2024,2,"86 degrees, relative humidity 79%, wind 3 mph",Miami Dolphins,Buffalo Bills,Jeff Wilson,MIA,Miami Dolphins,away,31,10,RB,0,0.0,0,0,0,0,0,0,0,0,0,2,2,12,0,0
2024,2,"86 degrees, relative humidity 79%, wind 3 mph",Miami Dolphins,Buffalo Bills,Jonnu Smith,MIA,Miami Dolphins,away,31,10,TE,0,0.0,0,0,0,0,0,0,0,0,0,7,6,53,0,0
2024,2,"86 degrees, relative humidity 79%, wind 3 mph",Miami Dolphins,Buffalo Bills,Julian Hill,MIA,Miami Dolphins,away,31,10,TE,0,0.0,0,0,0,0,0,0,0,0,0,2,0,0,0,0
2024,2,"86 degrees, relative humidity 79%, wind 3 mph",Miami Dolphins,Buffalo Bills,Robbie Chosen,MIA,Miami Dolphins,away,31,10,WR,0,0.0,0,0,0,0,0,0,0,0,0,4,1,5,0,0
2024,2,"86 degrees, relative humidity 79%, wind 3 mph",Miami Dolphins,Buffalo Bills,Skylar Thompson,MIA,Miami Dolphins,away,31,10,QB,15,20.54794520547945,8,14,80,0,0,1,1,4,0,0,0,0,0,0
2024,2,"86 degrees, relative humidity 79%, wind 3 mph",Miami Dolphins,Buffalo Bills,Tua Tagovailoa,MIA,Miami Dolphins,away,31,10,QB,27,36.986301369863014,17,25,145,1,3,1,2,17,0,0,0,0,0,0
2024,2,"86 degrees, relative humidity 79%, wind 3 mph",Miami Dolphins,Buffalo Bills,Tyreek Hill,MIA,Miami Dolphins,away,31,10,WR,1,1.36986301369863,0,0,0,0,0,0,1,12,0,6,3,24,0,0
2024,2,,San Francisco 49ers,Minnesota Vikings,Aaron Jones,MIN,San Francisco 49ers,away,23,17,RB,9,18.0,0,0,0,0,0,0,9,32,0,6,5,36,0,1
2024,2,,San Francisco 49ers,Minnesota Vikings,Brandon Powell,MIN,San Francisco 49ers,away,23,17,WR,0,0.0,0,0,0,0,0,0,0,0,0,2,2,16,0,0
2024,2,,San Francisco 49ers,Minnesota Vikings,Jalen Nailor,MIN,San Francisco 49ers,away,23,17,WR,0,0.0,0,0,0,0,0,0,0,0,0,4,3,54,1,0
2024,2,,San Francisco 49ers,Minnesota Vikings,Johnny Mundt,MIN,San Francisco 49ers,away,23,17,TE,0,0.0,0,0,0,0,0,0,0,0,0,3,2,12,0,0
2024,2,,San Francisco 49ers,Minnesota Vikings,Justin Jefferson,MIN,San Francisco 49ers,away,23,17,WR,0,0.0,0,0,0,0,0,0,0,0,0,7,4,133,1,0
2024,2,,San Francisco 49ers,Minnesota Vikings,Sam Darnold,MIN,San Francisco 49ers,away,23,17,QB,31,62.0,17,26,268,2,1,3,5,32,0,0,0,0,0,2
2024,2,,San Francisco 49ers,Minnesota Vikings,Trent Sherfield,MIN,San Francisco 49ers,away,23,17,WR,0,0.0,0,0,0,0,0,0,0,0,0,2,1,17,0,0
2024,2,,San Francisco 49ers,Minnesota Vikings,Ty Chandler,MIN,San Francisco 49ers,away,23,17,RB,10,20.0,0,0,0,0,0,1,10,82,0,0,0,0,0,0
2024,2,,Dallas Cowboys,New Orleans Saints,Adam Prentice,NOR,Dallas Cowboys,away,44,19,FB,0,0.0,0,0,0,0,0,0,0,0,0,1,0,0,0,0
2024,2,,Dallas Cowboys,New Orleans Saints,Alvin Kamara,NOR,Dallas Cowboys,away,44,19,RB,20,36.36363636363637,0,0,0,0,0,0,20,115,3,3,2,65,1,0
2024,2,,Dallas Cowboys,New Orleans Saints,Chris Olave,NOR,Dallas Cowboys,away,44,19,WR,1,1.8181818181818181,0,0,0,0,0,0,1,7,0,6,4,81,0,0
2024,2,,Dallas Cowboys,New Orleans Saints,Derek Carr,NOR,Dallas Cowboys,away,44,19,QB,17,30.909090909090907,11,16,243,2,1,1,1,1,1,0,0,0,0,0
2024,2,,Dallas Cowboys,New Orleans Saints,Jake Haener,NOR,Dallas Cowboys,away,44,19,QB,3,5.454545454545454,0,0,0,0,0,0,3,-3,0,0,0,0,0,0
2024,2,,Dallas Cowboys,New Orleans Saints,Jamaal Williams,NOR,Dallas Cowboys,away,44,19,RB,8,14.545454545454545,0,0,0,0,0,0,8,39,0,0,0,0,0,0
2024,2,,Dallas Cowboys,New Orleans Saints,Rashid Shaheed,NOR,Dallas Cowboys,away,44,19,WR,3,5.454545454545454,0,0,0,0,0,0,3,13,0,4,4,96,1,0
2024,2,,Dallas Cowboys,New Orleans Saints,Taysom Hill,NOR,Dallas Cowboys,away,44,19,TE,3,5.454545454545454,0,0,0,0,0,0,3,18,0,1,1,1,0,0
2024,2,"77 degrees, relative humidity 50%, wind 5 mph",New England Patriots,Seattle Seahawks,Antonio Gibson,NWE,New England Patriots,away,23,20,RB,11,17.46031746031746,0,0,0,0,0,0,11,96,0,1,1,7,0,0
2024,2,"77 degrees, relative humidity 50%, wind 5 mph",New England Patriots,Seattle Seahawks,Austin Hooper,NWE,New England Patriots,away,23,20,TE,0,0.0,0,0,0,0,0,0,0,0,0,1,1,5,0,0
2024,2,"77 degrees, relative humidity 50%, wind 5 mph",New England Patriots,Seattle Seahawks,Hunter Henry,NWE,New England Patriots,away,23,20,TE,0,0.0,0,0,0,0,0,0,0,0,0,12,8,109,0,0
2024,2,"77 degrees, relative humidity 50%, wind 5 mph",New England Patriots,Seattle Seahawks,Ja'Lynn Polk,NWE,New England Patriots,away,23,20,WR,1,1.5873015873015872,0,0,0,0,0,0,1,0,0,3,2,12,1,0
2024,2,"77 degrees, relative humidity 50%, wind 5 mph",New England Patriots,Seattle Seahawks,Jacoby Brissett,NWE,New England Patriots,away,23,20,QB,29,46.03174603174603,15,27,149,1,0,3,2,6,0,0,0,0,0,0
2024,2,"77 degrees, relative humidity 50%, wind 5 mph",New England Patriots,Seattle Seahawks,Jamycal Hasty,NWE,New England Patriots,away,23,20,RB,1,1.5873015873015872,0,0,0,0,0,0,1,2,0,0,0,0,0,0
2024,2,"77 degrees, relative humidity 50%, wind 5 mph",New England Patriots,Seattle Seahawks,K.J. Osborn,NWE,New England Patriots,away,23,20,WR,0,0.0,0,0,0,0,0,0,0,0,0,2,1,7,0,0
2024,2,"77 degrees, relative humidity 50%, wind 5 mph",New England Patriots,Seattle Seahawks,Rhamondre Stevenson,NWE,New England Patriots,away,23,20,RB,21,33.33333333333333,0,0,0,0,0,0,21,81,1,5,2,9,0,1
2024,2,"82 degrees, relative humidity 49%, wind 11 mph",New York Giants,Washington Commanders,Daniel Jones,NYG,New York Giants,away,21,18,QB,33,66.0,16,28,178,2,0,1,5,32,0,0,0,0,0,0
2024,2,"82 degrees, relative humidity 49%, wind 11 mph",New York Giants,Washington Commanders,Darius Slayton,NYG,New York Giants,away,21,18,WR,0,0.0,0,0,0,0,0,0,0,0,0,4,3,33,0,0
2024,2,"82 degrees, relative humidity 49%, wind 11 mph",New York Giants,Washington Commanders,Devin Singletary,NYG,New York Giants,away,21,18,RB,16,32.0,0,0,0,0,0,0,16,95,1,1,1,0,0,1
2024,2,"82 degrees, relative humidity 49%, wind 11 mph",New York Giants,Washington Commanders,Malik Nabers,NYG,New York Giants,away,21,18,WR,0,0.0,0,0,0,0,0,0,0,0,0,18,10,127,1,0
2024,2,"82 degrees, relative humidity 49%, wind 11 mph",New York Giants,Washington Commanders,Tyrone Tracy Jr.,NYG,New York Giants,away,21,18,RB,1,2.0,0,0,0,0,0,0,1,2,0,0,0,0,0,0
2024,2,"82 degrees, relative humidity 49%, wind 11 mph",New York Giants,Washington Commanders,Wan'Dale Robinson,NYG,New York Giants,away,21,18,WR,0,0.0,0,0,0,0,0,0,0,0,0,4,2,18,1,0
2024,2,"80 degrees, relative humidity 51%, wind 13 mph",Tennessee Titans,New York Jets,Aaron Rodgers,NYJ,Tennessee Titans,away,24,17,QB,32,59.25925925925925,18,30,176,2,0,2,2,1,0,0,0,0,0,0
2024,2,"80 degrees, relative humidity 51%, wind 13 mph",Tennessee Titans,New York Jets,Allen Lazard,NYJ,Tennessee Titans,away,24,17,WR,0,0.0,0,0,0,0,0,0,0,0,0,4,2,11,0,0
2024,2,"80 degrees, relative humidity 51%, wind 13 mph",Tennessee Titans,New York Jets,Braelon Allen,NYJ,Tennessee Titans,away,24,17,RB,7,12.962962962962962,0,0,0,0,0,0,7,33,1,4,2,23,1,0
2024,2,"80 degrees, relative humidity 51%, wind 13 mph",Tennessee Titans,New York Jets,Breece Hall,NYJ,Tennessee Titans,away,24,17,RB,14,25.925925925925924,0,0,0,0,0,0,14,62,0,8,7,52,1,0
2024,2,"80 degrees, relative humidity 51%, wind 13 mph",Tennessee Titans,New York Jets,Garrett Wilson,NYJ,Tennessee Titans,away,24,17,WR,1,1.8518518518518516,0,0,0,0,0,0,1,5,0,6,4,57,0,0
2024,2,"80 degrees, relative humidity 51%, wind 13 mph",Tennessee Titans,New York Jets,Jeremy Ruckert,NYJ,Tennessee Titans,away,24,17,TE,0,0.0,0,0,0,0,0,0,0,0,0,3,0,0,0,0
2024,2,"80 degrees, relative humidity 51%, wind 13 mph",Tennessee Titans,New York Jets,Malachi Corley,NYJ,Tennessee Titans,away,24,17,WR,0,0.0,0,0,0,0,0,0,0,0,0,1,1,4,0,0
2024,2,"80 degrees, relative humidity 51%, wind 13 mph",Tennessee Titans,New York Jets,Mike Williams,NYJ,Tennessee Titans,away,24,17,WR,0,0.0,0,0,0,0,0,0,0,0,0,1,1,19,0,0
2024,2,"80 degrees, relative humidity 51%, wind 13 mph",Tennessee Titans,New York Jets,Tyler Conklin,NYJ,Tennessee Titans,away,24,17,TE,0,0.0,0,0,0,0,0,0,0,0,0,2,1,10,0,0
2024,2,"71 degrees, relative humidity 72%, wind 9 mph",Philadelphia Eagles,Atlanta Falcons,Britain Covey,PHI,Philadelphia Eagles,away,22,21,WR,0,0.0,0,0,0,0,0,0,0,0,0,6,6,23,0,0
2024,2,"71 degrees, relative humidity 72%, wind 9 mph",Philadelphia Eagles,Atlanta Falcons,Dallas Goedert,PHI,Philadelphia Eagles,away,22,21,TE,0,0.0,0,0,0,0,0,0,0,0,0,4,3,38,0,0
2024,2,"71 degrees, relative humidity 72%, wind 9 mph",Philadelphia Eagles,Atlanta Falcons,DeVonta Smith,PHI,Philadelphia Eagles,away,22,21,WR,0,0.0,0,0,0,0,0,0,0,0,0,10,7,76,1,0
2024,2,"71 degrees, relative humidity 72%, wind 9 mph",Philadelphia Eagles,Atlanta Falcons,Grant Calcaterra,PHI,Philadelphia Eagles,away,22,21,TE,0,0.0,0,0,0,0,0,0,0,0,0,2,2,19,0,0
2024,2,"71 degrees, relative humidity 72%, wind 9 mph",Philadelphia Eagles,Atlanta Falcons,Jahan Dotson,PHI,Philadelphia Eagles,away,22,21,WR,0,0.0,0,0,0,0,0,0,0,0,0,1,1,6,0,0
2024,2,"71 degrees, relative humidity 72%, wind 9 mph",Philadelphia Eagles,Atlanta Falcons,Jalen Hurts,PHI,Philadelphia Eagles,away,22,21,QB,43,64.17910447761194,23,30,183,1,1,1,13,85,1,0,0,0,0,0
2024,2,"71 degrees, relative humidity 72%, wind 9 mph",Philadelphia Eagles,Atlanta Falcons,Johnny Wilson,PHI,Philadelphia Eagles,away,22,21,WR,0,0.0,0,0,0,0,0,0,0,0,0,1,0,0,0,0
2024,2,"71 degrees, relative humidity 72%, wind 9 mph",Philadelphia Eagles,Atlanta Falcons,Kenneth Gainwell,PHI,Philadelphia Eagles,away,22,21,RB,2,2.9850746268656714,0,0,0,0,0,0,2,6,0,0,0,0,0,0
2024,2,"71 degrees, relative humidity 72%, wind 9 mph",Philadelphia Eagles,Atlanta Falcons,Saquon Barkley,PHI,Philadelphia Eagles,away,22,21,RB,22,32.83582089552239,0,0,0,0,0,0,22,95,0,5,4,21,0,0
2024,2,"83 degrees, relative humidity 17%, wind 4 mph",Denver Broncos,Pittsburgh Steelers,Calvin Austin,PIT,Denver Broncos,away,13,6,UNK,0,0.0,0,0,0,0,0,0,0,0,0,2,1,6,0,0
2024,2,"83 degrees, relative humidity 17%, wind 4 mph",Denver Broncos,Pittsburgh Steelers,Cordarrelle Patterson,PIT,Denver Broncos,away,13,6,RB,2,3.571428571428571,0,0,0,0,0,0,2,3,0,0,0,0,0,0
2024,2,"83 degrees, relative humidity 17%, wind 4 mph",Denver Broncos,Pittsburgh Steelers,Darnell Washington,PIT,Denver Broncos,away,13,6,TE,0,0.0,0,0,0,0,0,0,0,0,0,1,1,5,1,0
2024,2,"83 degrees, relative humidity 17%, wind 4 mph",Denver Broncos,Pittsburgh Steelers,George Pickens,PIT,Denver Broncos,away,13,6,WR,0,0.0,0,0,0,0,0,0,0,0,0,4,2,29,0,0
2024,2,"83 degrees, relative humidity 17%, wind 4 mph",Denver Broncos,Pittsburgh Steelers,Jaylen Warren,PIT,Denver Broncos,away,13,6,RB,9,16.071428571428573,0,0,0,0,0,0,9,42,0,2,2,19,0,0
2024,2,"83 degrees, relative humidity 17%, wind 4 mph",Denver Broncos,Pittsburgh Steelers,Justin Fields,PIT,Denver Broncos,away,13,6,QB,28,50.0,13,20,117,1,0,2,8,27,0,0,0,0,0,1
2024,2,"83 degrees, relative humidity 17%, wind 4 mph",Denver Broncos,Pittsburgh Steelers,Najee Harris,PIT,Denver Broncos,away,13,6,RB,17,30.357142857142854,0,0,0,0,0,0,17,69,0,2,1,5,0,0
2024,2,"83 degrees, relative humidity 17%, wind 4 mph",Denver Broncos,Pittsburgh Steelers,Pat Freiermuth,PIT,Denver Broncos,away,13,6,TE,0,0.0,0,0,0,0,0,0,0,0,0,4,4,39,0,0
2024,2,"83 degrees, relative humidity 17%, wind 4 mph",Denver Broncos,Pittsburgh Steelers,Van Jefferson,PIT,Denver Broncos,away,13,6,WR,0,0.0,0,0,0,0,0,0,0,0,0,3,2,14,0,0
2024,2,"77 degrees, relative humidity 50%, wind 5 mph",New England Patriots,Seattle Seahawks,D.K. Metcalf,SEA,New England Patriots,away,23,20,WR,0,0.0,0,0,0,0,0,0,0,0,0,14,10,129,1,0
2024,2,"77 degrees, relative humidity 50%, wind 5 mph",New England Patriots,Seattle Seahawks,Geno Smith,SEA,New England Patriots,away,23,20,QB,49,77.77777777777779,33,44,327,1,0,3,5,8,0,0,0,0,0,0
2024,2,"77 degrees, relative humidity 50%, wind 5 mph",New England Patriots,Seattle Seahawks,Jake Bobo,SEA,New England Patriots,away,23,20,WR,0,0.0,0,0,0,0,0,0,0,0,0,2,2,15,0,0
2024,2,"77 degrees, relative humidity 50%, wind 5 mph",New England Patriots,Seattle Seahawks,Jaxon Smith-Njigba,SEA,New England Patriots,away,23,20,WR,0,0.0,0,0,0,0,0,0,0,0,0,16,12,117,0,0
2024,2,"77 degrees, relative humidity 50%, wind 5 mph",New England Patriots,Seattle Seahawks,Laviska Shenault Jr.,SEA,New England Patriots,away,23,20,WR,0,0.0,0,0,0,0,0,0,0,0,0,1,1,6,0,0
2024,2,"77 degrees, relative humidity 50%, wind 5 mph",New England Patriots,Seattle Seahawks,Noah Fant,SEA,New England Patriots,away,23,20,TE,0,0.0,0,0,0,0,0,0,0,0,0,3,1,14,0,0
2024,2,"77 degrees, relative humidity 50%, wind 5 mph",New England Patriots,Seattle Seahawks,Tyler Lockett,SEA,New England Patriots,away,23,20,WR,0,0.0,0,0,0,0,0,0,0,0,0,2,2,15,0,0
2024,2,"77 degrees, relative humidity 50%, wind 5 mph",New England Patriots,Seattle Seahawks,Zach Charbonnet,SEA,New England Patriots,away,23,20,RB,14,22.22222222222222,0,0,0,0,0,0,14,38,1,5,5,31,0,0
2024,2,,San Francisco 49ers,Minnesota Vikings,Brandon Aiyuk,SFO,San Francisco 49ers,away,23,17,WR,0,0.0,0,0,0,0,0,0,0,0,0,5,4,43,0,0
2024,2,,San Francisco 49ers,Minnesota Vikings,Brock Purdy,SFO,San Francisco 49ers,away,23,17,QB,38,62.295081967213115,28,36,319,1,1,6,2,12,0,0,0,0,0,1
2024,2,,San Francisco 49ers,Minnesota Vikings,Chris Conley,SFO,San Francisco 49ers,away,23,17,WR,0,0.0,0,0,0,0,0,0,0,0,0,1,1,4,0,0
2024,2,,San Francisco 49ers,Minnesota Vikings,Deebo Samuel,SFO,San Francisco 49ers,away,23,17,WR,2,3.278688524590164,0,0,0,0,0,0,2,-10,0,10,8,110,0,0
2024,2,,San Francisco 49ers,Minnesota Vikings,Eric Saubert,SFO,San Francisco 49ers,away,23,17,TE,0,0.0,0,0,0,0,0,0,0,0,0,2,2,26,0,0
2024,2,,San Francisco 49ers,Minnesota Vikings,George Kittle,SFO,San Francisco 49ers,away,23,17,TE,0,0.0,0,0,0,0,0,0,0,0,0,8,7,76,1,0
2024,2,,San Francisco 49ers,Minnesota Vikings,Isaac Guerendo,SFO,San Francisco 49ers,away,23,17,RB,1,1.639344262295082,0,0,0,0,0,0,1,0,0,0,0,0,0,0
2024,2,,San Francisco 49ers,Minnesota Vikings,Jauan Jennings,SFO,San Francisco 49ers,away,23,17,WR,0,0.0,0,0,0,0,0,0,0,0,0,4,2,37,0,0
2024,2,,San Francisco 49ers,Minnesota Vikings,Jordan Mason,SFO,San Francisco 49ers,away,23,17,RB,20,32.78688524590164,0,0,0,0,0,0,20,100,1,1,1,4,0,1
2024,2,,San Francisco 49ers,Minnesota Vikings,Kyle Juszczyk,SFO,San Francisco 49ers,away,23,17,FB,0,0.0,0,0,0,0,0,0,0,0,0,5,3,19,0,0
2024,2,,Detroit Lions,Tampa Bay Buccaneers,Baker Mayfield,TAM,Detroit Lions,away,20,16,QB,24,57.14285714285714,12,19,185,1,1,5,5,34,1,0,0,0,0,2
2024,2,,Detroit Lions,Tampa Bay Buccaneers,Bucky Irving,TAM,Detroit Lions,away,20,16,RB,7,16.666666666666664,0,0,0,0,0,0,7,22,0,0,0,0,0,0
2024,2,,Detroit Lions,Tampa Bay Buccaneers,Cade Otton,TAM,Detroit Lions,away,20,16,TE,1,2.380952380952381,0,0,0,0,0,0,1,-4,0,2,0,0,0,0
2024,2,,Detroit Lions,Tampa Bay Buccaneers,Chris Godwin,TAM,Detroit Lions,away,20,16,WR,0,0.0,0,0,0,0,0,0,0,0,0,8,7,117,1,0
2024,2,,Detroit Lions,Tampa Bay Buccaneers,Jalen McMillan,TAM,Detroit Lions,away,20,16,WR,0,0.0,0,0,0,0,0,0,0,0,0,2,1,21,0,0
2024,2,,Detroit Lions,Tampa Bay Buccaneers,Mike Evans,TAM,Detroit Lions,away,20,16,WR,0,0.0,0,0,0,0,0,0,0,0,0,6,3,42,0,0
2024,2,,Detroit Lions,Tampa Bay Buccaneers,Rachaad White,TAM,Detroit Lions,away,20,16,RB,10,23.809523809523807,0,0,0,0,0,0,10,18,0,1,1,5,0,0
2024,2,"80 degrees, relative humidity 51%, wind 13 mph",Tennessee Titans,New York Jets,Calvin Ridley,TEN,Tennessee Titans,away,24,17,WR,1,1.7857142857142856,0,0,0,0,0,0,1,10,1,6,4,77,1,0
2024,2,"80 degrees, relative humidity 51%, wind 13 mph",Tennessee Titans,New York Jets,Chigoziem Okonkwo,TEN,Tennessee Titans,away,24,17,TE,0,0.0,0,0,0,0,0,0,0,0,0,3,3,16,0,0
2024,2,"80 degrees, relative humidity 51%, wind 13 mph",Tennessee Titans,New York Jets,DeAndre Hopkins,TEN,Tennessee Titans,away,24,17,WR,0,0.0,0,0,0,0,0,0,0,0,0,2,1,9,0,0
2024,2,"80 degrees, relative humidity 51%, wind 13 mph",Tennessee Titans,New York Jets,Josh Whyle,TEN,Tennessee Titans,away,24,17,TE,0,0.0,0,0,0,0,0,0,0,0,0,2,2,13,0,0
2024,2,"80 degrees, relative humidity 51%, wind 13 mph",Tennessee Titans,New York Jets,Tony Pollard,TEN,Tennessee Titans,away,24,17,RB,17,30.357142857142854,0,0,0,0,0,0,17,62,0,6,5,40,0,0
2024,2,"80 degrees, relative humidity 51%, wind 13 mph",Tennessee Titans,New York Jets,Treylon Burks,TEN,Tennessee Titans,away,24,17,WR,0,0.0,0,0,0,0,0,0,0,0,0,1,0,0,0,0
2024,2,"80 degrees, relative humidity 51%, wind 13 mph",Tennessee Titans,New York Jets,Tyjae Spears,TEN,Tennessee Titans,away,24,17,RB,6,10.714285714285714,0,0,0,0,0,0,6,20,0,2,2,11,0,0
2024,2,"80 degrees, relative humidity 51%, wind 13 mph",Tennessee Titans,New York Jets,Tyler Boyd,TEN,Tennessee Titans,away,24,17,WR,0,0.0,0,0,0,0,0,0,0,0,0,5,2,26,0,0
2024,2,"80 degrees, relative humidity 51%, wind 13 mph",Tennessee Titans,New York Jets,Will Levis,TEN,Tennessee Titans,away,24,17,QB,32,57.14285714285714,19,28,192,1,1,4,4,38,0,0,0,0,0,1
2024,2,"82 degrees, relative humidity 49%, wind 11 mph",New York Giants,Washington Commanders,Austin Ekeler,WAS,New York Giants,away,21,18,RB,8,12.5,0,0,0,0,0,0,8,38,0,3,3,47,0,0
2024,2,"82 degrees, relative humidity 49%, wind 11 mph",New York Giants,Washington Commanders,Brian Robinson Jr.,WAS,New York Giants,away,21,18,RB,17,26.5625,0,0,0,0,0,0,17,133,0,3,1,3,0,0
2024,2,"82 degrees, relative humidity 49%, wind 11 mph",New York Giants,Washington Commanders,Dyami Brown,WAS,New York Giants,away,21,18,WR,0,0.0,0,0,0,0,0,0,0,0,0,4,2,17,0,0
2024,2,"82 degrees, relative humidity 49%, wind 11 mph",New York Giants,Washington Commanders,Jayden Daniels,WAS,New York Giants,away,21,18,QB,39,60.9375,23,29,226,0,0,5,10,44,0,0,0,0,0,0
2024,2,"82 degrees, relative humidity 49%, wind 11 mph",New York Giants,Washington Commanders,John Bates,WAS,New York Giants,away,21,18,TE,0,0.0,0,0,0,0,0,0,0,0,0,1,1,5,0,0
2024,2,"82 degrees, relative humidity 49%, wind 11 mph",New York Giants,Washington Commanders,Noah Brown,WAS,New York Giants,away,21,18,WR,0,0.0,0,0,0,0,0,0,0,0,0,3,3,56,0,0
2024,2,"82 degrees, relative humidity 49%, wind 11 mph",New York Giants,Washington Commanders,Olamide Zaccheaus,WAS,New York Giants,away,21,18,WR,0,0.0,0,0,0,0,0,0,0,0,0,3,3,14,0,0
2024,2,"82 degrees, relative humidity 49%, wind 11 mph",New York Giants,Washington Commanders,Terry McLaurin,WAS,New York Giants,away,21,18,WR,0,0.0,0,0,0,0,0,0,0,0,0,8,6,22,0,0
2024,2,"82 degrees, relative humidity 49%, wind 11 mph",New York Giants,Washington Commanders,Zach Ertz,WAS,New York Giants,away,21,18,TE,0,0.0,0,0,0,0,0,0,0,0,0,4,4,62,0,0
2024,3,,Arizona Cardinals,Detroit Lions,Elijah Higgins,ARI,Arizona Cardinals,away,20,13,TE,0,0.0,0,0,0,0,0,0,0,0,0,1,1,11,0,0
2024,3,,Arizona Cardinals,Detroit Lions,Emari Demercado,ARI,Arizona Cardinals,away,20,13,RB,2,3.8461538461538463,0,0,0,0,0,0,2,7,0,0,0,0,0,0
2024,3,,Arizona Cardinals,Detroit Lions,Greg Dortch,ARI,Arizona Cardinals,away,20,13,WR,0,0.0,0,0,0,0,0,0,0,0,0,6,3,35,0,0
2024,3,,Arizona Cardinals,Detroit Lions,James Conner,ARI,Arizona Cardinals,away,20,13,RB,9,17.307692307692307,0,0,0,0,0,0,9,17,0,1,1,8,0,0
2024,3,,Arizona Cardinals,Detroit Lions,Kyler Murray,ARI,Arizona Cardinals,away,20,13,QB,39,75.0,21,34,207,1,1,1,5,45,0,0,0,0,0,0
2024,3,,Arizona Cardinals,Detroit Lions,Marvin Harrison Jr.,ARI,Arizona Cardinals,away,20,13,WR,0,0.0,0,0,0,0,0,0,0,0,0,11,5,64,1,0
2024,3,,Arizona Cardinals,Detroit Lions,Michael Wilson,ARI,Arizona Cardinals,away,20,13,WR,0,0.0,0,0,0,0,0,0,0,0,0,9,8,64,0,0
2024,3,,Arizona Cardinals,Detroit Lions,Trey Benson,ARI,Arizona Cardinals,away,20,13,RB,2,3.8461538461538463,0,0,0,0,0,0,2,8,0,0,0,0,0,0
2024,3,,Arizona Cardinals,Detroit Lions,Trey McBride,ARI,Arizona Cardinals,away,20,13,TE,0,0.0,0,0,0,0,0,0,0,0,0,6,3,25,0,0
2024,3,,Atlanta Falcons,Kansas City Chiefs,Bijan Robinson,ATL,Atlanta Falcons,away,22,17,RB,16,29.629629629629626,0,0,0,0,0,0,16,31,1,2,2,21,0,0
2024,3,,Atlanta Falcons,Kansas City Chiefs,Darnell Mooney,ATL,Atlanta Falcons,away,22,17,WR,0,0.0,0,0,0,0,0,0,0,0,0,8,8,66,0,0
2024,3,,Atlanta Falcons,Kansas City Chiefs,Drake London,ATL,Atlanta Falcons,away,22,17,WR,0,0.0,0,0,0,0,0,0,0,0,0,9,6,67,1,0
2024,3,,Atlanta Falcons,Kansas City Chiefs,Kirk Cousins,ATL,Atlanta Falcons,away,22,17,QB,30,55.55555555555556,20,29,230,1,1,2,1,-1,0,0,0,0,0,2
2024,3,,Atlanta Falcons,Kansas City Chiefs,Kyle Pitts,ATL,Atlanta Falcons,away,22,17,TE,0,0.0,0,0,0,0,0,0,0,0,0,5,2,59,0,0
2024,3,,Atlanta Falcons,Kansas City Chiefs,Ray-Ray McCloud,ATL,Atlanta Falcons,away,22,17,WR,1,1.8518518518518516,0,0,0,0,0,0,1,20,0,3,2,17,0,0
2024,3,,Atlanta Falcons,Kansas City Chiefs,Tyler Allgeier,ATL,Atlanta Falcons,away,22,17,RB,7,12.962962962962962,0,0,0,0,0,0,7,32,0,0,0,0,0,0
2024,3,,Dallas Cowboys,Baltimore Ravens,Charlie Kolar,BAL,Dallas Cowboys,away,28,25,TE,0,0.0,0,0,0,0,0,0,0,0,0,1,1,30,0,0
2024,3,,Dallas Cowboys,Baltimore Ravens,Derrick Henry,BAL,Dallas Cowboys,away,28,25,RB,25,41.66666666666667,0,0,0,0,0,0,25,151,2,1,1,23,0,0
2024,3,,Dallas Cowboys,Baltimore Ravens,Isaiah Likely,BAL,Dallas Cowboys,away,28,25,TE,0,0.0,0,0,0,0,0,0,0,0,0,1,1,4,0,0
2024,3,,Dallas Cowboys,Baltimore Ravens,Justice Hill,BAL,Dallas Cowboys,away,28,25,RB,5,8.333333333333332,0,0,0,0,0,0,5,33,0,2,2,21,0,0
2024,3,,Dallas Cowboys,Baltimore Ravens,Lamar Jackson,BAL,Dallas Cowboys,away,28,25,QB,29,48.333333333333336,12,15,182,1,0,0,14,87,1,0,0,0,0,0
2024,3,,Dallas Cowboys,Baltimore Ravens,Mark Andrews,BAL,Dallas Cowboys,away,28,25,TE,0,0.0,0,0,0,0,0,0,0,0,0,1,0,0,0,0
2024,3,,Dallas Cowboys,Baltimore Ravens,Nelson Agholor,BAL,Dallas Cowboys,away,28,25,WR,0,0.0,0,0,0,0,0,0,0,0,0,1,1,56,0,0
2024,3,,Dallas Cowboys,Baltimore Ravens,Rashod Bateman,BAL,Dallas Cowboys,away,28,25,WR,0,0.0,0,0,0,0,0,0,0,0,0,4,3,28,1,0
2024,3,,Dallas Cowboys,Baltimore Ravens,Zay Flowers,BAL,Dallas Cowboys,away,28,25,WR,1,1.6666666666666667,0,0,0,0,0,0,1,3,0,4,3,20,0,0
2024,3,"68 degrees, relative humidity 87%, wind 5 mph",Jacksonville Jaguars,Buffalo Bills,Curtis Samuel,BUF,Jacksonville Jaguars,away,47,10,WR,1,1.6666666666666667,0,0,0,0,0,0,1,0,0,3,3,22,0,0
2024,3,"68 degrees, relative humidity 87%, wind 5 mph",Jacksonville Jaguars,Buffalo Bills,Dalton Kincaid,BUF,Jacksonville Jaguars,away,47,10,TE,0,0.0,0,0,0,0,0,0,0,0,0,5,3,41,1,0
2024,3,"68 degrees, relative humidity 87%, wind 5 mph",Jacksonville Jaguars,Buffalo Bills,Dawson Knox,BUF,Jacksonville Jaguars,away,47,10,TE,0,0.0,0,0,0,0,0,0,0,0,0,2,1,7,0,0
2024,3,"68 degrees, relative humidity 87%, wind 5 mph",Jacksonville Jaguars,Buffalo Bills,James Cook,BUF,Jacksonville Jaguars,away,47,10,RB,11,18.333333333333332,0,0,0,0,0,0,11,39,1,5,4,48,0,0
2024,3,"68 degrees, relative humidity 87%, wind 5 mph",Jacksonville Jaguars,Buffalo Bills,Josh Allen,BUF,Jacksonville Jaguars,away,47,10,QB,36,60.0,23,30,263,4,0,0,6,44,0,0,0,0,0,0
2024,3,"68 degrees, relative humidity 87%, wind 5 mph",Jacksonville Jaguars,Buffalo Bills,Keon Coleman,BUF,Jacksonville Jaguars,away,47,10,WR,0,0.0,0,0,0,0,0,0,0,0,0,1,1,24,1,0
2024,3,"68 degrees, relative humidity 87%, wind 5 mph",Jacksonville Jaguars,Buffalo Bills,Khalil Shakir,BUF,Jacksonville Jaguars,away,47,10,WR,0,0.0,0,0,0,0,0,0,0,0,0,6,6,72,1,0
2024,3,"68 degrees, relative humidity 87%, wind 5 mph",Jacksonville Jaguars,Buffalo Bills,Mack Hollins,BUF,Jacksonville Jaguars,away,47,10,WR,0,0.0,0,0,0,0,0,0,0,0,0,2,1,16,0,0
2024,3,"68 degrees, relative humidity 87%, wind 5 mph",Jacksonville Jaguars,Buffalo Bills,Marquez Valdes-Scantling,BUF,Jacksonville Jaguars,away,47,10,WR,0,0.0,0,0,0,0,0,0,0,0,0,2,1,7,0,0
2024,3,"68 degrees, relative humidity 87%, wind 5 mph",Jacksonville Jaguars,Buffalo Bills,Mitchell Trubisky,BUF,Jacksonville Jaguars,away,47,10,QB,2,3.3333333333333335,1,1,3,0,0,0,1,-1,0,0,0,0,0,0
2024,3,"68 degrees, relative humidity 87%, wind 5 mph",Jacksonville Jaguars,Buffalo Bills,Ray Davis,BUF,Jacksonville Jaguars,away,47,10,RB,7,11.666666666666666,0,0,0,0,0,0,7,22,1,1,1,1,0,0
2024,3,"68 degrees, relative humidity 87%, wind 5 mph",Jacksonville Jaguars,Buffalo Bills,Ty Johnson,BUF,Jacksonville Jaguars,away,47,10,RB,3,5.0,0,0,0,0,0,0,3,18,0,3,3,28,1,0
2024,3,,Las Vegas Raiders,Carolina Panthers,Adam Thielen,CAR,Las Vegas Raiders,away,36,22,WR,0,0.0,0,0,0,0,0,0,0,0,0,5,3,40,1,0
2024,3,,Las Vegas Raiders,Carolina Panthers,Andy Dalton,CAR,Las Vegas Raiders,away,36,22,QB,39,57.35294117647059,26,37,319,3,0,2,2,-2,0,0,0,0,0,0
2024,3,,Las Vegas Raiders,Carolina Panthers,Chuba Hubbard,CAR,Las Vegas Raiders,away,36,22,RB,21,30.88235294117647,0,0,0,0,0,0,21,114,0,5,5,55,1,0
2024,3,,Las Vegas Raiders,Carolina Panthers,Diontae Johnson,CAR,Las Vegas Raiders,away,36,22,WR,0,0.0,0,0,0,0,0,0,0,0,0,14,8,122,1,0
2024,3,,Las Vegas Raiders,Carolina Panthers,Ja'Tavion Sanders,CAR,Las Vegas Raiders,away,36,22,TE,0,0.0,0,0,0,0,0,0,0,0,0,1,0,0,0,0
2024,3,,Las Vegas Raiders,Carolina Panthers,Jonathan Mingo,CAR,Las Vegas Raiders,away,36,22,WR,1,1.4705882352941175,0,0,0,0,0,0,1,2,0,4,3,18,0,0
2024,3,,Las Vegas Raiders,Carolina Panthers,Miles Sanders,CAR,Las Vegas Raiders,away,36,22,RB,7,10.294117647058822,0,0,0,0,0,0,7,17,1,2,2,13,0,0
2024,3,,Las Vegas Raiders,Carolina Panthers,Tommy Tremble,CAR,Las Vegas Raiders,away,36,22,TE,0,0.0,0,0,0,0,0,0,0,0,0,3,3,29,0,0
2024,3,,Las Vegas Raiders,Carolina Panthers,Xavier Legette,CAR,Las Vegas Raiders,away,36,22,WR,0,0.0,0,0,0,0,0,0,0,0,0,3,2,42,0,0
2024,3,,Chicago Bears,Indianapolis Colts,Caleb Williams,CHI,Chicago Bears,away,21,16,QB,53,66.25,33,52,363,2,2,4,1,8,0,0,0,0,0,1
2024,3,,Chicago Bears,Indianapolis Colts,Cole Kmet,CHI,Chicago Bears,away,21,16,TE,0,0.0,0,0,0,0,0,0,0,0,0,11,10,97,1,0
2024,3,,Chicago Bears,Indianapolis Colts,D'Andre Swift,CHI,Chicago Bears,away,21,16,RB,13,16.25,0,0,0,0,0,0,13,20,0,4,2,22,0,0
2024,3,,Chicago Bears,Indianapolis Colts,D.J. Moore,CHI,Chicago Bears,away,21,16,WR,1,1.25,0,0,0,0,0,0,1,-6,0,10,8,78,0,0
2024,3,,Chicago Bears,Indianapolis Colts,DeAndre Carter,CHI,Chicago Bears,away,21,16,WR,0,0.0,0,0,0,0,0,0,0,0,0,6,3,22,0,0
2024,3,,Chicago Bears,Indianapolis Colts,Gerald Everett,CHI,Chicago Bears,away,21,16,TE,0,0.0,0,0,0,0,0,0,0,0,0,1,0,0,0,0
2024,3,,Chicago Bears,Indianapolis Colts,Khalil Herbert,CHI,Chicago Bears,away,21,16,RB,4,5.0,0,0,0,0,0,0,4,9,0,0,0,0,0,0
2024,3,,Chicago Bears,Indianapolis Colts,Rome Odunze,CHI,Chicago Bears,away,21,16,WR,1,1.25,0,0,0,0,0,0,1,2,0,11,6,112,1,0
2024,3,,Chicago Bears,Indianapolis Colts,Roschon Johnson,CHI,Chicago Bears,away,21,16,RB,8,10.0,0,0,0,0,0,0,8,30,0,5,4,32,0,0
2024,3,"69 degrees, relative humidity 67%, wind 5 mph",Cincinnati Bengals,Washington Commanders,Andrei Iosivas,CIN,Cincinnati Bengals,away,38,33,WR,0,0.0,0,0,0,0,0,0,0,0,0,7,5,52,1,0
2024,3,"69 degrees, relative humidity 67%, wind 5 mph",Cincinnati Bengals,Washington Commanders,Chase Brown,CIN,Cincinnati Bengals,away,38,33,RB,7,12.068965517241379,0,0,0,0,0,0,7,62,0,3,2,7,0,0
2024,3,"69 degrees, relative humidity 67%, wind 5 mph",Cincinnati Bengals,Washington Commanders,Erick All,CIN,Cincinnati Bengals,away,38,33,TE,0,0.0,0,0,0,0,0,0,0,0,0,4,4,22,0,0
2024,3,"69 degrees, relative humidity 67%, wind 5 mph",Cincinnati Bengals,Washington Commanders,Ja'Marr Chase,CIN,Cincinnati Bengals,away,38,33,WR,0,0.0,0,0,0,0,0,0,0,0,0,7,6,118,2,0
2024,3,"69 degrees, relative humidity 67%, wind 5 mph",Cincinnati Bengals,Washington Commanders,Joe Burrow,CIN,Cincinnati Bengals,away,38,33,QB,39,67.24137931034483,29,38,324,3,0,2,1,4,0,0,0,0,0,0
2024,3,"69 degrees, relative humidity 67%, wind 5 mph",Cincinnati Bengals,Washington Commanders,Mike Gesicki,CIN,Cincinnati Bengals,away,38,33,TE,0,0.0,0,0,0,0,0,0,0,0,0,5,4,47,0,0
2024,3,"69 degrees, relative humidity 67%, wind 5 mph",Cincinnati Bengals,Washington Commanders,Tee Higgins,CIN,Cincinnati Bengals,away,38,33,WR,0,0.0,0,0,0,0,0,0,0,0,0,6,3,39,0,0
2024,3,"69 degrees, relative humidity 67%, wind 5 mph",Cincinnati Bengals,Washington Commanders,Zack Moss,CIN,Cincinnati Bengals,away,38,33,RB,12,20.689655172413794,0,0,0,0,0,0,12,58,1,6,5,39,0,0
2024,3,"76 degrees, relative humidity 62%, wind 4 mph",Cleveland Browns,New York Giants,Amari Cooper,CLE,Cleveland Browns,away,21,15,WR,0,0.0,0,0,0,0,0,0,0,0,0,12,7,86,2,0
2024,3,"76 degrees, relative humidity 62%, wind 4 mph",Cleveland Browns,New York Giants,Cedric Tillman,CLE,Cleveland Browns,away,21,15,WR,0,0.0,0,0,0,0,0,0,0,0,0,2,1,4,0,0
2024,3,"76 degrees, relative humidity 62%, wind 4 mph",Cleveland Browns,New York Giants,D'Onta Foreman,CLE,Cleveland Browns,away,21,15,RB,2,3.6363636363636362,0,0,0,0,0,0,2,5,0,0,0,0,0,0
2024,3,"76 degrees, relative humidity 62%, wind 4 mph",Cleveland Browns,New York Giants,Deshaun Watson,CLE,Cleveland Browns,away,21,15,QB,41,74.54545454545455,21,37,196,2,0,8,4,26,0,0,0,0,0,2
2024,3,"76 degrees, relative humidity 62%, wind 4 mph",Cleveland Browns,New York Giants,Elijah Moore,CLE,Cleveland Browns,away,21,15,WR,0,0.0,0,0,0,0,0,0,0,0,0,3,2,17,0,0
2024,3,"76 degrees, relative humidity 62%, wind 4 mph",Cleveland Browns,New York Giants,Jameis Winston,CLE,Cleveland Browns,away,21,15,QB,2,3.6363636363636362,0,0,0,0,0,0,2,1,0,0,0,0,0,0
2024,3,"76 degrees, relative humidity 62%, wind 4 mph",Cleveland Browns,New York Giants,Jerome Ford,CLE,Cleveland Browns,away,21,15,RB,10,18.181818181818183,0,0,0,0,0,0,10,37,0,4,3,33,0,0
2024,3,"76 degrees, relative humidity 62%, wind 4 mph",Cleveland Browns,New York Giants,Jerry Jeudy,CLE,Cleveland Browns,away,21,15,WR,0,0.0,0,0,0,0,0,0,0,0,0,7,4,27,0,0
2024,3,"76 degrees, relative humidity 62%, wind 4 mph",Cleveland Browns,New York Giants,Jordan Akins,CLE,Cleveland Browns,away,21,15,TE,0,0.0,0,0,0,0,0,0,0,0,0,7,4,29,0,0
2024,3,,Dallas Cowboys,Baltimore Ravens,Brandin Cooks,DAL,Dallas Cowboys,away,28,25,WR,0,0.0,0,0,0,0,0,0,0,0,0,6,2,16,0,0
2024,3,,Dallas Cowboys,Baltimore Ravens,CeeDee Lamb,DAL,Dallas Cowboys,away,28,25,WR,0,0.0,0,0,0,0,0,0,0,0,0,7,4,67,0,1
2024,3,,Dallas Cowboys,Baltimore Ravens,Dak Prescott,DAL,Dallas Cowboys,away,28,25,QB,53,79.1044776119403,28,51,379,2,0,3,2,7,1,0,0,0,0,1
2024,3,,Dallas Cowboys,Baltimore Ravens,Deuce Vaughn,DAL,Dallas Cowboys,away,28,25,RB,2,2.9850746268656714,0,0,0,0,0,0,2,5,0,2,1,8,0,0
2024,3,,Dallas Cowboys,Baltimore Ravens,Ezekiel Elliott,DAL,Dallas Cowboys,away,28,25,RB,3,4.477611940298507,0,0,0,0,0,0,3,6,0,2,1,6,0,0
2024,3,,Dallas Cowboys,Baltimore Ravens,Hunter Luepke,DAL,Dallas Cowboys,away,28,25,FB,0,0.0,0,0,0,0,0,0,0,0,0,3,2,41,0,0
2024,3,,Dallas Cowboys,Baltimore Ravens,Jake Ferguson,DAL,Dallas Cowboys,away,28,25,TE,0,0.0,0,0,0,0,0,0,0,0,0,11,6,95,0,0
2024,3,,Dallas Cowboys,Baltimore Ravens,Jalen Brooks,DAL,Dallas Cowboys,away,28,25,WR,0,0.0,0,0,0,0,0,0,0,0,0,3,1,24,0,0
2024,3,,Dallas Cowboys,Baltimore Ravens,Jalen Tolbert,DAL,Dallas Cowboys,away,28,25,WR,0,0.0,0,0,0,0,0,0,0,0,0,5,3,42,1,0
2024,3,,Dallas Cowboys,Baltimore Ravens,KaVontae Turpin,DAL,Dallas Cowboys,away,28,25,WR,1,1.4925373134328357,0,0,0,0,0,0,1,1,0,3,3,51,1,0
2024,3,,Dallas Cowboys,Baltimore Ravens,Luke Schoonmaker,DAL,Dallas Cowboys,away,28,25,TE,0,0.0,0,0,0,0,0,0,0,0,0,2,1,5,0,0
2024,3,,Dallas Cowboys,Baltimore Ravens,Rico Dowdle,DAL,Dallas Cowboys,away,28,25,RB,8,11.940298507462686,0,0,0,0,0,0,8,32,0,5,3,24,0,0
2024,3,,Dallas Cowboys,Baltimore Ravens,Tyler Smith,DAL,Dallas Cowboys,away,28,25,G,0,0.0,0,0,0,0,0,0,0,0,0,1,1,0,0,0
2024,3,"85 degrees, relative humidity 61%, wind 6 mph",Tampa Bay Buccaneers,Denver Broncos,Adam Trautman,DEN,Tampa Bay Buccaneers,away,26,7,TE,0,0.0,0,0,0,0,0,0,0,0,0,1,1,13,0,0
2024,3,"85 degrees, relative humidity 61%, wind 6 mph",Tampa Bay Buccaneers,Denver Broncos,Bo Nix,DEN,Tampa Bay Buccaneers,away,26,7,QB,45,70.3125,25,36,216,0,0,0,9,47,1,0,0,0,0,0
2024,3,"85 degrees, relative humidity 61%, wind 6 mph",Tampa Bay Buccaneers,Denver Broncos,Courtland Sutton,DEN,Tampa Bay Buccaneers,away,26,7,WR,0,0.0,0,0,0,0,0,0,0,0,0,11,7,68,0,0
2024,3,"85 degrees, relative humidity 61%, wind 6 mph",Tampa Bay Buccaneers,Denver Broncos,Jaleel McLaughlin,DEN,Tampa Bay Buccaneers,away,26,7,RB,5,7.8125,0,0,0,0,0,0,5,7,1,1,1,7,0,0
2024,3,"85 degrees, relative humidity 61%, wind 6 mph",Tampa Bay Buccaneers,Denver Broncos,Javonte Williams,DEN,Tampa Bay Buccaneers,away,26,7,RB,5,7.8125,0,0,0,0,0,0,5,12,0,4,4,29,0,1
2024,3,"85 degrees, relative humidity 61%, wind 6 mph",Tampa Bay Buccaneers,Denver Broncos,Josh Reynolds,DEN,Tampa Bay Buccaneers,away,26,7,WR,0,0.0,0,0,0,0,0,0,0,0,0,2,2,36,0,0
2024,3,"85 degrees, relative humidity 61%, wind 6 mph",Tampa Bay Buccaneers,Denver Broncos,Lil'Jordan Humphrey,DEN,Tampa Bay Buccaneers,away,26,7,WR,0,0.0,0,0,0,0,0,0,0,0,0,8,6,37,0,0
2024,3,"85 degrees, relative humidity 61%, wind 6 mph",Tampa Bay Buccaneers,Denver Broncos,Marvin Mims,DEN,Tampa Bay Buccaneers,away,26,7,WR,0,0.0,0,0,0,0,0,0,0,0,0,1,1,9,0,0
2024,3,"85 degrees, relative humidity 61%, wind 6 mph",Tampa Bay Buccaneers,Denver Broncos,Nate Adkins,DEN,Tampa Bay Buccaneers,away,26,7,TE,0,0.0,0,0,0,0,0,0,0,0,0,1,1,6,0,0
2024,3,"85 degrees, relative humidity 61%, wind 6 mph",Tampa Bay Buccaneers,Denver Broncos,Troy Franklin,DEN,Tampa Bay Buccaneers,away,26,7,WR,0,0.0,0,0,0,0,0,0,0,0,0,5,2,11,0,0
2024,3,"85 degrees, relative humidity 61%, wind 6 mph",Tampa Bay Buccaneers,Denver Broncos,Tyler Badie,DEN,Tampa Bay Buccaneers,away,26,7,RB,9,14.0625,0,0,0,0,0,0,9,70,0,0,0,0,0,0
2024,3,,Arizona Cardinals,Detroit Lions,Amon-Ra St. Brown,DET,Arizona Cardinals,away,20,13,WR,0,0.0,0,0,0,0,0,0,0,0,0,8,7,75,1,0
2024,3,,Arizona Cardinals,Detroit Lions,Brock Wright,DET,Arizona Cardinals,away,20,13,TE,0,0.0,0,0,0,0,0,0,0,0,0,5,4,34,0,0
2024,3,,Arizona Cardinals,Detroit Lions,David Montgomery,DET,Arizona Cardinals,away,20,13,RB,23,34.84848484848485,0,0,0,0,0,0,23,105,1,3,3,17,0,0
2024,3,,Arizona Cardinals,Detroit Lions,Jahmyr Gibbs,DET,Arizona Cardinals,away,20,13,RB,16,24.242424242424242,0,0,0,0,0,0,16,83,0,0,0,20,1,0
2024,3,,Arizona Cardinals,Detroit Lions,Jameson Williams,DET,Arizona Cardinals,away,20,13,WR,1,1.5151515151515151,0,0,0,0,0,0,1,-7,0,3,1,9,0,0
2024,3,,Arizona Cardinals,Detroit Lions,Jared Goff,DET,Arizona Cardinals,away,20,13,QB,26,39.39393939393939,18,23,199,2,1,2,3,6,0,0,0,0,0,0
2024,3,,Arizona Cardinals,Detroit Lions,Sam LaPorta,DET,Arizona Cardinals,away,20,13,TE,0,0.0,0,0,0,0,0,0,0,0,0,2,2,36,0,0
2024,3,,Arizona Cardinals,Detroit Lions,Tim Patrick,DET,Arizona Cardinals,away,20,13,WR,0,0.0,0,0,0,0,0,0,0,0,0,1,1,8,0,0
2024,3,"87 degrees, relative humidity 59%, wind 7 mph",Tennessee Titans,Green Bay Packers,Chris Brooks,GNB,Tennessee Titans,away,30,14,RB,3,5.357142857142857,0,0,0,0,0,0,3,3,0,0,0,0,0,0
2024,3,"87 degrees, relative humidity 59%, wind 7 mph",Tennessee Titans,Green Bay Packers,Christian Watson,GNB,Tennessee Titans,away,30,14,WR,0,0.0,0,0,0,0,0,0,0,0,0,2,2,67,0,0
2024,3,"87 degrees, relative humidity 59%, wind 7 mph",Tennessee Titans,Green Bay Packers,Dontayvion Wicks,GNB,Tennessee Titans,away,30,14,WR,0,0.0,0,0,0,0,0,0,0,0,0,2,0,0,0,0
2024,3,"87 degrees, relative humidity 59%, wind 7 mph",Tennessee Titans,Green Bay Packers,Emanuel Wilson,GNB,Tennessee Titans,away,30,14,RB,12,21.428571428571427,0,0,0,0,0,0,12,50,0,2,2,35,1,0
2024,3,"87 degrees, relative humidity 59%, wind 7 mph",Tennessee Titans,Green Bay Packers,Jayden Reed,GNB,Tennessee Titans,away,30,14,WR,2,3.571428571428571,0,0,0,0,0,0,2,19,0,6,4,50,0,0
2024,3,"87 degrees, relative humidity 59%, wind 7 mph",Tennessee Titans,Green Bay Packers,Josh Jacobs,GNB,Tennessee Titans,away,30,14,RB,14,25.0,0,0,0,0,0,0,14,43,0,1,1,5,0,0
2024,3,"87 degrees, relative humidity 59%, wind 7 mph",Tennessee Titans,Green Bay Packers,Luke Musgrave,GNB,Tennessee Titans,away,30,14,TE,0,0.0,0,0,0,0,0,0,0,0,0,1,1,3,0,0
2024,3,"87 degrees, relative humidity 59%, wind 7 mph",Tennessee Titans,Green Bay Packers,Malik Willis,GNB,Tennessee Titans,away,30,14,QB,25,44.642857142857146,13,19,202,1,0,3,6,73,1,0,0,0,0,0
2024,3,"87 degrees, relative humidity 59%, wind 7 mph",Tennessee Titans,Green Bay Packers,Romeo Doubs,GNB,Tennessee Titans,away,30,14,WR,0,0.0,0,0,0,0,0,0,0,0,0,2,1,18,0,0
2024,3,"87 degrees, relative humidity 59%, wind 7 mph",Tennessee Titans,Green Bay Packers,Tucker Kraft,GNB,Tennessee Titans,away,30,14,TE,0,0.0,0,0,0,0,0,0,0,0,0,3,2,24,0,0
2024,3,,Houston Texans,Minnesota Vikings,British Brooks,HOU,Houston Texans,away,34,7,RB,1,1.7241379310344827,0,0,0,0,0,0,1,2,0,0,0,0,0,0
2024,3,,Houston Texans,Minnesota Vikings,C.J. Stroud,HOU,Houston Texans,away,34,7,QB,34,58.620689655172406,20,31,215,1,2,4,3,12,0,0,0,0,0,0
2024,3,,Houston Texans,Minnesota Vikings,Cam Akers,HOU,Houston Texans,away,34,7,RB,9,15.517241379310345,0,0,0,0,0,0,9,21,0,3,1,8,1,0
2024,3,,Houston Texans,Minnesota Vikings,Dalton Schultz,HOU,Houston Texans,away,34,7,TE,0,0.0,0,0,0,0,0,0,0,0,0,5,2,11,0,0
2024,3,,Houston Texans,Minnesota Vikings,Dare Ogunbowale,HOU,Houston Texans,away,34,7,RB,0,0.0,0,0,0,0,0,0,0,0,0,2,2,28,0,0
2024,3,,Houston Texans,Minnesota Vikings,Davis Mills,HOU,Houston Texans,away,34,7,QB,12,20.689655172413794,7,12,79,0,0,1,0,0,0,0,0,0,0,0
2024,3,,Houston Texans,Minnesota Vikings,J.J. Taylor,HOU,Houston Texans,away,34,7,RB,1,1.7241379310344827,0,0,0,0,0,0,1,3,0,2,2,0,0,0
2024,3,,Houston Texans,Minnesota Vikings,Nico Collins,HOU,Houston Texans,away,34,7,WR,0,0.0,0,0,0,0,0,0,0,0,0,10,4,86,0,0
2024,3,,Houston Texans,Minnesota Vikings,Robert Woods,HOU,Houston Texans,away,34,7,WR,0,0.0,0,0,0,0,0,0,0,0,0,2,2,18,0,0
2024,3,,Houston Texans,Minnesota Vikings,Stefon Diggs,HOU,Houston Texans,away,34,7,WR,1,1.7241379310344827,1,1,13,0,0,0,0,0,0,12,10,94,0,0
2024,3,,Houston Texans,Minnesota Vikings,Tank Dell,HOU,Houston Texans,away,34,7,WR,0,0.0,0,0,0,0,0,0,0,0,0,6,5,62,0,0
2024,3,,Houston Texans,Minnesota Vikings,Xavier Hutchinson,HOU,Houston Texans,away,34,7,WR,0,0.0,0,0,0,0,0,0,0,0,0,1,0,0,0,0
2024,3,,Chicago Bears,Indianapolis Colts,Adonai Mitchell,IND,Chicago Bears,away,21,16,WR,0,0.0,0,0,0,0,0,0,0,0,0,1,0,0,0,0
2024,3,,Chicago Bears,Indianapolis Colts,Alec Pierce,IND,Chicago Bears,away,21,16,WR,0,0.0,0,0,0,0,0,0,0,0,0,2,1,44,0,0
2024,3,,Chicago Bears,Indianapolis Colts,Anthony Richardson,IND,Chicago Bears,away,21,16,QB,28,52.83018867924528,10,20,167,0,2,1,8,24,0,0,0,0,0,0
2024,3,,Chicago Bears,Indianapolis Colts,Ashton Dulin,IND,Chicago Bears,away,21,16,WR,0,0.0,0,0,0,0,0,0,0,0,0,1,0,0,0,0
2024,3,,Chicago Bears,Indianapolis Colts,Jonathan Taylor,IND,Chicago Bears,away,21,16,RB,23,43.39622641509434,0,0,0,0,0,0,23,110,2,2,1,25,0,0
2024,3,,Chicago Bears,Indianapolis Colts,Josh Downs,IND,Chicago Bears,away,21,16,WR,0,0.0,0,0,0,0,0,0,0,0,0,5,3,22,0,0
2024,3,,Chicago Bears,Indianapolis Colts,Kylen Granson,IND,Chicago Bears,away,21,16,TE,0,0.0,0,0,0,0,0,0,0,0,0,1,1,40,0,0
2024,3,,Chicago Bears,Indianapolis Colts,Michael Pittman Jr.,IND,Chicago Bears,away,21,16,WR,0,0.0,0,0,0,0,0,0,0,0,0,5,4,36,0,0
2024,3,,Chicago Bears,Indianapolis Colts,Mo Alie-Cox,IND,Chicago Bears,away,21,16,TE,0,0.0,0,0,0,0,0,0,0,0,0,1,0,0,0,0
2024,3,,Chicago Bears,Indianapolis Colts,Trey Sermon,IND,Chicago Bears,away,21,16,RB,2,3.7735849056603774,0,0,0,0,0,0,2,16,1,0,0,0,0,0
2024,3,"68 degrees, relative humidity 87%, wind 5 mph",Jacksonville Jaguars,Buffalo Bills,Brenton Strange,JAX,Jacksonville Jaguars,away,47,10,TE,0,0.0,0,0,0,0,0,0,0,0,0,5,2,12,1,0
2024,3,"68 degrees, relative humidity 87%, wind 5 mph",Jacksonville Jaguars,Buffalo Bills,Brian Thomas,JAX,Jacksonville Jaguars,away,47,10,WR,0,0.0,0,0,0,0,0,0,0,0,0,9,5,48,0,0
2024,3,"68 degrees, relative humidity 87%, wind 5 mph",Jacksonville Jaguars,Buffalo Bills,Christian Kirk,JAX,Jacksonville Jaguars,away,47,10,WR,0,0.0,0,0,0,0,0,0,0,0,0,10,8,79,0,0
2024,3,"68 degrees, relative humidity 87%, wind 5 mph",Jacksonville Jaguars,Buffalo Bills,D'Ernest Johnson,JAX,Jacksonville Jaguars,away,47,10,RB,2,3.1746031746031744,0,0,0,0,0,0,2,12,0,1,0,0,0,0
2024,3,"68 degrees, relative humidity 87%, wind 5 mph",Jacksonville Jaguars,Buffalo Bills,Devin Duvernay,JAX,Jacksonville Jaguars,away,47,10,WR,0,0.0,0,0,0,0,0,0,0,0,0,1,1,-1,0,0
2024,3,"68 degrees, relative humidity 87%, wind 5 mph",Jacksonville Jaguars,Buffalo Bills,Gabriel Davis,JAX,Jacksonville Jaguars,away,47,10,WR,0,0.0,0,0,0,0,0,0,0,0,0,6,2,18,0,0
2024,3,"68 degrees, relative humidity 87%, wind 5 mph",Jacksonville Jaguars,Buffalo Bills,Josiah Deguara,JAX,Jacksonville Jaguars,away,47,10,TE,0,0.0,0,0,0,0,0,0,0,0,0,1,1,8,0,0
2024,3,"68 degrees, relative humidity 87%, wind 5 mph",Jacksonville Jaguars,Buffalo Bills,Luke Farrell,JAX,Jacksonville Jaguars,away,47,10,TE,0,0.0,0,0,0,0,0,0,0,0,0,2,1,1,0,0
2024,3,"68 degrees, relative humidity 87%, wind 5 mph",Jacksonville Jaguars,Buffalo Bills,Mac Jones,JAX,Jacksonville Jaguars,away,47,10,QB,8,12.698412698412698,5,8,22,0,0,1,0,0,0,0,0,0,0,1
2024,3,"68 degrees, relative humidity 87%, wind 5 mph",Jacksonville Jaguars,Buffalo Bills,Parker Washington,JAX,Jacksonville Jaguars,away,47,10,WR,0,0.0,0,0,0,0,0,0,0,0,0,3,2,18,0,0
2024,3,"68 degrees, relative humidity 87%, wind 5 mph",Jacksonville Jaguars,Buffalo Bills,Tank Bigsby,JAX,Jacksonville Jaguars,away,47,10,RB,2,3.1746031746031744,0,0,0,0,0,0,2,9,0,0,0,0,0,0
2024,3,"68 degrees, relative humidity 87%, wind 5 mph",Jacksonville Jaguars,Buffalo Bills,Travis Etienne,JAX,Jacksonville Jaguars,away,47,10,RB,11,17.46031746031746,0,0,0,0,0,0,11,68,0,6,4,17,0,0
2024,3,"68 degrees, relative humidity 87%, wind 5 mph",Jacksonville Jaguars,Buffalo Bills,Trevor Lawrence,JAX,Jacksonville Jaguars,away,47,10,QB,40,63.49206349206349,21,38,178,1,1,4,2,3,0,0,0,0,0,0
2024,3,,Atlanta Falcons,Kansas City Chiefs,Carson Steele,KAN,Atlanta Falcons,away,22,17,RB,17,23.61111111111111,0,0,0,0,0,0,17,72,0,2,1,2,0,0
2024,3,,Atlanta Falcons,Kansas City Chiefs,JuJu Smith-Schuster,KAN,Atlanta Falcons,away,22,17,WR,0,0.0,0,0,0,0,0,0,0,0,0,3,2,17,1,0
2024,3,,Atlanta Falcons,Kansas City Chiefs,Justin Watson,KAN,Atlanta Falcons,away,22,17,WR,0,0.0,0,0,0,0,0,0,0,0,0,2,1,13,0,0
2024,3,,Atlanta Falcons,Kansas City Chiefs,Noah Gray,KAN,Atlanta Falcons,away,22,17,TE,0,0.0,0,0,0,0,0,0,0,0,0,2,1,13,0,0
2024,3,,Atlanta Falcons,Kansas City Chiefs,Patrick Mahomes,KAN,Atlanta Falcons,away,22,17,QB,45,62.5,26,39,217,2,1,0,6,17,0,0,0,0,0,0
2024,3,,Atlanta Falcons,Kansas City Chiefs,Rashee Rice,KAN,Atlanta Falcons,away,22,17,WR,1,1.3888888888888888,0,0,0,0,0,0,1,1,0,14,12,110,1,0
2024,3,,Atlanta Falcons,Kansas City Chiefs,Samaje Perine,KAN,Atlanta Falcons,away,22,17,RB,6,8.333333333333332,0,0,0,0,0,0,6,25,0,4,3,15,0,0
2024,3,,Atlanta Falcons,Kansas City Chiefs,Travis Kelce,KAN,Atlanta Falcons,away,22,17,TE,0,0.0,0,0,0,0,0,0,0,0,0,5,4,30,0,0
2024,3,,Atlanta Falcons,Kansas City Chiefs,Xavier Worthy,KAN,Atlanta Falcons,away,22,17,WR,3,4.166666666666666,0,0,0,0,0,0,3,13,0,4,2,17,0,0
2024,3,"72 degrees, relative humidity 73%, wind 2 mph",Los Angeles Chargers,Pittsburgh Steelers,Derius Davis,LAC,Los Angeles Chargers,away,20,10,WR,1,2.5,0,0,0,0,0,0,1,8,0,0,0,0,0,0
2024,3,"72 degrees, relative humidity 73%, wind 2 mph",Los Angeles Chargers,Pittsburgh Steelers,Gus Edwards,LAC,Los Angeles Chargers,away,20,10,RB,3,7.5,0,0,0,0,0,0,3,9,0,0,0,0,0,0
2024,3,"72 degrees, relative humidity 73%, wind 2 mph",Los Angeles Chargers,Pittsburgh Steelers,Hayden Hurst,LAC,Los Angeles Chargers,away,20,10,TE,0,0.0,0,0,0,0,0,0,0,0,0,2,2,15,0,0
2024,3,"72 degrees, relative humidity 73%, wind 2 mph",Los Angeles Chargers,Pittsburgh Steelers,J.K. Dobbins,LAC,Los Angeles Chargers,away,20,10,RB,15,37.5,0,0,0,0,0,0,15,44,0,3,3,10,0,0
2024,3,"72 degrees, relative humidity 73%, wind 2 mph",Los Angeles Chargers,Pittsburgh Steelers,Justin Herbert,LAC,Los Angeles Chargers,away,20,10,QB,19,47.5,12,18,125,1,0,2,1,0,0,0,0,0,0,1
2024,3,"72 degrees, relative humidity 73%, wind 2 mph",Los Angeles Chargers,Pittsburgh Steelers,Ladd McConkey,LAC,Los Angeles Chargers,away,20,10,WR,0,0.0,0,0,0,0,0,0,0,0,0,6,3,44,0,0
2024,3,"72 degrees, relative humidity 73%, wind 2 mph",Los Angeles Chargers,Pittsburgh Steelers,Quentin Johnston,LAC,Los Angeles Chargers,away,20,10,WR,0,0.0,0,0,0,0,0,0,0,0,0,2,2,44,1,0
2024,3,"72 degrees, relative humidity 73%, wind 2 mph",Los Angeles Chargers,Pittsburgh Steelers,Simi Fehoko,LAC,Los Angeles Chargers,away,20,10,WR,0,0.0,0,0,0,0,0,0,0,0,0,3,1,17,0,0
2024,3,"72 degrees, relative humidity 73%, wind 2 mph",Los Angeles Chargers,Pittsburgh Steelers,Taylor Heinicke,LAC,Los Angeles Chargers,away,20,10,QB,2,5.0,2,2,24,0,0,3,0,0,0,0,0,0,0,0
2024,3,"72 degrees, relative humidity 73%, wind 2 mph",Los Angeles Chargers,Pittsburgh Steelers,Will Dissly,LAC,Los Angeles Chargers,away,20,10,TE,0,0.0,0,0,0,0,0,0,0,0,0,3,3,19,0,0
2024,3,,San Francisco 49ers,Los Angeles Rams,Colby Parkinson,LAR,San Francisco 49ers,away,27,24,TE,0,0.0,0,0,0,0,0,0,0,0,0,5,3,21,0,0
2024,3,,San Francisco 49ers,Los Angeles Rams,Demarcus Robinson,LAR,San Francisco 49ers,away,27,24,WR,0,0.0,0,0,0,0,0,0,0,0,0,4,1,32,0,0
2024,3,,San Francisco 49ers,Los Angeles Rams,Jordan Whittington,LAR,San Francisco 49ers,away,27,24,WR,0,0.0,0,0,0,0,0,0,0,0,0,3,3,28,0,0
2024,3,,San Francisco 49ers,Los Angeles Rams,Kyren Williams,LAR,San Francisco 49ers,away,27,24,RB,24,46.15384615384615,0,0,0,0,0,0,24,89,2,2,2,27,1,0
2024,3,,San Francisco 49ers,Los Angeles Rams,Matthew Stafford,LAR,San Francisco 49ers,away,27,24,QB,25,48.07692307692308,16,25,221,1,0,3,0,0,0,0,0,0,0,0
2024,3,,San Francisco 49ers,Los Angeles Rams,Ronnie Rivers,LAR,San Francisco 49ers,away,27,24,RB,2,3.8461538461538463,0,0,0,0,0,0,2,9,0,0,0,0,0,0
2024,3,,San Francisco 49ers,Los Angeles Rams,Tutu Atwell,LAR,San Francisco 49ers,away,27,24,WR,1,1.9230769230769231,0,1,0,0,0,0,0,0,0,5,4,93,0,0
2024,3,,San Francisco 49ers,Los Angeles Rams,Tyler Johnson,LAR,San Francisco 49ers,away,27,24,WR,0,0.0,0,0,0,0,0,0,0,0,0,4,3,20,0,0
2024,3,,Las Vegas Raiders,Carolina Panthers,Aidan O'Connell,LVR,Las Vegas Raiders,away,36,22,QB,12,21.428571428571427,9,12,82,1,0,1,0,0,0,0,0,0,0,0
2024,3,,Las Vegas Raiders,Carolina Panthers,Alexander Mattison,LVR,Las Vegas Raiders,away,36,22,RB,3,5.357142857142857,0,0,0,0,0,0,3,7,1,3,3,37,0,0
2024,3,,Las Vegas Raiders,Carolina Panthers,Ameer Abdullah,LVR,Las Vegas Raiders,away,36,22,RB,0,0.0,0,0,0,0,0,0,0,0,0,2,2,13,0,0
2024,3,,Las Vegas Raiders,Carolina Panthers,Brock Bowers,LVR,Las Vegas Raiders,away,36,22,TE,0,0.0,0,0,0,0,0,0,0,0,0,4,3,41,0,0
2024,3,,Las Vegas Raiders,Carolina Panthers,Davante Adams,LVR,Las Vegas Raiders,away,36,22,WR,0,0.0,0,0,0,0,0,0,0,0,0,9,4,40,0,0
2024,3,,Las Vegas Raiders,Carolina Panthers,Gardner Minshew,LVR,Las Vegas Raiders,away,36,22,UNK,31,55.35714285714286,18,28,214,1,1,2,3,14,0,0,0,0,0,0
2024,3,,Las Vegas Raiders,Carolina Panthers,Jakobi Meyers,LVR,Las Vegas Raiders,away,36,22,WR,0,0.0,0,0,0,0,0,0,0,0,0,9,7,62,1,0
2024,3,,Las Vegas Raiders,Carolina Panthers,Michael Mayer,LVR,Las Vegas Raiders,away,36,22,TE,0,0.0,0,0,0,0,0,0,0,0,0,3,1,7,0,0
2024,3,,Las Vegas Raiders,Carolina Panthers,Tre Tucker,LVR,Las Vegas Raiders,away,36,22,WR,0,0.0,0,0,0,0,0,0,0,0,0,9,7,96,1,0
2024,3,,Las Vegas Raiders,Carolina Panthers,Zamir White,LVR,Las Vegas Raiders,away,36,22,RB,10,17.857142857142858,0,0,0,0,0,0,10,34,0,0,0,0,0,0
2024,3,"64 degrees, relative humidity 66%, wind 2 mph",Miami Dolphins,Seattle Seahawks,Alec Ingold,MIA,Miami Dolphins,away,24,3,FB,1,2.0,0,0,0,0,0,0,1,-2,0,3,3,16,0,1
2024,3,"64 degrees, relative humidity 66%, wind 2 mph",Miami Dolphins,Seattle Seahawks,Braxton Berrios,MIA,Miami Dolphins,away,24,3,WR,0,0.0,0,0,0,0,0,0,0,0,0,1,0,0,0,0
2024,3,"64 degrees, relative humidity 66%, wind 2 mph",Miami Dolphins,Seattle Seahawks,D'Wayne Eskridge,MIA,Miami Dolphins,away,24,3,WR,0,0.0,0,0,0,0,0,0,0,0,0,1,1,30,0,0
2024,3,"64 degrees, relative humidity 66%, wind 2 mph",Miami Dolphins,Seattle Seahawks,De'Von Achane,MIA,Miami Dolphins,away,24,3,RB,11,22.0,0,0,0,0,0,0,11,30,0,5,3,28,0,0
2024,3,"64 degrees, relative humidity 66%, wind 2 mph",Miami Dolphins,Seattle Seahawks,Durham Smythe,MIA,Miami Dolphins,away,24,3,TE,0,0.0,0,0,0,0,0,0,0,0,0,2,1,3,0,0
2024,3,"64 degrees, relative humidity 66%, wind 2 mph",Miami Dolphins,Seattle Seahawks,Erik Ezukanma,MIA,Miami Dolphins,away,24,3,WR,0,0.0,0,0,0,0,0,0,0,0,0,2,0,0,0,0
2024,3,"64 degrees, relative humidity 66%, wind 2 mph",Miami Dolphins,Seattle Seahawks,Jaylen Waddle,MIA,Miami Dolphins,away,24,3,WR,0,0.0,0,0,0,0,0,0,0,0,0,5,4,26,0,0
2024,3,"64 degrees, relative humidity 66%, wind 2 mph",Miami Dolphins,Seattle Seahawks,Jaylen Wright,MIA,Miami Dolphins,away,24,3,RB,2,4.0,0,0,0,0,0,0,2,17,0,0,0,0,0,0
2024,3,"64 degrees, relative humidity 66%, wind 2 mph",Miami Dolphins,Seattle Seahawks,Jeff Wilson,MIA,Miami Dolphins,away,24,3,RB,3,6.0,0,0,0,0,0,0,3,14,0,0,0,0,0,0
2024,3,"64 degrees, relative humidity 66%, wind 2 mph",Miami Dolphins,Seattle Seahawks,Jonnu Smith,MIA,Miami Dolphins,away,24,3,TE,0,0.0,0,0,0,0,0,0,0,0,0,3,2,18,0,0
2024,3,"64 degrees, relative humidity 66%, wind 2 mph",Miami Dolphins,Seattle Seahawks,Julian Hill,MIA,Miami Dolphins,away,24,3,TE,0,0.0,0,0,0,0,0,0,0,0,0,2,2,24,0,0
2024,3,"64 degrees, relative humidity 66%, wind 2 mph",Miami Dolphins,Seattle Seahawks,Skylar Thompson,MIA,Miami Dolphins,away,24,3,QB,19,38.0,13,19,107,0,0,5,0,0,0,0,0,0,0,2
2024,3,"64 degrees, relative humidity 66%, wind 2 mph",Miami Dolphins,Seattle Seahawks,Tanner Conner,MIA,Miami Dolphins,away,24,3,WR,0,0.0,0,0,0,0,0,0,0,0,0,2,1,1,0,0
2024,3,"64 degrees, relative humidity 66%, wind 2 mph",Miami Dolphins,Seattle Seahawks,Tim Boyle,MIA,Miami Dolphins,away,24,3,QB,14,28.000000000000004,7,13,79,0,0,1,1,6,0,0,0,0,0,0
2024,3,"64 degrees, relative humidity 66%, wind 2 mph",Miami Dolphins,Seattle Seahawks,Tyreek Hill,MIA,Miami Dolphins,away,24,3,WR,0,0.0,0,0,0,0,0,0,0,0,0,5,3,40,0,0
2024,3,,Houston Texans,Minnesota Vikings,Aaron Jones,MIN,Houston Texans,away,34,7,RB,19,33.92857142857143,0,0,0,0,0,0,19,102,0,6,5,46,1,0
2024,3,,Houston Texans,Minnesota Vikings,Brandon Powell,MIN,Houston Texans,away,34,7,WR,0,0.0,0,0,0,0,0,0,0,0,0,2,1,13,0,0
2024,3,,Houston Texans,Minnesota Vikings,Jalen Nailor,MIN,Houston Texans,away,34,7,WR,1,1.7857142857142856,0,0,0,0,0,0,1,3,0,4,3,31,1,0
2024,3,,Houston Texans,Minnesota Vikings,Johnny Mundt,MIN,Houston Texans,away,34,7,TE,0,0.0,0,0,0,0,0,0,0,0,0,3,1,2,1,0
2024,3,,Houston Texans,Minnesota Vikings,Josh Oliver,MIN,Houston Texans,away,34,7,TE,0,0.0,0,0,0,0,0,0,0,0,0,1,0,0,0,0
2024,3,,Houston Texans,Minnesota Vikings,Justin Jefferson,MIN,Houston Texans,away,34,7,WR,0,0.0,0,0,0,0,0,0,0,0,0,8,6,81,1,0
2024,3,,Houston Texans,Minnesota Vikings,Nick Mullens,MIN,Houston Texans,away,34,7,QB,1,1.7857142857142856,0,0,0,0,0,0,1,0,0,0,0,0,0,0
2024,3,,Houston Texans,Minnesota Vikings,Sam Darnold,MIN,Houston Texans,away,34,7,QB,28,50.0,17,28,181,4,0,4,0,0,0,0,0,0,0,1
2024,3,,Houston Texans,Minnesota Vikings,Trent Sherfield,MIN,Houston Texans,away,34,7,WR,0,0.0,0,0,0,0,0,0,0,0,0,1,1,8,0,0
2024,3,,Houston Texans,Minnesota Vikings,Ty Chandler,MIN,Houston Texans,away,34,7,RB,7,12.5,0,0,0,0,0,0,7,13,0,0,0,0,0,0
2024,3,,New Orleans Saints,Philadelphia Eagles,Alvin Kamara,NOR,New Orleans Saints,away,15,12,RB,26,48.148148148148145,0,0,0,0,0,0,26,87,0,3,3,40,0,0
2024,3,,New Orleans Saints,Philadelphia Eagles,Cedrick Wilson Jr.,NOR,New Orleans Saints,away,15,12,WR,0,0.0,0,0,0,0,0,0,0,0,0,1,1,3,0,0
2024,3,,New Orleans Saints,Philadelphia Eagles,Chris Olave,NOR,New Orleans Saints,away,15,12,WR,0,0.0,0,0,0,0,0,0,0,0,0,6,6,86,1,0
2024,3,,New Orleans Saints,Philadelphia Eagles,Derek Carr,NOR,New Orleans Saints,away,15,12,QB,27,50.0,14,25,142,1,1,1,2,3,0,0,0,0,0,0
2024,3,,New Orleans Saints,Philadelphia Eagles,Foster Moreau,NOR,New Orleans Saints,away,15,12,TE,0,0.0,0,0,0,0,0,0,0,0,0,2,1,2,0,0
2024,3,,New Orleans Saints,Philadelphia Eagles,Jamaal Williams,NOR,New Orleans Saints,away,15,12,RB,1,1.8518518518518516,0,0,0,0,0,0,1,-1,0,3,1,0,0,0
2024,3,,New Orleans Saints,Philadelphia Eagles,Mason Tipton,NOR,New Orleans Saints,away,15,12,WR,0,0.0,0,0,0,0,0,0,0,0,0,3,2,11,0,0
2024,3,,New Orleans Saints,Philadelphia Eagles,Rashid Shaheed,NOR,New Orleans Saints,away,15,12,WR,0,0.0,0,0,0,0,0,0,0,0,0,5,0,0,0,0
2024,3,"75 degrees, relative humidity 63%, wind 5 mph",New England Patriots,New York Jets,Antonio Gibson,NWE,New England Patriots,away,24,3,RB,5,12.195121951219512,0,0,0,0,0,0,5,29,0,3,3,8,0,0
2024,3,"75 degrees, relative humidity 63%, wind 5 mph",New England Patriots,New York Jets,Austin Hooper,NWE,New England Patriots,away,24,3,TE,0,0.0,0,0,0,0,0,0,0,0,0,4,1,19,0,0
2024,3,"75 degrees, relative humidity 63%, wind 5 mph",New England Patriots,New York Jets,Demario Douglas,NWE,New England Patriots,away,24,3,WR,1,2.4390243902439024,0,0,0,0,0,0,1,9,0,9,7,69,0,0
2024,3,"75 degrees, relative humidity 63%, wind 5 mph",New England Patriots,New York Jets,Drake Maye,NWE,New England Patriots,away,24,3,QB,10,24.390243902439025,4,8,22,0,0,2,2,12,0,0,0,0,0,0
2024,3,"75 degrees, relative humidity 63%, wind 5 mph",New England Patriots,New York Jets,Hunter Henry,NWE,New England Patriots,away,24,3,TE,0,0.0,0,0,0,0,0,0,0,0,0,3,2,9,0,0
2024,3,"75 degrees, relative humidity 63%, wind 5 mph",New England Patriots,New York Jets,Ja'Lynn Polk,NWE,New England Patriots,away,24,3,WR,0,0.0,0,0,0,0,0,0,0,0,0,2,2,13,0,0
2024,3,"75 degrees, relative humidity 63%, wind 5 mph",New England Patriots,New York Jets,Jacoby Brissett,NWE,New England Patriots,away,24,3,QB,18,43.90243902439025,12,18,98,0,0,5,0,0,0,0,0,0,0,0
2024,3,"75 degrees, relative humidity 63%, wind 5 mph",New England Patriots,New York Jets,Jamycal Hasty,NWE,New England Patriots,away,24,3,RB,1,2.4390243902439024,0,0,0,0,0,0,1,5,0,0,0,0,0,0
2024,3,"75 degrees, relative humidity 63%, wind 5 mph",New England Patriots,New York Jets,Kayshon Boutte,NWE,New England Patriots,away,24,3,WR,0,0.0,0,0,0,0,0,0,0,0,0,2,1,2,0,0
2024,3,"75 degrees, relative humidity 63%, wind 5 mph",New England Patriots,New York Jets,Rhamondre Stevenson,NWE,New England Patriots,away,24,3,RB,6,14.634146341463413,0,0,0,0,0,0,6,23,0,0,0,0,0,1
2024,3,"75 degrees, relative humidity 63%, wind 5 mph",New England Patriots,New York Jets,Tyquan Thornton,NWE,New England Patriots,away,24,3,WR,0,0.0,0,0,0,0,0,0,0,0,0,1,0,0,0,0
2024,3,"76 degrees, relative humidity 62%, wind 4 mph",Cleveland Browns,New York Giants,Daniel Bellinger,NYG,Cleveland Browns,away,21,15,TE,0,0.0,0,0,0,0,0,0,0,0,0,1,1,17,0,0
2024,3,"76 degrees, relative humidity 62%, wind 4 mph",Cleveland Browns,New York Giants,Daniel Jones,NYG,Cleveland Browns,away,21,15,QB,42,62.68656716417911,24,34,236,2,0,2,8,20,0,0,0,0,0,1
2024,3,"76 degrees, relative humidity 62%, wind 4 mph",Cleveland Browns,New York Giants,Darius Slayton,NYG,Cleveland Browns,away,21,15,WR,0,0.0,0,0,0,0,0,0,0,0,0,2,1,7,0,0
2024,3,"76 degrees, relative humidity 62%, wind 4 mph",Cleveland Browns,New York Giants,Devin Singletary,NYG,Cleveland Browns,away,21,15,RB,16,23.88059701492537,0,0,0,0,0,0,16,65,1,4,4,43,0,1
2024,3,"76 degrees, relative humidity 62%, wind 4 mph",Cleveland Browns,New York Giants,Eric Gray,NYG,Cleveland Browns,away,21,15,RB,1,1.4925373134328357,0,0,0,0,0,0,1,0,0,0,0,0,0,1
2024,3,"76 degrees, relative humidity 62%, wind 4 mph",Cleveland Browns,New York Giants,Jalin Hyatt,NYG,Cleveland Browns,away,21,15,WR,0,0.0,0,0,0,0,0,0,0,0,0,1,0,0,0,0
2024,3,"76 degrees, relative humidity 62%, wind 4 mph",Cleveland Browns,New York Giants,Malik Nabers,NYG,Cleveland Browns,away,21,15,WR,3,4.477611940298507,0,1,0,0,0,0,2,4,0,12,8,78,2,0
2024,3,"76 degrees, relative humidity 62%, wind 4 mph",Cleveland Browns,New York Giants,Theo Johnson,NYG,Cleveland Browns,away,21,15,TE,0,0.0,0,0,0,0,0,0,0,0,0,3,1,13,0,0
2024,3,"76 degrees, relative humidity 62%, wind 4 mph",Cleveland Browns,New York Giants,Tyrone Tracy Jr.,NYG,Cleveland Browns,away,21,15,RB,5,7.462686567164178,0,0,0,0,0,0,5,23,0,2,2,17,0,0
2024,3,"76 degrees, relative humidity 62%, wind 4 mph",Cleveland Browns,New York Giants,Wan'Dale Robinson,NYG,Cleveland Browns,away,21,15,WR,0,0.0,0,0,0,0,0,0,0,0,0,8,7,61,0,0
2024,3,"75 degrees, relative humidity 63%, wind 5 mph",New England Patriots,New York Jets,Aaron Rodgers,NYJ,New England Patriots,away,24,3,QB,38,55.88235294117647,27,35,281,2,0,2,3,18,0,0,0,0,0,0
2024,3,"75 degrees, relative humidity 63%, wind 5 mph",New England Patriots,New York Jets,Allen Lazard,NYJ,New England Patriots,away,24,3,WR,0,0.0,0,0,0,0,0,0,0,0,0,3,3,48,1,0
2024,3,"75 degrees, relative humidity 63%, wind 5 mph",New England Patriots,New York Jets,Braelon Allen,NYJ,New England Patriots,away,24,3,RB,11,16.176470588235293,0,0,0,0,0,0,11,55,0,3,3,13,0,0
2024,3,"75 degrees, relative humidity 63%, wind 5 mph",New England Patriots,New York Jets,Breece Hall,NYJ,New England Patriots,away,24,3,RB,16,23.52941176470588,0,0,0,0,0,0,16,54,1,5,4,29,0,1
2024,3,"75 degrees, relative humidity 63%, wind 5 mph",New England Patriots,New York Jets,Garrett Wilson,NYJ,New England Patriots,away,24,3,WR,0,0.0,0,0,0,0,0,0,0,0,0,9,5,33,1,0
2024,3,"75 degrees, relative humidity 63%, wind 5 mph",New England Patriots,New York Jets,Isaiah Davis,NYJ,New England Patriots,away,24,3,RB,3,4.411764705882353,0,0,0,0,0,0,3,6,0,0,0,0,0,0
2024,3,"75 degrees, relative humidity 63%, wind 5 mph",New England Patriots,New York Jets,Jeremy Ruckert,NYJ,New England Patriots,away,24,3,TE,0,0.0,0,0,0,0,0,0,0,0,0,2,2,15,0,0
2024,3,"75 degrees, relative humidity 63%, wind 5 mph",New England Patriots,New York Jets,Mike Williams,NYJ,New England Patriots,away,24,3,WR,0,0.0,0,0,0,0,0,0,0,0,0,4,3,34,0,0
2024,3,"75 degrees, relative humidity 63%, wind 5 mph",New England Patriots,New York Jets,Tyler Conklin,NYJ,New England Patriots,away,24,3,TE,0,0.0,0,0,0,0,0,0,0,0,0,6,5,93,0,0
2024,3,"75 degrees, relative humidity 63%, wind 5 mph",New England Patriots,New York Jets,Xavier Gipson,NYJ,New England Patriots,away,24,3,WR,0,0.0,0,0,0,0,0,0,0,0,0,2,2,16,0,0
2024,3,,New Orleans Saints,Philadelphia Eagles,Britain Covey,PHI,New Orleans Saints,away,15,12,WR,0,0.0,0,0,0,0,0,0,0,0,0,1,1,11,0,0
2024,3,,New Orleans Saints,Philadelphia Eagles,Dallas Goedert,PHI,New Orleans Saints,away,15,12,TE,0,0.0,0,0,0,0,0,0,0,0,0,11,10,170,0,1
2024,3,,New Orleans Saints,Philadelphia Eagles,DeVonta Smith,PHI,New Orleans Saints,away,15,12,WR,0,0.0,0,0,0,0,0,0,0,0,0,10,7,79,0,0
2024,3,,New Orleans Saints,Philadelphia Eagles,Jahan Dotson,PHI,New Orleans Saints,away,15,12,WR,0,0.0,0,0,0,0,0,0,0,0,0,3,2,8,0,0
2024,3,,New Orleans Saints,Philadelphia Eagles,Jalen Hurts,PHI,New Orleans Saints,away,15,12,QB,46,73.01587301587301,29,38,311,0,1,4,8,25,0,0,0,0,0,1
2024,3,,New Orleans Saints,Philadelphia Eagles,Johnny Wilson,PHI,New Orleans Saints,away,15,12,WR,0,0.0,0,0,0,0,0,0,0,0,0,2,1,9,0,0
2024,3,,New Orleans Saints,Philadelphia Eagles,Kenneth Gainwell,PHI,New Orleans Saints,away,15,12,RB,0,0.0,0,0,0,0,0,0,0,0,0,3,2,12,0,0
2024,3,,New Orleans Saints,Philadelphia Eagles,Parris Campbell,PHI,New Orleans Saints,away,15,12,WR,0,0.0,0,0,0,0,0,0,0,0,0,2,2,13,0,0
2024,3,,New Orleans Saints,Philadelphia Eagles,Saquon Barkley,PHI,New Orleans Saints,away,15,12,RB,17,26.984126984126984,0,0,0,0,0,0,17,147,2,4,4,9,0,0
2024,3,"72 degrees, relative humidity 73%, wind 2 mph",Los Angeles Chargers,Pittsburgh Steelers,Calvin Austin,PIT,Los Angeles Chargers,away,20,10,UNK,0,0.0,0,0,0,0,0,0,0,0,0,5,4,95,1,0
2024,3,"72 degrees, relative humidity 73%, wind 2 mph",Los Angeles Chargers,Pittsburgh Steelers,Connor Heyward,PIT,Los Angeles Chargers,away,20,10,TE,0,0.0,0,0,0,0,0,0,0,0,0,1,1,2,0,0
2024,3,"72 degrees, relative humidity 73%, wind 2 mph",Los Angeles Chargers,Pittsburgh Steelers,Cordarrelle Patterson,PIT,Los Angeles Chargers,away,20,10,RB,4,6.349206349206349,0,0,0,0,0,0,4,33,0,5,3,15,0,0
2024,3,"72 degrees, relative humidity 73%, wind 2 mph",Los Angeles Chargers,Pittsburgh Steelers,George Pickens,PIT,Los Angeles Chargers,away,20,10,WR,0,0.0,0,0,0,0,0,0,0,0,0,7,5,57,0,0
2024,3,"72 degrees, relative humidity 73%, wind 2 mph",Los Angeles Chargers,Pittsburgh Steelers,Jaylen Warren,PIT,Los Angeles Chargers,away,20,10,RB,3,4.761904761904762,0,0,0,0,0,0,3,5,0,1,1,-4,0,0
2024,3,"72 degrees, relative humidity 73%, wind 2 mph",Los Angeles Chargers,Pittsburgh Steelers,Justin Fields,PIT,Los Angeles Chargers,away,20,10,QB,38,60.317460317460316,25,32,245,1,1,2,6,6,1,0,0,0,0,0
2024,3,"72 degrees, relative humidity 73%, wind 2 mph",Los Angeles Chargers,Pittsburgh Steelers,Najee Harris,PIT,Los Angeles Chargers,away,20,10,RB,18,28.57142857142857,0,0,0,0,0,0,18,70,0,5,5,16,0,0
2024,3,"72 degrees, relative humidity 73%, wind 2 mph",Los Angeles Chargers,Pittsburgh Steelers,Pat Freiermuth,PIT,Los Angeles Chargers,away,20,10,TE,0,0.0,0,0,0,0,0,0,0,0,0,5,4,33,0,0
2024,3,"72 degrees, relative humidity 73%, wind 2 mph",Los Angeles Chargers,Pittsburgh Steelers,Scott Miller,PIT,Los Angeles Chargers,away,20,10,WR,0,0.0,0,0,0,0,0,0,0,0,0,2,2,31,0,0
2024,3,"64 degrees, relative humidity 66%, wind 2 mph",Miami Dolphins,Seattle Seahawks,AJ Barner,SEA,Miami Dolphins,away,24,3,TE,0,0.0,0,0,0,0,0,0,0,0,0,3,3,13,0,0
2024,3,"64 degrees, relative humidity 66%, wind 2 mph",Miami Dolphins,Seattle Seahawks,D.K. Metcalf,SEA,Miami Dolphins,away,24,3,WR,0,0.0,0,0,0,0,0,0,0,0,0,6,4,104,1,0
2024,3,"64 degrees, relative humidity 66%, wind 2 mph",Miami Dolphins,Seattle Seahawks,Geno Smith,SEA,Miami Dolphins,away,24,3,QB,36,63.1578947368421,26,34,289,1,2,3,2,-2,0,0,0,0,0,1
2024,3,"64 degrees, relative humidity 66%, wind 2 mph",Miami Dolphins,Seattle Seahawks,Jaxon Smith-Njigba,SEA,Miami Dolphins,away,24,3,WR,0,0.0,0,0,0,0,0,0,0,0,0,3,3,39,0,0
2024,3,"64 degrees, relative humidity 66%, wind 2 mph",Miami Dolphins,Seattle Seahawks,Kenny McIntosh,SEA,Miami Dolphins,away,24,3,RB,3,5.263157894736842,0,0,0,0,0,0,3,11,0,0,0,0,0,0
2024,3,"64 degrees, relative humidity 66%, wind 2 mph",Miami Dolphins,Seattle Seahawks,Laviska Shenault Jr.,SEA,Miami Dolphins,away,24,3,WR,0,0.0,0,0,0,0,0,0,0,0,0,1,1,2,0,0
2024,3,"64 degrees, relative humidity 66%, wind 2 mph",Miami Dolphins,Seattle Seahawks,Noah Fant,SEA,Miami Dolphins,away,24,3,TE,0,0.0,0,0,0,0,0,0,0,0,0,6,6,60,0,0
2024,3,"64 degrees, relative humidity 66%, wind 2 mph",Miami Dolphins,Seattle Seahawks,Pharaoh Brown,SEA,Miami Dolphins,away,24,3,TE,0,0.0,0,0,0,0,0,0,0,0,0,2,1,9,0,0
2024,3,"64 degrees, relative humidity 66%, wind 2 mph",Miami Dolphins,Seattle Seahawks,Tyler Lockett,SEA,Miami Dolphins,away,24,3,WR,0,0.0,0,0,0,0,0,0,0,0,0,8,5,46,0,0
2024,3,"64 degrees, relative humidity 66%, wind 2 mph",Miami Dolphins,Seattle Seahawks,Zach Charbonnet,SEA,Miami Dolphins,away,24,3,RB,18,31.57894736842105,0,0,0,0,0,0,18,91,2,4,3,16,0,0
2024,3,,San Francisco 49ers,Los Angeles Rams,Brandon Aiyuk,SFO,San Francisco 49ers,away,27,24,WR,0,0.0,0,0,0,0,0,0,0,0,0,10,5,48,0,0
2024,3,,San Francisco 49ers,Los Angeles Rams,Brock Purdy,SFO,San Francisco 49ers,away,27,24,QB,40,62.5,22,30,292,3,0,1,10,41,0,0,0,0,0,1
2024,3,,San Francisco 49ers,Los Angeles Rams,Dominick Puni,SFO,San Francisco 49ers,away,27,24,G,0,0.0,0,0,0,0,0,0,0,0,0,0,0,-3,0,0
2024,3,,San Francisco 49ers,Los Angeles Rams,Eric Saubert,SFO,San Francisco 49ers,away,27,24,TE,0,0.0,0,0,0,0,0,0,0,0,0,2,2,41,0,0
2024,3,,San Francisco 49ers,Los Angeles Rams,Isaac Guerendo,SFO,San Francisco 49ers,away,27,24,RB,5,7.8125,0,0,0,0,0,0,5,19,0,0,0,0,0,0
2024,3,,San Francisco 49ers,Los Angeles Rams,Jake Brendel,SFO,San Francisco 49ers,away,27,24,C,0,0.0,0,0,0,0,0,0,0,0,0,0,0,2,0,1
2024,3,,San Francisco 49ers,Los Angeles Rams,Jauan Jennings,SFO,San Francisco 49ers,away,27,24,WR,0,0.0,0,0,0,0,0,0,0,0,0,12,11,175,3,0
2024,3,,San Francisco 49ers,Los Angeles Rams,Jordan Mason,SFO,San Francisco 49ers,away,27,24,RB,19,29.6875,0,0,0,0,0,0,19,77,0,2,2,11,0,0
2024,3,,San Francisco 49ers,Los Angeles Rams,Kyle Juszczyk,SFO,San Francisco 49ers,away,27,24,FB,0,0.0,0,0,0,0,0,0,0,0,0,1,1,6,0,0
2024,3,,San Francisco 49ers,Los Angeles Rams,Ronnie Bell,SFO,San Francisco 49ers,away,27,24,WR,0,0.0,0,0,0,0,0,0,0,0,0,3,1,12,0,0
2024,3,"85 degrees, relative humidity 61%, wind 6 mph",Tampa Bay Buccaneers,Denver Broncos,Baker Mayfield,TAM,Tampa Bay Buccaneers,away,26,7,QB,33,67.3469387755102,25,33,163,1,1,7,0,0,0,0,0,0,0,0
2024,3,"85 degrees, relative humidity 61%, wind 6 mph",Tampa Bay Buccaneers,Denver Broncos,Bucky Irving,TAM,Tampa Bay Buccaneers,away,26,7,RB,9,18.367346938775512,0,0,0,0,0,0,9,70,0,3,3,14,0,0
2024,3,"85 degrees, relative humidity 61%, wind 6 mph",Tampa Bay Buccaneers,Denver Broncos,Cade Otton,TAM,Tampa Bay Buccaneers,away,26,7,TE,0,0.0,0,0,0,0,0,0,0,0,0,8,7,47,0,1
2024,3,"85 degrees, relative humidity 61%, wind 6 mph",Tampa Bay Buccaneers,Denver Broncos,Chris Godwin,TAM,Tampa Bay Buccaneers,away,26,7,WR,0,0.0,0,0,0,0,0,0,0,0,0,9,6,53,1,0
2024,3,"85 degrees, relative humidity 61%, wind 6 mph",Tampa Bay Buccaneers,Denver Broncos,Jalen McMillan,TAM,Tampa Bay Buccaneers,away,26,7,WR,0,0.0,0,0,0,0,0,0,0,0,0,1,1,6,0,0
2024,3,"85 degrees, relative humidity 61%, wind 6 mph",Tampa Bay Buccaneers,Denver Broncos,Mike Evans,TAM,Tampa Bay Buccaneers,away,26,7,WR,0,0.0,0,0,0,0,0,0,0,0,0,3,2,17,0,0
2024,3,"85 degrees, relative humidity 61%, wind 6 mph",Tampa Bay Buccaneers,Denver Broncos,Payne Durham,TAM,Tampa Bay Buccaneers,away,26,7,TE,0,0.0,0,0,0,0,0,0,0,0,0,1,1,8,0,0
2024,3,"85 degrees, relative humidity 61%, wind 6 mph",Tampa Bay Buccaneers,Denver Broncos,Rachaad White,TAM,Tampa Bay Buccaneers,away,26,7,RB,6,12.244897959183673,0,0,0,0,0,0,6,17,0,6,5,18,0,0
2024,3,"85 degrees, relative humidity 61%, wind 6 mph",Tampa Bay Buccaneers,Denver Broncos,Sean Tucker,TAM,Tampa Bay Buccaneers,away,26,7,RB,1,2.0408163265306123,0,0,0,0,0,0,1,4,0,0,0,0,0,0
2024,3,"85 degrees, relative humidity 61%, wind 6 mph",Tampa Bay Buccaneers,Denver Broncos,Trey Palmer,TAM,Tampa Bay Buccaneers,away,26,7,WR,0,0.0,0,0,0,0,0,0,0,0,0,1,0,0,0,0
2024,3,"87 degrees, relative humidity 59%, wind 7 mph",Tennessee Titans,Green Bay Packers,Calvin Ridley,TEN,Tennessee Titans,away,30,14,WR,0,0.0,0,0,0,0,0,0,0,0,0,3,1,9,0,0
2024,3,"87 degrees, relative humidity 59%, wind 7 mph",Tennessee Titans,Green Bay Packers,Chigoziem Okonkwo,TEN,Tennessee Titans,away,30,14,TE,0,0.0,0,0,0,0,0,0,0,0,0,2,2,15,0,0
2024,3,"87 degrees, relative humidity 59%, wind 7 mph",Tennessee Titans,Green Bay Packers,DeAndre Hopkins,TEN,Tennessee Titans,away,30,14,WR,0,0.0,0,0,0,0,0,0,0,0,0,7,6,73,1,0
2024,3,"87 degrees, relative humidity 59%, wind 7 mph",Tennessee Titans,Green Bay Packers,Josh Whyle,TEN,Tennessee Titans,away,30,14,TE,0,0.0,0,0,0,0,0,0,0,0,0,5,4,43,0,0
2024,3,"87 degrees, relative humidity 59%, wind 7 mph",Tennessee Titans,Green Bay Packers,Nick Vannett,TEN,Tennessee Titans,away,30,14,TE,0,0.0,0,0,0,0,0,0,0,0,0,2,2,9,1,0
2024,3,"87 degrees, relative humidity 59%, wind 7 mph",Tennessee Titans,Green Bay Packers,Tony Pollard,TEN,Tennessee Titans,away,30,14,RB,6,13.333333333333334,0,0,0,0,0,0,6,14,0,4,3,15,0,0
2024,3,"87 degrees, relative humidity 59%, wind 7 mph",Tennessee Titans,Green Bay Packers,Treylon Burks,TEN,Tennessee Titans,away,30,14,WR,0,0.0,0,0,0,0,0,0,0,0,0,3,1,9,0,0
2024,3,"87 degrees, relative humidity 59%, wind 7 mph",Tennessee Titans,Green Bay Packers,Tyjae Spears,TEN,Tennessee Titans,away,30,14,RB,2,4.444444444444445,0,0,0,0,0,0,2,7,0,4,4,54,0,0
2024,3,"87 degrees, relative humidity 59%, wind 7 mph",Tennessee Titans,Green Bay Packers,Tyler Boyd,TEN,Tennessee Titans,away,30,14,WR,0,0.0,0,0,0,0,0,0,0,0,0,4,3,33,0,0
2024,3,"87 degrees, relative humidity 59%, wind 7 mph",Tennessee Titans,Green Bay Packers,Will Levis,TEN,Tennessee Titans,away,30,14,QB,37,82.22222222222221,26,34,260,2,2,8,3,12,0,0,0,0,0,1
2024,3,"69 degrees, relative humidity 67%, wind 5 mph",Cincinnati Bengals,Washington Commanders,Austin Ekeler,WAS,Cincinnati Bengals,away,38,33,RB,3,5.454545454545454,0,0,0,0,0,0,3,35,1,2,2,22,0,0
2024,3,"69 degrees, relative humidity 67%, wind 5 mph",Cincinnati Bengals,Washington Commanders,Brian Robinson Jr.,WAS,Cincinnati Bengals,away,38,33,RB,16,29.09090909090909,0,0,0,0,0,0,16,33,1,1,1,4,0,0
2024,3,"69 degrees, relative humidity 67%, wind 5 mph",Cincinnati Bengals,Washington Commanders,Dyami Brown,WAS,Cincinnati Bengals,away,38,33,WR,0,0.0,0,0,0,0,0,0,0,0,0,2,2,16,0,0
2024,3,"69 degrees, relative humidity 67%, wind 5 mph",Cincinnati Bengals,Washington Commanders,Jayden Daniels,WAS,Cincinnati Bengals,away,38,33,QB,35,63.63636363636363,21,23,254,2,0,2,12,39,1,0,0,0,0,0
2024,3,"69 degrees, relative humidity 67%, wind 5 mph",Cincinnati Bengals,Washington Commanders,Jeremy McNichols,WAS,Cincinnati Bengals,away,38,33,RB,1,1.8181818181818181,0,0,0,0,0,0,1,1,0,0,0,0,0,0
2024,3,"69 degrees, relative humidity 67%, wind 5 mph",Cincinnati Bengals,Washington Commanders,Luke McCaffrey,WAS,Cincinnati Bengals,away,38,33,WR,0,0.0,0,0,0,0,0,0,0,0,0,3,3,44,0,0
2024,3,"69 degrees, relative humidity 67%, wind 5 mph",Cincinnati Bengals,Washington Commanders,Noah Brown,WAS,Cincinnati Bengals,away,38,33,WR,0,0.0,0,0,0,0,0,0,0,0,0,3,3,29,0,0
2024,3,"69 degrees, relative humidity 67%, wind 5 mph",Cincinnati Bengals,Washington Commanders,Terry McLaurin,WAS,Cincinnati Bengals,away,38,33,WR,0,0.0,0,0,0,0,0,0,0,0,0,6,4,100,1,0
2024,3,"69 degrees, relative humidity 67%, wind 5 mph",Cincinnati Bengals,Washington Commanders,Trenton Scott,WAS,Cincinnati Bengals,away,38,33,T,0,0.0,0,0,0,0,0,0,0,0,0,1,1,1,1,0
2024,3,"69 degrees, relative humidity 67%, wind 5 mph",Cincinnati Bengals,Washington Commanders,Zach Ertz,WAS,Cincinnati Bengals,away,38,33,TE,0,0.0,0,0,0,0,0,0,0,0,0,5,5,38,0,1
2024,4,,Arizona Cardinals,Washington Commanders,Elijah Higgins,ARI,Arizona Cardinals,away,42,14,TE,0,0.0,0,0,0,0,0,0,0,0,0,3,2,12,0,0
2024,4,,Arizona Cardinals,Washington Commanders,Emari Demercado,ARI,Arizona Cardinals,away,42,14,RB,4,7.4074074074074066,0,0,0,0,0,0,4,24,0,1,1,0,0,0
2024,4,,Arizona Cardinals,Washington Commanders,Greg Dortch,ARI,Arizona Cardinals,away,42,14,WR,0,0.0,0,0,0,0,0,0,0,0,0,4,4,38,0,0
2024,4,,Arizona Cardinals,Washington Commanders,James Conner,ARI,Arizona Cardinals,away,42,14,RB,18,33.33333333333333,0,0,0,0,0,0,18,104,1,1,1,9,0,0
2024,4,,Arizona Cardinals,Washington Commanders,Kyler Murray,ARI,Arizona Cardinals,away,42,14,QB,23,42.592592592592595,16,22,142,1,0,4,1,3,0,0,0,0,0,0
2024,4,,Arizona Cardinals,Washington Commanders,Marvin Harrison Jr.,ARI,Arizona Cardinals,away,42,14,WR,0,0.0,0,0,0,0,0,0,0,0,0,6,5,45,1,0
2024,4,,Arizona Cardinals,Washington Commanders,Michael Wilson,ARI,Arizona Cardinals,away,42,14,WR,0,0.0,0,0,0,0,0,0,0,0,0,7,3,38,0,1
2024,4,,Arizona Cardinals,Washington Commanders,Trey Benson,ARI,Arizona Cardinals,away,42,14,RB,9,16.666666666666664,0,0,0,0,0,0,9,50,0,0,0,0,0,1
2024,4,,New Orleans Saints,Atlanta Falcons,Bijan Robinson,ATL,New Orleans Saints,away,26,24,RB,7,14.000000000000002,0,0,0,0,0,0,7,28,0,4,4,46,0,0
2024,4,,New Orleans Saints,Atlanta Falcons,Darnell Mooney,ATL,New Orleans Saints,away,26,24,WR,0,0.0,0,0,0,0,0,0,0,0,0,6,3,56,0,0
2024,4,,New Orleans Saints,Atlanta Falcons,Drake London,ATL,New Orleans Saints,away,26,24,WR,0,0.0,0,0,0,0,0,0,0,0,0,12,6,64,0,0
2024,4,,New Orleans Saints,Atlanta Falcons,Kirk Cousins,ATL,New Orleans Saints,away,26,24,QB,35,70.0,21,35,238,0,1,1,0,0,0,0,0,0,0,1
2024,4,,New Orleans Saints,Atlanta Falcons,Kyle Pitts,ATL,New Orleans Saints,away,26,24,TE,0,0.0,0,0,0,0,0,0,0,0,0,3,0,0,0,0
2024,4,,New Orleans Saints,Atlanta Falcons,Ray-Ray McCloud,ATL,New Orleans Saints,away,26,24,WR,0,0.0,0,0,0,0,0,0,0,0,0,7,6,52,0,0
2024,4,,New Orleans Saints,Atlanta Falcons,Tyler Allgeier,ATL,New Orleans Saints,away,26,24,RB,8,16.0,0,0,0,0,0,0,8,60,0,2,2,20,0,0
2024,4,"68 degrees, relative humidity 89%, wind 8 mph",Buffalo Bills,Baltimore Ravens,Derrick Henry,BAL,Buffalo Bills,away,35,10,RB,24,45.28301886792453,0,0,0,0,0,0,24,199,1,3,3,10,1,1
2024,4,"68 degrees, relative humidity 89%, wind 8 mph",Buffalo Bills,Baltimore Ravens,Isaiah Likely,BAL,Buffalo Bills,away,35,10,TE,0,0.0,0,0,0,0,0,0,0,0,0,2,1,26,0,0
2024,4,"68 degrees, relative humidity 89%, wind 8 mph",Buffalo Bills,Baltimore Ravens,Josh Johnson,BAL,Buffalo Bills,away,35,10,QB,1,1.8867924528301887,1,1,1,0,0,0,0,0,0,0,0,0,0,0
2024,4,"68 degrees, relative humidity 89%, wind 8 mph",Buffalo Bills,Baltimore Ravens,Justice Hill,BAL,Buffalo Bills,away,35,10,RB,4,7.547169811320755,0,0,0,0,0,0,4,18,0,6,6,78,1,0
2024,4,"68 degrees, relative humidity 89%, wind 8 mph",Buffalo Bills,Baltimore Ravens,Lamar Jackson,BAL,Buffalo Bills,away,35,10,QB,24,45.28301886792453,13,18,156,2,0,1,6,54,1,0,0,0,0,1
2024,4,"68 degrees, relative humidity 89%, wind 8 mph",Buffalo Bills,Baltimore Ravens,Mark Andrews,BAL,Buffalo Bills,away,35,10,TE,0,0.0,0,0,0,0,0,0,0,0,0,1,0,0,0,0
2024,4,"68 degrees, relative humidity 89%, wind 8 mph",Buffalo Bills,Baltimore Ravens,Nelson Agholor,BAL,Buffalo Bills,away,35,10,WR,0,0.0,0,0,0,0,0,0,0,0,0,3,2,10,0,0
2024,4,"68 degrees, relative humidity 89%, wind 8 mph",Buffalo Bills,Baltimore Ravens,Rashod Bateman,BAL,Buffalo Bills,away,35,10,WR,0,0.0,0,0,0,0,0,0,0,0,0,1,1,23,0,0
2024,4,"68 degrees, relative humidity 89%, wind 8 mph",Buffalo Bills,Baltimore Ravens,Zay Flowers,BAL,Buffalo Bills,away,35,10,WR,0,0.0,0,0,0,0,0,0,0,0,0,2,1,10,0,0
2024,4,"68 degrees, relative humidity 89%, wind 8 mph",Buffalo Bills,Baltimore Ravens,Curtis Samuel,BUF,Buffalo Bills,away,35,10,WR,1,1.8518518518518516,0,0,0,0,0,0,1,7,0,2,2,8,0,0
2024,4,"68 degrees, relative humidity 89%, wind 8 mph",Buffalo Bills,Baltimore Ravens,Dalton Kincaid,BUF,Buffalo Bills,away,35,10,TE,0,0.0,0,0,0,0,0,0,0,0,0,7,5,47,0,0
2024,4,"68 degrees, relative humidity 89%, wind 8 mph",Buffalo Bills,Baltimore Ravens,Dawson Knox,BUF,Buffalo Bills,away,35,10,TE,0,0.0,0,0,0,0,0,0,0,0,0,1,1,0,0,0
2024,4,"68 degrees, relative humidity 89%, wind 8 mph",Buffalo Bills,Baltimore Ravens,James Cook,BUF,Buffalo Bills,away,35,10,RB,9,16.666666666666664,0,0,0,0,0,0,9,39,0,1,1,9,0,0
2024,4,"68 degrees, relative humidity 89%, wind 8 mph",Buffalo Bills,Baltimore Ravens,Josh Allen,BUF,Buffalo Bills,away,35,10,QB,34,62.96296296296296,16,29,180,0,0,3,5,21,0,0,0,0,0,1
2024,4,"68 degrees, relative humidity 89%, wind 8 mph",Buffalo Bills,Baltimore Ravens,Keon Coleman,BUF,Buffalo Bills,away,35,10,WR,0,0.0,0,0,0,0,0,0,0,0,0,4,3,51,0,0
2024,4,"68 degrees, relative humidity 89%, wind 8 mph",Buffalo Bills,Baltimore Ravens,Khalil Shakir,BUF,Buffalo Bills,away,35,10,WR,0,0.0,0,0,0,0,0,0,0,0,0,5,4,62,0,0
2024,4,"68 degrees, relative humidity 89%, wind 8 mph",Buffalo Bills,Baltimore Ravens,Mack Hollins,BUF,Buffalo Bills,away,35,10,WR,0,0.0,0,0,0,0,0,0,0,0,0,6,1,5,0,0
2024,4,"68 degrees, relative humidity 89%, wind 8 mph",Buffalo Bills,Baltimore Ravens,Marquez Valdes-Scantling,BUF,Buffalo Bills,away,35,10,WR,0,0.0,0,0,0,0,0,0,0,0,0,1,0,0,0,0
2024,4,"68 degrees, relative humidity 89%, wind 8 mph",Buffalo Bills,Baltimore Ravens,Mitchell Trubisky,BUF,Buffalo Bills,away,35,10,QB,2,3.7037037037037033,1,2,2,0,0,0,0,0,0,0,0,0,0,0
2024,4,"68 degrees, relative humidity 89%, wind 8 mph",Buffalo Bills,Baltimore Ravens,Ray Davis,BUF,Buffalo Bills,away,35,10,RB,7,12.962962962962962,0,0,0,0,0,0,7,11,0,0,0,0,0,0
2024,4,"68 degrees, relative humidity 89%, wind 8 mph",Buffalo Bills,Baltimore Ravens,Ty Johnson,BUF,Buffalo Bills,away,35,10,RB,1,1.8518518518518516,0,0,0,0,0,0,1,3,1,0,0,0,0,0
2024,4,"78 degrees, relative humidity 75%, wind 6 mph",Carolina Panthers,Cincinnati Bengals,Andy Dalton,CAR,Carolina Panthers,away,34,24,QB,43,61.42857142857143,25,40,220,2,1,0,3,9,0,0,0,0,0,0
2024,4,"78 degrees, relative humidity 75%, wind 6 mph",Carolina Panthers,Cincinnati Bengals,Chuba Hubbard,CAR,Carolina Panthers,away,34,24,RB,18,25.71428571428571,0,0,0,0,0,0,18,104,1,4,4,17,0,0
2024,4,"78 degrees, relative humidity 75%, wind 6 mph",Carolina Panthers,Cincinnati Bengals,Diontae Johnson,CAR,Carolina Panthers,away,34,24,WR,0,0.0,0,0,0,0,0,0,0,0,0,13,7,83,1,0
2024,4,"78 degrees, relative humidity 75%, wind 6 mph",Carolina Panthers,Cincinnati Bengals,Feleipe Franks,CAR,Carolina Panthers,away,34,24,TE,0,0.0,0,0,0,0,0,0,0,0,0,1,0,0,0,0
2024,4,"78 degrees, relative humidity 75%, wind 6 mph",Carolina Panthers,Cincinnati Bengals,Ja'Tavion Sanders,CAR,Carolina Panthers,away,34,24,TE,0,0.0,0,0,0,0,0,0,0,0,0,2,2,16,0,0
2024,4,"78 degrees, relative humidity 75%, wind 6 mph",Carolina Panthers,Cincinnati Bengals,Jalen Coker,CAR,Carolina Panthers,away,34,24,WR,0,0.0,0,0,0,0,0,0,0,0,0,1,0,0,0,0
2024,4,"78 degrees, relative humidity 75%, wind 6 mph",Carolina Panthers,Cincinnati Bengals,Johnny Hekker,CAR,Carolina Panthers,away,34,24,P,1,1.4285714285714286,0,1,0,0,0,0,0,0,0,0,0,0,0,0
2024,4,"78 degrees, relative humidity 75%, wind 6 mph",Carolina Panthers,Cincinnati Bengals,Jonathan Mingo,CAR,Carolina Panthers,away,34,24,WR,0,0.0,0,0,0,0,0,0,0,0,0,5,3,24,0,0
2024,4,"78 degrees, relative humidity 75%, wind 6 mph",Carolina Panthers,Cincinnati Bengals,Miles Sanders,CAR,Carolina Panthers,away,34,24,RB,6,8.571428571428571,0,0,0,0,0,0,6,32,0,4,3,14,0,0
2024,4,"78 degrees, relative humidity 75%, wind 6 mph",Carolina Panthers,Cincinnati Bengals,Xavier Legette,CAR,Carolina Panthers,away,34,24,WR,2,2.857142857142857,0,0,0,0,0,0,2,10,0,10,6,66,1,0
2024,4,"70 degrees, relative humidity 90%, wind 16 mph",Los Angeles Rams,Chicago Bears,Caleb Williams,CHI,Los Angeles Rams,away,24,18,QB,28,54.90196078431373,17,23,157,1,0,3,5,12,0,0,0,0,0,1
2024,4,"70 degrees, relative humidity 90%, wind 16 mph",Los Angeles Rams,Chicago Bears,Cole Kmet,CHI,Los Angeles Rams,away,24,18,TE,0,0.0,0,0,0,0,0,0,0,0,0,3,3,34,0,0
2024,4,"70 degrees, relative humidity 90%, wind 16 mph",Los Angeles Rams,Chicago Bears,D'Andre Swift,CHI,Los Angeles Rams,away,24,18,RB,16,31.372549019607842,0,0,0,0,0,0,16,93,1,7,7,72,0,0
2024,4,"70 degrees, relative humidity 90%, wind 16 mph",Los Angeles Rams,Chicago Bears,D.J. Moore,CHI,Los Angeles Rams,away,24,18,WR,0,0.0,0,0,0,0,0,0,0,0,0,6,3,22,1,0
2024,4,"70 degrees, relative humidity 90%, wind 16 mph",Los Angeles Rams,Chicago Bears,Keenan Allen,CHI,Los Angeles Rams,away,24,18,WR,0,0.0,0,0,0,0,0,0,0,0,0,3,3,19,0,0
2024,4,"70 degrees, relative humidity 90%, wind 16 mph",Los Angeles Rams,Chicago Bears,Rome Odunze,CHI,Los Angeles Rams,away,24,18,WR,0,0.0,0,0,0,0,0,0,0,0,0,3,1,10,0,0
2024,4,"70 degrees, relative humidity 90%, wind 16 mph",Los Angeles Rams,Chicago Bears,Roschon Johnson,CHI,Los Angeles Rams,away,24,18,RB,7,13.725490196078432,0,0,0,0,0,0,7,26,1,0,0,0,0,0
2024,4,"78 degrees, relative humidity 75%, wind 6 mph",Carolina Panthers,Cincinnati Bengals,Andrei Iosivas,CIN,Carolina Panthers,away,34,24,WR,0,0.0,0,0,0,0,0,0,0,0,0,1,1,29,0,0
2024,4,"78 degrees, relative humidity 75%, wind 6 mph",Carolina Panthers,Cincinnati Bengals,Chase Brown,CIN,Carolina Panthers,away,34,24,RB,15,24.193548387096776,0,0,0,0,0,0,15,80,2,3,2,12,0,0
2024,4,"78 degrees, relative humidity 75%, wind 6 mph",Carolina Panthers,Cincinnati Bengals,Drew Sample,CIN,Carolina Panthers,away,34,24,TE,0,0.0,0,0,0,0,0,0,0,0,0,1,1,0,0,0
2024,4,"78 degrees, relative humidity 75%, wind 6 mph",Carolina Panthers,Cincinnati Bengals,Erick All,CIN,Carolina Panthers,away,34,24,TE,0,0.0,0,0,0,0,0,0,0,0,0,4,4,28,0,0
2024,4,"78 degrees, relative humidity 75%, wind 6 mph",Carolina Panthers,Cincinnati Bengals,Ja'Marr Chase,CIN,Carolina Panthers,away,34,24,WR,0,0.0,0,0,0,0,0,0,0,0,0,6,3,85,1,0
2024,4,"78 degrees, relative humidity 75%, wind 6 mph",Carolina Panthers,Cincinnati Bengals,Joe Burrow,CIN,Carolina Panthers,away,34,24,QB,32,51.61290322580645,22,31,232,2,1,0,1,10,0,0,0,0,0,0
2024,4,"78 degrees, relative humidity 75%, wind 6 mph",Carolina Panthers,Cincinnati Bengals,Mike Gesicki,CIN,Carolina Panthers,away,34,24,TE,0,0.0,0,0,0,0,0,0,0,0,0,1,1,-9,0,0
2024,4,"78 degrees, relative humidity 75%, wind 6 mph",Carolina Panthers,Cincinnati Bengals,Tee Higgins,CIN,Carolina Panthers,away,34,24,WR,0,0.0,0,0,0,0,0,0,0,0,0,10,6,60,0,0
2024,4,"78 degrees, relative humidity 75%, wind 6 mph",Carolina Panthers,Cincinnati Bengals,Zack Moss,CIN,Carolina Panthers,away,34,24,RB,15,24.193548387096776,0,0,0,0,0,0,15,51,0,4,4,27,1,0
2024,4,,Cleveland Browns,Las Vegas Raiders,Amari Cooper,CLE,Cleveland Browns,away,20,16,WR,0,0.0,0,0,0,0,0,0,0,0,0,8,4,35,0,0
2024,4,,Cleveland Browns,Las Vegas Raiders,Blake Whiteheart,CLE,Cleveland Browns,away,20,16,TE,0,0.0,0,0,0,0,0,0,0,0,0,3,3,13,1,0
2024,4,,Cleveland Browns,Las Vegas Raiders,D'Onta Foreman,CLE,Cleveland Browns,away,20,16,RB,4,7.4074074074074066,0,0,0,0,0,0,4,2,0,1,1,5,0,0
2024,4,,Cleveland Browns,Las Vegas Raiders,Deshaun Watson,CLE,Cleveland Browns,away,20,16,QB,40,74.07407407407408,24,32,176,1,1,3,8,32,0,0,0,0,0,1
2024,4,,Cleveland Browns,Las Vegas Raiders,Elijah Moore,CLE,Cleveland Browns,away,20,16,WR,0,0.0,0,0,0,0,0,0,0,0,0,1,1,11,0,0
2024,4,,Cleveland Browns,Las Vegas Raiders,James Proche,CLE,Cleveland Browns,away,20,16,WR,0,0.0,0,0,0,0,0,0,0,0,0,1,1,3,0,0
2024,4,,Cleveland Browns,Las Vegas Raiders,Jerome Ford,CLE,Cleveland Browns,away,20,16,RB,10,18.51851851851852,0,0,0,0,0,0,10,58,0,7,7,27,0,0
2024,4,,Cleveland Browns,Las Vegas Raiders,Jerry Jeudy,CLE,Cleveland Browns,away,20,16,WR,0,0.0,0,0,0,0,0,0,0,0,0,9,6,72,0,0
2024,4,,Cleveland Browns,Las Vegas Raiders,Jordan Akins,CLE,Cleveland Browns,away,20,16,TE,0,0.0,0,0,0,0,0,0,0,0,0,2,1,10,0,0
2024,4,"74 degrees, relative humidity 88%, wind 3 mph",New York Giants,Dallas Cowboys,Brandin Cooks,DAL,New York Giants,away,20,15,WR,0,0.0,0,0,0,0,0,0,0,0,0,4,1,16,0,0
2024,4,"74 degrees, relative humidity 88%, wind 3 mph",New York Giants,Dallas Cowboys,CeeDee Lamb,DAL,New York Giants,away,20,15,WR,3,6.0,0,0,0,0,0,0,3,8,0,8,7,98,1,0
2024,4,"74 degrees, relative humidity 88%, wind 3 mph",New York Giants,Dallas Cowboys,Dak Prescott,DAL,New York Giants,away,20,15,QB,29,57.99999999999999,22,27,221,2,0,1,2,-1,0,0,0,0,0,0
2024,4,"74 degrees, relative humidity 88%, wind 3 mph",New York Giants,Dallas Cowboys,Ezekiel Elliott,DAL,New York Giants,away,20,15,RB,5,10.0,0,0,0,0,0,0,5,19,0,1,1,5,0,0
2024,4,"74 degrees, relative humidity 88%, wind 3 mph",New York Giants,Dallas Cowboys,Hunter Luepke,DAL,New York Giants,away,20,15,FB,2,4.0,0,0,0,0,0,0,2,8,0,2,2,14,0,0
2024,4,"74 degrees, relative humidity 88%, wind 3 mph",New York Giants,Dallas Cowboys,Jake Ferguson,DAL,New York Giants,away,20,15,TE,0,0.0,0,0,0,0,0,0,0,0,0,7,7,49,0,1
2024,4,"74 degrees, relative humidity 88%, wind 3 mph",New York Giants,Dallas Cowboys,Jalen Tolbert,DAL,New York Giants,away,20,15,WR,0,0.0,0,0,0,0,0,0,0,0,0,3,3,24,0,0
2024,4,"74 degrees, relative humidity 88%, wind 3 mph",New York Giants,Dallas Cowboys,Rico Dowdle,DAL,New York Giants,away,20,15,RB,11,22.0,0,0,0,0,0,0,11,46,0,1,1,15,1,0
2024,4,"67 degrees, relative humidity 97%, wind 8 mph",New York Jets,Denver Broncos,Bo Nix,DEN,New York Jets,away,10,9,QB,30,53.57142857142857,12,25,60,1,0,0,5,3,0,0,0,0,0,0
2024,4,"67 degrees, relative humidity 97%, wind 8 mph",New York Jets,Denver Broncos,Courtland Sutton,DEN,New York Jets,away,10,9,WR,0,0.0,0,0,0,0,0,0,0,0,0,9,3,60,1,0
2024,4,"67 degrees, relative humidity 97%, wind 8 mph",New York Jets,Denver Broncos,Greg Dulcich,DEN,New York Jets,away,10,9,TE,0,0.0,0,0,0,0,0,0,0,0,0,1,0,0,0,0
2024,4,"67 degrees, relative humidity 97%, wind 8 mph",New York Jets,Denver Broncos,Jaleel McLaughlin,DEN,New York Jets,away,10,9,RB,9,16.071428571428573,0,0,0,0,0,0,9,46,0,1,1,0,0,0
2024,4,"67 degrees, relative humidity 97%, wind 8 mph",New York Jets,Denver Broncos,Javonte Williams,DEN,New York Jets,away,10,9,RB,16,28.57142857142857,0,0,0,0,0,0,16,77,0,3,2,3,0,0
2024,4,"67 degrees, relative humidity 97%, wind 8 mph",New York Jets,Denver Broncos,Josh Reynolds,DEN,New York Jets,away,10,9,WR,0,0.0,0,0,0,0,0,0,0,0,0,2,0,0,0,0
2024,4,"67 degrees, relative humidity 97%, wind 8 mph",New York Jets,Denver Broncos,Lil'Jordan Humphrey,DEN,New York Jets,away,10,9,WR,0,0.0,0,0,0,0,0,0,0,0,0,1,0,0,0,0
2024,4,"67 degrees, relative humidity 97%, wind 8 mph",New York Jets,Denver Broncos,Michael Burton,DEN,New York Jets,away,10,9,FB,0,0.0,0,0,0,0,0,0,0,0,0,1,1,3,0,0
2024,4,"67 degrees, relative humidity 97%, wind 8 mph",New York Jets,Denver Broncos,Nate Adkins,DEN,New York Jets,away,10,9,TE,0,0.0,0,0,0,0,0,0,0,0,0,1,1,0,0,0
2024,4,"67 degrees, relative humidity 97%, wind 8 mph",New York Jets,Denver Broncos,Troy Franklin,DEN,New York Jets,away,10,9,WR,0,0.0,0,0,0,0,0,0,0,0,0,4,2,-2,0,0
2024,4,"67 degrees, relative humidity 97%, wind 8 mph",New York Jets,Denver Broncos,Tyler Badie,DEN,New York Jets,away,10,9,RB,1,1.7857142857142856,0,0,0,0,0,0,1,0,0,2,2,-4,0,1
2024,4,,Seattle Seahawks,Detroit Lions,Amon-Ra St. Brown,DET,Seattle Seahawks,away,42,29,WR,1,2.127659574468085,1,1,7,1,0,0,0,0,0,6,6,45,1,0
2024,4,,Seattle Seahawks,Detroit Lions,Brock Wright,DET,Seattle Seahawks,away,42,29,TE,0,0.0,0,0,0,0,0,0,0,0,0,2,2,13,0,0
2024,4,,Seattle Seahawks,Detroit Lions,David Montgomery,DET,Seattle Seahawks,away,42,29,RB,12,25.53191489361702,0,0,0,0,0,0,12,40,1,1,1,40,0,0
2024,4,,Seattle Seahawks,Detroit Lions,Jahmyr Gibbs,DET,Seattle Seahawks,away,42,29,RB,14,29.78723404255319,0,0,0,0,0,0,14,78,2,0,0,0,0,0
2024,4,,Seattle Seahawks,Detroit Lions,Jameson Williams,DET,Seattle Seahawks,away,42,29,WR,0,0.0,0,0,0,0,0,0,0,0,0,2,2,80,1,0
2024,4,,Seattle Seahawks,Detroit Lions,Jared Goff,DET,Seattle Seahawks,away,42,29,QB,20,42.5531914893617,18,18,292,2,0,3,2,-2,0,1,1,7,1,0
2024,4,,Seattle Seahawks,Detroit Lions,Kalif Raymond,DET,Seattle Seahawks,away,42,29,WR,0,0.0,0,0,0,0,0,0,0,0,0,1,1,9,0,0
2024,4,,Seattle Seahawks,Detroit Lions,Sam LaPorta,DET,Seattle Seahawks,away,42,29,TE,0,0.0,0,0,0,0,0,0,0,0,0,4,4,53,0,0
2024,4,,Seattle Seahawks,Detroit Lions,Tim Patrick,DET,Seattle Seahawks,away,42,29,WR,0,0.0,0,0,0,0,0,0,0,0,0,2,2,52,0,0
2024,4,"71 degrees, relative humidity 68%, wind 15 mph",Green Bay Packers,Minnesota Vikings,Bo Melton,GNB,Green Bay Packers,away,31,29,WR,0,0.0,0,0,0,0,0,0,0,0,0,3,1,28,0,0
2024,4,"71 degrees, relative humidity 68%, wind 15 mph",Green Bay Packers,Minnesota Vikings,Christian Watson,GNB,Green Bay Packers,away,31,29,WR,0,0.0,0,0,0,0,0,0,0,0,0,1,0,0,0,0
2024,4,"71 degrees, relative humidity 68%, wind 15 mph",Green Bay Packers,Minnesota Vikings,Dontayvion Wicks,GNB,Green Bay Packers,away,31,29,WR,0,0.0,0,0,0,0,0,0,0,0,0,13,5,78,2,0
2024,4,"71 degrees, relative humidity 68%, wind 15 mph",Green Bay Packers,Minnesota Vikings,Emanuel Wilson,GNB,Green Bay Packers,away,31,29,RB,8,10.95890410958904,0,0,0,0,0,0,8,27,0,1,0,0,0,0
2024,4,"71 degrees, relative humidity 68%, wind 15 mph",Green Bay Packers,Minnesota Vikings,Jayden Reed,GNB,Green Bay Packers,away,31,29,WR,1,1.36986301369863,0,0,0,0,0,0,1,2,0,8,7,139,1,0
2024,4,"71 degrees, relative humidity 68%, wind 15 mph",Green Bay Packers,Minnesota Vikings,Jordan Love,GNB,Green Bay Packers,away,31,29,QB,55,75.34246575342466,32,54,389,4,3,1,1,6,0,0,0,0,0,0
2024,4,"71 degrees, relative humidity 68%, wind 15 mph",Green Bay Packers,Minnesota Vikings,Josh Jacobs,GNB,Green Bay Packers,away,31,29,RB,9,12.32876712328767,0,0,0,0,0,0,9,51,0,6,4,27,0,0
2024,4,"71 degrees, relative humidity 68%, wind 15 mph",Green Bay Packers,Minnesota Vikings,Luke Musgrave,GNB,Green Bay Packers,away,31,29,TE,0,0.0,0,0,0,0,0,0,0,0,0,3,3,13,0,0
2024,4,"71 degrees, relative humidity 68%, wind 15 mph",Green Bay Packers,Minnesota Vikings,Malik Heath,GNB,Green Bay Packers,away,31,29,WR,0,0.0,0,0,0,0,0,0,0,0,0,2,2,12,0,0
2024,4,"71 degrees, relative humidity 68%, wind 15 mph",Green Bay Packers,Minnesota Vikings,Romeo Doubs,GNB,Green Bay Packers,away,31,29,WR,0,0.0,0,0,0,0,0,0,0,0,0,8,4,39,0,0
2024,4,"71 degrees, relative humidity 68%, wind 15 mph",Green Bay Packers,Minnesota Vikings,Tucker Kraft,GNB,Green Bay Packers,away,31,29,TE,0,0.0,0,0,0,0,0,0,0,0,0,9,6,53,1,1
2024,4,,Jacksonville Jaguars,Houston Texans,C.J. Stroud,HOU,Jacksonville Jaguars,away,24,20,QB,43,65.15151515151516,27,40,345,2,0,2,3,17,0,0,0,0,0,0
2024,4,,Jacksonville Jaguars,Houston Texans,Cade Stover,HOU,Jacksonville Jaguars,away,24,20,TE,0,0.0,0,0,0,0,0,0,0,0,0,1,1,27,0,0
2024,4,,Jacksonville Jaguars,Houston Texans,Cam Akers,HOU,Jacksonville Jaguars,away,24,20,RB,13,19.696969696969695,0,0,0,0,0,0,13,53,0,0,0,0,0,0
2024,4,,Jacksonville Jaguars,Houston Texans,Dalton Schultz,HOU,Jacksonville Jaguars,away,24,20,TE,0,0.0,0,0,0,0,0,0,0,0,0,5,3,34,0,0
2024,4,,Jacksonville Jaguars,Houston Texans,Dare Ogunbowale,HOU,Jacksonville Jaguars,away,24,20,RB,2,3.0303030303030303,0,0,0,0,0,0,2,7,0,4,4,47,1,0
2024,4,,Jacksonville Jaguars,Houston Texans,J.J. Taylor,HOU,Jacksonville Jaguars,away,24,20,RB,6,9.090909090909092,0,0,0,0,0,0,6,18,0,1,0,0,0,0
2024,4,,Jacksonville Jaguars,Houston Texans,John Metchie,HOU,Jacksonville Jaguars,away,24,20,WR,0,0.0,0,0,0,0,0,0,0,0,0,1,1,7,0,0
2024,4,,Jacksonville Jaguars,Houston Texans,Nico Collins,HOU,Jacksonville Jaguars,away,24,20,WR,0,0.0,0,0,0,0,0,0,0,0,0,15,12,151,1,0
2024,4,,Jacksonville Jaguars,Houston Texans,Robert Woods,HOU,Jacksonville Jaguars,away,24,20,WR,0,0.0,0,0,0,0,0,0,0,0,0,3,1,10,0,0
2024,4,,Jacksonville Jaguars,Houston Texans,Stefon Diggs,HOU,Jacksonville Jaguars,away,24,20,WR,1,1.5151515151515151,0,0,0,0,0,0,1,6,1,9,5,69,0,0
2024,4,,Jacksonville Jaguars,Houston Texans,Steven Sims,HOU,Jacksonville Jaguars,away,24,20,WR,1,1.5151515151515151,0,0,0,0,0,0,1,0,0,0,0,0,0,1
2024,4,,Pittsburgh Steelers,Indianapolis Colts,Adonai Mitchell,IND,Pittsburgh Steelers,away,27,24,WR,1,1.6129032258064515,0,0,0,0,0,0,1,10,0,3,0,0,0,0
2024,4,,Pittsburgh Steelers,Indianapolis Colts,Alec Pierce,IND,Pittsburgh Steelers,away,27,24,WR,0,0.0,0,0,0,0,0,0,0,0,0,2,1,9,0,0
2024,4,,Pittsburgh Steelers,Indianapolis Colts,Andrew Ogletree,IND,Pittsburgh Steelers,away,27,24,TE,0,0.0,0,0,0,0,0,0,0,0,0,1,1,15,1,0
2024,4,,Pittsburgh Steelers,Indianapolis Colts,Anthony Richardson,IND,Pittsburgh Steelers,away,27,24,QB,7,11.29032258064516,3,4,71,0,0,0,3,24,0,0,0,0,0,1
2024,4,,Pittsburgh Steelers,Indianapolis Colts,Joe Flacco,IND,Pittsburgh Steelers,away,27,24,QB,28,45.16129032258064,16,26,168,2,0,2,2,3,0,0,0,0,0,0
2024,4,,Pittsburgh Steelers,Indianapolis Colts,Jonathan Taylor,IND,Pittsburgh Steelers,away,27,24,RB,21,33.87096774193548,0,0,0,0,0,0,21,88,1,4,3,20,0,0
2024,4,,Pittsburgh Steelers,Indianapolis Colts,Josh Downs,IND,Pittsburgh Steelers,away,27,24,WR,0,0.0,0,0,0,0,0,0,0,0,0,9,8,82,1,0
2024,4,,Pittsburgh Steelers,Indianapolis Colts,Michael Pittman Jr.,IND,Pittsburgh Steelers,away,27,24,WR,0,0.0,0,0,0,0,0,0,0,0,0,9,6,113,0,0
2024,4,,Pittsburgh Steelers,Indianapolis Colts,Trey Sermon,IND,Pittsburgh Steelers,away,27,24,RB,5,8.064516129032258,0,0,0,0,0,0,5,8,0,0,0,0,0,0
2024,4,,Jacksonville Jaguars,Houston Texans,Brenton Strange,JAX,Jacksonville Jaguars,away,24,20,TE,0,0.0,0,0,0,0,0,0,0,0,0,3,3,19,0,0
2024,4,,Jacksonville Jaguars,Houston Texans,Brian Thomas,JAX,Jacksonville Jaguars,away,24,20,WR,1,1.7543859649122806,0,0,0,0,0,0,1,13,0,9,6,86,1,0
2024,4,,Jacksonville Jaguars,Houston Texans,Christian Kirk,JAX,Jacksonville Jaguars,away,24,20,WR,0,0.0,0,0,0,0,0,0,0,0,0,12,7,61,1,0
2024,4,,Jacksonville Jaguars,Houston Texans,D'Ernest Johnson,JAX,Jacksonville Jaguars,away,24,20,RB,2,3.508771929824561,0,0,0,0,0,0,2,0,0,0,0,0,0,0
2024,4,,Jacksonville Jaguars,Houston Texans,Gabriel Davis,JAX,Jacksonville Jaguars,away,24,20,WR,0,0.0,0,0,0,0,0,0,0,0,0,5,1,-2,0,0
2024,4,,Jacksonville Jaguars,Houston Texans,Luke Farrell,JAX,Jacksonville Jaguars,away,24,20,TE,0,0.0,0,0,0,0,0,0,0,0,0,1,0,0,0,0
2024,4,,Jacksonville Jaguars,Houston Texans,Tank Bigsby,JAX,Jacksonville Jaguars,away,24,20,RB,7,12.280701754385964,0,0,0,0,0,0,7,90,0,0,0,0,0,0
2024,4,,Jacksonville Jaguars,Houston Texans,Travis Etienne,JAX,Jacksonville Jaguars,away,24,20,RB,11,19.298245614035086,0,0,0,0,0,0,11,50,0,2,1,10,0,0
2024,4,,Jacksonville Jaguars,Houston Texans,Trevor Lawrence,JAX,Jacksonville Jaguars,away,24,20,QB,36,63.1578947368421,18,33,169,2,0,1,3,5,0,0,0,-5,0,1
2024,4,,Los Angeles Chargers,Kansas City Chiefs,Carson Steele,KAN,Los Angeles Chargers,away,17,10,RB,2,3.6363636363636362,0,0,0,0,0,0,2,6,0,3,1,0,0,1
2024,4,,Los Angeles Chargers,Kansas City Chiefs,Justin Watson,KAN,Los Angeles Chargers,away,17,10,WR,0,0.0,0,0,0,0,0,0,0,0,0,3,2,27,0,0
2024,4,,Los Angeles Chargers,Kansas City Chiefs,Kareem Hunt,KAN,Los Angeles Chargers,away,17,10,RB,14,25.454545454545453,0,0,0,0,0,0,14,69,0,3,2,16,0,0
2024,4,,Los Angeles Chargers,Kansas City Chiefs,Noah Gray,KAN,Los Angeles Chargers,away,17,10,TE,0,0.0,0,0,0,0,0,0,0,0,0,4,4,40,0,0
2024,4,,Los Angeles Chargers,Kansas City Chiefs,Patrick Mahomes,KAN,Los Angeles Chargers,away,17,10,QB,34,61.81818181818181,19,29,245,1,1,3,5,12,0,0,0,0,0,0
2024,4,,Los Angeles Chargers,Kansas City Chiefs,Samaje Perine,KAN,Los Angeles Chargers,away,17,10,RB,5,9.090909090909092,0,0,0,0,0,0,5,14,1,0,0,0,0,0
2024,4,,Los Angeles Chargers,Kansas City Chiefs,Skyy Moore,KAN,Los Angeles Chargers,away,17,10,WR,0,0.0,0,0,0,0,0,0,0,0,0,2,0,0,0,0
2024,4,,Los Angeles Chargers,Kansas City Chiefs,Travis Kelce,KAN,Los Angeles Chargers,away,17,10,TE,0,0.0,0,0,0,0,0,0,0,0,0,9,7,89,0,0
2024,4,,Los Angeles Chargers,Kansas City Chiefs,Xavier Worthy,KAN,Los Angeles Chargers,away,17,10,WR,0,0.0,0,0,0,0,0,0,0,0,0,4,3,73,1,0
2024,4,,Los Angeles Chargers,Kansas City Chiefs,Gus Edwards,LAC,Los Angeles Chargers,away,17,10,RB,6,11.76470588235294,0,0,0,0,0,0,6,19,0,0,0,0,0,0
2024,4,,Los Angeles Chargers,Kansas City Chiefs,Hayden Hurst,LAC,Los Angeles Chargers,away,17,10,TE,0,0.0,0,0,0,0,0,0,0,0,0,3,1,6,0,0
2024,4,,Los Angeles Chargers,Kansas City Chiefs,J.K. Dobbins,LAC,Los Angeles Chargers,away,17,10,RB,14,27.450980392156865,0,0,0,0,0,0,14,32,0,4,3,30,0,0
2024,4,,Los Angeles Chargers,Kansas City Chiefs,Josh Palmer,LAC,Los Angeles Chargers,away,17,10,WR,0,0.0,0,0,0,0,0,0,0,0,0,4,3,36,0,0
2024,4,,Los Angeles Chargers,Kansas City Chiefs,Justin Herbert,LAC,Los Angeles Chargers,away,17,10,QB,30,58.82352941176471,16,27,179,1,0,2,3,0,0,0,0,0,0,1
2024,4,,Los Angeles Chargers,Kansas City Chiefs,Ladd McConkey,LAC,Los Angeles Chargers,away,17,10,WR,0,0.0,0,0,0,0,0,0,0,0,0,7,5,67,1,0
2024,4,,Los Angeles Chargers,Kansas City Chiefs,Quentin Johnston,LAC,Los Angeles Chargers,away,17,10,WR,1,1.9607843137254901,0,0,0,0,0,0,1,4,0,5,1,9,0,0
2024,4,,Los Angeles Chargers,Kansas City Chiefs,Scott Matlock,LAC,Los Angeles Chargers,away,17,10,FB,0,0.0,0,0,0,0,0,0,0,0,0,1,1,7,0,0
2024,4,,Los Angeles Chargers,Kansas City Chiefs,Will Dissly,LAC,Los Angeles Chargers,away,17,10,TE,0,0.0,0,0,0,0,0,0,0,0,0,3,2,24,0,0
2024,4,"70 degrees, relative humidity 90%, wind 16 mph",Los Angeles Rams,Chicago Bears,Colby Parkinson,LAR,Los Angeles Rams,away,24,18,TE,0,0.0,0,0,0,0,0,0,0,0,0,7,4,33,0,0
2024,4,"70 degrees, relative humidity 90%, wind 16 mph",Los Angeles Rams,Chicago Bears,Demarcus Robinson,LAR,Los Angeles Rams,away,24,18,WR,0,0.0,0,0,0,0,0,0,0,0,0,3,2,37,0,0
2024,4,"70 degrees, relative humidity 90%, wind 16 mph",Los Angeles Rams,Chicago Bears,Jordan Whittington,LAR,Los Angeles Rams,away,24,18,WR,0,0.0,0,0,0,0,0,0,0,0,0,8,6,62,0,0
2024,4,"70 degrees, relative humidity 90%, wind 16 mph",Los Angeles Rams,Chicago Bears,Kyren Williams,LAR,Los Angeles Rams,away,24,18,RB,19,34.54545454545455,0,0,0,0,0,0,19,94,1,4,4,10,0,0
2024,4,"70 degrees, relative humidity 90%, wind 16 mph",Los Angeles Rams,Chicago Bears,Matthew Stafford,LAR,Los Angeles Rams,away,24,18,QB,30,54.54545454545454,20,29,224,0,1,3,1,-1,0,0,0,0,0,1
2024,4,"70 degrees, relative humidity 90%, wind 16 mph",Los Angeles Rams,Chicago Bears,Ronnie Rivers,LAR,Los Angeles Rams,away,24,18,RB,6,10.909090909090908,0,0,0,0,0,0,6,26,0,0,0,0,0,0
2024,4,"70 degrees, relative humidity 90%, wind 16 mph",Los Angeles Rams,Chicago Bears,Tutu Atwell,LAR,Los Angeles Rams,away,24,18,WR,0,0.0,0,0,0,0,0,0,0,0,0,6,4,82,0,0
2024,4,"70 degrees, relative humidity 90%, wind 16 mph",Los Angeles Rams,Chicago Bears,Tyler Johnson,LAR,Los Angeles Rams,away,24,18,WR,0,0.0,0,0,0,0,0,0,0,0,0,1,0,0,0,0
2024,4,,Cleveland Browns,Las Vegas Raiders,Alexander Mattison,LVR,Cleveland Browns,away,20,16,RB,5,9.433962264150944,0,0,0,0,0,0,5,60,0,1,0,0,0,0
2024,4,,Cleveland Browns,Las Vegas Raiders,Brock Bowers,LVR,Cleveland Browns,away,20,16,TE,1,1.8867924528301887,0,0,0,0,0,0,1,12,0,3,2,19,0,0
2024,4,,Cleveland Browns,Las Vegas Raiders,DJ Turner,LVR,Cleveland Browns,away,20,16,WR,1,1.8867924528301887,0,0,0,0,0,0,1,18,1,1,0,0,0,0
2024,4,,Cleveland Browns,Las Vegas Raiders,Gardner Minshew,LVR,Cleveland Browns,away,20,16,UNK,26,49.056603773584904,14,24,130,0,0,2,2,-2,0,0,0,0,0,0
2024,4,,Cleveland Browns,Las Vegas Raiders,Harrison Bryant,LVR,Cleveland Browns,away,20,16,TE,0,0.0,0,0,0,0,0,0,0,0,0,2,2,21,0,0
2024,4,,Cleveland Browns,Las Vegas Raiders,Jakobi Meyers,LVR,Cleveland Browns,away,20,16,WR,0,0.0,0,0,0,0,0,0,0,0,0,10,5,49,0,0
2024,4,,Cleveland Browns,Las Vegas Raiders,Tre Tucker,LVR,Cleveland Browns,away,20,16,WR,1,1.8867924528301887,0,0,0,0,0,0,1,3,1,6,5,41,0,0
2024,4,,Cleveland Browns,Las Vegas Raiders,Tyreik McAllister,LVR,Cleveland Browns,away,20,16,RB,2,3.7735849056603774,0,0,0,0,0,0,2,11,0,0,0,0,0,0
2024,4,,Cleveland Browns,Las Vegas Raiders,Zamir White,LVR,Cleveland Browns,away,20,16,RB,17,32.075471698113205,0,0,0,0,0,0,17,50,0,1,0,0,0,1
2024,4,"86 degrees, relative humidity 70%, wind 9 mph",Miami Dolphins,Tennessee Titans,De'Von Achane,MIA,Miami Dolphins,away,31,12,RB,10,19.230769230769234,0,0,0,0,0,0,10,15,0,3,3,14,0,0
2024,4,"86 degrees, relative humidity 70%, wind 9 mph",Miami Dolphins,Tennessee Titans,Jaylen Waddle,MIA,Miami Dolphins,away,31,12,WR,0,0.0,0,0,0,0,0,0,0,0,0,6,4,36,0,0
2024,4,"86 degrees, relative humidity 70%, wind 9 mph",Miami Dolphins,Tennessee Titans,Jaylen Wright,MIA,Miami Dolphins,away,31,12,RB,9,17.307692307692307,0,0,0,0,0,0,9,32,0,1,0,0,0,0
2024,4,"86 degrees, relative humidity 70%, wind 9 mph",Miami Dolphins,Tennessee Titans,Jonnu Smith,MIA,Miami Dolphins,away,31,12,TE,0,0.0,0,0,0,0,0,0,0,0,0,1,0,0,0,0
2024,4,"86 degrees, relative humidity 70%, wind 9 mph",Miami Dolphins,Tennessee Titans,Malik Washington,MIA,Miami Dolphins,away,31,12,WR,0,0.0,0,0,0,0,0,0,0,0,0,1,1,8,0,0
2024,4,"86 degrees, relative humidity 70%, wind 9 mph",Miami Dolphins,Tennessee Titans,Tanner Conner,MIA,Miami Dolphins,away,31,12,WR,0,0.0,0,0,0,0,0,0,0,0,0,2,2,15,0,0
2024,4,"86 degrees, relative humidity 70%, wind 9 mph",Miami Dolphins,Tennessee Titans,Tyler Huntley,MIA,Miami Dolphins,away,31,12,QB,30,57.692307692307686,14,22,96,0,0,2,8,40,1,0,0,0,0,1
2024,4,"86 degrees, relative humidity 70%, wind 9 mph",Miami Dolphins,Tennessee Titans,Tyreek Hill,MIA,Miami Dolphins,away,31,12,WR,3,5.769230769230769,0,0,0,0,0,0,3,19,0,7,4,23,0,0
2024,4,"71 degrees, relative humidity 68%, wind 15 mph",Green Bay Packers,Minnesota Vikings,Aaron Jones,MIN,Green Bay Packers,away,31,29,RB,22,35.483870967741936,0,0,0,0,0,0,22,93,0,5,4,46,0,0
2024,4,"71 degrees, relative humidity 68%, wind 15 mph",Green Bay Packers,Minnesota Vikings,Brandon Powell,MIN,Green Bay Packers,away,31,29,WR,0,0.0,0,0,0,0,0,0,0,0,0,2,0,0,0,0
2024,4,"71 degrees, relative humidity 68%, wind 15 mph",Green Bay Packers,Minnesota Vikings,Jalen Nailor,MIN,Green Bay Packers,away,31,29,WR,1,1.6129032258064515,0,0,0,0,0,0,1,0,0,2,1,31,0,1
2024,4,"71 degrees, relative humidity 68%, wind 15 mph",Green Bay Packers,Minnesota Vikings,Johnny Mundt,MIN,Green Bay Packers,away,31,29,TE,0,0.0,0,0,0,0,0,0,0,0,0,2,2,15,0,0
2024,4,"71 degrees, relative humidity 68%, wind 15 mph",Green Bay Packers,Minnesota Vikings,Jordan Addison,MIN,Green Bay Packers,away,31,29,WR,1,1.6129032258064515,0,0,0,0,0,0,1,7,1,4,3,72,1,0
2024,4,"71 degrees, relative humidity 68%, wind 15 mph",Green Bay Packers,Minnesota Vikings,Josh Oliver,MIN,Green Bay Packers,away,31,29,TE,0,0.0,0,0,0,0,0,0,0,0,0,2,2,10,1,0
2024,4,"71 degrees, relative humidity 68%, wind 15 mph",Green Bay Packers,Minnesota Vikings,Justin Jefferson,MIN,Green Bay Packers,away,31,29,WR,0,0.0,0,0,0,0,0,0,0,0,0,8,6,85,1,0
2024,4,"71 degrees, relative humidity 68%, wind 15 mph",Green Bay Packers,Minnesota Vikings,Sam Darnold,MIN,Green Bay Packers,away,31,29,QB,35,56.451612903225815,20,28,275,3,1,2,7,15,0,0,0,0,0,1
2024,4,"71 degrees, relative humidity 68%, wind 15 mph",Green Bay Packers,Minnesota Vikings,Trent Sherfield,MIN,Green Bay Packers,away,31,29,WR,0,0.0,0,0,0,0,0,0,0,0,0,1,1,8,0,0
2024,4,"71 degrees, relative humidity 68%, wind 15 mph",Green Bay Packers,Minnesota Vikings,Ty Chandler,MIN,Green Bay Packers,away,31,29,RB,3,4.838709677419355,0,0,0,0,0,0,3,5,0,1,1,8,0,0
2024,4,,New Orleans Saints,Atlanta Falcons,Alvin Kamara,NOR,New Orleans Saints,away,26,24,RB,19,27.536231884057973,0,0,0,0,0,0,19,77,1,9,7,42,0,0
2024,4,,New Orleans Saints,Atlanta Falcons,Chris Olave,NOR,New Orleans Saints,away,26,24,WR,0,0.0,0,0,0,0,0,0,0,0,0,10,8,87,0,0
2024,4,,New Orleans Saints,Atlanta Falcons,Derek Carr,NOR,New Orleans Saints,away,26,24,QB,39,56.52173913043478,28,36,239,0,1,1,3,5,0,0,0,0,0,0
2024,4,,New Orleans Saints,Atlanta Falcons,Jamaal Williams,NOR,New Orleans Saints,away,26,24,RB,3,4.3478260869565215,0,0,0,0,0,0,3,11,0,2,2,8,0,0
2024,4,,New Orleans Saints,Atlanta Falcons,Juwan Johnson,NOR,New Orleans Saints,away,26,24,TE,0,0.0,0,0,0,0,0,0,0,0,0,3,2,13,0,0
2024,4,,New Orleans Saints,Atlanta Falcons,Mason Tipton,NOR,New Orleans Saints,away,26,24,WR,0,0.0,0,0,0,0,0,0,0,0,0,1,1,6,0,0
2024,4,,New Orleans Saints,Atlanta Falcons,Rashid Shaheed,NOR,New Orleans Saints,away,26,24,WR,2,2.898550724637681,0,0,0,0,0,0,2,14,0,11,8,83,0,1
2024,4,,New Orleans Saints,Atlanta Falcons,Taysom Hill,NOR,New Orleans Saints,away,26,24,TE,6,8.695652173913043,0,0,0,0,0,0,6,24,2,0,0,0,0,0
2024,4,"71 degrees, relative humidity 59%, wind 5 mph",New England Patriots,San Francisco 49ers,Antonio Gibson,NWE,New England Patriots,away,30,13,RB,6,10.714285714285714,0,0,0,0,0,0,6,12,0,4,3,67,0,0
2024,4,"71 degrees, relative humidity 59%, wind 5 mph",New England Patriots,San Francisco 49ers,Austin Hooper,NWE,New England Patriots,away,30,13,TE,0,0.0,0,0,0,0,0,0,0,0,0,2,2,13,1,0
2024,4,"71 degrees, relative humidity 59%, wind 5 mph",New England Patriots,San Francisco 49ers,Demario Douglas,NWE,New England Patriots,away,30,13,WR,0,0.0,0,0,0,0,0,0,0,0,0,3,3,13,0,0
2024,4,"71 degrees, relative humidity 59%, wind 5 mph",New England Patriots,San Francisco 49ers,Hunter Henry,NWE,New England Patriots,away,30,13,TE,0,0.0,0,0,0,0,0,0,0,0,0,3,2,12,0,0
2024,4,"71 degrees, relative humidity 59%, wind 5 mph",New England Patriots,San Francisco 49ers,Ja'Lynn Polk,NWE,New England Patriots,away,30,13,WR,0,0.0,0,0,0,0,0,0,0,0,0,7,3,30,0,0
2024,4,"71 degrees, relative humidity 59%, wind 5 mph",New England Patriots,San Francisco 49ers,Jacoby Brissett,NWE,New England Patriots,away,30,13,QB,34,60.71428571428571,19,32,168,1,1,6,2,3,0,0,0,0,0,3
2024,4,"71 degrees, relative humidity 59%, wind 5 mph",New England Patriots,San Francisco 49ers,Jamycal Hasty,NWE,New England Patriots,away,30,13,RB,3,5.357142857142857,0,0,0,0,0,0,3,15,0,1,0,0,0,0
2024,4,"71 degrees, relative humidity 59%, wind 5 mph",New England Patriots,San Francisco 49ers,K.J. Osborn,NWE,New England Patriots,away,30,13,WR,0,0.0,0,0,0,0,0,0,0,0,0,5,1,3,0,0
2024,4,"71 degrees, relative humidity 59%, wind 5 mph",New England Patriots,San Francisco 49ers,Kayshon Boutte,NWE,New England Patriots,away,30,13,WR,0,0.0,0,0,0,0,0,0,0,0,0,1,1,11,0,0
2024,4,"71 degrees, relative humidity 59%, wind 5 mph",New England Patriots,San Francisco 49ers,Rhamondre Stevenson,NWE,New England Patriots,away,30,13,RB,13,23.214285714285715,0,0,0,0,0,0,13,43,0,5,4,19,0,1
2024,4,"71 degrees, relative humidity 59%, wind 5 mph",New England Patriots,San Francisco 49ers,Tyquan Thornton,NWE,New England Patriots,away,30,13,WR,0,0.0,0,0,0,0,0,0,0,0,0,1,0,0,0,0
2024,4,"74 degrees, relative humidity 88%, wind 3 mph",New York Giants,Dallas Cowboys,Daniel Jones,NYG,New York Giants,away,20,15,QB,44,68.75,29,40,281,0,1,1,4,3,0,0,0,0,0,0
2024,4,"74 degrees, relative humidity 88%, wind 3 mph",New York Giants,Dallas Cowboys,Darius Slayton,NYG,New York Giants,away,20,15,WR,0,0.0,0,0,0,0,0,0,0,0,0,5,3,56,0,0
2024,4,"74 degrees, relative humidity 88%, wind 3 mph",New York Giants,Dallas Cowboys,Devin Singletary,NYG,New York Giants,away,20,15,RB,14,21.875,0,0,0,0,0,0,14,24,0,1,1,14,0,0
2024,4,"74 degrees, relative humidity 88%, wind 3 mph",New York Giants,Dallas Cowboys,Eric Gray,NYG,New York Giants,away,20,15,RB,1,1.5625,0,0,0,0,0,0,1,1,0,0,0,0,0,0
2024,4,"74 degrees, relative humidity 88%, wind 3 mph",New York Giants,Dallas Cowboys,Jalin Hyatt,NYG,New York Giants,away,20,15,WR,0,0.0,0,0,0,0,0,0,0,0,0,1,0,0,0,0
2024,4,"74 degrees, relative humidity 88%, wind 3 mph",New York Giants,Dallas Cowboys,Malik Nabers,NYG,New York Giants,away,20,15,WR,1,1.5625,0,0,0,0,0,0,1,-4,0,15,12,115,0,0
2024,4,"74 degrees, relative humidity 88%, wind 3 mph",New York Giants,Dallas Cowboys,Theo Johnson,NYG,New York Giants,away,20,15,TE,0,0.0,0,0,0,0,0,0,0,0,0,1,1,6,0,0
2024,4,"74 degrees, relative humidity 88%, wind 3 mph",New York Giants,Dallas Cowboys,Tyrone Tracy Jr.,NYG,New York Giants,away,20,15,RB,4,6.25,0,0,0,0,0,0,4,2,0,1,1,19,0,1
2024,4,"74 degrees, relative humidity 88%, wind 3 mph",New York Giants,Dallas Cowboys,Wan'Dale Robinson,NYG,New York Giants,away,20,15,WR,0,0.0,0,0,0,0,0,0,0,0,0,14,11,71,0,0
2024,4,"67 degrees, relative humidity 97%, wind 8 mph",New York Jets,Denver Broncos,Aaron Rodgers,NYJ,New York Jets,away,10,9,QB,47,72.3076923076923,24,42,225,0,0,5,5,26,0,0,0,0,0,0
2024,4,"67 degrees, relative humidity 97%, wind 8 mph",New York Jets,Denver Broncos,Allen Lazard,NYJ,New York Jets,away,10,9,WR,0,0.0,0,0,0,0,0,0,0,0,0,8,5,58,0,0
2024,4,"67 degrees, relative humidity 97%, wind 8 mph",New York Jets,Denver Broncos,Braelon Allen,NYJ,New York Jets,away,10,9,RB,8,12.307692307692308,0,0,0,0,0,0,8,34,0,1,1,12,0,0
2024,4,"67 degrees, relative humidity 97%, wind 8 mph",New York Jets,Denver Broncos,Breece Hall,NYJ,New York Jets,away,10,9,RB,10,15.384615384615385,0,0,0,0,0,0,10,4,0,5,2,14,0,0
2024,4,"67 degrees, relative humidity 97%, wind 8 mph",New York Jets,Denver Broncos,Garrett Wilson,NYJ,New York Jets,away,10,9,WR,0,0.0,0,0,0,0,0,0,0,0,0,8,5,41,0,1
2024,4,"67 degrees, relative humidity 97%, wind 8 mph",New York Jets,Denver Broncos,Jeremy Ruckert,NYJ,New York Jets,away,10,9,TE,0,0.0,0,0,0,0,0,0,0,0,0,2,2,10,0,0
2024,4,"67 degrees, relative humidity 97%, wind 8 mph",New York Jets,Denver Broncos,Mike Williams,NYJ,New York Jets,away,10,9,WR,0,0.0,0,0,0,0,0,0,0,0,0,5,4,67,0,0
2024,4,"67 degrees, relative humidity 97%, wind 8 mph",New York Jets,Denver Broncos,Tyler Conklin,NYJ,New York Jets,away,10,9,TE,0,0.0,0,0,0,0,0,0,0,0,0,8,4,17,0,0
2024,4,"67 degrees, relative humidity 97%, wind 8 mph",New York Jets,Denver Broncos,Xavier Gipson,NYJ,New York Jets,away,10,9,WR,0,0.0,0,0,0,0,0,0,0,0,0,4,1,6,0,0
2024,4,"88 degrees, relative humidity 68%, wind 9 mph",Philadelphia Eagles,Tampa Bay Buccaneers,Dallas Goedert,PHI,Philadelphia Eagles,away,33,16,TE,0,0.0,0,0,0,0,0,0,0,0,0,8,7,62,0,0
2024,4,"88 degrees, relative humidity 68%, wind 9 mph",Philadelphia Eagles,Tampa Bay Buccaneers,Grant Calcaterra,PHI,Philadelphia Eagles,away,33,16,TE,0,0.0,0,0,0,0,0,0,0,0,0,2,1,26,0,0
2024,4,"88 degrees, relative humidity 68%, wind 9 mph",Philadelphia Eagles,Tampa Bay Buccaneers,Jack Stoll,PHI,Philadelphia Eagles,away,33,16,TE,0,0.0,0,0,0,0,0,0,0,0,0,2,1,4,0,0
2024,4,"88 degrees, relative humidity 68%, wind 9 mph",Philadelphia Eagles,Tampa Bay Buccaneers,Jahan Dotson,PHI,Philadelphia Eagles,away,33,16,WR,0,0.0,0,0,0,0,0,0,0,0,0,4,2,11,0,0
2024,4,"88 degrees, relative humidity 68%, wind 9 mph",Philadelphia Eagles,Tampa Bay Buccaneers,Jalen Hurts,PHI,Philadelphia Eagles,away,33,16,QB,38,76.0,18,30,158,1,0,6,8,20,1,0,0,0,0,2
2024,4,"88 degrees, relative humidity 68%, wind 9 mph",Philadelphia Eagles,Tampa Bay Buccaneers,John Ross,PHI,Philadelphia Eagles,away,33,16,WR,0,0.0,0,0,0,0,0,0,0,0,0,2,1,6,0,0
2024,4,"88 degrees, relative humidity 68%, wind 9 mph",Philadelphia Eagles,Tampa Bay Buccaneers,Johnny Wilson,PHI,Philadelphia Eagles,away,33,16,WR,0,0.0,0,0,0,0,0,0,0,0,0,2,0,0,0,0
2024,4,"88 degrees, relative humidity 68%, wind 9 mph",Philadelphia Eagles,Tampa Bay Buccaneers,Kenneth Gainwell,PHI,Philadelphia Eagles,away,33,16,RB,2,4.0,0,0,0,0,0,0,2,9,0,1,0,0,0,0
2024,4,"88 degrees, relative humidity 68%, wind 9 mph",Philadelphia Eagles,Tampa Bay Buccaneers,Parris Campbell,PHI,Philadelphia Eagles,away,33,16,WR,0,0.0,0,0,0,0,0,0,0,0,0,4,4,17,1,0
2024,4,"88 degrees, relative humidity 68%, wind 9 mph",Philadelphia Eagles,Tampa Bay Buccaneers,Saquon Barkley,PHI,Philadelphia Eagles,away,33,16,RB,10,20.0,0,0,0,0,0,0,10,84,0,4,2,32,0,0
2024,4,,Pittsburgh Steelers,Indianapolis Colts,Aaron Shampklin,PIT,Pittsburgh Steelers,away,27,24,RB,1,1.5625,0,0,0,0,0,0,1,5,0,0,0,0,0,0
2024,4,,Pittsburgh Steelers,Indianapolis Colts,Calvin Austin,PIT,Pittsburgh Steelers,away,27,24,UNK,0,0.0,0,0,0,0,0,0,0,0,0,1,1,17,0,0
2024,4,,Pittsburgh Steelers,Indianapolis Colts,Cordarrelle Patterson,PIT,Pittsburgh Steelers,away,27,24,RB,6,9.375,0,0,0,0,0,0,6,43,0,2,2,19,0,0
2024,4,,Pittsburgh Steelers,Indianapolis Colts,Darnell Washington,PIT,Pittsburgh Steelers,away,27,24,TE,0,0.0,0,0,0,0,0,0,0,0,0,2,2,31,0,0
2024,4,,Pittsburgh Steelers,Indianapolis Colts,George Pickens,PIT,Pittsburgh Steelers,away,27,24,WR,0,0.0,0,0,0,0,0,0,0,0,0,11,7,113,0,1
2024,4,,Pittsburgh Steelers,Indianapolis Colts,Justin Fields,PIT,Pittsburgh Steelers,away,27,24,QB,44,68.75,22,34,312,1,0,4,10,55,2,0,0,0,0,2
2024,4,,Pittsburgh Steelers,Indianapolis Colts,Najee Harris,PIT,Pittsburgh Steelers,away,27,24,RB,13,20.3125,0,0,0,0,0,0,13,19,0,6,3,54,0,0
2024,4,,Pittsburgh Steelers,Indianapolis Colts,Pat Freiermuth,PIT,Pittsburgh Steelers,away,27,24,TE,0,0.0,0,0,0,0,0,0,0,0,0,7,5,57,1,0
2024,4,,Pittsburgh Steelers,Indianapolis Colts,Van Jefferson,PIT,Pittsburgh Steelers,away,27,24,WR,0,0.0,0,0,0,0,0,0,0,0,0,3,2,21,0,0
2024,4,,Seattle Seahawks,Detroit Lions,AJ Barner,SEA,Seattle Seahawks,away,42,29,TE,0,0.0,0,0,0,0,0,0,0,0,0,2,2,27,1,0
2024,4,,Seattle Seahawks,Detroit Lions,D.K. Metcalf,SEA,Seattle Seahawks,away,42,29,WR,0,0.0,0,0,0,0,0,0,0,0,0,12,7,104,0,1
2024,4,,Seattle Seahawks,Detroit Lions,Geno Smith,SEA,Seattle Seahawks,away,42,29,QB,61,81.33333333333333,38,56,395,1,1,3,5,38,0,0,0,0,0,0
2024,4,,Seattle Seahawks,Detroit Lions,Jake Bobo,SEA,Seattle Seahawks,away,42,29,WR,0,0.0,0,0,0,0,0,0,0,0,0,3,3,30,0,0
2024,4,,Seattle Seahawks,Detroit Lions,Jaxon Smith-Njigba,SEA,Seattle Seahawks,away,42,29,WR,0,0.0,0,0,0,0,0,0,0,0,0,12,8,51,0,0
2024,4,,Seattle Seahawks,Detroit Lions,Kenneth Walker,SEA,Seattle Seahawks,away,42,29,UNK,12,16.0,0,0,0,0,0,0,12,80,3,5,4,36,0,0
2024,4,,Seattle Seahawks,Detroit Lions,Laviska Shenault Jr.,SEA,Seattle Seahawks,away,42,29,WR,0,0.0,0,0,0,0,0,0,0,0,0,1,1,18,0,0
2024,4,,Seattle Seahawks,Detroit Lions,Noah Fant,SEA,Seattle Seahawks,away,42,29,TE,0,0.0,0,0,0,0,0,0,0,0,0,2,2,26,0,0
2024,4,,Seattle Seahawks,Detroit Lions,Pharaoh Brown,SEA,Seattle Seahawks,away,42,29,TE,0,0.0,0,0,0,0,0,0,0,0,0,2,1,3,0,0
2024,4,,Seattle Seahawks,Detroit Lions,Tyler Lockett,SEA,Seattle Seahawks,away,42,29,WR,0,0.0,0,0,0,0,0,0,0,0,0,9,5,61,0,0
2024,4,,Seattle Seahawks,Detroit Lions,Zach Charbonnet,SEA,Seattle Seahawks,away,42,29,RB,2,2.666666666666667,0,0,0,0,0,0,2,15,0,5,5,39,0,0
2024,4,"71 degrees, relative humidity 59%, wind 5 mph",New England Patriots,San Francisco 49ers,Brandon Aiyuk,SFO,New England Patriots,away,30,13,WR,0,0.0,0,0,0,0,0,0,0,0,0,5,2,48,0,0
2024,4,"71 degrees, relative humidity 59%, wind 5 mph",New England Patriots,San Francisco 49ers,Brock Purdy,SFO,New England Patriots,away,30,13,QB,32,54.23728813559322,15,27,288,1,1,1,5,11,0,0,0,0,0,2
2024,4,"71 degrees, relative humidity 59%, wind 5 mph",New England Patriots,San Francisco 49ers,Chris Conley,SFO,New England Patriots,away,30,13,WR,0,0.0,0,0,0,0,0,0,0,0,0,2,0,0,0,0
2024,4,"71 degrees, relative humidity 59%, wind 5 mph",New England Patriots,San Francisco 49ers,Deebo Samuel,SFO,New England Patriots,away,30,13,WR,2,3.389830508474576,0,0,0,0,0,0,2,14,0,5,3,58,0,0
2024,4,"71 degrees, relative humidity 59%, wind 5 mph",New England Patriots,San Francisco 49ers,George Kittle,SFO,New England Patriots,away,30,13,TE,0,0.0,0,0,0,0,0,0,0,0,0,4,4,45,1,0
2024,4,"71 degrees, relative humidity 59%, wind 5 mph",New England Patriots,San Francisco 49ers,Isaac Guerendo,SFO,New England Patriots,away,30,13,RB,1,1.694915254237288,0,0,0,0,0,0,1,0,0,0,0,0,0,1
2024,4,"71 degrees, relative humidity 59%, wind 5 mph",New England Patriots,San Francisco 49ers,Jauan Jennings,SFO,New England Patriots,away,30,13,WR,0,0.0,0,0,0,0,0,0,0,0,0,6,3,88,0,0
2024,4,"71 degrees, relative humidity 59%, wind 5 mph",New England Patriots,San Francisco 49ers,Jordan Mason,SFO,New England Patriots,away,30,13,RB,24,40.67796610169492,0,0,0,0,0,0,24,123,1,3,2,37,0,0
2024,4,"71 degrees, relative humidity 59%, wind 5 mph",New England Patriots,San Francisco 49ers,Kyle Juszczyk,SFO,New England Patriots,away,30,13,FB,0,0.0,0,0,0,0,0,0,0,0,0,1,1,12,0,0
2024,4,"88 degrees, relative humidity 68%, wind 9 mph",Philadelphia Eagles,Tampa Bay Buccaneers,Baker Mayfield,TAM,Philadelphia Eagles,away,33,16,QB,51,70.83333333333334,30,47,347,2,0,2,4,10,1,0,0,0,0,1
2024,4,"88 degrees, relative humidity 68%, wind 9 mph",Philadelphia Eagles,Tampa Bay Buccaneers,Bucky Irving,TAM,Philadelphia Eagles,away,33,16,RB,10,13.88888888888889,0,0,0,0,0,0,10,49,1,2,1,6,0,0
2024,4,"88 degrees, relative humidity 68%, wind 9 mph",Philadelphia Eagles,Tampa Bay Buccaneers,Cade Otton,TAM,Philadelphia Eagles,away,33,16,TE,0,0.0,0,0,0,0,0,0,0,0,0,9,6,52,0,0
2024,4,"88 degrees, relative humidity 68%, wind 9 mph",Philadelphia Eagles,Tampa Bay Buccaneers,Chris Godwin,TAM,Philadelphia Eagles,away,33,16,WR,0,0.0,0,0,0,0,0,0,0,0,0,9,6,69,0,0
2024,4,"88 degrees, relative humidity 68%, wind 9 mph",Philadelphia Eagles,Tampa Bay Buccaneers,Kameron Johnson,TAM,Philadelphia Eagles,away,33,16,WR,0,0.0,0,0,0,0,0,0,0,0,0,1,0,0,0,0
2024,4,"88 degrees, relative humidity 68%, wind 9 mph",Philadelphia Eagles,Tampa Bay Buccaneers,Mike Evans,TAM,Philadelphia Eagles,away,33,16,WR,0,0.0,0,0,0,0,0,0,0,0,0,14,8,94,1,0
2024,4,"88 degrees, relative humidity 68%, wind 9 mph",Philadelphia Eagles,Tampa Bay Buccaneers,Rachaad White,TAM,Philadelphia Eagles,away,33,16,RB,10,13.88888888888889,0,0,0,0,0,0,10,49,0,3,2,35,0,0
2024,4,"88 degrees, relative humidity 68%, wind 9 mph",Philadelphia Eagles,Tampa Bay Buccaneers,Sean Tucker,TAM,Philadelphia Eagles,away,33,16,RB,1,1.3888888888888888,0,0,0,0,0,0,1,3,0,1,1,14,0,0
2024,4,"88 degrees, relative humidity 68%, wind 9 mph",Philadelphia Eagles,Tampa Bay Buccaneers,Sterling Shepard,TAM,Philadelphia Eagles,away,33,16,WR,0,0.0,0,0,0,0,0,0,0,0,0,5,3,51,0,0
2024,4,"88 degrees, relative humidity 68%, wind 9 mph",Philadelphia Eagles,Tampa Bay Buccaneers,Trey Palmer,TAM,Philadelphia Eagles,away,33,16,WR,0,0.0,0,0,0,0,0,0,0,0,0,3,3,26,1,0
2024,4,"86 degrees, relative humidity 70%, wind 9 mph",Miami Dolphins,Tennessee Titans,Calvin Ridley,TEN,Miami Dolphins,away,31,12,WR,1,1.639344262295082,0,0,0,0,0,0,1,10,0,3,1,5,0,0
2024,4,"86 degrees, relative humidity 70%, wind 9 mph",Miami Dolphins,Tennessee Titans,Chigoziem Okonkwo,TEN,Miami Dolphins,away,31,12,TE,0,0.0,0,0,0,0,0,0,0,0,0,3,1,5,0,0
2024,4,"86 degrees, relative humidity 70%, wind 9 mph",Miami Dolphins,Tennessee Titans,DeAndre Hopkins,TEN,Miami Dolphins,away,31,12,WR,0,0.0,0,0,0,0,0,0,0,0,0,4,2,31,0,0
2024,4,"86 degrees, relative humidity 70%, wind 9 mph",Miami Dolphins,Tennessee Titans,Josh Whyle,TEN,Miami Dolphins,away,31,12,TE,0,0.0,0,0,0,0,0,0,0,0,0,1,1,5,0,0
2024,4,"86 degrees, relative humidity 70%, wind 9 mph",Miami Dolphins,Tennessee Titans,Mason Rudolph,TEN,Miami Dolphins,away,31,12,QB,17,27.86885245901639,9,17,85,0,0,1,0,0,0,0,0,0,0,0
2024,4,"86 degrees, relative humidity 70%, wind 9 mph",Miami Dolphins,Tennessee Titans,Tony Pollard,TEN,Miami Dolphins,away,31,12,RB,22,36.0655737704918,0,0,0,0,0,0,22,88,1,2,2,20,0,0
2024,4,"86 degrees, relative humidity 70%, wind 9 mph",Miami Dolphins,Tennessee Titans,Treylon Burks,TEN,Miami Dolphins,away,31,12,WR,0,0.0,0,0,0,0,0,0,0,0,0,1,1,13,0,0
2024,4,"86 degrees, relative humidity 70%, wind 9 mph",Miami Dolphins,Tennessee Titans,Tyjae Spears,TEN,Miami Dolphins,away,31,12,RB,15,24.59016393442623,0,0,0,0,0,0,15,39,1,2,2,0,0,0
2024,4,"86 degrees, relative humidity 70%, wind 9 mph",Miami Dolphins,Tennessee Titans,Tyler Boyd,TEN,Miami Dolphins,away,31,12,WR,0,0.0,0,0,0,0,0,0,0,0,0,2,2,31,0,0
2024,4,"86 degrees, relative humidity 70%, wind 9 mph",Miami Dolphins,Tennessee Titans,Will Levis,TEN,Miami Dolphins,away,31,12,QB,6,9.836065573770492,3,4,25,0,1,0,2,5,0,0,0,0,0,0
2024,4,,Arizona Cardinals,Washington Commanders,Brian Robinson Jr.,WAS,Arizona Cardinals,away,42,14,RB,21,31.343283582089555,0,0,0,0,0,0,21,101,1,3,3,12,0,0
2024,4,,Arizona Cardinals,Washington Commanders,Dyami Brown,WAS,Arizona Cardinals,away,42,14,WR,0,0.0,0,0,0,0,0,0,0,0,0,1,1,4,0,0
2024,4,,Arizona Cardinals,Washington Commanders,Jayden Daniels,WAS,Arizona Cardinals,away,42,14,QB,38,56.71641791044776,26,30,233,1,1,0,8,47,1,0,0,0,0,0
2024,4,,Arizona Cardinals,Washington Commanders,Jeremy McNichols,WAS,Arizona Cardinals,away,42,14,RB,8,11.940298507462686,0,0,0,0,0,0,8,68,2,1,1,6,0,0
2024,4,,Arizona Cardinals,Washington Commanders,John Bates,WAS,Arizona Cardinals,away,42,14,TE,0,0.0,0,0,0,0,0,0,0,0,0,1,1,9,0,0
2024,4,,Arizona Cardinals,Washington Commanders,Luke McCaffrey,WAS,Arizona Cardinals,away,42,14,WR,0,0.0,0,0,0,0,0,0,0,0,0,1,1,17,0,0
2024,4,,Arizona Cardinals,Washington Commanders,Noah Brown,WAS,Arizona Cardinals,away,42,14,WR,0,0.0,0,0,0,0,0,0,0,0,0,4,3,26,0,0
2024,4,,Arizona Cardinals,Washington Commanders,Olamide Zaccheaus,WAS,Arizona Cardinals,away,42,14,WR,0,0.0,0,0,0,0,0,0,0,0,0,6,6,85,0,0
2024,4,,Arizona Cardinals,Washington Commanders,Terry McLaurin,WAS,Arizona Cardinals,away,42,14,WR,0,0.0,0,0,0,0,0,0,0,0,0,10,7,52,1,0
2024,4,,Arizona Cardinals,Washington Commanders,Zach Ertz,WAS,Arizona Cardinals,away,42,14,TE,0,0.0,0,0,0,0,0,0,0,0,0,3,3,22,0,0
2024,5,"89 degrees, relative humidity 31%, wind 3 mph",San Francisco 49ers,Arizona Cardinals,Elijah Higgins,ARI,San Francisco 49ers,away,24,23,TE,0,0.0,0,0,0,0,0,0,0,0,0,1,1,2,1,0
2024,5,"89 degrees, relative humidity 31%, wind 3 mph",San Francisco 49ers,Arizona Cardinals,Emari Demercado,ARI,San Francisco 49ers,away,24,23,RB,0,0.0,0,0,0,0,0,0,0,0,0,1,1,0,0,0
2024,5,"89 degrees, relative humidity 31%, wind 3 mph",San Francisco 49ers,Arizona Cardinals,Greg Dortch,ARI,San Francisco 49ers,away,24,23,WR,0,0.0,0,0,0,0,0,0,0,0,0,2,1,7,0,0
2024,5,"89 degrees, relative humidity 31%, wind 3 mph",San Francisco 49ers,Arizona Cardinals,James Conner,ARI,San Francisco 49ers,away,24,23,RB,19,33.92857142857143,0,0,0,0,0,0,19,86,0,3,2,14,0,0
2024,5,"89 degrees, relative humidity 31%, wind 3 mph",San Francisco 49ers,Arizona Cardinals,Kyler Murray,ARI,San Francisco 49ers,away,24,23,QB,37,66.07142857142857,19,30,195,1,1,1,7,83,1,0,0,0,0,1
2024,5,"89 degrees, relative humidity 31%, wind 3 mph",San Francisco 49ers,Arizona Cardinals,Marvin Harrison Jr.,ARI,San Francisco 49ers,away,24,23,WR,0,0.0,0,0,0,0,0,0,0,0,0,7,2,36,0,0
2024,5,"89 degrees, relative humidity 31%, wind 3 mph",San Francisco 49ers,Arizona Cardinals,Michael Wilson,ARI,San Francisco 49ers,away,24,23,WR,0,0.0,0,0,0,0,0,0,0,0,0,6,5,78,0,0
2024,5,"89 degrees, relative humidity 31%, wind 3 mph",San Francisco 49ers,Arizona Cardinals,Tip Reiman,ARI,San Francisco 49ers,away,24,23,TE,0,0.0,0,0,0,0,0,0,0,0,0,1,1,5,0,0
2024,5,"89 degrees, relative humidity 31%, wind 3 mph",San Francisco 49ers,Arizona Cardinals,Trey McBride,ARI,San Francisco 49ers,away,24,23,TE,0,0.0,0,0,0,0,0,0,0,0,0,9,6,53,0,0
2024,5,,Tampa Bay Buccaneers,Atlanta Falcons,Bijan Robinson,ATL,Tampa Bay Buccaneers,away,36,30,RB,12,15.584415584415584,0,0,0,0,0,0,12,61,0,3,3,16,0,0
2024,5,,Tampa Bay Buccaneers,Atlanta Falcons,Darnell Mooney,ATL,Tampa Bay Buccaneers,away,36,30,WR,1,1.2987012987012987,0,1,0,0,0,0,0,0,0,16,9,105,2,0
2024,5,,Tampa Bay Buccaneers,Atlanta Falcons,Drake London,ATL,Tampa Bay Buccaneers,away,36,30,WR,0,0.0,0,0,0,0,0,0,0,0,0,13,12,154,1,0
2024,5,,Tampa Bay Buccaneers,Atlanta Falcons,KhaDarel Hodge,ATL,Tampa Bay Buccaneers,away,36,30,WR,0,0.0,0,0,0,0,0,0,0,0,0,2,2,67,1,0
2024,5,,Tampa Bay Buccaneers,Atlanta Falcons,Kirk Cousins,ATL,Tampa Bay Buccaneers,away,36,30,QB,58,75.32467532467533,42,58,509,4,1,4,0,0,0,0,0,0,0,0
2024,5,,Tampa Bay Buccaneers,Atlanta Falcons,Kyle Pitts,ATL,Tampa Bay Buccaneers,away,36,30,TE,0,0.0,0,0,0,0,0,0,0,0,0,8,7,88,0,0
2024,5,,Tampa Bay Buccaneers,Atlanta Falcons,Ray-Ray McCloud,ATL,Tampa Bay Buccaneers,away,36,30,WR,0,0.0,0,0,0,0,0,0,0,0,0,9,6,66,0,1
2024,5,,Tampa Bay Buccaneers,Atlanta Falcons,Tyler Allgeier,ATL,Tampa Bay Buccaneers,away,36,30,RB,6,7.792207792207792,0,0,0,0,0,0,6,12,0,3,3,13,0,0
2024,5,"81 degrees, relative humidity 57%, wind 10 mph",Cincinnati Bengals,Baltimore Ravens,Charlie Kolar,BAL,Cincinnati Bengals,away,41,38,TE,1,1.3157894736842104,0,0,0,0,0,0,1,2,0,4,3,64,1,0
2024,5,"81 degrees, relative humidity 57%, wind 10 mph",Cincinnati Bengals,Baltimore Ravens,Derrick Henry,BAL,Cincinnati Bengals,away,41,38,RB,15,19.736842105263158,0,0,0,0,0,0,15,92,1,1,1,4,0,0
2024,5,"81 degrees, relative humidity 57%, wind 10 mph",Cincinnati Bengals,Baltimore Ravens,Isaiah Likely,BAL,Cincinnati Bengals,away,41,38,TE,0,0.0,0,0,0,0,0,0,0,0,0,3,3,13,2,0
2024,5,"81 degrees, relative humidity 57%, wind 10 mph",Cincinnati Bengals,Baltimore Ravens,Justice Hill,BAL,Cincinnati Bengals,away,41,38,RB,5,6.578947368421052,0,0,0,0,0,0,5,17,0,2,1,8,0,0
2024,5,"81 degrees, relative humidity 57%, wind 10 mph",Cincinnati Bengals,Baltimore Ravens,Lamar Jackson,BAL,Cincinnati Bengals,away,41,38,QB,54,71.05263157894737,26,42,348,4,0,1,12,55,0,0,0,0,0,2
2024,5,"81 degrees, relative humidity 57%, wind 10 mph",Cincinnati Bengals,Baltimore Ravens,Mark Andrews,BAL,Cincinnati Bengals,away,41,38,TE,0,0.0,0,0,0,0,0,0,0,0,0,5,4,55,0,0
2024,5,"81 degrees, relative humidity 57%, wind 10 mph",Cincinnati Bengals,Baltimore Ravens,Nelson Agholor,BAL,Cincinnati Bengals,away,41,38,WR,0,0.0,0,0,0,0,0,0,0,0,0,4,1,4,0,0
2024,5,"81 degrees, relative humidity 57%, wind 10 mph",Cincinnati Bengals,Baltimore Ravens,Rashod Bateman,BAL,Cincinnati Bengals,away,41,38,WR,0,0.0,0,0,0,0,0,0,0,0,0,8,4,58,1,0
2024,5,"81 degrees, relative humidity 57%, wind 10 mph",Cincinnati Bengals,Baltimore Ravens,Tylan Wallace,BAL,Cincinnati Bengals,away,41,38,WR,0,0.0,0,0,0,0,0,0,0,0,0,2,2,31,0,0
2024,5,"81 degrees, relative humidity 57%, wind 10 mph",Cincinnati Bengals,Baltimore Ravens,Zay Flowers,BAL,Cincinnati Bengals,away,41,38,WR,1,1.3157894736842104,0,0,0,0,0,0,1,9,0,12,7,111,0,0
2024,5,,Buffalo Bills,Houston Texans,Curtis Samuel,BUF,Buffalo Bills,away,23,20,WR,1,1.7241379310344827,0,0,0,0,0,0,1,-1,0,4,1,0,0,0
2024,5,,Buffalo Bills,Houston Texans,Dalton Kincaid,BUF,Buffalo Bills,away,23,20,TE,0,0.0,0,0,0,0,0,0,0,0,0,6,2,34,0,0
2024,5,,Buffalo Bills,Houston Texans,James Cook,BUF,Buffalo Bills,away,23,20,RB,20,34.48275862068966,0,0,0,0,0,0,20,82,1,3,2,17,0,0
2024,5,,Buffalo Bills,Houston Texans,Josh Allen,BUF,Buffalo Bills,away,23,20,QB,34,58.620689655172406,9,30,131,1,0,1,4,54,0,0,0,0,0,0
2024,5,,Buffalo Bills,Houston Texans,Keon Coleman,BUF,Buffalo Bills,away,23,20,WR,0,0.0,0,0,0,0,0,0,0,0,0,5,1,49,1,0
2024,5,,Buffalo Bills,Houston Texans,Mack Hollins,BUF,Buffalo Bills,away,23,20,WR,0,0.0,0,0,0,0,0,0,0,0,0,6,2,27,0,0
2024,5,,Buffalo Bills,Houston Texans,Marquez Valdes-Scantling,BUF,Buffalo Bills,away,23,20,WR,0,0.0,0,0,0,0,0,0,0,0,0,3,0,0,0,0
2024,5,,Buffalo Bills,Houston Texans,Ray Davis,BUF,Buffalo Bills,away,23,20,RB,0,0.0,0,0,0,0,0,0,0,0,0,2,1,4,0,0
2024,5,,Buffalo Bills,Houston Texans,Ty Johnson,BUF,Buffalo Bills,away,23,20,RB,3,5.172413793103448,0,0,0,0,0,0,3,15,0,0,0,0,0,0
2024,5,"74 degrees, relative humidity 27%, wind 7 mph",Carolina Panthers,Chicago Bears,Andy Dalton,CAR,Carolina Panthers,away,36,10,QB,29,53.70370370370371,18,28,136,0,1,3,1,3,0,0,0,0,0,2
2024,5,"74 degrees, relative humidity 27%, wind 7 mph",Carolina Panthers,Chicago Bears,Bryce Young,CAR,Carolina Panthers,away,36,10,QB,8,14.814814814814813,4,7,58,0,0,1,1,8,0,0,0,0,0,0
2024,5,"74 degrees, relative humidity 27%, wind 7 mph",Carolina Panthers,Chicago Bears,Chuba Hubbard,CAR,Carolina Panthers,away,36,10,RB,13,24.074074074074073,0,0,0,0,0,0,13,97,1,4,4,-2,0,1
2024,5,"74 degrees, relative humidity 27%, wind 7 mph",Carolina Panthers,Chicago Bears,David Moore,CAR,Carolina Panthers,away,36,10,WR,0,0.0,0,0,0,0,0,0,0,0,0,3,2,13,0,0
2024,5,"74 degrees, relative humidity 27%, wind 7 mph",Carolina Panthers,Chicago Bears,Diontae Johnson,CAR,Carolina Panthers,away,36,10,WR,2,3.7037037037037033,0,0,0,0,0,0,2,6,0,6,3,23,0,0
2024,5,"74 degrees, relative humidity 27%, wind 7 mph",Carolina Panthers,Chicago Bears,Ja'Tavion Sanders,CAR,Carolina Panthers,away,36,10,TE,0,0.0,0,0,0,0,0,0,0,0,0,5,3,13,0,0
2024,5,"74 degrees, relative humidity 27%, wind 7 mph",Carolina Panthers,Chicago Bears,Jalen Coker,CAR,Carolina Panthers,away,36,10,WR,0,0.0,0,0,0,0,0,0,0,0,0,4,4,68,0,0
2024,5,"74 degrees, relative humidity 27%, wind 7 mph",Carolina Panthers,Chicago Bears,Jonathan Mingo,CAR,Carolina Panthers,away,36,10,WR,0,0.0,0,0,0,0,0,0,0,0,0,5,2,37,0,0
2024,5,"74 degrees, relative humidity 27%, wind 7 mph",Carolina Panthers,Chicago Bears,Miles Sanders,CAR,Carolina Panthers,away,36,10,RB,2,3.7037037037037033,0,0,0,0,0,0,2,6,0,3,2,27,0,0
2024,5,"74 degrees, relative humidity 27%, wind 7 mph",Carolina Panthers,Chicago Bears,Tommy Tremble,CAR,Carolina Panthers,away,36,10,TE,0,0.0,0,0,0,0,0,0,0,0,0,2,1,7,0,1
2024,5,"74 degrees, relative humidity 27%, wind 7 mph",Carolina Panthers,Chicago Bears,Xavier Legette,CAR,Carolina Panthers,away,36,10,WR,0,0.0,0,0,0,0,0,0,0,0,0,1,1,8,0,0
2024,5,"74 degrees, relative humidity 27%, wind 7 mph",Carolina Panthers,Chicago Bears,Caleb Williams,CHI,Carolina Panthers,away,36,10,QB,34,50.0,20,29,304,2,0,1,5,34,0,0,0,0,0,0
2024,5,"74 degrees, relative humidity 27%, wind 7 mph",Carolina Panthers,Chicago Bears,Cole Kmet,CHI,Carolina Panthers,away,36,10,TE,0,0.0,0,0,0,0,0,0,0,0,0,4,3,57,0,0
2024,5,"74 degrees, relative humidity 27%, wind 7 mph",Carolina Panthers,Chicago Bears,D'Andre Swift,CHI,Carolina Panthers,away,36,10,RB,21,30.88235294117647,0,0,0,0,0,0,21,73,1,2,2,47,0,0
2024,5,"74 degrees, relative humidity 27%, wind 7 mph",Carolina Panthers,Chicago Bears,D.J. Moore,CHI,Carolina Panthers,away,36,10,WR,0,0.0,0,0,0,0,0,0,0,0,0,8,5,105,2,0
2024,5,"74 degrees, relative humidity 27%, wind 7 mph",Carolina Panthers,Chicago Bears,Gerald Everett,CHI,Carolina Panthers,away,36,10,TE,0,0.0,0,0,0,0,0,0,0,0,0,2,2,22,0,0
2024,5,"74 degrees, relative humidity 27%, wind 7 mph",Carolina Panthers,Chicago Bears,Keenan Allen,CHI,Carolina Panthers,away,36,10,WR,0,0.0,0,0,0,0,0,0,0,0,0,6,3,33,0,0
2024,5,"74 degrees, relative humidity 27%, wind 7 mph",Carolina Panthers,Chicago Bears,Rome Odunze,CHI,Carolina Panthers,away,36,10,WR,0,0.0,0,0,0,0,0,0,0,0,0,6,5,40,0,0
2024,5,"74 degrees, relative humidity 27%, wind 7 mph",Carolina Panthers,Chicago Bears,Roschon Johnson,CHI,Carolina Panthers,away,36,10,RB,10,14.705882352941178,0,0,0,0,0,0,10,25,2,0,0,0,0,0
2024,5,"74 degrees, relative humidity 27%, wind 7 mph",Carolina Panthers,Chicago Bears,Tyson Bagent,CHI,Carolina Panthers,away,36,10,QB,3,4.411764705882353,0,0,0,0,0,0,3,-4,0,0,0,0,0,0
2024,5,"81 degrees, relative humidity 57%, wind 10 mph",Cincinnati Bengals,Baltimore Ravens,Andrei Iosivas,CIN,Cincinnati Bengals,away,41,38,WR,0,0.0,0,0,0,0,0,0,0,0,0,2,1,39,0,0
2024,5,"81 degrees, relative humidity 57%, wind 10 mph",Cincinnati Bengals,Baltimore Ravens,Chase Brown,CIN,Cincinnati Bengals,away,41,38,RB,12,19.35483870967742,0,0,0,0,0,0,12,46,0,3,3,8,1,0
2024,5,"81 degrees, relative humidity 57%, wind 10 mph",Cincinnati Bengals,Baltimore Ravens,Erick All,CIN,Cincinnati Bengals,away,41,38,TE,0,0.0,0,0,0,0,0,0,0,0,0,2,2,10,0,0
2024,5,"81 degrees, relative humidity 57%, wind 10 mph",Cincinnati Bengals,Baltimore Ravens,Ja'Marr Chase,CIN,Cincinnati Bengals,away,41,38,WR,0,0.0,0,0,0,0,0,0,0,0,0,12,10,193,2,0
2024,5,"81 degrees, relative humidity 57%, wind 10 mph",Cincinnati Bengals,Baltimore Ravens,Joe Burrow,CIN,Cincinnati Bengals,away,41,38,QB,41,66.12903225806451,30,39,392,5,1,3,2,1,0,0,0,0,0,0
2024,5,"81 degrees, relative humidity 57%, wind 10 mph",Cincinnati Bengals,Baltimore Ravens,Mike Gesicki,CIN,Cincinnati Bengals,away,41,38,TE,0,0.0,0,0,0,0,0,0,0,0,0,2,2,31,0,0
2024,5,"81 degrees, relative humidity 57%, wind 10 mph",Cincinnati Bengals,Baltimore Ravens,Tee Higgins,CIN,Cincinnati Bengals,away,41,38,WR,0,0.0,0,0,0,0,0,0,0,0,0,14,9,83,2,0
2024,5,"81 degrees, relative humidity 57%, wind 10 mph",Cincinnati Bengals,Baltimore Ravens,Zack Moss,CIN,Cincinnati Bengals,away,41,38,RB,9,14.516129032258066,0,0,0,0,0,0,9,24,0,4,3,28,0,0
2024,5,"73 degrees, relative humidity 54%, wind 5 mph",Cleveland Browns,Washington Commanders,Amari Cooper,CLE,Cleveland Browns,away,34,13,WR,0,0.0,0,0,0,0,0,0,0,0,0,10,4,60,0,0
2024,5,"73 degrees, relative humidity 54%, wind 5 mph",Cleveland Browns,Washington Commanders,D'Onta Foreman,CLE,Cleveland Browns,away,34,13,RB,9,17.307692307692307,0,0,0,0,0,0,9,44,0,1,1,16,0,0
2024,5,"73 degrees, relative humidity 54%, wind 5 mph",Cleveland Browns,Washington Commanders,David Njoku,CLE,Cleveland Browns,away,34,13,TE,0,0.0,0,0,0,0,0,0,0,0,0,3,1,14,0,0
2024,5,"73 degrees, relative humidity 54%, wind 5 mph",Cleveland Browns,Washington Commanders,Deshaun Watson,CLE,Cleveland Browns,away,34,13,QB,31,59.61538461538461,15,28,125,1,0,7,3,14,0,0,0,0,0,1
2024,5,"73 degrees, relative humidity 54%, wind 5 mph",Cleveland Browns,Washington Commanders,Elijah Moore,CLE,Cleveland Browns,away,34,13,WR,0,0.0,0,0,0,0,0,0,0,0,0,4,3,11,0,0
2024,5,"73 degrees, relative humidity 54%, wind 5 mph",Cleveland Browns,Washington Commanders,Jameis Winston,CLE,Cleveland Browns,away,34,13,QB,2,3.8461538461538463,1,1,16,0,0,0,1,-3,0,0,0,0,0,0
2024,5,"73 degrees, relative humidity 54%, wind 5 mph",Cleveland Browns,Washington Commanders,Jerome Ford,CLE,Cleveland Browns,away,34,13,RB,9,17.307692307692307,0,0,0,0,0,0,9,47,0,3,3,2,0,0
2024,5,"73 degrees, relative humidity 54%, wind 5 mph",Cleveland Browns,Washington Commanders,Jerry Jeudy,CLE,Cleveland Browns,away,34,13,WR,0,0.0,0,0,0,0,0,0,0,0,0,3,1,16,0,0
2024,5,"73 degrees, relative humidity 54%, wind 5 mph",Cleveland Browns,Washington Commanders,Jordan Akins,CLE,Cleveland Browns,away,34,13,TE,0,0.0,0,0,0,0,0,0,0,0,0,3,3,22,1,0
2024,5,"73 degrees, relative humidity 54%, wind 5 mph",Cleveland Browns,Washington Commanders,Pierre Strong,CLE,Cleveland Browns,away,34,13,RB,1,1.9230769230769231,0,0,0,0,0,0,1,2,0,1,0,0,0,0
2024,5,"67 degrees, relative humidity 86%, wind 6 mph",Pittsburgh Steelers,Dallas Cowboys,Brevyn Spann-Ford,DAL,Pittsburgh Steelers,away,20,17,TE,0,0.0,0,0,0,0,0,0,0,0,0,3,2,20,0,0
2024,5,"67 degrees, relative humidity 86%, wind 6 mph",Pittsburgh Steelers,Dallas Cowboys,CeeDee Lamb,DAL,Pittsburgh Steelers,away,20,17,WR,1,1.36986301369863,0,0,0,0,0,0,1,2,0,9,5,62,0,0
2024,5,"67 degrees, relative humidity 86%, wind 6 mph",Pittsburgh Steelers,Dallas Cowboys,Dak Prescott,DAL,Pittsburgh Steelers,away,20,17,QB,43,58.9041095890411,29,42,352,2,2,2,1,3,0,0,0,0,0,1
2024,5,"67 degrees, relative humidity 86%, wind 6 mph",Pittsburgh Steelers,Dallas Cowboys,Ezekiel Elliott,DAL,Pittsburgh Steelers,away,20,17,RB,6,8.21917808219178,0,0,0,0,0,0,6,17,0,1,0,0,0,0
2024,5,"67 degrees, relative humidity 86%, wind 6 mph",Pittsburgh Steelers,Dallas Cowboys,Hunter Luepke,DAL,Pittsburgh Steelers,away,20,17,FB,2,2.73972602739726,0,0,0,0,0,0,2,6,0,1,1,18,0,0
2024,5,"67 degrees, relative humidity 86%, wind 6 mph",Pittsburgh Steelers,Dallas Cowboys,Jake Ferguson,DAL,Pittsburgh Steelers,away,20,17,TE,0,0.0,0,0,0,0,0,0,0,0,0,7,6,70,0,0
2024,5,"67 degrees, relative humidity 86%, wind 6 mph",Pittsburgh Steelers,Dallas Cowboys,Jalen Brooks,DAL,Pittsburgh Steelers,away,20,17,WR,0,0.0,0,0,0,0,0,0,0,0,0,1,1,10,0,0
2024,5,"67 degrees, relative humidity 86%, wind 6 mph",Pittsburgh Steelers,Dallas Cowboys,Jalen Tolbert,DAL,Pittsburgh Steelers,away,20,17,WR,0,0.0,0,0,0,0,0,0,0,0,0,10,7,87,1,0
2024,5,"67 degrees, relative humidity 86%, wind 6 mph",Pittsburgh Steelers,Dallas Cowboys,KaVontae Turpin,DAL,Pittsburgh Steelers,away,20,17,WR,1,1.36986301369863,0,0,0,0,0,0,1,-6,0,5,4,50,0,0
2024,5,"67 degrees, relative humidity 86%, wind 6 mph",Pittsburgh Steelers,Dallas Cowboys,Luke Schoonmaker,DAL,Pittsburgh Steelers,away,20,17,TE,0,0.0,0,0,0,0,0,0,0,0,0,2,1,8,0,0
2024,5,"67 degrees, relative humidity 86%, wind 6 mph",Pittsburgh Steelers,Dallas Cowboys,Rico Dowdle,DAL,Pittsburgh Steelers,away,20,17,RB,20,27.397260273972602,0,0,0,0,0,0,20,87,0,2,2,27,1,1
2024,5,"73 degrees, relative humidity 22%, wind 7 mph",Las Vegas Raiders,Denver Broncos,Adam Trautman,DEN,Las Vegas Raiders,away,34,18,TE,0,0.0,0,0,0,0,0,0,0,0,0,1,1,19,0,0
2024,5,"73 degrees, relative humidity 22%, wind 7 mph",Las Vegas Raiders,Denver Broncos,Bo Nix,DEN,Las Vegas Raiders,away,34,18,QB,35,63.63636363636363,19,27,206,2,0,3,8,9,1,0,0,0,0,0
2024,5,"73 degrees, relative humidity 22%, wind 7 mph",Las Vegas Raiders,Denver Broncos,Courtland Sutton,DEN,Las Vegas Raiders,away,34,18,WR,0,0.0,0,0,0,0,0,0,0,0,0,5,2,32,0,0
2024,5,"73 degrees, relative humidity 22%, wind 7 mph",Las Vegas Raiders,Denver Broncos,Jaleel McLaughlin,DEN,Las Vegas Raiders,away,34,18,RB,6,10.909090909090908,0,0,0,0,0,0,6,22,0,4,3,3,1,0
2024,5,"73 degrees, relative humidity 22%, wind 7 mph",Las Vegas Raiders,Denver Broncos,Javonte Williams,DEN,Las Vegas Raiders,away,34,18,RB,13,23.636363636363637,0,0,0,0,0,0,13,61,0,6,5,50,0,0
2024,5,"73 degrees, relative humidity 22%, wind 7 mph",Las Vegas Raiders,Denver Broncos,Josh Reynolds,DEN,Las Vegas Raiders,away,34,18,WR,0,0.0,0,0,0,0,0,0,0,0,0,2,1,9,1,0
2024,5,"73 degrees, relative humidity 22%, wind 7 mph",Las Vegas Raiders,Denver Broncos,Lil'Jordan Humphrey,DEN,Las Vegas Raiders,away,34,18,WR,0,0.0,0,0,0,0,0,0,0,0,0,2,2,48,0,0
2024,5,"73 degrees, relative humidity 22%, wind 7 mph",Las Vegas Raiders,Denver Broncos,Lucas Krull,DEN,Las Vegas Raiders,away,34,18,TE,0,0.0,0,0,0,0,0,0,0,0,0,1,1,5,0,0
2024,5,"73 degrees, relative humidity 22%, wind 7 mph",Las Vegas Raiders,Denver Broncos,Marvin Mims,DEN,Las Vegas Raiders,away,34,18,WR,1,1.8181818181818181,0,0,0,0,0,0,1,17,0,1,1,7,0,0
2024,5,"73 degrees, relative humidity 22%, wind 7 mph",Las Vegas Raiders,Denver Broncos,Michael Burton,DEN,Las Vegas Raiders,away,34,18,FB,0,0.0,0,0,0,0,0,0,0,0,0,1,1,5,0,0
2024,5,"73 degrees, relative humidity 22%, wind 7 mph",Las Vegas Raiders,Denver Broncos,Nate Adkins,DEN,Las Vegas Raiders,away,34,18,TE,0,0.0,0,0,0,0,0,0,0,0,0,1,1,8,0,0
2024,5,"73 degrees, relative humidity 22%, wind 7 mph",Las Vegas Raiders,Denver Broncos,Troy Franklin,DEN,Las Vegas Raiders,away,34,18,WR,0,0.0,0,0,0,0,0,0,0,0,0,2,1,20,0,0
2024,5,,Los Angeles Rams,Green Bay Packers,Bo Melton,GNB,Los Angeles Rams,away,24,19,WR,0,0.0,0,0,0,0,0,0,0,0,0,2,1,12,0,0
2024,5,,Los Angeles Rams,Green Bay Packers,Dontayvion Wicks,GNB,Los Angeles Rams,away,24,19,WR,0,0.0,0,0,0,0,0,0,0,0,0,7,2,20,0,0
2024,5,,Los Angeles Rams,Green Bay Packers,Emanuel Wilson,GNB,Los Angeles Rams,away,24,19,RB,6,10.714285714285714,0,0,0,0,0,0,6,24,0,1,1,-9,0,0
2024,5,,Los Angeles Rams,Green Bay Packers,Jayden Reed,GNB,Los Angeles Rams,away,24,19,WR,2,3.571428571428571,0,0,0,0,0,0,2,19,0,6,4,78,0,0
2024,5,,Los Angeles Rams,Green Bay Packers,Jordan Love,GNB,Los Angeles Rams,away,24,19,QB,29,51.78571428571429,15,26,224,2,1,2,3,10,0,0,0,0,0,1
2024,5,,Los Angeles Rams,Green Bay Packers,Josh Jacobs,GNB,Los Angeles Rams,away,24,19,RB,19,33.92857142857143,0,0,0,0,0,0,19,73,1,1,1,21,0,0
2024,5,,Los Angeles Rams,Green Bay Packers,Malik Heath,GNB,Los Angeles Rams,away,24,19,WR,0,0.0,0,0,0,0,0,0,0,0,0,3,2,14,0,0
2024,5,,Los Angeles Rams,Green Bay Packers,Tucker Kraft,GNB,Los Angeles Rams,away,24,19,TE,0,0.0,0,0,0,0,0,0,0,0,0,5,4,88,2,0
2024,5,,Buffalo Bills,Houston Texans,C.J. Stroud,HOU,Buffalo Bills,away,23,20,QB,41,62.121212121212125,28,38,331,1,1,1,3,27,0,0,0,0,0,1
2024,5,,Buffalo Bills,Houston Texans,Cade Stover,HOU,Buffalo Bills,away,23,20,TE,0,0.0,0,0,0,0,0,0,0,0,0,2,2,6,0,0
2024,5,,Buffalo Bills,Houston Texans,Cam Akers,HOU,Buffalo Bills,away,23,20,RB,9,13.636363636363635,0,0,0,0,0,0,9,42,1,3,2,5,0,0
2024,5,,Buffalo Bills,Houston Texans,Dalton Schultz,HOU,Buffalo Bills,away,23,20,TE,0,0.0,0,0,0,0,0,0,0,0,0,6,4,34,0,0
2024,5,,Buffalo Bills,Houston Texans,Dare Ogunbowale,HOU,Buffalo Bills,away,23,20,RB,15,22.727272727272727,0,0,0,0,0,0,15,30,0,7,6,57,0,0
2024,5,,Buffalo Bills,Houston Texans,Nico Collins,HOU,Buffalo Bills,away,23,20,WR,0,0.0,0,0,0,0,0,0,0,0,0,2,2,78,1,0
2024,5,,Buffalo Bills,Houston Texans,Stefon Diggs,HOU,Buffalo Bills,away,23,20,WR,0,0.0,0,0,0,0,0,0,0,0,0,8,6,82,0,0
2024,5,,Buffalo Bills,Houston Texans,Tank Dell,HOU,Buffalo Bills,away,23,20,WR,1,1.5151515151515151,0,0,0,0,0,0,1,-5,0,4,4,38,0,0
2024,5,,Buffalo Bills,Houston Texans,Xavier Hutchinson,HOU,Buffalo Bills,away,23,20,WR,0,0.0,0,0,0,0,0,0,0,0,0,3,2,31,0,0
2024,5,"74 degrees, relative humidity 90%, wind 4 mph",Indianapolis Colts,Jacksonville Jaguars,Adonai Mitchell,IND,Indianapolis Colts,away,37,34,WR,2,3.076923076923077,1,1,24,0,0,0,1,4,0,7,4,38,0,0
2024,5,"74 degrees, relative humidity 90%, wind 4 mph",Indianapolis Colts,Jacksonville Jaguars,Alec Pierce,IND,Indianapolis Colts,away,37,34,WR,0,0.0,0,0,0,0,0,0,0,0,0,3,3,134,1,0
2024,5,"74 degrees, relative humidity 90%, wind 4 mph",Indianapolis Colts,Jacksonville Jaguars,Andrew Ogletree,IND,Indianapolis Colts,away,37,34,TE,0,0.0,0,0,0,0,0,0,0,0,0,1,1,5,0,0
2024,5,"74 degrees, relative humidity 90%, wind 4 mph",Indianapolis Colts,Jacksonville Jaguars,Ashton Dulin,IND,Indianapolis Colts,away,37,34,WR,1,1.5384615384615385,0,0,0,0,0,0,1,9,0,0,0,0,0,0
2024,5,"74 degrees, relative humidity 90%, wind 4 mph",Indianapolis Colts,Jacksonville Jaguars,Joe Flacco,IND,Indianapolis Colts,away,37,34,QB,47,72.3076923076923,33,44,359,3,0,4,3,22,0,0,0,0,0,1
2024,5,"74 degrees, relative humidity 90%, wind 4 mph",Indianapolis Colts,Jacksonville Jaguars,Josh Downs,IND,Indianapolis Colts,away,37,34,WR,0,0.0,0,0,0,0,0,0,0,0,0,12,9,69,0,0
2024,5,"74 degrees, relative humidity 90%, wind 4 mph",Indianapolis Colts,Jacksonville Jaguars,Michael Pittman Jr.,IND,Indianapolis Colts,away,37,34,WR,0,0.0,0,0,0,0,0,0,0,0,0,8,5,37,1,0
2024,5,"74 degrees, relative humidity 90%, wind 4 mph",Indianapolis Colts,Jacksonville Jaguars,Mo Alie-Cox,IND,Indianapolis Colts,away,37,34,TE,0,0.0,0,0,0,0,0,0,0,0,0,4,2,37,1,0
2024,5,"74 degrees, relative humidity 90%, wind 4 mph",Indianapolis Colts,Jacksonville Jaguars,Trey Sermon,IND,Indianapolis Colts,away,37,34,RB,10,15.384615384615385,0,0,0,0,0,0,10,38,1,6,6,25,0,0
2024,5,"74 degrees, relative humidity 90%, wind 4 mph",Indianapolis Colts,Jacksonville Jaguars,Tyler Goodson,IND,Indianapolis Colts,away,37,34,RB,5,7.6923076923076925,0,0,0,0,0,0,5,26,0,3,3,31,0,0
2024,5,"74 degrees, relative humidity 90%, wind 4 mph",Indianapolis Colts,Jacksonville Jaguars,Will Mallory,IND,Indianapolis Colts,away,37,34,TE,0,0.0,0,0,0,0,0,0,0,0,0,1,1,7,0,0
2024,5,"74 degrees, relative humidity 90%, wind 4 mph",Indianapolis Colts,Jacksonville Jaguars,Brenton Strange,JAX,Indianapolis Colts,away,37,34,TE,0,0.0,0,0,0,0,0,0,0,0,0,4,4,24,1,0
2024,5,"74 degrees, relative humidity 90%, wind 4 mph",Indianapolis Colts,Jacksonville Jaguars,Brian Thomas,JAX,Indianapolis Colts,away,37,34,WR,0,0.0,0,0,0,0,0,0,0,0,0,8,5,122,1,0
2024,5,"74 degrees, relative humidity 90%, wind 4 mph",Indianapolis Colts,Jacksonville Jaguars,Christian Kirk,JAX,Indianapolis Colts,away,37,34,WR,0,0.0,0,0,0,0,0,0,0,0,0,4,4,88,0,0
2024,5,"74 degrees, relative humidity 90%, wind 4 mph",Indianapolis Colts,Jacksonville Jaguars,D'Ernest Johnson,JAX,Indianapolis Colts,away,37,34,RB,1,1.7543859649122806,0,0,0,0,0,0,1,1,0,3,2,9,0,0
2024,5,"74 degrees, relative humidity 90%, wind 4 mph",Indianapolis Colts,Jacksonville Jaguars,Devin Duvernay,JAX,Indianapolis Colts,away,37,34,WR,1,1.7543859649122806,0,0,0,0,0,0,1,3,0,0,0,0,0,0
2024,5,"74 degrees, relative humidity 90%, wind 4 mph",Indianapolis Colts,Jacksonville Jaguars,Gabriel Davis,JAX,Indianapolis Colts,away,37,34,WR,0,0.0,0,0,0,0,0,0,0,0,0,4,3,38,0,1
2024,5,"74 degrees, relative humidity 90%, wind 4 mph",Indianapolis Colts,Jacksonville Jaguars,Josiah Deguara,JAX,Indianapolis Colts,away,37,34,TE,0,0.0,0,0,0,0,0,0,0,0,0,1,1,2,0,0
2024,5,"74 degrees, relative humidity 90%, wind 4 mph",Indianapolis Colts,Jacksonville Jaguars,Luke Farrell,JAX,Indianapolis Colts,away,37,34,TE,0,0.0,0,0,0,0,0,0,0,0,0,2,2,17,0,0
2024,5,"74 degrees, relative humidity 90%, wind 4 mph",Indianapolis Colts,Jacksonville Jaguars,Tank Bigsby,JAX,Indianapolis Colts,away,37,34,RB,13,22.807017543859647,0,0,0,0,0,0,13,101,2,1,1,28,0,1
2024,5,"74 degrees, relative humidity 90%, wind 4 mph",Indianapolis Colts,Jacksonville Jaguars,Travis Etienne,JAX,Indianapolis Colts,away,37,34,RB,6,10.526315789473683,0,0,0,0,0,0,6,17,0,7,6,43,0,0
2024,5,"74 degrees, relative humidity 90%, wind 4 mph",Indianapolis Colts,Jacksonville Jaguars,Trevor Lawrence,JAX,Indianapolis Colts,away,37,34,QB,36,63.1578947368421,28,34,371,2,1,0,2,4,0,0,0,0,0,0
2024,5,"70 degrees, relative humidity 27%, wind 1 mph",New Orleans Saints,Kansas City Chiefs,Carson Steele,KAN,New Orleans Saints,away,26,13,RB,5,6.41025641025641,0,0,0,0,0,0,5,12,0,0,0,0,0,1
2024,5,"70 degrees, relative humidity 27%, wind 1 mph",New Orleans Saints,Kansas City Chiefs,Jody Fortson,KAN,New Orleans Saints,away,26,13,TE,0,0.0,0,0,0,0,0,0,0,0,0,1,1,5,0,0
2024,5,"70 degrees, relative humidity 27%, wind 1 mph",New Orleans Saints,Kansas City Chiefs,JuJu Smith-Schuster,KAN,New Orleans Saints,away,26,13,WR,0,0.0,0,0,0,0,0,0,0,0,0,8,7,130,0,0
2024,5,"70 degrees, relative humidity 27%, wind 1 mph",New Orleans Saints,Kansas City Chiefs,Kareem Hunt,KAN,New Orleans Saints,away,26,13,RB,27,34.61538461538461,0,0,0,0,0,0,27,102,1,1,1,15,0,0
2024,5,"70 degrees, relative humidity 27%, wind 1 mph",New Orleans Saints,Kansas City Chiefs,Mecole Hardman,KAN,New Orleans Saints,away,26,13,WR,0,0.0,0,0,0,0,0,0,0,0,0,4,4,33,0,0
2024,5,"70 degrees, relative humidity 27%, wind 1 mph",New Orleans Saints,Kansas City Chiefs,Noah Gray,KAN,New Orleans Saints,away,26,13,TE,0,0.0,0,0,0,0,0,0,0,0,0,2,2,29,0,0
2024,5,"70 degrees, relative humidity 27%, wind 1 mph",New Orleans Saints,Kansas City Chiefs,Patrick Mahomes,KAN,New Orleans Saints,away,26,13,QB,45,57.692307692307686,28,39,331,0,1,2,6,22,0,0,0,0,0,0
2024,5,"70 degrees, relative humidity 27%, wind 1 mph",New Orleans Saints,Kansas City Chiefs,Samaje Perine,KAN,New Orleans Saints,away,26,13,RB,0,0.0,0,0,0,0,0,0,0,0,0,2,1,24,0,0
2024,5,"70 degrees, relative humidity 27%, wind 1 mph",New Orleans Saints,Kansas City Chiefs,Travis Kelce,KAN,New Orleans Saints,away,26,13,TE,0,0.0,0,0,0,0,0,0,0,0,0,10,9,70,0,0
2024,5,"70 degrees, relative humidity 27%, wind 1 mph",New Orleans Saints,Kansas City Chiefs,Xavier Worthy,KAN,New Orleans Saints,away,26,13,WR,1,1.282051282051282,0,0,0,0,0,0,1,3,1,6,3,25,0,0
2024,5,,Los Angeles Rams,Green Bay Packers,Blake Corum,LAR,Los Angeles Rams,away,24,19,RB,5,6.8493150684931505,0,0,0,0,0,0,5,25,0,1,1,8,0,0
2024,5,,Los Angeles Rams,Green Bay Packers,Colby Parkinson,LAR,Los Angeles Rams,away,24,19,TE,0,0.0,0,0,0,0,0,0,0,0,0,13,7,52,0,0
2024,5,,Los Angeles Rams,Green Bay Packers,Davis Allen,LAR,Los Angeles Rams,away,24,19,TE,0,0.0,0,0,0,0,0,0,0,0,0,1,0,0,0,0
2024,5,,Los Angeles Rams,Green Bay Packers,Demarcus Robinson,LAR,Los Angeles Rams,away,24,19,WR,0,0.0,0,0,0,0,0,0,0,0,0,5,3,28,1,0
2024,5,,Los Angeles Rams,Green Bay Packers,Hunter Long,LAR,Los Angeles Rams,away,24,19,TE,0,0.0,0,0,0,0,0,0,0,0,0,2,2,16,0,0
2024,5,,Los Angeles Rams,Green Bay Packers,Jordan Whittington,LAR,Los Angeles Rams,away,24,19,WR,0,0.0,0,0,0,0,0,0,0,0,0,10,7,89,0,0
2024,5,,Los Angeles Rams,Green Bay Packers,Kyren Williams,LAR,Los Angeles Rams,away,24,19,RB,22,30.136986301369863,0,0,0,0,0,0,22,102,1,1,1,3,0,1
2024,5,,Los Angeles Rams,Green Bay Packers,Matthew Stafford,LAR,Los Angeles Rams,away,24,19,QB,45,61.64383561643836,29,45,260,1,1,3,0,0,0,0,0,0,0,0
2024,5,,Los Angeles Rams,Green Bay Packers,Tutu Atwell,LAR,Los Angeles Rams,away,24,19,WR,1,1.36986301369863,0,0,0,0,0,0,1,7,0,10,6,58,0,0
2024,5,,Los Angeles Rams,Green Bay Packers,Xavier Smith,LAR,Los Angeles Rams,away,24,19,WR,0,0.0,0,0,0,0,0,0,0,0,0,2,2,6,0,0
2024,5,"73 degrees, relative humidity 22%, wind 7 mph",Las Vegas Raiders,Denver Broncos,Aidan O'Connell,LVR,Las Vegas Raiders,away,34,18,QB,20,32.25806451612903,10,20,94,0,1,1,0,0,0,0,0,0,0,0
2024,5,"73 degrees, relative humidity 22%, wind 7 mph",Las Vegas Raiders,Denver Broncos,Alexander Mattison,LVR,Las Vegas Raiders,away,34,18,RB,15,24.193548387096776,0,0,0,0,0,0,15,38,0,3,2,23,0,0
2024,5,"73 degrees, relative humidity 22%, wind 7 mph",Las Vegas Raiders,Denver Broncos,Ameer Abdullah,LVR,Las Vegas Raiders,away,34,18,RB,5,8.064516129032258,0,0,0,0,0,0,5,42,1,3,3,9,0,0
2024,5,"73 degrees, relative humidity 22%, wind 7 mph",Las Vegas Raiders,Denver Broncos,Brock Bowers,LVR,Las Vegas Raiders,away,34,18,TE,0,0.0,0,0,0,0,0,0,0,0,0,12,8,97,1,0
2024,5,"73 degrees, relative humidity 22%, wind 7 mph",Las Vegas Raiders,Denver Broncos,DJ Turner,LVR,Las Vegas Raiders,away,34,18,WR,1,1.6129032258064515,0,0,0,0,0,0,1,5,0,4,1,12,0,0
2024,5,"73 degrees, relative humidity 22%, wind 7 mph",Las Vegas Raiders,Denver Broncos,Gardner Minshew,LVR,Las Vegas Raiders,away,34,18,UNK,19,30.64516129032258,12,17,137,1,2,2,2,22,0,0,0,0,0,0
2024,5,"73 degrees, relative humidity 22%, wind 7 mph",Las Vegas Raiders,Denver Broncos,Jakobi Meyers,LVR,Las Vegas Raiders,away,34,18,WR,0,0.0,0,0,0,0,0,0,0,0,0,9,6,72,0,0
2024,5,"73 degrees, relative humidity 22%, wind 7 mph",Las Vegas Raiders,Denver Broncos,Tre Tucker,LVR,Las Vegas Raiders,away,34,18,WR,2,3.225806451612903,0,0,0,0,0,0,2,8,0,5,2,18,0,0
2024,5,"65 degrees, relative humidity 57%, wind 2 mph",New England Patriots,Miami Dolphins,Alec Ingold,MIA,New England Patriots,away,15,10,FB,1,1.3888888888888888,0,0,0,0,0,0,1,3,1,0,0,0,0,0
2024,5,"65 degrees, relative humidity 57%, wind 2 mph",New England Patriots,Miami Dolphins,De'Von Achane,MIA,New England Patriots,away,15,10,RB,3,4.166666666666666,0,0,0,0,0,0,3,18,0,1,1,-1,0,0
2024,5,"65 degrees, relative humidity 57%, wind 2 mph",New England Patriots,Miami Dolphins,Durham Smythe,MIA,New England Patriots,away,15,10,TE,0,0.0,0,0,0,0,0,0,0,0,0,1,0,0,0,0
2024,5,"65 degrees, relative humidity 57%, wind 2 mph",New England Patriots,Miami Dolphins,Jake Bailey,MIA,New England Patriots,away,15,10,P,1,1.3888888888888888,0,0,0,0,0,0,1,0,0,0,0,0,0,1
2024,5,"65 degrees, relative humidity 57%, wind 2 mph",New England Patriots,Miami Dolphins,Jaylen Waddle,MIA,New England Patriots,away,15,10,WR,0,0.0,0,0,0,0,0,0,0,0,0,8,4,46,0,0
2024,5,"65 degrees, relative humidity 57%, wind 2 mph",New England Patriots,Miami Dolphins,Jaylen Wright,MIA,New England Patriots,away,15,10,RB,13,18.055555555555554,0,0,0,0,0,0,13,86,0,0,0,0,0,0
2024,5,"65 degrees, relative humidity 57%, wind 2 mph",New England Patriots,Miami Dolphins,Jonnu Smith,MIA,New England Patriots,away,15,10,TE,1,1.3888888888888888,0,0,0,0,0,0,1,-1,0,8,5,62,0,0
2024,5,"65 degrees, relative humidity 57%, wind 2 mph",New England Patriots,Miami Dolphins,Odell Beckham Jr.,MIA,New England Patriots,away,15,10,WR,0,0.0,0,0,0,0,0,0,0,0,0,1,0,0,0,0
2024,5,"65 degrees, relative humidity 57%, wind 2 mph",New England Patriots,Miami Dolphins,Raheem Mostert,MIA,New England Patriots,away,15,10,RB,19,26.38888888888889,0,0,0,0,0,0,19,80,0,2,2,18,0,0
2024,5,"65 degrees, relative humidity 57%, wind 2 mph",New England Patriots,Miami Dolphins,Tyler Huntley,MIA,New England Patriots,away,15,10,QB,34,47.22222222222222,18,31,194,0,1,3,3,7,0,0,0,0,0,0
2024,5,"65 degrees, relative humidity 57%, wind 2 mph",New England Patriots,Miami Dolphins,Tyreek Hill,MIA,New England Patriots,away,15,10,WR,0,0.0,0,0,0,0,0,0,0,0,0,10,6,69,0,0
2024,5,"59 degrees, relative humidity 77%, wind 8 mph",New York Jets,Minnesota Vikings,Aaron Jones,MIN,New York Jets,away,23,17,RB,7,11.29032258064516,0,0,0,0,0,0,7,29,0,1,1,24,0,0
2024,5,"59 degrees, relative humidity 77%, wind 8 mph",New York Jets,Minnesota Vikings,C.J. Ham,MIN,New York Jets,away,23,17,FB,2,3.225806451612903,0,0,0,0,0,0,2,10,1,0,0,0,0,0
2024,5,"59 degrees, relative humidity 77%, wind 8 mph",New York Jets,Minnesota Vikings,Johnny Mundt,MIN,New York Jets,away,23,17,TE,0,0.0,0,0,0,0,0,0,0,0,0,2,2,31,0,0
2024,5,"59 degrees, relative humidity 77%, wind 8 mph",New York Jets,Minnesota Vikings,Jordan Addison,MIN,New York Jets,away,23,17,WR,0,0.0,0,0,0,0,0,0,0,0,0,8,3,36,0,0
2024,5,"59 degrees, relative humidity 77%, wind 8 mph",New York Jets,Minnesota Vikings,Justin Jefferson,MIN,New York Jets,away,23,17,WR,0,0.0,0,0,0,0,0,0,0,0,0,14,6,92,0,1
2024,5,"59 degrees, relative humidity 77%, wind 8 mph",New York Jets,Minnesota Vikings,Myles Gaskin,MIN,New York Jets,away,23,17,RB,2,3.225806451612903,0,0,0,0,0,0,2,2,0,1,1,11,0,0
2024,5,"59 degrees, relative humidity 77%, wind 8 mph",New York Jets,Minnesota Vikings,Nick Mullens,MIN,New York Jets,away,23,17,QB,1,1.6129032258064515,1,1,24,0,0,0,0,0,0,0,0,0,0,0
2024,5,"59 degrees, relative humidity 77%, wind 8 mph",New York Jets,Minnesota Vikings,Sam Darnold,MIN,New York Jets,away,23,17,QB,36,58.06451612903226,14,31,179,0,1,4,5,11,0,0,0,0,0,1
2024,5,"59 degrees, relative humidity 77%, wind 8 mph",New York Jets,Minnesota Vikings,Ty Chandler,MIN,New York Jets,away,23,17,RB,14,22.58064516129032,0,0,0,0,0,0,14,30,0,2,2,9,0,0
2024,5,"70 degrees, relative humidity 27%, wind 1 mph",New Orleans Saints,Kansas City Chiefs,Alvin Kamara,NOR,New Orleans Saints,away,26,13,RB,11,22.0,0,0,0,0,0,0,11,26,0,8,6,40,0,0
2024,5,"70 degrees, relative humidity 27%, wind 1 mph",New Orleans Saints,Kansas City Chiefs,Chris Olave,NOR,New Orleans Saints,away,26,13,WR,0,0.0,0,0,0,0,0,0,0,0,0,4,2,10,0,0
2024,5,"70 degrees, relative humidity 27%, wind 1 mph",New Orleans Saints,Kansas City Chiefs,Derek Carr,NOR,New Orleans Saints,away,26,13,QB,28,56.00000000000001,18,28,165,2,1,1,0,0,0,0,0,0,0,0
2024,5,"70 degrees, relative humidity 27%, wind 1 mph",New Orleans Saints,Kansas City Chiefs,Foster Moreau,NOR,New Orleans Saints,away,26,13,TE,0,0.0,0,0,0,0,0,0,0,0,0,2,2,13,1,0
2024,5,"70 degrees, relative humidity 27%, wind 1 mph",New Orleans Saints,Kansas City Chiefs,Jake Haener,NOR,New Orleans Saints,away,26,13,QB,9,18.0,2,7,17,0,0,0,2,11,0,0,0,0,0,0
2024,5,"70 degrees, relative humidity 27%, wind 1 mph",New Orleans Saints,Kansas City Chiefs,Jamaal Williams,NOR,New Orleans Saints,away,26,13,RB,2,4.0,0,0,0,0,0,0,2,9,0,0,0,0,0,0
2024,5,"70 degrees, relative humidity 27%, wind 1 mph",New Orleans Saints,Kansas City Chiefs,Juwan Johnson,NOR,New Orleans Saints,away,26,13,TE,0,0.0,0,0,0,0,0,0,0,0,0,5,5,31,0,0
2024,5,"70 degrees, relative humidity 27%, wind 1 mph",New Orleans Saints,Kansas City Chiefs,Mason Tipton,NOR,New Orleans Saints,away,26,13,WR,0,0.0,0,0,0,0,0,0,0,0,0,4,1,2,0,0
2024,5,"70 degrees, relative humidity 27%, wind 1 mph",New Orleans Saints,Kansas City Chiefs,Rashid Shaheed,NOR,New Orleans Saints,away,26,13,WR,0,0.0,0,0,0,0,0,0,0,0,0,9,4,86,1,0
2024,5,"65 degrees, relative humidity 57%, wind 2 mph",New England Patriots,Miami Dolphins,Antonio Gibson,NWE,New England Patriots,away,15,10,RB,6,11.320754716981133,0,0,0,0,0,0,6,52,0,1,1,4,0,0
2024,5,"65 degrees, relative humidity 57%, wind 2 mph",New England Patriots,Miami Dolphins,Austin Hooper,NWE,New England Patriots,away,15,10,TE,0,0.0,0,0,0,0,0,0,0,0,0,3,1,9,0,0
2024,5,"65 degrees, relative humidity 57%, wind 2 mph",New England Patriots,Miami Dolphins,Demario Douglas,NWE,New England Patriots,away,15,10,WR,0,0.0,0,0,0,0,0,0,0,0,0,9,6,59,0,0
2024,5,"65 degrees, relative humidity 57%, wind 2 mph",New England Patriots,Miami Dolphins,Hunter Henry,NWE,New England Patriots,away,15,10,TE,0,0.0,0,0,0,0,0,0,0,0,0,4,2,32,0,0
2024,5,"65 degrees, relative humidity 57%, wind 2 mph",New England Patriots,Miami Dolphins,Ja'Lynn Polk,NWE,New England Patriots,away,15,10,WR,0,0.0,0,0,0,0,0,0,0,0,0,6,1,13,0,0
2024,5,"65 degrees, relative humidity 57%, wind 2 mph",New England Patriots,Miami Dolphins,Jacoby Brissett,NWE,New England Patriots,away,15,10,QB,35,66.0377358490566,18,34,160,0,0,2,1,10,0,0,0,0,0,0
2024,5,"65 degrees, relative humidity 57%, wind 2 mph",New England Patriots,Miami Dolphins,Kayshon Boutte,NWE,New England Patriots,away,15,10,WR,0,0.0,0,0,0,0,0,0,0,0,0,2,2,34,0,0
2024,5,"65 degrees, relative humidity 57%, wind 2 mph",New England Patriots,Miami Dolphins,Kendrick Bourne,NWE,New England Patriots,away,15,10,WR,0,0.0,0,0,0,0,0,0,0,0,0,1,1,6,0,0
2024,5,"65 degrees, relative humidity 57%, wind 2 mph",New England Patriots,Miami Dolphins,Rhamondre Stevenson,NWE,New England Patriots,away,15,10,RB,12,22.641509433962266,0,0,0,0,0,0,12,89,1,4,4,3,0,0
2024,5,"61 degrees, relative humidity 68%, wind 3 mph",Seattle Seahawks,New York Giants,Daniel Jones,NYG,Seattle Seahawks,away,29,20,QB,45,66.17647058823529,23,34,257,2,0,3,11,38,0,0,0,0,0,1
2024,5,"61 degrees, relative humidity 68%, wind 3 mph",Seattle Seahawks,New York Giants,Darius Slayton,NYG,Seattle Seahawks,away,29,20,WR,0,0.0,0,0,0,0,0,0,0,0,0,11,8,122,1,0
2024,5,"61 degrees, relative humidity 68%, wind 3 mph",Seattle Seahawks,New York Giants,Eric Gray,NYG,Seattle Seahawks,away,29,20,RB,4,5.88235294117647,0,0,0,0,0,0,4,4,0,4,3,50,0,1
2024,5,"61 degrees, relative humidity 68%, wind 3 mph",Seattle Seahawks,New York Giants,Theo Johnson,NYG,Seattle Seahawks,away,29,20,TE,0,0.0,0,0,0,0,0,0,0,0,0,5,5,48,0,0
2024,5,"61 degrees, relative humidity 68%, wind 3 mph",Seattle Seahawks,New York Giants,Tyrone Tracy Jr.,NYG,Seattle Seahawks,away,29,20,RB,18,26.47058823529412,0,0,0,0,0,0,18,129,0,2,1,1,0,0
2024,5,"61 degrees, relative humidity 68%, wind 3 mph",Seattle Seahawks,New York Giants,Wan'Dale Robinson,NYG,Seattle Seahawks,away,29,20,WR,1,1.4705882352941175,0,0,0,0,0,0,1,4,0,9,6,36,1,0
2024,5,"59 degrees, relative humidity 77%, wind 8 mph",New York Jets,Minnesota Vikings,Aaron Rodgers,NYJ,New York Jets,away,23,17,QB,54,79.41176470588235,29,54,244,2,3,3,0,0,0,0,0,0,0,1
2024,5,"59 degrees, relative humidity 77%, wind 8 mph",New York Jets,Minnesota Vikings,Allen Lazard,NYJ,New York Jets,away,23,17,WR,0,0.0,0,0,0,0,0,0,0,0,0,9,4,34,1,0
2024,5,"59 degrees, relative humidity 77%, wind 8 mph",New York Jets,Minnesota Vikings,Braelon Allen,NYJ,New York Jets,away,23,17,RB,5,7.352941176470589,0,0,0,0,0,0,5,13,0,2,1,15,0,0
2024,5,"59 degrees, relative humidity 77%, wind 8 mph",New York Jets,Minnesota Vikings,Breece Hall,NYJ,New York Jets,away,23,17,RB,9,13.23529411764706,0,0,0,0,0,0,9,23,0,4,3,14,0,0
2024,5,"59 degrees, relative humidity 77%, wind 8 mph",New York Jets,Minnesota Vikings,Garrett Wilson,NYJ,New York Jets,away,23,17,WR,0,0.0,0,0,0,0,0,0,0,0,0,23,13,101,1,0
2024,5,"59 degrees, relative humidity 77%, wind 8 mph",New York Jets,Minnesota Vikings,Mike Williams,NYJ,New York Jets,away,23,17,WR,0,0.0,0,0,0,0,0,0,0,0,0,4,2,25,0,0
2024,5,"59 degrees, relative humidity 77%, wind 8 mph",New York Jets,Minnesota Vikings,Tyler Conklin,NYJ,New York Jets,away,23,17,TE,0,0.0,0,0,0,0,0,0,0,0,0,9,6,55,0,0
2024,5,"67 degrees, relative humidity 86%, wind 6 mph",Pittsburgh Steelers,Dallas Cowboys,Aaron Shampklin,PIT,Pittsburgh Steelers,away,20,17,RB,4,7.4074074074074066,0,0,0,0,0,0,4,14,0,0,0,0,0,0
2024,5,"67 degrees, relative humidity 86%, wind 6 mph",Pittsburgh Steelers,Dallas Cowboys,Brandon Johnson,PIT,Pittsburgh Steelers,away,20,17,WR,0,0.0,0,0,0,0,0,0,0,0,0,1,1,9,0,0
2024,5,"67 degrees, relative humidity 86%, wind 6 mph",Pittsburgh Steelers,Dallas Cowboys,Calvin Austin,PIT,Pittsburgh Steelers,away,20,17,UNK,0,0.0,0,0,0,0,0,0,0,0,0,2,1,6,0,0
2024,5,"67 degrees, relative humidity 86%, wind 6 mph",Pittsburgh Steelers,Dallas Cowboys,Connor Heyward,PIT,Pittsburgh Steelers,away,20,17,TE,0,0.0,0,0,0,0,0,0,0,0,0,4,2,23,1,0
2024,5,"67 degrees, relative humidity 86%, wind 6 mph",Pittsburgh Steelers,Dallas Cowboys,Darnell Washington,PIT,Pittsburgh Steelers,away,20,17,TE,0,0.0,0,0,0,0,0,0,0,0,0,2,1,5,0,0
2024,5,"67 degrees, relative humidity 86%, wind 6 mph",Pittsburgh Steelers,Dallas Cowboys,George Pickens,PIT,Pittsburgh Steelers,away,20,17,WR,0,0.0,0,0,0,0,0,0,0,0,0,7,3,26,0,0
2024,5,"67 degrees, relative humidity 86%, wind 6 mph",Pittsburgh Steelers,Dallas Cowboys,Jonathan Ward,PIT,Pittsburgh Steelers,away,20,17,RB,2,3.7037037037037033,0,0,0,0,0,0,2,9,0,0,0,0,0,0
2024,5,"67 degrees, relative humidity 86%, wind 6 mph",Pittsburgh Steelers,Dallas Cowboys,Justin Fields,PIT,Pittsburgh Steelers,away,20,17,QB,33,61.111111111111114,15,27,131,2,0,3,6,27,0,0,0,0,0,1
2024,5,"67 degrees, relative humidity 86%, wind 6 mph",Pittsburgh Steelers,Dallas Cowboys,Kyle Allen,PIT,Pittsburgh Steelers,away,20,17,QB,1,1.8518518518518516,1,1,19,0,0,0,0,0,0,0,0,0,0,0
2024,5,"67 degrees, relative humidity 86%, wind 6 mph",Pittsburgh Steelers,Dallas Cowboys,Najee Harris,PIT,Pittsburgh Steelers,away,20,17,RB,14,25.925925925925924,0,0,0,0,0,0,14,42,0,2,2,35,0,0
2024,5,"67 degrees, relative humidity 86%, wind 6 mph",Pittsburgh Steelers,Dallas Cowboys,Pat Freiermuth,PIT,Pittsburgh Steelers,away,20,17,TE,0,0.0,0,0,0,0,0,0,0,0,0,3,3,22,1,1
2024,5,"67 degrees, relative humidity 86%, wind 6 mph",Pittsburgh Steelers,Dallas Cowboys,Van Jefferson,PIT,Pittsburgh Steelers,away,20,17,WR,0,0.0,0,0,0,0,0,0,0,0,0,5,3,26,0,0
2024,5,"67 degrees, relative humidity 86%, wind 6 mph",Pittsburgh Steelers,Dallas Cowboys,Zach Frazier,PIT,Pittsburgh Steelers,away,20,17,C,0,0.0,0,0,0,0,0,0,0,0,0,0,0,-2,0,0
2024,5,"61 degrees, relative humidity 68%, wind 3 mph",Seattle Seahawks,New York Giants,AJ Barner,SEA,Seattle Seahawks,away,29,20,TE,0,0.0,0,0,0,0,0,0,0,0,0,1,1,13,0,0
2024,5,"61 degrees, relative humidity 68%, wind 3 mph",Seattle Seahawks,New York Giants,D.K. Metcalf,SEA,Seattle Seahawks,away,29,20,WR,0,0.0,0,0,0,0,0,0,0,0,0,7,4,55,0,1
2024,5,"61 degrees, relative humidity 68%, wind 3 mph",Seattle Seahawks,New York Giants,Geno Smith,SEA,Seattle Seahawks,away,29,20,QB,44,86.27450980392157,28,40,284,1,0,7,4,72,0,0,0,0,0,0
2024,5,"61 degrees, relative humidity 68%, wind 3 mph",Seattle Seahawks,New York Giants,Jake Bobo,SEA,Seattle Seahawks,away,29,20,WR,0,0.0,0,0,0,0,0,0,0,0,0,1,1,3,0,0
2024,5,"61 degrees, relative humidity 68%, wind 3 mph",Seattle Seahawks,New York Giants,Jaxon Smith-Njigba,SEA,Seattle Seahawks,away,29,20,WR,0,0.0,0,0,0,0,0,0,0,0,0,7,4,31,1,0
2024,5,"61 degrees, relative humidity 68%, wind 3 mph",Seattle Seahawks,New York Giants,Kenneth Walker,SEA,Seattle Seahawks,away,29,20,UNK,5,9.803921568627452,0,0,0,0,0,0,5,19,0,8,7,57,0,0
2024,5,"61 degrees, relative humidity 68%, wind 3 mph",Seattle Seahawks,New York Giants,Noah Fant,SEA,Seattle Seahawks,away,29,20,TE,0,0.0,0,0,0,0,0,0,0,0,0,3,3,24,0,0
2024,5,"61 degrees, relative humidity 68%, wind 3 mph",Seattle Seahawks,New York Giants,Pharaoh Brown,SEA,Seattle Seahawks,away,29,20,TE,0,0.0,0,0,0,0,0,0,0,0,0,1,1,7,0,0
2024,5,"61 degrees, relative humidity 68%, wind 3 mph",Seattle Seahawks,New York Giants,Tyler Lockett,SEA,Seattle Seahawks,away,29,20,WR,0,0.0,0,0,0,0,0,0,0,0,0,6,4,75,0,0
2024,5,"61 degrees, relative humidity 68%, wind 3 mph",Seattle Seahawks,New York Giants,Zach Charbonnet,SEA,Seattle Seahawks,away,29,20,RB,2,3.9215686274509802,0,0,0,0,0,0,2,11,0,5,3,19,0,0
2024,5,"89 degrees, relative humidity 31%, wind 3 mph",San Francisco 49ers,Arizona Cardinals,Brandon Aiyuk,SFO,San Francisco 49ers,away,24,23,WR,0,0.0,0,0,0,0,0,0,0,0,0,12,8,147,0,0
2024,5,"89 degrees, relative humidity 31%, wind 3 mph",San Francisco 49ers,Arizona Cardinals,Brock Purdy,SFO,San Francisco 49ers,away,24,23,QB,39,63.934426229508205,19,35,244,1,2,2,4,33,0,0,0,0,0,0
2024,5,"89 degrees, relative humidity 31%, wind 3 mph",San Francisco 49ers,Arizona Cardinals,Deebo Samuel,SFO,San Francisco 49ers,away,24,23,WR,3,4.918032786885246,0,0,0,0,0,0,3,9,0,3,1,11,0,0
2024,5,"89 degrees, relative humidity 31%, wind 3 mph",San Francisco 49ers,Arizona Cardinals,George Kittle,SFO,San Francisco 49ers,away,24,23,TE,0,0.0,0,0,0,0,0,0,0,0,0,12,8,64,1,0
2024,5,"89 degrees, relative humidity 31%, wind 3 mph",San Francisco 49ers,Arizona Cardinals,Isaac Guerendo,SFO,San Francisco 49ers,away,24,23,RB,5,8.19672131147541,0,0,0,0,0,0,5,22,0,0,0,0,0,0
2024,5,"89 degrees, relative humidity 31%, wind 3 mph",San Francisco 49ers,Arizona Cardinals,Jauan Jennings,SFO,San Francisco 49ers,away,24,23,WR,0,0.0,0,0,0,0,0,0,0,0,0,4,1,13,0,0
2024,5,"89 degrees, relative humidity 31%, wind 3 mph",San Francisco 49ers,Arizona Cardinals,Jordan Mason,SFO,San Francisco 49ers,away,24,23,RB,14,22.950819672131146,0,0,0,0,0,0,14,89,0,1,1,9,0,1
2024,5,,Tampa Bay Buccaneers,Atlanta Falcons,Baker Mayfield,TAM,Tampa Bay Buccaneers,away,36,30,QB,30,60.0,19,24,180,3,0,1,6,42,0,0,0,0,0,0
2024,5,,Tampa Bay Buccaneers,Atlanta Falcons,Bucky Irving,TAM,Tampa Bay Buccaneers,away,36,30,RB,9,18.0,0,0,0,0,0,0,9,44,0,2,2,12,0,1
2024,5,,Tampa Bay Buccaneers,Atlanta Falcons,Cade Otton,TAM,Tampa Bay Buccaneers,away,36,30,TE,0,0.0,0,0,0,0,0,0,0,0,0,4,3,44,0,0
2024,5,,Tampa Bay Buccaneers,Atlanta Falcons,Chris Godwin,TAM,Tampa Bay Buccaneers,away,36,30,WR,1,2.0,0,0,0,0,0,0,1,2,0,6,5,64,0,1
2024,5,,Tampa Bay Buccaneers,Atlanta Falcons,Mike Evans,TAM,Tampa Bay Buccaneers,away,36,30,WR,0,0.0,0,0,0,0,0,0,0,0,0,7,5,62,2,0
2024,5,,Tampa Bay Buccaneers,Atlanta Falcons,Rachaad White,TAM,Tampa Bay Buccaneers,away,36,30,RB,10,20.0,0,0,0,0,0,0,10,72,0,3,3,-6,0,0
2024,5,,Tampa Bay Buccaneers,Atlanta Falcons,Sterling Shepard,TAM,Tampa Bay Buccaneers,away,36,30,WR,0,0.0,0,0,0,0,0,0,0,0,0,2,1,4,1,0
2024,5,"73 degrees, relative humidity 54%, wind 5 mph",Cleveland Browns,Washington Commanders,Austin Ekeler,WAS,Cleveland Browns,away,34,13,RB,6,9.67741935483871,0,0,0,0,0,0,6,67,0,2,2,30,0,1
2024,5,"73 degrees, relative humidity 54%, wind 5 mph",Cleveland Browns,Washington Commanders,Brian Robinson Jr.,WAS,Cleveland Browns,away,34,13,RB,7,11.29032258064516,0,0,0,0,0,0,7,18,2,0,0,0,0,0
2024,5,"73 degrees, relative humidity 54%, wind 5 mph",Cleveland Browns,Washington Commanders,Brycen Tremayne,WAS,Cleveland Browns,away,34,13,WR,0,0.0,0,0,0,0,0,0,0,0,0,1,1,-2,0,0
2024,5,"73 degrees, relative humidity 54%, wind 5 mph",Cleveland Browns,Washington Commanders,Dyami Brown,WAS,Cleveland Browns,away,34,13,WR,0,0.0,0,0,0,0,0,0,0,0,0,2,2,57,1,0
2024,5,"73 degrees, relative humidity 54%, wind 5 mph",Cleveland Browns,Washington Commanders,Jayden Daniels,WAS,Cleveland Browns,away,34,13,QB,36,58.06451612903226,14,25,238,1,1,3,11,82,0,0,0,0,0,0
2024,5,"73 degrees, relative humidity 54%, wind 5 mph",Cleveland Browns,Washington Commanders,Jeremy McNichols,WAS,Cleveland Browns,away,34,13,RB,7,11.29032258064516,0,0,0,0,0,0,7,44,1,0,0,0,0,0
2024,5,"73 degrees, relative humidity 54%, wind 5 mph",Cleveland Browns,Washington Commanders,Luke McCaffrey,WAS,Cleveland Browns,away,34,13,WR,0,0.0,0,0,0,0,0,0,0,0,0,3,3,19,0,0
2024,5,"73 degrees, relative humidity 54%, wind 5 mph",Cleveland Browns,Washington Commanders,Marcus Mariota,WAS,Cleveland Browns,away,34,13,QB,5,8.064516129032258,1,3,-2,0,0,0,2,2,0,0,0,0,0,0
2024,5,"73 degrees, relative humidity 54%, wind 5 mph",Cleveland Browns,Washington Commanders,Olamide Zaccheaus,WAS,Cleveland Browns,away,34,13,WR,0,0.0,0,0,0,0,0,0,0,0,0,3,1,10,0,0
2024,5,"73 degrees, relative humidity 54%, wind 5 mph",Cleveland Browns,Washington Commanders,Terry McLaurin,WAS,Cleveland Browns,away,34,13,WR,1,1.6129032258064515,0,0,0,0,0,0,1,2,0,8,4,112,0,1
2024,5,"73 degrees, relative humidity 54%, wind 5 mph",Cleveland Browns,Washington Commanders,Zach Ertz,WAS,Cleveland Browns,away,34,13,TE,0,0.0,0,0,0,0,0,0,0,0,0,8,2,10,0,0
2024,6,"50 degrees, relative humidity 86%, wind 4 mph",Arizona Cardinals,Green Bay Packers,Emari Demercado,ARI,Arizona Cardinals,away,34,13,RB,4,7.2727272727272725,0,0,0,0,0,0,4,25,0,7,5,39,0,0
2024,6,"50 degrees, relative humidity 86%, wind 4 mph",Arizona Cardinals,Green Bay Packers,Greg Dortch,ARI,Arizona Cardinals,away,34,13,WR,0,0.0,0,0,0,0,0,0,0,0,0,5,3,36,0,1
2024,6,"50 degrees, relative humidity 86%, wind 4 mph",Arizona Cardinals,Green Bay Packers,James Conner,ARI,Arizona Cardinals,away,34,13,RB,7,12.727272727272727,0,0,0,0,0,0,7,24,0,5,4,22,0,1
2024,6,"50 degrees, relative humidity 86%, wind 4 mph",Arizona Cardinals,Green Bay Packers,Kyler Murray,ARI,Arizona Cardinals,away,34,13,QB,39,70.9090909090909,22,32,214,1,0,0,7,14,0,0,0,0,0,1
2024,6,"50 degrees, relative humidity 86%, wind 4 mph",Arizona Cardinals,Green Bay Packers,Marvin Harrison Jr.,ARI,Arizona Cardinals,away,34,13,WR,0,0.0,0,0,0,0,0,0,0,0,0,2,0,0,0,0
2024,6,"50 degrees, relative humidity 86%, wind 4 mph",Arizona Cardinals,Green Bay Packers,Michael Wilson,ARI,Arizona Cardinals,away,34,13,WR,0,0.0,0,0,0,0,0,0,0,0,0,4,2,21,1,0
2024,6,"50 degrees, relative humidity 86%, wind 4 mph",Arizona Cardinals,Green Bay Packers,Trey Benson,ARI,Arizona Cardinals,away,34,13,RB,5,9.090909090909092,0,0,0,0,0,0,5,26,0,0,0,0,0,0
2024,6,"50 degrees, relative humidity 86%, wind 4 mph",Arizona Cardinals,Green Bay Packers,Trey McBride,ARI,Arizona Cardinals,away,34,13,TE,0,0.0,0,0,0,0,0,0,0,0,0,8,8,96,0,0
2024,6,"50 degrees, relative humidity 86%, wind 4 mph",Arizona Cardinals,Green Bay Packers,Xavier Weaver,ARI,Arizona Cardinals,away,34,13,WR,0,0.0,0,0,0,0,0,0,0,0,0,1,0,0,0,0
2024,6,"79 degrees, relative humidity 44%, wind 9 mph",Carolina Panthers,Atlanta Falcons,Bijan Robinson,ATL,Carolina Panthers,away,38,20,RB,15,22.058823529411764,0,0,0,0,0,0,15,95,2,4,3,10,0,0
2024,6,"79 degrees, relative humidity 44%, wind 9 mph",Carolina Panthers,Atlanta Falcons,Darnell Mooney,ATL,Carolina Panthers,away,38,20,WR,0,0.0,0,0,0,0,0,0,0,0,0,5,3,38,0,0
2024,6,"79 degrees, relative humidity 44%, wind 9 mph",Carolina Panthers,Atlanta Falcons,Drake London,ATL,Carolina Panthers,away,38,20,WR,0,0.0,0,0,0,0,0,0,0,0,0,10,6,74,1,0
2024,6,"79 degrees, relative humidity 44%, wind 9 mph",Carolina Panthers,Atlanta Falcons,Kirk Cousins,ATL,Carolina Panthers,away,38,20,QB,34,50.0,19,30,225,1,0,0,4,-5,0,0,0,0,0,0
2024,6,"79 degrees, relative humidity 44%, wind 9 mph",Carolina Panthers,Atlanta Falcons,Kyle Pitts,ATL,Carolina Panthers,away,38,20,TE,0,0.0,0,0,0,0,0,0,0,0,0,5,3,70,0,0
2024,6,"79 degrees, relative humidity 44%, wind 9 mph",Carolina Panthers,Atlanta Falcons,Ray-Ray McCloud,ATL,Carolina Panthers,away,38,20,WR,1,1.4705882352941175,0,0,0,0,0,0,1,3,0,4,3,30,0,1
2024,6,"79 degrees, relative humidity 44%, wind 9 mph",Carolina Panthers,Atlanta Falcons,Tyler Allgeier,ATL,Carolina Panthers,away,38,20,RB,18,26.47058823529412,0,0,0,0,0,0,18,105,1,1,1,3,0,0
2024,6,"75 degrees, relative humidity 55%, wind 8 mph",Washington Commanders,Baltimore Ravens,Derrick Henry,BAL,Washington Commanders,away,30,23,RB,24,38.095238095238095,0,0,0,0,0,0,24,132,2,0,0,0,0,0
2024,6,"75 degrees, relative humidity 55%, wind 8 mph",Washington Commanders,Baltimore Ravens,Isaiah Likely,BAL,Washington Commanders,away,30,23,TE,0,0.0,0,0,0,0,0,0,0,0,0,4,2,27,0,0
2024,6,"75 degrees, relative humidity 55%, wind 8 mph",Washington Commanders,Baltimore Ravens,Justice Hill,BAL,Washington Commanders,away,30,23,RB,1,1.5873015873015872,0,0,0,0,0,0,1,2,0,1,1,2,0,0
2024,6,"75 degrees, relative humidity 55%, wind 8 mph",Washington Commanders,Baltimore Ravens,Lamar Jackson,BAL,Washington Commanders,away,30,23,QB,37,58.730158730158735,20,26,323,1,1,2,11,40,0,0,0,0,0,0
2024,6,"75 degrees, relative humidity 55%, wind 8 mph",Washington Commanders,Baltimore Ravens,Mark Andrews,BAL,Washington Commanders,away,30,23,TE,0,0.0,0,0,0,0,0,0,0,0,0,4,3,66,1,0
2024,6,"75 degrees, relative humidity 55%, wind 8 mph",Washington Commanders,Baltimore Ravens,Nelson Agholor,BAL,Washington Commanders,away,30,23,WR,0,0.0,0,0,0,0,0,0,0,0,0,3,1,25,0,0
2024,6,"75 degrees, relative humidity 55%, wind 8 mph",Washington Commanders,Baltimore Ravens,Rashod Bateman,BAL,Washington Commanders,away,30,23,WR,0,0.0,0,0,0,0,0,0,0,0,0,4,4,71,0,0
2024,6,"75 degrees, relative humidity 55%, wind 8 mph",Washington Commanders,Baltimore Ravens,Zay Flowers,BAL,Washington Commanders,away,30,23,WR,1,1.5873015873015872,0,0,0,0,0,0,1,2,0,9,9,132,0,0
2024,6,"49 degrees, relative humidity 60%, wind 14 mph",New York Jets,Buffalo Bills,Curtis Samuel,BUF,New York Jets,away,23,20,WR,0,0.0,0,0,0,0,0,0,0,0,0,4,3,44,0,0
2024,6,"49 degrees, relative humidity 60%, wind 14 mph",New York Jets,Buffalo Bills,Dalton Kincaid,BUF,New York Jets,away,23,20,TE,0,0.0,0,0,0,0,0,0,0,0,0,7,6,51,0,0
2024,6,"49 degrees, relative humidity 60%, wind 14 mph",New York Jets,Buffalo Bills,Dawson Knox,BUF,New York Jets,away,23,20,TE,0,0.0,0,0,0,0,0,0,0,0,0,1,1,12,1,0
2024,6,"49 degrees, relative humidity 60%, wind 14 mph",New York Jets,Buffalo Bills,Josh Allen,BUF,New York Jets,away,23,20,QB,34,58.620689655172406,19,25,215,2,0,2,9,18,1,0,0,0,0,1
2024,6,"49 degrees, relative humidity 60%, wind 14 mph",New York Jets,Buffalo Bills,Keon Coleman,BUF,New York Jets,away,23,20,WR,0,0.0,0,0,0,0,0,0,0,0,0,4,3,26,0,0
2024,6,"49 degrees, relative humidity 60%, wind 14 mph",New York Jets,Buffalo Bills,Khalil Shakir,BUF,New York Jets,away,23,20,WR,0,0.0,0,0,0,0,0,0,0,0,0,2,2,19,0,0
2024,6,"49 degrees, relative humidity 60%, wind 14 mph",New York Jets,Buffalo Bills,Mack Hollins,BUF,New York Jets,away,23,20,WR,0,0.0,0,0,0,0,0,0,0,0,0,2,1,8,1,0
2024,6,"49 degrees, relative humidity 60%, wind 14 mph",New York Jets,Buffalo Bills,Ray Davis,BUF,New York Jets,away,23,20,RB,20,34.48275862068966,0,0,0,0,0,0,20,97,0,3,3,55,0,0
2024,6,"49 degrees, relative humidity 60%, wind 14 mph",New York Jets,Buffalo Bills,Ty Johnson,BUF,New York Jets,away,23,20,RB,4,6.896551724137931,0,0,0,0,0,0,4,34,0,0,0,0,0,0
2024,6,"79 degrees, relative humidity 44%, wind 9 mph",Carolina Panthers,Atlanta Falcons,Andy Dalton,CAR,Carolina Panthers,away,38,20,QB,41,66.12903225806451,26,38,221,2,2,0,3,21,0,0,0,0,0,0
2024,6,"79 degrees, relative humidity 44%, wind 9 mph",Carolina Panthers,Atlanta Falcons,Chuba Hubbard,CAR,Carolina Panthers,away,38,20,RB,18,29.03225806451613,0,0,0,0,0,0,18,92,0,6,5,11,0,1
2024,6,"79 degrees, relative humidity 44%, wind 9 mph",Carolina Panthers,Atlanta Falcons,David Moore,CAR,Carolina Panthers,away,38,20,WR,0,0.0,0,0,0,0,0,0,0,0,0,2,2,17,0,0
2024,6,"79 degrees, relative humidity 44%, wind 9 mph",Carolina Panthers,Atlanta Falcons,Diontae Johnson,CAR,Carolina Panthers,away,38,20,WR,0,0.0,0,0,0,0,0,0,0,0,0,10,6,78,1,0
2024,6,"79 degrees, relative humidity 44%, wind 9 mph",Carolina Panthers,Atlanta Falcons,Ian Thomas,CAR,Carolina Panthers,away,38,20,TE,0,0.0,0,0,0,0,0,0,0,0,0,3,0,0,0,0
2024,6,"79 degrees, relative humidity 44%, wind 9 mph",Carolina Panthers,Atlanta Falcons,Ja'Tavion Sanders,CAR,Carolina Panthers,away,38,20,TE,0,0.0,0,0,0,0,0,0,0,0,0,7,5,49,0,1
2024,6,"79 degrees, relative humidity 44%, wind 9 mph",Carolina Panthers,Atlanta Falcons,Jalen Coker,CAR,Carolina Panthers,away,38,20,WR,0,0.0,0,0,0,0,0,0,0,0,0,3,3,30,0,0
2024,6,"79 degrees, relative humidity 44%, wind 9 mph",Carolina Panthers,Atlanta Falcons,Jonathan Mingo,CAR,Carolina Panthers,away,38,20,WR,0,0.0,0,0,0,0,0,0,0,0,0,1,1,1,0,0
2024,6,"79 degrees, relative humidity 44%, wind 9 mph",Carolina Panthers,Atlanta Falcons,Miles Sanders,CAR,Carolina Panthers,away,38,20,RB,3,4.838709677419355,0,0,0,0,0,0,3,1,0,1,1,12,0,0
2024,6,"79 degrees, relative humidity 44%, wind 9 mph",Carolina Panthers,Atlanta Falcons,Xavier Legette,CAR,Carolina Panthers,away,38,20,WR,0,0.0,0,0,0,0,0,0,0,0,0,4,3,23,1,0
2024,6,"54 degrees, relative humidity 55%, wind 3 mph",Jacksonville Jaguars,Chicago Bears,Caleb Williams,CHI,Jacksonville Jaguars,away,35,16,QB,33,56.896551724137936,23,29,226,4,1,3,4,56,0,0,0,0,0,0
2024,6,"54 degrees, relative humidity 55%, wind 3 mph",Jacksonville Jaguars,Chicago Bears,Cole Kmet,CHI,Jacksonville Jaguars,away,35,16,TE,0,0.0,0,0,0,0,0,0,0,0,0,5,5,70,2,0
2024,6,"54 degrees, relative humidity 55%, wind 3 mph",Jacksonville Jaguars,Chicago Bears,D'Andre Swift,CHI,Jacksonville Jaguars,away,35,16,RB,17,29.310344827586203,0,0,0,0,0,0,17,91,1,4,4,28,0,1
2024,6,"54 degrees, relative humidity 55%, wind 3 mph",Jacksonville Jaguars,Chicago Bears,D.J. Moore,CHI,Jacksonville Jaguars,away,35,16,WR,0,0.0,0,0,0,0,0,0,0,0,0,5,4,20,0,0
2024,6,"54 degrees, relative humidity 55%, wind 3 mph",Jacksonville Jaguars,Chicago Bears,Gerald Everett,CHI,Jacksonville Jaguars,away,35,16,TE,0,0.0,0,0,0,0,0,0,0,0,0,1,0,0,0,0
2024,6,"54 degrees, relative humidity 55%, wind 3 mph",Jacksonville Jaguars,Chicago Bears,Keenan Allen,CHI,Jacksonville Jaguars,away,35,16,WR,0,0.0,0,0,0,0,0,0,0,0,0,5,5,41,2,0
2024,6,"54 degrees, relative humidity 55%, wind 3 mph",Jacksonville Jaguars,Chicago Bears,Marcedes Lewis,CHI,Jacksonville Jaguars,away,35,16,TE,0,0.0,0,0,0,0,0,0,0,0,0,1,1,2,0,0
2024,6,"54 degrees, relative humidity 55%, wind 3 mph",Jacksonville Jaguars,Chicago Bears,Rome Odunze,CHI,Jacksonville Jaguars,away,35,16,WR,0,0.0,0,0,0,0,0,0,0,0,0,2,2,40,0,0
2024,6,"54 degrees, relative humidity 55%, wind 3 mph",Jacksonville Jaguars,Chicago Bears,Roschon Johnson,CHI,Jacksonville Jaguars,away,35,16,RB,5,8.620689655172415,0,0,0,0,0,0,5,8,0,3,2,25,0,0
2024,6,"54 degrees, relative humidity 55%, wind 3 mph",Jacksonville Jaguars,Chicago Bears,Tyson Bagent,CHI,Jacksonville Jaguars,away,35,16,QB,3,5.172413793103448,0,0,0,0,0,0,3,-3,0,0,0,0,0,0
2024,6,"63 degrees, relative humidity 81%, wind 2 mph",New York Giants,Cincinnati Bengals,Andrei Iosivas,CIN,New York Giants,away,17,7,WR,0,0.0,0,0,0,0,0,0,0,0,0,3,2,36,0,0
2024,6,"63 degrees, relative humidity 81%, wind 2 mph",New York Giants,Cincinnati Bengals,Chase Brown,CIN,New York Giants,away,17,7,RB,10,20.833333333333336,0,0,0,0,0,0,10,53,1,3,2,11,0,1
2024,6,"63 degrees, relative humidity 81%, wind 2 mph",New York Giants,Cincinnati Bengals,Erick All,CIN,New York Giants,away,17,7,TE,0,0.0,0,0,0,0,0,0,0,0,0,3,2,10,0,0
2024,6,"63 degrees, relative humidity 81%, wind 2 mph",New York Giants,Cincinnati Bengals,Ja'Marr Chase,CIN,New York Giants,away,17,7,WR,0,0.0,0,0,0,0,0,0,0,0,0,6,5,72,0,0
2024,6,"63 degrees, relative humidity 81%, wind 2 mph",New York Giants,Cincinnati Bengals,Joe Burrow,CIN,New York Giants,away,17,7,QB,32,66.66666666666666,19,28,208,0,0,4,4,55,1,0,0,0,0,0
2024,6,"63 degrees, relative humidity 81%, wind 2 mph",New York Giants,Cincinnati Bengals,Tee Higgins,CIN,New York Giants,away,17,7,WR,0,0.0,0,0,0,0,0,0,0,0,0,7,7,77,0,0
2024,6,"63 degrees, relative humidity 81%, wind 2 mph",New York Giants,Cincinnati Bengals,Zack Moss,CIN,New York Giants,away,17,7,RB,6,12.5,0,0,0,0,0,0,6,13,0,1,1,2,0,1
2024,6,"82 degrees, relative humidity 41%, wind 10 mph",Cleveland Browns,Philadelphia Eagles,Amari Cooper,CLE,Cleveland Browns,away,20,16,WR,0,0.0,0,0,0,0,0,0,0,0,0,6,4,42,0,0
2024,6,"82 degrees, relative humidity 41%, wind 10 mph",Cleveland Browns,Philadelphia Eagles,Cedric Tillman,CLE,Cleveland Browns,away,20,16,WR,1,2.083333333333333,0,0,0,0,0,0,1,-5,0,0,0,0,0,0
2024,6,"82 degrees, relative humidity 41%, wind 10 mph",Cleveland Browns,Philadelphia Eagles,D'Onta Foreman,CLE,Cleveland Browns,away,20,16,RB,10,20.833333333333336,0,0,0,0,0,0,10,31,0,2,2,16,0,0
2024,6,"82 degrees, relative humidity 41%, wind 10 mph",Cleveland Browns,Philadelphia Eagles,David Njoku,CLE,Cleveland Browns,away,20,16,TE,0,0.0,0,0,0,0,0,0,0,0,0,7,5,31,0,0
2024,6,"82 degrees, relative humidity 41%, wind 10 mph",Cleveland Browns,Philadelphia Eagles,Deshaun Watson,CLE,Cleveland Browns,away,20,16,QB,27,56.25,16,23,168,0,0,5,4,17,0,0,0,0,0,0
2024,6,"82 degrees, relative humidity 41%, wind 10 mph",Cleveland Browns,Philadelphia Eagles,Elijah Moore,CLE,Cleveland Browns,away,20,16,WR,0,0.0,0,0,0,0,0,0,0,0,0,1,1,3,0,0
2024,6,"82 degrees, relative humidity 41%, wind 10 mph",Cleveland Browns,Philadelphia Eagles,Jaelon Darden,CLE,Cleveland Browns,away,20,16,WR,0,0.0,0,0,0,0,0,0,0,0,0,1,1,6,0,0
2024,6,"82 degrees, relative humidity 41%, wind 10 mph",Cleveland Browns,Philadelphia Eagles,Jerome Ford,CLE,Cleveland Browns,away,20,16,RB,2,4.166666666666666,0,0,0,0,0,0,2,14,0,0,0,0,0,0
2024,6,"82 degrees, relative humidity 41%, wind 10 mph",Cleveland Browns,Philadelphia Eagles,Jerry Jeudy,CLE,Cleveland Browns,away,20,16,WR,0,0.0,0,0,0,0,0,0,0,0,0,3,1,35,0,0
2024,6,"82 degrees, relative humidity 41%, wind 10 mph",Cleveland Browns,Philadelphia Eagles,Pierre Strong,CLE,Cleveland Browns,away,20,16,RB,8,16.666666666666664,0,0,0,0,0,0,8,43,0,3,2,35,0,0
2024,6,,Dallas Cowboys,Detroit Lions,CeeDee Lamb,DAL,Dallas Cowboys,away,47,9,WR,1,1.639344262295082,0,0,0,0,0,0,1,2,0,14,7,89,0,0
2024,6,,Dallas Cowboys,Detroit Lions,Cooper Rush,DAL,Dallas Cowboys,away,47,9,QB,12,19.672131147540984,8,11,46,0,1,0,1,2,0,0,0,0,0,0
2024,6,,Dallas Cowboys,Detroit Lions,Dak Prescott,DAL,Dallas Cowboys,away,47,9,QB,34,55.73770491803278,17,33,178,0,2,4,1,1,0,0,0,0,0,0
2024,6,,Dallas Cowboys,Detroit Lions,Ezekiel Elliott,DAL,Dallas Cowboys,away,47,9,RB,8,13.114754098360656,0,0,0,0,0,0,8,17,0,0,0,0,0,0
2024,6,,Dallas Cowboys,Detroit Lions,Jake Ferguson,DAL,Dallas Cowboys,away,47,9,TE,0,0.0,0,0,0,0,0,0,0,0,0,4,3,11,0,0
2024,6,,Dallas Cowboys,Detroit Lions,Jalen Brooks,DAL,Dallas Cowboys,away,47,9,WR,0,0.0,0,0,0,0,0,0,0,0,0,6,1,15,0,0
2024,6,,Dallas Cowboys,Detroit Lions,Jalen Tolbert,DAL,Dallas Cowboys,away,47,9,WR,0,0.0,0,0,0,0,0,0,0,0,0,5,4,43,0,0
2024,6,,Dallas Cowboys,Detroit Lions,KaVontae Turpin,DAL,Dallas Cowboys,away,47,9,WR,1,1.639344262295082,0,0,0,0,0,0,1,6,0,7,4,24,0,1
2024,6,,Dallas Cowboys,Detroit Lions,Rico Dowdle,DAL,Dallas Cowboys,away,47,9,RB,5,8.19672131147541,0,0,0,0,0,0,5,25,0,6,5,30,0,0
2024,6,,Dallas Cowboys,Detroit Lions,Ryan Flournoy,DAL,Dallas Cowboys,away,47,9,WR,0,0.0,0,0,0,0,0,0,0,0,0,1,1,12,0,1
2024,6,"65 degrees, relative humidity 28%, wind 7 mph",Denver Broncos,Los Angeles Chargers,Audric Estime,DEN,Denver Broncos,away,23,16,RB,2,3.9215686274509802,0,0,0,0,0,0,2,13,0,0,0,0,0,0
2024,6,"65 degrees, relative humidity 28%, wind 7 mph",Denver Broncos,Los Angeles Chargers,Bo Nix,DEN,Denver Broncos,away,23,16,QB,39,76.47058823529412,19,33,216,2,1,2,6,61,0,0,0,0,0,0
2024,6,"65 degrees, relative humidity 28%, wind 7 mph",Denver Broncos,Los Angeles Chargers,Courtland Sutton,DEN,Denver Broncos,away,23,16,WR,0,0.0,0,0,0,0,0,0,0,0,0,6,4,53,1,0
2024,6,"65 degrees, relative humidity 28%, wind 7 mph",Denver Broncos,Los Angeles Chargers,Devaughn Vele,DEN,Denver Broncos,away,23,16,WR,0,0.0,0,0,0,0,0,0,0,0,0,6,4,78,0,0
2024,6,"65 degrees, relative humidity 28%, wind 7 mph",Denver Broncos,Los Angeles Chargers,Jaleel McLaughlin,DEN,Denver Broncos,away,23,16,RB,3,5.88235294117647,0,0,0,0,0,0,3,8,0,2,2,17,0,0
2024,6,"65 degrees, relative humidity 28%, wind 7 mph",Denver Broncos,Los Angeles Chargers,Javonte Williams,DEN,Denver Broncos,away,23,16,RB,6,11.76470588235294,0,0,0,0,0,0,6,23,0,6,3,13,0,1
2024,6,"65 degrees, relative humidity 28%, wind 7 mph",Denver Broncos,Los Angeles Chargers,Lil'Jordan Humphrey,DEN,Denver Broncos,away,23,16,WR,0,0.0,0,0,0,0,0,0,0,0,0,1,1,8,0,0
2024,6,"65 degrees, relative humidity 28%, wind 7 mph",Denver Broncos,Los Angeles Chargers,Lucas Krull,DEN,Denver Broncos,away,23,16,TE,0,0.0,0,0,0,0,0,0,0,0,0,4,2,11,0,0
2024,6,"65 degrees, relative humidity 28%, wind 7 mph",Denver Broncos,Los Angeles Chargers,Marvin Mims,DEN,Denver Broncos,away,23,16,WR,0,0.0,0,0,0,0,0,0,0,0,0,3,0,0,0,0
2024,6,"65 degrees, relative humidity 28%, wind 7 mph",Denver Broncos,Los Angeles Chargers,Nate Adkins,DEN,Denver Broncos,away,23,16,TE,0,0.0,0,0,0,0,0,0,0,0,0,1,1,5,0,0
2024,6,"65 degrees, relative humidity 28%, wind 7 mph",Denver Broncos,Los Angeles Chargers,Troy Franklin,DEN,Denver Broncos,away,23,16,WR,1,1.9607843137254901,0,0,0,0,0,0,1,5,0,3,2,31,1,0
2024,6,,Dallas Cowboys,Detroit Lions,Allen Robinson,DET,Dallas Cowboys,away,47,9,WR,0,0.0,0,0,0,0,0,0,0,0,0,1,0,0,0,0
2024,6,,Dallas Cowboys,Detroit Lions,Amon-Ra St. Brown,DET,Dallas Cowboys,away,47,9,WR,0,0.0,0,0,0,0,0,0,0,0,0,4,4,37,1,0
2024,6,,Dallas Cowboys,Detroit Lions,Brock Wright,DET,Dallas Cowboys,away,47,9,TE,0,0.0,0,0,0,0,0,0,0,0,0,1,0,0,0,0
2024,6,,Dallas Cowboys,Detroit Lions,Craig Reynolds,DET,Dallas Cowboys,away,47,9,RB,6,9.523809523809524,0,0,0,0,0,0,6,21,0,0,0,0,0,1
2024,6,,Dallas Cowboys,Detroit Lions,David Montgomery,DET,Dallas Cowboys,away,47,9,RB,12,19.047619047619047,0,0,0,0,0,0,12,80,2,1,1,0,0,0
2024,6,,Dallas Cowboys,Detroit Lions,Hendon Hooker,DET,Dallas Cowboys,away,47,9,QB,3,4.761904761904762,1,2,19,0,0,1,1,-1,0,0,0,0,0,0
2024,6,,Dallas Cowboys,Detroit Lions,Jahmyr Gibbs,DET,Dallas Cowboys,away,47,9,RB,12,19.047619047619047,0,0,0,0,0,0,12,63,0,5,3,28,0,0
2024,6,,Dallas Cowboys,Detroit Lions,Jameson Williams,DET,Dallas Cowboys,away,47,9,WR,1,1.5873015873015872,0,0,0,0,0,0,1,11,0,4,3,76,1,0
2024,6,,Dallas Cowboys,Detroit Lions,Jared Goff,DET,Dallas Cowboys,away,47,9,QB,28,44.44444444444444,18,25,315,3,0,2,3,5,0,0,0,0,0,0
2024,6,,Dallas Cowboys,Detroit Lions,Kalif Raymond,DET,Dallas Cowboys,away,47,9,WR,0,0.0,0,0,0,0,0,0,0,0,0,6,4,73,0,0
2024,6,,Dallas Cowboys,Detroit Lions,Sam LaPorta,DET,Dallas Cowboys,away,47,9,TE,0,0.0,0,0,0,0,0,0,0,0,0,1,1,52,1,0
2024,6,,Dallas Cowboys,Detroit Lions,Sione Vaki,DET,Dallas Cowboys,away,47,9,RB,1,1.5873015873015872,0,0,0,0,0,0,1,5,0,0,0,0,0,0
2024,6,,Dallas Cowboys,Detroit Lions,Taylor Decker,DET,Dallas Cowboys,away,47,9,T,0,0.0,0,0,0,0,0,0,0,0,0,1,0,0,0,0
2024,6,,Dallas Cowboys,Detroit Lions,Tim Patrick,DET,Dallas Cowboys,away,47,9,WR,0,0.0,0,0,0,0,0,0,0,0,0,3,3,68,0,0
2024,6,"50 degrees, relative humidity 86%, wind 4 mph",Arizona Cardinals,Green Bay Packers,Andrew Beck,GNB,Arizona Cardinals,away,34,13,FB,0,0.0,0,0,0,0,0,0,0,0,0,1,0,0,0,0
2024,6,"50 degrees, relative humidity 86%, wind 4 mph",Arizona Cardinals,Green Bay Packers,Ben Sims,GNB,Arizona Cardinals,away,34,13,TE,0,0.0,0,0,0,0,0,0,0,0,0,2,2,38,0,0
2024,6,"50 degrees, relative humidity 86%, wind 4 mph",Arizona Cardinals,Green Bay Packers,Bo Melton,GNB,Arizona Cardinals,away,34,13,WR,2,2.857142857142857,0,0,0,0,0,0,2,27,0,2,1,6,0,0
2024,6,"50 degrees, relative humidity 86%, wind 4 mph",Arizona Cardinals,Green Bay Packers,Chris Brooks,GNB,Arizona Cardinals,away,34,13,RB,4,5.714285714285714,0,0,0,0,0,0,4,21,0,0,0,0,0,0
2024,6,"50 degrees, relative humidity 86%, wind 4 mph",Arizona Cardinals,Green Bay Packers,Christian Watson,GNB,Arizona Cardinals,away,34,13,WR,0,0.0,0,0,0,0,0,0,0,0,0,4,3,68,1,0
2024,6,"50 degrees, relative humidity 86%, wind 4 mph",Arizona Cardinals,Green Bay Packers,Dontayvion Wicks,GNB,Arizona Cardinals,away,34,13,WR,0,0.0,0,0,0,0,0,0,0,0,0,3,1,9,0,0
2024,6,"50 degrees, relative humidity 86%, wind 4 mph",Arizona Cardinals,Green Bay Packers,Emanuel Wilson,GNB,Arizona Cardinals,away,34,13,RB,7,10.0,0,0,0,0,0,0,7,54,0,2,1,19,0,0
2024,6,"50 degrees, relative humidity 86%, wind 4 mph",Arizona Cardinals,Green Bay Packers,Jayden Reed,GNB,Arizona Cardinals,away,34,13,WR,1,1.4285714285714286,0,0,0,0,0,0,1,0,0,6,6,28,1,0
2024,6,"50 degrees, relative humidity 86%, wind 4 mph",Arizona Cardinals,Green Bay Packers,Jordan Love,GNB,Arizona Cardinals,away,34,13,QB,37,52.85714285714286,22,32,258,4,1,0,5,13,0,0,0,0,0,0
2024,6,"50 degrees, relative humidity 86%, wind 4 mph",Arizona Cardinals,Green Bay Packers,Josh Jacobs,GNB,Arizona Cardinals,away,34,13,RB,18,25.71428571428571,0,0,0,0,0,0,18,62,0,3,3,28,0,0
2024,6,"50 degrees, relative humidity 86%, wind 4 mph",Arizona Cardinals,Green Bay Packers,Romeo Doubs,GNB,Arizona Cardinals,away,34,13,WR,0,0.0,0,0,0,0,0,0,0,0,0,4,3,49,2,0
2024,6,"50 degrees, relative humidity 86%, wind 4 mph",Arizona Cardinals,Green Bay Packers,Tucker Kraft,GNB,Arizona Cardinals,away,34,13,TE,1,1.4285714285714286,0,0,0,0,0,0,1,2,0,4,2,13,0,0
2024,6,"53 degrees, relative humidity 53%, wind 5 mph",New England Patriots,Houston Texans,C.J. Stroud,HOU,New England Patriots,away,41,21,QB,34,56.666666666666664,20,31,192,3,1,2,3,7,0,0,0,0,0,1
2024,6,"53 degrees, relative humidity 53%, wind 5 mph",New England Patriots,Houston Texans,Cade Stover,HOU,New England Patriots,away,41,21,TE,0,0.0,0,0,0,0,0,0,0,0,0,1,0,0,0,0
2024,6,"53 degrees, relative humidity 53%, wind 5 mph",New England Patriots,Houston Texans,Cam Akers,HOU,New England Patriots,away,41,21,RB,2,3.3333333333333335,0,0,0,0,0,0,2,-1,0,0,0,0,0,0
2024,6,"53 degrees, relative humidity 53%, wind 5 mph",New England Patriots,Houston Texans,Dalton Schultz,HOU,New England Patriots,away,41,21,TE,0,0.0,0,0,0,0,0,0,0,0,0,8,4,27,0,0
2024,6,"53 degrees, relative humidity 53%, wind 5 mph",New England Patriots,Houston Texans,Dameon Pierce,HOU,New England Patriots,away,41,21,RB,8,13.333333333333334,0,0,0,0,0,0,8,76,1,1,1,1,0,0
2024,6,"53 degrees, relative humidity 53%, wind 5 mph",New England Patriots,Houston Texans,Dare Ogunbowale,HOU,New England Patriots,away,41,21,RB,2,3.3333333333333335,0,0,0,0,0,0,2,8,0,0,0,0,0,0
2024,6,"53 degrees, relative humidity 53%, wind 5 mph",New England Patriots,Houston Texans,Davis Mills,HOU,New England Patriots,away,41,21,QB,1,1.6666666666666667,0,1,0,0,0,0,0,0,0,0,0,0,0,0
2024,6,"53 degrees, relative humidity 53%, wind 5 mph",New England Patriots,Houston Texans,Joe Mixon,HOU,New England Patriots,away,41,21,RB,13,21.666666666666668,0,0,0,0,0,0,13,102,1,3,2,30,1,0
2024,6,"53 degrees, relative humidity 53%, wind 5 mph",New England Patriots,Houston Texans,Stefon Diggs,HOU,New England Patriots,away,41,21,WR,0,0.0,0,0,0,0,0,0,0,0,0,7,6,77,1,0
2024,6,"53 degrees, relative humidity 53%, wind 5 mph",New England Patriots,Houston Texans,Tank Dell,HOU,New England Patriots,away,41,21,WR,0,0.0,0,0,0,0,0,0,0,0,0,9,7,57,1,0
2024,6,"53 degrees, relative humidity 53%, wind 5 mph",New England Patriots,Houston Texans,Xavier Hutchinson,HOU,New England Patriots,away,41,21,WR,0,0.0,0,0,0,0,0,0,0,0,0,2,0,0,0,0
2024,6,"80 degrees, relative humidity 45%, wind 12 mph",Tennessee Titans,Indianapolis Colts,Adonai Mitchell,IND,Tennessee Titans,away,20,17,WR,0,0.0,0,0,0,0,0,0,0,0,0,4,2,9,0,0
2024,6,"80 degrees, relative humidity 45%, wind 12 mph",Tennessee Titans,Indianapolis Colts,Alec Pierce,IND,Tennessee Titans,away,20,17,WR,0,0.0,0,0,0,0,0,0,0,0,0,4,0,0,0,0
2024,6,"80 degrees, relative humidity 45%, wind 12 mph",Tennessee Titans,Indianapolis Colts,Andrew Ogletree,IND,Tennessee Titans,away,20,17,TE,0,0.0,0,0,0,0,0,0,0,0,0,2,2,24,0,0
2024,6,"80 degrees, relative humidity 45%, wind 12 mph",Tennessee Titans,Indianapolis Colts,Ashton Dulin,IND,Tennessee Titans,away,20,17,WR,0,0.0,0,0,0,0,0,0,0,0,0,1,0,0,0,0
2024,6,"80 degrees, relative humidity 45%, wind 12 mph",Tennessee Titans,Indianapolis Colts,Joe Flacco,IND,Tennessee Titans,away,20,17,QB,39,59.09090909090909,22,38,189,2,1,0,1,1,0,0,0,0,0,0
2024,6,"80 degrees, relative humidity 45%, wind 12 mph",Tennessee Titans,Indianapolis Colts,Josh Downs,IND,Tennessee Titans,away,20,17,WR,1,1.5151515151515151,0,0,0,0,0,0,1,-1,0,9,7,66,1,0
2024,6,"80 degrees, relative humidity 45%, wind 12 mph",Tennessee Titans,Indianapolis Colts,Kylen Granson,IND,Tennessee Titans,away,20,17,TE,0,0.0,0,0,0,0,0,0,0,0,0,1,0,0,0,0
2024,6,"80 degrees, relative humidity 45%, wind 12 mph",Tennessee Titans,Indianapolis Colts,Michael Pittman Jr.,IND,Tennessee Titans,away,20,17,WR,0,0.0,0,0,0,0,0,0,0,0,0,5,3,35,1,0
2024,6,"80 degrees, relative humidity 45%, wind 12 mph",Tennessee Titans,Indianapolis Colts,Mo Alie-Cox,IND,Tennessee Titans,away,20,17,TE,0,0.0,0,0,0,0,0,0,0,0,0,4,4,41,0,0
2024,6,"80 degrees, relative humidity 45%, wind 12 mph",Tennessee Titans,Indianapolis Colts,Trey Sermon,IND,Tennessee Titans,away,20,17,RB,18,27.27272727272727,0,0,0,0,0,0,18,29,0,0,0,0,0,0
2024,6,"80 degrees, relative humidity 45%, wind 12 mph",Tennessee Titans,Indianapolis Colts,Tyler Goodson,IND,Tennessee Titans,away,20,17,RB,8,12.121212121212121,0,0,0,0,0,0,8,51,0,5,4,14,0,0
2024,6,"80 degrees, relative humidity 45%, wind 12 mph",Tennessee Titans,Indianapolis Colts,Will Mallory,IND,Tennessee Titans,away,20,17,TE,0,0.0,0,0,0,0,0,0,0,0,0,1,0,0,0,0
2024,6,"54 degrees, relative humidity 55%, wind 3 mph",Jacksonville Jaguars,Chicago Bears,Brenton Strange,JAX,Jacksonville Jaguars,away,35,16,TE,0,0.0,0,0,0,0,0,0,0,0,0,2,1,11,0,0
2024,6,"54 degrees, relative humidity 55%, wind 3 mph",Jacksonville Jaguars,Chicago Bears,Brian Thomas,JAX,Jacksonville Jaguars,away,35,16,WR,0,0.0,0,0,0,0,0,0,0,0,0,6,3,27,0,0
2024,6,"54 degrees, relative humidity 55%, wind 3 mph",Jacksonville Jaguars,Chicago Bears,Christian Kirk,JAX,Jacksonville Jaguars,away,35,16,WR,0,0.0,0,0,0,0,0,0,0,0,0,6,3,39,0,0
2024,6,"54 degrees, relative humidity 55%, wind 3 mph",Jacksonville Jaguars,Chicago Bears,D'Ernest Johnson,JAX,Jacksonville Jaguars,away,35,16,RB,6,10.714285714285714,0,0,0,0,0,0,6,28,0,2,2,16,0,0
2024,6,"54 degrees, relative humidity 55%, wind 3 mph",Jacksonville Jaguars,Chicago Bears,Evan Engram,JAX,Jacksonville Jaguars,away,35,16,TE,0,0.0,0,0,0,0,0,0,0,0,0,10,10,102,0,1
2024,6,"54 degrees, relative humidity 55%, wind 3 mph",Jacksonville Jaguars,Chicago Bears,Gabriel Davis,JAX,Jacksonville Jaguars,away,35,16,WR,0,0.0,0,0,0,0,0,0,0,0,0,8,5,45,2,0
2024,6,"54 degrees, relative humidity 55%, wind 3 mph",Jacksonville Jaguars,Chicago Bears,Mac Jones,JAX,Jacksonville Jaguars,away,35,16,QB,1,1.7857142857142856,1,1,6,0,0,1,0,0,0,0,0,0,0,0
2024,6,"54 degrees, relative humidity 55%, wind 3 mph",Jacksonville Jaguars,Chicago Bears,Tank Bigsby,JAX,Jacksonville Jaguars,away,35,16,RB,7,12.5,0,0,0,0,0,0,7,24,0,0,0,0,0,1
2024,6,"54 degrees, relative humidity 55%, wind 3 mph",Jacksonville Jaguars,Chicago Bears,Travis Etienne,JAX,Jacksonville Jaguars,away,35,16,RB,3,5.357142857142857,0,0,0,0,0,0,3,-1,0,1,0,0,0,0
2024,6,"54 degrees, relative humidity 55%, wind 3 mph",Jacksonville Jaguars,Chicago Bears,Trevor Lawrence,JAX,Jacksonville Jaguars,away,35,16,QB,39,69.64285714285714,23,35,234,2,1,3,4,17,0,0,0,0,0,0
2024,6,"65 degrees, relative humidity 28%, wind 7 mph",Denver Broncos,Los Angeles Chargers,Derius Davis,LAC,Denver Broncos,away,23,16,WR,2,2.7777777777777777,0,0,0,0,0,0,2,14,0,2,1,8,0,0
2024,6,"65 degrees, relative humidity 28%, wind 7 mph",Denver Broncos,Los Angeles Chargers,Hassan Haskins,LAC,Denver Broncos,away,23,16,RB,2,2.7777777777777777,0,0,0,0,0,0,2,5,0,0,0,0,0,0
2024,6,"65 degrees, relative humidity 28%, wind 7 mph",Denver Broncos,Los Angeles Chargers,J.K. Dobbins,LAC,Denver Broncos,away,23,16,RB,25,34.72222222222222,0,0,0,0,0,0,25,96,1,2,2,6,0,0
2024,6,"65 degrees, relative humidity 28%, wind 7 mph",Denver Broncos,Los Angeles Chargers,Josh Palmer,LAC,Denver Broncos,away,23,16,WR,0,0.0,0,0,0,0,0,0,0,0,0,3,2,38,0,0
2024,6,"65 degrees, relative humidity 28%, wind 7 mph",Denver Broncos,Los Angeles Chargers,Justin Herbert,LAC,Denver Broncos,away,23,16,QB,38,52.77777777777778,21,34,237,1,0,3,4,2,0,0,0,0,0,1
2024,6,"65 degrees, relative humidity 28%, wind 7 mph",Denver Broncos,Los Angeles Chargers,Kimani Vidal,LAC,Denver Broncos,away,23,16,RB,4,5.555555555555555,0,0,0,0,0,0,4,11,0,2,2,40,1,0
2024,6,"65 degrees, relative humidity 28%, wind 7 mph",Denver Broncos,Los Angeles Chargers,Ladd McConkey,LAC,Denver Broncos,away,23,16,WR,0,0.0,0,0,0,0,0,0,0,0,0,8,4,43,0,0
2024,6,"65 degrees, relative humidity 28%, wind 7 mph",Denver Broncos,Los Angeles Chargers,Quentin Johnston,LAC,Denver Broncos,away,23,16,WR,1,1.3888888888888888,0,0,0,0,0,0,1,0,0,4,3,22,0,0
2024,6,"65 degrees, relative humidity 28%, wind 7 mph",Denver Broncos,Los Angeles Chargers,Simi Fehoko,LAC,Denver Broncos,away,23,16,WR,0,0.0,0,0,0,0,0,0,0,0,0,4,2,44,0,0
2024,6,"65 degrees, relative humidity 28%, wind 7 mph",Denver Broncos,Los Angeles Chargers,Stone Smartt,LAC,Denver Broncos,away,23,16,TE,0,0.0,0,0,0,0,0,0,0,0,0,1,1,10,0,0
2024,6,"65 degrees, relative humidity 28%, wind 7 mph",Denver Broncos,Los Angeles Chargers,Will Dissly,LAC,Denver Broncos,away,23,16,TE,0,0.0,0,0,0,0,0,0,0,0,0,5,4,26,0,0
2024,6,,Las Vegas Raiders,Pittsburgh Steelers,Aidan O'Connell,LVR,Las Vegas Raiders,away,32,13,QB,40,67.79661016949152,27,40,227,1,1,1,0,0,0,0,0,0,0,0
2024,6,,Las Vegas Raiders,Pittsburgh Steelers,Alex Bachman,LVR,Las Vegas Raiders,away,32,13,WR,0,0.0,0,0,0,0,0,0,0,0,0,3,3,31,0,0
2024,6,,Las Vegas Raiders,Pittsburgh Steelers,Alexander Mattison,LVR,Las Vegas Raiders,away,32,13,RB,14,23.728813559322035,0,0,0,0,0,0,14,33,1,5,5,32,0,0
2024,6,,Las Vegas Raiders,Pittsburgh Steelers,Ameer Abdullah,LVR,Las Vegas Raiders,away,32,13,RB,4,6.779661016949152,0,0,0,0,0,0,4,24,0,5,3,14,0,2
2024,6,,Las Vegas Raiders,Pittsburgh Steelers,Brock Bowers,LVR,Las Vegas Raiders,away,32,13,TE,0,0.0,0,0,0,0,0,0,0,0,0,10,9,71,0,0
2024,6,,Las Vegas Raiders,Pittsburgh Steelers,DJ Turner,LVR,Las Vegas Raiders,away,32,13,WR,0,0.0,0,0,0,0,0,0,0,0,0,4,2,37,0,0
2024,6,,Las Vegas Raiders,Pittsburgh Steelers,Dylan Laube,LVR,Las Vegas Raiders,away,32,13,RB,1,1.694915254237288,0,0,0,0,0,0,1,0,0,0,0,0,0,1
2024,6,,Las Vegas Raiders,Pittsburgh Steelers,Harrison Bryant,LVR,Las Vegas Raiders,away,32,13,TE,0,0.0,0,0,0,0,0,0,0,0,0,5,3,24,0,0
2024,6,,Las Vegas Raiders,Pittsburgh Steelers,Kristian Wilkerson,LVR,Las Vegas Raiders,away,32,13,WR,0,0.0,0,0,0,0,0,0,0,0,0,3,2,18,1,0
2024,6,,Las Vegas Raiders,Pittsburgh Steelers,Tre Tucker,LVR,Las Vegas Raiders,away,32,13,WR,0,0.0,0,0,0,0,0,0,0,0,0,2,0,0,0,0
2024,6,,New Orleans Saints,Tampa Bay Buccaneers,Alvin Kamara,NOR,New Orleans Saints,away,51,27,RB,13,21.311475409836063,0,0,0,0,0,0,13,40,1,8,5,24,0,1
2024,6,,New Orleans Saints,Tampa Bay Buccaneers,Bub Means,NOR,New Orleans Saints,away,51,27,WR,0,0.0,0,0,0,0,0,0,0,0,0,8,5,45,1,0
2024,6,,New Orleans Saints,Tampa Bay Buccaneers,Cedrick Wilson Jr.,NOR,New Orleans Saints,away,51,27,WR,0,0.0,0,0,0,0,0,0,0,0,0,3,2,28,0,0
2024,6,,New Orleans Saints,Tampa Bay Buccaneers,Chris Olave,NOR,New Orleans Saints,away,51,27,WR,0,0.0,0,0,0,0,0,0,0,0,0,1,1,5,0,1
2024,6,,New Orleans Saints,Tampa Bay Buccaneers,Foster Moreau,NOR,New Orleans Saints,away,51,27,TE,0,0.0,0,0,0,0,0,0,0,0,0,2,2,54,0,0
2024,6,,New Orleans Saints,Tampa Bay Buccaneers,Jamaal Williams,NOR,New Orleans Saints,away,51,27,RB,2,3.278688524590164,0,0,0,0,0,0,2,7,0,0,0,0,0,0
2024,6,,New Orleans Saints,Tampa Bay Buccaneers,Jordan Mims,NOR,New Orleans Saints,away,51,27,RB,1,1.639344262295082,0,0,0,0,0,0,1,5,0,4,2,13,0,0
2024,6,,New Orleans Saints,Tampa Bay Buccaneers,Juwan Johnson,NOR,New Orleans Saints,away,51,27,TE,0,0.0,0,0,0,0,0,0,0,0,0,3,3,48,0,0
2024,6,,New Orleans Saints,Tampa Bay Buccaneers,Mason Tipton,NOR,New Orleans Saints,away,51,27,WR,0,0.0,0,0,0,0,0,0,0,0,0,2,1,15,0,0
2024,6,,New Orleans Saints,Tampa Bay Buccaneers,Rashid Shaheed,NOR,New Orleans Saints,away,51,27,WR,1,1.639344262295082,0,0,0,0,0,0,1,2,0,7,1,11,0,0
2024,6,,New Orleans Saints,Tampa Bay Buccaneers,Spencer Rattler,NOR,New Orleans Saints,away,51,27,QB,44,72.1311475409836,22,40,243,1,2,5,4,27,0,0,0,0,0,1
2024,6,"53 degrees, relative humidity 53%, wind 5 mph",New England Patriots,Houston Texans,Antonio Gibson,NWE,New England Patriots,away,41,21,RB,13,22.033898305084744,0,0,0,0,0,0,13,19,0,4,3,24,0,0
2024,6,"53 degrees, relative humidity 53%, wind 5 mph",New England Patriots,Houston Texans,Austin Hooper,NWE,New England Patriots,away,41,21,TE,0,0.0,0,0,0,0,0,0,0,0,0,2,1,5,0,1
2024,6,"53 degrees, relative humidity 53%, wind 5 mph",New England Patriots,Houston Texans,Demario Douglas,NWE,New England Patriots,away,41,21,WR,0,0.0,0,0,0,0,0,0,0,0,0,9,6,92,1,0
2024,6,"53 degrees, relative humidity 53%, wind 5 mph",New England Patriots,Houston Texans,Drake Maye,NWE,New England Patriots,away,41,21,QB,38,64.40677966101694,20,33,243,3,2,4,5,38,0,0,0,0,0,1
2024,6,"53 degrees, relative humidity 53%, wind 5 mph",New England Patriots,Houston Texans,Hunter Henry,NWE,New England Patriots,away,41,21,TE,0,0.0,0,0,0,0,0,0,0,0,0,5,3,41,1,0
2024,6,"53 degrees, relative humidity 53%, wind 5 mph",New England Patriots,Houston Texans,Ja'Lynn Polk,NWE,New England Patriots,away,41,21,WR,0,0.0,0,0,0,0,0,0,0,0,0,4,1,4,0,0
2024,6,"53 degrees, relative humidity 53%, wind 5 mph",New England Patriots,Houston Texans,Jamycal Hasty,NWE,New England Patriots,away,41,21,RB,3,5.084745762711865,0,0,0,0,0,0,3,12,0,2,1,9,0,0
2024,6,"53 degrees, relative humidity 53%, wind 5 mph",New England Patriots,Houston Texans,Kayshon Boutte,NWE,New England Patriots,away,41,21,WR,0,0.0,0,0,0,0,0,0,0,0,0,3,3,59,1,0
2024,6,"53 degrees, relative humidity 53%, wind 5 mph",New England Patriots,Houston Texans,Kendrick Bourne,NWE,New England Patriots,away,41,21,WR,0,0.0,0,0,0,0,0,0,0,0,0,2,2,9,0,0
2024,6,"53 degrees, relative humidity 53%, wind 5 mph",New England Patriots,Houston Texans,Terrell Jennings,NWE,New England Patriots,away,41,21,RB,5,8.47457627118644,0,0,0,0,0,0,5,13,0,0,0,0,0,0
2024,6,"63 degrees, relative humidity 81%, wind 2 mph",New York Giants,Cincinnati Bengals,Daniel Jones,NYG,New York Giants,away,17,7,QB,52,72.22222222222221,22,41,205,0,1,2,11,56,0,0,0,0,0,0
2024,6,"63 degrees, relative humidity 81%, wind 2 mph",New York Giants,Cincinnati Bengals,Darius Slayton,NYG,New York Giants,away,17,7,WR,0,0.0,0,0,0,0,0,0,0,0,0,11,6,57,0,0
2024,6,"63 degrees, relative humidity 81%, wind 2 mph",New York Giants,Cincinnati Bengals,Eric Gray,NYG,New York Giants,away,17,7,RB,3,4.166666666666666,0,0,0,0,0,0,3,13,0,0,0,0,0,0
2024,6,"63 degrees, relative humidity 81%, wind 2 mph",New York Giants,Cincinnati Bengals,Isaiah Hodgins,NYG,New York Giants,away,17,7,WR,0,0.0,0,0,0,0,0,0,0,0,0,1,1,5,0,0
2024,6,"63 degrees, relative humidity 81%, wind 2 mph",New York Giants,Cincinnati Bengals,Jalin Hyatt,NYG,New York Giants,away,17,7,WR,0,0.0,0,0,0,0,0,0,0,0,0,4,1,6,0,0
2024,6,"63 degrees, relative humidity 81%, wind 2 mph",New York Giants,Cincinnati Bengals,Theo Johnson,NYG,New York Giants,away,17,7,TE,0,0.0,0,0,0,0,0,0,0,0,0,3,3,30,0,0
2024,6,"63 degrees, relative humidity 81%, wind 2 mph",New York Giants,Cincinnati Bengals,Tyrone Tracy Jr.,NYG,New York Giants,away,17,7,RB,17,23.61111111111111,0,0,0,0,0,0,17,50,1,6,6,57,0,0
2024,6,"63 degrees, relative humidity 81%, wind 2 mph",New York Giants,Cincinnati Bengals,Wan'Dale Robinson,NYG,New York Giants,away,17,7,WR,0,0.0,0,0,0,0,0,0,0,0,0,11,5,50,0,0
2024,6,"49 degrees, relative humidity 60%, wind 14 mph",New York Jets,Buffalo Bills,Aaron Rodgers,NYJ,New York Jets,away,23,20,QB,35,62.5,23,35,294,2,1,3,0,0,0,0,0,0,0,1
2024,6,"49 degrees, relative humidity 60%, wind 14 mph",New York Jets,Buffalo Bills,Allen Lazard,NYJ,New York Jets,away,23,20,WR,0,0.0,0,0,0,0,0,0,0,0,0,7,6,114,1,0
2024,6,"49 degrees, relative humidity 60%, wind 14 mph",New York Jets,Buffalo Bills,Braelon Allen,NYJ,New York Jets,away,23,20,RB,3,5.357142857142857,0,0,0,0,0,0,3,8,0,2,0,0,0,0
2024,6,"49 degrees, relative humidity 60%, wind 14 mph",New York Jets,Buffalo Bills,Breece Hall,NYJ,New York Jets,away,23,20,RB,18,32.142857142857146,0,0,0,0,0,0,18,113,0,6,5,56,0,0
2024,6,"49 degrees, relative humidity 60%, wind 14 mph",New York Jets,Buffalo Bills,Garrett Wilson,NYJ,New York Jets,away,23,20,WR,0,0.0,0,0,0,0,0,0,0,0,0,10,8,107,1,0
2024,6,"49 degrees, relative humidity 60%, wind 14 mph",New York Jets,Buffalo Bills,Jeremy Ruckert,NYJ,New York Jets,away,23,20,TE,0,0.0,0,0,0,0,0,0,0,0,0,3,2,7,0,0
2024,6,"49 degrees, relative humidity 60%, wind 14 mph",New York Jets,Buffalo Bills,Mike Williams,NYJ,New York Jets,away,23,20,WR,0,0.0,0,0,0,0,0,0,0,0,0,3,0,0,0,0
2024,6,"49 degrees, relative humidity 60%, wind 14 mph",New York Jets,Buffalo Bills,Tyler Conklin,NYJ,New York Jets,away,23,20,TE,0,0.0,0,0,0,0,0,0,0,0,0,3,2,10,0,0
2024,6,"82 degrees, relative humidity 41%, wind 10 mph",Cleveland Browns,Philadelphia Eagles,A.J. Brown,PHI,Cleveland Browns,away,20,16,WR,0,0.0,0,0,0,0,0,0,0,0,0,9,6,116,1,0
2024,6,"82 degrees, relative humidity 41%, wind 10 mph",Cleveland Browns,Philadelphia Eagles,Dallas Goedert,PHI,Cleveland Browns,away,20,16,TE,0,0.0,0,0,0,0,0,0,0,0,0,1,0,0,0,0
2024,6,"82 degrees, relative humidity 41%, wind 10 mph",Cleveland Browns,Philadelphia Eagles,DeVonta Smith,PHI,Cleveland Browns,away,20,16,WR,0,0.0,0,0,0,0,0,0,0,0,0,4,3,64,1,0
2024,6,"82 degrees, relative humidity 41%, wind 10 mph",Cleveland Browns,Philadelphia Eagles,Grant Calcaterra,PHI,Cleveland Browns,away,20,16,TE,0,0.0,0,0,0,0,0,0,0,0,0,4,4,67,0,0
2024,6,"82 degrees, relative humidity 41%, wind 10 mph",Cleveland Browns,Philadelphia Eagles,Jahan Dotson,PHI,Cleveland Browns,away,20,16,WR,1,1.639344262295082,0,0,0,0,0,0,1,13,0,3,1,10,0,0
2024,6,"82 degrees, relative humidity 41%, wind 10 mph",Cleveland Browns,Philadelphia Eagles,Jalen Hurts,PHI,Cleveland Browns,away,20,16,QB,39,63.934426229508205,16,25,264,2,0,1,14,33,0,0,0,0,0,0
2024,6,"82 degrees, relative humidity 41%, wind 10 mph",Cleveland Browns,Philadelphia Eagles,Kenneth Gainwell,PHI,Cleveland Browns,away,20,16,RB,3,4.918032786885246,0,0,0,0,0,0,3,23,0,1,0,0,0,0
2024,6,"82 degrees, relative humidity 41%, wind 10 mph",Cleveland Browns,Philadelphia Eagles,Saquon Barkley,PHI,Cleveland Browns,away,20,16,RB,18,29.508196721311474,0,0,0,0,0,0,18,47,0,2,2,7,0,0
2024,6,,Las Vegas Raiders,Pittsburgh Steelers,Aaron Shampklin,PIT,Las Vegas Raiders,away,32,13,RB,1,1.694915254237288,0,0,0,0,0,0,1,-2,0,0,0,0,0,0
2024,6,,Las Vegas Raiders,Pittsburgh Steelers,Calvin Austin,PIT,Las Vegas Raiders,away,32,13,UNK,0,0.0,0,0,0,0,0,0,0,0,0,5,2,36,0,0
2024,6,,Las Vegas Raiders,Pittsburgh Steelers,Connor Heyward,PIT,Las Vegas Raiders,away,32,13,TE,0,0.0,0,0,0,0,0,0,0,0,0,1,1,4,0,0
2024,6,,Las Vegas Raiders,Pittsburgh Steelers,Darnell Washington,PIT,Las Vegas Raiders,away,32,13,TE,0,0.0,0,0,0,0,0,0,0,0,0,1,1,9,0,0
2024,6,,Las Vegas Raiders,Pittsburgh Steelers,George Pickens,PIT,Las Vegas Raiders,away,32,13,WR,0,0.0,0,0,0,0,0,0,0,0,0,8,3,53,0,0
2024,6,,Las Vegas Raiders,Pittsburgh Steelers,Jaylen Warren,PIT,Las Vegas Raiders,away,32,13,RB,6,10.16949152542373,0,0,0,0,0,0,6,7,0,3,3,11,0,0
2024,6,,Las Vegas Raiders,Pittsburgh Steelers,Jonathan Ward,PIT,Las Vegas Raiders,away,32,13,RB,3,5.084745762711865,0,0,0,0,0,0,3,13,0,0,0,0,0,0
2024,6,,Las Vegas Raiders,Pittsburgh Steelers,Justin Fields,PIT,Las Vegas Raiders,away,32,13,QB,35,59.32203389830508,14,24,145,0,0,3,11,59,2,0,0,0,0,1
2024,6,,Las Vegas Raiders,Pittsburgh Steelers,Najee Harris,PIT,Las Vegas Raiders,away,32,13,RB,14,23.728813559322035,0,0,0,0,0,0,14,106,1,2,2,16,0,0
2024,6,,Las Vegas Raiders,Pittsburgh Steelers,Pat Freiermuth,PIT,Las Vegas Raiders,away,32,13,TE,0,0.0,0,0,0,0,0,0,0,0,0,3,2,16,0,0
2024,6,"59 degrees, relative humidity 61%, wind 10 mph",Seattle Seahawks,San Francisco 49ers,AJ Barner,SEA,Seattle Seahawks,away,36,24,TE,0,0.0,0,0,0,0,0,0,0,0,0,1,1,13,0,0
2024,6,"59 degrees, relative humidity 61%, wind 10 mph",Seattle Seahawks,San Francisco 49ers,D.K. Metcalf,SEA,Seattle Seahawks,away,36,24,WR,0,0.0,0,0,0,0,0,0,0,0,0,11,3,48,0,0
2024,6,"59 degrees, relative humidity 61%, wind 10 mph",Seattle Seahawks,San Francisco 49ers,Geno Smith,SEA,Seattle Seahawks,away,36,24,QB,53,73.61111111111111,30,52,312,1,2,1,1,0,0,0,0,0,0,0
2024,6,"59 degrees, relative humidity 61%, wind 10 mph",Seattle Seahawks,San Francisco 49ers,Jake Bobo,SEA,Seattle Seahawks,away,36,24,WR,0,0.0,0,0,0,0,0,0,0,0,0,4,2,18,0,0
2024,6,"59 degrees, relative humidity 61%, wind 10 mph",Seattle Seahawks,San Francisco 49ers,Jaxon Smith-Njigba,SEA,Seattle Seahawks,away,36,24,WR,0,0.0,0,0,0,0,0,0,0,0,0,9,5,53,0,1
2024,6,"59 degrees, relative humidity 61%, wind 10 mph",Seattle Seahawks,San Francisco 49ers,Kenneth Walker,SEA,Seattle Seahawks,away,36,24,UNK,14,19.444444444444446,0,0,0,0,0,0,14,32,1,8,8,37,0,0
2024,6,"59 degrees, relative humidity 61%, wind 10 mph",Seattle Seahawks,San Francisco 49ers,Noah Fant,SEA,Seattle Seahawks,away,36,24,TE,0,0.0,0,0,0,0,0,0,0,0,0,6,6,63,0,0
2024,6,"59 degrees, relative humidity 61%, wind 10 mph",Seattle Seahawks,San Francisco 49ers,Tyler Lockett,SEA,Seattle Seahawks,away,36,24,WR,0,0.0,0,0,0,0,0,0,0,0,0,8,4,65,1,0
2024,6,"59 degrees, relative humidity 61%, wind 10 mph",Seattle Seahawks,San Francisco 49ers,Zach Charbonnet,SEA,Seattle Seahawks,away,36,24,RB,5,6.944444444444445,0,0,0,0,0,0,5,20,0,1,1,15,0,0
2024,6,"59 degrees, relative humidity 61%, wind 10 mph",Seattle Seahawks,San Francisco 49ers,Brandon Aiyuk,SFO,Seattle Seahawks,away,36,24,WR,0,0.0,0,0,0,0,0,0,0,0,0,4,2,37,0,0
2024,6,"59 degrees, relative humidity 61%, wind 10 mph",Seattle Seahawks,San Francisco 49ers,Brock Purdy,SFO,Seattle Seahawks,away,36,24,QB,32,52.459016393442624,18,28,255,3,0,0,4,19,0,0,0,0,0,0
2024,6,"59 degrees, relative humidity 61%, wind 10 mph",Seattle Seahawks,San Francisco 49ers,Deebo Samuel,SFO,Seattle Seahawks,away,36,24,WR,4,6.557377049180328,0,0,0,0,0,0,4,15,0,5,3,102,1,0
2024,6,"59 degrees, relative humidity 61%, wind 10 mph",Seattle Seahawks,San Francisco 49ers,George Kittle,SFO,Seattle Seahawks,away,36,24,TE,0,0.0,0,0,0,0,0,0,0,0,0,6,5,58,2,0
2024,6,"59 degrees, relative humidity 61%, wind 10 mph",Seattle Seahawks,San Francisco 49ers,Isaac Guerendo,SFO,Seattle Seahawks,away,36,24,RB,10,16.39344262295082,0,0,0,0,0,0,10,99,0,0,0,0,0,0
2024,6,"59 degrees, relative humidity 61%, wind 10 mph",Seattle Seahawks,San Francisco 49ers,Jauan Jennings,SFO,Seattle Seahawks,away,36,24,WR,0,0.0,0,0,0,0,0,0,0,0,0,5,3,27,0,0
2024,6,"59 degrees, relative humidity 61%, wind 10 mph",Seattle Seahawks,San Francisco 49ers,Jordan Mason,SFO,Seattle Seahawks,away,36,24,RB,9,14.754098360655737,0,0,0,0,0,0,9,73,0,2,1,9,0,0
2024,6,"59 degrees, relative humidity 61%, wind 10 mph",Seattle Seahawks,San Francisco 49ers,Kyle Juszczyk,SFO,Seattle Seahawks,away,36,24,FB,1,1.639344262295082,0,0,0,0,0,0,1,6,1,4,3,10,0,0
2024,6,"59 degrees, relative humidity 61%, wind 10 mph",Seattle Seahawks,San Francisco 49ers,Patrick Taylor,SFO,Seattle Seahawks,away,36,24,RB,5,8.19672131147541,0,0,0,0,0,0,5,16,0,1,1,12,0,0
2024,6,,New Orleans Saints,Tampa Bay Buccaneers,Baker Mayfield,TAM,New Orleans Saints,away,51,27,QB,39,54.929577464788736,24,36,325,4,3,1,3,29,0,0,0,0,0,0
2024,6,,New Orleans Saints,Tampa Bay Buccaneers,Bucky Irving,TAM,New Orleans Saints,away,51,27,RB,14,19.718309859154928,0,0,0,0,0,0,14,81,1,2,2,24,0,0
2024,6,,New Orleans Saints,Tampa Bay Buccaneers,Cade Otton,TAM,New Orleans Saints,away,51,27,TE,0,0.0,0,0,0,0,0,0,0,0,0,6,2,15,1,0
2024,6,,New Orleans Saints,Tampa Bay Buccaneers,Chris Godwin,TAM,New Orleans Saints,away,51,27,WR,0,0.0,0,0,0,0,0,0,0,0,0,13,11,125,2,0
2024,6,,New Orleans Saints,Tampa Bay Buccaneers,Jalen McMillan,TAM,New Orleans Saints,away,51,27,WR,0,0.0,0,0,0,0,0,0,0,0,0,1,0,0,0,0
2024,6,,New Orleans Saints,Tampa Bay Buccaneers,Mike Evans,TAM,New Orleans Saints,away,51,27,WR,0,0.0,0,0,0,0,0,0,0,0,0,6,2,34,0,0
2024,6,,New Orleans Saints,Tampa Bay Buccaneers,Ryan Miller,TAM,New Orleans Saints,away,51,27,WR,0,0.0,0,0,0,0,0,0,0,0,0,1,1,39,0,0
2024,6,,New Orleans Saints,Tampa Bay Buccaneers,Sean Tucker,TAM,New Orleans Saints,away,51,27,RB,14,19.718309859154928,0,0,0,0,0,0,14,136,1,3,3,56,1,0
2024,6,,New Orleans Saints,Tampa Bay Buccaneers,Sterling Shepard,TAM,New Orleans Saints,away,51,27,WR,4,5.633802816901409,0,0,0,0,0,0,4,31,0,4,3,23,0,0
2024,6,,New Orleans Saints,Tampa Bay Buccaneers,Tristan Wirfs,TAM,New Orleans Saints,away,51,27,T,0,0.0,0,0,0,0,0,0,0,0,0,0,0,9,0,1
2024,6,"80 degrees, relative humidity 45%, wind 12 mph",Tennessee Titans,Indianapolis Colts,Calvin Ridley,TEN,Tennessee Titans,away,20,17,WR,1,1.8181818181818181,0,0,0,0,0,0,1,9,0,8,0,0,0,0
2024,6,"80 degrees, relative humidity 45%, wind 12 mph",Tennessee Titans,Indianapolis Colts,Chigoziem Okonkwo,TEN,Tennessee Titans,away,20,17,TE,0,0.0,0,0,0,0,0,0,0,0,0,3,3,6,0,1
2024,6,"80 degrees, relative humidity 45%, wind 12 mph",Tennessee Titans,Indianapolis Colts,DeAndre Hopkins,TEN,Tennessee Titans,away,20,17,WR,0,0.0,0,0,0,0,0,0,0,0,0,6,4,54,0,0
2024,6,"80 degrees, relative humidity 45%, wind 12 mph",Tennessee Titans,Indianapolis Colts,Josh Whyle,TEN,Tennessee Titans,away,20,17,TE,0,0.0,0,0,0,0,0,0,0,0,0,1,1,2,0,0
2024,6,"80 degrees, relative humidity 45%, wind 12 mph",Tennessee Titans,Indianapolis Colts,Julius Chestnut,TEN,Tennessee Titans,away,20,17,RB,1,1.8181818181818181,0,0,0,0,0,0,1,2,0,0,0,0,0,0
2024,6,"80 degrees, relative humidity 45%, wind 12 mph",Tennessee Titans,Indianapolis Colts,Nick Westbrook-Ikhine,TEN,Tennessee Titans,away,20,17,WR,0,0.0,0,0,0,0,0,0,0,0,0,2,1,9,1,0
2024,6,"80 degrees, relative humidity 45%, wind 12 mph",Tennessee Titans,Indianapolis Colts,Tony Pollard,TEN,Tennessee Titans,away,20,17,RB,17,30.909090909090907,0,0,0,0,0,0,17,93,1,3,3,-5,0,0
2024,6,"80 degrees, relative humidity 45%, wind 12 mph",Tennessee Titans,Indianapolis Colts,Treylon Burks,TEN,Tennessee Titans,away,20,17,WR,0,0.0,0,0,0,0,0,0,0,0,0,1,1,10,0,0
2024,6,"80 degrees, relative humidity 45%, wind 12 mph",Tennessee Titans,Indianapolis Colts,Tyjae Spears,TEN,Tennessee Titans,away,20,17,RB,6,10.909090909090908,0,0,0,0,0,0,6,27,0,0,0,0,0,0
2024,6,"80 degrees, relative humidity 45%, wind 12 mph",Tennessee Titans,Indianapolis Colts,Tyler Boyd,TEN,Tennessee Titans,away,20,17,WR,0,0.0,0,0,0,0,0,0,0,0,0,3,3,19,0,0
2024,6,"80 degrees, relative humidity 45%, wind 12 mph",Tennessee Titans,Indianapolis Colts,Will Levis,TEN,Tennessee Titans,away,20,17,QB,30,54.54545454545454,16,27,95,1,1,0,3,15,0,0,0,0,0,0
2024,6,"75 degrees, relative humidity 55%, wind 8 mph",Washington Commanders,Baltimore Ravens,Austin Ekeler,WAS,Washington Commanders,away,30,23,RB,9,16.9811320754717,0,0,0,0,0,0,9,21,0,5,4,47,0,0
2024,6,"75 degrees, relative humidity 55%, wind 8 mph",Washington Commanders,Baltimore Ravens,Dyami Brown,WAS,Washington Commanders,away,30,23,WR,0,0.0,0,0,0,0,0,0,0,0,0,1,1,11,0,0
2024,6,"75 degrees, relative humidity 55%, wind 8 mph",Washington Commanders,Baltimore Ravens,Jayden Daniels,WAS,Washington Commanders,away,30,23,QB,41,77.35849056603774,24,35,269,2,0,3,6,22,0,0,0,0,0,0
2024,6,"75 degrees, relative humidity 55%, wind 8 mph",Washington Commanders,Baltimore Ravens,Jeremy McNichols,WAS,Washington Commanders,away,30,23,RB,2,3.7735849056603774,0,0,0,0,0,0,2,9,0,0,0,0,0,0
2024,6,"75 degrees, relative humidity 55%, wind 8 mph",Washington Commanders,Baltimore Ravens,Luke McCaffrey,WAS,Washington Commanders,away,30,23,WR,0,0.0,0,0,0,0,0,0,0,0,0,1,1,5,0,0
2024,6,"75 degrees, relative humidity 55%, wind 8 mph",Washington Commanders,Baltimore Ravens,Noah Brown,WAS,Washington Commanders,away,30,23,WR,0,0.0,0,0,0,0,0,0,0,0,0,8,4,58,0,0
2024,6,"75 degrees, relative humidity 55%, wind 8 mph",Washington Commanders,Baltimore Ravens,Olamide Zaccheaus,WAS,Washington Commanders,away,30,23,WR,0,0.0,0,0,0,0,0,0,0,0,0,6,4,27,0,0
2024,6,"75 degrees, relative humidity 55%, wind 8 mph",Washington Commanders,Baltimore Ravens,Terry McLaurin,WAS,Washington Commanders,away,30,23,WR,1,1.8867924528301887,0,0,0,0,0,0,1,0,0,7,6,53,2,0
2024,6,"75 degrees, relative humidity 55%, wind 8 mph",Washington Commanders,Baltimore Ravens,Zach Ertz,WAS,Washington Commanders,away,30,23,TE,0,0.0,0,0,0,0,0,0,0,0,0,5,4,68,0,0
2024,7,,Los Angeles Chargers,Arizona Cardinals,Clayton Tune,ARI,Los Angeles Chargers,away,17,15,QB,3,5.454545454545454,0,0,0,0,0,0,3,2,0,0,0,0,0,0
2024,7,,Los Angeles Chargers,Arizona Cardinals,Elijah Higgins,ARI,Los Angeles Chargers,away,17,15,TE,0,0.0,0,0,0,0,0,0,0,0,0,1,1,1,0,0
2024,7,,Los Angeles Chargers,Arizona Cardinals,Emari Demercado,ARI,Los Angeles Chargers,away,17,15,RB,1,1.8181818181818181,0,0,0,0,0,0,1,14,0,0,0,0,0,0
2024,7,,Los Angeles Chargers,Arizona Cardinals,Greg Dortch,ARI,Los Angeles Chargers,away,17,15,WR,0,0.0,0,0,0,0,0,0,0,0,0,2,1,5,1,0
2024,7,,Los Angeles Chargers,Arizona Cardinals,James Conner,ARI,Los Angeles Chargers,away,17,15,RB,19,34.54545454545455,0,0,0,0,0,0,19,101,0,4,2,51,0,1
2024,7,,Los Angeles Chargers,Arizona Cardinals,Kyler Murray,ARI,Los Angeles Chargers,away,17,15,QB,32,58.18181818181818,14,26,145,1,1,0,6,64,1,0,0,0,0,0
2024,7,,Los Angeles Chargers,Arizona Cardinals,Marvin Harrison Jr.,ARI,Los Angeles Chargers,away,17,15,WR,0,0.0,0,0,0,0,0,0,0,0,0,6,3,21,0,0
2024,7,,Los Angeles Chargers,Arizona Cardinals,Michael Wilson,ARI,Los Angeles Chargers,away,17,15,WR,0,0.0,0,0,0,0,0,0,0,0,0,3,1,15,0,0
2024,7,,Los Angeles Chargers,Arizona Cardinals,Tip Reiman,ARI,Los Angeles Chargers,away,17,15,TE,0,0.0,0,0,0,0,0,0,0,0,0,1,1,1,0,0
2024,7,,Los Angeles Chargers,Arizona Cardinals,Trey McBride,ARI,Los Angeles Chargers,away,17,15,TE,0,0.0,0,0,0,0,0,0,0,0,0,7,5,51,0,0
2024,7,,Los Angeles Chargers,Arizona Cardinals,Zay Jones,ARI,Los Angeles Chargers,away,17,15,WR,0,0.0,0,0,0,0,0,0,0,0,0,1,0,0,0,0
2024,7,,Atlanta Falcons,Seattle Seahawks,Bijan Robinson,ATL,Atlanta Falcons,away,34,14,RB,21,30.88235294117647,0,0,0,0,0,0,21,103,1,5,3,40,0,0
2024,7,,Atlanta Falcons,Seattle Seahawks,Casey Washington,ATL,Atlanta Falcons,away,34,14,WR,0,0.0,0,0,0,0,0,0,0,0,0,1,1,14,0,0
2024,7,,Atlanta Falcons,Seattle Seahawks,Darnell Mooney,ATL,Atlanta Falcons,away,34,14,WR,0,0.0,0,0,0,0,0,0,0,0,0,8,5,46,0,0
2024,7,,Atlanta Falcons,Seattle Seahawks,Drake London,ATL,Atlanta Falcons,away,34,14,WR,0,0.0,0,0,0,0,0,0,0,0,0,8,6,63,1,0
2024,7,,Atlanta Falcons,Seattle Seahawks,Jase McClellan,ATL,Atlanta Falcons,away,34,14,RB,5,7.352941176470589,0,0,0,0,0,0,5,17,0,0,0,0,0,0
2024,7,,Atlanta Falcons,Seattle Seahawks,Kirk Cousins,ATL,Atlanta Falcons,away,34,14,QB,36,52.94117647058824,24,35,232,1,2,3,1,-1,0,0,0,0,0,1
2024,7,,Atlanta Falcons,Seattle Seahawks,Kyle Pitts,ATL,Atlanta Falcons,away,34,14,TE,0,0.0,0,0,0,0,0,0,0,0,0,9,7,65,0,0
2024,7,,Atlanta Falcons,Seattle Seahawks,Michael Penix,ATL,Atlanta Falcons,away,34,14,QB,1,1.4705882352941175,1,1,14,0,0,0,0,0,0,0,0,0,0,0
2024,7,,Atlanta Falcons,Seattle Seahawks,Ray-Ray McCloud,ATL,Atlanta Falcons,away,34,14,WR,0,0.0,0,0,0,0,0,0,0,0,0,4,2,9,0,0
2024,7,,Atlanta Falcons,Seattle Seahawks,Tyler Allgeier,ATL,Atlanta Falcons,away,34,14,RB,5,7.352941176470589,0,0,0,0,0,0,5,36,0,1,1,9,0,0
2024,7,"80 degrees, relative humidity 65%, wind 8 mph",Tampa Bay Buccaneers,Baltimore Ravens,Charlie Kolar,BAL,Tampa Bay Buccaneers,away,41,31,TE,0,0.0,0,0,0,0,0,0,0,0,0,1,1,14,0,0
2024,7,"80 degrees, relative humidity 65%, wind 8 mph",Tampa Bay Buccaneers,Baltimore Ravens,Derrick Henry,BAL,Tampa Bay Buccaneers,away,41,31,RB,15,28.846153846153843,0,0,0,0,0,0,15,169,0,1,1,13,1,0
2024,7,"80 degrees, relative humidity 65%, wind 8 mph",Tampa Bay Buccaneers,Baltimore Ravens,Isaiah Likely,BAL,Tampa Bay Buccaneers,away,41,31,TE,0,0.0,0,0,0,0,0,0,0,0,0,4,2,17,0,0
2024,7,"80 degrees, relative humidity 65%, wind 8 mph",Tampa Bay Buccaneers,Baltimore Ravens,Justice Hill,BAL,Tampa Bay Buccaneers,away,41,31,RB,5,9.615384615384617,0,0,0,0,0,0,5,4,0,3,3,44,1,0
2024,7,"80 degrees, relative humidity 65%, wind 8 mph",Tampa Bay Buccaneers,Baltimore Ravens,Lamar Jackson,BAL,Tampa Bay Buccaneers,away,41,31,QB,31,59.61538461538461,17,22,281,5,0,2,9,52,0,0,0,0,0,1
2024,7,"80 degrees, relative humidity 65%, wind 8 mph",Tampa Bay Buccaneers,Baltimore Ravens,Mark Andrews,BAL,Tampa Bay Buccaneers,away,41,31,TE,0,0.0,0,0,0,0,0,0,0,0,0,4,4,41,2,0
2024,7,"80 degrees, relative humidity 65%, wind 8 mph",Tampa Bay Buccaneers,Baltimore Ravens,Nelson Agholor,BAL,Tampa Bay Buccaneers,away,41,31,WR,0,0.0,0,0,0,0,0,0,0,0,0,2,1,20,0,0
2024,7,"80 degrees, relative humidity 65%, wind 8 mph",Tampa Bay Buccaneers,Baltimore Ravens,Patrick Ricard,BAL,Tampa Bay Buccaneers,away,41,31,FB,0,0.0,0,0,0,0,0,0,0,0,0,1,0,0,0,0
2024,7,"80 degrees, relative humidity 65%, wind 8 mph",Tampa Bay Buccaneers,Baltimore Ravens,Rashod Bateman,BAL,Tampa Bay Buccaneers,away,41,31,WR,0,0.0,0,0,0,0,0,0,0,0,0,4,4,121,1,0
2024,7,"80 degrees, relative humidity 65%, wind 8 mph",Tampa Bay Buccaneers,Baltimore Ravens,Zay Flowers,BAL,Tampa Bay Buccaneers,away,41,31,WR,1,1.9230769230769231,0,0,0,0,0,0,1,19,0,1,1,11,0,0
2024,7,"66 degrees, relative humidity 49%, wind 12 mph",Tennessee Titans,Buffalo Bills,Amari Cooper,BUF,Tennessee Titans,away,34,10,WR,0,0.0,0,0,0,0,0,0,0,0,0,5,4,66,1,0
2024,7,"66 degrees, relative humidity 49%, wind 12 mph",Tennessee Titans,Buffalo Bills,Curtis Samuel,BUF,Tennessee Titans,away,34,10,WR,0,0.0,0,0,0,0,0,0,0,0,0,1,0,0,0,0
2024,7,"66 degrees, relative humidity 49%, wind 12 mph",Tennessee Titans,Buffalo Bills,Dalton Kincaid,BUF,Tennessee Titans,away,34,10,TE,0,0.0,0,0,0,0,0,0,0,0,0,6,3,52,0,1
2024,7,"66 degrees, relative humidity 49%, wind 12 mph",Tennessee Titans,Buffalo Bills,Dawson Knox,BUF,Tennessee Titans,away,34,10,TE,0,0.0,0,0,0,0,0,0,0,0,0,3,1,5,0,0
2024,7,"66 degrees, relative humidity 49%, wind 12 mph",Tennessee Titans,Buffalo Bills,James Cook,BUF,Tennessee Titans,away,34,10,RB,12,22.641509433962266,0,0,0,0,0,0,12,32,1,0,0,0,0,0
2024,7,"66 degrees, relative humidity 49%, wind 12 mph",Tennessee Titans,Buffalo Bills,Josh Allen,BUF,Tennessee Titans,away,34,10,QB,36,67.9245283018868,21,33,323,2,0,1,3,1,0,0,0,0,0,0
2024,7,"66 degrees, relative humidity 49%, wind 12 mph",Tennessee Titans,Buffalo Bills,Keon Coleman,BUF,Tennessee Titans,away,34,10,WR,0,0.0,0,0,0,0,0,0,0,0,0,7,4,125,0,0
2024,7,"66 degrees, relative humidity 49%, wind 12 mph",Tennessee Titans,Buffalo Bills,Khalil Shakir,BUF,Tennessee Titans,away,34,10,WR,0,0.0,0,0,0,0,0,0,0,0,0,7,7,65,0,0
2024,7,"66 degrees, relative humidity 49%, wind 12 mph",Tennessee Titans,Buffalo Bills,Mack Hollins,BUF,Tennessee Titans,away,34,10,WR,0,0.0,0,0,0,0,0,0,0,0,0,1,0,0,0,0
2024,7,"66 degrees, relative humidity 49%, wind 12 mph",Tennessee Titans,Buffalo Bills,Ray Davis,BUF,Tennessee Titans,away,34,10,RB,5,9.433962264150944,0,0,0,0,0,0,5,41,1,1,1,6,0,0
2024,7,"66 degrees, relative humidity 49%, wind 12 mph",Tennessee Titans,Buffalo Bills,Ty Johnson,BUF,Tennessee Titans,away,34,10,RB,0,0.0,0,0,0,0,0,0,0,0,0,1,1,4,1,0
2024,7,"76 degrees, relative humidity 34%, wind 2 mph",Carolina Panthers,Washington Commanders,Andy Dalton,CAR,Carolina Panthers,away,40,7,QB,18,43.90243902439025,11,16,93,0,2,2,2,3,0,0,0,0,0,0
2024,7,"76 degrees, relative humidity 34%, wind 2 mph",Carolina Panthers,Washington Commanders,Bryce Young,CAR,Carolina Panthers,away,40,7,QB,2,4.878048780487805,2,2,-4,0,0,0,0,0,0,0,0,0,0,0
2024,7,"76 degrees, relative humidity 34%, wind 2 mph",Carolina Panthers,Washington Commanders,Chuba Hubbard,CAR,Carolina Panthers,away,40,7,RB,17,41.46341463414634,0,0,0,0,0,0,17,52,1,0,0,0,0,0
2024,7,"76 degrees, relative humidity 34%, wind 2 mph",Carolina Panthers,Washington Commanders,Diontae Johnson,CAR,Carolina Panthers,away,40,7,WR,0,0.0,0,0,0,0,0,0,0,0,0,3,1,17,0,0
2024,7,"76 degrees, relative humidity 34%, wind 2 mph",Carolina Panthers,Washington Commanders,Ian Thomas,CAR,Carolina Panthers,away,40,7,TE,0,0.0,0,0,0,0,0,0,0,0,0,2,2,4,0,0
2024,7,"76 degrees, relative humidity 34%, wind 2 mph",Carolina Panthers,Washington Commanders,Ja'Tavion Sanders,CAR,Carolina Panthers,away,40,7,TE,0,0.0,0,0,0,0,0,0,0,0,0,6,6,61,0,0
2024,7,"76 degrees, relative humidity 34%, wind 2 mph",Carolina Panthers,Washington Commanders,Jalen Coker,CAR,Carolina Panthers,away,40,7,WR,0,0.0,0,0,0,0,0,0,0,0,0,1,1,10,0,0
2024,7,"76 degrees, relative humidity 34%, wind 2 mph",Carolina Panthers,Washington Commanders,Miles Sanders,CAR,Carolina Panthers,away,40,7,RB,3,7.317073170731707,0,0,0,0,0,0,3,34,0,2,1,-6,0,0
2024,7,"76 degrees, relative humidity 34%, wind 2 mph",Carolina Panthers,Washington Commanders,Xavier Legette,CAR,Carolina Panthers,away,40,7,WR,1,2.4390243902439024,0,0,0,0,0,0,1,6,0,3,2,3,0,0
2024,7,"62 degrees, relative humidity 55%, wind 8 mph",Cleveland Browns,Cincinnati Bengals,Andrei Iosivas,CIN,Cleveland Browns,away,21,14,WR,0,0.0,0,0,0,0,0,0,0,0,0,1,0,0,0,0
2024,7,"62 degrees, relative humidity 55%, wind 8 mph",Cleveland Browns,Cincinnati Bengals,Chase Brown,CIN,Cleveland Browns,away,21,14,RB,15,30.0,0,0,0,0,0,0,15,44,0,2,2,9,0,0
2024,7,"62 degrees, relative humidity 55%, wind 8 mph",Cleveland Browns,Cincinnati Bengals,Drew Sample,CIN,Cleveland Browns,away,21,14,TE,0,0.0,0,0,0,0,0,0,0,0,0,1,0,0,0,0
2024,7,"62 degrees, relative humidity 55%, wind 8 mph",Cleveland Browns,Cincinnati Bengals,Erick All,CIN,Cleveland Browns,away,21,14,TE,0,0.0,0,0,0,0,0,0,0,0,0,1,0,0,0,0
2024,7,"62 degrees, relative humidity 55%, wind 8 mph",Cleveland Browns,Cincinnati Bengals,Ja'Marr Chase,CIN,Cleveland Browns,away,21,14,WR,1,2.0,0,0,0,0,0,0,1,11,0,6,5,55,1,0
2024,7,"62 degrees, relative humidity 55%, wind 8 mph",Cleveland Browns,Cincinnati Bengals,Joe Burrow,CIN,Cleveland Browns,away,21,14,QB,28,56.00000000000001,15,25,181,2,0,3,3,-3,0,0,0,0,0,0
2024,7,"62 degrees, relative humidity 55%, wind 8 mph",Cleveland Browns,Cincinnati Bengals,Mike Gesicki,CIN,Cleveland Browns,away,21,14,TE,0,0.0,0,0,0,0,0,0,0,0,0,1,1,2,0,0
2024,7,"62 degrees, relative humidity 55%, wind 8 mph",Cleveland Browns,Cincinnati Bengals,Tanner Hudson,CIN,Cleveland Browns,away,21,14,TE,0,0.0,0,0,0,0,0,0,0,0,0,1,0,0,0,0
2024,7,"62 degrees, relative humidity 55%, wind 8 mph",Cleveland Browns,Cincinnati Bengals,Tee Higgins,CIN,Cleveland Browns,away,21,14,WR,0,0.0,0,0,0,0,0,0,0,0,0,8,4,82,1,0
2024,7,"62 degrees, relative humidity 55%, wind 8 mph",Cleveland Browns,Cincinnati Bengals,Zack Moss,CIN,Cleveland Browns,away,21,14,RB,6,12.0,0,0,0,0,0,0,6,7,0,3,3,33,0,0
2024,7,"62 degrees, relative humidity 55%, wind 8 mph",Cleveland Browns,Cincinnati Bengals,Cedric Tillman,CLE,Cleveland Browns,away,21,14,WR,0,0.0,0,0,0,0,0,0,0,0,0,12,8,81,0,0
2024,7,"62 degrees, relative humidity 55%, wind 8 mph",Cleveland Browns,Cincinnati Bengals,D'Onta Foreman,CLE,Cleveland Browns,away,21,14,RB,2,2.73972602739726,0,0,0,0,0,0,2,5,0,0,0,0,0,0
2024,7,"62 degrees, relative humidity 55%, wind 8 mph",Cleveland Browns,Cincinnati Bengals,David Njoku,CLE,Cleveland Browns,away,21,14,TE,0,0.0,0,0,0,0,0,0,0,0,0,14,10,76,1,0
2024,7,"62 degrees, relative humidity 55%, wind 8 mph",Cleveland Browns,Cincinnati Bengals,Deshaun Watson,CLE,Cleveland Browns,away,21,14,QB,19,26.027397260273972,15,17,128,0,0,2,2,0,0,0,0,0,0,0
2024,7,"62 degrees, relative humidity 55%, wind 8 mph",Cleveland Browns,Cincinnati Bengals,Dorian Thompson-Robinson,CLE,Cleveland Browns,away,21,14,QB,27,36.986301369863014,11,24,82,0,2,1,3,44,0,0,0,0,0,1
2024,7,"62 degrees, relative humidity 55%, wind 8 mph",Cleveland Browns,Cincinnati Bengals,Elijah Moore,CLE,Cleveland Browns,away,21,14,WR,0,0.0,0,0,0,0,0,0,0,0,0,6,6,41,0,0
2024,7,"62 degrees, relative humidity 55%, wind 8 mph",Cleveland Browns,Cincinnati Bengals,Jameis Winston,CLE,Cleveland Browns,away,21,14,QB,11,15.068493150684931,5,11,67,1,0,1,0,0,0,0,0,0,0,0
2024,7,"62 degrees, relative humidity 55%, wind 8 mph",Cleveland Browns,Cincinnati Bengals,Jerry Jeudy,CLE,Cleveland Browns,away,21,14,WR,0,0.0,0,0,0,0,0,0,0,0,0,6,1,18,0,0
2024,7,"62 degrees, relative humidity 55%, wind 8 mph",Cleveland Browns,Cincinnati Bengals,Jordan Akins,CLE,Cleveland Browns,away,21,14,TE,0,0.0,0,0,0,0,0,0,0,0,0,4,4,42,0,0
2024,7,"62 degrees, relative humidity 55%, wind 8 mph",Cleveland Browns,Cincinnati Bengals,Nick Chubb,CLE,Cleveland Browns,away,21,14,RB,11,15.068493150684931,0,0,0,0,0,0,11,22,1,3,1,10,0,0
2024,7,"62 degrees, relative humidity 55%, wind 8 mph",Cleveland Browns,Cincinnati Bengals,Pierre Strong,CLE,Cleveland Browns,away,21,14,RB,3,4.10958904109589,0,0,0,0,0,0,3,6,0,3,1,9,0,0
2024,7,,New Orleans Saints,Denver Broncos,Adam Trautman,DEN,New Orleans Saints,away,33,10,TE,0,0.0,0,0,0,0,0,0,0,0,0,3,0,0,0,0
2024,7,,New Orleans Saints,Denver Broncos,Audric Estime,DEN,New Orleans Saints,away,33,10,RB,5,8.19672131147541,0,0,0,0,0,0,5,29,0,0,0,0,0,1
2024,7,,New Orleans Saints,Denver Broncos,Bo Nix,DEN,New Orleans Saints,away,33,10,QB,36,59.01639344262295,16,26,164,0,0,0,10,75,0,0,0,0,0,0
2024,7,,New Orleans Saints,Denver Broncos,Devaughn Vele,DEN,New Orleans Saints,away,33,10,WR,0,0.0,0,0,0,0,0,0,0,0,0,3,1,20,0,0
2024,7,,New Orleans Saints,Denver Broncos,Jaleel McLaughlin,DEN,New Orleans Saints,away,33,10,RB,4,6.557377049180328,0,0,0,0,0,0,4,35,0,0,0,0,0,0
2024,7,,New Orleans Saints,Denver Broncos,Jarrett Stidham,DEN,New Orleans Saints,away,33,10,QB,2,3.278688524590164,0,0,0,0,0,0,2,-2,0,0,0,0,0,0
2024,7,,New Orleans Saints,Denver Broncos,Javonte Williams,DEN,New Orleans Saints,away,33,10,RB,14,22.950819672131146,0,0,0,0,0,0,14,88,2,3,3,23,0,0
2024,7,,New Orleans Saints,Denver Broncos,Lil'Jordan Humphrey,DEN,New Orleans Saints,away,33,10,WR,0,0.0,0,0,0,0,0,0,0,0,0,3,2,12,0,0
2024,7,,New Orleans Saints,Denver Broncos,Lucas Krull,DEN,New Orleans Saints,away,33,10,TE,0,0.0,0,0,0,0,0,0,0,0,0,4,3,41,0,0
2024,7,,New Orleans Saints,Denver Broncos,Marvin Mims,DEN,New Orleans Saints,away,33,10,WR,0,0.0,0,0,0,0,0,0,0,0,0,3,2,18,0,0
2024,7,,New Orleans Saints,Denver Broncos,Troy Franklin,DEN,New Orleans Saints,away,33,10,WR,0,0.0,0,0,0,0,0,0,0,0,0,6,5,50,0,0
2024,7,,Minnesota Vikings,Detroit Lions,Amon-Ra St. Brown,DET,Minnesota Vikings,away,31,29,WR,0,0.0,0,0,0,0,0,0,0,0,0,8,8,112,1,0
2024,7,,Minnesota Vikings,Detroit Lions,David Montgomery,DET,Minnesota Vikings,away,31,29,RB,9,17.307692307692307,0,0,0,0,0,0,9,31,0,4,3,39,0,1
2024,7,,Minnesota Vikings,Detroit Lions,Jahmyr Gibbs,DET,Minnesota Vikings,away,31,29,RB,15,28.846153846153843,0,0,0,0,0,0,15,116,2,4,4,44,0,0
2024,7,,Minnesota Vikings,Detroit Lions,Jalen Reeves-Maybin,DET,Minnesota Vikings,away,31,29,LB,1,1.9230769230769231,0,0,0,0,0,0,1,1,0,0,0,0,0,0
2024,7,,Minnesota Vikings,Detroit Lions,Jameson Williams,DET,Minnesota Vikings,away,31,29,WR,0,0.0,0,0,0,0,0,0,0,0,0,1,1,-4,0,0
2024,7,,Minnesota Vikings,Detroit Lions,Jared Goff,DET,Minnesota Vikings,away,31,29,QB,27,51.92307692307693,22,25,280,2,0,4,2,-4,0,0,0,0,0,2
2024,7,,Minnesota Vikings,Detroit Lions,Kalif Raymond,DET,Minnesota Vikings,away,31,29,WR,0,0.0,0,0,0,0,0,0,0,0,0,4,3,39,1,0
2024,7,,Minnesota Vikings,Detroit Lions,Sam LaPorta,DET,Minnesota Vikings,away,31,29,TE,0,0.0,0,0,0,0,0,0,0,0,0,2,1,25,0,0
2024,7,,Minnesota Vikings,Detroit Lions,Tim Patrick,DET,Minnesota Vikings,away,31,29,WR,0,0.0,0,0,0,0,0,0,0,0,0,2,2,25,0,0
2024,7,"72 degrees, relative humidity 28%, wind 3 mph",Houston Texans,Green Bay Packers,Ben Sims,GNB,Houston Texans,away,24,22,TE,0,0.0,0,0,0,0,0,0,0,0,0,1,1,2,0,0
2024,7,"72 degrees, relative humidity 28%, wind 3 mph",Houston Texans,Green Bay Packers,Bo Melton,GNB,Houston Texans,away,24,22,WR,1,1.8867924528301887,0,0,0,0,0,0,1,-1,0,1,1,8,0,0
2024,7,"72 degrees, relative humidity 28%, wind 3 mph",Houston Texans,Green Bay Packers,Christian Watson,GNB,Houston Texans,away,24,22,WR,1,1.8867924528301887,0,0,0,0,0,0,1,-4,0,2,1,9,0,0
2024,7,"72 degrees, relative humidity 28%, wind 3 mph",Houston Texans,Green Bay Packers,Dontayvion Wicks,GNB,Houston Texans,away,24,22,WR,0,0.0,0,0,0,0,0,0,0,0,0,6,3,48,1,0
2024,7,"72 degrees, relative humidity 28%, wind 3 mph",Houston Texans,Green Bay Packers,Emanuel Wilson,GNB,Houston Texans,away,24,22,RB,5,9.433962264150944,0,0,0,0,0,0,5,11,0,0,0,0,0,0
2024,7,"72 degrees, relative humidity 28%, wind 3 mph",Houston Texans,Green Bay Packers,Jayden Reed,GNB,Houston Texans,away,24,22,WR,1,1.8867924528301887,0,0,0,0,0,0,1,0,0,4,2,10,0,0
2024,7,"72 degrees, relative humidity 28%, wind 3 mph",Houston Texans,Green Bay Packers,Jordan Love,GNB,Houston Texans,away,24,22,QB,33,62.264150943396224,24,33,220,3,2,3,0,0,0,0,0,0,0,0
2024,7,"72 degrees, relative humidity 28%, wind 3 mph",Houston Texans,Green Bay Packers,Josh Jacobs,GNB,Houston Texans,away,24,22,RB,12,22.641509433962266,0,0,0,0,0,0,12,76,0,5,5,16,1,0
2024,7,"72 degrees, relative humidity 28%, wind 3 mph",Houston Texans,Green Bay Packers,Romeo Doubs,GNB,Houston Texans,away,24,22,WR,0,0.0,0,0,0,0,0,0,0,0,0,10,8,94,0,0
2024,7,"72 degrees, relative humidity 28%, wind 3 mph",Houston Texans,Green Bay Packers,Tucker Kraft,GNB,Houston Texans,away,24,22,TE,0,0.0,0,0,0,0,0,0,0,0,0,4,3,33,1,0
2024,7,"72 degrees, relative humidity 28%, wind 3 mph",Houston Texans,Green Bay Packers,C.J. Stroud,HOU,Houston Texans,away,24,22,QB,26,48.148148148148145,10,21,86,0,0,4,5,19,0,0,0,0,0,0
2024,7,"72 degrees, relative humidity 28%, wind 3 mph",Houston Texans,Green Bay Packers,Cade Stover,HOU,Houston Texans,away,24,22,TE,0,0.0,0,0,0,0,0,0,0,0,0,1,1,15,0,0
2024,7,"72 degrees, relative humidity 28%, wind 3 mph",Houston Texans,Green Bay Packers,Dalton Schultz,HOU,Houston Texans,away,24,22,TE,0,0.0,0,0,0,0,0,0,0,0,0,2,1,28,0,0
2024,7,"72 degrees, relative humidity 28%, wind 3 mph",Houston Texans,Green Bay Packers,Dameon Pierce,HOU,Houston Texans,away,24,22,RB,2,3.7037037037037033,0,0,0,0,0,0,2,2,0,0,0,0,0,0
2024,7,"72 degrees, relative humidity 28%, wind 3 mph",Houston Texans,Green Bay Packers,Dare Ogunbowale,HOU,Houston Texans,away,24,22,RB,1,1.8518518518518516,0,0,0,0,0,0,1,6,0,1,0,0,0,0
2024,7,"72 degrees, relative humidity 28%, wind 3 mph",Houston Texans,Green Bay Packers,Joe Mixon,HOU,Houston Texans,away,24,22,RB,25,46.2962962962963,0,0,0,0,0,0,25,115,2,3,2,9,0,0
2024,7,"72 degrees, relative humidity 28%, wind 3 mph",Houston Texans,Green Bay Packers,Stefon Diggs,HOU,Houston Texans,away,24,22,WR,0,0.0,0,0,0,0,0,0,0,0,0,7,5,23,0,0
2024,7,"72 degrees, relative humidity 28%, wind 3 mph",Houston Texans,Green Bay Packers,Tank Dell,HOU,Houston Texans,away,24,22,WR,0,0.0,0,0,0,0,0,0,0,0,0,4,0,0,0,0
2024,7,"72 degrees, relative humidity 28%, wind 3 mph",Houston Texans,Green Bay Packers,Xavier Hutchinson,HOU,Houston Texans,away,24,22,WR,0,0.0,0,0,0,0,0,0,0,0,0,1,1,11,0,0
2024,7,,Miami Dolphins,Indianapolis Colts,Adonai Mitchell,IND,Miami Dolphins,away,16,10,WR,0,0.0,0,0,0,0,0,0,0,0,0,3,2,30,0,0
2024,7,,Miami Dolphins,Indianapolis Colts,Alec Pierce,IND,Miami Dolphins,away,16,10,WR,0,0.0,0,0,0,0,0,0,0,0,0,5,2,15,0,0
2024,7,,Miami Dolphins,Indianapolis Colts,Andrew Ogletree,IND,Miami Dolphins,away,16,10,TE,0,0.0,0,0,0,0,0,0,0,0,0,1,0,0,0,0
2024,7,,Miami Dolphins,Indianapolis Colts,Anthony Richardson,IND,Miami Dolphins,away,16,10,QB,38,62.295081967213115,10,24,129,0,0,0,14,56,0,0,0,0,0,1
2024,7,,Miami Dolphins,Indianapolis Colts,Ashton Dulin,IND,Miami Dolphins,away,16,10,WR,1,1.639344262295082,0,0,0,0,0,0,1,12,0,0,0,0,0,0
2024,7,,Miami Dolphins,Indianapolis Colts,Josh Downs,IND,Miami Dolphins,away,16,10,WR,0,0.0,0,0,0,0,0,0,0,0,0,3,1,3,0,0
2024,7,,Miami Dolphins,Indianapolis Colts,Kylen Granson,IND,Miami Dolphins,away,16,10,TE,0,0.0,0,0,0,0,0,0,0,0,0,2,0,0,0,0
2024,7,,Miami Dolphins,Indianapolis Colts,Michael Pittman Jr.,IND,Miami Dolphins,away,16,10,WR,0,0.0,0,0,0,0,0,0,0,0,0,5,3,63,0,0
2024,7,,Miami Dolphins,Indianapolis Colts,Mo Alie-Cox,IND,Miami Dolphins,away,16,10,TE,0,0.0,0,0,0,0,0,0,0,0,0,1,0,0,0,0
2024,7,,Miami Dolphins,Indianapolis Colts,Trey Sermon,IND,Miami Dolphins,away,16,10,RB,8,13.114754098360656,0,0,0,0,0,0,8,36,0,1,1,13,0,0
2024,7,,Miami Dolphins,Indianapolis Colts,Tyler Goodson,IND,Miami Dolphins,away,16,10,RB,14,22.950819672131146,0,0,0,0,0,0,14,51,1,0,0,0,0,0
2024,7,,Miami Dolphins,Indianapolis Colts,Will Mallory,IND,Miami Dolphins,away,16,10,TE,0,0.0,0,0,0,0,0,0,0,0,0,1,1,5,0,0
2024,7,"63 degrees, relative humidity 92%, wind 12 mph",New England Patriots,Jacksonville Jaguars,Brian Thomas,JAX,New England Patriots,away,32,16,WR,2,3.389830508474576,0,0,0,0,0,0,2,2,0,5,5,89,1,0
2024,7,"63 degrees, relative humidity 92%, wind 12 mph",New England Patriots,Jacksonville Jaguars,Christian Kirk,JAX,New England Patriots,away,32,16,WR,0,0.0,0,0,0,0,0,0,0,0,0,3,1,24,0,0
2024,7,"63 degrees, relative humidity 92%, wind 12 mph",New England Patriots,Jacksonville Jaguars,D'Ernest Johnson,JAX,New England Patriots,away,32,16,RB,9,15.254237288135593,0,0,0,0,0,0,9,38,0,4,3,32,0,0
2024,7,"63 degrees, relative humidity 92%, wind 12 mph",New England Patriots,Jacksonville Jaguars,Evan Engram,JAX,New England Patriots,away,32,16,TE,0,0.0,0,0,0,0,0,0,0,0,0,5,5,35,0,0
2024,7,"63 degrees, relative humidity 92%, wind 12 mph",New England Patriots,Jacksonville Jaguars,Gabriel Davis,JAX,New England Patriots,away,32,16,WR,0,0.0,0,0,0,0,0,0,0,0,0,2,1,13,0,0
2024,7,"63 degrees, relative humidity 92%, wind 12 mph",New England Patriots,Jacksonville Jaguars,Tank Bigsby,JAX,New England Patriots,away,32,16,RB,26,44.06779661016949,0,0,0,0,0,0,26,118,2,1,0,0,0,0
2024,7,"63 degrees, relative humidity 92%, wind 12 mph",New England Patriots,Jacksonville Jaguars,Trevor Lawrence,JAX,New England Patriots,away,32,16,QB,22,37.28813559322034,15,20,193,1,0,0,2,13,0,0,0,0,0,0
2024,7,"78 degrees, relative humidity 24%, wind 3 mph",San Francisco 49ers,Kansas City Chiefs,Carson Steele,KAN,San Francisco 49ers,away,28,18,RB,6,9.090909090909092,0,0,0,0,0,0,6,17,0,0,0,0,0,0
2024,7,"78 degrees, relative humidity 24%, wind 3 mph",San Francisco 49ers,Kansas City Chiefs,Jaden Hicks,KAN,San Francisco 49ers,away,28,18,SS,1,1.5151515151515151,0,0,0,0,0,0,1,1,0,0,0,0,0,0
2024,7,"78 degrees, relative humidity 24%, wind 3 mph",San Francisco 49ers,Kansas City Chiefs,Jody Fortson,KAN,San Francisco 49ers,away,28,18,TE,0,0.0,0,0,0,0,0,0,0,0,0,1,0,0,0,0
2024,7,"78 degrees, relative humidity 24%, wind 3 mph",San Francisco 49ers,Kansas City Chiefs,Justin Watson,KAN,San Francisco 49ers,away,28,18,WR,0,0.0,0,0,0,0,0,0,0,0,0,1,1,8,0,0
2024,7,"78 degrees, relative humidity 24%, wind 3 mph",San Francisco 49ers,Kansas City Chiefs,Kareem Hunt,KAN,San Francisco 49ers,away,28,18,RB,22,33.33333333333333,0,0,0,0,0,0,22,78,2,2,2,5,0,0
2024,7,"78 degrees, relative humidity 24%, wind 3 mph",San Francisco 49ers,Kansas City Chiefs,Mecole Hardman,KAN,San Francisco 49ers,away,28,18,WR,2,3.0303030303030303,0,0,0,0,0,0,2,38,1,2,1,17,0,0
2024,7,"78 degrees, relative humidity 24%, wind 3 mph",San Francisco 49ers,Kansas City Chiefs,Noah Gray,KAN,San Francisco 49ers,away,28,18,TE,0,0.0,0,0,0,0,0,0,0,0,0,4,4,66,0,0
2024,7,"78 degrees, relative humidity 24%, wind 3 mph",San Francisco 49ers,Kansas City Chiefs,Patrick Mahomes,KAN,San Francisco 49ers,away,28,18,QB,32,48.484848484848484,16,27,154,0,2,2,5,39,1,0,0,0,0,0
2024,7,"78 degrees, relative humidity 24%, wind 3 mph",San Francisco 49ers,Kansas City Chiefs,Samaje Perine,KAN,San Francisco 49ers,away,28,18,RB,2,3.0303030303030303,0,0,0,0,0,0,2,6,0,1,1,22,0,0
2024,7,"78 degrees, relative humidity 24%, wind 3 mph",San Francisco 49ers,Kansas City Chiefs,Skyy Moore,KAN,San Francisco 49ers,away,28,18,WR,0,0.0,0,0,0,0,0,0,0,0,0,1,0,0,0,0
2024,7,"78 degrees, relative humidity 24%, wind 3 mph",San Francisco 49ers,Kansas City Chiefs,Travis Kelce,KAN,San Francisco 49ers,away,28,18,TE,0,0.0,0,0,0,0,0,0,0,0,0,5,4,17,0,0
2024,7,"78 degrees, relative humidity 24%, wind 3 mph",San Francisco 49ers,Kansas City Chiefs,Xavier Worthy,KAN,San Francisco 49ers,away,28,18,WR,1,1.5151515151515151,0,0,0,0,0,0,1,5,0,8,3,19,0,0
2024,7,,Los Angeles Chargers,Arizona Cardinals,Eric Tomlinson,LAC,Los Angeles Chargers,away,17,15,TE,0,0.0,0,0,0,0,0,0,0,0,0,1,1,7,0,0
2024,7,,Los Angeles Chargers,Arizona Cardinals,Hassan Haskins,LAC,Los Angeles Chargers,away,17,15,RB,2,3.278688524590164,0,0,0,0,0,0,2,2,0,0,0,0,0,0
2024,7,,Los Angeles Chargers,Arizona Cardinals,J.K. Dobbins,LAC,Los Angeles Chargers,away,17,15,RB,14,22.950819672131146,0,0,0,0,0,0,14,40,0,3,3,26,0,0
2024,7,,Los Angeles Chargers,Arizona Cardinals,Jalen Reagor,LAC,Los Angeles Chargers,away,17,15,WR,1,1.639344262295082,0,0,0,0,0,0,1,-1,0,1,1,41,0,1
2024,7,,Los Angeles Chargers,Arizona Cardinals,Josh Palmer,LAC,Los Angeles Chargers,away,17,15,WR,0,0.0,0,0,0,0,0,0,0,0,0,5,4,63,0,0
2024,7,,Los Angeles Chargers,Arizona Cardinals,Justin Herbert,LAC,Los Angeles Chargers,away,17,15,QB,41,67.21311475409836,27,39,349,0,0,3,2,8,0,0,0,0,0,0
2024,7,,Los Angeles Chargers,Arizona Cardinals,Kimani Vidal,LAC,Los Angeles Chargers,away,17,15,RB,3,4.918032786885246,0,0,0,0,0,0,3,10,0,1,1,9,0,0
2024,7,,Los Angeles Chargers,Arizona Cardinals,Ladd McConkey,LAC,Los Angeles Chargers,away,17,15,WR,0,0.0,0,0,0,0,0,0,0,0,0,7,5,46,0,1
2024,7,,Los Angeles Chargers,Arizona Cardinals,Simi Fehoko,LAC,Los Angeles Chargers,away,17,15,WR,0,0.0,0,0,0,0,0,0,0,0,0,6,3,45,0,0
2024,7,,Los Angeles Chargers,Arizona Cardinals,Stone Smartt,LAC,Los Angeles Chargers,away,17,15,TE,0,0.0,0,0,0,0,0,0,0,0,0,2,1,31,0,0
2024,7,,Los Angeles Chargers,Arizona Cardinals,Will Dissly,LAC,Los Angeles Chargers,away,17,15,TE,0,0.0,0,0,0,0,0,0,0,0,0,11,8,81,0,0
2024,7,,Las Vegas Raiders,Los Angeles Rams,Blake Corum,LAR,Las Vegas Raiders,away,20,15,RB,3,5.88235294117647,0,0,0,0,0,0,3,11,0,0,0,0,0,0
2024,7,,Las Vegas Raiders,Los Angeles Rams,Colby Parkinson,LAR,Las Vegas Raiders,away,20,15,TE,0,0.0,0,0,0,0,0,0,0,0,0,2,2,32,0,0
2024,7,,Las Vegas Raiders,Los Angeles Rams,Demarcus Robinson,LAR,Las Vegas Raiders,away,20,15,WR,0,0.0,0,0,0,0,0,0,0,0,0,3,1,9,0,0
2024,7,,Las Vegas Raiders,Los Angeles Rams,Hunter Long,LAR,Las Vegas Raiders,away,20,15,TE,0,0.0,0,0,0,0,0,0,0,0,0,1,1,5,0,0
2024,7,,Las Vegas Raiders,Los Angeles Rams,Kyren Williams,LAR,Las Vegas Raiders,away,20,15,RB,21,41.17647058823529,0,0,0,0,0,0,21,76,2,0,0,0,0,0
2024,7,,Las Vegas Raiders,Los Angeles Rams,Matthew Stafford,LAR,Las Vegas Raiders,away,20,15,QB,25,49.01960784313725,14,23,154,0,1,1,2,-2,0,0,0,0,0,0
2024,7,,Las Vegas Raiders,Los Angeles Rams,Tutu Atwell,LAR,Las Vegas Raiders,away,20,15,WR,0,0.0,0,0,0,0,0,0,0,0,0,9,6,51,0,0
2024,7,,Las Vegas Raiders,Los Angeles Rams,Tyler Johnson,LAR,Las Vegas Raiders,away,20,15,WR,0,0.0,0,0,0,0,0,0,0,0,0,7,4,57,0,0
2024,7,,Las Vegas Raiders,Los Angeles Rams,Xavier Smith,LAR,Las Vegas Raiders,away,20,15,WR,2,3.9215686274509802,0,0,0,0,0,0,2,30,0,0,0,0,0,0
2024,7,,Las Vegas Raiders,Los Angeles Rams,Aidan O'Connell,LVR,Las Vegas Raiders,away,20,15,QB,10,13.698630136986301,6,10,52,0,0,0,0,0,0,0,0,0,0,0
2024,7,,Las Vegas Raiders,Los Angeles Rams,Alexander Mattison,LVR,Las Vegas Raiders,away,20,15,RB,23,31.506849315068493,0,0,0,0,0,0,23,92,0,3,3,31,0,0
2024,7,,Las Vegas Raiders,Los Angeles Rams,Brock Bowers,LVR,Las Vegas Raiders,away,20,15,TE,0,0.0,0,0,0,0,0,0,0,0,0,14,10,93,0,0
2024,7,,Las Vegas Raiders,Los Angeles Rams,DJ Turner,LVR,Las Vegas Raiders,away,20,15,WR,1,1.36986301369863,0,0,0,0,0,0,1,4,0,7,2,13,0,0
2024,7,,Las Vegas Raiders,Los Angeles Rams,Gardner Minshew,LVR,Las Vegas Raiders,away,20,15,UNK,35,47.94520547945205,15,34,154,0,3,2,1,2,0,0,0,0,0,1
2024,7,,Las Vegas Raiders,Los Angeles Rams,Harrison Bryant,LVR,Las Vegas Raiders,away,20,15,TE,0,0.0,0,0,0,0,0,0,0,0,0,2,2,19,0,0
2024,7,,Las Vegas Raiders,Los Angeles Rams,Tre Tucker,LVR,Las Vegas Raiders,away,20,15,WR,1,1.36986301369863,0,0,0,0,0,0,1,11,0,8,3,36,0,0
2024,7,,Las Vegas Raiders,Los Angeles Rams,Zamir White,LVR,Las Vegas Raiders,away,20,15,RB,3,4.10958904109589,0,0,0,0,0,0,3,13,0,1,1,14,0,0
2024,7,,Miami Dolphins,Indianapolis Colts,Alec Ingold,MIA,Miami Dolphins,away,16,10,FB,2,3.0303030303030303,0,0,0,0,0,0,2,-1,0,1,1,25,0,1
2024,7,,Miami Dolphins,Indianapolis Colts,De'Von Achane,MIA,Miami Dolphins,away,16,10,RB,15,22.727272727272727,0,0,0,0,0,0,15,77,0,3,2,8,0,0
2024,7,,Miami Dolphins,Indianapolis Colts,Jaylen Waddle,MIA,Miami Dolphins,away,16,10,WR,0,0.0,0,0,0,0,0,0,0,0,0,2,1,11,0,0
2024,7,,Miami Dolphins,Indianapolis Colts,Jaylen Wright,MIA,Miami Dolphins,away,16,10,RB,5,7.575757575757576,0,0,0,0,0,0,5,33,0,0,0,0,0,0
2024,7,,Miami Dolphins,Indianapolis Colts,Jonnu Smith,MIA,Miami Dolphins,away,16,10,TE,0,0.0,0,0,0,0,0,0,0,0,0,7,7,96,1,0
2024,7,,Miami Dolphins,Indianapolis Colts,Julian Hill,MIA,Miami Dolphins,away,16,10,TE,0,0.0,0,0,0,0,0,0,0,0,0,2,1,4,0,0
2024,7,,Miami Dolphins,Indianapolis Colts,Malik Washington,MIA,Miami Dolphins,away,16,10,WR,0,0.0,0,0,0,0,0,0,0,0,0,3,2,9,0,0
2024,7,,Miami Dolphins,Indianapolis Colts,Odell Beckham Jr.,MIA,Miami Dolphins,away,16,10,WR,0,0.0,0,0,0,0,0,0,0,0,0,2,0,0,0,0
2024,7,,Miami Dolphins,Indianapolis Colts,Raheem Mostert,MIA,Miami Dolphins,away,16,10,RB,11,16.666666666666664,0,0,0,0,0,0,11,50,0,0,0,0,0,1
2024,7,,Miami Dolphins,Indianapolis Colts,Tim Boyle,MIA,Miami Dolphins,away,16,10,QB,14,21.21212121212121,8,13,74,0,0,0,1,4,0,0,0,0,0,0
2024,7,,Miami Dolphins,Indianapolis Colts,Tyler Huntley,MIA,Miami Dolphins,away,16,10,QB,18,27.27272727272727,7,13,87,1,0,2,5,20,0,0,0,0,0,0
2024,7,,Miami Dolphins,Indianapolis Colts,Tyreek Hill,MIA,Miami Dolphins,away,16,10,WR,1,1.5151515151515151,0,0,0,0,0,0,1,5,0,2,1,8,0,0
2024,7,,Minnesota Vikings,Detroit Lions,Aaron Jones,MIN,Minnesota Vikings,away,31,29,RB,14,29.166666666666668,0,0,0,0,0,0,14,93,1,3,3,23,0,0
2024,7,,Minnesota Vikings,Detroit Lions,Jalen Nailor,MIN,Minnesota Vikings,away,31,29,WR,0,0.0,0,0,0,0,0,0,0,0,0,5,4,76,0,0
2024,7,,Minnesota Vikings,Detroit Lions,Johnny Mundt,MIN,Minnesota Vikings,away,31,29,TE,0,0.0,0,0,0,0,0,0,0,0,0,5,4,8,0,0
2024,7,,Minnesota Vikings,Detroit Lions,Jordan Addison,MIN,Minnesota Vikings,away,31,29,WR,0,0.0,0,0,0,0,0,0,0,0,0,4,3,66,0,0
2024,7,,Minnesota Vikings,Detroit Lions,Josh Oliver,MIN,Minnesota Vikings,away,31,29,TE,0,0.0,0,0,0,0,0,0,0,0,0,1,1,5,0,0
2024,7,,Minnesota Vikings,Detroit Lions,Justin Jefferson,MIN,Minnesota Vikings,away,31,29,WR,1,2.083333333333333,0,0,0,0,0,0,1,3,0,8,7,81,1,0
2024,7,,Minnesota Vikings,Detroit Lions,Sam Darnold,MIN,Minnesota Vikings,away,31,29,QB,31,64.58333333333334,22,27,259,1,1,4,4,39,0,0,0,0,0,0
2024,7,,Minnesota Vikings,Detroit Lions,Ty Chandler,MIN,Minnesota Vikings,away,31,29,RB,2,4.166666666666666,0,0,0,0,0,0,2,4,0,0,0,0,0,0
2024,7,,New Orleans Saints,Denver Broncos,Alvin Kamara,NOR,New Orleans Saints,away,33,10,RB,7,11.666666666666666,0,0,0,0,0,0,7,10,0,7,6,14,0,0
2024,7,,New Orleans Saints,Denver Broncos,Bub Means,NOR,New Orleans Saints,away,33,10,WR,0,0.0,0,0,0,0,0,0,0,0,0,5,3,37,0,0
2024,7,,New Orleans Saints,Denver Broncos,Cedrick Wilson Jr.,NOR,New Orleans Saints,away,33,10,WR,0,0.0,0,0,0,0,0,0,0,0,0,7,6,57,1,0
2024,7,,New Orleans Saints,Denver Broncos,Foster Moreau,NOR,New Orleans Saints,away,33,10,TE,0,0.0,0,0,0,0,0,0,0,0,0,2,2,38,0,0
2024,7,,New Orleans Saints,Denver Broncos,Jake Haener,NOR,New Orleans Saints,away,33,10,QB,4,6.666666666666667,3,4,38,1,0,0,0,0,0,0,0,0,0,0
2024,7,,New Orleans Saints,Denver Broncos,Jamaal Williams,NOR,New Orleans Saints,away,33,10,RB,3,5.0,0,0,0,0,0,0,3,17,0,0,0,0,0,0
2024,7,,New Orleans Saints,Denver Broncos,Juwan Johnson,NOR,New Orleans Saints,away,33,10,TE,0,0.0,0,0,0,0,0,0,0,0,0,6,3,18,0,0
2024,7,,New Orleans Saints,Denver Broncos,Kendre Miller,NOR,New Orleans Saints,away,33,10,RB,6,10.0,0,0,0,0,0,0,6,36,0,3,2,1,0,0
2024,7,,New Orleans Saints,Denver Broncos,Mason Tipton,NOR,New Orleans Saints,away,33,10,WR,0,0.0,0,0,0,0,0,0,0,0,0,9,6,45,0,0
2024,7,,New Orleans Saints,Denver Broncos,Spencer Rattler,NOR,New Orleans Saints,away,33,10,QB,40,66.66666666666666,25,35,172,0,0,6,5,34,0,0,0,0,0,2
2024,7,"63 degrees, relative humidity 92%, wind 12 mph",New England Patriots,Jacksonville Jaguars,Antonio Gibson,NWE,New England Patriots,away,32,16,RB,3,5.769230769230769,0,0,0,0,0,0,3,4,0,1,1,9,0,0
2024,7,"63 degrees, relative humidity 92%, wind 12 mph",New England Patriots,Jacksonville Jaguars,Austin Hooper,NWE,New England Patriots,away,32,16,TE,0,0.0,0,0,0,0,0,0,0,0,0,5,4,32,0,0
2024,7,"63 degrees, relative humidity 92%, wind 12 mph",New England Patriots,Jacksonville Jaguars,Demario Douglas,NWE,New England Patriots,away,32,16,WR,0,0.0,0,0,0,0,0,0,0,0,0,3,2,14,0,0
2024,7,"63 degrees, relative humidity 92%, wind 12 mph",New England Patriots,Jacksonville Jaguars,Drake Maye,NWE,New England Patriots,away,32,16,QB,40,76.92307692307693,26,37,276,2,0,2,3,18,0,0,0,0,0,0
2024,7,"63 degrees, relative humidity 92%, wind 12 mph",New England Patriots,Jacksonville Jaguars,Hunter Henry,NWE,New England Patriots,away,32,16,TE,0,0.0,0,0,0,0,0,0,0,0,0,9,8,92,0,0
2024,7,"63 degrees, relative humidity 92%, wind 12 mph",New England Patriots,Jacksonville Jaguars,Ja'Lynn Polk,NWE,New England Patriots,away,32,16,WR,0,0.0,0,0,0,0,0,0,0,0,0,3,0,0,0,0
2024,7,"63 degrees, relative humidity 92%, wind 12 mph",New England Patriots,Jacksonville Jaguars,Jamycal Hasty,NWE,New England Patriots,away,32,16,RB,2,3.8461538461538463,0,0,0,0,0,0,2,-2,0,5,5,49,1,0
2024,7,"63 degrees, relative humidity 92%, wind 12 mph",New England Patriots,Jacksonville Jaguars,K.J. Osborn,NWE,New England Patriots,away,32,16,WR,0,0.0,0,0,0,0,0,0,0,0,0,3,2,26,1,0
2024,7,"63 degrees, relative humidity 92%, wind 12 mph",New England Patriots,Jacksonville Jaguars,Kayshon Boutte,NWE,New England Patriots,away,32,16,WR,0,0.0,0,0,0,0,0,0,0,0,0,2,1,33,0,0
2024,7,"63 degrees, relative humidity 92%, wind 12 mph",New England Patriots,Jacksonville Jaguars,Kendrick Bourne,NWE,New England Patriots,away,32,16,WR,0,0.0,0,0,0,0,0,0,0,0,0,2,1,14,0,0
2024,7,"63 degrees, relative humidity 92%, wind 12 mph",New England Patriots,Jacksonville Jaguars,Rhamondre Stevenson,NWE,New England Patriots,away,32,16,RB,7,13.461538461538462,0,0,0,0,0,0,7,18,0,3,2,7,0,0
2024,7,"71 degrees, relative humidity 31%, wind 4 mph",New York Giants,Philadelphia Eagles,Daniel Bellinger,NYG,New York Giants,away,28,3,TE,0,0.0,0,0,0,0,0,0,0,0,0,1,1,11,0,0
2024,7,"71 degrees, relative humidity 31%, wind 4 mph",New York Giants,Philadelphia Eagles,Daniel Jones,NYG,New York Giants,away,28,3,QB,26,55.319148936170215,14,21,99,0,0,7,5,20,0,0,0,0,0,0
2024,7,"71 degrees, relative humidity 31%, wind 4 mph",New York Giants,Philadelphia Eagles,Darius Slayton,NYG,New York Giants,away,28,3,WR,0,0.0,0,0,0,0,0,0,0,0,0,3,1,11,0,0
2024,7,"71 degrees, relative humidity 31%, wind 4 mph",New York Giants,Philadelphia Eagles,Devin Singletary,NYG,New York Giants,away,28,3,RB,5,10.638297872340425,0,0,0,0,0,0,5,18,0,1,1,3,0,0
2024,7,"71 degrees, relative humidity 31%, wind 4 mph",New York Giants,Philadelphia Eagles,Drew Lock,NYG,New York Giants,away,28,3,QB,9,19.148936170212767,3,8,6,0,0,1,1,13,0,0,0,0,0,2
2024,7,"71 degrees, relative humidity 31%, wind 4 mph",New York Giants,Philadelphia Eagles,Eric Gray,NYG,New York Giants,away,28,3,RB,1,2.127659574468085,0,0,0,0,0,0,1,2,0,1,1,7,0,0
2024,7,"71 degrees, relative humidity 31%, wind 4 mph",New York Giants,Philadelphia Eagles,Jalin Hyatt,NYG,New York Giants,away,28,3,WR,0,0.0,0,0,0,0,0,0,0,0,0,1,0,0,0,0
2024,7,"71 degrees, relative humidity 31%, wind 4 mph",New York Giants,Philadelphia Eagles,Malik Nabers,NYG,New York Giants,away,28,3,WR,0,0.0,0,0,0,0,0,0,0,0,0,8,4,41,0,0
2024,7,"71 degrees, relative humidity 31%, wind 4 mph",New York Giants,Philadelphia Eagles,Tyrone Tracy Jr.,NYG,New York Giants,away,28,3,RB,6,12.76595744680851,0,0,0,0,0,0,6,23,0,3,3,9,0,0
2024,7,"71 degrees, relative humidity 31%, wind 4 mph",New York Giants,Philadelphia Eagles,Wan'Dale Robinson,NYG,New York Giants,away,28,3,WR,0,0.0,0,0,0,0,0,0,0,0,0,9,6,23,0,0
2024,7,"60 degrees, relative humidity 57%, wind 4 mph",New York Jets,Pittsburgh Steelers,Aaron Rodgers,NYJ,New York Jets,away,37,15,QB,39,72.22222222222221,24,39,276,1,2,1,0,0,0,0,0,0,0,0
2024,7,"60 degrees, relative humidity 57%, wind 4 mph",New York Jets,Pittsburgh Steelers,Allen Lazard,NYJ,New York Jets,away,37,15,WR,0,0.0,0,0,0,0,0,0,0,0,0,4,4,58,0,0
2024,7,"60 degrees, relative humidity 57%, wind 4 mph",New York Jets,Pittsburgh Steelers,Braelon Allen,NYJ,New York Jets,away,37,15,RB,2,3.7037037037037033,0,0,0,0,0,0,2,4,0,1,1,2,0,0
2024,7,"60 degrees, relative humidity 57%, wind 4 mph",New York Jets,Pittsburgh Steelers,Breece Hall,NYJ,New York Jets,away,37,15,RB,12,22.22222222222222,0,0,0,0,0,0,12,38,1,9,6,103,0,0
2024,7,"60 degrees, relative humidity 57%, wind 4 mph",New York Jets,Pittsburgh Steelers,Davante Adams,NYJ,New York Jets,away,37,15,WR,0,0.0,0,0,0,0,0,0,0,0,0,9,3,30,0,0
2024,7,"60 degrees, relative humidity 57%, wind 4 mph",New York Jets,Pittsburgh Steelers,Garrett Wilson,NYJ,New York Jets,away,37,15,WR,0,0.0,0,0,0,0,0,0,0,0,0,9,5,61,0,0
2024,7,"60 degrees, relative humidity 57%, wind 4 mph",New York Jets,Pittsburgh Steelers,Irvin Charles,NYJ,New York Jets,away,37,15,WR,0,0.0,0,0,0,0,0,0,0,0,0,1,0,0,0,0
2024,7,"60 degrees, relative humidity 57%, wind 4 mph",New York Jets,Pittsburgh Steelers,Isaiah Davis,NYJ,New York Jets,away,37,15,RB,1,1.8518518518518516,0,0,0,0,0,0,1,12,0,0,0,0,0,0
2024,7,"60 degrees, relative humidity 57%, wind 4 mph",New York Jets,Pittsburgh Steelers,Mike Williams,NYJ,New York Jets,away,37,15,WR,0,0.0,0,0,0,0,0,0,0,0,0,2,1,15,0,0
2024,7,"60 degrees, relative humidity 57%, wind 4 mph",New York Jets,Pittsburgh Steelers,Tyler Conklin,NYJ,New York Jets,away,37,15,TE,0,0.0,0,0,0,0,0,0,0,0,0,4,4,7,1,0
2024,7,"71 degrees, relative humidity 31%, wind 4 mph",New York Giants,Philadelphia Eagles,A.J. Brown,PHI,New York Giants,away,28,3,WR,0,0.0,0,0,0,0,0,0,0,0,0,5,5,89,1,0
2024,7,"71 degrees, relative humidity 31%, wind 4 mph",New York Giants,Philadelphia Eagles,DeVonta Smith,PHI,New York Giants,away,28,3,WR,0,0.0,0,0,0,0,0,0,0,0,0,2,1,-2,0,0
2024,7,"71 degrees, relative humidity 31%, wind 4 mph",New York Giants,Philadelphia Eagles,Grant Calcaterra,PHI,New York Giants,away,28,3,TE,0,0.0,0,0,0,0,0,0,0,0,0,1,1,5,0,0
2024,7,"71 degrees, relative humidity 31%, wind 4 mph",New York Giants,Philadelphia Eagles,Jahan Dotson,PHI,New York Giants,away,28,3,WR,0,0.0,0,0,0,0,0,0,0,0,0,1,0,0,0,0
2024,7,"71 degrees, relative humidity 31%, wind 4 mph",New York Giants,Philadelphia Eagles,Jalen Hurts,PHI,New York Giants,away,28,3,QB,21,35.0,10,14,114,1,0,4,7,22,2,0,0,0,0,0
2024,7,"71 degrees, relative humidity 31%, wind 4 mph",New York Giants,Philadelphia Eagles,Kenneth Gainwell,PHI,New York Giants,away,28,3,RB,13,21.666666666666668,0,0,0,0,0,0,13,56,0,1,1,11,0,0
2024,7,"71 degrees, relative humidity 31%, wind 4 mph",New York Giants,Philadelphia Eagles,Kenny Pickett,PHI,New York Giants,away,28,3,QB,1,1.6666666666666667,0,1,0,0,0,1,0,0,0,0,0,0,0,0
2024,7,"71 degrees, relative humidity 31%, wind 4 mph",New York Giants,Philadelphia Eagles,Parris Campbell,PHI,New York Giants,away,28,3,WR,0,0.0,0,0,0,0,0,0,0,0,0,1,0,0,0,0
2024,7,"71 degrees, relative humidity 31%, wind 4 mph",New York Giants,Philadelphia Eagles,Saquon Barkley,PHI,New York Giants,away,28,3,RB,17,28.333333333333332,0,0,0,0,0,0,17,176,1,3,2,11,0,0
2024,7,"71 degrees, relative humidity 31%, wind 4 mph",New York Giants,Philadelphia Eagles,Will Shipley,PHI,New York Giants,away,28,3,RB,8,13.333333333333334,0,0,0,0,0,0,8,15,0,0,0,0,0,0
2024,7,"60 degrees, relative humidity 57%, wind 4 mph",New York Jets,Pittsburgh Steelers,Calvin Austin,PIT,New York Jets,away,37,15,UNK,0,0.0,0,0,0,0,0,0,0,0,0,4,1,36,0,0
2024,7,"60 degrees, relative humidity 57%, wind 4 mph",New York Jets,Pittsburgh Steelers,Darnell Washington,PIT,New York Jets,away,37,15,TE,0,0.0,0,0,0,0,0,0,0,0,0,4,4,36,0,0
2024,7,"60 degrees, relative humidity 57%, wind 4 mph",New York Jets,Pittsburgh Steelers,George Pickens,PIT,New York Jets,away,37,15,WR,0,0.0,0,0,0,0,0,0,0,0,0,9,5,111,1,0
2024,7,"60 degrees, relative humidity 57%, wind 4 mph",New York Jets,Pittsburgh Steelers,Jaylen Warren,PIT,New York Jets,away,37,15,RB,12,18.461538461538463,0,0,0,0,0,0,12,44,0,3,2,15,0,0
2024,7,"60 degrees, relative humidity 57%, wind 4 mph",New York Jets,Pittsburgh Steelers,Najee Harris,PIT,New York Jets,away,37,15,RB,21,32.30769230769231,0,0,0,0,0,0,21,102,1,1,0,0,0,0
2024,7,"60 degrees, relative humidity 57%, wind 4 mph",New York Jets,Pittsburgh Steelers,Pat Freiermuth,PIT,New York Jets,away,37,15,TE,0,0.0,0,0,0,0,0,0,0,0,0,3,2,51,0,0
2024,7,"60 degrees, relative humidity 57%, wind 4 mph",New York Jets,Pittsburgh Steelers,Russell Wilson,PIT,New York Jets,away,37,15,QB,32,49.23076923076923,16,29,264,2,0,1,3,3,1,0,0,0,0,0
2024,7,"60 degrees, relative humidity 57%, wind 4 mph",New York Jets,Pittsburgh Steelers,Van Jefferson,PIT,New York Jets,away,37,15,WR,0,0.0,0,0,0,0,0,0,0,0,0,3,2,15,1,0
2024,7,,Atlanta Falcons,Seattle Seahawks,AJ Barner,SEA,Atlanta Falcons,away,34,14,TE,0,0.0,0,0,0,0,0,0,0,0,0,1,1,5,0,0
2024,7,,Atlanta Falcons,Seattle Seahawks,D.K. Metcalf,SEA,Atlanta Falcons,away,34,14,WR,0,0.0,0,0,0,0,0,0,0,0,0,7,4,99,1,0
2024,7,,Atlanta Falcons,Seattle Seahawks,Geno Smith,SEA,Atlanta Falcons,away,34,14,QB,32,58.18181818181818,18,28,207,2,0,1,4,15,0,0,0,0,0,1
2024,7,,Atlanta Falcons,Seattle Seahawks,Jake Bobo,SEA,Atlanta Falcons,away,34,14,WR,0,0.0,0,0,0,0,0,0,0,0,0,1,0,0,0,0
2024,7,,Atlanta Falcons,Seattle Seahawks,Jaxon Smith-Njigba,SEA,Atlanta Falcons,away,34,14,WR,1,1.8181818181818181,1,1,35,0,0,0,0,0,0,6,3,9,0,0
2024,7,,Atlanta Falcons,Seattle Seahawks,Kenneth Walker,SEA,Atlanta Falcons,away,34,14,UNK,14,25.454545454545453,0,0,0,0,0,0,14,69,1,2,2,24,1,0
2024,7,,Atlanta Falcons,Seattle Seahawks,Kenny McIntosh,SEA,Atlanta Falcons,away,34,14,RB,1,1.8181818181818181,0,0,0,0,0,0,1,5,0,0,0,0,0,0
2024,7,,Atlanta Falcons,Seattle Seahawks,Noah Fant,SEA,Atlanta Falcons,away,34,14,TE,0,0.0,0,0,0,0,0,0,0,0,0,4,4,65,0,0
2024,7,,Atlanta Falcons,Seattle Seahawks,Tyler Lockett,SEA,Atlanta Falcons,away,34,14,WR,0,0.0,0,0,0,0,0,0,0,0,0,6,4,45,0,0
2024,7,,Atlanta Falcons,Seattle Seahawks,Zach Charbonnet,SEA,Atlanta Falcons,away,34,14,RB,7,12.727272727272727,0,0,0,0,0,0,7,14,0,1,1,-5,0,0
2024,7,"78 degrees, relative humidity 24%, wind 3 mph",San Francisco 49ers,Kansas City Chiefs,Brandon Aiyuk,SFO,San Francisco 49ers,away,28,18,WR,0,0.0,0,0,0,0,0,0,0,0,0,6,2,23,0,0
2024,7,"78 degrees, relative humidity 24%, wind 3 mph",San Francisco 49ers,Kansas City Chiefs,Brock Purdy,SFO,San Francisco 49ers,away,28,18,QB,39,70.9090909090909,17,31,212,0,3,1,8,27,2,0,0,0,0,0
2024,7,"78 degrees, relative humidity 24%, wind 3 mph",San Francisco 49ers,Kansas City Chiefs,Chris Conley,SFO,San Francisco 49ers,away,28,18,WR,0,0.0,0,0,0,0,0,0,0,0,0,2,0,0,0,0
2024,7,"78 degrees, relative humidity 24%, wind 3 mph",San Francisco 49ers,Kansas City Chiefs,George Kittle,SFO,San Francisco 49ers,away,28,18,TE,0,0.0,0,0,0,0,0,0,0,0,0,7,6,92,0,0
2024,7,"78 degrees, relative humidity 24%, wind 3 mph",San Francisco 49ers,Kansas City Chiefs,Isaac Guerendo,SFO,San Francisco 49ers,away,28,18,RB,1,1.8181818181818181,0,0,0,0,0,0,1,2,0,1,1,5,0,1
2024,7,"78 degrees, relative humidity 24%, wind 3 mph",San Francisco 49ers,Kansas City Chiefs,Jacob Cowing,SFO,San Francisco 49ers,away,28,18,WR,0,0.0,0,0,0,0,0,0,0,0,0,3,2,50,0,0
2024,7,"78 degrees, relative humidity 24%, wind 3 mph",San Francisco 49ers,Kansas City Chiefs,Jordan Mason,SFO,San Francisco 49ers,away,28,18,RB,14,25.454545454545453,0,0,0,0,0,0,14,58,0,2,2,11,0,0
2024,7,"78 degrees, relative humidity 24%, wind 3 mph",San Francisco 49ers,Kansas City Chiefs,Kyle Juszczyk,SFO,San Francisco 49ers,away,28,18,FB,1,1.8181818181818181,0,0,0,0,0,0,1,14,0,3,0,0,0,0
2024,7,"78 degrees, relative humidity 24%, wind 3 mph",San Francisco 49ers,Kansas City Chiefs,Ricky Pearsall,SFO,San Francisco 49ers,away,28,18,WR,0,0.0,0,0,0,0,0,0,0,0,0,5,3,21,0,0
2024,7,"78 degrees, relative humidity 24%, wind 3 mph",San Francisco 49ers,Kansas City Chiefs,Ronnie Bell,SFO,San Francisco 49ers,away,28,18,WR,0,0.0,0,0,0,0,0,0,0,0,0,2,1,10,0,0
2024,7,"80 degrees, relative humidity 65%, wind 8 mph",Tampa Bay Buccaneers,Baltimore Ravens,Baker Mayfield,TAM,Tampa Bay Buccaneers,away,41,31,QB,50,66.66666666666666,31,45,370,3,2,3,5,22,0,0,0,0,0,0
2024,7,"80 degrees, relative humidity 65%, wind 8 mph",Tampa Bay Buccaneers,Baltimore Ravens,Bucky Irving,TAM,Tampa Bay Buccaneers,away,41,31,RB,9,12.0,0,0,0,0,0,0,9,23,1,3,3,54,0,0
2024,7,"80 degrees, relative humidity 65%, wind 8 mph",Tampa Bay Buccaneers,Baltimore Ravens,Cade Otton,TAM,Tampa Bay Buccaneers,away,41,31,TE,0,0.0,0,0,0,0,0,0,0,0,0,10,8,100,0,1
2024,7,"80 degrees, relative humidity 65%, wind 8 mph",Tampa Bay Buccaneers,Baltimore Ravens,Chris Godwin,TAM,Tampa Bay Buccaneers,away,41,31,WR,0,0.0,0,0,0,0,0,0,0,0,0,9,7,65,0,0
2024,7,"80 degrees, relative humidity 65%, wind 8 mph",Tampa Bay Buccaneers,Baltimore Ravens,Jalen McMillan,TAM,Tampa Bay Buccaneers,away,41,31,WR,1,1.3333333333333335,0,0,0,0,0,0,1,11,0,8,3,15,0,0
2024,7,"80 degrees, relative humidity 65%, wind 8 mph",Tampa Bay Buccaneers,Baltimore Ravens,Mike Evans,TAM,Tampa Bay Buccaneers,away,41,31,WR,0,0.0,0,0,0,0,0,0,0,0,0,3,1,25,1,0
2024,7,"80 degrees, relative humidity 65%, wind 8 mph",Tampa Bay Buccaneers,Baltimore Ravens,Rachaad White,TAM,Tampa Bay Buccaneers,away,41,31,RB,10,13.333333333333334,0,0,0,0,0,0,10,40,0,6,6,71,2,0
2024,7,"80 degrees, relative humidity 65%, wind 8 mph",Tampa Bay Buccaneers,Baltimore Ravens,Sean Tucker,TAM,Tampa Bay Buccaneers,away,41,31,RB,5,6.666666666666667,0,0,0,0,0,0,5,29,0,2,1,9,0,0
2024,7,"80 degrees, relative humidity 65%, wind 8 mph",Tampa Bay Buccaneers,Baltimore Ravens,Sterling Shepard,TAM,Tampa Bay Buccaneers,away,41,31,WR,0,0.0,0,0,0,0,0,0,0,0,0,1,1,15,0,0
2024,7,"80 degrees, relative humidity 65%, wind 8 mph",Tampa Bay Buccaneers,Baltimore Ravens,Trey Palmer,TAM,Tampa Bay Buccaneers,away,41,31,WR,0,0.0,0,0,0,0,0,0,0,0,0,3,1,16,0,0
2024,7,"66 degrees, relative humidity 49%, wind 12 mph",Tennessee Titans,Buffalo Bills,Calvin Ridley,TEN,Tennessee Titans,away,34,10,WR,0,0.0,0,0,0,0,0,0,0,0,0,9,3,42,0,0
2024,7,"66 degrees, relative humidity 49%, wind 12 mph",Tennessee Titans,Buffalo Bills,Chigoziem Okonkwo,TEN,Tennessee Titans,away,34,10,TE,0,0.0,0,0,0,0,0,0,0,0,0,4,4,50,0,0
2024,7,"66 degrees, relative humidity 49%, wind 12 mph",Tennessee Titans,Buffalo Bills,DeAndre Hopkins,TEN,Tennessee Titans,away,34,10,WR,0,0.0,0,0,0,0,0,0,0,0,0,1,1,-2,0,1
2024,7,"66 degrees, relative humidity 49%, wind 12 mph",Tennessee Titans,Buffalo Bills,Josh Whyle,TEN,Tennessee Titans,away,34,10,TE,0,0.0,0,0,0,0,0,0,0,0,0,4,3,34,0,0
2024,7,"66 degrees, relative humidity 49%, wind 12 mph",Tennessee Titans,Buffalo Bills,Julius Chestnut,TEN,Tennessee Titans,away,34,10,RB,3,4.6875,0,0,0,0,0,0,3,15,0,1,1,9,0,0
2024,7,"66 degrees, relative humidity 49%, wind 12 mph",Tennessee Titans,Buffalo Bills,Mason Rudolph,TEN,Tennessee Titans,away,34,10,QB,45,70.3125,25,40,215,1,1,3,5,13,0,0,0,0,0,3
2024,7,"66 degrees, relative humidity 49%, wind 12 mph",Tennessee Titans,Buffalo Bills,Nick Vannett,TEN,Tennessee Titans,away,34,10,TE,0,0.0,0,0,0,0,0,0,0,0,0,4,4,25,0,0
2024,7,"66 degrees, relative humidity 49%, wind 12 mph",Tennessee Titans,Buffalo Bills,Nick Westbrook-Ikhine,TEN,Tennessee Titans,away,34,10,WR,0,0.0,0,0,0,0,0,0,0,0,0,4,2,10,1,0
2024,7,"66 degrees, relative humidity 49%, wind 12 mph",Tennessee Titans,Buffalo Bills,Tony Pollard,TEN,Tennessee Titans,away,34,10,RB,16,25.0,0,0,0,0,0,0,16,61,0,6,2,4,0,0
2024,7,"66 degrees, relative humidity 49%, wind 12 mph",Tennessee Titans,Buffalo Bills,Tyler Boyd,TEN,Tennessee Titans,away,34,10,WR,0,0.0,0,0,0,0,0,0,0,0,0,5,5,43,0,0
2024,7,"76 degrees, relative humidity 34%, wind 2 mph",Carolina Panthers,Washington Commanders,Austin Ekeler,WAS,Carolina Panthers,away,40,7,RB,4,6.451612903225806,0,0,0,0,0,0,4,17,0,2,2,3,0,0
2024,7,"76 degrees, relative humidity 34%, wind 2 mph",Carolina Panthers,Washington Commanders,Ben Sinnott,WAS,Carolina Panthers,away,40,7,TE,0,0.0,0,0,0,0,0,0,0,0,0,2,2,6,1,0
2024,7,"76 degrees, relative humidity 34%, wind 2 mph",Carolina Panthers,Washington Commanders,Brian Robinson Jr.,WAS,Carolina Panthers,away,40,7,RB,12,19.35483870967742,0,0,0,0,0,0,12,71,1,0,0,0,0,0
2024,7,"76 degrees, relative humidity 34%, wind 2 mph",Carolina Panthers,Washington Commanders,Dyami Brown,WAS,Carolina Panthers,away,40,7,WR,0,0.0,0,0,0,0,0,0,0,0,0,3,1,23,0,0
2024,7,"76 degrees, relative humidity 34%, wind 2 mph",Carolina Panthers,Washington Commanders,Jayden Daniels,WAS,Carolina Panthers,away,40,7,QB,5,8.064516129032258,2,2,6,0,0,0,3,50,0,0,0,0,0,0
2024,7,"76 degrees, relative humidity 34%, wind 2 mph",Carolina Panthers,Washington Commanders,Jeremy McNichols,WAS,Carolina Panthers,away,40,7,RB,7,11.29032258064516,0,0,0,0,0,0,7,42,0,0,0,0,0,0
2024,7,"76 degrees, relative humidity 34%, wind 2 mph",Carolina Panthers,Washington Commanders,Marcus Mariota,WAS,Carolina Panthers,away,40,7,QB,34,54.83870967741935,18,23,205,2,0,1,11,34,0,0,0,0,0,0
2024,7,"76 degrees, relative humidity 34%, wind 2 mph",Carolina Panthers,Washington Commanders,Noah Brown,WAS,Carolina Panthers,away,40,7,WR,0,0.0,0,0,0,0,0,0,0,0,0,1,1,16,0,0
2024,7,"76 degrees, relative humidity 34%, wind 2 mph",Carolina Panthers,Washington Commanders,Olamide Zaccheaus,WAS,Carolina Panthers,away,40,7,WR,0,0.0,0,0,0,0,0,0,0,0,0,6,4,25,0,0
2024,7,"76 degrees, relative humidity 34%, wind 2 mph",Carolina Panthers,Washington Commanders,Terry McLaurin,WAS,Carolina Panthers,away,40,7,WR,0,0.0,0,0,0,0,0,0,0,0,0,6,6,98,0,0
2024,7,"76 degrees, relative humidity 34%, wind 2 mph",Carolina Panthers,Washington Commanders,Zach Ertz,WAS,Carolina Panthers,away,40,7,TE,0,0.0,0,0,0,0,0,0,0,0,0,5,4,40,1,0
2024,8,"82 degrees, relative humidity 52%, wind 14 mph",Miami Dolphins,Arizona Cardinals,Elijah Higgins,ARI,Miami Dolphins,away,28,27,TE,0,0.0,0,0,0,0,0,0,0,0,0,2,2,13,0,0
2024,8,"82 degrees, relative humidity 52%, wind 14 mph",Miami Dolphins,Arizona Cardinals,Emari Demercado,ARI,Miami Dolphins,away,28,27,RB,0,0.0,0,0,0,0,0,0,0,0,0,1,0,0,0,0
2024,8,"82 degrees, relative humidity 52%, wind 14 mph",Miami Dolphins,Arizona Cardinals,Greg Dortch,ARI,Miami Dolphins,away,28,27,WR,0,0.0,0,0,0,0,0,0,0,0,0,2,1,9,0,0
2024,8,"82 degrees, relative humidity 52%, wind 14 mph",Miami Dolphins,Arizona Cardinals,James Conner,ARI,Miami Dolphins,away,28,27,RB,20,32.25806451612903,0,0,0,0,0,0,20,53,1,3,2,16,0,0
2024,8,"82 degrees, relative humidity 52%, wind 14 mph",Miami Dolphins,Arizona Cardinals,Kyler Murray,ARI,Miami Dolphins,away,28,27,QB,41,66.12903225806451,26,36,307,2,0,0,5,19,0,0,0,0,0,1
2024,8,"82 degrees, relative humidity 52%, wind 14 mph",Miami Dolphins,Arizona Cardinals,Marvin Harrison Jr.,ARI,Miami Dolphins,away,28,27,WR,0,0.0,0,0,0,0,0,0,0,0,0,7,6,111,1,0
2024,8,"82 degrees, relative humidity 52%, wind 14 mph",Miami Dolphins,Arizona Cardinals,Michael Wilson,ARI,Miami Dolphins,away,28,27,WR,0,0.0,0,0,0,0,0,0,0,0,0,6,5,31,1,0
2024,8,"82 degrees, relative humidity 52%, wind 14 mph",Miami Dolphins,Arizona Cardinals,Trey Benson,ARI,Miami Dolphins,away,28,27,RB,1,1.6129032258064515,0,0,0,0,0,0,1,10,0,0,0,0,0,0
2024,8,"82 degrees, relative humidity 52%, wind 14 mph",Miami Dolphins,Arizona Cardinals,Trey McBride,ARI,Miami Dolphins,away,28,27,TE,0,0.0,0,0,0,0,0,0,0,0,0,11,9,124,0,0
2024,8,"82 degrees, relative humidity 52%, wind 14 mph",Miami Dolphins,Arizona Cardinals,Zay Jones,ARI,Miami Dolphins,away,28,27,WR,0,0.0,0,0,0,0,0,0,0,0,0,1,1,3,0,0
2024,8,"79 degrees, relative humidity 59%, wind 6 mph",Tampa Bay Buccaneers,Atlanta Falcons,Bijan Robinson,ATL,Tampa Bay Buccaneers,away,31,26,RB,13,22.413793103448278,0,0,0,0,0,0,13,63,0,7,7,43,1,0
2024,8,"79 degrees, relative humidity 59%, wind 6 mph",Tampa Bay Buccaneers,Atlanta Falcons,Charlie Woerner,ATL,Tampa Bay Buccaneers,away,31,26,TE,0,0.0,0,0,0,0,0,0,0,0,0,1,1,13,0,0
2024,8,"79 degrees, relative humidity 59%, wind 6 mph",Tampa Bay Buccaneers,Atlanta Falcons,Darnell Mooney,ATL,Tampa Bay Buccaneers,away,31,26,WR,0,0.0,0,0,0,0,0,0,0,0,0,6,4,86,1,0
2024,8,"79 degrees, relative humidity 59%, wind 6 mph",Tampa Bay Buccaneers,Atlanta Falcons,Drake London,ATL,Tampa Bay Buccaneers,away,31,26,WR,0,0.0,0,0,0,0,0,0,0,0,0,6,4,34,0,0
2024,8,"79 degrees, relative humidity 59%, wind 6 mph",Tampa Bay Buccaneers,Atlanta Falcons,Kirk Cousins,ATL,Tampa Bay Buccaneers,away,31,26,QB,32,55.172413793103445,23,29,276,4,0,2,3,16,0,0,0,0,0,1
2024,8,"79 degrees, relative humidity 59%, wind 6 mph",Tampa Bay Buccaneers,Atlanta Falcons,Kyle Pitts,ATL,Tampa Bay Buccaneers,away,31,26,TE,0,0.0,0,0,0,0,0,0,0,0,0,5,4,91,2,0
2024,8,"79 degrees, relative humidity 59%, wind 6 mph",Tampa Bay Buccaneers,Atlanta Falcons,Ray-Ray McCloud,ATL,Tampa Bay Buccaneers,away,31,26,WR,1,1.7241379310344827,0,0,0,0,0,0,1,17,0,3,3,9,0,0
2024,8,"79 degrees, relative humidity 59%, wind 6 mph",Tampa Bay Buccaneers,Atlanta Falcons,Tyler Allgeier,ATL,Tampa Bay Buccaneers,away,31,26,RB,12,20.689655172413794,0,0,0,0,0,0,12,33,0,0,0,0,0,0
2024,8,"52 degrees, relative humidity 50%, wind 4 mph",Baltimore Ravens,Cleveland Browns,Charlie Kolar,BAL,Baltimore Ravens,away,29,24,TE,0,0.0,0,0,0,0,0,0,0,0,0,2,1,9,0,0
2024,8,"52 degrees, relative humidity 50%, wind 4 mph",Baltimore Ravens,Cleveland Browns,Derrick Henry,BAL,Baltimore Ravens,away,29,24,RB,11,18.64406779661017,0,0,0,0,0,0,11,73,1,1,1,4,0,0
2024,8,"52 degrees, relative humidity 50%, wind 4 mph",Baltimore Ravens,Cleveland Browns,Isaiah Likely,BAL,Baltimore Ravens,away,29,24,TE,0,0.0,0,0,0,0,0,0,0,0,0,4,4,47,0,0
2024,8,"52 degrees, relative humidity 50%, wind 4 mph",Baltimore Ravens,Cleveland Browns,Justice Hill,BAL,Baltimore Ravens,away,29,24,RB,2,3.389830508474576,0,0,0,0,0,0,2,5,0,1,1,14,0,0
2024,8,"52 degrees, relative humidity 50%, wind 4 mph",Baltimore Ravens,Cleveland Browns,Lamar Jackson,BAL,Baltimore Ravens,away,29,24,QB,46,77.96610169491525,23,38,289,2,0,3,8,46,0,0,0,0,0,0
2024,8,"52 degrees, relative humidity 50%, wind 4 mph",Baltimore Ravens,Cleveland Browns,Mark Andrews,BAL,Baltimore Ravens,away,29,24,TE,0,0.0,0,0,0,0,0,0,0,0,0,5,5,36,1,0
2024,8,"52 degrees, relative humidity 50%, wind 4 mph",Baltimore Ravens,Cleveland Browns,Nelson Agholor,BAL,Baltimore Ravens,away,29,24,WR,0,0.0,0,0,0,0,0,0,0,0,0,5,3,36,1,0
2024,8,"52 degrees, relative humidity 50%, wind 4 mph",Baltimore Ravens,Cleveland Browns,Rashod Bateman,BAL,Baltimore Ravens,away,29,24,WR,0,0.0,0,0,0,0,0,0,0,0,0,5,1,28,0,0
2024,8,"52 degrees, relative humidity 50%, wind 4 mph",Baltimore Ravens,Cleveland Browns,Zay Flowers,BAL,Baltimore Ravens,away,29,24,WR,0,0.0,0,0,0,0,0,0,0,0,0,12,7,115,0,0
2024,8,"55 degrees, relative humidity 82%, wind 14 mph",Seattle Seahawks,Buffalo Bills,Amari Cooper,BUF,Seattle Seahawks,away,31,10,WR,0,0.0,0,0,0,0,0,0,0,0,0,2,1,3,0,0
2024,8,"55 degrees, relative humidity 82%, wind 14 mph",Seattle Seahawks,Buffalo Bills,Dalton Kincaid,BUF,Seattle Seahawks,away,31,10,TE,0,0.0,0,0,0,0,0,0,0,0,0,7,4,31,1,0
2024,8,"55 degrees, relative humidity 82%, wind 14 mph",Seattle Seahawks,Buffalo Bills,Dawson Knox,BUF,Seattle Seahawks,away,31,10,TE,0,0.0,0,0,0,0,0,0,0,0,0,2,2,50,0,0
2024,8,"55 degrees, relative humidity 82%, wind 14 mph",Seattle Seahawks,Buffalo Bills,James Cook,BUF,Seattle Seahawks,away,31,10,RB,17,25.0,0,0,0,0,0,0,17,111,2,3,3,22,0,0
2024,8,"55 degrees, relative humidity 82%, wind 14 mph",Seattle Seahawks,Buffalo Bills,Josh Allen,BUF,Seattle Seahawks,away,31,10,QB,41,60.29411764705882,24,34,283,2,1,1,7,25,0,0,0,0,0,1
2024,8,"55 degrees, relative humidity 82%, wind 14 mph",Seattle Seahawks,Buffalo Bills,Keon Coleman,BUF,Seattle Seahawks,away,31,10,WR,0,0.0,0,0,0,0,0,0,0,0,0,7,5,70,1,0
2024,8,"55 degrees, relative humidity 82%, wind 14 mph",Seattle Seahawks,Buffalo Bills,Khalil Shakir,BUF,Seattle Seahawks,away,31,10,WR,1,1.4705882352941175,0,0,0,0,0,0,1,2,0,10,9,107,0,0
2024,8,"55 degrees, relative humidity 82%, wind 14 mph",Seattle Seahawks,Buffalo Bills,Mitchell Trubisky,BUF,Seattle Seahawks,away,31,10,QB,3,4.411764705882353,0,0,0,0,0,0,3,-3,0,0,0,0,0,0
2024,8,"55 degrees, relative humidity 82%, wind 14 mph",Seattle Seahawks,Buffalo Bills,Ray Davis,BUF,Seattle Seahawks,away,31,10,RB,6,8.823529411764707,0,0,0,0,0,0,6,29,0,0,0,0,0,0
2024,8,"55 degrees, relative humidity 82%, wind 14 mph",Seattle Seahawks,Buffalo Bills,Ty Johnson,BUF,Seattle Seahawks,away,31,10,RB,0,0.0,0,0,0,0,0,0,0,0,0,1,0,0,0,0
2024,8,"76 degrees, relative humidity 9%, wind 4 mph",Carolina Panthers,Denver Broncos,Bryce Young,CAR,Carolina Panthers,away,28,14,QB,40,68.96551724137932,24,37,224,2,2,2,3,6,0,0,0,0,0,0
2024,8,"76 degrees, relative humidity 9%, wind 4 mph",Carolina Panthers,Denver Broncos,Chuba Hubbard,CAR,Carolina Panthers,away,28,14,RB,15,25.862068965517242,0,0,0,0,0,0,15,56,0,2,2,15,0,0
2024,8,"76 degrees, relative humidity 9%, wind 4 mph",Carolina Panthers,Denver Broncos,David Moore,CAR,Carolina Panthers,away,28,14,WR,0,0.0,0,0,0,0,0,0,0,0,0,5,4,39,0,0
2024,8,"76 degrees, relative humidity 9%, wind 4 mph",Carolina Panthers,Denver Broncos,Ja'Tavion Sanders,CAR,Carolina Panthers,away,28,14,TE,0,0.0,0,0,0,0,0,0,0,0,0,1,1,7,0,0
2024,8,"76 degrees, relative humidity 9%, wind 4 mph",Carolina Panthers,Denver Broncos,Jalen Coker,CAR,Carolina Panthers,away,28,14,WR,0,0.0,0,0,0,0,0,0,0,0,0,6,4,78,1,0
2024,8,"76 degrees, relative humidity 9%, wind 4 mph",Carolina Panthers,Denver Broncos,Johnny Hekker,CAR,Carolina Panthers,away,28,14,P,1,1.7241379310344827,0,1,0,0,0,0,0,0,0,0,0,0,0,0
2024,8,"76 degrees, relative humidity 9%, wind 4 mph",Carolina Panthers,Denver Broncos,Jonathan Mingo,CAR,Carolina Panthers,away,28,14,WR,0,0.0,0,0,0,0,0,0,0,0,0,3,0,0,0,0
2024,8,"76 degrees, relative humidity 9%, wind 4 mph",Carolina Panthers,Denver Broncos,Miles Sanders,CAR,Carolina Panthers,away,28,14,RB,1,1.7241379310344827,0,0,0,0,0,0,1,7,0,7,7,38,0,0
2024,8,"76 degrees, relative humidity 9%, wind 4 mph",Carolina Panthers,Denver Broncos,Sam Franklin,CAR,Carolina Panthers,away,28,14,SS,0,0.0,0,0,0,0,0,0,0,0,0,1,0,0,0,0
2024,8,"76 degrees, relative humidity 9%, wind 4 mph",Carolina Panthers,Denver Broncos,Tommy Tremble,CAR,Carolina Panthers,away,28,14,TE,0,0.0,0,0,0,0,0,0,0,0,0,3,2,13,0,0
2024,8,"76 degrees, relative humidity 9%, wind 4 mph",Carolina Panthers,Denver Broncos,Xavier Legette,CAR,Carolina Panthers,away,28,14,WR,1,1.7241379310344827,0,0,0,0,0,0,1,0,0,7,4,34,1,0
2024,8,"58 degrees, relative humidity 33%, wind 2 mph",Chicago Bears,Washington Commanders,Caleb Williams,CHI,Chicago Bears,away,18,15,QB,33,57.89473684210527,10,24,131,0,0,3,9,47,0,0,0,0,0,1
2024,8,"58 degrees, relative humidity 33%, wind 2 mph",Chicago Bears,Washington Commanders,Cole Kmet,CHI,Chicago Bears,away,18,15,TE,0,0.0,0,0,0,0,0,0,0,0,0,1,1,14,0,0
2024,8,"58 degrees, relative humidity 33%, wind 2 mph",Chicago Bears,Washington Commanders,D'Andre Swift,CHI,Chicago Bears,away,18,15,RB,18,31.57894736842105,0,0,0,0,0,0,18,129,1,0,0,0,0,0
2024,8,"58 degrees, relative humidity 33%, wind 2 mph",Chicago Bears,Washington Commanders,D.J. Moore,CHI,Chicago Bears,away,18,15,WR,2,3.508771929824561,0,0,0,0,0,0,2,7,0,4,2,27,0,0
2024,8,"58 degrees, relative humidity 33%, wind 2 mph",Chicago Bears,Washington Commanders,DeAndre Carter,CHI,Chicago Bears,away,18,15,WR,0,0.0,0,0,0,0,0,0,0,0,0,1,1,7,0,0
2024,8,"58 degrees, relative humidity 33%, wind 2 mph",Chicago Bears,Washington Commanders,Gerald Everett,CHI,Chicago Bears,away,18,15,TE,0,0.0,0,0,0,0,0,0,0,0,0,2,1,3,0,0
2024,8,"58 degrees, relative humidity 33%, wind 2 mph",Chicago Bears,Washington Commanders,Keenan Allen,CHI,Chicago Bears,away,18,15,WR,0,0.0,0,0,0,0,0,0,0,0,0,7,2,39,0,0
2024,8,"58 degrees, relative humidity 33%, wind 2 mph",Chicago Bears,Washington Commanders,Marcedes Lewis,CHI,Chicago Bears,away,18,15,TE,0,0.0,0,0,0,0,0,0,0,0,0,1,0,0,0,0
2024,8,"58 degrees, relative humidity 33%, wind 2 mph",Chicago Bears,Washington Commanders,Rome Odunze,CHI,Chicago Bears,away,18,15,WR,2,3.508771929824561,0,0,0,0,0,0,2,13,0,6,3,41,0,0
2024,8,"58 degrees, relative humidity 33%, wind 2 mph",Chicago Bears,Washington Commanders,Roschon Johnson,CHI,Chicago Bears,away,18,15,RB,2,3.508771929824561,0,0,0,0,0,0,2,6,1,0,0,0,0,0
2024,8,"59 degrees, relative humidity 37%, wind 6 mph",Cincinnati Bengals,Philadelphia Eagles,Andrei Iosivas,CIN,Cincinnati Bengals,away,37,17,WR,0,0.0,0,0,0,0,0,0,0,0,0,3,0,0,0,0
2024,8,"59 degrees, relative humidity 37%, wind 6 mph",Cincinnati Bengals,Philadelphia Eagles,Chase Brown,CIN,Cincinnati Bengals,away,37,17,RB,12,21.052631578947366,0,0,0,0,0,0,12,32,1,4,2,2,0,0
2024,8,"59 degrees, relative humidity 37%, wind 6 mph",Cincinnati Bengals,Philadelphia Eagles,Erick All,CIN,Cincinnati Bengals,away,37,17,TE,0,0.0,0,0,0,0,0,0,0,0,0,2,2,32,0,0
2024,8,"59 degrees, relative humidity 37%, wind 6 mph",Cincinnati Bengals,Philadelphia Eagles,Ja'Marr Chase,CIN,Cincinnati Bengals,away,37,17,WR,0,0.0,0,0,0,0,0,0,0,0,0,11,9,54,1,0
2024,8,"59 degrees, relative humidity 37%, wind 6 mph",Cincinnati Bengals,Philadelphia Eagles,Jermaine Burton,CIN,Cincinnati Bengals,away,37,17,WR,0,0.0,0,0,0,0,0,0,0,0,0,3,1,41,0,0
2024,8,"59 degrees, relative humidity 37%, wind 6 mph",Cincinnati Bengals,Philadelphia Eagles,Joe Burrow,CIN,Cincinnati Bengals,away,37,17,QB,40,70.17543859649122,26,37,234,1,1,1,3,15,0,0,0,0,0,0
2024,8,"59 degrees, relative humidity 37%, wind 6 mph",Cincinnati Bengals,Philadelphia Eagles,Mike Gesicki,CIN,Cincinnati Bengals,away,37,17,TE,0,0.0,0,0,0,0,0,0,0,0,0,8,7,73,0,1
2024,8,"59 degrees, relative humidity 37%, wind 6 mph",Cincinnati Bengals,Philadelphia Eagles,Trenton Irwin,CIN,Cincinnati Bengals,away,37,17,WR,0,0.0,0,0,0,0,0,0,0,0,0,1,1,4,0,0
2024,8,"59 degrees, relative humidity 37%, wind 6 mph",Cincinnati Bengals,Philadelphia Eagles,Zack Moss,CIN,Cincinnati Bengals,away,37,17,RB,5,8.771929824561402,0,0,0,0,0,0,5,11,0,4,4,28,0,1
2024,8,"52 degrees, relative humidity 50%, wind 4 mph",Baltimore Ravens,Cleveland Browns,Cedric Tillman,CLE,Baltimore Ravens,away,29,24,WR,0,0.0,0,0,0,0,0,0,0,0,0,9,7,99,2,0
2024,8,"52 degrees, relative humidity 50%, wind 4 mph",Baltimore Ravens,Cleveland Browns,D'Onta Foreman,CLE,Baltimore Ravens,away,29,24,RB,5,7.8125,0,0,0,0,0,0,5,26,0,0,0,0,0,0
2024,8,"52 degrees, relative humidity 50%, wind 4 mph",Baltimore Ravens,Cleveland Browns,David Njoku,CLE,Baltimore Ravens,away,29,24,TE,0,0.0,0,0,0,0,0,0,0,0,0,7,5,61,1,0
2024,8,"52 degrees, relative humidity 50%, wind 4 mph",Baltimore Ravens,Cleveland Browns,Elijah Moore,CLE,Baltimore Ravens,away,29,24,WR,0,0.0,0,0,0,0,0,0,0,0,0,12,8,85,0,0
2024,8,"52 degrees, relative humidity 50%, wind 4 mph",Baltimore Ravens,Cleveland Browns,Geoff Swaim,CLE,Baltimore Ravens,away,29,24,TE,0,0.0,0,0,0,0,0,0,0,0,0,1,1,7,0,0
2024,8,"52 degrees, relative humidity 50%, wind 4 mph",Baltimore Ravens,Cleveland Browns,Jameis Winston,CLE,Baltimore Ravens,away,29,24,QB,43,67.1875,27,41,334,3,0,2,2,2,0,0,0,0,0,1
2024,8,"52 degrees, relative humidity 50%, wind 4 mph",Baltimore Ravens,Cleveland Browns,Jerry Jeudy,CLE,Baltimore Ravens,away,29,24,WR,0,0.0,0,0,0,0,0,0,0,0,0,8,5,79,0,0
2024,8,"52 degrees, relative humidity 50%, wind 4 mph",Baltimore Ravens,Cleveland Browns,Jordan Akins,CLE,Baltimore Ravens,away,29,24,TE,0,0.0,0,0,0,0,0,0,0,0,0,1,0,0,0,0
2024,8,"52 degrees, relative humidity 50%, wind 4 mph",Baltimore Ravens,Cleveland Browns,Nick Chubb,CLE,Baltimore Ravens,away,29,24,RB,16,25.0,0,0,0,0,0,0,16,52,0,2,0,0,0,0
2024,8,"52 degrees, relative humidity 50%, wind 4 mph",Baltimore Ravens,Cleveland Browns,Pierre Strong,CLE,Baltimore Ravens,away,29,24,RB,0,0.0,0,0,0,0,0,0,0,0,0,1,1,3,0,0
2024,8,"69 degrees, relative humidity 70%, wind 9 mph",Dallas Cowboys,San Francisco 49ers,Brevyn Spann-Ford,DAL,Dallas Cowboys,away,30,24,TE,0,0.0,0,0,0,0,0,0,0,0,0,2,0,0,0,0
2024,8,"69 degrees, relative humidity 70%, wind 9 mph",Dallas Cowboys,San Francisco 49ers,CeeDee Lamb,DAL,Dallas Cowboys,away,30,24,WR,0,0.0,0,0,0,0,0,0,0,0,0,17,13,146,2,0
2024,8,"69 degrees, relative humidity 70%, wind 9 mph",Dallas Cowboys,San Francisco 49ers,Dak Prescott,DAL,Dallas Cowboys,away,30,24,QB,39,68.42105263157895,25,38,243,2,2,2,1,-1,0,0,0,0,0,0
2024,8,"69 degrees, relative humidity 70%, wind 9 mph",Dallas Cowboys,San Francisco 49ers,Dalvin Cook,DAL,Dallas Cowboys,away,30,24,RB,6,10.526315789473683,0,0,0,0,0,0,6,12,0,1,1,10,0,0
2024,8,"69 degrees, relative humidity 70%, wind 9 mph",Dallas Cowboys,San Francisco 49ers,Ezekiel Elliott,DAL,Dallas Cowboys,away,30,24,RB,10,17.543859649122805,0,0,0,0,0,0,10,34,1,1,1,4,0,0
2024,8,"69 degrees, relative humidity 70%, wind 9 mph",Dallas Cowboys,San Francisco 49ers,Hunter Luepke,DAL,Dallas Cowboys,away,30,24,FB,1,1.7543859649122806,0,0,0,0,0,0,1,0,0,0,0,0,0,0
2024,8,"69 degrees, relative humidity 70%, wind 9 mph",Dallas Cowboys,San Francisco 49ers,Jake Ferguson,DAL,Dallas Cowboys,away,30,24,TE,0,0.0,0,0,0,0,0,0,0,0,0,8,6,23,0,1
2024,8,"69 degrees, relative humidity 70%, wind 9 mph",Dallas Cowboys,San Francisco 49ers,Jalen Brooks,DAL,Dallas Cowboys,away,30,24,WR,0,0.0,0,0,0,0,0,0,0,0,0,1,0,0,0,0
2024,8,"69 degrees, relative humidity 70%, wind 9 mph",Dallas Cowboys,San Francisco 49ers,Jalen Tolbert,DAL,Dallas Cowboys,away,30,24,WR,0,0.0,0,0,0,0,0,0,0,0,0,3,3,44,0,0
2024,8,"69 degrees, relative humidity 70%, wind 9 mph",Dallas Cowboys,San Francisco 49ers,KaVontae Turpin,DAL,Dallas Cowboys,away,30,24,WR,1,1.7543859649122806,0,0,0,0,0,0,1,11,0,4,1,16,0,1
2024,8,"76 degrees, relative humidity 9%, wind 4 mph",Carolina Panthers,Denver Broncos,Adam Trautman,DEN,Carolina Panthers,away,28,14,TE,0,0.0,0,0,0,0,0,0,0,0,0,4,4,85,1,0
2024,8,"76 degrees, relative humidity 9%, wind 4 mph",Carolina Panthers,Denver Broncos,Audric Estime,DEN,Carolina Panthers,away,28,14,RB,1,1.4084507042253522,0,0,0,0,0,0,1,4,0,0,0,0,0,0
2024,8,"76 degrees, relative humidity 9%, wind 4 mph",Carolina Panthers,Denver Broncos,Bo Nix,DEN,Carolina Panthers,away,28,14,QB,42,59.154929577464785,28,37,284,3,0,2,5,4,1,0,0,0,0,0
2024,8,"76 degrees, relative humidity 9%, wind 4 mph",Carolina Panthers,Denver Broncos,Courtland Sutton,DEN,Carolina Panthers,away,28,14,WR,1,1.4084507042253522,1,1,28,0,0,0,0,0,0,11,8,100,0,1
2024,8,"76 degrees, relative humidity 9%, wind 4 mph",Carolina Panthers,Denver Broncos,Devaughn Vele,DEN,Carolina Panthers,away,28,14,WR,0,0.0,0,0,0,0,0,0,0,0,0,3,3,28,0,0
2024,8,"76 degrees, relative humidity 9%, wind 4 mph",Carolina Panthers,Denver Broncos,Jaleel McLaughlin,DEN,Carolina Panthers,away,28,14,RB,8,11.267605633802818,0,0,0,0,0,0,8,47,0,1,1,9,1,0
2024,8,"76 degrees, relative humidity 9%, wind 4 mph",Carolina Panthers,Denver Broncos,Javonte Williams,DEN,Carolina Panthers,away,28,14,RB,17,23.943661971830984,0,0,0,0,0,0,17,44,0,5,4,8,0,0
2024,8,"76 degrees, relative humidity 9%, wind 4 mph",Carolina Panthers,Denver Broncos,Lil'Jordan Humphrey,DEN,Carolina Panthers,away,28,14,WR,0,0.0,0,0,0,0,0,0,0,0,0,6,4,22,0,1
2024,8,"76 degrees, relative humidity 9%, wind 4 mph",Carolina Panthers,Denver Broncos,Lucas Krull,DEN,Carolina Panthers,away,28,14,TE,0,0.0,0,0,0,0,0,0,0,0,0,2,2,18,0,0
2024,8,"76 degrees, relative humidity 9%, wind 4 mph",Carolina Panthers,Denver Broncos,Marvin Mims,DEN,Carolina Panthers,away,28,14,WR,0,0.0,0,0,0,0,0,0,0,0,0,2,1,8,0,0
2024,8,"76 degrees, relative humidity 9%, wind 4 mph",Carolina Panthers,Denver Broncos,Michael Burton,DEN,Carolina Panthers,away,28,14,FB,0,0.0,0,0,0,0,0,0,0,0,0,1,1,28,0,0
2024,8,"76 degrees, relative humidity 9%, wind 4 mph",Carolina Panthers,Denver Broncos,Nate Adkins,DEN,Carolina Panthers,away,28,14,TE,0,0.0,0,0,0,0,0,0,0,0,0,1,1,3,1,0
2024,8,"76 degrees, relative humidity 9%, wind 4 mph",Carolina Panthers,Denver Broncos,Riley Dixon,DEN,Carolina Panthers,away,28,14,P,1,1.4084507042253522,1,1,3,0,0,0,0,0,0,0,0,0,0,0
2024,8,"76 degrees, relative humidity 9%, wind 4 mph",Carolina Panthers,Denver Broncos,Troy Franklin,DEN,Carolina Panthers,away,28,14,WR,1,1.4084507042253522,0,0,0,0,0,0,1,3,0,2,1,6,0,0
2024,8,,Tennessee Titans,Detroit Lions,Allen Robinson,DET,Tennessee Titans,away,52,14,WR,0,0.0,0,0,0,0,0,0,0,0,0,1,0,0,0,0
2024,8,,Tennessee Titans,Detroit Lions,Amon-Ra St. Brown,DET,Tennessee Titans,away,52,14,WR,0,0.0,0,0,0,0,0,0,0,0,0,2,2,7,1,0
2024,8,,Tennessee Titans,Detroit Lions,Brock Wright,DET,Tennessee Titans,away,52,14,TE,0,0.0,0,0,0,0,0,0,0,0,0,1,1,8,1,0
2024,8,,Tennessee Titans,Detroit Lions,Craig Reynolds,DET,Tennessee Titans,away,52,14,RB,3,6.976744186046512,0,0,0,0,0,0,3,3,0,0,0,0,0,0
2024,8,,Tennessee Titans,Detroit Lions,David Montgomery,DET,Tennessee Titans,away,52,14,RB,10,23.25581395348837,1,1,3,1,0,0,9,33,1,1,1,5,0,0
2024,8,,Tennessee Titans,Detroit Lions,Hendon Hooker,DET,Tennessee Titans,away,52,14,QB,3,6.976744186046512,2,3,6,0,0,0,0,0,0,0,0,0,0,0
2024,8,,Tennessee Titans,Detroit Lions,Isaiah Williams,DET,Tennessee Titans,away,52,14,WR,0,0.0,0,0,0,0,0,0,0,0,0,3,2,6,0,0
2024,8,,Tennessee Titans,Detroit Lions,Jahmyr Gibbs,DET,Tennessee Titans,away,52,14,RB,11,25.581395348837212,0,0,0,0,0,0,11,127,1,1,1,6,0,0
2024,8,,Tennessee Titans,Detroit Lions,Jared Goff,DET,Tennessee Titans,away,52,14,QB,16,37.2093023255814,12,15,85,3,0,4,1,1,0,0,0,0,0,2
2024,8,,Tennessee Titans,Detroit Lions,Kalif Raymond,DET,Tennessee Titans,away,52,14,WR,0,0.0,0,0,0,0,0,0,0,0,0,2,2,14,1,0
2024,8,,Tennessee Titans,Detroit Lions,Sam LaPorta,DET,Tennessee Titans,away,52,14,TE,0,0.0,0,0,0,0,0,0,0,0,0,6,6,48,1,0
2024,8,,Tennessee Titans,Detroit Lions,Tim Patrick,DET,Tennessee Titans,away,52,14,WR,0,0.0,0,0,0,0,0,0,0,0,0,1,0,0,0,0
2024,8,"84 degrees, relative humidity 46%, wind 4 mph",Jacksonville Jaguars,Green Bay Packers,Ben Sims,GNB,Jacksonville Jaguars,away,30,27,TE,0,0.0,0,0,0,0,0,0,0,0,0,1,0,0,0,0
2024,8,"84 degrees, relative humidity 46%, wind 4 mph",Jacksonville Jaguars,Green Bay Packers,Bo Melton,GNB,Jacksonville Jaguars,away,30,27,WR,0,0.0,0,0,0,0,0,0,0,0,0,1,0,0,0,0
2024,8,"84 degrees, relative humidity 46%, wind 4 mph",Jacksonville Jaguars,Green Bay Packers,Chris Brooks,GNB,Jacksonville Jaguars,away,30,27,RB,4,6.0606060606060606,0,0,0,0,0,0,4,16,0,1,1,1,0,0
2024,8,"84 degrees, relative humidity 46%, wind 4 mph",Jacksonville Jaguars,Green Bay Packers,Christian Watson,GNB,Jacksonville Jaguars,away,30,27,WR,0,0.0,0,0,0,0,0,0,0,0,0,6,4,39,0,0
2024,8,"84 degrees, relative humidity 46%, wind 4 mph",Jacksonville Jaguars,Green Bay Packers,Dontayvion Wicks,GNB,Jacksonville Jaguars,away,30,27,WR,0,0.0,0,0,0,0,0,0,0,0,0,2,2,11,0,0
2024,8,"84 degrees, relative humidity 46%, wind 4 mph",Jacksonville Jaguars,Green Bay Packers,Emanuel Wilson,GNB,Jacksonville Jaguars,away,30,27,RB,4,6.0606060606060606,0,0,0,0,0,0,4,5,0,2,2,-2,0,0
2024,8,"84 degrees, relative humidity 46%, wind 4 mph",Jacksonville Jaguars,Green Bay Packers,Jayden Reed,GNB,Jacksonville Jaguars,away,30,27,WR,1,1.5151515151515151,0,0,0,0,0,0,1,0,0,3,2,55,0,0
2024,8,"84 degrees, relative humidity 46%, wind 4 mph",Jacksonville Jaguars,Green Bay Packers,Jordan Love,GNB,Jacksonville Jaguars,away,30,27,QB,23,34.84848484848485,14,22,196,0,1,0,1,-1,0,0,0,0,0,0
2024,8,"84 degrees, relative humidity 46%, wind 4 mph",Jacksonville Jaguars,Green Bay Packers,Josh Jacobs,GNB,Jacksonville Jaguars,away,30,27,RB,25,37.878787878787875,0,0,0,0,0,0,25,127,2,2,1,-2,0,0
2024,8,"84 degrees, relative humidity 46%, wind 4 mph",Jacksonville Jaguars,Green Bay Packers,Malik Willis,GNB,Jacksonville Jaguars,away,30,27,QB,9,13.636363636363635,4,5,56,1,0,1,4,23,0,0,0,0,0,0
2024,8,"84 degrees, relative humidity 46%, wind 4 mph",Jacksonville Jaguars,Green Bay Packers,Romeo Doubs,GNB,Jacksonville Jaguars,away,30,27,WR,0,0.0,0,0,0,0,0,0,0,0,0,6,3,72,0,0
2024,8,"84 degrees, relative humidity 46%, wind 4 mph",Jacksonville Jaguars,Green Bay Packers,Tucker Kraft,GNB,Jacksonville Jaguars,away,30,27,TE,0,0.0,0,0,0,0,0,0,0,0,0,3,3,78,1,0
2024,8,,Indianapolis Colts,Houston Texans,C.J. Stroud,HOU,Indianapolis Colts,away,23,20,QB,38,57.57575757575758,25,37,285,1,0,2,1,-10,0,0,0,0,0,1
2024,8,,Indianapolis Colts,Houston Texans,Cade Stover,HOU,Indianapolis Colts,away,23,20,TE,0,0.0,0,0,0,0,0,0,0,0,0,3,2,19,0,0
2024,8,,Indianapolis Colts,Houston Texans,Dalton Schultz,HOU,Indianapolis Colts,away,23,20,TE,0,0.0,0,0,0,0,0,0,0,0,0,6,4,52,0,0
2024,8,,Indianapolis Colts,Houston Texans,Dameon Pierce,HOU,Indianapolis Colts,away,23,20,RB,1,1.5151515151515151,0,0,0,0,0,0,1,4,0,0,0,0,0,0
2024,8,,Indianapolis Colts,Houston Texans,Dare Ogunbowale,HOU,Indianapolis Colts,away,23,20,RB,1,1.5151515151515151,0,0,0,0,0,0,1,4,0,1,0,0,0,0
2024,8,,Indianapolis Colts,Houston Texans,Joe Mixon,HOU,Indianapolis Colts,away,23,20,RB,25,37.878787878787875,0,0,0,0,0,0,25,102,1,6,4,32,0,0
2024,8,,Indianapolis Colts,Houston Texans,John Metchie,HOU,Indianapolis Colts,away,23,20,WR,0,0.0,0,0,0,0,0,0,0,0,0,4,3,29,0,0
2024,8,,Indianapolis Colts,Houston Texans,Robert Woods,HOU,Indianapolis Colts,away,23,20,WR,0,0.0,0,0,0,0,0,0,0,0,0,2,2,18,0,0
2024,8,,Indianapolis Colts,Houston Texans,Stefon Diggs,HOU,Indianapolis Colts,away,23,20,WR,1,1.5151515151515151,0,0,0,0,0,0,1,-4,0,9,5,81,0,0
2024,8,,Indianapolis Colts,Houston Texans,Tank Dell,HOU,Indianapolis Colts,away,23,20,WR,0,0.0,0,0,0,0,0,0,0,0,0,4,4,35,1,0
2024,8,,Indianapolis Colts,Houston Texans,Xavier Hutchinson,HOU,Indianapolis Colts,away,23,20,WR,0,0.0,0,0,0,0,0,0,0,0,0,1,1,19,0,0
2024,8,,Indianapolis Colts,Houston Texans,Adonai Mitchell,IND,Indianapolis Colts,away,23,20,WR,0,0.0,0,0,0,0,0,0,0,0,0,4,1,9,0,0
2024,8,,Indianapolis Colts,Houston Texans,Alec Pierce,IND,Indianapolis Colts,away,23,20,WR,0,0.0,0,0,0,0,0,0,0,0,0,4,1,11,0,0
2024,8,,Indianapolis Colts,Houston Texans,Anthony Richardson,IND,Indianapolis Colts,away,23,20,QB,38,65.51724137931035,10,32,175,1,1,5,6,45,0,0,0,0,0,2
2024,8,,Indianapolis Colts,Houston Texans,Jonathan Taylor,IND,Indianapolis Colts,away,23,20,RB,20,34.48275862068966,0,0,0,0,0,0,20,105,1,1,1,12,0,0
2024,8,,Indianapolis Colts,Houston Texans,Josh Downs,IND,Indianapolis Colts,away,23,20,WR,0,0.0,0,0,0,0,0,0,0,13,0,9,4,109,1,0
2024,8,,Indianapolis Colts,Houston Texans,Kylen Granson,IND,Indianapolis Colts,away,23,20,TE,0,0.0,0,0,0,0,0,0,0,0,0,2,1,4,0,0
2024,8,,Indianapolis Colts,Houston Texans,Michael Pittman Jr.,IND,Indianapolis Colts,away,23,20,WR,0,0.0,0,0,0,0,0,0,0,0,0,6,1,16,0,0
2024,8,,Indianapolis Colts,Houston Texans,Mo Alie-Cox,IND,Indianapolis Colts,away,23,20,TE,0,0.0,0,0,0,0,0,0,0,0,0,1,0,0,0,0
2024,8,,Indianapolis Colts,Houston Texans,Trey Sermon,IND,Indianapolis Colts,away,23,20,RB,0,0.0,0,0,0,0,0,0,0,0,0,1,1,14,0,0
2024,8,,Indianapolis Colts,Houston Texans,Tyler Goodson,IND,Indianapolis Colts,away,23,20,RB,0,0.0,0,0,0,0,0,0,0,0,0,1,0,0,0,0
2024,8,,Indianapolis Colts,Houston Texans,Will Mallory,IND,Indianapolis Colts,away,23,20,TE,0,0.0,0,0,0,0,0,0,0,0,0,2,0,0,0,0
2024,8,"84 degrees, relative humidity 46%, wind 4 mph",Jacksonville Jaguars,Green Bay Packers,Brenton Strange,JAX,Jacksonville Jaguars,away,30,27,TE,0,0.0,0,0,0,0,0,0,0,0,0,5,5,59,0,0
2024,8,"84 degrees, relative humidity 46%, wind 4 mph",Jacksonville Jaguars,Green Bay Packers,Brian Thomas,JAX,Jacksonville Jaguars,away,30,27,WR,0,0.0,0,0,0,0,0,0,0,0,0,4,3,60,1,0
2024,8,"84 degrees, relative humidity 46%, wind 4 mph",Jacksonville Jaguars,Green Bay Packers,Christian Kirk,JAX,Jacksonville Jaguars,away,30,27,WR,0,0.0,0,0,0,0,0,0,0,0,0,5,2,59,0,0
2024,8,"84 degrees, relative humidity 46%, wind 4 mph",Jacksonville Jaguars,Green Bay Packers,D'Ernest Johnson,JAX,Jacksonville Jaguars,away,30,27,RB,1,1.8181818181818181,0,0,0,0,0,0,1,3,0,2,1,20,0,0
2024,8,"84 degrees, relative humidity 46%, wind 4 mph",Jacksonville Jaguars,Green Bay Packers,Evan Engram,JAX,Jacksonville Jaguars,away,30,27,TE,0,0.0,0,0,0,0,0,0,0,0,0,5,4,36,1,0
2024,8,"84 degrees, relative humidity 46%, wind 4 mph",Jacksonville Jaguars,Green Bay Packers,Parker Washington,JAX,Jacksonville Jaguars,away,30,27,WR,0,0.0,0,0,0,0,0,0,0,0,0,4,3,46,0,0
2024,8,"84 degrees, relative humidity 46%, wind 4 mph",Jacksonville Jaguars,Green Bay Packers,Tank Bigsby,JAX,Jacksonville Jaguars,away,30,27,RB,18,32.72727272727273,0,0,0,0,0,0,18,78,0,3,2,8,0,0
2024,8,"84 degrees, relative humidity 46%, wind 4 mph",Jacksonville Jaguars,Green Bay Packers,Tim Jones,JAX,Jacksonville Jaguars,away,30,27,WR,0,0.0,0,0,0,0,0,0,0,0,0,2,1,20,0,0
2024,8,"84 degrees, relative humidity 46%, wind 4 mph",Jacksonville Jaguars,Green Bay Packers,Trevor Lawrence,JAX,Jacksonville Jaguars,away,30,27,QB,36,65.45454545454545,21,32,308,2,1,1,4,10,1,0,0,0,0,1
2024,8,,Las Vegas Raiders,Kansas City Chiefs,Carson Steele,KAN,Las Vegas Raiders,away,27,20,RB,2,2.9850746268656714,0,0,0,0,0,0,2,6,0,1,1,8,0,0
2024,8,,Las Vegas Raiders,Kansas City Chiefs,DeAndre Hopkins,KAN,Las Vegas Raiders,away,27,20,WR,0,0.0,0,0,0,0,0,0,0,0,0,3,2,29,0,0
2024,8,,Las Vegas Raiders,Kansas City Chiefs,Jody Fortson,KAN,Las Vegas Raiders,away,27,20,TE,0,0.0,0,0,0,0,0,0,0,0,0,1,0,0,0,0
2024,8,,Las Vegas Raiders,Kansas City Chiefs,Justin Watson,KAN,Las Vegas Raiders,away,27,20,WR,0,0.0,0,0,0,0,0,0,0,0,0,3,3,33,0,0
2024,8,,Las Vegas Raiders,Kansas City Chiefs,Kareem Hunt,KAN,Las Vegas Raiders,away,27,20,RB,21,31.343283582089555,0,0,0,0,0,0,21,59,1,1,1,4,0,0
2024,8,,Las Vegas Raiders,Kansas City Chiefs,Mecole Hardman,KAN,Las Vegas Raiders,away,27,20,WR,0,0.0,0,0,0,0,0,0,0,0,0,1,1,8,0,0
2024,8,,Las Vegas Raiders,Kansas City Chiefs,Noah Gray,KAN,Las Vegas Raiders,away,27,20,TE,0,0.0,0,0,0,0,0,0,0,0,0,3,3,23,0,0
2024,8,,Las Vegas Raiders,Kansas City Chiefs,Patrick Mahomes,KAN,Las Vegas Raiders,away,27,20,QB,44,65.67164179104478,27,38,262,2,1,1,6,17,0,0,0,0,0,0
2024,8,,Las Vegas Raiders,Kansas City Chiefs,Samaje Perine,KAN,Las Vegas Raiders,away,27,20,RB,0,0.0,0,0,0,0,0,0,0,0,0,2,2,30,0,0
2024,8,,Las Vegas Raiders,Kansas City Chiefs,Travis Kelce,KAN,Las Vegas Raiders,away,27,20,TE,0,0.0,0,0,0,0,0,0,0,0,0,12,10,90,1,1
2024,8,,Las Vegas Raiders,Kansas City Chiefs,Xavier Worthy,KAN,Las Vegas Raiders,away,27,20,WR,0,0.0,0,0,0,0,0,0,0,0,0,8,4,37,1,0
2024,8,,New Orleans Saints,Los Angeles Chargers,Eric Tomlinson,LAC,New Orleans Saints,away,26,8,TE,0,0.0,0,0,0,0,0,0,0,0,0,1,0,0,0,0
2024,8,,New Orleans Saints,Los Angeles Chargers,Hassan Haskins,LAC,New Orleans Saints,away,26,8,RB,1,1.639344262295082,0,0,0,0,0,0,1,0,0,0,0,0,0,0
2024,8,,New Orleans Saints,Los Angeles Chargers,J.K. Dobbins,LAC,New Orleans Saints,away,26,8,RB,17,27.86885245901639,0,0,0,0,0,0,17,57,1,7,4,11,0,0
2024,8,,New Orleans Saints,Los Angeles Chargers,JK Scott,LAC,New Orleans Saints,away,26,8,P,1,1.639344262295082,0,0,0,0,0,0,1,0,0,0,0,0,0,1
2024,8,,New Orleans Saints,Los Angeles Chargers,Jalen Reagor,LAC,New Orleans Saints,away,26,8,WR,0,0.0,0,0,0,0,0,0,0,0,0,2,2,35,0,0
2024,8,,New Orleans Saints,Los Angeles Chargers,Josh Palmer,LAC,New Orleans Saints,away,26,8,WR,0,0.0,0,0,0,0,0,0,0,0,0,4,2,72,0,0
2024,8,,New Orleans Saints,Los Angeles Chargers,Justin Herbert,LAC,New Orleans Saints,away,26,8,QB,36,59.01639344262295,20,32,279,2,0,3,4,49,0,0,0,0,0,0
2024,8,,New Orleans Saints,Los Angeles Chargers,Kimani Vidal,LAC,New Orleans Saints,away,26,8,RB,6,9.836065573770492,0,0,0,0,0,0,6,16,0,0,0,0,0,0
2024,8,,New Orleans Saints,Los Angeles Chargers,Ladd McConkey,LAC,New Orleans Saints,away,26,8,WR,0,0.0,0,0,0,0,0,0,0,0,0,6,6,111,2,0
2024,8,,New Orleans Saints,Los Angeles Chargers,Scott Matlock,LAC,New Orleans Saints,away,26,8,FB,0,0.0,0,0,0,0,0,0,0,0,0,1,1,9,0,0
2024,8,,New Orleans Saints,Los Angeles Chargers,Simi Fehoko,LAC,New Orleans Saints,away,26,8,WR,0,0.0,0,0,0,0,0,0,0,0,0,2,0,0,0,0
2024,8,,New Orleans Saints,Los Angeles Chargers,Will Dissly,LAC,New Orleans Saints,away,26,8,TE,0,0.0,0,0,0,0,0,0,0,0,0,7,5,41,0,0
2024,8,,Minnesota Vikings,Los Angeles Rams,Blake Corum,LAR,Minnesota Vikings,away,30,20,RB,4,6.0606060606060606,0,0,0,0,0,0,4,9,0,1,1,9,0,0
2024,8,,Minnesota Vikings,Los Angeles Rams,Colby Parkinson,LAR,Minnesota Vikings,away,30,20,TE,0,0.0,0,0,0,0,0,0,0,0,0,2,2,17,0,0
2024,8,,Minnesota Vikings,Los Angeles Rams,Cooper Kupp,LAR,Minnesota Vikings,away,30,20,WR,0,0.0,0,0,0,0,0,0,0,0,0,8,5,51,1,0
2024,8,,Minnesota Vikings,Los Angeles Rams,Demarcus Robinson,LAR,Minnesota Vikings,away,30,20,WR,0,0.0,0,0,0,0,0,0,0,0,0,3,2,35,2,0
2024,8,,Minnesota Vikings,Los Angeles Rams,Hunter Long,LAR,Minnesota Vikings,away,30,20,TE,0,0.0,0,0,0,0,0,0,0,0,0,1,1,18,0,0
2024,8,,Minnesota Vikings,Los Angeles Rams,Kyren Williams,LAR,Minnesota Vikings,away,30,20,RB,23,34.84848484848485,0,0,0,0,0,0,23,97,0,7,5,19,1,0
2024,8,,Minnesota Vikings,Los Angeles Rams,Matthew Stafford,LAR,Minnesota Vikings,away,30,20,QB,37,56.060606060606055,25,34,279,4,1,0,3,-4,0,0,0,0,0,0
2024,8,,Minnesota Vikings,Los Angeles Rams,Puka Nacua,LAR,Minnesota Vikings,away,30,20,WR,2,3.0303030303030303,0,0,0,0,0,0,2,5,0,9,7,106,0,0
2024,8,,Minnesota Vikings,Los Angeles Rams,Tutu Atwell,LAR,Minnesota Vikings,away,30,20,WR,0,0.0,0,0,0,0,0,0,0,0,0,2,1,18,0,0
2024,8,,Minnesota Vikings,Los Angeles Rams,Tyler Johnson,LAR,Minnesota Vikings,away,30,20,WR,0,0.0,0,0,0,0,0,0,0,0,0,1,1,6,0,0
2024,8,,Las Vegas Raiders,Kansas City Chiefs,Alexander Mattison,LVR,Las Vegas Raiders,away,27,20,RB,14,27.450980392156865,0,0,0,0,0,0,14,15,0,5,5,29,0,0
2024,8,,Las Vegas Raiders,Kansas City Chiefs,Ameer Abdullah,LVR,Las Vegas Raiders,away,27,20,RB,1,1.9607843137254901,0,0,0,0,0,0,1,2,0,2,1,9,0,0
2024,8,,Las Vegas Raiders,Kansas City Chiefs,Brock Bowers,LVR,Las Vegas Raiders,away,27,20,TE,0,0.0,0,0,0,0,0,0,0,0,0,5,5,58,0,0
2024,8,,Las Vegas Raiders,Kansas City Chiefs,DJ Turner,LVR,Las Vegas Raiders,away,27,20,WR,1,1.9607843137254901,0,0,0,0,0,0,1,4,0,4,4,28,1,0
2024,8,,Las Vegas Raiders,Kansas City Chiefs,Gardner Minshew,LVR,Las Vegas Raiders,away,27,20,UNK,32,62.745098039215684,24,30,209,2,0,5,2,6,0,0,0,0,0,1
2024,8,,Las Vegas Raiders,Kansas City Chiefs,Jakobi Meyers,LVR,Las Vegas Raiders,away,27,20,WR,0,0.0,0,0,0,0,0,0,0,0,0,7,6,52,1,0
2024,8,,Las Vegas Raiders,Kansas City Chiefs,John Samuel Shenker,LVR,Las Vegas Raiders,away,27,20,TE,0,0.0,0,0,0,0,0,0,0,0,0,1,1,7,0,0
2024,8,,Las Vegas Raiders,Kansas City Chiefs,Tre Tucker,LVR,Las Vegas Raiders,away,27,20,WR,1,1.9607843137254901,0,0,0,0,0,0,1,7,0,3,2,26,0,0
2024,8,,Las Vegas Raiders,Kansas City Chiefs,Zamir White,LVR,Las Vegas Raiders,away,27,20,RB,2,3.9215686274509802,0,0,0,0,0,0,2,-1,0,0,0,0,0,0
2024,8,"82 degrees, relative humidity 52%, wind 14 mph",Miami Dolphins,Arizona Cardinals,Alec Ingold,MIA,Miami Dolphins,away,28,27,FB,1,1.5873015873015872,0,0,0,0,0,0,1,3,0,3,3,19,0,0
2024,8,"82 degrees, relative humidity 52%, wind 14 mph",Miami Dolphins,Arizona Cardinals,D'Wayne Eskridge,MIA,Miami Dolphins,away,28,27,WR,0,0.0,0,0,0,0,0,0,0,0,0,1,1,6,0,0
2024,8,"82 degrees, relative humidity 52%, wind 14 mph",Miami Dolphins,Arizona Cardinals,De'Von Achane,MIA,Miami Dolphins,away,28,27,RB,10,15.873015873015872,0,0,0,0,0,0,10,97,0,8,6,50,1,0
2024,8,"82 degrees, relative humidity 52%, wind 14 mph",Miami Dolphins,Arizona Cardinals,Jaylen Waddle,MIA,Miami Dolphins,away,28,27,WR,0,0.0,0,0,0,0,0,0,0,0,0,6,4,45,0,0
2024,8,"82 degrees, relative humidity 52%, wind 14 mph",Miami Dolphins,Arizona Cardinals,Jaylen Wright,MIA,Miami Dolphins,away,28,27,RB,2,3.1746031746031744,0,0,0,0,0,0,2,18,0,0,0,0,0,0
2024,8,"82 degrees, relative humidity 52%, wind 14 mph",Miami Dolphins,Arizona Cardinals,Jonnu Smith,MIA,Miami Dolphins,away,28,27,TE,0,0.0,0,0,0,0,0,0,0,0,0,6,4,20,0,0
2024,8,"82 degrees, relative humidity 52%, wind 14 mph",Miami Dolphins,Arizona Cardinals,Julian Hill,MIA,Miami Dolphins,away,28,27,TE,0,0.0,0,0,0,0,0,0,0,0,0,3,3,11,0,1
2024,8,"82 degrees, relative humidity 52%, wind 14 mph",Miami Dolphins,Arizona Cardinals,Raheem Mostert,MIA,Miami Dolphins,away,28,27,RB,9,14.285714285714285,0,0,0,0,0,0,9,19,2,2,1,11,0,0
2024,8,"82 degrees, relative humidity 52%, wind 14 mph",Miami Dolphins,Arizona Cardinals,Tua Tagovailoa,MIA,Miami Dolphins,away,28,27,QB,41,65.07936507936508,28,38,234,1,0,1,3,13,0,0,0,0,0,3
2024,8,"82 degrees, relative humidity 52%, wind 14 mph",Miami Dolphins,Arizona Cardinals,Tyreek Hill,MIA,Miami Dolphins,away,28,27,WR,0,0.0,0,0,0,0,0,0,0,0,0,9,6,72,0,0
2024,8,,Minnesota Vikings,Los Angeles Rams,Aaron Jones,MIN,Minnesota Vikings,away,30,20,RB,19,40.42553191489361,0,0,0,0,0,0,19,58,0,2,2,37,0,0
2024,8,,Minnesota Vikings,Los Angeles Rams,Jalen Nailor,MIN,Minnesota Vikings,away,30,20,WR,0,0.0,0,0,0,0,0,0,0,0,0,4,2,16,0,0
2024,8,,Minnesota Vikings,Los Angeles Rams,Johnny Mundt,MIN,Minnesota Vikings,away,30,20,TE,0,0.0,0,0,0,0,0,0,0,0,0,2,1,10,0,0
2024,8,,Minnesota Vikings,Los Angeles Rams,Jordan Addison,MIN,Minnesota Vikings,away,30,20,WR,0,0.0,0,0,0,0,0,0,0,0,0,3,2,22,0,0
2024,8,,Minnesota Vikings,Los Angeles Rams,Josh Oliver,MIN,Minnesota Vikings,away,30,20,TE,0,0.0,0,0,0,0,0,0,0,0,0,2,2,30,1,0
2024,8,,Minnesota Vikings,Los Angeles Rams,Justin Jefferson,MIN,Minnesota Vikings,away,30,20,WR,0,0.0,0,0,0,0,0,0,0,0,0,9,8,115,0,0
2024,8,,Minnesota Vikings,Los Angeles Rams,Sam Darnold,MIN,Minnesota Vikings,away,30,20,QB,28,59.57446808510638,18,25,240,2,0,3,3,6,0,0,0,0,0,0
2024,8,,Minnesota Vikings,Los Angeles Rams,Trent Sherfield,MIN,Minnesota Vikings,away,30,20,WR,0,0.0,0,0,0,0,0,0,0,0,0,1,1,10,1,0
2024,8,,New Orleans Saints,Los Angeles Chargers,Adam Prentice,NOR,New Orleans Saints,away,26,8,FB,0,0.0,0,0,0,0,0,0,0,0,0,1,0,0,0,0
2024,8,,New Orleans Saints,Los Angeles Chargers,Alvin Kamara,NOR,New Orleans Saints,away,26,8,RB,10,15.873015873015872,0,0,0,0,0,0,10,67,0,11,6,55,0,0
2024,8,,New Orleans Saints,Los Angeles Chargers,Bub Means,NOR,New Orleans Saints,away,26,8,WR,0,0.0,0,0,0,0,0,0,0,0,0,1,1,36,0,0
2024,8,,New Orleans Saints,Los Angeles Chargers,Chris Olave,NOR,New Orleans Saints,away,26,8,WR,0,0.0,0,0,0,0,0,0,0,0,0,14,8,107,0,0
2024,8,,New Orleans Saints,Los Angeles Chargers,Foster Moreau,NOR,New Orleans Saints,away,26,8,TE,0,0.0,0,0,0,0,0,0,0,0,0,1,0,0,0,0
2024,8,,New Orleans Saints,Los Angeles Chargers,Jake Haener,NOR,New Orleans Saints,away,26,8,QB,19,30.158730158730158,9,17,122,0,0,2,2,10,0,0,0,0,0,0
2024,8,,New Orleans Saints,Los Angeles Chargers,Jamaal Williams,NOR,New Orleans Saints,away,26,8,RB,2,3.1746031746031744,0,0,0,0,0,0,2,4,0,0,0,0,0,0
2024,8,,New Orleans Saints,Los Angeles Chargers,Juwan Johnson,NOR,New Orleans Saints,away,26,8,TE,0,0.0,0,0,0,0,0,0,0,0,0,4,3,48,0,0
2024,8,,New Orleans Saints,Los Angeles Chargers,Kendre Miller,NOR,New Orleans Saints,away,26,8,RB,3,4.761904761904762,0,0,0,0,0,0,3,16,0,0,0,0,0,0
2024,8,,New Orleans Saints,Los Angeles Chargers,Mason Tipton,NOR,New Orleans Saints,away,26,8,WR,0,0.0,0,0,0,0,0,0,0,0,0,2,2,14,0,0
2024,8,,New Orleans Saints,Los Angeles Chargers,Spencer Rattler,NOR,New Orleans Saints,away,26,8,QB,24,38.095238095238095,12,24,156,0,0,3,0,0,0,0,0,0,0,0
2024,8,,New Orleans Saints,Los Angeles Chargers,Taysom Hill,NOR,New Orleans Saints,away,26,8,TE,5,7.936507936507936,1,1,3,0,0,0,4,20,0,4,2,21,0,0
2024,8,"53 degrees, relative humidity 34%, wind 8 mph",New York Jets,New England Patriots,Antonio Gibson,NWE,New York Jets,away,25,22,RB,5,8.19672131147541,0,0,0,0,0,0,5,7,0,0,0,0,0,1
2024,8,"53 degrees, relative humidity 34%, wind 8 mph",New York Jets,New England Patriots,Austin Hooper,NWE,New York Jets,away,25,22,TE,0,0.0,0,0,0,0,0,0,0,0,0,4,3,15,0,0
2024,8,"53 degrees, relative humidity 34%, wind 8 mph",New York Jets,New England Patriots,Demario Douglas,NWE,New York Jets,away,25,22,WR,0,0.0,0,0,0,0,0,0,0,0,0,3,2,12,0,0
2024,8,"53 degrees, relative humidity 34%, wind 8 mph",New York Jets,New England Patriots,Drake Maye,NWE,New York Jets,away,25,22,QB,9,14.754098360655737,3,6,23,0,0,1,3,46,1,0,0,0,0,0
2024,8,"53 degrees, relative humidity 34%, wind 8 mph",New York Jets,New England Patriots,Hunter Henry,NWE,New York Jets,away,25,22,TE,0,0.0,0,0,0,0,0,0,0,0,0,6,5,45,0,0
2024,8,"53 degrees, relative humidity 34%, wind 8 mph",New York Jets,New England Patriots,Jacoby Brissett,NWE,New York Jets,away,25,22,QB,27,44.26229508196721,15,24,132,0,0,1,3,11,0,0,0,0,0,1
2024,8,"53 degrees, relative humidity 34%, wind 8 mph",New York Jets,New England Patriots,K.J. Osborn,NWE,New York Jets,away,25,22,WR,0,0.0,0,0,0,0,0,0,0,0,0,1,0,0,0,0
2024,8,"53 degrees, relative humidity 34%, wind 8 mph",New York Jets,New England Patriots,Kayshon Boutte,NWE,New York Jets,away,25,22,WR,0,0.0,0,0,0,0,0,0,0,0,0,6,3,46,0,0
2024,8,"53 degrees, relative humidity 34%, wind 8 mph",New York Jets,New England Patriots,Kendrick Bourne,NWE,New York Jets,away,25,22,WR,0,0.0,0,0,0,0,0,0,0,0,0,3,0,0,0,0
2024,8,"53 degrees, relative humidity 34%, wind 8 mph",New York Jets,New England Patriots,Rhamondre Stevenson,NWE,New York Jets,away,25,22,RB,20,32.78688524590164,0,0,0,0,0,0,20,48,2,3,3,17,0,0
2024,8,"53 degrees, relative humidity 34%, wind 8 mph",New York Jets,New England Patriots,Tyquan Thornton,NWE,New York Jets,away,25,22,WR,0,0.0,0,0,0,0,0,0,0,0,0,3,2,20,0,0
2024,8,"54 degrees, relative humidity 57%, wind 7 mph",New York Giants,Pittsburgh Steelers,Chris Manhertz,NYG,New York Giants,away,26,18,TE,0,0.0,0,0,0,0,0,0,0,0,0,1,0,0,0,0
2024,8,"54 degrees, relative humidity 57%, wind 7 mph",New York Giants,Pittsburgh Steelers,Daniel Jones,NYG,New York Giants,away,26,18,QB,41,65.07936507936508,24,38,264,0,1,4,3,1,0,0,0,0,0,1
2024,8,"54 degrees, relative humidity 57%, wind 7 mph",New York Giants,Pittsburgh Steelers,Darius Slayton,NYG,New York Giants,away,26,18,WR,0,0.0,0,0,0,0,0,0,0,0,0,7,4,108,0,0
2024,8,"54 degrees, relative humidity 57%, wind 7 mph",New York Giants,Pittsburgh Steelers,Devin Singletary,NYG,New York Giants,away,26,18,RB,2,3.1746031746031744,0,0,0,0,0,0,2,11,0,3,2,12,0,0
2024,8,"54 degrees, relative humidity 57%, wind 7 mph",New York Giants,Pittsburgh Steelers,Eric Gray,NYG,New York Giants,away,26,18,RB,0,0.0,0,0,0,0,0,0,0,0,0,1,1,3,0,0
2024,8,"54 degrees, relative humidity 57%, wind 7 mph",New York Giants,Pittsburgh Steelers,Malik Nabers,NYG,New York Giants,away,26,18,WR,0,0.0,0,0,0,0,0,0,0,0,0,13,7,71,0,0
2024,8,"54 degrees, relative humidity 57%, wind 7 mph",New York Giants,Pittsburgh Steelers,Theo Johnson,NYG,New York Giants,away,26,18,TE,0,0.0,0,0,0,0,0,0,0,0,0,4,3,35,0,0
2024,8,"54 degrees, relative humidity 57%, wind 7 mph",New York Giants,Pittsburgh Steelers,Tyrone Tracy Jr.,NYG,New York Giants,away,26,18,RB,20,31.746031746031743,0,0,0,0,0,0,20,145,1,3,2,5,0,0
2024,8,"54 degrees, relative humidity 57%, wind 7 mph",New York Giants,Pittsburgh Steelers,Wan'Dale Robinson,NYG,New York Giants,away,26,18,WR,0,0.0,0,0,0,0,0,0,0,0,0,5,5,30,0,0
2024,8,"53 degrees, relative humidity 34%, wind 8 mph",New York Jets,New England Patriots,Aaron Rodgers,NYJ,New York Jets,away,25,22,QB,28,50.0,17,28,233,2,0,1,0,0,0,0,0,0,0,0
2024,8,"53 degrees, relative humidity 34%, wind 8 mph",New York Jets,New England Patriots,Braelon Allen,NYJ,New York Jets,away,25,22,RB,12,21.428571428571427,0,0,0,0,0,0,12,32,1,0,0,0,0,0
2024,8,"53 degrees, relative humidity 34%, wind 8 mph",New York Jets,New England Patriots,Breece Hall,NYJ,New York Jets,away,25,22,RB,16,28.57142857142857,0,0,0,0,0,0,16,80,0,3,1,9,0,1
2024,8,"53 degrees, relative humidity 34%, wind 8 mph",New York Jets,New England Patriots,Davante Adams,NYJ,New York Jets,away,25,22,WR,0,0.0,0,0,0,0,0,0,0,0,0,6,4,54,0,0
2024,8,"53 degrees, relative humidity 34%, wind 8 mph",New York Jets,New England Patriots,Garrett Wilson,NYJ,New York Jets,away,25,22,WR,0,0.0,0,0,0,0,0,0,0,0,0,8,5,113,0,0
2024,8,"53 degrees, relative humidity 34%, wind 8 mph",New York Jets,New England Patriots,Jeremy Ruckert,NYJ,New York Jets,away,25,22,TE,0,0.0,0,0,0,0,0,0,0,0,0,3,3,14,0,0
2024,8,"53 degrees, relative humidity 34%, wind 8 mph",New York Jets,New England Patriots,Tyler Conklin,NYJ,New York Jets,away,25,22,TE,0,0.0,0,0,0,0,0,0,0,0,0,4,3,42,1,0
2024,8,"53 degrees, relative humidity 34%, wind 8 mph",New York Jets,New England Patriots,Xavier Gipson,NYJ,New York Jets,away,25,22,WR,0,0.0,0,0,0,0,0,0,0,0,0,1,1,1,1,0
2024,8,"59 degrees, relative humidity 37%, wind 6 mph",Cincinnati Bengals,Philadelphia Eagles,A.J. Brown,PHI,Cincinnati Bengals,away,37,17,WR,0,0.0,0,0,0,0,0,0,0,0,0,6,5,84,0,0
2024,8,"59 degrees, relative humidity 37%, wind 6 mph",Cincinnati Bengals,Philadelphia Eagles,DeVonta Smith,PHI,Cincinnati Bengals,away,37,17,WR,0,0.0,0,0,0,0,0,0,0,0,0,7,6,85,1,0
2024,8,"59 degrees, relative humidity 37%, wind 6 mph",Cincinnati Bengals,Philadelphia Eagles,Grant Calcaterra,PHI,Cincinnati Bengals,away,37,17,TE,0,0.0,0,0,0,0,0,0,0,0,0,3,3,58,0,0
2024,8,"59 degrees, relative humidity 37%, wind 6 mph",Cincinnati Bengals,Philadelphia Eagles,Jack Stoll,PHI,Cincinnati Bengals,away,37,17,TE,0,0.0,0,0,0,0,0,0,0,0,0,1,1,6,0,0
2024,8,"59 degrees, relative humidity 37%, wind 6 mph",Cincinnati Bengals,Philadelphia Eagles,Jalen Hurts,PHI,Cincinnati Bengals,away,37,17,QB,30,50.847457627118644,16,20,236,1,0,0,10,37,3,0,0,0,0,0
2024,8,"59 degrees, relative humidity 37%, wind 6 mph",Cincinnati Bengals,Philadelphia Eagles,Kenneth Gainwell,PHI,Cincinnati Bengals,away,37,17,RB,5,8.47457627118644,0,0,0,0,0,0,5,19,0,1,0,0,0,0
2024,8,"59 degrees, relative humidity 37%, wind 6 mph",Cincinnati Bengals,Philadelphia Eagles,Saquon Barkley,PHI,Cincinnati Bengals,away,37,17,RB,22,37.28813559322034,0,0,0,0,0,0,22,108,0,1,1,3,0,0
2024,8,"59 degrees, relative humidity 37%, wind 6 mph",Cincinnati Bengals,Philadelphia Eagles,Will Shipley,PHI,Cincinnati Bengals,away,37,17,RB,2,3.389830508474576,0,0,0,0,0,0,2,-3,0,0,0,0,0,0
2024,8,"54 degrees, relative humidity 57%, wind 7 mph",New York Giants,Pittsburgh Steelers,Calvin Austin,PIT,New York Giants,away,26,18,UNK,0,0.0,0,0,0,0,0,0,0,0,0,4,3,54,1,0
2024,8,"54 degrees, relative humidity 57%, wind 7 mph",New York Giants,Pittsburgh Steelers,Darnell Washington,PIT,New York Giants,away,26,18,TE,0,0.0,0,0,0,0,0,0,0,0,0,1,1,29,0,0
2024,8,"54 degrees, relative humidity 57%, wind 7 mph",New York Giants,Pittsburgh Steelers,George Pickens,PIT,New York Giants,away,26,18,WR,0,0.0,0,0,0,0,0,0,0,0,0,5,4,74,0,0
2024,8,"54 degrees, relative humidity 57%, wind 7 mph",New York Giants,Pittsburgh Steelers,Jaylen Warren,PIT,New York Giants,away,26,18,RB,9,15.254237288135593,0,0,0,0,0,0,9,46,0,3,2,13,0,0
2024,8,"54 degrees, relative humidity 57%, wind 7 mph",New York Giants,Pittsburgh Steelers,MyCole Pruitt,PIT,New York Giants,away,26,18,TE,0,0.0,0,0,0,0,0,0,0,0,0,1,1,10,0,0
2024,8,"54 degrees, relative humidity 57%, wind 7 mph",New York Giants,Pittsburgh Steelers,Najee Harris,PIT,New York Giants,away,26,18,RB,19,32.20338983050847,0,0,0,0,0,0,19,114,0,4,3,17,0,0
2024,8,"54 degrees, relative humidity 57%, wind 7 mph",New York Giants,Pittsburgh Steelers,Pat Freiermuth,PIT,New York Giants,away,26,18,TE,0,0.0,0,0,0,0,0,0,0,0,0,2,2,19,0,0
2024,8,"54 degrees, relative humidity 57%, wind 7 mph",New York Giants,Pittsburgh Steelers,Russell Wilson,PIT,New York Giants,away,26,18,QB,31,52.54237288135594,20,28,278,1,0,4,3,7,0,0,0,0,0,1
2024,8,"54 degrees, relative humidity 57%, wind 7 mph",New York Giants,Pittsburgh Steelers,Scott Miller,PIT,New York Giants,away,26,18,WR,0,0.0,0,0,0,0,0,0,0,0,0,2,0,0,0,0
2024,8,"54 degrees, relative humidity 57%, wind 7 mph",New York Giants,Pittsburgh Steelers,Van Jefferson,PIT,New York Giants,away,26,18,WR,0,0.0,0,0,0,0,0,0,0,0,0,5,4,62,0,0
2024,8,"55 degrees, relative humidity 82%, wind 14 mph",Seattle Seahawks,Buffalo Bills,AJ Barner,SEA,Seattle Seahawks,away,31,10,TE,0,0.0,0,0,0,0,0,0,0,0,0,2,2,34,0,0
2024,8,"55 degrees, relative humidity 82%, wind 14 mph",Seattle Seahawks,Buffalo Bills,Geno Smith,SEA,Seattle Seahawks,away,31,10,QB,34,73.91304347826086,21,29,212,0,1,1,5,16,0,0,0,0,0,1
2024,8,"55 degrees, relative humidity 82%, wind 14 mph",Seattle Seahawks,Buffalo Bills,Jake Bobo,SEA,Seattle Seahawks,away,31,10,WR,0,0.0,0,0,0,0,0,0,0,0,0,1,1,15,0,0
2024,8,"55 degrees, relative humidity 82%, wind 14 mph",Seattle Seahawks,Buffalo Bills,Jaxon Smith-Njigba,SEA,Seattle Seahawks,away,31,10,WR,0,0.0,0,0,0,0,0,0,0,0,0,7,6,69,0,0
2024,8,"55 degrees, relative humidity 82%, wind 14 mph",Seattle Seahawks,Buffalo Bills,Kenneth Walker,SEA,Seattle Seahawks,away,31,10,UNK,9,19.565217391304348,0,0,0,0,0,0,9,12,0,5,4,33,0,0
2024,8,"55 degrees, relative humidity 82%, wind 14 mph",Seattle Seahawks,Buffalo Bills,Laviska Shenault Jr.,SEA,Seattle Seahawks,away,31,10,WR,0,0.0,0,0,0,0,0,0,0,0,0,1,1,10,0,0
2024,8,"55 degrees, relative humidity 82%, wind 14 mph",Seattle Seahawks,Buffalo Bills,Noah Fant,SEA,Seattle Seahawks,away,31,10,TE,0,0.0,0,0,0,0,0,0,0,0,0,4,3,22,0,0
2024,8,"55 degrees, relative humidity 82%, wind 14 mph",Seattle Seahawks,Buffalo Bills,Tyler Lockett,SEA,Seattle Seahawks,away,31,10,WR,0,0.0,0,0,0,0,0,0,0,0,0,3,1,9,0,0
2024,8,"55 degrees, relative humidity 82%, wind 14 mph",Seattle Seahawks,Buffalo Bills,Zach Charbonnet,SEA,Seattle Seahawks,away,31,10,RB,3,6.521739130434782,0,0,0,0,0,0,3,4,1,4,3,20,0,0
2024,8,"69 degrees, relative humidity 70%, wind 9 mph",Dallas Cowboys,San Francisco 49ers,Brock Purdy,SFO,Dallas Cowboys,away,30,24,QB,34,54.83870967741935,18,26,260,1,0,2,8,56,1,0,0,0,0,1
2024,8,"69 degrees, relative humidity 70%, wind 9 mph",Dallas Cowboys,San Francisco 49ers,Chris Conley,SFO,Dallas Cowboys,away,30,24,WR,0,0.0,0,0,0,0,0,0,0,0,0,1,0,0,0,0
2024,8,"69 degrees, relative humidity 70%, wind 9 mph",Dallas Cowboys,San Francisco 49ers,Deebo Samuel,SFO,Dallas Cowboys,away,30,24,WR,4,6.451612903225806,0,0,0,0,0,0,4,15,0,7,4,71,0,0
2024,8,"69 degrees, relative humidity 70%, wind 9 mph",Dallas Cowboys,San Francisco 49ers,George Kittle,SFO,Dallas Cowboys,away,30,24,TE,0,0.0,0,0,0,0,0,0,0,0,0,7,6,128,1,0
2024,8,"69 degrees, relative humidity 70%, wind 9 mph",Dallas Cowboys,San Francisco 49ers,Isaac Guerendo,SFO,Dallas Cowboys,away,30,24,RB,14,22.58064516129032,0,0,0,0,0,0,14,85,1,4,3,17,0,0
2024,8,"69 degrees, relative humidity 70%, wind 9 mph",Dallas Cowboys,San Francisco 49ers,Jordan Mason,SFO,Dallas Cowboys,away,30,24,RB,6,9.67741935483871,0,0,0,0,0,0,6,18,0,0,0,0,0,0
2024,8,"69 degrees, relative humidity 70%, wind 9 mph",Dallas Cowboys,San Francisco 49ers,Kyle Juszczyk,SFO,Dallas Cowboys,away,30,24,FB,1,1.6129032258064515,0,0,0,0,0,0,1,1,0,1,1,6,0,0
2024,8,"69 degrees, relative humidity 70%, wind 9 mph",Dallas Cowboys,San Francisco 49ers,Patrick Taylor,SFO,Dallas Cowboys,away,30,24,RB,2,3.225806451612903,0,0,0,0,0,0,2,9,0,0,0,0,0,0
2024,8,"69 degrees, relative humidity 70%, wind 9 mph",Dallas Cowboys,San Francisco 49ers,Ricky Pearsall,SFO,Dallas Cowboys,away,30,24,WR,1,1.6129032258064515,0,0,0,0,0,0,1,39,0,4,4,38,0,0
2024,8,"69 degrees, relative humidity 70%, wind 9 mph",Dallas Cowboys,San Francisco 49ers,Ronnie Bell,SFO,Dallas Cowboys,away,30,24,WR,0,0.0,0,0,0,0,0,0,0,0,0,1,0,0,0,0
2024,8,"79 degrees, relative humidity 59%, wind 6 mph",Tampa Bay Buccaneers,Atlanta Falcons,Baker Mayfield,TAM,Tampa Bay Buccaneers,away,31,26,QB,53,73.61111111111111,37,50,330,3,2,0,3,11,0,0,0,0,0,1
2024,8,"79 degrees, relative humidity 59%, wind 6 mph",Tampa Bay Buccaneers,Atlanta Falcons,Bucky Irving,TAM,Tampa Bay Buccaneers,away,31,26,RB,9,12.5,0,0,0,0,0,0,9,44,0,7,7,40,0,0
2024,8,"79 degrees, relative humidity 59%, wind 6 mph",Tampa Bay Buccaneers,Atlanta Falcons,Cade Otton,TAM,Tampa Bay Buccaneers,away,31,26,TE,0,0.0,0,0,0,0,0,0,0,0,0,10,9,81,2,0
2024,8,"79 degrees, relative humidity 59%, wind 6 mph",Tampa Bay Buccaneers,Atlanta Falcons,Jalen McMillan,TAM,Tampa Bay Buccaneers,away,31,26,WR,1,1.3888888888888888,0,0,0,0,0,0,1,17,0,7,4,35,0,0
2024,8,"79 degrees, relative humidity 59%, wind 6 mph",Tampa Bay Buccaneers,Atlanta Falcons,Rachaad White,TAM,Tampa Bay Buccaneers,away,31,26,RB,6,8.333333333333332,0,0,0,0,0,0,6,29,0,6,5,38,1,1
2024,8,"79 degrees, relative humidity 59%, wind 6 mph",Tampa Bay Buccaneers,Atlanta Falcons,Rakim Jarrett,TAM,Tampa Bay Buccaneers,away,31,26,WR,0,0.0,0,0,0,0,0,0,0,0,0,3,3,58,0,0
2024,8,"79 degrees, relative humidity 59%, wind 6 mph",Tampa Bay Buccaneers,Atlanta Falcons,Ryan Miller,TAM,Tampa Bay Buccaneers,away,31,26,WR,0,0.0,0,0,0,0,0,0,0,0,0,5,3,19,0,0
2024,8,"79 degrees, relative humidity 59%, wind 6 mph",Tampa Bay Buccaneers,Atlanta Falcons,Sean Tucker,TAM,Tampa Bay Buccaneers,away,31,26,RB,2,2.7777777777777777,0,0,0,0,0,0,2,3,0,1,1,12,0,0
2024,8,"79 degrees, relative humidity 59%, wind 6 mph",Tampa Bay Buccaneers,Atlanta Falcons,Sterling Shepard,TAM,Tampa Bay Buccaneers,away,31,26,WR,0,0.0,0,0,0,0,0,0,0,0,0,5,3,18,0,0
2024,8,"79 degrees, relative humidity 59%, wind 6 mph",Tampa Bay Buccaneers,Atlanta Falcons,Tavierre Thomas,TAM,Tampa Bay Buccaneers,away,31,26,CB,1,1.3888888888888888,0,0,0,0,0,0,1,-2,0,0,0,0,0,0
2024,8,"79 degrees, relative humidity 59%, wind 6 mph",Tampa Bay Buccaneers,Atlanta Falcons,Trey Palmer,TAM,Tampa Bay Buccaneers,away,31,26,WR,0,0.0,0,0,0,0,0,0,0,0,0,2,2,29,0,0
2024,8,,Tennessee Titans,Detroit Lions,Calvin Ridley,TEN,Tennessee Titans,away,52,14,WR,1,1.4285714285714286,0,0,0,0,0,0,1,3,0,15,10,143,0,1
2024,8,,Tennessee Titans,Detroit Lions,Chigoziem Okonkwo,TEN,Tennessee Titans,away,52,14,TE,0,0.0,0,0,0,0,0,0,0,0,0,5,2,14,0,1
2024,8,,Tennessee Titans,Detroit Lions,Jha'Quan Jackson,TEN,Tennessee Titans,away,52,14,WR,0,0.0,0,0,0,0,0,0,0,0,0,1,0,0,0,1
2024,8,,Tennessee Titans,Detroit Lions,Josh Whyle,TEN,Tennessee Titans,away,52,14,TE,0,0.0,0,0,0,0,0,0,0,0,0,2,2,33,0,0
2024,8,,Tennessee Titans,Detroit Lions,Julius Chestnut,TEN,Tennessee Titans,away,52,14,RB,7,10.0,0,0,0,0,0,0,7,32,0,0,0,0,0,0
2024,8,,Tennessee Titans,Detroit Lions,Mason Rudolph,TEN,Tennessee Titans,away,52,14,QB,42,60.0,22,38,266,1,2,1,4,29,1,0,0,0,0,0
2024,8,,Tennessee Titans,Detroit Lions,Nick Vannett,TEN,Tennessee Titans,away,52,14,TE,0,0.0,0,0,0,0,0,0,0,0,0,1,0,0,0,0
2024,8,,Tennessee Titans,Detroit Lions,Nick Westbrook-Ikhine,TEN,Tennessee Titans,away,52,14,WR,0,0.0,0,0,0,0,0,0,0,0,0,4,2,39,1,0
2024,8,,Tennessee Titans,Detroit Lions,Tony Pollard,TEN,Tennessee Titans,away,52,14,RB,20,28.57142857142857,0,0,0,0,0,0,20,94,0,4,3,23,0,0
2024,8,,Tennessee Titans,Detroit Lions,Tyler Boyd,TEN,Tennessee Titans,away,52,14,WR,0,0.0,0,0,0,0,0,0,0,0,0,6,3,14,0,0
2024,8,"58 degrees, relative humidity 33%, wind 2 mph",Chicago Bears,Washington Commanders,Austin Ekeler,WAS,Chicago Bears,away,18,15,RB,7,10.0,0,0,0,0,0,0,7,52,0,3,2,6,0,0
2024,8,"58 degrees, relative humidity 33%, wind 2 mph",Chicago Bears,Washington Commanders,Brian Robinson Jr.,WAS,Chicago Bears,away,18,15,RB,16,22.857142857142858,0,0,0,0,0,0,16,65,0,1,1,11,0,0
2024,8,"58 degrees, relative humidity 33%, wind 2 mph",Chicago Bears,Washington Commanders,Dyami Brown,WAS,Chicago Bears,away,18,15,WR,0,0.0,0,0,0,0,0,0,0,0,0,1,1,6,0,0
2024,8,"58 degrees, relative humidity 33%, wind 2 mph",Chicago Bears,Washington Commanders,Jayden Daniels,WAS,Chicago Bears,away,18,15,QB,46,65.71428571428571,21,38,326,1,0,2,8,52,0,0,0,0,0,0
2024,8,"58 degrees, relative humidity 33%, wind 2 mph",Chicago Bears,Washington Commanders,Jeremy McNichols,WAS,Chicago Bears,away,18,15,RB,1,1.4285714285714286,0,0,0,0,0,0,1,-1,0,0,0,0,0,0
2024,8,"58 degrees, relative humidity 33%, wind 2 mph",Chicago Bears,Washington Commanders,John Bates,WAS,Chicago Bears,away,18,15,TE,0,0.0,0,0,0,0,0,0,0,0,0,2,1,20,0,0
2024,8,"58 degrees, relative humidity 33%, wind 2 mph",Chicago Bears,Washington Commanders,Luke McCaffrey,WAS,Chicago Bears,away,18,15,WR,0,0.0,0,0,0,0,0,0,0,0,0,2,1,8,0,0
2024,8,"58 degrees, relative humidity 33%, wind 2 mph",Chicago Bears,Washington Commanders,Noah Brown,WAS,Chicago Bears,away,18,15,WR,0,0.0,0,0,0,0,0,0,0,0,0,6,3,73,1,0
2024,8,"58 degrees, relative humidity 33%, wind 2 mph",Chicago Bears,Washington Commanders,Terry McLaurin,WAS,Chicago Bears,away,18,15,WR,0,0.0,0,0,0,0,0,0,0,0,0,8,5,125,0,0
2024,8,"58 degrees, relative humidity 33%, wind 2 mph",Chicago Bears,Washington Commanders,Zach Ertz,WAS,Chicago Bears,away,18,15,TE,0,0.0,0,0,0,0,0,0,0,0,0,11,7,77,0,0
2024,9,,Chicago Bears,Arizona Cardinals,DeeJay Dallas,ARI,Chicago Bears,away,29,9,RB,1,1.8518518518518516,0,0,0,0,0,0,1,2,0,0,0,0,0,0
2024,9,,Chicago Bears,Arizona Cardinals,Elijah Higgins,ARI,Chicago Bears,away,29,9,TE,0,0.0,0,0,0,0,0,0,0,0,0,2,2,34,0,0
2024,9,,Chicago Bears,Arizona Cardinals,Emari Demercado,ARI,Chicago Bears,away,29,9,RB,4,7.4074074074074066,0,0,0,0,0,0,4,59,1,2,2,21,0,0
2024,9,,Chicago Bears,Arizona Cardinals,Greg Dortch,ARI,Chicago Bears,away,29,9,WR,0,0.0,0,0,0,0,0,0,0,0,0,1,0,0,0,0
2024,9,,Chicago Bears,Arizona Cardinals,James Conner,ARI,Chicago Bears,away,29,9,RB,18,33.33333333333333,0,0,0,0,0,0,18,107,0,3,3,12,0,0
2024,9,,Chicago Bears,Arizona Cardinals,Kyler Murray,ARI,Chicago Bears,away,29,9,QB,22,40.74074074074074,13,20,154,0,0,3,2,6,0,0,0,0,0,1
2024,9,,Chicago Bears,Arizona Cardinals,Marvin Harrison Jr.,ARI,Chicago Bears,away,29,9,WR,0,0.0,0,0,0,0,0,0,0,0,0,5,2,34,0,1
2024,9,,Chicago Bears,Arizona Cardinals,Michael Wilson,ARI,Chicago Bears,away,29,9,WR,0,0.0,0,0,0,0,0,0,0,0,0,1,0,0,0,0
2024,9,,Chicago Bears,Arizona Cardinals,Trey Benson,ARI,Chicago Bears,away,29,9,RB,8,14.814814814814813,0,0,0,0,0,0,8,37,1,1,1,18,0,0
2024,9,,Chicago Bears,Arizona Cardinals,Trey McBride,ARI,Chicago Bears,away,29,9,TE,1,1.8518518518518516,0,0,0,0,0,0,1,2,1,4,3,35,0,0
2024,9,,Dallas Cowboys,Atlanta Falcons,Bijan Robinson,ATL,Dallas Cowboys,away,27,21,RB,19,35.18518518518518,0,0,0,0,0,0,19,86,0,7,7,59,0,0
2024,9,,Dallas Cowboys,Atlanta Falcons,Darnell Mooney,ATL,Dallas Cowboys,away,27,21,WR,0,0.0,0,0,0,0,0,0,0,0,0,9,5,88,1,0
2024,9,,Dallas Cowboys,Atlanta Falcons,Drake London,ATL,Dallas Cowboys,away,27,21,WR,0,0.0,0,0,0,0,0,0,0,0,0,2,2,27,1,0
2024,9,,Dallas Cowboys,Atlanta Falcons,KhaDarel Hodge,ATL,Dallas Cowboys,away,27,21,WR,0,0.0,0,0,0,0,0,0,0,0,0,2,1,9,0,0
2024,9,,Dallas Cowboys,Atlanta Falcons,Kirk Cousins,ATL,Dallas Cowboys,away,27,21,QB,28,51.85185185185185,19,24,222,3,0,2,4,-11,0,0,0,0,0,2
2024,9,,Dallas Cowboys,Atlanta Falcons,Kyle Pitts,ATL,Dallas Cowboys,away,27,21,TE,0,0.0,0,0,0,0,0,0,0,0,0,1,1,11,0,0
2024,9,,Dallas Cowboys,Atlanta Falcons,Ray-Ray McCloud,ATL,Dallas Cowboys,away,27,21,WR,1,1.8518518518518516,0,0,0,0,0,0,1,7,0,3,3,28,1,1
2024,9,,Dallas Cowboys,Atlanta Falcons,Tyler Allgeier,ATL,Dallas Cowboys,away,27,21,RB,6,11.11111111111111,0,0,0,0,0,0,6,18,1,0,0,0,0,0
2024,9,"57 degrees, relative humidity 30%, wind 3 mph",Denver Broncos,Baltimore Ravens,Derrick Henry,BAL,Denver Broncos,away,41,10,RB,23,43.39622641509434,0,0,0,0,0,0,23,106,2,1,1,27,0,1
2024,9,"57 degrees, relative humidity 30%, wind 3 mph",Denver Broncos,Baltimore Ravens,Isaiah Likely,BAL,Denver Broncos,away,41,10,TE,0,0.0,0,0,0,0,0,0,0,0,0,1,0,0,0,0
2024,9,"57 degrees, relative humidity 30%, wind 3 mph",Denver Broncos,Baltimore Ravens,Josh Johnson,BAL,Denver Broncos,away,41,10,QB,3,5.660377358490567,0,0,0,0,0,0,3,2,0,0,0,0,0,0
2024,9,"57 degrees, relative humidity 30%, wind 3 mph",Denver Broncos,Baltimore Ravens,Justice Hill,BAL,Denver Broncos,away,41,10,RB,5,9.433962264150944,0,0,0,0,0,0,5,15,0,3,3,43,0,0
2024,9,"57 degrees, relative humidity 30%, wind 3 mph",Denver Broncos,Baltimore Ravens,Lamar Jackson,BAL,Denver Broncos,away,41,10,QB,22,41.509433962264154,16,19,280,3,0,1,3,4,0,0,0,0,0,1
2024,9,"57 degrees, relative humidity 30%, wind 3 mph",Denver Broncos,Baltimore Ravens,Mark Andrews,BAL,Denver Broncos,away,41,10,TE,0,0.0,0,0,0,0,0,0,0,0,0,2,2,26,0,0
2024,9,"57 degrees, relative humidity 30%, wind 3 mph",Denver Broncos,Baltimore Ravens,Nelson Agholor,BAL,Denver Broncos,away,41,10,WR,0,0.0,0,0,0,0,0,0,0,0,0,1,1,29,0,0
2024,9,"57 degrees, relative humidity 30%, wind 3 mph",Denver Broncos,Baltimore Ravens,Patrick Ricard,BAL,Denver Broncos,away,41,10,FB,0,0.0,0,0,0,0,0,0,0,0,0,1,1,3,1,0
2024,9,"57 degrees, relative humidity 30%, wind 3 mph",Denver Broncos,Baltimore Ravens,Rashod Bateman,BAL,Denver Broncos,away,41,10,WR,0,0.0,0,0,0,0,0,0,0,0,0,4,3,25,0,0
2024,9,"57 degrees, relative humidity 30%, wind 3 mph",Denver Broncos,Baltimore Ravens,Zay Flowers,BAL,Denver Broncos,away,41,10,WR,0,0.0,0,0,0,0,0,0,0,0,0,6,5,127,2,0
2024,9,"54 degrees, relative humidity 38%, wind 9 mph",Miami Dolphins,Buffalo Bills,Curtis Samuel,BUF,Miami Dolphins,away,30,27,WR,0,0.0,0,0,0,0,0,0,0,0,0,1,0,0,0,0
2024,9,"54 degrees, relative humidity 38%, wind 9 mph",Miami Dolphins,Buffalo Bills,Dalton Kincaid,BUF,Miami Dolphins,away,30,27,TE,0,0.0,0,0,0,0,0,0,0,0,0,10,4,32,0,0
2024,9,"54 degrees, relative humidity 38%, wind 9 mph",Miami Dolphins,Buffalo Bills,Dawson Knox,BUF,Miami Dolphins,away,30,27,TE,0,0.0,0,0,0,0,0,0,0,0,0,2,1,5,0,0
2024,9,"54 degrees, relative humidity 38%, wind 9 mph",Miami Dolphins,Buffalo Bills,James Cook,BUF,Miami Dolphins,away,30,27,RB,10,17.24137931034483,0,0,0,0,0,0,10,44,0,6,5,25,0,0
2024,9,"54 degrees, relative humidity 38%, wind 9 mph",Miami Dolphins,Buffalo Bills,Josh Allen,BUF,Miami Dolphins,away,30,27,QB,41,70.6896551724138,25,39,235,3,1,1,2,7,0,0,0,0,0,0
2024,9,"54 degrees, relative humidity 38%, wind 9 mph",Miami Dolphins,Buffalo Bills,Keon Coleman,BUF,Miami Dolphins,away,30,27,WR,0,0.0,0,0,0,0,0,0,0,0,0,2,1,21,0,0
2024,9,"54 degrees, relative humidity 38%, wind 9 mph",Miami Dolphins,Buffalo Bills,Khalil Shakir,BUF,Miami Dolphins,away,30,27,WR,0,0.0,0,0,0,0,0,0,0,0,0,7,6,50,0,0
2024,9,"54 degrees, relative humidity 38%, wind 9 mph",Miami Dolphins,Buffalo Bills,Mack Hollins,BUF,Miami Dolphins,away,30,27,WR,0,0.0,0,0,0,0,0,0,0,0,0,5,5,30,1,0
2024,9,"54 degrees, relative humidity 38%, wind 9 mph",Miami Dolphins,Buffalo Bills,Quintin Morris,BUF,Miami Dolphins,away,30,27,TE,0,0.0,0,0,0,0,0,0,0,0,0,1,1,2,1,0
2024,9,"54 degrees, relative humidity 38%, wind 9 mph",Miami Dolphins,Buffalo Bills,Ray Davis,BUF,Miami Dolphins,away,30,27,RB,4,6.896551724137931,0,0,0,0,0,0,4,20,0,2,2,70,1,0
2024,9,"54 degrees, relative humidity 38%, wind 9 mph",Miami Dolphins,Buffalo Bills,Ty Johnson,BUF,Miami Dolphins,away,30,27,RB,3,5.172413793103448,0,0,0,0,0,0,3,23,0,0,0,0,0,0
2024,9,"66 degrees, relative humidity 48%, wind 7 mph",New Orleans Saints,Carolina Panthers,Bryce Young,CAR,New Orleans Saints,away,23,22,QB,30,61.224489795918366,16,26,171,1,1,1,4,9,0,0,0,0,0,0
2024,9,"66 degrees, relative humidity 48%, wind 7 mph",New Orleans Saints,Carolina Panthers,Chuba Hubbard,CAR,New Orleans Saints,away,23,22,RB,15,30.612244897959183,0,0,0,0,0,0,15,72,2,3,2,0,0,0
2024,9,"66 degrees, relative humidity 48%, wind 7 mph",New Orleans Saints,Carolina Panthers,David Moore,CAR,New Orleans Saints,away,23,22,WR,0,0.0,0,0,0,0,0,0,0,0,0,4,2,20,0,0
2024,9,"66 degrees, relative humidity 48%, wind 7 mph",New Orleans Saints,Carolina Panthers,Deven Thompkins,CAR,New Orleans Saints,away,23,22,WR,1,2.0408163265306123,0,0,0,0,0,0,1,-2,0,0,0,0,0,0
2024,9,"66 degrees, relative humidity 48%, wind 7 mph",New Orleans Saints,Carolina Panthers,Ja'Tavion Sanders,CAR,New Orleans Saints,away,23,22,TE,0,0.0,0,0,0,0,0,0,0,0,0,5,4,87,0,0
2024,9,"66 degrees, relative humidity 48%, wind 7 mph",New Orleans Saints,Carolina Panthers,Jalen Coker,CAR,New Orleans Saints,away,23,22,WR,0,0.0,0,0,0,0,0,0,0,0,0,3,2,36,0,0
2024,9,"66 degrees, relative humidity 48%, wind 7 mph",New Orleans Saints,Carolina Panthers,Jonathan Mingo,CAR,New Orleans Saints,away,23,22,WR,0,0.0,0,0,0,0,0,0,0,0,0,1,0,0,0,0
2024,9,"66 degrees, relative humidity 48%, wind 7 mph",New Orleans Saints,Carolina Panthers,Miles Sanders,CAR,New Orleans Saints,away,23,22,RB,2,4.081632653061225,0,0,0,0,0,0,2,-5,0,2,2,-5,0,0
2024,9,"66 degrees, relative humidity 48%, wind 7 mph",New Orleans Saints,Carolina Panthers,Xavier Legette,CAR,New Orleans Saints,away,23,22,WR,1,2.0408163265306123,0,0,0,0,0,0,1,6,0,6,4,33,1,0
2024,9,,Chicago Bears,Arizona Cardinals,Caleb Williams,CHI,Chicago Bears,away,29,9,QB,45,70.3125,22,41,217,0,0,6,4,5,0,0,0,0,0,0
2024,9,,Chicago Bears,Arizona Cardinals,D'Andre Swift,CHI,Chicago Bears,away,29,9,RB,16,25.0,0,0,0,0,0,0,16,51,0,6,6,31,0,1
2024,9,,Chicago Bears,Arizona Cardinals,D.J. Moore,CHI,Chicago Bears,away,29,9,WR,0,0.0,0,0,0,0,0,0,0,0,0,9,4,33,0,0
2024,9,,Chicago Bears,Arizona Cardinals,Gerald Everett,CHI,Chicago Bears,away,29,9,TE,0,0.0,0,0,0,0,0,0,0,0,0,1,1,5,0,0
2024,9,,Chicago Bears,Arizona Cardinals,Keenan Allen,CHI,Chicago Bears,away,29,9,WR,0,0.0,0,0,0,0,0,0,0,0,0,10,4,36,0,0
2024,9,,Chicago Bears,Arizona Cardinals,Rome Odunze,CHI,Chicago Bears,away,29,9,WR,0,0.0,0,0,0,0,0,0,0,0,0,7,5,104,0,0
2024,9,,Chicago Bears,Arizona Cardinals,Roschon Johnson,CHI,Chicago Bears,away,29,9,RB,3,4.6875,0,0,0,0,0,0,3,13,0,3,2,8,0,0
2024,9,"67 degrees, relative humidity 41%, wind 7 mph",Las Vegas Raiders,Cincinnati Bengals,Andrei Iosivas,CIN,Las Vegas Raiders,away,41,24,WR,0,0.0,0,0,0,0,0,0,0,0,0,4,1,10,1,0
2024,9,"67 degrees, relative humidity 41%, wind 7 mph",Las Vegas Raiders,Cincinnati Bengals,Chase Brown,CIN,Las Vegas Raiders,away,41,24,RB,27,38.57142857142858,0,0,0,0,0,0,27,120,0,5,5,37,1,0
2024,9,"67 degrees, relative humidity 41%, wind 7 mph",Las Vegas Raiders,Cincinnati Bengals,Drew Sample,CIN,Las Vegas Raiders,away,41,24,TE,0,0.0,0,0,0,0,0,0,0,0,0,4,4,14,1,0
2024,9,"67 degrees, relative humidity 41%, wind 7 mph",Las Vegas Raiders,Cincinnati Bengals,Erick All,CIN,Las Vegas Raiders,away,41,24,TE,0,0.0,0,0,0,0,0,0,0,0,0,2,2,24,0,0
2024,9,"67 degrees, relative humidity 41%, wind 7 mph",Las Vegas Raiders,Cincinnati Bengals,Ja'Marr Chase,CIN,Las Vegas Raiders,away,41,24,WR,0,0.0,0,0,0,0,0,0,0,0,0,11,7,43,0,0
2024,9,"67 degrees, relative humidity 41%, wind 7 mph",Las Vegas Raiders,Cincinnati Bengals,Jake Browning,CIN,Las Vegas Raiders,away,41,24,QB,1,1.4285714285714286,0,0,0,0,0,0,1,-1,0,0,0,0,0,0
2024,9,"67 degrees, relative humidity 41%, wind 7 mph",Las Vegas Raiders,Cincinnati Bengals,Joe Burrow,CIN,Las Vegas Raiders,away,41,24,QB,42,60.0,27,39,251,5,1,1,3,11,0,0,0,0,0,0
2024,9,"67 degrees, relative humidity 41%, wind 7 mph",Las Vegas Raiders,Cincinnati Bengals,Kendric Pryor,CIN,Las Vegas Raiders,away,41,24,WR,0,0.0,0,0,0,0,0,0,0,0,0,1,1,9,0,0
2024,9,"67 degrees, relative humidity 41%, wind 7 mph",Las Vegas Raiders,Cincinnati Bengals,Mike Gesicki,CIN,Las Vegas Raiders,away,41,24,TE,0,0.0,0,0,0,0,0,0,0,0,0,6,5,100,2,0
2024,9,"67 degrees, relative humidity 41%, wind 7 mph",Las Vegas Raiders,Cincinnati Bengals,Tanner Hudson,CIN,Las Vegas Raiders,away,41,24,TE,0,0.0,0,0,0,0,0,0,0,0,0,3,2,14,0,0
2024,9,"67 degrees, relative humidity 41%, wind 7 mph",Las Vegas Raiders,Cincinnati Bengals,Trenton Irwin,CIN,Las Vegas Raiders,away,41,24,WR,0,0.0,0,0,0,0,0,0,0,0,0,1,0,0,0,0
2024,9,"57 degrees, relative humidity 42%, wind 10 mph",Cleveland Browns,Los Angeles Chargers,Cedric Tillman,CLE,Cleveland Browns,away,27,10,WR,0,0.0,0,0,0,0,0,0,0,0,0,11,6,75,1,0
2024,9,"57 degrees, relative humidity 42%, wind 10 mph",Cleveland Browns,Los Angeles Chargers,David Njoku,CLE,Cleveland Browns,away,27,10,TE,0,0.0,0,0,0,0,0,0,0,0,0,7,5,29,0,0
2024,9,"57 degrees, relative humidity 42%, wind 10 mph",Cleveland Browns,Los Angeles Chargers,Elijah Moore,CLE,Cleveland Browns,away,27,10,WR,0,0.0,0,0,0,0,0,0,0,0,0,9,3,28,0,0
2024,9,"57 degrees, relative humidity 42%, wind 10 mph",Cleveland Browns,Los Angeles Chargers,Jameis Winston,CLE,Cleveland Browns,away,27,10,QB,51,72.85714285714285,26,46,235,1,3,6,5,27,0,0,0,0,0,1
2024,9,"57 degrees, relative humidity 42%, wind 10 mph",Cleveland Browns,Los Angeles Chargers,Jerome Ford,CLE,Cleveland Browns,away,27,10,RB,2,2.857142857142857,0,0,0,0,0,0,2,5,0,3,1,2,0,0
2024,9,"57 degrees, relative humidity 42%, wind 10 mph",Cleveland Browns,Los Angeles Chargers,Jerry Jeudy,CLE,Cleveland Browns,away,27,10,WR,0,0.0,0,0,0,0,0,0,0,0,0,11,7,73,0,0
2024,9,"57 degrees, relative humidity 42%, wind 10 mph",Cleveland Browns,Los Angeles Chargers,Jordan Akins,CLE,Cleveland Browns,away,27,10,TE,0,0.0,0,0,0,0,0,0,0,0,0,4,3,32,0,0
2024,9,"57 degrees, relative humidity 42%, wind 10 mph",Cleveland Browns,Los Angeles Chargers,Nick Chubb,CLE,Cleveland Browns,away,27,10,RB,15,21.428571428571427,0,0,0,0,0,0,15,39,0,1,1,-4,0,0
2024,9,"57 degrees, relative humidity 42%, wind 10 mph",Cleveland Browns,Los Angeles Chargers,Pierre Strong,CLE,Cleveland Browns,away,27,10,RB,2,2.857142857142857,0,0,0,0,0,0,2,8,0,0,0,0,0,0
2024,9,,Dallas Cowboys,Atlanta Falcons,Bryan Anger,DAL,Dallas Cowboys,away,27,21,P,1,1.4084507042253522,0,1,0,0,0,0,0,0,0,0,0,0,0,0
2024,9,,Dallas Cowboys,Atlanta Falcons,C.J. Goodwin,DAL,Dallas Cowboys,away,27,21,CB,0,0.0,0,0,0,0,0,0,0,0,0,1,0,0,0,0
2024,9,,Dallas Cowboys,Atlanta Falcons,CeeDee Lamb,DAL,Dallas Cowboys,away,27,21,WR,2,2.8169014084507045,0,0,0,0,0,0,2,15,0,12,8,47,0,0
2024,9,,Dallas Cowboys,Atlanta Falcons,Cooper Rush,DAL,Dallas Cowboys,away,27,21,QB,26,36.61971830985916,13,25,115,1,0,0,1,4,0,0,0,0,0,1
2024,9,,Dallas Cowboys,Atlanta Falcons,Dak Prescott,DAL,Dallas Cowboys,away,27,21,QB,27,38.028169014084504,18,24,133,1,0,3,3,30,0,0,0,0,0,0
2024,9,,Dallas Cowboys,Atlanta Falcons,Dalvin Cook,DAL,Dallas Cowboys,away,27,21,RB,2,2.8169014084507045,0,0,0,0,0,0,2,8,0,0,0,0,0,0
2024,9,,Dallas Cowboys,Atlanta Falcons,Hunter Luepke,DAL,Dallas Cowboys,away,27,21,FB,1,1.4084507042253522,0,0,0,0,0,0,1,5,0,2,2,4,0,0
2024,9,,Dallas Cowboys,Atlanta Falcons,Jake Ferguson,DAL,Dallas Cowboys,away,27,21,TE,0,0.0,0,0,0,0,0,0,0,0,0,10,7,71,0,0
2024,9,,Dallas Cowboys,Atlanta Falcons,Jalen Brooks,DAL,Dallas Cowboys,away,27,21,WR,0,0.0,0,0,0,0,0,0,0,0,0,5,2,26,0,0
2024,9,,Dallas Cowboys,Atlanta Falcons,Jalen Tolbert,DAL,Dallas Cowboys,away,27,21,WR,0,0.0,0,0,0,0,0,0,0,0,0,6,3,19,1,0
2024,9,,Dallas Cowboys,Atlanta Falcons,KaVontae Turpin,DAL,Dallas Cowboys,away,27,21,WR,0,0.0,0,0,0,0,0,0,0,0,0,4,3,36,0,0
2024,9,,Dallas Cowboys,Atlanta Falcons,Rico Dowdle,DAL,Dallas Cowboys,away,27,21,RB,12,16.901408450704224,0,0,0,0,0,0,12,75,0,6,5,32,1,0
2024,9,,Dallas Cowboys,Atlanta Falcons,Ryan Flournoy,DAL,Dallas Cowboys,away,27,21,WR,0,0.0,0,0,0,0,0,0,0,0,0,2,1,13,0,0
2024,9,"57 degrees, relative humidity 30%, wind 3 mph",Denver Broncos,Baltimore Ravens,Adam Trautman,DEN,Denver Broncos,away,41,10,TE,0,0.0,0,0,0,0,0,0,0,0,0,1,1,4,0,0
2024,9,"57 degrees, relative humidity 30%, wind 3 mph",Denver Broncos,Baltimore Ravens,Audric Estime,DEN,Denver Broncos,away,41,10,RB,5,7.8125,0,0,0,0,0,0,5,35,0,0,0,0,0,0
2024,9,"57 degrees, relative humidity 30%, wind 3 mph",Denver Broncos,Baltimore Ravens,Bo Nix,DEN,Denver Broncos,away,41,10,QB,39,60.9375,19,33,223,0,1,4,6,36,0,1,1,2,1,0
2024,9,"57 degrees, relative humidity 30%, wind 3 mph",Denver Broncos,Baltimore Ravens,Courtland Sutton,DEN,Denver Broncos,away,41,10,WR,1,1.5625,1,1,2,1,0,0,0,0,0,10,7,122,0,0
2024,9,"57 degrees, relative humidity 30%, wind 3 mph",Denver Broncos,Baltimore Ravens,Devaughn Vele,DEN,Denver Broncos,away,41,10,WR,0,0.0,0,0,0,0,0,0,0,0,0,3,2,11,0,0
2024,9,"57 degrees, relative humidity 30%, wind 3 mph",Denver Broncos,Baltimore Ravens,Jaleel McLaughlin,DEN,Denver Broncos,away,41,10,RB,5,7.8125,0,0,0,0,0,0,5,10,0,3,3,10,0,0
2024,9,"57 degrees, relative humidity 30%, wind 3 mph",Denver Broncos,Baltimore Ravens,Javonte Williams,DEN,Denver Broncos,away,41,10,RB,12,18.75,0,0,0,0,0,0,12,42,0,3,2,42,0,0
2024,9,"57 degrees, relative humidity 30%, wind 3 mph",Denver Broncos,Baltimore Ravens,Lil'Jordan Humphrey,DEN,Denver Broncos,away,41,10,WR,0,0.0,0,0,0,0,0,0,0,0,0,5,2,11,0,0
2024,9,"57 degrees, relative humidity 30%, wind 3 mph",Denver Broncos,Baltimore Ravens,Lucas Krull,DEN,Denver Broncos,away,41,10,TE,0,0.0,0,0,0,0,0,0,0,0,0,1,0,0,0,0
2024,9,"57 degrees, relative humidity 30%, wind 3 mph",Denver Broncos,Baltimore Ravens,Marvin Mims,DEN,Denver Broncos,away,41,10,WR,0,0.0,0,0,0,0,0,0,0,0,0,2,1,4,0,0
2024,9,"57 degrees, relative humidity 30%, wind 3 mph",Denver Broncos,Baltimore Ravens,Michael Burton,DEN,Denver Broncos,away,41,10,FB,2,3.125,0,0,0,0,0,0,2,-1,0,0,0,0,0,0
2024,9,"57 degrees, relative humidity 30%, wind 3 mph",Denver Broncos,Baltimore Ravens,Troy Franklin,DEN,Denver Broncos,away,41,10,WR,0,0.0,0,0,0,0,0,0,0,0,0,4,1,19,0,0
2024,9,"50 degrees, relative humidity 86%, wind 15 mph",Green Bay Packers,Detroit Lions,Allen Robinson,DET,Green Bay Packers,away,24,14,WR,0,0.0,0,0,0,0,0,0,0,0,0,1,1,2,0,0
2024,9,"50 degrees, relative humidity 86%, wind 15 mph",Green Bay Packers,Detroit Lions,Amon-Ra St. Brown,DET,Green Bay Packers,away,24,14,WR,0,0.0,0,0,0,0,0,0,0,0,0,7,7,56,1,0
2024,9,"50 degrees, relative humidity 86%, wind 15 mph",Green Bay Packers,Detroit Lions,Brock Wright,DET,Green Bay Packers,away,24,14,TE,0,0.0,0,0,0,0,0,0,0,0,0,1,1,1,0,0
2024,9,"50 degrees, relative humidity 86%, wind 15 mph",Green Bay Packers,Detroit Lions,David Montgomery,DET,Green Bay Packers,away,24,14,RB,17,31.48148148148148,0,0,0,0,0,0,17,73,0,3,3,23,0,0
2024,9,"50 degrees, relative humidity 86%, wind 15 mph",Green Bay Packers,Detroit Lions,Jahmyr Gibbs,DET,Green Bay Packers,away,24,14,RB,11,20.37037037037037,0,0,0,0,0,0,11,65,1,2,1,11,0,0
2024,9,"50 degrees, relative humidity 86%, wind 15 mph",Green Bay Packers,Detroit Lions,Jared Goff,DET,Green Bay Packers,away,24,14,QB,25,46.2962962962963,18,22,145,1,0,1,3,-2,0,0,0,0,0,0
2024,9,"50 degrees, relative humidity 86%, wind 15 mph",Green Bay Packers,Detroit Lions,Kalif Raymond,DET,Green Bay Packers,away,24,14,WR,1,1.8518518518518516,0,0,0,0,0,0,1,-12,0,1,1,12,0,0
2024,9,"50 degrees, relative humidity 86%, wind 15 mph",Green Bay Packers,Detroit Lions,Sam LaPorta,DET,Green Bay Packers,away,24,14,TE,0,0.0,0,0,0,0,0,0,0,0,0,3,2,28,0,0
2024,9,"50 degrees, relative humidity 86%, wind 15 mph",Green Bay Packers,Detroit Lions,Tim Patrick,DET,Green Bay Packers,away,24,14,WR,0,0.0,0,0,0,0,0,0,0,0,0,2,2,12,0,0
2024,9,"50 degrees, relative humidity 86%, wind 15 mph",Green Bay Packers,Detroit Lions,Bo Melton,GNB,Green Bay Packers,away,24,14,WR,0,0.0,0,0,0,0,0,0,0,0,0,2,1,19,0,0
2024,9,"50 degrees, relative humidity 86%, wind 15 mph",Green Bay Packers,Detroit Lions,Chris Brooks,GNB,Green Bay Packers,away,24,14,RB,2,3.225806451612903,0,0,0,0,0,0,2,13,0,4,3,28,0,0
2024,9,"50 degrees, relative humidity 86%, wind 15 mph",Green Bay Packers,Detroit Lions,Christian Watson,GNB,Green Bay Packers,away,24,14,WR,0,0.0,0,0,0,0,0,0,0,0,0,7,3,37,0,0
2024,9,"50 degrees, relative humidity 86%, wind 15 mph",Green Bay Packers,Detroit Lions,Dontayvion Wicks,GNB,Green Bay Packers,away,24,14,WR,0,0.0,0,0,0,0,0,0,0,0,0,3,0,0,0,0
2024,9,"50 degrees, relative humidity 86%, wind 15 mph",Green Bay Packers,Detroit Lions,Emanuel Wilson,GNB,Green Bay Packers,away,24,14,RB,4,6.451612903225806,0,0,0,0,0,0,4,28,1,1,1,1,0,0
2024,9,"50 degrees, relative humidity 86%, wind 15 mph",Green Bay Packers,Detroit Lions,Jayden Reed,GNB,Green Bay Packers,away,24,14,WR,0,0.0,0,0,0,0,0,0,0,0,0,6,5,113,0,0
2024,9,"50 degrees, relative humidity 86%, wind 15 mph",Green Bay Packers,Detroit Lions,Jordan Love,GNB,Green Bay Packers,away,24,14,QB,42,67.74193548387096,23,39,273,0,1,0,3,0,0,0,0,0,0,3
2024,9,"50 degrees, relative humidity 86%, wind 15 mph",Green Bay Packers,Detroit Lions,Josh Jacobs,GNB,Green Bay Packers,away,24,14,RB,13,20.967741935483872,0,0,0,0,0,0,13,95,0,3,2,13,0,0
2024,9,"50 degrees, relative humidity 86%, wind 15 mph",Green Bay Packers,Detroit Lions,Romeo Doubs,GNB,Green Bay Packers,away,24,14,WR,0,0.0,0,0,0,0,0,0,0,0,0,5,4,28,0,0
2024,9,"50 degrees, relative humidity 86%, wind 15 mph",Green Bay Packers,Detroit Lions,Tucker Kraft,GNB,Green Bay Packers,away,24,14,TE,1,1.6129032258064515,0,0,0,0,0,0,1,2,0,6,4,34,0,0
2024,9,"71 degrees, relative humidity 65%, wind 8 mph",Houston Texans,New York Jets,C.J. Stroud,HOU,Houston Texans,away,21,13,QB,38,56.71641791044776,11,30,191,0,0,8,8,59,0,1,0,0,0,1
2024,9,"71 degrees, relative humidity 65%, wind 8 mph",Houston Texans,New York Jets,Cade Stover,HOU,Houston Texans,away,21,13,TE,0,0.0,0,0,0,0,0,0,0,0,0,2,0,0,0,0
2024,9,"71 degrees, relative humidity 65%, wind 8 mph",Houston Texans,New York Jets,Dalton Schultz,HOU,Houston Texans,away,21,13,TE,0,0.0,0,0,0,0,0,0,0,0,0,6,3,21,0,0
2024,9,"71 degrees, relative humidity 65%, wind 8 mph",Houston Texans,New York Jets,Dare Ogunbowale,HOU,Houston Texans,away,21,13,RB,1,1.4925373134328357,0,0,0,0,0,0,1,-1,0,3,0,0,0,0
2024,9,"71 degrees, relative humidity 65%, wind 8 mph",Houston Texans,New York Jets,J.J. Taylor,HOU,Houston Texans,away,21,13,RB,3,4.477611940298507,0,0,0,0,0,0,3,23,0,0,0,0,0,0
2024,9,"71 degrees, relative humidity 65%, wind 8 mph",Houston Texans,New York Jets,Joe Mixon,HOU,Houston Texans,away,21,13,RB,25,37.3134328358209,0,1,0,0,0,0,24,106,1,0,0,0,0,0
2024,9,"71 degrees, relative humidity 65%, wind 8 mph",Houston Texans,New York Jets,John Metchie,HOU,Houston Texans,away,21,13,WR,0,0.0,0,0,0,0,0,0,0,0,0,2,0,0,0,0
2024,9,"71 degrees, relative humidity 65%, wind 8 mph",Houston Texans,New York Jets,Robert Woods,HOU,Houston Texans,away,21,13,WR,0,0.0,0,0,0,0,0,0,0,0,0,3,2,44,0,0
2024,9,"71 degrees, relative humidity 65%, wind 8 mph",Houston Texans,New York Jets,Tank Dell,HOU,Houston Texans,away,21,13,WR,0,0.0,0,0,0,0,0,0,0,0,0,9,6,126,0,0
2024,9,"71 degrees, relative humidity 65%, wind 8 mph",Houston Texans,New York Jets,Xavier Hutchinson,HOU,Houston Texans,away,21,13,WR,0,0.0,0,0,0,0,0,0,0,0,0,3,0,0,0,0
2024,9,,Indianapolis Colts,Minnesota Vikings,Adonai Mitchell,IND,Indianapolis Colts,away,21,13,WR,0,0.0,0,0,0,0,0,0,0,0,0,1,1,22,0,0
2024,9,,Indianapolis Colts,Minnesota Vikings,Alec Pierce,IND,Indianapolis Colts,away,21,13,WR,0,0.0,0,0,0,0,0,0,0,0,0,3,3,41,0,0
2024,9,,Indianapolis Colts,Minnesota Vikings,Ashton Dulin,IND,Indianapolis Colts,away,21,13,WR,2,4.3478260869565215,0,0,0,0,0,0,2,17,0,2,0,0,0,0
2024,9,,Indianapolis Colts,Minnesota Vikings,Joe Flacco,IND,Indianapolis Colts,away,21,13,QB,29,63.04347826086957,16,27,179,0,1,3,2,-1,0,0,0,0,0,1
2024,9,,Indianapolis Colts,Minnesota Vikings,Jonathan Taylor,IND,Indianapolis Colts,away,21,13,RB,13,28.26086956521739,0,0,0,0,0,0,13,48,0,5,3,11,0,0
2024,9,,Indianapolis Colts,Minnesota Vikings,Josh Downs,IND,Indianapolis Colts,away,21,13,WR,0,0.0,0,0,0,0,0,0,0,0,0,9,6,60,0,0
2024,9,,Indianapolis Colts,Minnesota Vikings,Kylen Granson,IND,Indianapolis Colts,away,21,13,TE,0,0.0,0,0,0,0,0,0,0,0,0,1,1,22,0,0
2024,9,,Indianapolis Colts,Minnesota Vikings,Michael Pittman Jr.,IND,Indianapolis Colts,away,21,13,WR,0,0.0,0,0,0,0,0,0,0,0,0,4,1,14,0,0
2024,9,,Indianapolis Colts,Minnesota Vikings,Trey Sermon,IND,Indianapolis Colts,away,21,13,RB,2,4.3478260869565215,0,0,0,0,0,0,2,4,0,2,1,9,0,0
2024,9,"57 degrees, relative humidity 31%, wind 6 mph",Jacksonville Jaguars,Philadelphia Eagles,Austin Trammell,JAX,Jacksonville Jaguars,away,28,23,WR,0,0.0,0,0,0,0,0,0,0,0,0,3,2,40,0,1
2024,9,"57 degrees, relative humidity 31%, wind 6 mph",Jacksonville Jaguars,Philadelphia Eagles,Brian Thomas,JAX,Jacksonville Jaguars,away,28,23,WR,0,0.0,0,0,0,0,0,0,0,0,0,4,2,22,0,0
2024,9,"57 degrees, relative humidity 31%, wind 6 mph",Jacksonville Jaguars,Philadelphia Eagles,D'Ernest Johnson,JAX,Jacksonville Jaguars,away,28,23,RB,2,4.081632653061225,0,0,0,0,0,0,2,6,0,1,0,0,0,0
2024,9,"57 degrees, relative humidity 31%, wind 6 mph",Jacksonville Jaguars,Philadelphia Eagles,Evan Engram,JAX,Jacksonville Jaguars,away,28,23,TE,0,0.0,0,0,0,0,0,0,0,0,0,10,5,45,0,0
2024,9,"57 degrees, relative humidity 31%, wind 6 mph",Jacksonville Jaguars,Philadelphia Eagles,Luke Farrell,JAX,Jacksonville Jaguars,away,28,23,TE,0,0.0,0,0,0,0,0,0,0,0,0,1,1,5,0,0
2024,9,"57 degrees, relative humidity 31%, wind 6 mph",Jacksonville Jaguars,Philadelphia Eagles,Parker Washington,JAX,Jacksonville Jaguars,away,28,23,WR,0,0.0,0,0,0,0,0,0,0,0,0,6,3,41,0,0
2024,9,"57 degrees, relative humidity 31%, wind 6 mph",Jacksonville Jaguars,Philadelphia Eagles,Tank Bigsby,JAX,Jacksonville Jaguars,away,28,23,RB,8,16.3265306122449,0,0,0,0,0,0,8,22,0,0,0,0,0,0
2024,9,"57 degrees, relative humidity 31%, wind 6 mph",Jacksonville Jaguars,Philadelphia Eagles,Tim Jones,JAX,Jacksonville Jaguars,away,28,23,WR,0,0.0,0,0,0,0,0,0,0,0,0,2,1,10,0,0
2024,9,"57 degrees, relative humidity 31%, wind 6 mph",Jacksonville Jaguars,Philadelphia Eagles,Travis Etienne,JAX,Jacksonville Jaguars,away,28,23,RB,3,6.122448979591836,0,0,0,0,0,0,3,24,0,3,2,6,0,0
2024,9,"57 degrees, relative humidity 31%, wind 6 mph",Jacksonville Jaguars,Philadelphia Eagles,Trevor Lawrence,JAX,Jacksonville Jaguars,away,28,23,QB,36,73.46938775510205,16,31,169,0,2,2,5,8,2,0,0,0,0,0
2024,9,"63 degrees, relative humidity 90%, wind 6 mph",Tampa Bay Buccaneers,Kansas City Chiefs,Carson Steele,KAN,Tampa Bay Buccaneers,away,30,24,RB,3,3.79746835443038,0,0,0,0,0,0,3,9,0,0,0,0,0,0
2024,9,"63 degrees, relative humidity 90%, wind 6 mph",Tampa Bay Buccaneers,Kansas City Chiefs,DeAndre Hopkins,KAN,Tampa Bay Buccaneers,away,30,24,WR,0,0.0,0,0,0,0,0,0,0,0,0,9,8,86,2,0
2024,9,"63 degrees, relative humidity 90%, wind 6 mph",Tampa Bay Buccaneers,Kansas City Chiefs,Justin Watson,KAN,Tampa Bay Buccaneers,away,30,24,WR,0,0.0,0,0,0,0,0,0,0,0,0,4,3,43,0,0
2024,9,"63 degrees, relative humidity 90%, wind 6 mph",Tampa Bay Buccaneers,Kansas City Chiefs,Kareem Hunt,KAN,Tampa Bay Buccaneers,away,30,24,RB,27,34.177215189873415,0,0,0,0,0,0,27,106,1,1,1,11,0,0
2024,9,"63 degrees, relative humidity 90%, wind 6 mph",Tampa Bay Buccaneers,Kansas City Chiefs,Mecole Hardman,KAN,Tampa Bay Buccaneers,away,30,24,WR,0,0.0,0,0,0,0,0,0,0,0,0,3,3,17,0,0
2024,9,"63 degrees, relative humidity 90%, wind 6 mph",Tampa Bay Buccaneers,Kansas City Chiefs,Noah Gray,KAN,Tampa Bay Buccaneers,away,30,24,TE,0,0.0,0,0,0,0,0,0,0,0,0,1,0,0,0,0
2024,9,"63 degrees, relative humidity 90%, wind 6 mph",Tampa Bay Buccaneers,Kansas City Chiefs,Patrick Mahomes,KAN,Tampa Bay Buccaneers,away,30,24,QB,46,58.22784810126582,34,44,291,3,0,4,2,9,0,0,0,0,0,0
2024,9,"63 degrees, relative humidity 90%, wind 6 mph",Tampa Bay Buccaneers,Kansas City Chiefs,Peyton Hendershot,KAN,Tampa Bay Buccaneers,away,30,24,TE,0,0.0,0,0,0,0,0,0,0,0,0,1,1,9,0,0
2024,9,"63 degrees, relative humidity 90%, wind 6 mph",Tampa Bay Buccaneers,Kansas City Chiefs,Samaje Perine,KAN,Tampa Bay Buccaneers,away,30,24,RB,1,1.2658227848101267,0,0,0,0,0,0,1,10,0,5,4,25,1,0
2024,9,"63 degrees, relative humidity 90%, wind 6 mph",Tampa Bay Buccaneers,Kansas City Chiefs,Travis Kelce,KAN,Tampa Bay Buccaneers,away,30,24,TE,0,0.0,0,0,0,0,0,0,0,0,0,16,14,100,0,1
2024,9,"63 degrees, relative humidity 90%, wind 6 mph",Tampa Bay Buccaneers,Kansas City Chiefs,Xavier Worthy,KAN,Tampa Bay Buccaneers,away,30,24,WR,2,2.5316455696202533,0,0,0,0,0,0,2,-10,0,2,0,0,0,0
2024,9,"57 degrees, relative humidity 42%, wind 10 mph",Cleveland Browns,Los Angeles Chargers,Eric Tomlinson,LAC,Cleveland Browns,away,27,10,TE,0,0.0,0,0,0,0,0,0,0,0,0,1,1,2,0,0
2024,9,"57 degrees, relative humidity 42%, wind 10 mph",Cleveland Browns,Los Angeles Chargers,Hayden Hurst,LAC,Cleveland Browns,away,27,10,TE,0,0.0,0,0,0,0,0,0,0,0,0,1,1,6,0,0
2024,9,"57 degrees, relative humidity 42%, wind 10 mph",Cleveland Browns,Los Angeles Chargers,J.K. Dobbins,LAC,Cleveland Browns,away,27,10,RB,14,28.000000000000004,0,0,0,0,0,0,14,85,2,2,2,20,0,0
2024,9,"57 degrees, relative humidity 42%, wind 10 mph",Cleveland Browns,Los Angeles Chargers,Jalen Reagor,LAC,Cleveland Browns,away,27,10,WR,0,0.0,0,0,0,0,0,0,0,0,0,2,1,0,0,0
2024,9,"57 degrees, relative humidity 42%, wind 10 mph",Cleveland Browns,Los Angeles Chargers,Josh Palmer,LAC,Cleveland Browns,away,27,10,WR,0,0.0,0,0,0,0,0,0,0,0,0,4,2,63,1,0
2024,9,"57 degrees, relative humidity 42%, wind 10 mph",Cleveland Browns,Los Angeles Chargers,Justin Herbert,LAC,Cleveland Browns,away,27,10,QB,30,60.0,18,27,282,2,0,6,3,2,0,0,0,0,0,0
2024,9,"57 degrees, relative humidity 42%, wind 10 mph",Cleveland Browns,Los Angeles Chargers,Kimani Vidal,LAC,Cleveland Browns,away,27,10,RB,5,10.0,0,0,0,0,0,0,5,7,0,0,0,0,0,0
2024,9,"57 degrees, relative humidity 42%, wind 10 mph",Cleveland Browns,Los Angeles Chargers,Ladd McConkey,LAC,Cleveland Browns,away,27,10,WR,0,0.0,0,0,0,0,0,0,0,0,0,7,5,64,0,0
2024,9,"57 degrees, relative humidity 42%, wind 10 mph",Cleveland Browns,Los Angeles Chargers,Quentin Johnston,LAC,Cleveland Browns,away,27,10,WR,1,2.0,0,0,0,0,0,0,1,2,0,5,4,118,1,0
2024,9,"57 degrees, relative humidity 42%, wind 10 mph",Cleveland Browns,Los Angeles Chargers,Simi Fehoko,LAC,Cleveland Browns,away,27,10,WR,0,0.0,0,0,0,0,0,0,0,0,0,1,0,0,0,0
2024,9,"57 degrees, relative humidity 42%, wind 10 mph",Cleveland Browns,Los Angeles Chargers,Will Dissly,LAC,Cleveland Browns,away,27,10,TE,0,0.0,0,0,0,0,0,0,0,0,0,3,2,9,0,0
2024,9,"52 degrees, relative humidity 83%, wind 4 mph",Seattle Seahawks,Los Angeles Rams,Blake Corum,LAR,Seattle Seahawks,away,26,20,RB,1,1.4705882352941175,0,0,0,0,0,0,1,-1,0,0,0,0,0,0
2024,9,"52 degrees, relative humidity 83%, wind 4 mph",Seattle Seahawks,Los Angeles Rams,Cooper Kupp,LAR,Seattle Seahawks,away,26,20,WR,0,0.0,0,0,0,0,0,0,0,0,0,14,11,104,0,0
2024,9,"52 degrees, relative humidity 83%, wind 4 mph",Seattle Seahawks,Los Angeles Rams,Davis Allen,LAR,Seattle Seahawks,away,26,20,TE,0,0.0,0,0,0,0,0,0,0,0,0,3,1,5,0,0
2024,9,"52 degrees, relative humidity 83%, wind 4 mph",Seattle Seahawks,Los Angeles Rams,Demarcus Robinson,LAR,Seattle Seahawks,away,26,20,WR,0,0.0,0,0,0,0,0,0,0,0,0,9,6,94,2,0
2024,9,"52 degrees, relative humidity 83%, wind 4 mph",Seattle Seahawks,Los Angeles Rams,Hunter Long,LAR,Seattle Seahawks,away,26,20,TE,0,0.0,0,0,0,0,0,0,0,0,0,1,1,4,0,0
2024,9,"52 degrees, relative humidity 83%, wind 4 mph",Seattle Seahawks,Los Angeles Rams,Kyren Williams,LAR,Seattle Seahawks,away,26,20,RB,22,32.35294117647059,0,0,0,0,0,0,22,69,0,3,1,26,0,1
2024,9,"52 degrees, relative humidity 83%, wind 4 mph",Seattle Seahawks,Los Angeles Rams,Matthew Stafford,LAR,Seattle Seahawks,away,26,20,QB,45,66.17647058823529,25,44,298,2,1,0,1,0,0,0,0,0,0,1
2024,9,"52 degrees, relative humidity 83%, wind 4 mph",Seattle Seahawks,Los Angeles Rams,Puka Nacua,LAR,Seattle Seahawks,away,26,20,WR,0,0.0,0,0,0,0,0,0,0,0,0,4,1,11,0,0
2024,9,"52 degrees, relative humidity 83%, wind 4 mph",Seattle Seahawks,Los Angeles Rams,Tutu Atwell,LAR,Seattle Seahawks,away,26,20,WR,0,0.0,0,0,0,0,0,0,0,0,0,3,1,16,0,0
2024,9,"52 degrees, relative humidity 83%, wind 4 mph",Seattle Seahawks,Los Angeles Rams,Tyler Johnson,LAR,Seattle Seahawks,away,26,20,WR,0,0.0,0,0,0,0,0,0,0,0,0,5,3,38,0,0
2024,9,"67 degrees, relative humidity 41%, wind 7 mph",Las Vegas Raiders,Cincinnati Bengals,Alexander Mattison,LVR,Las Vegas Raiders,away,41,24,RB,9,16.666666666666664,0,0,0,0,0,0,9,36,0,0,0,0,0,0
2024,9,"67 degrees, relative humidity 41%, wind 7 mph",Las Vegas Raiders,Cincinnati Bengals,Ameer Abdullah,LVR,Las Vegas Raiders,away,41,24,RB,4,7.4074074074074066,0,0,0,0,0,0,4,12,0,3,3,14,0,0
2024,9,"67 degrees, relative humidity 41%, wind 7 mph",Las Vegas Raiders,Cincinnati Bengals,Brock Bowers,LVR,Las Vegas Raiders,away,41,24,TE,0,0.0,0,0,0,0,0,0,0,0,0,8,5,45,1,0
2024,9,"67 degrees, relative humidity 41%, wind 7 mph",Las Vegas Raiders,Cincinnati Bengals,Desmond Ridder,LVR,Las Vegas Raiders,away,41,24,QB,17,31.48148148148148,11,16,74,1,0,4,1,2,0,0,0,0,0,1
2024,9,"67 degrees, relative humidity 41%, wind 7 mph",Las Vegas Raiders,Cincinnati Bengals,Gardner Minshew,LVR,Las Vegas Raiders,away,41,24,UNK,18,33.33333333333333,10,17,124,0,0,1,1,0,0,0,0,0,0,1
2024,9,"67 degrees, relative humidity 41%, wind 7 mph",Las Vegas Raiders,Cincinnati Bengals,Harrison Bryant,LVR,Las Vegas Raiders,away,41,24,TE,0,0.0,0,0,0,0,0,0,0,0,0,2,2,22,0,0
2024,9,"67 degrees, relative humidity 41%, wind 7 mph",Las Vegas Raiders,Cincinnati Bengals,Jakobi Meyers,LVR,Las Vegas Raiders,away,41,24,WR,0,0.0,0,0,0,0,0,0,0,0,0,11,8,105,0,0
2024,9,"67 degrees, relative humidity 41%, wind 7 mph",Las Vegas Raiders,Cincinnati Bengals,Ramel Keyton,LVR,Las Vegas Raiders,away,41,24,WR,0,0.0,0,0,0,0,0,0,0,0,0,2,1,7,0,0
2024,9,"67 degrees, relative humidity 41%, wind 7 mph",Las Vegas Raiders,Cincinnati Bengals,Tre Tucker,LVR,Las Vegas Raiders,away,41,24,WR,0,0.0,0,0,0,0,0,0,0,0,0,6,2,5,0,0
2024,9,"67 degrees, relative humidity 41%, wind 7 mph",Las Vegas Raiders,Cincinnati Bengals,Zamir White,LVR,Las Vegas Raiders,away,41,24,RB,6,11.11111111111111,0,0,0,0,0,0,6,10,1,0,0,0,0,0
2024,9,"54 degrees, relative humidity 38%, wind 9 mph",Miami Dolphins,Buffalo Bills,De'Von Achane,MIA,Miami Dolphins,away,30,27,RB,12,20.33898305084746,0,0,0,0,0,0,12,63,1,8,8,58,1,0
2024,9,"54 degrees, relative humidity 38%, wind 9 mph",Miami Dolphins,Buffalo Bills,Durham Smythe,MIA,Miami Dolphins,away,30,27,TE,0,0.0,0,0,0,0,0,0,0,0,0,1,1,4,0,0
2024,9,"54 degrees, relative humidity 38%, wind 9 mph",Miami Dolphins,Buffalo Bills,Jaylen Waddle,MIA,Miami Dolphins,away,30,27,WR,0,0.0,0,0,0,0,0,0,0,0,0,2,2,-4,1,0
2024,9,"54 degrees, relative humidity 38%, wind 9 mph",Miami Dolphins,Buffalo Bills,Jaylen Wright,MIA,Miami Dolphins,away,30,27,RB,6,10.16949152542373,0,0,0,0,0,0,6,18,0,0,0,0,0,0
2024,9,"54 degrees, relative humidity 38%, wind 9 mph",Miami Dolphins,Buffalo Bills,Jonnu Smith,MIA,Miami Dolphins,away,30,27,TE,0,0.0,0,0,0,0,0,0,0,0,0,6,5,46,0,0
2024,9,"54 degrees, relative humidity 38%, wind 9 mph",Miami Dolphins,Buffalo Bills,Malik Washington,MIA,Miami Dolphins,away,30,27,WR,1,1.694915254237288,0,0,0,0,0,0,1,9,0,0,0,0,0,0
2024,9,"54 degrees, relative humidity 38%, wind 9 mph",Miami Dolphins,Buffalo Bills,Odell Beckham Jr.,MIA,Miami Dolphins,away,30,27,WR,0,0.0,0,0,0,0,0,0,0,0,0,3,3,15,0,0
2024,9,"54 degrees, relative humidity 38%, wind 9 mph",Miami Dolphins,Buffalo Bills,Raheem Mostert,MIA,Miami Dolphins,away,30,27,RB,10,16.94915254237288,0,0,0,0,0,0,10,56,0,2,2,32,0,1
2024,9,"54 degrees, relative humidity 38%, wind 9 mph",Miami Dolphins,Buffalo Bills,Tua Tagovailoa,MIA,Miami Dolphins,away,30,27,QB,30,50.847457627118644,25,28,231,2,0,1,2,3,0,0,0,0,0,0
2024,9,"54 degrees, relative humidity 38%, wind 9 mph",Miami Dolphins,Buffalo Bills,Tyreek Hill,MIA,Miami Dolphins,away,30,27,WR,0,0.0,0,0,0,0,0,0,0,0,0,5,4,80,0,0
2024,9,,Indianapolis Colts,Minnesota Vikings,Aaron Jones,MIN,Indianapolis Colts,away,21,13,RB,21,31.343283582089555,0,0,0,0,0,0,21,64,0,4,4,18,0,0
2024,9,,Indianapolis Colts,Minnesota Vikings,Brandon Powell,MIN,Indianapolis Colts,away,21,13,WR,0,0.0,0,0,0,0,0,0,0,0,0,1,1,9,0,0
2024,9,,Indianapolis Colts,Minnesota Vikings,Cam Akers,MIN,Indianapolis Colts,away,21,13,RB,6,8.955223880597014,0,0,0,0,0,0,6,46,0,2,2,7,0,0
2024,9,,Indianapolis Colts,Minnesota Vikings,Jalen Nailor,MIN,Indianapolis Colts,away,21,13,WR,0,0.0,0,0,0,0,0,0,0,0,0,1,1,7,1,0
2024,9,,Indianapolis Colts,Minnesota Vikings,Johnny Mundt,MIN,Indianapolis Colts,away,21,13,TE,0,0.0,0,0,0,0,0,0,0,0,0,1,0,0,0,0
2024,9,,Indianapolis Colts,Minnesota Vikings,Jordan Addison,MIN,Indianapolis Colts,away,21,13,WR,1,1.4925373134328357,0,0,0,0,0,0,1,9,0,5,5,42,1,0
2024,9,,Indianapolis Colts,Minnesota Vikings,Josh Oliver,MIN,Indianapolis Colts,away,21,13,TE,0,0.0,0,0,0,0,0,0,0,0,0,5,5,58,1,0
2024,9,,Indianapolis Colts,Minnesota Vikings,Justin Jefferson,MIN,Indianapolis Colts,away,21,13,WR,1,1.4925373134328357,1,1,22,0,0,0,0,0,0,9,7,137,0,0
2024,9,,Indianapolis Colts,Minnesota Vikings,Sam Darnold,MIN,Indianapolis Colts,away,21,13,QB,38,56.71641791044776,28,34,290,3,2,4,4,14,0,0,0,0,0,1
2024,9,,Indianapolis Colts,Minnesota Vikings,T.J. Hockenson,MIN,Indianapolis Colts,away,21,13,TE,0,0.0,0,0,0,0,0,0,0,0,0,4,3,27,0,0
2024,9,,Indianapolis Colts,Minnesota Vikings,Trent Sherfield,MIN,Indianapolis Colts,away,21,13,WR,0,0.0,0,0,0,0,0,0,0,0,0,1,1,7,0,0
2024,9,"66 degrees, relative humidity 48%, wind 7 mph",New Orleans Saints,Carolina Panthers,Adam Prentice,NOR,New Orleans Saints,away,23,22,FB,0,0.0,0,0,0,0,0,0,0,0,0,1,0,0,0,0
2024,9,"66 degrees, relative humidity 48%, wind 7 mph",New Orleans Saints,Carolina Panthers,Alvin Kamara,NOR,New Orleans Saints,away,23,22,RB,29,39.726027397260275,0,0,0,0,0,0,29,155,0,9,6,60,0,0
2024,9,"66 degrees, relative humidity 48%, wind 7 mph",New Orleans Saints,Carolina Panthers,Cedrick Wilson Jr.,NOR,New Orleans Saints,away,23,22,WR,0,0.0,0,0,0,0,0,0,0,0,0,3,2,34,0,0
2024,9,"66 degrees, relative humidity 48%, wind 7 mph",New Orleans Saints,Carolina Panthers,Chris Olave,NOR,New Orleans Saints,away,23,22,WR,0,0.0,0,0,0,0,0,0,0,0,0,1,1,13,0,0
2024,9,"66 degrees, relative humidity 48%, wind 7 mph",New Orleans Saints,Carolina Panthers,Derek Carr,NOR,New Orleans Saints,away,23,22,QB,31,42.465753424657535,18,31,236,1,0,1,0,0,0,0,0,0,0,0
2024,9,"66 degrees, relative humidity 48%, wind 7 mph",New Orleans Saints,Carolina Panthers,Foster Moreau,NOR,New Orleans Saints,away,23,22,TE,0,0.0,0,0,0,0,0,0,0,0,0,2,1,17,1,0
2024,9,"66 degrees, relative humidity 48%, wind 7 mph",New Orleans Saints,Carolina Panthers,Jermaine Jackson,NOR,New Orleans Saints,away,23,22,WR,1,1.36986301369863,0,0,0,0,0,0,1,-1,0,0,0,0,0,0
2024,9,"66 degrees, relative humidity 48%, wind 7 mph",New Orleans Saints,Carolina Panthers,Jordan Mims,NOR,New Orleans Saints,away,23,22,RB,5,6.8493150684931505,0,0,0,0,0,0,5,13,0,1,1,25,0,0
2024,9,"66 degrees, relative humidity 48%, wind 7 mph",New Orleans Saints,Carolina Panthers,Juwan Johnson,NOR,New Orleans Saints,away,23,22,TE,0,0.0,0,0,0,0,0,0,0,0,0,2,2,41,0,0
2024,9,"66 degrees, relative humidity 48%, wind 7 mph",New Orleans Saints,Carolina Panthers,Marquez Valdes-Scantling,NOR,New Orleans Saints,away,23,22,WR,0,0.0,0,0,0,0,0,0,0,0,0,1,1,5,0,0
2024,9,"66 degrees, relative humidity 48%, wind 7 mph",New Orleans Saints,Carolina Panthers,Mason Tipton,NOR,New Orleans Saints,away,23,22,WR,0,0.0,0,0,0,0,0,0,0,0,0,3,0,0,0,0
2024,9,"66 degrees, relative humidity 48%, wind 7 mph",New Orleans Saints,Carolina Panthers,Matthew Hayball,NOR,New Orleans Saints,away,23,22,P,1,1.36986301369863,0,0,0,0,0,0,1,11,0,0,0,0,0,0
2024,9,"66 degrees, relative humidity 48%, wind 7 mph",New Orleans Saints,Carolina Panthers,Taysom Hill,NOR,New Orleans Saints,away,23,22,TE,6,8.21917808219178,0,1,0,0,0,0,5,19,1,5,4,41,0,0
2024,9,"75 degrees, relative humidity 60%, wind 10 mph",New England Patriots,Tennessee Titans,Antonio Gibson,NWE,New England Patriots,away,20,17,RB,1,1.639344262295082,0,0,0,0,0,0,1,-1,0,1,1,12,0,0
2024,9,"75 degrees, relative humidity 60%, wind 10 mph",New England Patriots,Tennessee Titans,Austin Hooper,NWE,New England Patriots,away,20,17,TE,0,0.0,0,0,0,0,0,0,0,0,0,1,1,8,0,0
2024,9,"75 degrees, relative humidity 60%, wind 10 mph",New England Patriots,Tennessee Titans,Demario Douglas,NWE,New England Patriots,away,20,17,WR,0,0.0,0,0,0,0,0,0,0,0,0,9,7,35,0,0
2024,9,"75 degrees, relative humidity 60%, wind 10 mph",New England Patriots,Tennessee Titans,Drake Maye,NWE,New England Patriots,away,20,17,QB,49,80.32786885245902,29,41,206,1,2,4,8,95,0,0,0,0,0,2
2024,9,"75 degrees, relative humidity 60%, wind 10 mph",New England Patriots,Tennessee Titans,Hunter Henry,NWE,New England Patriots,away,20,17,TE,0,0.0,0,0,0,0,0,0,0,0,0,8,7,56,0,0
2024,9,"75 degrees, relative humidity 60%, wind 10 mph",New England Patriots,Tennessee Titans,Ja'Lynn Polk,NWE,New England Patriots,away,20,17,WR,0,0.0,0,0,0,0,0,0,0,0,0,1,0,0,0,0
2024,9,"75 degrees, relative humidity 60%, wind 10 mph",New England Patriots,Tennessee Titans,Jaheim Bell,NWE,New England Patriots,away,20,17,TE,0,0.0,0,0,0,0,0,0,0,0,0,1,1,1,0,0
2024,9,"75 degrees, relative humidity 60%, wind 10 mph",New England Patriots,Tennessee Titans,Jamycal Hasty,NWE,New England Patriots,away,20,17,RB,1,1.639344262295082,0,0,0,0,0,0,1,0,0,1,1,-3,0,0
2024,9,"75 degrees, relative humidity 60%, wind 10 mph",New England Patriots,Tennessee Titans,Kayshon Boutte,NWE,New England Patriots,away,20,17,WR,0,0.0,0,0,0,0,0,0,0,0,0,6,2,18,0,0
2024,9,"75 degrees, relative humidity 60%, wind 10 mph",New England Patriots,Tennessee Titans,Kendrick Bourne,NWE,New England Patriots,away,20,17,WR,0,0.0,0,0,0,0,0,0,0,0,0,6,4,41,0,0
2024,9,"75 degrees, relative humidity 60%, wind 10 mph",New England Patriots,Tennessee Titans,Rhamondre Stevenson,NWE,New England Patriots,away,20,17,RB,10,16.39344262295082,0,0,0,0,0,0,10,16,1,5,5,38,1,0
2024,9,"52 degrees, relative humidity 35%, wind 6 mph",New York Giants,Washington Commanders,Chris Manhertz,NYG,New York Giants,away,27,22,TE,0,0.0,0,0,0,0,0,0,0,0,0,1,1,2,1,0
2024,9,"52 degrees, relative humidity 35%, wind 6 mph",New York Giants,Washington Commanders,Daniel Jones,NYG,New York Giants,away,27,22,QB,33,57.89473684210527,20,26,174,2,0,2,7,54,1,0,0,0,0,1
2024,9,"52 degrees, relative humidity 35%, wind 6 mph",New York Giants,Washington Commanders,Darius Slayton,NYG,New York Giants,away,27,22,WR,1,1.7543859649122806,0,0,0,0,0,0,1,11,0,3,3,49,0,0
2024,9,"52 degrees, relative humidity 35%, wind 6 mph",New York Giants,Washington Commanders,Devin Singletary,NYG,New York Giants,away,27,22,RB,7,12.280701754385964,0,0,0,0,0,0,7,33,0,0,0,0,0,0
2024,9,"52 degrees, relative humidity 35%, wind 6 mph",New York Giants,Washington Commanders,Malik Nabers,NYG,New York Giants,away,27,22,WR,0,0.0,0,0,0,0,0,0,0,0,0,11,9,59,0,0
2024,9,"52 degrees, relative humidity 35%, wind 6 mph",New York Giants,Washington Commanders,Theo Johnson,NYG,New York Giants,away,27,22,TE,0,0.0,0,0,0,0,0,0,0,0,0,6,3,51,1,0
2024,9,"52 degrees, relative humidity 35%, wind 6 mph",New York Giants,Washington Commanders,Tyrone Tracy Jr.,NYG,New York Giants,away,27,22,RB,16,28.07017543859649,0,0,0,0,0,0,16,66,0,1,1,3,0,0
2024,9,"52 degrees, relative humidity 35%, wind 6 mph",New York Giants,Washington Commanders,Wan'Dale Robinson,NYG,New York Giants,away,27,22,WR,0,0.0,0,0,0,0,0,0,0,0,0,4,3,10,0,0
2024,9,"71 degrees, relative humidity 65%, wind 8 mph",Houston Texans,New York Jets,Aaron Rodgers,NYJ,Houston Texans,away,21,13,QB,33,62.264150943396224,22,32,211,3,0,2,1,-1,0,0,0,0,0,0
2024,9,"71 degrees, relative humidity 65%, wind 8 mph",Houston Texans,New York Jets,Braelon Allen,NYJ,Houston Texans,away,21,13,RB,4,7.547169811320755,0,0,0,0,0,0,4,9,0,1,0,0,0,0
2024,9,"71 degrees, relative humidity 65%, wind 8 mph",Houston Texans,New York Jets,Breece Hall,NYJ,Houston Texans,away,21,13,RB,15,28.30188679245283,0,0,0,0,0,0,15,74,0,4,2,11,0,1
2024,9,"71 degrees, relative humidity 65%, wind 8 mph",Houston Texans,New York Jets,Davante Adams,NYJ,Houston Texans,away,21,13,WR,0,0.0,0,0,0,0,0,0,0,0,0,11,7,91,1,0
2024,9,"71 degrees, relative humidity 65%, wind 8 mph",Houston Texans,New York Jets,Garrett Wilson,NYJ,Houston Texans,away,21,13,WR,0,0.0,0,0,0,0,0,0,0,0,0,10,9,90,2,0
2024,9,"71 degrees, relative humidity 65%, wind 8 mph",Houston Texans,New York Jets,Jeremy Ruckert,NYJ,Houston Texans,away,21,13,TE,0,0.0,0,0,0,0,0,0,0,0,0,1,1,4,0,0
2024,9,"71 degrees, relative humidity 65%, wind 8 mph",Houston Texans,New York Jets,Kenny Yeboah,NYJ,Houston Texans,away,21,13,TE,0,0.0,0,0,0,0,0,0,0,0,0,1,1,12,0,0
2024,9,"71 degrees, relative humidity 65%, wind 8 mph",Houston Texans,New York Jets,Malachi Corley,NYJ,Houston Texans,away,21,13,WR,1,1.8867924528301887,0,0,0,0,0,0,1,18,0,0,0,0,0,1
2024,9,"71 degrees, relative humidity 65%, wind 8 mph",Houston Texans,New York Jets,Mike Williams,NYJ,Houston Texans,away,21,13,WR,0,0.0,0,0,0,0,0,0,0,0,0,2,1,6,0,0
2024,9,"71 degrees, relative humidity 65%, wind 8 mph",Houston Texans,New York Jets,Tyler Conklin,NYJ,Houston Texans,away,21,13,TE,0,0.0,0,0,0,0,0,0,0,0,0,2,1,-3,0,0
2024,9,"57 degrees, relative humidity 31%, wind 6 mph",Jacksonville Jaguars,Philadelphia Eagles,A.J. Brown,PHI,Jacksonville Jaguars,away,28,23,WR,0,0.0,0,0,0,0,0,0,0,0,0,4,2,36,0,0
2024,9,"57 degrees, relative humidity 31%, wind 6 mph",Jacksonville Jaguars,Philadelphia Eagles,Ainias Smith,PHI,Jacksonville Jaguars,away,28,23,WR,1,1.4285714285714286,0,0,0,0,0,0,1,2,0,1,1,0,0,0
2024,9,"57 degrees, relative humidity 31%, wind 6 mph",Jacksonville Jaguars,Philadelphia Eagles,Ben VanSumeren,PHI,Jacksonville Jaguars,away,28,23,LB,0,0.0,0,0,0,0,0,0,0,0,0,1,1,0,0,0
2024,9,"57 degrees, relative humidity 31%, wind 6 mph",Jacksonville Jaguars,Philadelphia Eagles,DeVonta Smith,PHI,Jacksonville Jaguars,away,28,23,WR,0,0.0,0,0,0,0,0,0,0,0,0,6,4,87,1,0
2024,9,"57 degrees, relative humidity 31%, wind 6 mph",Jacksonville Jaguars,Philadelphia Eagles,Grant Calcaterra,PHI,Jacksonville Jaguars,away,28,23,TE,0,0.0,0,0,0,0,0,0,0,0,0,5,5,30,0,0
2024,9,"57 degrees, relative humidity 31%, wind 6 mph",Jacksonville Jaguars,Philadelphia Eagles,Jahan Dotson,PHI,Jacksonville Jaguars,away,28,23,WR,0,0.0,0,0,0,0,0,0,0,0,0,1,1,36,0,0
2024,9,"57 degrees, relative humidity 31%, wind 6 mph",Jacksonville Jaguars,Philadelphia Eagles,Jalen Hurts,PHI,Jacksonville Jaguars,away,28,23,QB,37,52.85714285714286,18,24,230,2,0,3,13,67,1,0,0,0,0,0
2024,9,"57 degrees, relative humidity 31%, wind 6 mph",Jacksonville Jaguars,Philadelphia Eagles,Kenneth Gainwell,PHI,Jacksonville Jaguars,away,28,23,RB,5,7.142857142857142,0,0,0,0,0,0,5,9,0,1,1,1,0,0
2024,9,"57 degrees, relative humidity 31%, wind 6 mph",Jacksonville Jaguars,Philadelphia Eagles,Saquon Barkley,PHI,Jacksonville Jaguars,away,28,23,RB,27,38.57142857142858,0,0,0,0,0,0,27,159,1,4,3,40,1,1
2024,9,"52 degrees, relative humidity 83%, wind 4 mph",Seattle Seahawks,Los Angeles Rams,AJ Barner,SEA,Seattle Seahawks,away,26,20,TE,0,0.0,0,0,0,0,0,0,0,0,0,7,4,27,0,0
2024,9,"52 degrees, relative humidity 83%, wind 4 mph",Seattle Seahawks,Los Angeles Rams,Cody White,SEA,Seattle Seahawks,away,26,20,WR,0,0.0,0,0,0,0,0,0,0,0,0,3,2,44,0,0
2024,9,"52 degrees, relative humidity 83%, wind 4 mph",Seattle Seahawks,Los Angeles Rams,Geno Smith,SEA,Seattle Seahawks,away,26,20,QB,40,59.70149253731343,21,34,363,3,3,7,6,16,0,0,0,0,0,1
2024,9,"52 degrees, relative humidity 83%, wind 4 mph",Seattle Seahawks,Los Angeles Rams,Jake Bobo,SEA,Seattle Seahawks,away,26,20,WR,0,0.0,0,0,0,0,0,0,0,0,0,1,0,0,0,0
2024,9,"52 degrees, relative humidity 83%, wind 4 mph",Seattle Seahawks,Los Angeles Rams,Jaxon Smith-Njigba,SEA,Seattle Seahawks,away,26,20,WR,0,0.0,0,0,0,0,0,0,0,0,0,13,7,180,2,0
2024,9,"52 degrees, relative humidity 83%, wind 4 mph",Seattle Seahawks,Los Angeles Rams,Kenneth Walker,SEA,Seattle Seahawks,away,26,20,UNK,25,37.3134328358209,0,0,0,0,0,0,25,83,0,3,3,24,0,0
2024,9,"52 degrees, relative humidity 83%, wind 4 mph",Seattle Seahawks,Los Angeles Rams,Tyler Lockett,SEA,Seattle Seahawks,away,26,20,WR,0,0.0,0,0,0,0,0,0,0,0,0,4,3,63,1,0
2024,9,"52 degrees, relative humidity 83%, wind 4 mph",Seattle Seahawks,Los Angeles Rams,Zach Charbonnet,SEA,Seattle Seahawks,away,26,20,RB,2,2.9850746268656714,0,0,0,0,0,0,2,8,0,3,2,25,0,0
2024,9,"63 degrees, relative humidity 90%, wind 6 mph",Tampa Bay Buccaneers,Kansas City Chiefs,Baker Mayfield,TAM,Tampa Bay Buccaneers,away,30,24,QB,35,70.0,23,31,200,2,0,2,4,20,0,0,0,0,0,0
2024,9,"63 degrees, relative humidity 90%, wind 6 mph",Tampa Bay Buccaneers,Kansas City Chiefs,Bucky Irving,TAM,Tampa Bay Buccaneers,away,30,24,RB,7,14.000000000000002,0,0,0,0,0,0,7,24,0,3,3,10,0,0
2024,9,"63 degrees, relative humidity 90%, wind 6 mph",Tampa Bay Buccaneers,Kansas City Chiefs,Cade Otton,TAM,Tampa Bay Buccaneers,away,30,24,TE,0,0.0,0,0,0,0,0,0,0,0,0,11,8,77,1,0
2024,9,"63 degrees, relative humidity 90%, wind 6 mph",Tampa Bay Buccaneers,Kansas City Chiefs,Rachaad White,TAM,Tampa Bay Buccaneers,away,30,24,RB,3,6.0,0,0,0,0,0,0,3,19,1,3,3,16,0,0
2024,9,"63 degrees, relative humidity 90%, wind 6 mph",Tampa Bay Buccaneers,Kansas City Chiefs,Rakim Jarrett,TAM,Tampa Bay Buccaneers,away,30,24,WR,0,0.0,0,0,0,0,0,0,0,0,0,1,1,9,0,0
2024,9,"63 degrees, relative humidity 90%, wind 6 mph",Tampa Bay Buccaneers,Kansas City Chiefs,Ryan Miller,TAM,Tampa Bay Buccaneers,away,30,24,WR,0,0.0,0,0,0,0,0,0,0,0,0,3,1,1,1,0
2024,9,"63 degrees, relative humidity 90%, wind 6 mph",Tampa Bay Buccaneers,Kansas City Chiefs,Sean Tucker,TAM,Tampa Bay Buccaneers,away,30,24,RB,3,6.0,0,0,0,0,0,0,3,11,0,1,1,6,0,0
2024,9,"63 degrees, relative humidity 90%, wind 6 mph",Tampa Bay Buccaneers,Kansas City Chiefs,Sterling Shepard,TAM,Tampa Bay Buccaneers,away,30,24,WR,2,4.0,0,0,0,0,0,0,2,21,0,5,4,48,0,0
2024,9,"63 degrees, relative humidity 90%, wind 6 mph",Tampa Bay Buccaneers,Kansas City Chiefs,Trey Palmer,TAM,Tampa Bay Buccaneers,away,30,24,WR,0,0.0,0,0,0,0,0,0,0,0,0,4,2,33,0,0
2024,9,"75 degrees, relative humidity 60%, wind 10 mph",New England Patriots,Tennessee Titans,Calvin Ridley,TEN,New England Patriots,away,20,17,WR,0,0.0,0,0,0,0,0,0,0,0,0,8,5,73,0,0
2024,9,"75 degrees, relative humidity 60%, wind 10 mph",New England Patriots,Tennessee Titans,Chigoziem Okonkwo,TEN,New England Patriots,away,20,17,TE,0,0.0,0,0,0,0,0,0,0,0,0,4,3,38,0,0
2024,9,"75 degrees, relative humidity 60%, wind 10 mph",New England Patriots,Tennessee Titans,Jha'Quan Jackson,TEN,New England Patriots,away,20,17,WR,1,1.3888888888888888,0,0,0,0,0,0,1,-5,0,2,1,8,0,2
2024,9,"75 degrees, relative humidity 60%, wind 10 mph",New England Patriots,Tennessee Titans,Josh Whyle,TEN,New England Patriots,away,20,17,TE,0,0.0,0,0,0,0,0,0,0,0,0,2,1,12,0,0
2024,9,"75 degrees, relative humidity 60%, wind 10 mph",New England Patriots,Tennessee Titans,Julius Chestnut,TEN,New England Patriots,away,20,17,RB,5,6.944444444444445,0,0,0,0,0,0,5,22,0,0,0,0,0,0
2024,9,"75 degrees, relative humidity 60%, wind 10 mph",New England Patriots,Tennessee Titans,Mason Rudolph,TEN,New England Patriots,away,20,17,QB,37,51.388888888888886,20,33,240,2,1,1,4,19,0,0,0,0,0,1
2024,9,"75 degrees, relative humidity 60%, wind 10 mph",New England Patriots,Tennessee Titans,Nick Vannett,TEN,New England Patriots,away,20,17,TE,0,0.0,0,0,0,0,0,0,0,0,0,2,2,33,1,0
2024,9,"75 degrees, relative humidity 60%, wind 10 mph",New England Patriots,Tennessee Titans,Nick Westbrook-Ikhine,TEN,New England Patriots,away,20,17,WR,0,0.0,0,0,0,0,0,0,0,0,0,6,5,50,1,0
2024,9,"75 degrees, relative humidity 60%, wind 10 mph",New England Patriots,Tennessee Titans,Tony Pollard,TEN,New England Patriots,away,20,17,RB,28,38.88888888888889,0,0,0,0,0,0,28,128,0,3,3,26,0,0
2024,9,"75 degrees, relative humidity 60%, wind 10 mph",New England Patriots,Tennessee Titans,Tyler Boyd,TEN,New England Patriots,away,20,17,WR,1,1.3888888888888888,0,0,0,0,0,0,1,3,0,0,0,0,0,0
2024,9,"52 degrees, relative humidity 35%, wind 6 mph",New York Giants,Washington Commanders,Austin Ekeler,WAS,New York Giants,away,27,22,RB,11,18.333333333333332,0,0,0,0,0,0,11,42,1,4,3,41,0,0
2024,9,"52 degrees, relative humidity 35%, wind 6 mph",New York Giants,Washington Commanders,Ben Sinnott,WAS,New York Giants,away,27,22,TE,0,0.0,0,0,0,0,0,0,0,0,0,1,1,12,0,0
2024,9,"52 degrees, relative humidity 35%, wind 6 mph",New York Giants,Washington Commanders,Chris Rodriguez,WAS,New York Giants,away,27,22,RB,11,18.333333333333332,0,0,0,0,0,0,11,52,0,0,0,0,0,0
2024,9,"52 degrees, relative humidity 35%, wind 6 mph",New York Giants,Washington Commanders,Dyami Brown,WAS,New York Giants,away,27,22,WR,0,0.0,0,0,0,0,0,0,0,0,0,1,1,24,0,0
2024,9,"52 degrees, relative humidity 35%, wind 6 mph",New York Giants,Washington Commanders,Jayden Daniels,WAS,New York Giants,away,27,22,QB,30,50.0,15,22,209,2,0,0,8,35,0,0,0,0,0,0
2024,9,"52 degrees, relative humidity 35%, wind 6 mph",New York Giants,Washington Commanders,Jeremy McNichols,WAS,New York Giants,away,27,22,RB,8,13.333333333333334,0,0,0,0,0,0,8,20,0,1,0,0,0,0
2024,9,"52 degrees, relative humidity 35%, wind 6 mph",New York Giants,Washington Commanders,Noah Brown,WAS,New York Giants,away,27,22,WR,0,0.0,0,0,0,0,0,0,0,0,0,6,5,60,0,0
2024,9,"52 degrees, relative humidity 35%, wind 6 mph",New York Giants,Washington Commanders,Olamide Zaccheaus,WAS,New York Giants,away,27,22,WR,0,0.0,0,0,0,0,0,0,0,0,0,2,2,48,0,0
2024,9,"52 degrees, relative humidity 35%, wind 6 mph",New York Giants,Washington Commanders,Terry McLaurin,WAS,New York Giants,away,27,22,WR,0,0.0,0,0,0,0,0,0,0,0,0,3,2,19,2,0
2024,9,"52 degrees, relative humidity 35%, wind 6 mph",New York Giants,Washington Commanders,Zach Ertz,WAS,New York Giants,away,27,22,TE,0,0.0,0,0,0,0,0,0,0,0,0,1,1,5,0,0
2024,10,,New York Jets,Arizona Cardinals,Clayton Tune,ARI,New York Jets,away,31,6,QB,1,1.7857142857142856,0,0,0,0,0,0,1,-1,0,0,0,0,0,0
2024,10,,New York Jets,Arizona Cardinals,DeeJay Dallas,ARI,New York Jets,away,31,6,RB,3,5.357142857142857,0,0,0,0,0,0,3,10,0,0,0,0,0,0
2024,10,,New York Jets,Arizona Cardinals,Elijah Higgins,ARI,New York Jets,away,31,6,TE,0,0.0,0,0,0,0,0,0,0,0,0,2,2,13,0,0
2024,10,,New York Jets,Arizona Cardinals,Emari Demercado,ARI,New York Jets,away,31,6,RB,3,5.357142857142857,0,0,0,0,0,0,3,22,0,0,0,0,0,0
2024,10,,New York Jets,Arizona Cardinals,Greg Dortch,ARI,New York Jets,away,31,6,WR,0,0.0,0,0,0,0,0,0,0,0,0,1,1,-1,0,0
2024,10,,New York Jets,Arizona Cardinals,James Conner,ARI,New York Jets,away,31,6,RB,12,21.428571428571427,0,0,0,0,0,0,12,33,1,5,5,80,0,0
2024,10,,New York Jets,Arizona Cardinals,Kyler Murray,ARI,New York Jets,away,31,6,QB,27,48.214285714285715,22,24,266,1,0,1,3,21,2,0,0,0,0,1
2024,10,,New York Jets,Arizona Cardinals,Marvin Harrison Jr.,ARI,New York Jets,away,31,6,WR,0,0.0,0,0,0,0,0,0,0,0,0,5,5,54,1,0
2024,10,,New York Jets,Arizona Cardinals,Michael Wilson,ARI,New York Jets,away,31,6,WR,0,0.0,0,0,0,0,0,0,0,0,0,4,3,24,0,0
2024,10,,New York Jets,Arizona Cardinals,Trey Benson,ARI,New York Jets,away,31,6,RB,10,17.857142857142858,0,0,0,0,0,0,10,62,0,2,2,25,0,0
2024,10,,New York Jets,Arizona Cardinals,Trey McBride,ARI,New York Jets,away,31,6,TE,0,0.0,0,0,0,0,0,0,0,0,0,5,4,71,0,0
2024,10,,Atlanta Falcons,New Orleans Saints,Bijan Robinson,ATL,Atlanta Falcons,away,20,17,RB,20,28.57142857142857,0,0,0,0,0,0,20,116,2,4,3,28,0,0
2024,10,,Atlanta Falcons,New Orleans Saints,Charlie Woerner,ATL,Atlanta Falcons,away,20,17,TE,0,0.0,0,0,0,0,0,0,0,0,0,1,0,0,0,0
2024,10,,Atlanta Falcons,New Orleans Saints,Darnell Mooney,ATL,Atlanta Falcons,away,20,17,WR,0,0.0,0,0,0,0,0,0,0,0,0,9,5,96,0,0
2024,10,,Atlanta Falcons,New Orleans Saints,Drake London,ATL,Atlanta Falcons,away,20,17,WR,0,0.0,0,0,0,0,0,0,0,0,0,13,8,97,0,0
2024,10,,Atlanta Falcons,New Orleans Saints,Kirk Cousins,ATL,Atlanta Falcons,away,20,17,QB,38,54.285714285714285,23,38,306,0,1,3,0,0,0,0,0,0,0,2
2024,10,,Atlanta Falcons,New Orleans Saints,Kyle Pitts,ATL,Atlanta Falcons,away,20,17,TE,0,0.0,0,0,0,0,0,0,0,0,0,6,4,55,0,0
2024,10,,Atlanta Falcons,New Orleans Saints,Ray-Ray McCloud,ATL,Atlanta Falcons,away,20,17,WR,1,1.4285714285714286,0,0,0,0,0,0,1,6,0,4,3,30,0,0
2024,10,,Atlanta Falcons,New Orleans Saints,Tyler Allgeier,ATL,Atlanta Falcons,away,20,17,RB,11,15.714285714285714,0,0,0,0,0,0,11,59,0,0,0,0,0,0
2024,10,"69 degrees, relative humidity 43%, wind 6 mph",Cincinnati Bengals,Baltimore Ravens,Charlie Kolar,BAL,Cincinnati Bengals,away,35,34,TE,0,0.0,0,0,0,0,0,0,0,0,0,1,1,4,0,0
2024,10,"69 degrees, relative humidity 43%, wind 6 mph",Cincinnati Bengals,Baltimore Ravens,Derrick Henry,BAL,Cincinnati Bengals,away,35,34,RB,16,27.586206896551722,0,0,0,0,0,0,16,68,1,1,1,3,0,0
2024,10,"69 degrees, relative humidity 43%, wind 6 mph",Cincinnati Bengals,Baltimore Ravens,Diontae Johnson,BAL,Cincinnati Bengals,away,35,34,WR,0,0.0,0,0,0,0,0,0,0,0,0,2,1,6,0,0
2024,10,"69 degrees, relative humidity 43%, wind 6 mph",Cincinnati Bengals,Baltimore Ravens,Justice Hill,BAL,Cincinnati Bengals,away,35,34,RB,2,3.4482758620689653,0,0,0,0,0,0,2,-2,0,2,2,0,0,0
2024,10,"69 degrees, relative humidity 43%, wind 6 mph",Cincinnati Bengals,Baltimore Ravens,Lamar Jackson,BAL,Cincinnati Bengals,away,35,34,QB,40,68.96551724137932,25,33,290,4,0,0,7,33,0,0,0,0,0,0
2024,10,"69 degrees, relative humidity 43%, wind 6 mph",Cincinnati Bengals,Baltimore Ravens,Mark Andrews,BAL,Cincinnati Bengals,away,35,34,TE,0,0.0,0,0,0,0,0,0,0,0,0,7,6,68,1,0
2024,10,"69 degrees, relative humidity 43%, wind 6 mph",Cincinnati Bengals,Baltimore Ravens,Nelson Agholor,BAL,Cincinnati Bengals,away,35,34,WR,0,0.0,0,0,0,0,0,0,0,0,0,2,1,6,1,0
2024,10,"69 degrees, relative humidity 43%, wind 6 mph",Cincinnati Bengals,Baltimore Ravens,Rashod Bateman,BAL,Cincinnati Bengals,away,35,34,WR,0,0.0,0,0,0,0,0,0,0,0,0,8,6,54,1,0
2024,10,"69 degrees, relative humidity 43%, wind 6 mph",Cincinnati Bengals,Baltimore Ravens,Tylan Wallace,BAL,Cincinnati Bengals,away,35,34,WR,0,0.0,0,0,0,0,0,0,0,0,0,3,3,115,1,0
2024,10,"69 degrees, relative humidity 43%, wind 6 mph",Cincinnati Bengals,Baltimore Ravens,Zay Flowers,BAL,Cincinnati Bengals,away,35,34,WR,0,0.0,0,0,0,0,0,0,0,0,0,6,4,34,0,0
2024,10,,Indianapolis Colts,Buffalo Bills,Curtis Samuel,BUF,Indianapolis Colts,away,30,20,WR,0,0.0,0,0,0,0,0,0,0,0,0,8,4,35,0,0
2024,10,,Indianapolis Colts,Buffalo Bills,Dalton Kincaid,BUF,Indianapolis Colts,away,30,20,TE,0,0.0,0,0,0,0,0,0,0,0,0,5,2,24,0,0
2024,10,,Indianapolis Colts,Buffalo Bills,Dawson Knox,BUF,Indianapolis Colts,away,30,20,TE,0,0.0,0,0,0,0,0,0,0,0,0,3,2,40,0,0
2024,10,,Indianapolis Colts,Buffalo Bills,James Cook,BUF,Indianapolis Colts,away,30,20,RB,19,27.941176470588236,0,0,0,0,0,0,19,80,1,3,1,5,0,0
2024,10,,Indianapolis Colts,Buffalo Bills,Josh Allen,BUF,Indianapolis Colts,away,30,20,QB,45,66.17647058823529,22,37,280,0,2,2,8,50,1,0,0,0,0,0
2024,10,,Indianapolis Colts,Buffalo Bills,Khalil Shakir,BUF,Indianapolis Colts,away,30,20,WR,0,0.0,0,0,0,0,0,0,0,0,0,9,6,58,0,0
2024,10,,Indianapolis Colts,Buffalo Bills,Mack Hollins,BUF,Indianapolis Colts,away,30,20,WR,0,0.0,0,0,0,0,0,0,0,0,0,4,4,86,0,0
2024,10,,Indianapolis Colts,Buffalo Bills,Mitchell Trubisky,BUF,Indianapolis Colts,away,30,20,QB,1,1.4705882352941175,0,0,0,0,0,0,1,-1,0,0,0,0,0,0
2024,10,,Indianapolis Colts,Buffalo Bills,Ray Davis,BUF,Indianapolis Colts,away,30,20,RB,3,4.411764705882353,0,0,0,0,0,0,3,6,0,0,0,0,0,0
2024,10,,Indianapolis Colts,Buffalo Bills,Ty Johnson,BUF,Indianapolis Colts,away,30,20,RB,0,0.0,0,0,0,0,0,0,0,0,0,3,3,32,0,0
2024,10,"40 degrees, relative humidity 90%, wind 3 mph",New York Giants,Carolina Panthers,Bryce Young,CAR,New York Giants,away,20,17,QB,27,47.368421052631575,15,25,126,1,0,1,2,30,0,0,0,0,0,0
2024,10,"40 degrees, relative humidity 90%, wind 3 mph",New York Giants,Carolina Panthers,Chuba Hubbard,CAR,New York Giants,away,20,17,RB,28,49.122807017543856,0,0,0,0,0,0,28,153,1,6,4,16,0,1
2024,10,"40 degrees, relative humidity 90%, wind 3 mph",New York Giants,Carolina Panthers,David Moore,CAR,New York Giants,away,20,17,WR,0,0.0,0,0,0,0,0,0,0,0,0,4,2,18,0,0
2024,10,"40 degrees, relative humidity 90%, wind 3 mph",New York Giants,Carolina Panthers,Ian Thomas,CAR,New York Giants,away,20,17,TE,0,0.0,0,0,0,0,0,0,0,0,0,1,1,3,0,0
2024,10,"40 degrees, relative humidity 90%, wind 3 mph",New York Giants,Carolina Panthers,Ja'Tavion Sanders,CAR,New York Giants,away,20,17,TE,0,0.0,0,0,0,0,0,0,0,0,0,2,2,8,1,0
2024,10,"40 degrees, relative humidity 90%, wind 3 mph",New York Giants,Carolina Panthers,Jalen Coker,CAR,New York Giants,away,20,17,WR,0,0.0,0,0,0,0,0,0,0,0,0,8,3,41,0,0
2024,10,"40 degrees, relative humidity 90%, wind 3 mph",New York Giants,Carolina Panthers,Miles Sanders,CAR,New York Giants,away,20,17,RB,2,3.508771929824561,0,0,0,0,0,0,2,5,0,0,0,0,0,0
2024,10,"40 degrees, relative humidity 90%, wind 3 mph",New York Giants,Carolina Panthers,Xavier Legette,CAR,New York Giants,away,20,17,WR,0,0.0,0,0,0,0,0,0,0,0,0,4,3,40,0,0
2024,10,"60 degrees, relative humidity 78%, wind 6 mph",Chicago Bears,New England Patriots,Caleb Williams,CHI,Chicago Bears,away,19,3,QB,32,64.0,16,30,120,0,0,9,2,15,0,0,0,0,0,0
2024,10,"60 degrees, relative humidity 78%, wind 6 mph",Chicago Bears,New England Patriots,Cole Kmet,CHI,Chicago Bears,away,19,3,TE,0,0.0,0,0,0,0,0,0,0,0,0,4,2,13,0,0
2024,10,"60 degrees, relative humidity 78%, wind 6 mph",Chicago Bears,New England Patriots,D'Andre Swift,CHI,Chicago Bears,away,19,3,RB,16,32.0,0,0,0,0,0,0,16,59,0,1,1,6,0,0
2024,10,"60 degrees, relative humidity 78%, wind 6 mph",Chicago Bears,New England Patriots,D.J. Moore,CHI,Chicago Bears,away,19,3,WR,1,2.0,0,0,0,0,0,0,1,3,0,6,3,24,0,0
2024,10,"60 degrees, relative humidity 78%, wind 6 mph",Chicago Bears,New England Patriots,DeAndre Carter,CHI,Chicago Bears,away,19,3,WR,0,0.0,0,0,0,0,0,0,0,0,0,1,1,5,0,0
2024,10,"60 degrees, relative humidity 78%, wind 6 mph",Chicago Bears,New England Patriots,Keenan Allen,CHI,Chicago Bears,away,19,3,WR,0,0.0,0,0,0,0,0,0,0,0,0,6,5,44,0,0
2024,10,"60 degrees, relative humidity 78%, wind 6 mph",Chicago Bears,New England Patriots,Rome Odunze,CHI,Chicago Bears,away,19,3,WR,0,0.0,0,0,0,0,0,0,0,0,0,6,3,23,0,0
2024,10,"60 degrees, relative humidity 78%, wind 6 mph",Chicago Bears,New England Patriots,Roschon Johnson,CHI,Chicago Bears,away,19,3,RB,1,2.0,0,0,0,0,0,0,1,-4,0,2,1,5,0,0
2024,10,"69 degrees, relative humidity 43%, wind 6 mph",Cincinnati Bengals,Baltimore Ravens,Andrei Iosivas,CIN,Cincinnati Bengals,away,35,34,WR,0,0.0,0,0,0,0,0,0,0,0,0,4,2,29,0,0
2024,10,"69 degrees, relative humidity 43%, wind 6 mph",Cincinnati Bengals,Baltimore Ravens,Cam Grandy,CIN,Cincinnati Bengals,away,35,34,TE,0,0.0,0,0,0,0,0,0,0,0,0,1,1,0,0,0
2024,10,"69 degrees, relative humidity 43%, wind 6 mph",Cincinnati Bengals,Baltimore Ravens,Chase Brown,CIN,Cincinnati Bengals,away,35,34,RB,13,18.055555555555554,0,0,0,0,0,0,13,42,1,11,9,52,0,1
2024,10,"69 degrees, relative humidity 43%, wind 6 mph",Cincinnati Bengals,Baltimore Ravens,Ja'Marr Chase,CIN,Cincinnati Bengals,away,35,34,WR,0,0.0,0,0,0,0,0,0,0,0,0,17,11,264,3,0
2024,10,"69 degrees, relative humidity 43%, wind 6 mph",Cincinnati Bengals,Baltimore Ravens,Jermaine Burton,CIN,Cincinnati Bengals,away,35,34,WR,0,0.0,0,0,0,0,0,0,0,0,0,5,1,11,0,0
2024,10,"69 degrees, relative humidity 43%, wind 6 mph",Cincinnati Bengals,Baltimore Ravens,Joe Burrow,CIN,Cincinnati Bengals,away,35,34,QB,58,80.55555555555556,34,56,428,4,0,3,2,6,0,0,0,0,0,2
2024,10,"69 degrees, relative humidity 43%, wind 6 mph",Cincinnati Bengals,Baltimore Ravens,Mike Gesicki,CIN,Cincinnati Bengals,away,35,34,TE,0,0.0,0,0,0,0,0,0,0,0,0,9,4,30,0,0
2024,10,"69 degrees, relative humidity 43%, wind 6 mph",Cincinnati Bengals,Baltimore Ravens,Tanner Hudson,CIN,Cincinnati Bengals,away,35,34,TE,1,1.3888888888888888,0,0,0,0,0,0,1,1,0,7,6,42,1,0
2024,10,,Dallas Cowboys,Philadelphia Eagles,CeeDee Lamb,DAL,Dallas Cowboys,away,34,6,WR,1,1.8867924528301887,0,0,0,0,0,0,1,3,0,10,6,21,0,0
2024,10,,Dallas Cowboys,Philadelphia Eagles,Cooper Rush,DAL,Dallas Cowboys,away,34,6,QB,25,47.16981132075472,13,23,45,0,0,1,2,2,0,0,0,0,0,2
2024,10,,Dallas Cowboys,Philadelphia Eagles,Ezekiel Elliott,DAL,Dallas Cowboys,away,34,6,RB,6,11.320754716981133,0,0,0,0,0,0,6,22,0,0,0,0,0,1
2024,10,,Dallas Cowboys,Philadelphia Eagles,Hunter Luepke,DAL,Dallas Cowboys,away,34,6,FB,0,0.0,0,0,0,0,0,0,0,0,0,1,0,0,0,0
2024,10,,Dallas Cowboys,Philadelphia Eagles,Jake Ferguson,DAL,Dallas Cowboys,away,34,6,TE,0,0.0,0,0,0,0,0,0,0,0,0,5,4,24,0,1
2024,10,,Dallas Cowboys,Philadelphia Eagles,Jalen Brooks,DAL,Dallas Cowboys,away,34,6,WR,0,0.0,0,0,0,0,0,0,0,0,0,4,1,4,0,0
2024,10,,Dallas Cowboys,Philadelphia Eagles,Jalen Tolbert,DAL,Dallas Cowboys,away,34,6,WR,0,0.0,0,0,0,0,0,0,0,0,0,5,3,14,0,0
2024,10,,Dallas Cowboys,Philadelphia Eagles,Luke Schoonmaker,DAL,Dallas Cowboys,away,34,6,TE,0,0.0,0,0,0,0,0,0,0,0,0,1,0,0,0,0
2024,10,,Dallas Cowboys,Philadelphia Eagles,Rico Dowdle,DAL,Dallas Cowboys,away,34,6,RB,12,22.641509433962266,0,0,0,0,0,0,12,53,0,3,3,3,0,0
2024,10,,Dallas Cowboys,Philadelphia Eagles,Trey Lance,DAL,Dallas Cowboys,away,34,6,QB,9,16.9811320754717,4,6,21,0,1,2,3,17,0,0,0,0,0,0
2024,10,"57 degrees, relative humidity 58%, wind 12 mph",Denver Broncos,Kansas City Chiefs,Adam Trautman,DEN,Denver Broncos,away,16,14,TE,0,0.0,0,0,0,0,0,0,0,0,0,1,1,34,0,0
2024,10,"57 degrees, relative humidity 58%, wind 12 mph",Denver Broncos,Kansas City Chiefs,Audric Estime,DEN,Denver Broncos,away,16,14,RB,14,26.41509433962264,0,0,0,0,0,0,14,53,0,0,0,0,0,0
2024,10,"57 degrees, relative humidity 58%, wind 12 mph",Denver Broncos,Kansas City Chiefs,Bo Nix,DEN,Denver Broncos,away,16,14,QB,33,62.264150943396224,22,30,215,2,0,2,3,-5,0,0,0,0,0,1
2024,10,"57 degrees, relative humidity 58%, wind 12 mph",Denver Broncos,Kansas City Chiefs,Courtland Sutton,DEN,Denver Broncos,away,16,14,WR,0,0.0,0,0,0,0,0,0,0,0,0,9,6,70,1,0
2024,10,"57 degrees, relative humidity 58%, wind 12 mph",Denver Broncos,Kansas City Chiefs,Devaughn Vele,DEN,Denver Broncos,away,16,14,WR,0,0.0,0,0,0,0,0,0,0,0,0,4,4,39,1,0
2024,10,"57 degrees, relative humidity 58%, wind 12 mph",Denver Broncos,Kansas City Chiefs,Jaleel McLaughlin,DEN,Denver Broncos,away,16,14,RB,2,3.7735849056603774,0,0,0,0,0,0,2,12,0,0,0,0,0,0
2024,10,"57 degrees, relative humidity 58%, wind 12 mph",Denver Broncos,Kansas City Chiefs,Javonte Williams,DEN,Denver Broncos,away,16,14,RB,1,1.8867924528301887,0,0,0,0,0,0,1,1,0,2,2,6,0,0
2024,10,"57 degrees, relative humidity 58%, wind 12 mph",Denver Broncos,Kansas City Chiefs,Lil'Jordan Humphrey,DEN,Denver Broncos,away,16,14,WR,0,0.0,0,0,0,0,0,0,0,0,0,3,2,23,0,0
2024,10,"57 degrees, relative humidity 58%, wind 12 mph",Denver Broncos,Kansas City Chiefs,Lucas Krull,DEN,Denver Broncos,away,16,14,TE,0,0.0,0,0,0,0,0,0,0,0,0,2,2,21,0,0
2024,10,"57 degrees, relative humidity 58%, wind 12 mph",Denver Broncos,Kansas City Chiefs,Marvin Mims,DEN,Denver Broncos,away,16,14,WR,3,5.660377358490567,0,0,0,0,0,0,3,17,0,4,4,13,0,0
2024,10,"57 degrees, relative humidity 58%, wind 12 mph",Denver Broncos,Kansas City Chiefs,Troy Franklin,DEN,Denver Broncos,away,16,14,WR,0,0.0,0,0,0,0,0,0,0,0,0,3,1,9,0,0
2024,10,,Houston Texans,Detroit Lions,Amon-Ra St. Brown,DET,Houston Texans,away,26,23,WR,0,0.0,0,0,0,0,0,0,0,0,0,8,6,60,1,0
2024,10,,Houston Texans,Detroit Lions,David Montgomery,DET,Houston Texans,away,26,23,RB,12,19.35483870967742,0,0,0,0,0,0,12,32,1,2,1,24,0,1
2024,10,,Houston Texans,Detroit Lions,Jahmyr Gibbs,DET,Houston Texans,away,26,23,RB,19,30.64516129032258,0,0,0,0,0,0,19,71,0,3,2,37,0,0
2024,10,,Houston Texans,Detroit Lions,Jameson Williams,DET,Houston Texans,away,26,23,WR,0,0.0,0,0,0,0,0,0,0,0,0,5,3,53,0,0
2024,10,,Houston Texans,Detroit Lions,Jared Goff,DET,Houston Texans,away,26,23,QB,31,50.0,15,30,240,2,5,0,1,2,0,0,0,0,0,0
2024,10,,Houston Texans,Detroit Lions,Sam LaPorta,DET,Houston Texans,away,26,23,TE,0,0.0,0,0,0,0,0,0,0,0,0,6,3,66,1,0
2024,10,,Houston Texans,Detroit Lions,C.J. Stroud,HOU,Houston Texans,away,26,23,QB,34,55.73770491803278,19,33,232,1,2,4,1,5,0,0,0,0,0,1
2024,10,,Houston Texans,Detroit Lions,Cade Stover,HOU,Houston Texans,away,26,23,TE,0,0.0,0,0,0,0,0,0,0,0,0,2,1,2,0,0
2024,10,,Houston Texans,Detroit Lions,Dalton Schultz,HOU,Houston Texans,away,26,23,TE,0,0.0,0,0,0,0,0,0,0,0,0,4,3,66,0,0
2024,10,,Houston Texans,Detroit Lions,Dare Ogunbowale,HOU,Houston Texans,away,26,23,RB,1,1.639344262295082,0,0,0,0,0,0,1,11,0,0,0,0,0,0
2024,10,,Houston Texans,Detroit Lions,Joe Mixon,HOU,Houston Texans,away,26,23,RB,25,40.98360655737705,0,0,0,0,0,0,25,46,1,4,2,44,0,0
2024,10,,Houston Texans,Detroit Lions,John Metchie,HOU,Houston Texans,away,26,23,WR,0,0.0,0,0,0,0,0,0,0,0,0,6,5,74,1,0
2024,10,,Houston Texans,Detroit Lions,Robert Woods,HOU,Houston Texans,away,26,23,WR,0,0.0,0,0,0,0,0,0,0,0,0,3,1,1,0,0
2024,10,,Houston Texans,Detroit Lions,Tank Dell,HOU,Houston Texans,away,26,23,WR,1,1.639344262295082,0,0,0,0,0,0,1,-6,0,9,5,39,0,0
2024,10,,Houston Texans,Detroit Lions,Xavier Hutchinson,HOU,Houston Texans,away,26,23,WR,0,0.0,0,0,0,0,0,0,0,0,0,4,2,6,0,0
2024,10,,Indianapolis Colts,Buffalo Bills,Adonai Mitchell,IND,Indianapolis Colts,away,30,20,WR,0,0.0,0,0,0,0,0,0,0,0,0,6,6,71,0,1
2024,10,,Indianapolis Colts,Buffalo Bills,Alec Pierce,IND,Indianapolis Colts,away,30,20,WR,0,0.0,0,0,0,0,0,0,0,0,0,7,4,81,1,0
2024,10,,Indianapolis Colts,Buffalo Bills,Andrew Ogletree,IND,Indianapolis Colts,away,30,20,TE,0,0.0,0,0,0,0,0,0,0,0,0,1,1,2,0,0
2024,10,,Indianapolis Colts,Buffalo Bills,Ashton Dulin,IND,Indianapolis Colts,away,30,20,WR,1,1.7543859649122806,0,0,0,0,0,0,1,7,0,0,0,0,0,0
2024,10,,Indianapolis Colts,Buffalo Bills,Joe Flacco,IND,Indianapolis Colts,away,30,20,QB,35,61.40350877192983,26,35,272,2,3,4,0,0,0,0,0,0,0,1
2024,10,,Indianapolis Colts,Buffalo Bills,Jonathan Taylor,IND,Indianapolis Colts,away,30,20,RB,21,36.84210526315789,0,0,0,0,0,0,21,114,0,4,2,8,0,0
2024,10,,Indianapolis Colts,Buffalo Bills,Josh Downs,IND,Indianapolis Colts,away,30,20,WR,0,0.0,0,0,0,0,0,0,0,0,0,10,7,72,0,0
2024,10,,Indianapolis Colts,Buffalo Bills,Kylen Granson,IND,Indianapolis Colts,away,30,20,TE,0,0.0,0,0,0,0,0,0,0,0,0,2,2,15,0,0
2024,10,,Indianapolis Colts,Buffalo Bills,Trey Sermon,IND,Indianapolis Colts,away,30,20,RB,0,0.0,0,0,0,0,0,0,0,0,0,1,1,4,0,0
2024,10,,Indianapolis Colts,Buffalo Bills,Tyler Goodson,IND,Indianapolis Colts,away,30,20,RB,0,0.0,0,0,0,0,0,0,0,0,0,3,2,9,1,0
2024,10,,Indianapolis Colts,Buffalo Bills,Will Mallory,IND,Indianapolis Colts,away,30,20,TE,0,0.0,0,0,0,0,0,0,0,0,0,1,1,10,0,0
2024,10,"79 degrees, relative humidity 77%, wind 7 mph",Jacksonville Jaguars,Minnesota Vikings,Brenton Strange,JAX,Jacksonville Jaguars,away,12,7,TE,0,0.0,0,0,0,0,0,0,0,0,0,3,2,25,0,0
2024,10,"79 degrees, relative humidity 77%, wind 7 mph",Jacksonville Jaguars,Minnesota Vikings,Brian Thomas,JAX,Jacksonville Jaguars,away,12,7,WR,0,0.0,0,0,0,0,0,0,0,0,0,3,2,12,0,0
2024,10,"79 degrees, relative humidity 77%, wind 7 mph",Jacksonville Jaguars,Minnesota Vikings,Evan Engram,JAX,Jacksonville Jaguars,away,12,7,TE,0,0.0,0,0,0,0,0,0,0,0,0,8,6,40,0,0
2024,10,"79 degrees, relative humidity 77%, wind 7 mph",Jacksonville Jaguars,Minnesota Vikings,Gabriel Davis,JAX,Jacksonville Jaguars,away,12,7,WR,0,0.0,0,0,0,0,0,0,0,0,0,4,1,19,0,0
2024,10,"79 degrees, relative humidity 77%, wind 7 mph",Jacksonville Jaguars,Minnesota Vikings,Luke Farrell,JAX,Jacksonville Jaguars,away,12,7,TE,0,0.0,0,0,0,0,0,0,0,0,0,2,2,16,0,0
2024,10,"79 degrees, relative humidity 77%, wind 7 mph",Jacksonville Jaguars,Minnesota Vikings,Mac Jones,JAX,Jacksonville Jaguars,away,12,7,QB,27,67.5,14,22,111,0,2,3,5,8,1,0,0,0,0,1
2024,10,"79 degrees, relative humidity 77%, wind 7 mph",Jacksonville Jaguars,Minnesota Vikings,Tank Bigsby,JAX,Jacksonville Jaguars,away,12,7,RB,2,5.0,0,0,0,0,0,0,2,4,0,0,0,0,0,0
2024,10,"79 degrees, relative humidity 77%, wind 7 mph",Jacksonville Jaguars,Minnesota Vikings,Travis Etienne,JAX,Jacksonville Jaguars,away,12,7,RB,11,27.500000000000004,0,0,0,0,0,0,11,44,0,1,1,-1,0,0
2024,10,"57 degrees, relative humidity 58%, wind 12 mph",Denver Broncos,Kansas City Chiefs,Carson Steele,KAN,Denver Broncos,away,16,14,RB,2,3.278688524590164,0,0,0,0,0,0,2,3,0,0,0,0,0,0
2024,10,"57 degrees, relative humidity 58%, wind 12 mph",Denver Broncos,Kansas City Chiefs,DeAndre Hopkins,KAN,Denver Broncos,away,16,14,WR,0,0.0,0,0,0,0,0,0,0,0,0,5,4,56,0,0
2024,10,"57 degrees, relative humidity 58%, wind 12 mph",Denver Broncos,Kansas City Chiefs,Justin Watson,KAN,Denver Broncos,away,16,14,WR,0,0.0,0,0,0,0,0,0,0,0,0,2,2,6,0,0
2024,10,"57 degrees, relative humidity 58%, wind 12 mph",Denver Broncos,Kansas City Chiefs,Justyn Ross,KAN,Denver Broncos,away,16,14,WR,0,0.0,0,0,0,0,0,0,0,0,0,1,0,0,0,0
2024,10,"57 degrees, relative humidity 58%, wind 12 mph",Denver Broncos,Kansas City Chiefs,Kareem Hunt,KAN,Denver Broncos,away,16,14,RB,14,22.950819672131146,0,0,0,0,0,0,14,35,0,10,7,65,0,0
2024,10,"57 degrees, relative humidity 58%, wind 12 mph",Denver Broncos,Kansas City Chiefs,Mecole Hardman,KAN,Denver Broncos,away,16,14,WR,0,0.0,0,0,0,0,0,0,0,0,0,1,1,3,0,0
2024,10,"57 degrees, relative humidity 58%, wind 12 mph",Denver Broncos,Kansas City Chiefs,Noah Gray,KAN,Denver Broncos,away,16,14,TE,0,0.0,0,0,0,0,0,0,0,0,0,2,2,18,0,0
2024,10,"57 degrees, relative humidity 58%, wind 12 mph",Denver Broncos,Kansas City Chiefs,Patrick Mahomes,KAN,Denver Broncos,away,16,14,QB,45,73.77049180327869,28,42,266,1,0,4,3,19,0,0,0,0,0,0
2024,10,"57 degrees, relative humidity 58%, wind 12 mph",Denver Broncos,Kansas City Chiefs,Peyton Hendershot,KAN,Denver Broncos,away,16,14,TE,0,0.0,0,0,0,0,0,0,0,0,0,1,1,6,0,0
2024,10,"57 degrees, relative humidity 58%, wind 12 mph",Denver Broncos,Kansas City Chiefs,Samaje Perine,KAN,Denver Broncos,away,16,14,RB,0,0.0,0,0,0,0,0,0,0,0,0,2,2,37,0,0
2024,10,"57 degrees, relative humidity 58%, wind 12 mph",Denver Broncos,Kansas City Chiefs,Travis Kelce,KAN,Denver Broncos,away,16,14,TE,0,0.0,0,0,0,0,0,0,0,0,0,12,8,64,1,0
2024,10,"57 degrees, relative humidity 58%, wind 12 mph",Denver Broncos,Kansas City Chiefs,Xavier Worthy,KAN,Denver Broncos,away,16,14,WR,0,0.0,0,0,0,0,0,0,0,0,0,4,1,11,0,0
2024,10,,Tennessee Titans,Los Angeles Chargers,Derius Davis,LAC,Tennessee Titans,away,27,17,WR,1,1.7543859649122806,0,0,0,0,0,0,1,6,0,1,1,17,0,0
2024,10,,Tennessee Titans,Los Angeles Chargers,Gus Edwards,LAC,Tennessee Titans,away,27,17,RB,10,17.543859649122805,0,0,0,0,0,0,10,55,0,0,0,0,0,0
2024,10,,Tennessee Titans,Los Angeles Chargers,Hassan Haskins,LAC,Tennessee Titans,away,27,17,RB,2,3.508771929824561,0,0,0,0,0,0,2,4,1,0,0,0,0,0
2024,10,,Tennessee Titans,Los Angeles Chargers,Hayden Hurst,LAC,Tennessee Titans,away,27,17,TE,0,0.0,0,0,0,0,0,0,0,0,0,1,0,0,0,0
2024,10,,Tennessee Titans,Los Angeles Chargers,J.K. Dobbins,LAC,Tennessee Titans,away,27,17,RB,15,26.31578947368421,0,0,0,0,0,0,15,50,0,3,3,5,0,0
2024,10,,Tennessee Titans,Los Angeles Chargers,Jalen Reagor,LAC,Tennessee Titans,away,27,17,WR,2,3.508771929824561,0,0,0,0,0,0,2,-2,0,1,0,0,0,0
2024,10,,Tennessee Titans,Los Angeles Chargers,Josh Palmer,LAC,Tennessee Titans,away,27,17,WR,0,0.0,0,0,0,0,0,0,0,0,0,2,1,36,0,0
2024,10,,Tennessee Titans,Los Angeles Chargers,Justin Herbert,LAC,Tennessee Titans,away,27,17,QB,27,47.368421052631575,14,18,164,1,0,0,9,32,1,0,0,0,0,0
2024,10,,Tennessee Titans,Los Angeles Chargers,Ladd McConkey,LAC,Tennessee Titans,away,27,17,WR,0,0.0,0,0,0,0,0,0,0,0,0,2,2,52,0,0
2024,10,,Tennessee Titans,Los Angeles Chargers,Quentin Johnston,LAC,Tennessee Titans,away,27,17,WR,0,0.0,0,0,0,0,0,0,0,0,0,2,2,24,1,0
2024,10,,Tennessee Titans,Los Angeles Chargers,Will Dissly,LAC,Tennessee Titans,away,27,17,TE,0,0.0,0,0,0,0,0,0,0,0,0,6,5,30,0,0
2024,10,,Los Angeles Rams,Miami Dolphins,Blake Corum,LAR,Los Angeles Rams,away,23,15,RB,2,3.125,0,0,0,0,0,0,2,8,0,1,1,7,0,0
2024,10,,Los Angeles Rams,Miami Dolphins,Cooper Kupp,LAR,Los Angeles Rams,away,23,15,WR,0,0.0,0,0,0,0,0,0,0,0,0,7,7,80,0,0
2024,10,,Los Angeles Rams,Miami Dolphins,Davis Allen,LAR,Los Angeles Rams,away,23,15,TE,0,0.0,0,0,0,0,0,0,0,0,0,6,5,34,0,0
2024,10,,Los Angeles Rams,Miami Dolphins,Demarcus Robinson,LAR,Los Angeles Rams,away,23,15,WR,0,0.0,0,0,0,0,0,0,0,0,0,5,1,23,0,0
2024,10,,Los Angeles Rams,Miami Dolphins,Kyren Williams,LAR,Los Angeles Rams,away,23,15,RB,15,23.4375,0,0,0,0,0,0,15,62,0,6,5,20,0,1
2024,10,,Los Angeles Rams,Miami Dolphins,Matthew Stafford,LAR,Los Angeles Rams,away,23,15,QB,47,73.4375,32,46,293,0,1,4,1,0,0,0,0,0,0,2
2024,10,,Los Angeles Rams,Miami Dolphins,Puka Nacua,LAR,Los Angeles Rams,away,23,15,WR,0,0.0,0,0,0,0,0,0,0,0,0,14,9,98,0,0
2024,10,,Los Angeles Rams,Miami Dolphins,Tutu Atwell,LAR,Los Angeles Rams,away,23,15,WR,0,0.0,0,0,0,0,0,0,0,0,0,1,1,6,0,0
2024,10,,Los Angeles Rams,Miami Dolphins,Tyler Johnson,LAR,Los Angeles Rams,away,23,15,WR,0,0.0,0,0,0,0,0,0,0,0,0,4,3,25,0,0
2024,10,,Los Angeles Rams,Miami Dolphins,De'Von Achane,MIA,Los Angeles Rams,away,23,15,RB,12,24.0,0,0,0,0,0,0,12,37,0,5,5,15,0,0
2024,10,,Los Angeles Rams,Miami Dolphins,Durham Smythe,MIA,Los Angeles Rams,away,23,15,TE,0,0.0,0,0,0,0,0,0,0,0,0,1,1,6,0,0
2024,10,,Los Angeles Rams,Miami Dolphins,Jaylen Waddle,MIA,Los Angeles Rams,away,23,15,WR,1,2.0,0,0,0,0,0,0,1,-1,0,6,3,57,0,0
2024,10,,Los Angeles Rams,Miami Dolphins,Jaylen Wright,MIA,Los Angeles Rams,away,23,15,RB,5,10.0,0,0,0,0,0,0,5,3,0,0,0,0,0,0
2024,10,,Los Angeles Rams,Miami Dolphins,Jonnu Smith,MIA,Los Angeles Rams,away,23,15,TE,0,0.0,0,0,0,0,0,0,0,0,0,4,3,45,0,0
2024,10,,Los Angeles Rams,Miami Dolphins,Julian Hill,MIA,Los Angeles Rams,away,23,15,TE,0,0.0,0,0,0,0,0,0,0,0,0,1,0,0,0,0
2024,10,,Los Angeles Rams,Miami Dolphins,Malik Washington,MIA,Los Angeles Rams,away,23,15,WR,1,2.0,0,0,0,0,0,0,1,18,1,2,1,17,0,0
2024,10,,Los Angeles Rams,Miami Dolphins,Odell Beckham Jr.,MIA,Los Angeles Rams,away,23,15,WR,0,0.0,0,0,0,0,0,0,0,0,0,2,2,17,0,0
2024,10,,Los Angeles Rams,Miami Dolphins,Raheem Mostert,MIA,Los Angeles Rams,away,23,15,RB,0,0.0,0,0,0,0,0,0,0,0,0,3,2,34,0,0
2024,10,,Los Angeles Rams,Miami Dolphins,Tua Tagovailoa,MIA,Los Angeles Rams,away,23,15,QB,29,57.99999999999999,20,28,207,1,1,3,1,-1,0,0,0,0,0,1
2024,10,,Los Angeles Rams,Miami Dolphins,Tyreek Hill,MIA,Los Angeles Rams,away,23,15,WR,2,4.0,0,0,0,0,0,0,2,11,0,4,3,16,1,0
2024,10,"79 degrees, relative humidity 77%, wind 7 mph",Jacksonville Jaguars,Minnesota Vikings,Aaron Jones,MIN,Jacksonville Jaguars,away,12,7,RB,17,20.98765432098765,0,0,0,0,0,0,17,88,0,3,2,13,0,0
2024,10,"79 degrees, relative humidity 77%, wind 7 mph",Jacksonville Jaguars,Minnesota Vikings,Cam Akers,MIN,Jacksonville Jaguars,away,12,7,RB,13,16.049382716049383,0,0,0,0,0,0,13,38,0,1,1,9,0,0
2024,10,"79 degrees, relative humidity 77%, wind 7 mph",Jacksonville Jaguars,Minnesota Vikings,Jalen Nailor,MIN,Jacksonville Jaguars,away,12,7,WR,1,1.2345679012345678,0,0,0,0,0,0,1,-7,0,3,1,11,0,0
2024,10,"79 degrees, relative humidity 77%, wind 7 mph",Jacksonville Jaguars,Minnesota Vikings,Jordan Addison,MIN,Jacksonville Jaguars,away,12,7,WR,1,1.2345679012345678,0,0,0,0,0,0,1,4,0,5,2,25,0,0
2024,10,"79 degrees, relative humidity 77%, wind 7 mph",Jacksonville Jaguars,Minnesota Vikings,Josh Oliver,MIN,Jacksonville Jaguars,away,12,7,TE,0,0.0,0,0,0,0,0,0,0,0,0,6,4,52,0,0
2024,10,"79 degrees, relative humidity 77%, wind 7 mph",Jacksonville Jaguars,Minnesota Vikings,Justin Jefferson,MIN,Jacksonville Jaguars,away,12,7,WR,0,0.0,0,0,0,0,0,0,0,0,0,9,5,48,0,0
2024,10,"79 degrees, relative humidity 77%, wind 7 mph",Jacksonville Jaguars,Minnesota Vikings,Sam Darnold,MIN,Jacksonville Jaguars,away,12,7,QB,45,55.55555555555556,24,38,241,0,3,1,7,28,0,0,0,0,0,0
2024,10,"79 degrees, relative humidity 77%, wind 7 mph",Jacksonville Jaguars,Minnesota Vikings,T.J. Hockenson,MIN,Jacksonville Jaguars,away,12,7,TE,0,0.0,0,0,0,0,0,0,0,0,0,9,8,72,0,0
2024,10,"79 degrees, relative humidity 77%, wind 7 mph",Jacksonville Jaguars,Minnesota Vikings,Trent Sherfield,MIN,Jacksonville Jaguars,away,12,7,WR,0,0.0,0,0,0,0,0,0,0,0,0,1,1,11,0,0
2024,10,"79 degrees, relative humidity 77%, wind 7 mph",Jacksonville Jaguars,Minnesota Vikings,Ty Chandler,MIN,Jacksonville Jaguars,away,12,7,RB,4,4.938271604938271,0,0,0,0,0,0,4,18,0,0,0,0,0,0
2024,10,,Atlanta Falcons,New Orleans Saints,Alvin Kamara,NOR,Atlanta Falcons,away,20,17,RB,17,32.69230769230769,0,0,0,0,0,0,17,55,0,6,5,54,0,0
2024,10,,Atlanta Falcons,New Orleans Saints,Dante Pettis,NOR,Atlanta Falcons,away,20,17,WR,0,0.0,0,0,0,0,0,0,0,0,0,1,1,8,0,0
2024,10,,Atlanta Falcons,New Orleans Saints,Derek Carr,NOR,Atlanta Falcons,away,20,17,QB,29,55.769230769230774,16,25,269,2,0,0,4,17,0,0,0,0,0,1
2024,10,,Atlanta Falcons,New Orleans Saints,Foster Moreau,NOR,Atlanta Falcons,away,20,17,TE,0,0.0,0,0,0,0,0,0,0,0,0,2,0,0,0,0
2024,10,,Atlanta Falcons,New Orleans Saints,Jordan Mims,NOR,Atlanta Falcons,away,20,17,RB,2,3.8461538461538463,0,0,0,0,0,0,2,10,0,2,1,4,0,0
2024,10,,Atlanta Falcons,New Orleans Saints,Juwan Johnson,NOR,Atlanta Falcons,away,20,17,TE,0,0.0,0,0,0,0,0,0,0,0,0,3,2,22,0,0
2024,10,,Atlanta Falcons,New Orleans Saints,Kevin Austin,NOR,Atlanta Falcons,away,20,17,WR,0,0.0,0,0,0,0,0,0,0,0,0,2,2,36,0,0
2024,10,,Atlanta Falcons,New Orleans Saints,Marquez Valdes-Scantling,NOR,Atlanta Falcons,away,20,17,WR,0,0.0,0,0,0,0,0,0,0,0,0,3,3,109,2,0
2024,10,,Atlanta Falcons,New Orleans Saints,Taysom Hill,NOR,Atlanta Falcons,away,20,17,TE,4,7.6923076923076925,0,0,0,0,0,0,4,14,0,2,2,36,0,0
2024,10,"60 degrees, relative humidity 78%, wind 6 mph",Chicago Bears,New England Patriots,Antonio Gibson,NWE,Chicago Bears,away,19,3,RB,5,8.333333333333332,0,0,0,0,0,0,5,26,0,0,0,0,0,0
2024,10,"60 degrees, relative humidity 78%, wind 6 mph",Chicago Bears,New England Patriots,Austin Hooper,NWE,Chicago Bears,away,19,3,TE,0,0.0,0,0,0,0,0,0,0,0,0,4,3,64,0,0
2024,10,"60 degrees, relative humidity 78%, wind 6 mph",Chicago Bears,New England Patriots,Demario Douglas,NWE,Chicago Bears,away,19,3,WR,0,0.0,0,0,0,0,0,0,0,0,0,5,4,50,0,0
2024,10,"60 degrees, relative humidity 78%, wind 6 mph",Chicago Bears,New England Patriots,Drake Maye,NWE,Chicago Bears,away,19,3,QB,29,48.333333333333336,15,25,184,1,1,1,4,24,0,0,0,0,0,0
2024,10,"60 degrees, relative humidity 78%, wind 6 mph",Chicago Bears,New England Patriots,Hunter Henry,NWE,Chicago Bears,away,19,3,TE,0,0.0,0,0,0,0,0,0,0,0,0,4,1,14,0,0
2024,10,"60 degrees, relative humidity 78%, wind 6 mph",Chicago Bears,New England Patriots,Ja'Lynn Polk,NWE,Chicago Bears,away,19,3,WR,0,0.0,0,0,0,0,0,0,0,0,0,1,1,2,1,0
2024,10,"60 degrees, relative humidity 78%, wind 6 mph",Chicago Bears,New England Patriots,Jamycal Hasty,NWE,Chicago Bears,away,19,3,RB,6,10.0,0,0,0,0,0,0,6,20,0,1,1,4,0,0
2024,10,"60 degrees, relative humidity 78%, wind 6 mph",Chicago Bears,New England Patriots,K.J. Osborn,NWE,Chicago Bears,away,19,3,WR,0,0.0,0,0,0,0,0,0,0,0,0,1,0,0,0,0
2024,10,"60 degrees, relative humidity 78%, wind 6 mph",Chicago Bears,New England Patriots,Kayshon Boutte,NWE,Chicago Bears,away,19,3,WR,0,0.0,0,0,0,0,0,0,0,0,0,6,4,47,0,0
2024,10,"60 degrees, relative humidity 78%, wind 6 mph",Chicago Bears,New England Patriots,Rhamondre Stevenson,NWE,Chicago Bears,away,19,3,RB,20,33.33333333333333,0,0,0,0,0,0,20,74,0,1,1,3,0,0
2024,10,"40 degrees, relative humidity 90%, wind 3 mph",New York Giants,Carolina Panthers,Daniel Jones,NYG,New York Giants,away,20,17,QB,44,61.97183098591549,22,37,190,0,2,2,7,26,1,0,0,0,0,0
2024,10,"40 degrees, relative humidity 90%, wind 3 mph",New York Giants,Carolina Panthers,Devin Singletary,NYG,New York Giants,away,20,17,RB,8,11.267605633802818,0,0,0,0,0,0,8,40,0,1,1,5,0,0
2024,10,"40 degrees, relative humidity 90%, wind 3 mph",New York Giants,Carolina Panthers,Isaiah Hodgins,NYG,New York Giants,away,20,17,WR,0,0.0,0,0,0,0,0,0,0,0,0,1,1,7,0,0
2024,10,"40 degrees, relative humidity 90%, wind 3 mph",New York Giants,Carolina Panthers,Jalin Hyatt,NYG,New York Giants,away,20,17,WR,0,0.0,0,0,0,0,0,0,0,0,0,4,4,39,0,0
2024,10,"40 degrees, relative humidity 90%, wind 3 mph",New York Giants,Carolina Panthers,Malik Nabers,NYG,New York Giants,away,20,17,WR,1,1.4084507042253522,0,0,0,0,0,0,1,-2,0,10,6,50,0,0
2024,10,"40 degrees, relative humidity 90%, wind 3 mph",New York Giants,Carolina Panthers,Theo Johnson,NYG,New York Giants,away,20,17,TE,0,0.0,0,0,0,0,0,0,0,0,0,6,4,37,0,0
2024,10,"40 degrees, relative humidity 90%, wind 3 mph",New York Giants,Carolina Panthers,Tyrone Tracy Jr.,NYG,New York Giants,away,20,17,RB,18,25.352112676056336,0,0,0,0,0,0,18,103,1,2,1,1,0,2
2024,10,"40 degrees, relative humidity 90%, wind 3 mph",New York Giants,Carolina Panthers,Wan'Dale Robinson,NYG,New York Giants,away,20,17,WR,0,0.0,0,0,0,0,0,0,0,0,0,8,5,51,0,0
2024,10,,New York Jets,Arizona Cardinals,Aaron Rodgers,NYJ,New York Jets,away,31,6,QB,35,67.3076923076923,22,35,151,0,0,3,0,0,0,0,0,0,0,1
2024,10,,New York Jets,Arizona Cardinals,Braelon Allen,NYJ,New York Jets,away,31,6,RB,7,13.461538461538462,0,0,0,0,0,0,7,27,0,1,1,7,0,0
2024,10,,New York Jets,Arizona Cardinals,Breece Hall,NYJ,New York Jets,away,31,6,RB,10,19.230769230769234,0,0,0,0,0,0,10,52,0,4,4,31,0,0
2024,10,,New York Jets,Arizona Cardinals,Davante Adams,NYJ,New York Jets,away,31,6,WR,0,0.0,0,0,0,0,0,0,0,0,0,13,6,31,0,0
2024,10,,New York Jets,Arizona Cardinals,Garrett Wilson,NYJ,New York Jets,away,31,6,WR,0,0.0,0,0,0,0,0,0,0,0,0,6,5,41,0,0
2024,10,,New York Jets,Arizona Cardinals,Isaiah Davis,NYJ,New York Jets,away,31,6,RB,0,0.0,0,0,0,0,0,0,0,0,0,1,1,10,0,0
2024,10,,New York Jets,Arizona Cardinals,Jeremy Ruckert,NYJ,New York Jets,away,31,6,TE,0,0.0,0,0,0,0,0,0,0,0,0,2,2,17,0,0
2024,10,,New York Jets,Arizona Cardinals,Kenny Yeboah,NYJ,New York Jets,away,31,6,TE,0,0.0,0,0,0,0,0,0,0,0,0,1,1,4,0,0
2024,10,,New York Jets,Arizona Cardinals,Malachi Corley,NYJ,New York Jets,away,31,6,WR,0,0.0,0,0,0,0,0,0,0,0,0,2,1,2,0,0
2024,10,,New York Jets,Arizona Cardinals,Tyler Conklin,NYJ,New York Jets,away,31,6,TE,0,0.0,0,0,0,0,0,0,0,0,0,2,1,8,0,0
2024,10,,New York Jets,Arizona Cardinals,Xavier Gipson,NYJ,New York Jets,away,31,6,WR,0,0.0,0,0,0,0,0,0,0,0,0,1,0,0,0,0
2024,10,,Dallas Cowboys,Philadelphia Eagles,A.J. Brown,PHI,Dallas Cowboys,away,34,6,WR,0,0.0,0,0,0,0,0,0,0,0,0,7,5,109,0,0
2024,10,,Dallas Cowboys,Philadelphia Eagles,Ainias Smith,PHI,Dallas Cowboys,away,34,6,WR,0,0.0,0,0,0,0,0,0,0,0,0,2,2,6,0,0
2024,10,,Dallas Cowboys,Philadelphia Eagles,Dallas Goedert,PHI,Dallas Cowboys,away,34,6,TE,0,0.0,0,0,0,0,0,0,0,0,0,3,2,25,1,0
2024,10,,Dallas Cowboys,Philadelphia Eagles,DeVonta Smith,PHI,Dallas Cowboys,away,34,6,WR,0,0.0,0,0,0,0,0,0,0,0,0,3,2,14,0,0
2024,10,,Dallas Cowboys,Philadelphia Eagles,Grant Calcaterra,PHI,Dallas Cowboys,away,34,6,TE,0,0.0,0,0,0,0,0,0,0,0,0,1,0,0,0,0
2024,10,,Dallas Cowboys,Philadelphia Eagles,Jahan Dotson,PHI,Dallas Cowboys,away,34,6,WR,0,0.0,0,0,0,0,0,0,0,0,0,1,1,27,0,0
2024,10,,Dallas Cowboys,Philadelphia Eagles,Jalen Hurts,PHI,Dallas Cowboys,away,34,6,QB,27,45.0,14,20,202,2,1,5,7,56,2,0,0,0,0,1
2024,10,,Dallas Cowboys,Philadelphia Eagles,Johnny Wilson,PHI,Dallas Cowboys,away,34,6,WR,0,0.0,0,0,0,0,0,0,0,0,0,1,1,5,1,0
2024,10,,Dallas Cowboys,Philadelphia Eagles,Kenneth Gainwell,PHI,Dallas Cowboys,away,34,6,RB,7,11.666666666666666,0,0,0,0,0,0,7,30,0,1,1,9,0,0
2024,10,,Dallas Cowboys,Philadelphia Eagles,Kenny Pickett,PHI,Dallas Cowboys,away,34,6,QB,3,5.0,1,2,5,0,0,0,1,1,0,0,0,0,0,0
2024,10,,Dallas Cowboys,Philadelphia Eagles,Saquon Barkley,PHI,Dallas Cowboys,away,34,6,RB,14,23.333333333333332,0,0,0,0,0,0,14,66,0,1,1,12,0,0
2024,10,,Dallas Cowboys,Philadelphia Eagles,Will Shipley,PHI,Dallas Cowboys,away,34,6,RB,9,15.0,0,0,0,0,0,0,9,34,0,0,0,0,0,0
2024,10,"57 degrees, relative humidity 54%, wind 9 mph",Washington Commanders,Pittsburgh Steelers,Calvin Austin,PIT,Washington Commanders,away,28,27,UNK,0,0.0,0,0,0,0,0,0,0,0,0,6,2,20,0,0
2024,10,"57 degrees, relative humidity 54%, wind 9 mph",Washington Commanders,Pittsburgh Steelers,Cordarrelle Patterson,PIT,Washington Commanders,away,28,27,RB,3,4.166666666666666,0,0,0,0,0,0,3,14,0,0,0,0,0,0
2024,10,"57 degrees, relative humidity 54%, wind 9 mph",Washington Commanders,Pittsburgh Steelers,Darnell Washington,PIT,Washington Commanders,away,28,27,TE,0,0.0,0,0,0,0,0,0,0,0,0,3,1,6,0,0
2024,10,"57 degrees, relative humidity 54%, wind 9 mph",Washington Commanders,Pittsburgh Steelers,George Pickens,PIT,Washington Commanders,away,28,27,WR,1,1.3888888888888888,0,0,0,0,0,0,1,4,0,7,5,91,1,0
2024,10,"57 degrees, relative humidity 54%, wind 9 mph",Washington Commanders,Pittsburgh Steelers,James Pierre,PIT,Washington Commanders,away,28,27,CB,0,0.0,0,0,0,0,0,0,0,0,0,1,0,0,0,0
2024,10,"57 degrees, relative humidity 54%, wind 9 mph",Washington Commanders,Pittsburgh Steelers,Jaylen Warren,PIT,Washington Commanders,away,28,27,RB,14,19.444444444444446,0,0,0,0,0,0,14,66,0,2,2,29,0,1
2024,10,"57 degrees, relative humidity 54%, wind 9 mph",Washington Commanders,Pittsburgh Steelers,Mike Williams,PIT,Washington Commanders,away,28,27,WR,0,0.0,0,0,0,0,0,0,0,0,0,1,1,32,1,0
2024,10,"57 degrees, relative humidity 54%, wind 9 mph",Washington Commanders,Pittsburgh Steelers,Miles Killebrew,PIT,Washington Commanders,away,28,27,SS,1,1.3888888888888888,0,1,0,0,0,0,0,0,0,0,0,0,0,0
2024,10,"57 degrees, relative humidity 54%, wind 9 mph",Washington Commanders,Pittsburgh Steelers,MyCole Pruitt,PIT,Washington Commanders,away,28,27,TE,0,0.0,0,0,0,0,0,0,0,0,0,1,0,0,0,0
2024,10,"57 degrees, relative humidity 54%, wind 9 mph",Washington Commanders,Pittsburgh Steelers,Najee Harris,PIT,Washington Commanders,away,28,27,RB,21,29.166666666666668,0,0,0,0,0,0,21,53,1,0,0,0,0,0
2024,10,"57 degrees, relative humidity 54%, wind 9 mph",Washington Commanders,Pittsburgh Steelers,Pat Freiermuth,PIT,Washington Commanders,away,28,27,TE,0,0.0,0,0,0,0,0,0,0,0,0,3,3,17,1,0
2024,10,"57 degrees, relative humidity 54%, wind 9 mph",Washington Commanders,Pittsburgh Steelers,Russell Wilson,PIT,Washington Commanders,away,28,27,QB,32,44.44444444444444,14,28,195,3,1,3,4,3,0,0,0,0,0,0
2024,10,"57 degrees, relative humidity 54%, wind 9 mph",Washington Commanders,Pittsburgh Steelers,Van Jefferson,PIT,Washington Commanders,away,28,27,WR,0,0.0,0,0,0,0,0,0,0,0,0,2,0,0,0,0
2024,10,"85 degrees, relative humidity 54%, wind 9 mph",Tampa Bay Buccaneers,San Francisco 49ers,Brock Purdy,SFO,Tampa Bay Buccaneers,away,23,20,QB,40,68.96551724137932,25,36,353,2,0,3,4,17,0,0,0,0,0,1
2024,10,"85 degrees, relative humidity 54%, wind 9 mph",Tampa Bay Buccaneers,San Francisco 49ers,Christian McCaffrey,SFO,Tampa Bay Buccaneers,away,23,20,RB,13,22.413793103448278,0,0,0,0,0,0,13,39,0,7,6,68,0,0
2024,10,"85 degrees, relative humidity 54%, wind 9 mph",Tampa Bay Buccaneers,San Francisco 49ers,Deebo Samuel,SFO,Tampa Bay Buccaneers,away,23,20,WR,3,5.172413793103448,0,0,0,0,0,0,3,14,0,6,5,62,0,0
2024,10,"85 degrees, relative humidity 54%, wind 9 mph",Tampa Bay Buccaneers,San Francisco 49ers,George Kittle,SFO,Tampa Bay Buccaneers,away,23,20,TE,0,0.0,0,0,0,0,0,0,0,0,0,4,3,57,1,0
2024,10,"85 degrees, relative humidity 54%, wind 9 mph",Tampa Bay Buccaneers,San Francisco 49ers,Isaac Guerendo,SFO,Tampa Bay Buccaneers,away,23,20,RB,1,1.7241379310344827,0,0,0,0,0,0,1,0,0,0,0,0,0,0
2024,10,"85 degrees, relative humidity 54%, wind 9 mph",Tampa Bay Buccaneers,San Francisco 49ers,Jauan Jennings,SFO,Tampa Bay Buccaneers,away,23,20,WR,0,0.0,0,0,0,0,0,0,0,0,0,11,7,93,0,0
2024,10,"85 degrees, relative humidity 54%, wind 9 mph",Tampa Bay Buccaneers,San Francisco 49ers,Jordan Mason,SFO,Tampa Bay Buccaneers,away,23,20,RB,1,1.7241379310344827,0,0,0,0,0,0,1,5,0,0,0,0,0,0
2024,10,"85 degrees, relative humidity 54%, wind 9 mph",Tampa Bay Buccaneers,San Francisco 49ers,Ricky Pearsall,SFO,Tampa Bay Buccaneers,away,23,20,WR,0,0.0,0,0,0,0,0,0,0,0,0,6,4,73,1,0
2024,10,"85 degrees, relative humidity 54%, wind 9 mph",Tampa Bay Buccaneers,San Francisco 49ers,Baker Mayfield,TAM,Tampa Bay Buccaneers,away,23,20,QB,32,57.14285714285714,18,29,116,1,0,2,3,3,0,0,0,0,0,3
2024,10,"85 degrees, relative humidity 54%, wind 9 mph",Tampa Bay Buccaneers,San Francisco 49ers,Bucky Irving,TAM,Tampa Bay Buccaneers,away,23,20,RB,13,23.214285714285715,0,0,0,0,0,0,13,73,1,3,3,14,0,0
2024,10,"85 degrees, relative humidity 54%, wind 9 mph",Tampa Bay Buccaneers,San Francisco 49ers,Cade Otton,TAM,Tampa Bay Buccaneers,away,23,20,TE,0,0.0,0,0,0,0,0,0,0,0,0,8,5,35,0,0
2024,10,"85 degrees, relative humidity 54%, wind 9 mph",Tampa Bay Buccaneers,San Francisco 49ers,Rachaad White,TAM,Tampa Bay Buccaneers,away,23,20,RB,10,17.857142857142858,0,0,0,0,0,0,10,31,0,7,6,39,1,0
2024,10,"85 degrees, relative humidity 54%, wind 9 mph",Tampa Bay Buccaneers,San Francisco 49ers,Rakim Jarrett,TAM,Tampa Bay Buccaneers,away,23,20,WR,0,0.0,0,0,0,0,0,0,0,0,0,4,2,10,0,0
2024,10,"85 degrees, relative humidity 54%, wind 9 mph",Tampa Bay Buccaneers,San Francisco 49ers,Ryan Miller,TAM,Tampa Bay Buccaneers,away,23,20,WR,0,0.0,0,0,0,0,0,0,0,0,0,3,1,11,0,0
2024,10,"85 degrees, relative humidity 54%, wind 9 mph",Tampa Bay Buccaneers,San Francisco 49ers,Sterling Shepard,TAM,Tampa Bay Buccaneers,away,23,20,WR,1,1.7857142857142856,0,0,0,0,0,0,1,3,0,3,1,7,0,0
2024,10,"85 degrees, relative humidity 54%, wind 9 mph",Tampa Bay Buccaneers,San Francisco 49ers,Trey Palmer,TAM,Tampa Bay Buccaneers,away,23,20,WR,0,0.0,0,0,0,0,0,0,0,0,0,1,0,0,0,0
2024,10,,Tennessee Titans,Los Angeles Chargers,Bryce Oliver,TEN,Tennessee Titans,away,27,17,WR,0,0.0,0,0,0,0,0,0,0,0,0,2,2,23,0,0
2024,10,,Tennessee Titans,Los Angeles Chargers,Calvin Ridley,TEN,Tennessee Titans,away,27,17,WR,0,0.0,0,0,0,0,0,0,0,0,0,9,5,84,2,0
2024,10,,Tennessee Titans,Los Angeles Chargers,Chigoziem Okonkwo,TEN,Tennessee Titans,away,27,17,TE,0,0.0,0,0,0,0,0,0,0,0,0,1,1,14,0,0
2024,10,,Tennessee Titans,Los Angeles Chargers,Josh Whyle,TEN,Tennessee Titans,away,27,17,TE,0,0.0,0,0,0,0,0,0,0,0,0,1,0,0,0,0
2024,10,,Tennessee Titans,Los Angeles Chargers,Nick Westbrook-Ikhine,TEN,Tennessee Titans,away,27,17,WR,0,0.0,0,0,0,0,0,0,0,0,0,3,3,31,0,0
2024,10,,Tennessee Titans,Los Angeles Chargers,Tony Pollard,TEN,Tennessee Titans,away,27,17,RB,9,20.454545454545457,0,0,0,0,0,0,9,44,0,4,4,19,0,0
2024,10,,Tennessee Titans,Los Angeles Chargers,Tyjae Spears,TEN,Tennessee Titans,away,27,17,RB,7,15.909090909090908,0,0,0,0,0,0,7,47,0,3,3,4,0,0
2024,10,,Tennessee Titans,Los Angeles Chargers,Will Levis,TEN,Tennessee Titans,away,27,17,QB,28,63.63636363636363,18,23,175,2,0,7,5,41,0,0,0,0,0,1
2024,10,"57 degrees, relative humidity 54%, wind 9 mph",Washington Commanders,Pittsburgh Steelers,Austin Ekeler,WAS,Washington Commanders,away,28,27,RB,13,23.214285714285715,0,0,0,0,0,0,13,44,2,2,1,7,0,0
2024,10,"57 degrees, relative humidity 54%, wind 9 mph",Washington Commanders,Pittsburgh Steelers,Chris Rodriguez,WAS,Washington Commanders,away,28,27,RB,2,3.571428571428571,0,0,0,0,0,0,2,4,0,0,0,0,0,0
2024,10,"57 degrees, relative humidity 54%, wind 9 mph",Washington Commanders,Pittsburgh Steelers,Dyami Brown,WAS,Washington Commanders,away,28,27,WR,0,0.0,0,0,0,0,0,0,0,0,0,3,2,-13,0,0
2024,10,"57 degrees, relative humidity 54%, wind 9 mph",Washington Commanders,Pittsburgh Steelers,Jayden Daniels,WAS,Washington Commanders,away,28,27,QB,37,66.07142857142857,17,34,202,0,0,3,3,5,0,0,0,0,0,0
2024,10,"57 degrees, relative humidity 54%, wind 9 mph",Washington Commanders,Pittsburgh Steelers,Jeremy McNichols,WAS,Washington Commanders,away,28,27,RB,4,7.142857142857142,0,0,0,0,0,0,4,7,1,0,0,0,0,0
2024,10,"57 degrees, relative humidity 54%, wind 9 mph",Washington Commanders,Pittsburgh Steelers,Luke McCaffrey,WAS,Washington Commanders,away,28,27,WR,0,0.0,0,0,0,0,0,0,0,0,0,3,1,23,0,0
2024,10,"57 degrees, relative humidity 54%, wind 9 mph",Washington Commanders,Pittsburgh Steelers,Noah Brown,WAS,Washington Commanders,away,28,27,WR,0,0.0,0,0,0,0,0,0,0,0,0,7,3,33,0,0
2024,10,"57 degrees, relative humidity 54%, wind 9 mph",Washington Commanders,Pittsburgh Steelers,Olamide Zaccheaus,WAS,Washington Commanders,away,28,27,WR,0,0.0,0,0,0,0,0,0,0,0,0,3,1,8,0,2
2024,10,"57 degrees, relative humidity 54%, wind 9 mph",Washington Commanders,Pittsburgh Steelers,Terry McLaurin,WAS,Washington Commanders,away,28,27,WR,0,0.0,0,0,0,0,0,0,0,0,0,6,5,113,0,0
2024,10,"57 degrees, relative humidity 54%, wind 9 mph",Washington Commanders,Pittsburgh Steelers,Zach Ertz,WAS,Washington Commanders,away,28,27,TE,0,0.0,0,0,0,0,0,0,0,0,0,8,4,31,0,0
2024,11,"55 degrees, relative humidity 12%, wind 9 mph",Atlanta Falcons,Denver Broncos,Bijan Robinson,ATL,Atlanta Falcons,away,38,6,RB,12,23.076923076923077,0,0,0,0,0,0,12,35,0,4,4,28,0,0
2024,11,"55 degrees, relative humidity 12%, wind 9 mph",Atlanta Falcons,Denver Broncos,Casey Washington,ATL,Atlanta Falcons,away,38,6,WR,0,0.0,0,0,0,0,0,0,0,0,0,1,0,0,0,0
2024,11,"55 degrees, relative humidity 12%, wind 9 mph",Atlanta Falcons,Denver Broncos,Darnell Mooney,ATL,Atlanta Falcons,away,38,6,WR,0,0.0,0,0,0,0,0,0,0,0,0,4,2,27,0,0
2024,11,"55 degrees, relative humidity 12%, wind 9 mph",Atlanta Falcons,Denver Broncos,Drake London,ATL,Atlanta Falcons,away,38,6,WR,0,0.0,0,0,0,0,0,0,0,0,0,7,3,61,0,0
2024,11,"55 degrees, relative humidity 12%, wind 9 mph",Atlanta Falcons,Denver Broncos,Jase McClellan,ATL,Atlanta Falcons,away,38,6,RB,8,15.384615384615385,0,0,0,0,0,0,8,15,0,0,0,0,0,0
2024,11,"55 degrees, relative humidity 12%, wind 9 mph",Atlanta Falcons,Denver Broncos,KhaDarel Hodge,ATL,Atlanta Falcons,away,38,6,WR,0,0.0,0,0,0,0,0,0,0,0,0,2,2,22,0,0
2024,11,"55 degrees, relative humidity 12%, wind 9 mph",Atlanta Falcons,Denver Broncos,Kirk Cousins,ATL,Atlanta Falcons,away,38,6,QB,28,53.84615384615385,18,27,173,0,1,3,1,0,0,0,0,0,0,1
2024,11,"55 degrees, relative humidity 12%, wind 9 mph",Atlanta Falcons,Denver Broncos,Kyle Pitts,ATL,Atlanta Falcons,away,38,6,TE,0,0.0,0,0,0,0,0,0,0,0,0,3,1,9,0,0
2024,11,"55 degrees, relative humidity 12%, wind 9 mph",Atlanta Falcons,Denver Broncos,Michael Penix,ATL,Atlanta Falcons,away,38,6,QB,4,7.6923076923076925,2,4,24,0,0,1,0,0,0,0,0,0,0,0
2024,11,"55 degrees, relative humidity 12%, wind 9 mph",Atlanta Falcons,Denver Broncos,Ray-Ray McCloud,ATL,Atlanta Falcons,away,38,6,WR,0,0.0,0,0,0,0,0,0,0,0,0,6,6,46,0,0
2024,11,"55 degrees, relative humidity 12%, wind 9 mph",Atlanta Falcons,Denver Broncos,Ross Dwelley,ATL,Atlanta Falcons,away,38,6,TE,0,0.0,0,0,0,0,0,0,0,0,0,1,1,5,0,0
2024,11,"55 degrees, relative humidity 12%, wind 9 mph",Atlanta Falcons,Denver Broncos,Tyler Allgeier,ATL,Atlanta Falcons,away,38,6,RB,0,0.0,0,0,0,0,0,0,0,0,0,1,1,-1,0,0
2024,11,"52 degrees, relative humidity 61%, wind 5 mph",Baltimore Ravens,Pittsburgh Steelers,Derrick Henry,BAL,Baltimore Ravens,away,18,16,RB,13,25.0,0,0,0,0,0,0,13,65,1,0,0,0,0,1
2024,11,"52 degrees, relative humidity 61%, wind 5 mph",Baltimore Ravens,Pittsburgh Steelers,Diontae Johnson,BAL,Baltimore Ravens,away,18,16,WR,0,0.0,0,0,0,0,0,0,0,0,0,2,0,0,0,0
2024,11,"52 degrees, relative humidity 61%, wind 5 mph",Baltimore Ravens,Pittsburgh Steelers,Isaiah Likely,BAL,Baltimore Ravens,away,18,16,TE,0,0.0,0,0,0,0,0,0,0,0,0,5,4,75,0,1
2024,11,"52 degrees, relative humidity 61%, wind 5 mph",Baltimore Ravens,Pittsburgh Steelers,Justice Hill,BAL,Baltimore Ravens,away,18,16,RB,2,3.8461538461538463,0,0,0,0,0,0,2,13,0,7,4,28,0,0
2024,11,"52 degrees, relative humidity 61%, wind 5 mph",Baltimore Ravens,Pittsburgh Steelers,Lamar Jackson,BAL,Baltimore Ravens,away,18,16,QB,37,71.15384615384616,16,33,207,1,1,2,4,46,0,0,0,0,0,0
2024,11,"52 degrees, relative humidity 61%, wind 5 mph",Baltimore Ravens,Pittsburgh Steelers,Mark Andrews,BAL,Baltimore Ravens,away,18,16,TE,0,0.0,0,0,0,0,0,0,0,0,0,3,2,22,0,0
2024,11,"52 degrees, relative humidity 61%, wind 5 mph",Baltimore Ravens,Pittsburgh Steelers,Nelson Agholor,BAL,Baltimore Ravens,away,18,16,WR,0,0.0,0,0,0,0,0,0,0,0,0,1,0,0,0,0
2024,11,"52 degrees, relative humidity 61%, wind 5 mph",Baltimore Ravens,Pittsburgh Steelers,Patrick Ricard,BAL,Baltimore Ravens,away,18,16,FB,0,0.0,0,0,0,0,0,0,0,0,0,1,1,5,0,0
2024,11,"52 degrees, relative humidity 61%, wind 5 mph",Baltimore Ravens,Pittsburgh Steelers,Rashod Bateman,BAL,Baltimore Ravens,away,18,16,WR,0,0.0,0,0,0,0,0,0,0,0,0,5,2,30,0,0
2024,11,"52 degrees, relative humidity 61%, wind 5 mph",Baltimore Ravens,Pittsburgh Steelers,Tylan Wallace,BAL,Baltimore Ravens,away,18,16,WR,0,0.0,0,0,0,0,0,0,0,0,0,1,1,8,0,0
2024,11,"52 degrees, relative humidity 61%, wind 5 mph",Baltimore Ravens,Pittsburgh Steelers,Zay Flowers,BAL,Baltimore Ravens,away,18,16,WR,0,0.0,0,0,0,0,0,0,0,0,0,6,2,39,1,0
2024,11,"50 degrees, relative humidity 62%, wind 3 mph",Kansas City Chiefs,Buffalo Bills,Amari Cooper,BUF,Kansas City Chiefs,away,30,21,WR,0,0.0,0,0,0,0,0,0,0,0,0,3,2,55,0,0
2024,11,"50 degrees, relative humidity 62%, wind 3 mph",Kansas City Chiefs,Buffalo Bills,Curtis Samuel,BUF,Kansas City Chiefs,away,30,21,WR,0,0.0,0,0,0,0,0,0,0,0,0,6,5,58,1,0
2024,11,"50 degrees, relative humidity 62%, wind 3 mph",Kansas City Chiefs,Buffalo Bills,Dawson Knox,BUF,Kansas City Chiefs,away,30,21,TE,0,0.0,0,0,0,0,0,0,0,0,0,6,4,40,0,0
2024,11,"50 degrees, relative humidity 62%, wind 3 mph",Kansas City Chiefs,Buffalo Bills,James Cook,BUF,Kansas City Chiefs,away,30,21,RB,9,12.676056338028168,0,0,0,0,0,0,9,20,2,6,5,7,0,0
2024,11,"50 degrees, relative humidity 62%, wind 3 mph",Kansas City Chiefs,Buffalo Bills,Josh Allen,BUF,Kansas City Chiefs,away,30,21,QB,52,73.23943661971832,27,40,262,1,1,0,12,55,1,0,0,0,0,0
2024,11,"50 degrees, relative humidity 62%, wind 3 mph",Kansas City Chiefs,Buffalo Bills,Khalil Shakir,BUF,Kansas City Chiefs,away,30,21,WR,0,0.0,0,0,0,0,0,0,0,0,0,12,8,70,0,0
2024,11,"50 degrees, relative humidity 62%, wind 3 mph",Kansas City Chiefs,Buffalo Bills,Mack Hollins,BUF,Kansas City Chiefs,away,30,21,WR,0,0.0,0,0,0,0,0,0,0,0,0,2,2,27,0,0
2024,11,"50 degrees, relative humidity 62%, wind 3 mph",Kansas City Chiefs,Buffalo Bills,Quintin Morris,BUF,Kansas City Chiefs,away,30,21,TE,0,0.0,0,0,0,0,0,0,0,0,0,1,0,0,0,0
2024,11,"50 degrees, relative humidity 62%, wind 3 mph",Kansas City Chiefs,Buffalo Bills,Ray Davis,BUF,Kansas City Chiefs,away,30,21,RB,5,7.042253521126761,0,0,0,0,0,0,5,11,0,0,0,0,0,0
2024,11,"50 degrees, relative humidity 62%, wind 3 mph",Kansas City Chiefs,Buffalo Bills,Ty Johnson,BUF,Kansas City Chiefs,away,30,21,RB,5,7.042253521126761,0,0,0,0,0,0,5,18,0,1,0,0,0,0
2024,11,"50 degrees, relative humidity 62%, wind 3 mph",Kansas City Chiefs,Buffalo Bills,Zach Davidson,BUF,Kansas City Chiefs,away,30,21,TE,0,0.0,0,0,0,0,0,0,0,0,0,1,1,5,0,0
2024,11,"54 degrees, relative humidity 80%, wind 5 mph",Chicago Bears,Green Bay Packers,Caleb Williams,CHI,Chicago Bears,away,20,19,QB,40,61.53846153846154,23,31,231,0,0,3,9,70,0,0,0,0,0,0
2024,11,"54 degrees, relative humidity 80%, wind 5 mph",Chicago Bears,Green Bay Packers,Cole Kmet,CHI,Chicago Bears,away,20,19,TE,0,0.0,0,0,0,0,0,0,0,0,0,3,3,42,0,0
2024,11,"54 degrees, relative humidity 80%, wind 5 mph",Chicago Bears,Green Bay Packers,D'Andre Swift,CHI,Chicago Bears,away,20,19,RB,14,21.53846153846154,0,0,0,0,0,0,14,71,1,2,2,13,0,0
2024,11,"54 degrees, relative humidity 80%, wind 5 mph",Chicago Bears,Green Bay Packers,D.J. Moore,CHI,Chicago Bears,away,20,19,WR,1,1.5384615384615385,0,0,0,0,0,0,1,5,0,7,7,62,0,0
2024,11,"54 degrees, relative humidity 80%, wind 5 mph",Chicago Bears,Green Bay Packers,Keenan Allen,CHI,Chicago Bears,away,20,19,WR,0,0.0,0,0,0,0,0,0,0,0,0,8,4,41,0,0
2024,11,"54 degrees, relative humidity 80%, wind 5 mph",Chicago Bears,Green Bay Packers,Rome Odunze,CHI,Chicago Bears,away,20,19,WR,0,0.0,0,0,0,0,0,0,0,0,0,10,6,65,0,0
2024,11,"54 degrees, relative humidity 80%, wind 5 mph",Chicago Bears,Green Bay Packers,Roschon Johnson,CHI,Chicago Bears,away,20,19,RB,10,15.384615384615385,0,0,0,0,0,0,10,33,1,1,1,8,0,0
2024,11,,Cincinnati Bengals,Los Angeles Chargers,Andrei Iosivas,CIN,Cincinnati Bengals,away,34,27,WR,0,0.0,0,0,0,0,0,0,0,0,0,3,3,46,0,0
2024,11,,Cincinnati Bengals,Los Angeles Chargers,Chase Brown,CIN,Cincinnati Bengals,away,34,27,RB,22,29.333333333333332,0,0,0,0,0,0,22,86,0,7,5,57,0,0
2024,11,,Cincinnati Bengals,Los Angeles Chargers,Drew Sample,CIN,Cincinnati Bengals,away,34,27,TE,1,1.3333333333333335,0,0,0,0,0,0,1,-4,0,2,1,9,0,0
2024,11,,Cincinnati Bengals,Los Angeles Chargers,Ja'Marr Chase,CIN,Cincinnati Bengals,away,34,27,WR,0,0.0,0,0,0,0,0,0,0,0,0,13,7,75,2,0
2024,11,,Cincinnati Bengals,Los Angeles Chargers,Jermaine Burton,CIN,Cincinnati Bengals,away,34,27,WR,0,0.0,0,0,0,0,0,0,0,0,0,4,1,8,0,0
2024,11,,Cincinnati Bengals,Los Angeles Chargers,Joe Burrow,CIN,Cincinnati Bengals,away,34,27,QB,52,69.33333333333334,28,50,356,3,0,3,2,28,0,0,0,0,0,0
2024,11,,Cincinnati Bengals,Los Angeles Chargers,Mike Gesicki,CIN,Cincinnati Bengals,away,34,27,TE,0,0.0,0,0,0,0,0,0,0,0,0,2,0,0,0,0
2024,11,,Cincinnati Bengals,Los Angeles Chargers,Tanner Hudson,CIN,Cincinnati Bengals,away,34,27,TE,0,0.0,0,0,0,0,0,0,0,0,0,2,2,13,0,0
2024,11,,Cincinnati Bengals,Los Angeles Chargers,Tee Higgins,CIN,Cincinnati Bengals,away,34,27,WR,0,0.0,0,0,0,0,0,0,0,0,0,13,9,148,1,0
2024,11,,Cleveland Browns,New Orleans Saints,Cedric Tillman,CLE,Cleveland Browns,away,35,14,WR,0,0.0,0,0,0,0,0,0,0,0,0,8,3,47,0,0
2024,11,,Cleveland Browns,New Orleans Saints,David Njoku,CLE,Cleveland Browns,away,35,14,TE,0,0.0,0,0,0,0,0,0,0,0,0,9,9,81,0,0
2024,11,,Cleveland Browns,New Orleans Saints,Dorian Thompson-Robinson,CLE,Cleveland Browns,away,35,14,QB,1,1.4925373134328357,0,1,0,0,0,0,0,0,0,0,0,0,0,0
2024,11,,Cleveland Browns,New Orleans Saints,Elijah Moore,CLE,Cleveland Browns,away,35,14,WR,0,0.0,0,0,0,0,0,0,0,0,0,8,6,66,1,0
2024,11,,Cleveland Browns,New Orleans Saints,Jamari Thrash,CLE,Cleveland Browns,away,35,14,WR,0,0.0,0,0,0,0,0,0,0,0,0,1,1,11,0,0
2024,11,,Cleveland Browns,New Orleans Saints,Jameis Winston,CLE,Cleveland Browns,away,35,14,QB,47,70.1492537313433,30,46,395,2,0,3,1,8,0,0,0,0,0,0
2024,11,,Cleveland Browns,New Orleans Saints,Jerome Ford,CLE,Cleveland Browns,away,35,14,RB,5,7.462686567164178,0,0,0,0,0,0,5,10,0,4,4,29,0,0
2024,11,,Cleveland Browns,New Orleans Saints,Jerry Jeudy,CLE,Cleveland Browns,away,35,14,WR,0,0.0,0,0,0,0,0,0,0,0,0,11,6,142,1,0
2024,11,,Cleveland Browns,New Orleans Saints,Jordan Akins,CLE,Cleveland Browns,away,35,14,TE,0,0.0,0,0,0,0,0,0,0,0,0,4,1,19,0,0
2024,11,,Cleveland Browns,New Orleans Saints,Kadarius Toney,CLE,Cleveland Browns,away,35,14,WR,1,1.4925373134328357,0,0,0,0,0,0,1,-7,0,0,0,0,0,0
2024,11,,Cleveland Browns,New Orleans Saints,Nick Chubb,CLE,Cleveland Browns,away,35,14,RB,11,16.417910447761194,0,0,0,0,0,0,11,50,0,0,0,0,0,0
2024,11,,Cleveland Browns,New Orleans Saints,Pierre Strong,CLE,Cleveland Browns,away,35,14,RB,2,2.9850746268656714,0,0,0,0,0,0,2,5,0,0,0,0,0,0
2024,11,,Dallas Cowboys,Houston Texans,Brevyn Spann-Ford,DAL,Dallas Cowboys,away,34,10,TE,0,0.0,0,0,0,0,0,0,0,0,0,5,4,42,0,0
2024,11,,Dallas Cowboys,Houston Texans,Bryan Anger,DAL,Dallas Cowboys,away,34,10,P,1,1.3513513513513513,1,1,4,0,0,0,0,0,0,0,0,0,0,0
2024,11,,Dallas Cowboys,Houston Texans,CeeDee Lamb,DAL,Dallas Cowboys,away,34,10,WR,1,1.3513513513513513,0,0,0,0,0,0,1,13,0,12,8,93,0,0
2024,11,,Dallas Cowboys,Houston Texans,Cooper Rush,DAL,Dallas Cowboys,away,34,10,QB,57,77.02702702702703,32,55,354,1,1,5,2,2,0,0,0,0,0,2
2024,11,,Dallas Cowboys,Houston Texans,Deuce Vaughn,DAL,Dallas Cowboys,away,34,10,RB,4,5.405405405405405,0,0,0,0,0,0,4,13,0,2,1,4,0,0
2024,11,,Dallas Cowboys,Houston Texans,Ezekiel Elliott,DAL,Dallas Cowboys,away,34,10,RB,1,1.3513513513513513,0,0,0,0,0,0,1,8,0,3,3,16,0,0
2024,11,,Dallas Cowboys,Houston Texans,Jake Ferguson,DAL,Dallas Cowboys,away,34,10,TE,0,0.0,0,0,0,0,0,0,0,0,0,1,1,11,0,0
2024,11,,Dallas Cowboys,Houston Texans,Jalen Tolbert,DAL,Dallas Cowboys,away,34,10,WR,0,0.0,0,0,0,0,0,0,0,0,0,5,2,21,0,0
2024,11,,Dallas Cowboys,Houston Texans,Jonathan Mingo,DAL,Dallas Cowboys,away,34,10,WR,0,0.0,0,0,0,0,0,0,0,0,0,4,0,0,0,0
2024,11,,Dallas Cowboys,Houston Texans,Juanyeh Thomas,DAL,Dallas Cowboys,away,34,10,FS,0,0.0,0,0,0,0,0,0,0,0,0,1,1,4,0,0
2024,11,,Dallas Cowboys,Houston Texans,KaVontae Turpin,DAL,Dallas Cowboys,away,34,10,WR,0,0.0,0,0,0,0,0,0,0,0,0,3,3,86,1,0
2024,11,,Dallas Cowboys,Houston Texans,Luke Schoonmaker,DAL,Dallas Cowboys,away,34,10,TE,0,0.0,0,0,0,0,0,0,0,0,0,10,6,56,0,0
2024,11,,Dallas Cowboys,Houston Texans,Rico Dowdle,DAL,Dallas Cowboys,away,34,10,RB,10,13.513513513513514,0,0,0,0,0,0,10,28,0,5,2,6,0,0
2024,11,,Dallas Cowboys,Houston Texans,Ryan Flournoy,DAL,Dallas Cowboys,away,34,10,WR,0,0.0,0,0,0,0,0,0,0,0,0,3,2,19,0,0
2024,11,"55 degrees, relative humidity 12%, wind 9 mph",Atlanta Falcons,Denver Broncos,Adam Trautman,DEN,Atlanta Falcons,away,38,6,TE,0,0.0,0,0,0,0,0,0,0,0,0,1,0,0,0,0
2024,11,"55 degrees, relative humidity 12%, wind 9 mph",Atlanta Falcons,Denver Broncos,Audric Estime,DEN,Atlanta Falcons,away,38,6,RB,6,10.16949152542373,0,0,0,0,0,0,6,16,0,3,3,9,0,0
2024,11,"55 degrees, relative humidity 12%, wind 9 mph",Atlanta Falcons,Denver Broncos,Bo Nix,DEN,Atlanta Falcons,away,38,6,QB,35,59.32203389830508,28,33,307,4,0,1,2,5,0,0,0,0,0,0
2024,11,"55 degrees, relative humidity 12%, wind 9 mph",Atlanta Falcons,Denver Broncos,Courtland Sutton,DEN,Atlanta Falcons,away,38,6,WR,0,0.0,0,0,0,0,0,0,0,0,0,8,7,78,0,0
2024,11,"55 degrees, relative humidity 12%, wind 9 mph",Atlanta Falcons,Denver Broncos,Devaughn Vele,DEN,Atlanta Falcons,away,38,6,WR,0,0.0,0,0,0,0,0,0,0,0,0,5,4,66,0,0
2024,11,"55 degrees, relative humidity 12%, wind 9 mph",Atlanta Falcons,Denver Broncos,Jaleel McLaughlin,DEN,Atlanta Falcons,away,38,6,RB,4,6.779661016949152,0,0,0,0,0,0,4,19,0,0,0,0,0,0
2024,11,"55 degrees, relative humidity 12%, wind 9 mph",Atlanta Falcons,Denver Broncos,Javonte Williams,DEN,Atlanta Falcons,away,38,6,RB,9,15.254237288135593,0,0,0,0,0,0,9,59,1,5,4,28,0,0
2024,11,"55 degrees, relative humidity 12%, wind 9 mph",Atlanta Falcons,Denver Broncos,Lil'Jordan Humphrey,DEN,Atlanta Falcons,away,38,6,WR,0,0.0,0,0,0,0,0,0,0,0,0,4,4,52,1,1
2024,11,"55 degrees, relative humidity 12%, wind 9 mph",Atlanta Falcons,Denver Broncos,Marvin Mims,DEN,Atlanta Falcons,away,38,6,WR,3,5.084745762711865,0,0,0,0,0,0,3,4,0,2,2,49,1,0
2024,11,"55 degrees, relative humidity 12%, wind 9 mph",Atlanta Falcons,Denver Broncos,Michael Burton,DEN,Atlanta Falcons,away,38,6,FB,2,3.389830508474576,0,0,0,0,0,0,2,2,0,1,1,-2,0,0
2024,11,"55 degrees, relative humidity 12%, wind 9 mph",Atlanta Falcons,Denver Broncos,Nate Adkins,DEN,Atlanta Falcons,away,38,6,TE,0,0.0,0,0,0,0,0,0,0,0,0,1,1,12,1,0
2024,11,"55 degrees, relative humidity 12%, wind 9 mph",Atlanta Falcons,Denver Broncos,Troy Franklin,DEN,Atlanta Falcons,away,38,6,WR,0,0.0,0,0,0,0,0,0,0,0,0,2,2,15,1,0
2024,11,,Jacksonville Jaguars,Detroit Lions,Allen Robinson,DET,Jacksonville Jaguars,away,52,6,WR,0,0.0,0,0,0,0,0,0,0,0,0,2,1,7,0,0
2024,11,,Jacksonville Jaguars,Detroit Lions,Amon-Ra St. Brown,DET,Jacksonville Jaguars,away,52,6,WR,1,1.3157894736842104,0,0,0,0,0,0,1,-4,0,11,11,161,2,0
2024,11,,Jacksonville Jaguars,Detroit Lions,Brock Wright,DET,Jacksonville Jaguars,away,52,6,TE,0,0.0,0,0,0,0,0,0,0,0,0,1,1,5,1,0
2024,11,,Jacksonville Jaguars,Detroit Lions,Craig Reynolds,DET,Jacksonville Jaguars,away,52,6,RB,2,2.631578947368421,0,0,0,0,0,0,2,21,0,0,0,0,0,0
2024,11,,Jacksonville Jaguars,Detroit Lions,David Montgomery,DET,Jacksonville Jaguars,away,52,6,RB,15,19.736842105263158,0,0,0,0,0,0,15,75,2,3,3,20,0,0
2024,11,,Jacksonville Jaguars,Detroit Lions,Hendon Hooker,DET,Jacksonville Jaguars,away,52,6,QB,8,10.526315789473683,3,4,37,0,0,0,4,3,0,0,0,0,0,0
2024,11,,Jacksonville Jaguars,Detroit Lions,Jahmyr Gibbs,DET,Jacksonville Jaguars,away,52,6,RB,11,14.473684210526317,0,0,0,0,0,0,11,69,1,1,1,54,0,0
2024,11,,Jacksonville Jaguars,Detroit Lions,Jameson Williams,DET,Jacksonville Jaguars,away,52,6,WR,1,1.3157894736842104,0,0,0,0,0,0,1,2,0,6,4,124,1,0
2024,11,,Jacksonville Jaguars,Detroit Lions,Jared Goff,DET,Jacksonville Jaguars,away,52,6,QB,33,43.42105263157895,24,29,412,4,0,0,4,21,0,0,0,0,0,0
2024,11,,Jacksonville Jaguars,Detroit Lions,Kalif Raymond,DET,Jacksonville Jaguars,away,52,6,WR,0,0.0,0,0,0,0,0,0,0,0,0,2,2,30,0,0
2024,11,,Jacksonville Jaguars,Detroit Lions,Shane Zylstra,DET,Jacksonville Jaguars,away,52,6,TE,0,0.0,0,0,0,0,0,0,0,0,0,1,1,22,0,0
2024,11,,Jacksonville Jaguars,Detroit Lions,Sione Vaki,DET,Jacksonville Jaguars,away,52,6,RB,5,6.578947368421052,0,0,0,0,0,0,5,9,0,0,0,0,0,0
2024,11,,Jacksonville Jaguars,Detroit Lions,Tim Patrick,DET,Jacksonville Jaguars,away,52,6,WR,0,0.0,0,0,0,0,0,0,0,0,0,4,3,26,0,0
2024,11,"54 degrees, relative humidity 80%, wind 5 mph",Chicago Bears,Green Bay Packers,Chris Brooks,GNB,Chicago Bears,away,20,19,RB,0,0.0,0,0,0,0,0,0,0,0,0,2,2,13,0,0
2024,11,"54 degrees, relative humidity 80%, wind 5 mph",Chicago Bears,Green Bay Packers,Christian Watson,GNB,Chicago Bears,away,20,19,WR,0,0.0,0,0,0,0,0,0,0,0,0,4,4,150,0,0
2024,11,"54 degrees, relative humidity 80%, wind 5 mph",Chicago Bears,Green Bay Packers,Dontayvion Wicks,GNB,Chicago Bears,away,20,19,WR,0,0.0,0,0,0,0,0,0,0,0,0,1,0,0,0,0
2024,11,"54 degrees, relative humidity 80%, wind 5 mph",Chicago Bears,Green Bay Packers,Emanuel Wilson,GNB,Chicago Bears,away,20,19,RB,2,4.761904761904762,0,0,0,0,0,0,2,17,0,0,0,0,0,0
2024,11,"54 degrees, relative humidity 80%, wind 5 mph",Chicago Bears,Green Bay Packers,Jayden Reed,GNB,Chicago Bears,away,20,19,WR,1,2.380952380952381,0,0,0,0,0,0,1,-5,0,2,2,23,1,0
2024,11,"54 degrees, relative humidity 80%, wind 5 mph",Chicago Bears,Green Bay Packers,Jordan Love,GNB,Chicago Bears,away,20,19,QB,21,50.0,13,17,261,1,1,1,4,18,1,0,0,0,0,0
2024,11,"54 degrees, relative humidity 80%, wind 5 mph",Chicago Bears,Green Bay Packers,Josh Jacobs,GNB,Chicago Bears,away,20,19,RB,18,42.857142857142854,0,0,0,0,0,0,18,76,1,5,4,58,0,0
2024,11,"54 degrees, relative humidity 80%, wind 5 mph",Chicago Bears,Green Bay Packers,Romeo Doubs,GNB,Chicago Bears,away,20,19,WR,0,0.0,0,0,0,0,0,0,0,0,0,2,1,17,0,0
2024,11,"54 degrees, relative humidity 80%, wind 5 mph",Chicago Bears,Green Bay Packers,Tucker Kraft,GNB,Chicago Bears,away,20,19,TE,0,0.0,0,0,0,0,0,0,0,0,0,1,0,0,0,0
2024,11,,Dallas Cowboys,Houston Texans,C.J. Stroud,HOU,Dallas Cowboys,away,34,10,QB,37,62.71186440677966,23,34,257,0,1,1,3,26,0,0,0,0,0,0
2024,11,,Dallas Cowboys,Houston Texans,Cade Stover,HOU,Dallas Cowboys,away,34,10,TE,0,0.0,0,0,0,0,0,0,0,0,0,2,2,15,0,0
2024,11,,Dallas Cowboys,Houston Texans,Dalton Schultz,HOU,Dallas Cowboys,away,34,10,TE,0,0.0,0,0,0,0,0,0,0,0,0,7,5,33,0,0
2024,11,,Dallas Cowboys,Houston Texans,Dameon Pierce,HOU,Dallas Cowboys,away,34,10,RB,1,1.694915254237288,0,0,0,0,0,0,1,2,0,0,0,0,0,0
2024,11,,Dallas Cowboys,Houston Texans,Dare Ogunbowale,HOU,Dallas Cowboys,away,34,10,RB,0,0.0,0,0,0,0,0,0,0,0,0,1,1,11,0,0
2024,11,,Dallas Cowboys,Houston Texans,Joe Mixon,HOU,Dallas Cowboys,away,34,10,RB,20,33.89830508474576,0,0,0,0,0,0,20,109,3,4,2,44,0,0
2024,11,,Dallas Cowboys,Houston Texans,John Metchie,HOU,Dallas Cowboys,away,34,10,WR,0,0.0,0,0,0,0,0,0,0,0,0,3,3,33,0,0
2024,11,,Dallas Cowboys,Houston Texans,Nico Collins,HOU,Dallas Cowboys,away,34,10,WR,0,0.0,0,0,0,0,0,0,0,0,0,7,4,54,0,0
2024,11,,Dallas Cowboys,Houston Texans,Robert Woods,HOU,Dallas Cowboys,away,34,10,WR,0,0.0,0,0,0,0,0,0,0,0,0,2,2,13,0,0
2024,11,,Dallas Cowboys,Houston Texans,Tank Dell,HOU,Dallas Cowboys,away,34,10,WR,1,1.694915254237288,0,0,0,0,0,0,1,4,0,7,4,54,0,0
2024,11,"62 degrees, relative humidity 32%, wind 4 mph",New York Jets,Indianapolis Colts,Adonai Mitchell,IND,New York Jets,away,28,27,WR,1,1.5384615384615385,0,0,0,0,0,0,1,2,0,2,1,33,0,0
2024,11,"62 degrees, relative humidity 32%, wind 4 mph",New York Jets,Indianapolis Colts,Alec Pierce,IND,New York Jets,away,28,27,WR,0,0.0,0,0,0,0,0,0,0,0,0,4,3,74,0,0
2024,11,"62 degrees, relative humidity 32%, wind 4 mph",New York Jets,Indianapolis Colts,Andrew Ogletree,IND,New York Jets,away,28,27,TE,0,0.0,0,0,0,0,0,0,0,0,0,1,1,8,0,0
2024,11,"62 degrees, relative humidity 32%, wind 4 mph",New York Jets,Indianapolis Colts,Anthony Richardson,IND,New York Jets,away,28,27,QB,40,61.53846153846154,20,30,272,1,0,2,10,32,2,0,0,0,0,2
2024,11,"62 degrees, relative humidity 32%, wind 4 mph",New York Jets,Indianapolis Colts,Jonathan Taylor,IND,New York Jets,away,28,27,RB,24,36.92307692307693,0,0,0,0,0,0,24,57,0,2,1,3,0,0
2024,11,"62 degrees, relative humidity 32%, wind 4 mph",New York Jets,Indianapolis Colts,Josh Downs,IND,New York Jets,away,28,27,WR,0,0.0,0,0,0,0,0,0,0,0,0,5,5,84,1,0
2024,11,"62 degrees, relative humidity 32%, wind 4 mph",New York Jets,Indianapolis Colts,Kylen Granson,IND,New York Jets,away,28,27,TE,0,0.0,0,0,0,0,0,0,0,0,0,2,1,4,0,0
2024,11,"62 degrees, relative humidity 32%, wind 4 mph",New York Jets,Indianapolis Colts,Michael Pittman Jr.,IND,New York Jets,away,28,27,WR,0,0.0,0,0,0,0,0,0,0,0,0,8,5,46,0,0
2024,11,"62 degrees, relative humidity 32%, wind 4 mph",New York Jets,Indianapolis Colts,Mo Alie-Cox,IND,New York Jets,away,28,27,TE,0,0.0,0,0,0,0,0,0,0,0,0,3,2,17,0,0
2024,11,"62 degrees, relative humidity 32%, wind 4 mph",New York Jets,Indianapolis Colts,Trey Sermon,IND,New York Jets,away,28,27,RB,0,0.0,0,0,0,0,0,0,0,0,0,1,1,3,0,0
2024,11,,Jacksonville Jaguars,Detroit Lions,Brenton Strange,JAX,Jacksonville Jaguars,away,52,6,TE,0,0.0,0,0,0,0,0,0,0,0,0,1,1,6,0,0
2024,11,,Jacksonville Jaguars,Detroit Lions,Brian Thomas,JAX,Jacksonville Jaguars,away,52,6,WR,1,2.1739130434782608,0,0,0,0,0,0,1,4,0,7,5,82,0,0
2024,11,,Jacksonville Jaguars,Detroit Lions,D'Ernest Johnson,JAX,Jacksonville Jaguars,away,52,6,RB,2,4.3478260869565215,0,0,0,0,0,0,2,3,0,0,0,0,0,0
2024,11,,Jacksonville Jaguars,Detroit Lions,Devin Duvernay,JAX,Jacksonville Jaguars,away,52,6,WR,0,0.0,0,0,0,0,0,0,0,0,0,2,0,0,0,0
2024,11,,Jacksonville Jaguars,Detroit Lions,Evan Engram,JAX,Jacksonville Jaguars,away,52,6,TE,0,0.0,0,0,0,0,0,0,0,0,0,7,5,28,0,0
2024,11,,Jacksonville Jaguars,Detroit Lions,Gabriel Davis,JAX,Jacksonville Jaguars,away,52,6,WR,0,0.0,0,0,0,0,0,0,0,0,0,3,1,3,0,0
2024,11,,Jacksonville Jaguars,Detroit Lions,Luke Farrell,JAX,Jacksonville Jaguars,away,52,6,TE,0,0.0,0,0,0,0,0,0,0,0,0,2,1,3,0,0
2024,11,,Jacksonville Jaguars,Detroit Lions,Mac Jones,JAX,Jacksonville Jaguars,away,52,6,QB,31,67.3913043478261,17,29,138,0,1,1,2,7,0,0,0,0,0,0
2024,11,,Jacksonville Jaguars,Detroit Lions,Parker Washington,JAX,Jacksonville Jaguars,away,52,6,WR,0,0.0,0,0,0,0,0,0,0,0,0,3,1,10,0,0
2024,11,,Jacksonville Jaguars,Detroit Lions,Travis Etienne,JAX,Jacksonville Jaguars,away,52,6,RB,12,26.08695652173913,0,0,0,0,0,0,12,27,0,3,3,6,0,0
2024,11,"50 degrees, relative humidity 62%, wind 3 mph",Kansas City Chiefs,Buffalo Bills,Carson Steele,KAN,Kansas City Chiefs,away,30,21,RB,1,2.0,0,0,0,0,0,0,1,2,0,1,1,5,0,0
2024,11,"50 degrees, relative humidity 62%, wind 3 mph",Kansas City Chiefs,Buffalo Bills,DeAndre Hopkins,KAN,Kansas City Chiefs,away,30,21,WR,0,0.0,0,0,0,0,0,0,0,0,0,4,3,29,0,0
2024,11,"50 degrees, relative humidity 62%, wind 3 mph",Kansas City Chiefs,Buffalo Bills,JuJu Smith-Schuster,KAN,Kansas City Chiefs,away,30,21,WR,0,0.0,0,0,0,0,0,0,0,0,0,1,1,8,0,0
2024,11,"50 degrees, relative humidity 62%, wind 3 mph",Kansas City Chiefs,Buffalo Bills,Justin Watson,KAN,Kansas City Chiefs,away,30,21,WR,0,0.0,0,0,0,0,0,0,0,0,0,2,2,26,0,0
2024,11,"50 degrees, relative humidity 62%, wind 3 mph",Kansas City Chiefs,Buffalo Bills,Kareem Hunt,KAN,Kansas City Chiefs,away,30,21,RB,14,28.000000000000004,0,0,0,0,0,0,14,60,0,0,0,0,0,0
2024,11,"50 degrees, relative humidity 62%, wind 3 mph",Kansas City Chiefs,Buffalo Bills,Mecole Hardman,KAN,Kansas City Chiefs,away,30,21,WR,1,2.0,0,0,0,0,0,0,1,9,0,3,2,12,0,0
2024,11,"50 degrees, relative humidity 62%, wind 3 mph",Kansas City Chiefs,Buffalo Bills,Mike Caliendo,KAN,Kansas City Chiefs,away,30,21,G,0,0.0,0,0,0,0,0,0,0,0,0,1,1,5,0,0
2024,11,"50 degrees, relative humidity 62%, wind 3 mph",Kansas City Chiefs,Buffalo Bills,Noah Gray,KAN,Kansas City Chiefs,away,30,21,TE,0,0.0,0,0,0,0,0,0,0,0,0,5,4,23,2,0
2024,11,"50 degrees, relative humidity 62%, wind 3 mph",Kansas City Chiefs,Buffalo Bills,Patrick Mahomes,KAN,Kansas City Chiefs,away,30,21,QB,33,66.0,23,33,196,3,2,2,0,0,0,0,0,0,0,0
2024,11,"50 degrees, relative humidity 62%, wind 3 mph",Kansas City Chiefs,Buffalo Bills,Peyton Hendershot,KAN,Kansas City Chiefs,away,30,21,TE,0,0.0,0,0,0,0,0,0,0,0,0,1,1,11,0,0
2024,11,"50 degrees, relative humidity 62%, wind 3 mph",Kansas City Chiefs,Buffalo Bills,Samaje Perine,KAN,Kansas City Chiefs,away,30,21,RB,0,0.0,0,0,0,0,0,0,0,0,0,4,2,8,0,0
2024,11,"50 degrees, relative humidity 62%, wind 3 mph",Kansas City Chiefs,Buffalo Bills,Travis Kelce,KAN,Kansas City Chiefs,away,30,21,TE,0,0.0,0,0,0,0,0,0,0,0,0,4,2,8,0,0
2024,11,"50 degrees, relative humidity 62%, wind 3 mph",Kansas City Chiefs,Buffalo Bills,Xavier Worthy,KAN,Kansas City Chiefs,away,30,21,WR,1,2.0,0,0,0,0,0,0,1,7,0,5,4,61,1,0
2024,11,,Cincinnati Bengals,Los Angeles Chargers,Derius Davis,LAC,Cincinnati Bengals,away,34,27,WR,1,1.639344262295082,0,0,0,0,0,0,1,6,0,2,1,14,0,0
2024,11,,Cincinnati Bengals,Los Angeles Chargers,Gus Edwards,LAC,Cincinnati Bengals,away,34,27,RB,6,9.836065573770492,0,0,0,0,0,0,6,27,0,0,0,0,0,0
2024,11,,Cincinnati Bengals,Los Angeles Chargers,Hassan Haskins,LAC,Cincinnati Bengals,away,34,27,RB,2,3.278688524590164,0,0,0,0,0,0,2,1,0,0,0,0,0,0
2024,11,,Cincinnati Bengals,Los Angeles Chargers,J.K. Dobbins,LAC,Cincinnati Bengals,away,34,27,RB,11,18.0327868852459,0,0,0,0,0,0,11,56,2,1,1,3,0,0
2024,11,,Cincinnati Bengals,Los Angeles Chargers,Jalen Reagor,LAC,Cincinnati Bengals,away,34,27,WR,0,0.0,0,0,0,0,0,0,0,0,0,1,0,0,0,0
2024,11,,Cincinnati Bengals,Los Angeles Chargers,Josh Palmer,LAC,Cincinnati Bengals,away,34,27,WR,0,0.0,0,0,0,0,0,0,0,0,0,4,2,23,0,0
2024,11,,Cincinnati Bengals,Los Angeles Chargers,Justin Herbert,LAC,Cincinnati Bengals,away,34,27,QB,41,67.21311475409836,17,36,297,2,0,2,5,65,0,0,0,0,0,1
2024,11,,Cincinnati Bengals,Los Angeles Chargers,Ladd McConkey,LAC,Cincinnati Bengals,away,34,27,WR,0,0.0,0,0,0,0,0,0,0,0,0,9,6,123,0,0
2024,11,,Cincinnati Bengals,Los Angeles Chargers,Quentin Johnston,LAC,Cincinnati Bengals,away,34,27,WR,0,0.0,0,0,0,0,0,0,0,0,0,8,2,48,1,0
2024,11,,Cincinnati Bengals,Los Angeles Chargers,Tucker Fisk,LAC,Cincinnati Bengals,away,34,27,TE,0,0.0,0,0,0,0,0,0,0,0,0,2,1,6,0,0
2024,11,,Cincinnati Bengals,Los Angeles Chargers,Will Dissly,LAC,Cincinnati Bengals,away,34,27,TE,0,0.0,0,0,0,0,0,0,0,0,0,6,4,80,1,0
2024,11,"59 degrees, relative humidity 30%, wind 9 mph",New England Patriots,Los Angeles Rams,Blake Corum,LAR,New England Patriots,away,28,22,RB,5,9.803921568627452,0,0,0,0,0,0,5,21,0,1,1,7,0,0
2024,11,"59 degrees, relative humidity 30%, wind 9 mph",New England Patriots,Los Angeles Rams,Colby Parkinson,LAR,New England Patriots,away,28,22,TE,0,0.0,0,0,0,0,0,0,0,0,0,1,1,19,1,0
2024,11,"59 degrees, relative humidity 30%, wind 9 mph",New England Patriots,Los Angeles Rams,Cooper Kupp,LAR,New England Patriots,away,28,22,WR,0,0.0,0,0,0,0,0,0,0,0,0,10,6,106,2,0
2024,11,"59 degrees, relative humidity 30%, wind 9 mph",New England Patriots,Los Angeles Rams,Demarcus Robinson,LAR,New England Patriots,away,28,22,WR,0,0.0,0,0,0,0,0,0,0,0,0,4,2,19,0,0
2024,11,"59 degrees, relative humidity 30%, wind 9 mph",New England Patriots,Los Angeles Rams,Kyren Williams,LAR,New England Patriots,away,28,22,RB,15,29.411764705882355,0,0,0,0,0,0,15,86,0,0,0,0,0,0
2024,11,"59 degrees, relative humidity 30%, wind 9 mph",New England Patriots,Los Angeles Rams,Matthew Stafford,LAR,New England Patriots,away,28,22,QB,31,60.78431372549019,18,27,295,4,0,0,4,0,0,0,0,0,0,0
2024,11,"59 degrees, relative humidity 30%, wind 9 mph",New England Patriots,Los Angeles Rams,Puka Nacua,LAR,New England Patriots,away,28,22,WR,0,0.0,0,0,0,0,0,0,0,0,0,9,7,123,1,0
2024,11,"59 degrees, relative humidity 30%, wind 9 mph",New England Patriots,Los Angeles Rams,Tutu Atwell,LAR,New England Patriots,away,28,22,WR,0,0.0,0,0,0,0,0,0,0,0,0,2,1,21,0,0
2024,11,"80 degrees, relative humidity 47%, wind 16 mph",Las Vegas Raiders,Miami Dolphins,Alexander Mattison,LVR,Las Vegas Raiders,away,34,19,RB,5,8.47457627118644,0,0,0,0,0,0,5,19,0,3,3,50,0,0
2024,11,"80 degrees, relative humidity 47%, wind 16 mph",Las Vegas Raiders,Miami Dolphins,Ameer Abdullah,LVR,Las Vegas Raiders,away,34,19,RB,1,1.694915254237288,0,0,0,0,0,0,1,1,0,3,3,16,1,0
2024,11,"80 degrees, relative humidity 47%, wind 16 mph",Las Vegas Raiders,Miami Dolphins,Brock Bowers,LVR,Las Vegas Raiders,away,34,19,TE,1,1.694915254237288,0,0,0,0,0,0,1,-3,0,16,13,126,1,0
2024,11,"80 degrees, relative humidity 47%, wind 16 mph",Las Vegas Raiders,Miami Dolphins,DJ Turner,LVR,Las Vegas Raiders,away,34,19,WR,0,0.0,0,0,0,0,0,0,0,0,0,3,3,29,0,0
2024,11,"80 degrees, relative humidity 47%, wind 16 mph",Las Vegas Raiders,Miami Dolphins,Gardner Minshew,LVR,Las Vegas Raiders,away,34,19,UNK,45,76.27118644067797,30,43,282,2,1,3,2,7,0,0,0,0,0,0
2024,11,"80 degrees, relative humidity 47%, wind 16 mph",Las Vegas Raiders,Miami Dolphins,Jakobi Meyers,LVR,Las Vegas Raiders,away,34,19,WR,1,1.694915254237288,0,0,0,0,0,0,1,20,0,6,4,28,0,0
2024,11,"80 degrees, relative humidity 47%, wind 16 mph",Las Vegas Raiders,Miami Dolphins,Michael Mayer,LVR,Las Vegas Raiders,away,34,19,TE,0,0.0,0,0,0,0,0,0,0,0,0,3,1,5,0,0
2024,11,"80 degrees, relative humidity 47%, wind 16 mph",Las Vegas Raiders,Miami Dolphins,Ramel Keyton,LVR,Las Vegas Raiders,away,34,19,WR,0,0.0,0,0,0,0,0,0,0,0,0,1,0,0,0,0
2024,11,"80 degrees, relative humidity 47%, wind 16 mph",Las Vegas Raiders,Miami Dolphins,Tre Tucker,LVR,Las Vegas Raiders,away,34,19,WR,1,1.694915254237288,0,0,0,0,0,0,1,7,0,4,3,28,0,0
2024,11,"80 degrees, relative humidity 47%, wind 16 mph",Las Vegas Raiders,Miami Dolphins,Zamir White,LVR,Las Vegas Raiders,away,34,19,RB,5,8.47457627118644,0,0,0,0,0,0,5,9,0,0,0,0,0,0
2024,11,"80 degrees, relative humidity 47%, wind 16 mph",Las Vegas Raiders,Miami Dolphins,De'Von Achane,MIA,Las Vegas Raiders,away,34,19,RB,17,27.419354838709676,0,0,0,0,0,0,17,73,1,4,4,32,0,0
2024,11,"80 degrees, relative humidity 47%, wind 16 mph",Las Vegas Raiders,Miami Dolphins,Durham Smythe,MIA,Las Vegas Raiders,away,34,19,TE,0,0.0,0,0,0,0,0,0,0,0,0,1,1,3,0,0
2024,11,"80 degrees, relative humidity 47%, wind 16 mph",Las Vegas Raiders,Miami Dolphins,Jaylen Waddle,MIA,Las Vegas Raiders,away,34,19,WR,0,0.0,0,0,0,0,0,0,0,0,0,3,2,37,0,0
2024,11,"80 degrees, relative humidity 47%, wind 16 mph",Las Vegas Raiders,Miami Dolphins,Jaylen Wright,MIA,Las Vegas Raiders,away,34,19,RB,5,8.064516129032258,0,0,0,0,0,0,5,4,0,1,1,2,0,0
2024,11,"80 degrees, relative humidity 47%, wind 16 mph",Las Vegas Raiders,Miami Dolphins,Jonnu Smith,MIA,Las Vegas Raiders,away,34,19,TE,0,0.0,0,0,0,0,0,0,0,0,0,8,6,101,2,0
2024,11,"80 degrees, relative humidity 47%, wind 16 mph",Las Vegas Raiders,Miami Dolphins,Julian Hill,MIA,Las Vegas Raiders,away,34,19,TE,0,0.0,0,0,0,0,0,0,0,0,0,3,2,28,0,0
2024,11,"80 degrees, relative humidity 47%, wind 16 mph",Las Vegas Raiders,Miami Dolphins,Malik Washington,MIA,Las Vegas Raiders,away,34,19,WR,1,1.6129032258064515,0,0,0,0,0,0,1,7,0,3,3,11,0,0
2024,11,"80 degrees, relative humidity 47%, wind 16 mph",Las Vegas Raiders,Miami Dolphins,Odell Beckham Jr.,MIA,Las Vegas Raiders,away,34,19,WR,0,0.0,0,0,0,0,0,0,0,0,0,4,2,13,0,0
2024,11,"80 degrees, relative humidity 47%, wind 16 mph",Las Vegas Raiders,Miami Dolphins,Raheem Mostert,MIA,Las Vegas Raiders,away,34,19,RB,3,4.838709677419355,0,0,0,0,0,0,3,-2,0,0,0,0,0,0
2024,11,"80 degrees, relative humidity 47%, wind 16 mph",Las Vegas Raiders,Miami Dolphins,Tua Tagovailoa,MIA,Las Vegas Raiders,away,34,19,QB,36,58.06451612903226,28,36,288,3,0,2,0,0,0,0,0,0,0,1
2024,11,"80 degrees, relative humidity 47%, wind 16 mph",Las Vegas Raiders,Miami Dolphins,Tyreek Hill,MIA,Las Vegas Raiders,away,34,19,WR,0,0.0,0,0,0,0,0,0,0,0,0,8,7,61,1,0
2024,11,"66 degrees, relative humidity 59%, wind 7 mph",Tennessee Titans,Minnesota Vikings,Aaron Jones,MIN,Tennessee Titans,away,23,13,RB,15,23.076923076923077,0,0,0,0,0,0,15,39,0,1,1,4,0,1
2024,11,"66 degrees, relative humidity 59%, wind 7 mph",Tennessee Titans,Minnesota Vikings,Brandon Powell,MIN,Tennessee Titans,away,23,13,WR,0,0.0,0,0,0,0,0,0,0,0,0,1,1,13,0,0
2024,11,"66 degrees, relative humidity 59%, wind 7 mph",Tennessee Titans,Minnesota Vikings,Cam Akers,MIN,Tennessee Titans,away,23,13,RB,10,15.384615384615385,0,0,0,0,0,0,10,25,0,2,2,11,1,0
2024,11,"66 degrees, relative humidity 59%, wind 7 mph",Tennessee Titans,Minnesota Vikings,Jalen Nailor,MIN,Tennessee Titans,away,23,13,WR,0,0.0,0,0,0,0,0,0,0,0,0,2,0,0,0,0
2024,11,"66 degrees, relative humidity 59%, wind 7 mph",Tennessee Titans,Minnesota Vikings,Johnny Mundt,MIN,Tennessee Titans,away,23,13,TE,0,0.0,0,0,0,0,0,0,0,0,0,1,1,13,0,0
2024,11,"66 degrees, relative humidity 59%, wind 7 mph",Tennessee Titans,Minnesota Vikings,Jordan Addison,MIN,Tennessee Titans,away,23,13,WR,0,0.0,0,0,0,0,0,0,0,0,0,8,3,61,1,0
2024,11,"66 degrees, relative humidity 59%, wind 7 mph",Tennessee Titans,Minnesota Vikings,Josh Oliver,MIN,Tennessee Titans,away,23,13,TE,0,0.0,0,0,0,0,0,0,0,0,0,3,3,34,0,0
2024,11,"66 degrees, relative humidity 59%, wind 7 mph",Tennessee Titans,Minnesota Vikings,Justin Jefferson,MIN,Tennessee Titans,away,23,13,WR,0,0.0,0,0,0,0,0,0,0,0,0,8,6,81,0,0
2024,11,"66 degrees, relative humidity 59%, wind 7 mph",Tennessee Titans,Minnesota Vikings,Sam Darnold,MIN,Tennessee Titans,away,23,13,QB,40,61.53846153846154,20,32,246,2,0,2,8,18,1,0,0,0,0,1
2024,11,"66 degrees, relative humidity 59%, wind 7 mph",Tennessee Titans,Minnesota Vikings,T.J. Hockenson,MIN,Tennessee Titans,away,23,13,TE,0,0.0,0,0,0,0,0,0,0,0,0,3,2,13,0,0
2024,11,"66 degrees, relative humidity 59%, wind 7 mph",Tennessee Titans,Minnesota Vikings,Trent Sherfield,MIN,Tennessee Titans,away,23,13,WR,0,0.0,0,0,0,0,0,0,0,0,0,1,1,16,0,0
2024,11,,Cleveland Browns,New Orleans Saints,Alvin Kamara,NOR,Cleveland Browns,away,35,14,RB,16,28.07017543859649,0,0,0,0,0,0,16,67,0,4,4,22,0,0
2024,11,,Cleveland Browns,New Orleans Saints,Dante Pettis,NOR,Cleveland Browns,away,35,14,WR,0,0.0,0,0,0,0,0,0,0,0,0,1,1,9,0,0
2024,11,,Cleveland Browns,New Orleans Saints,Derek Carr,NOR,Cleveland Browns,away,35,14,QB,28,49.122807017543856,21,27,248,2,0,1,1,8,0,0,0,0,0,1
2024,11,,Cleveland Browns,New Orleans Saints,Foster Moreau,NOR,Cleveland Browns,away,35,14,TE,0,0.0,0,0,0,0,0,0,0,0,0,4,3,50,0,0
2024,11,,Cleveland Browns,New Orleans Saints,Jake Haener,NOR,Cleveland Browns,away,35,14,QB,2,3.508771929824561,0,0,0,0,0,0,2,-2,0,0,0,0,0,0
2024,11,,Cleveland Browns,New Orleans Saints,Jordan Mims,NOR,Cleveland Browns,away,35,14,RB,2,3.508771929824561,0,0,0,0,0,0,2,3,0,0,0,0,0,0
2024,11,,Cleveland Browns,New Orleans Saints,Juwan Johnson,NOR,Cleveland Browns,away,35,14,TE,0,0.0,0,0,0,0,0,0,0,0,0,3,3,30,1,0
2024,11,,Cleveland Browns,New Orleans Saints,Kevin Austin,NOR,Cleveland Browns,away,35,14,WR,0,0.0,0,0,0,0,0,0,0,0,0,2,1,18,0,0
2024,11,,Cleveland Browns,New Orleans Saints,Marquez Valdes-Scantling,NOR,Cleveland Browns,away,35,14,WR,0,0.0,0,0,0,0,0,0,0,0,0,4,2,87,1,0
2024,11,,Cleveland Browns,New Orleans Saints,Taysom Hill,NOR,Cleveland Browns,away,35,14,TE,9,15.789473684210526,1,2,18,0,1,0,7,138,3,10,8,50,0,1
2024,11,"59 degrees, relative humidity 30%, wind 9 mph",New England Patriots,Los Angeles Rams,Antonio Gibson,NWE,New England Patriots,away,28,22,RB,4,5.797101449275362,0,0,0,0,0,0,4,18,0,1,1,2,0,0
2024,11,"59 degrees, relative humidity 30%, wind 9 mph",New England Patriots,Los Angeles Rams,Austin Hooper,NWE,New England Patriots,away,28,22,TE,0,0.0,0,0,0,0,0,0,0,0,0,4,4,35,0,0
2024,11,"59 degrees, relative humidity 30%, wind 9 mph",New England Patriots,Los Angeles Rams,Demario Douglas,NWE,New England Patriots,away,28,22,WR,0,0.0,0,0,0,0,0,0,0,0,0,6,4,59,0,0
2024,11,"59 degrees, relative humidity 30%, wind 9 mph",New England Patriots,Los Angeles Rams,Drake Maye,NWE,New England Patriots,away,28,22,QB,42,60.86956521739131,29,39,282,2,1,3,3,27,0,0,0,0,0,1
2024,11,"59 degrees, relative humidity 30%, wind 9 mph",New England Patriots,Los Angeles Rams,Hunter Henry,NWE,New England Patriots,away,28,22,TE,0,0.0,0,0,0,0,0,0,0,0,0,9,6,63,0,0
2024,11,"59 degrees, relative humidity 30%, wind 9 mph",New England Patriots,Los Angeles Rams,Jaheim Bell,NWE,New England Patriots,away,28,22,TE,0,0.0,0,0,0,0,0,0,0,0,0,1,0,0,0,0
2024,11,"59 degrees, relative humidity 30%, wind 9 mph",New England Patriots,Los Angeles Rams,Jamycal Hasty,NWE,New England Patriots,away,28,22,RB,2,2.898550724637681,0,0,0,0,0,0,2,2,0,0,0,0,0,0
2024,11,"59 degrees, relative humidity 30%, wind 9 mph",New England Patriots,Los Angeles Rams,Kayshon Boutte,NWE,New England Patriots,away,28,22,WR,0,0.0,0,0,0,0,0,0,0,0,0,6,4,33,0,0
2024,11,"59 degrees, relative humidity 30%, wind 9 mph",New England Patriots,Los Angeles Rams,Kendrick Bourne,NWE,New England Patriots,away,28,22,WR,0,0.0,0,0,0,0,0,0,0,0,0,5,5,70,1,0
2024,11,"59 degrees, relative humidity 30%, wind 9 mph",New England Patriots,Los Angeles Rams,Marcus Jones,NWE,New England Patriots,away,28,22,CB,1,1.4492753623188406,0,0,0,0,0,0,1,5,0,0,0,0,0,0
2024,11,"59 degrees, relative humidity 30%, wind 9 mph",New England Patriots,Los Angeles Rams,Rhamondre Stevenson,NWE,New England Patriots,away,28,22,RB,20,28.985507246376812,0,0,0,0,0,0,20,73,0,4,4,16,0,1
2024,11,"59 degrees, relative humidity 30%, wind 9 mph",New England Patriots,Los Angeles Rams,Vederian Lowe,NWE,New England Patriots,away,28,22,T,0,0.0,0,0,0,0,0,0,0,0,0,1,1,4,1,0
2024,11,"62 degrees, relative humidity 32%, wind 4 mph",New York Jets,Indianapolis Colts,Aaron Rodgers,NYJ,New York Jets,away,28,27,QB,30,61.224489795918366,22,29,184,2,0,3,1,7,0,0,0,0,0,1
2024,11,"62 degrees, relative humidity 32%, wind 4 mph",New York Jets,Indianapolis Colts,Braelon Allen,NYJ,New York Jets,away,28,27,RB,2,4.081632653061225,0,0,0,0,0,0,2,6,0,0,0,0,0,0
2024,11,"62 degrees, relative humidity 32%, wind 4 mph",New York Jets,Indianapolis Colts,Breece Hall,NYJ,New York Jets,away,28,27,RB,16,32.6530612244898,0,0,0,0,0,0,16,78,1,7,7,43,1,0
2024,11,"62 degrees, relative humidity 32%, wind 4 mph",New York Jets,Indianapolis Colts,Davante Adams,NYJ,New York Jets,away,28,27,WR,0,0.0,0,0,0,0,0,0,0,0,0,7,6,72,0,0
2024,11,"62 degrees, relative humidity 32%, wind 4 mph",New York Jets,Indianapolis Colts,Garrett Wilson,NYJ,New York Jets,away,28,27,WR,0,0.0,0,0,0,0,0,0,0,0,0,8,4,18,0,0
2024,11,"62 degrees, relative humidity 32%, wind 4 mph",New York Jets,Indianapolis Colts,Jeremy Ruckert,NYJ,New York Jets,away,28,27,TE,0,0.0,0,0,0,0,0,0,0,0,0,2,1,6,0,0
2024,11,"62 degrees, relative humidity 32%, wind 4 mph",New York Jets,Indianapolis Colts,Kenny Yeboah,NYJ,New York Jets,away,28,27,TE,0,0.0,0,0,0,0,0,0,0,0,0,1,1,11,1,0
2024,11,"62 degrees, relative humidity 32%, wind 4 mph",New York Jets,Indianapolis Colts,Malachi Corley,NYJ,New York Jets,away,28,27,WR,0,0.0,0,0,0,0,0,0,0,0,0,1,1,10,0,0
2024,11,"62 degrees, relative humidity 32%, wind 4 mph",New York Jets,Indianapolis Colts,Tyler Conklin,NYJ,New York Jets,away,28,27,TE,1,2.0408163265306123,0,0,0,0,0,0,1,0,0,2,1,7,0,0
2024,11,"62 degrees, relative humidity 32%, wind 4 mph",New York Jets,Indianapolis Colts,Xavier Gipson,NYJ,New York Jets,away,28,27,WR,0,0.0,0,0,0,0,0,0,0,0,0,1,1,17,0,0
2024,11,"46 degrees, relative humidity 63%, wind 9 mph",Washington Commanders,Philadelphia Eagles,A.J. Brown,PHI,Washington Commanders,away,26,18,WR,0,0.0,0,0,0,0,0,0,0,0,0,8,5,65,0,0
2024,11,"46 degrees, relative humidity 63%, wind 9 mph",Washington Commanders,Philadelphia Eagles,Dallas Goedert,PHI,Washington Commanders,away,26,18,TE,0,0.0,0,0,0,0,0,0,0,0,0,5,5,61,0,1
2024,11,"46 degrees, relative humidity 63%, wind 9 mph",Washington Commanders,Philadelphia Eagles,DeVonta Smith,PHI,Washington Commanders,away,26,18,WR,0,0.0,0,0,0,0,0,0,0,0,0,6,4,29,0,0
2024,11,"46 degrees, relative humidity 63%, wind 9 mph",Washington Commanders,Philadelphia Eagles,Jahan Dotson,PHI,Washington Commanders,away,26,18,WR,0,0.0,0,0,0,0,0,0,0,0,0,2,1,8,0,0
2024,11,"46 degrees, relative humidity 63%, wind 9 mph",Washington Commanders,Philadelphia Eagles,Jalen Hurts,PHI,Washington Commanders,away,26,18,QB,38,55.88235294117647,18,28,221,0,0,2,10,39,1,0,0,0,0,0
2024,11,"46 degrees, relative humidity 63%, wind 9 mph",Washington Commanders,Philadelphia Eagles,Kenneth Gainwell,PHI,Washington Commanders,away,26,18,RB,4,5.88235294117647,0,0,0,0,0,0,4,43,0,1,1,6,0,0
2024,11,"46 degrees, relative humidity 63%, wind 9 mph",Washington Commanders,Philadelphia Eagles,Saquon Barkley,PHI,Washington Commanders,away,26,18,RB,26,38.23529411764706,0,0,0,0,0,0,26,146,2,3,2,52,0,0
2024,11,"52 degrees, relative humidity 61%, wind 5 mph",Baltimore Ravens,Pittsburgh Steelers,Ben Skowronek,PIT,Baltimore Ravens,away,18,16,WR,0,0.0,0,0,0,0,0,0,0,0,0,1,1,4,0,0
2024,11,"52 degrees, relative humidity 61%, wind 5 mph",Baltimore Ravens,Pittsburgh Steelers,Calvin Austin,PIT,Baltimore Ravens,away,18,16,UNK,0,0.0,0,0,0,0,0,0,0,0,0,2,1,-1,0,0
2024,11,"52 degrees, relative humidity 61%, wind 5 mph",Baltimore Ravens,Pittsburgh Steelers,Cordarrelle Patterson,PIT,Baltimore Ravens,away,18,16,RB,1,1.4285714285714286,0,0,0,0,0,0,1,0,0,1,1,0,0,0
2024,11,"52 degrees, relative humidity 61%, wind 5 mph",Baltimore Ravens,Pittsburgh Steelers,Darnell Washington,PIT,Baltimore Ravens,away,18,16,TE,0,0.0,0,0,0,0,0,0,0,0,0,4,2,42,0,0
2024,11,"52 degrees, relative humidity 61%, wind 5 mph",Baltimore Ravens,Pittsburgh Steelers,George Pickens,PIT,Baltimore Ravens,away,18,16,WR,0,0.0,0,0,0,0,0,0,0,0,0,12,8,89,0,0
2024,11,"52 degrees, relative humidity 61%, wind 5 mph",Baltimore Ravens,Pittsburgh Steelers,Jaylen Warren,PIT,Baltimore Ravens,away,18,16,RB,9,12.857142857142856,0,0,0,0,0,0,9,41,0,4,4,27,0,0
2024,11,"52 degrees, relative humidity 61%, wind 5 mph",Baltimore Ravens,Pittsburgh Steelers,Justin Fields,PIT,Baltimore Ravens,away,18,16,QB,2,2.857142857142857,0,0,0,0,0,0,2,17,0,0,0,0,0,0
2024,11,"52 degrees, relative humidity 61%, wind 5 mph",Baltimore Ravens,Pittsburgh Steelers,Najee Harris,PIT,Baltimore Ravens,away,18,16,RB,18,25.71428571428571,0,0,0,0,0,0,18,63,0,5,4,30,0,0
2024,11,"52 degrees, relative humidity 61%, wind 5 mph",Baltimore Ravens,Pittsburgh Steelers,Pat Freiermuth,PIT,Baltimore Ravens,away,18,16,TE,0,0.0,0,0,0,0,0,0,0,0,0,2,2,14,0,0
2024,11,"52 degrees, relative humidity 61%, wind 5 mph",Baltimore Ravens,Pittsburgh Steelers,Russell Wilson,PIT,Baltimore Ravens,away,18,16,QB,40,57.14285714285714,23,36,205,0,1,4,4,1,0,0,0,0,0,0
2024,11,"52 degrees, relative humidity 61%, wind 5 mph",Baltimore Ravens,Pittsburgh Steelers,Van Jefferson,PIT,Baltimore Ravens,away,18,16,WR,0,0.0,0,0,0,0,0,0,0,0,0,1,0,0,0,0
2024,11,"59 degrees, relative humidity 45%, wind 4 mph",San Francisco 49ers,Seattle Seahawks,AJ Barner,SEA,San Francisco 49ers,away,20,17,TE,0,0.0,0,0,0,0,0,0,0,0,0,4,2,15,0,0
2024,11,"59 degrees, relative humidity 45%, wind 4 mph",San Francisco 49ers,Seattle Seahawks,D.K. Metcalf,SEA,San Francisco 49ers,away,20,17,WR,0,0.0,0,0,0,0,0,0,0,0,0,9,7,70,0,0
2024,11,"59 degrees, relative humidity 45%, wind 4 mph",San Francisco 49ers,Seattle Seahawks,Geno Smith,SEA,San Francisco 49ers,away,20,17,QB,36,65.45454545454545,25,32,221,0,1,4,4,29,1,0,0,0,0,1
2024,11,"59 degrees, relative humidity 45%, wind 4 mph",San Francisco 49ers,Seattle Seahawks,Jaxon Smith-Njigba,SEA,San Francisco 49ers,away,20,17,WR,1,1.8181818181818181,0,0,0,0,0,0,1,8,0,11,10,110,0,0
2024,11,"59 degrees, relative humidity 45%, wind 4 mph",San Francisco 49ers,Seattle Seahawks,Kenneth Walker,SEA,San Francisco 49ers,away,20,17,UNK,14,25.454545454545453,0,0,0,0,0,0,14,54,1,2,2,5,0,0
2024,11,"59 degrees, relative humidity 45%, wind 4 mph",San Francisco 49ers,Seattle Seahawks,Tyler Lockett,SEA,San Francisco 49ers,away,20,17,WR,0,0.0,0,0,0,0,0,0,0,0,0,3,2,19,0,0
2024,11,"59 degrees, relative humidity 45%, wind 4 mph",San Francisco 49ers,Seattle Seahawks,Zach Charbonnet,SEA,San Francisco 49ers,away,20,17,RB,4,7.2727272727272725,0,0,0,0,0,0,4,3,0,2,2,2,0,0
2024,11,"59 degrees, relative humidity 45%, wind 4 mph",San Francisco 49ers,Seattle Seahawks,Brock Purdy,SFO,San Francisco 49ers,away,20,17,QB,33,60.0,21,28,159,1,1,2,5,40,1,0,0,0,0,0
2024,11,"59 degrees, relative humidity 45%, wind 4 mph",San Francisco 49ers,Seattle Seahawks,Christian McCaffrey,SFO,San Francisco 49ers,away,20,17,RB,19,34.54545454545455,0,0,0,0,0,0,19,79,0,5,4,27,0,0
2024,11,"59 degrees, relative humidity 45%, wind 4 mph",San Francisco 49ers,Seattle Seahawks,Deebo Samuel,SFO,San Francisco 49ers,away,20,17,WR,1,1.8181818181818181,0,0,0,0,0,0,1,-1,0,7,4,22,0,0
2024,11,"59 degrees, relative humidity 45%, wind 4 mph",San Francisco 49ers,Seattle Seahawks,Eric Saubert,SFO,San Francisco 49ers,away,20,17,TE,0,0.0,0,0,0,0,0,0,0,0,0,1,1,7,0,0
2024,11,"59 degrees, relative humidity 45%, wind 4 mph",San Francisco 49ers,Seattle Seahawks,Jauan Jennings,SFO,San Francisco 49ers,away,20,17,WR,0,0.0,0,0,0,0,0,0,0,0,0,11,10,91,1,0
2024,11,"59 degrees, relative humidity 45%, wind 4 mph",San Francisco 49ers,Seattle Seahawks,Jordan Mason,SFO,San Francisco 49ers,away,20,17,RB,2,3.6363636363636362,0,0,0,0,0,0,2,13,0,0,0,0,0,0
2024,11,"59 degrees, relative humidity 45%, wind 4 mph",San Francisco 49ers,Seattle Seahawks,Kyle Juszczyk,SFO,San Francisco 49ers,away,20,17,FB,0,0.0,0,0,0,0,0,0,0,0,0,2,2,12,0,0
2024,11,"59 degrees, relative humidity 45%, wind 4 mph",San Francisco 49ers,Seattle Seahawks,Ricky Pearsall,SFO,San Francisco 49ers,away,20,17,WR,0,0.0,0,0,0,0,0,0,0,0,0,2,0,0,0,0
2024,11,"66 degrees, relative humidity 59%, wind 7 mph",Tennessee Titans,Minnesota Vikings,Bryce Oliver,TEN,Tennessee Titans,away,23,13,WR,0,0.0,0,0,0,0,0,0,0,0,0,1,1,33,0,0
2024,11,"66 degrees, relative humidity 59%, wind 7 mph",Tennessee Titans,Minnesota Vikings,Calvin Ridley,TEN,Tennessee Titans,away,23,13,WR,0,0.0,0,0,0,0,0,0,0,0,0,6,4,58,0,0
2024,11,"66 degrees, relative humidity 59%, wind 7 mph",Tennessee Titans,Minnesota Vikings,Chigoziem Okonkwo,TEN,Tennessee Titans,away,23,13,TE,0,0.0,0,0,0,0,0,0,0,0,0,4,2,19,0,0
2024,11,"66 degrees, relative humidity 59%, wind 7 mph",Tennessee Titans,Minnesota Vikings,Josh Whyle,TEN,Tennessee Titans,away,23,13,TE,0,0.0,0,0,0,0,0,0,0,0,0,1,1,6,0,0
2024,11,"66 degrees, relative humidity 59%, wind 7 mph",Tennessee Titans,Minnesota Vikings,Nick Vannett,TEN,Tennessee Titans,away,23,13,TE,0,0.0,0,0,0,0,0,0,0,0,0,1,1,6,0,0
2024,11,"66 degrees, relative humidity 59%, wind 7 mph",Tennessee Titans,Minnesota Vikings,Nick Westbrook-Ikhine,TEN,Tennessee Titans,away,23,13,WR,0,0.0,0,0,0,0,0,0,0,0,0,6,2,117,1,0
2024,11,"66 degrees, relative humidity 59%, wind 7 mph",Tennessee Titans,Minnesota Vikings,Tony Pollard,TEN,Tennessee Titans,away,23,13,RB,9,18.0,0,0,0,0,0,0,9,15,0,4,2,14,0,0
2024,11,"66 degrees, relative humidity 59%, wind 7 mph",Tennessee Titans,Minnesota Vikings,Tyjae Spears,TEN,Tennessee Titans,away,23,13,RB,3,6.0,0,0,0,0,0,0,3,0,0,3,2,8,0,0
2024,11,"66 degrees, relative humidity 59%, wind 7 mph",Tennessee Titans,Minnesota Vikings,Tyler Boyd,TEN,Tennessee Titans,away,23,13,WR,0,0.0,0,0,0,0,0,0,0,0,0,3,2,34,0,0
2024,11,"66 degrees, relative humidity 59%, wind 7 mph",Tennessee Titans,Minnesota Vikings,Will Levis,TEN,Tennessee Titans,away,23,13,QB,38,76.0,17,31,295,1,1,5,7,18,0,0,0,0,0,0
2024,11,"46 degrees, relative humidity 63%, wind 9 mph",Washington Commanders,Philadelphia Eagles,Austin Ekeler,WAS,Washington Commanders,away,26,18,RB,2,3.3333333333333335,0,0,0,0,0,0,2,7,0,9,8,89,0,1
2024,11,"46 degrees, relative humidity 63%, wind 9 mph",Washington Commanders,Philadelphia Eagles,Brian Robinson Jr.,WAS,Washington Commanders,away,26,18,RB,16,26.666666666666668,0,0,0,0,0,0,16,63,1,1,1,9,0,0
2024,11,"46 degrees, relative humidity 63%, wind 9 mph",Washington Commanders,Philadelphia Eagles,Dyami Brown,WAS,Washington Commanders,away,26,18,WR,0,0.0,0,0,0,0,0,0,0,0,0,2,1,4,0,0
2024,11,"46 degrees, relative humidity 63%, wind 9 mph",Washington Commanders,Philadelphia Eagles,Jayden Daniels,WAS,Washington Commanders,away,26,18,QB,39,65.0,22,32,191,1,1,3,7,18,0,0,0,0,0,0
2024,11,"46 degrees, relative humidity 63%, wind 9 mph",Washington Commanders,Philadelphia Eagles,Jeremy McNichols,WAS,Washington Commanders,away,26,18,RB,3,5.0,0,0,0,0,0,0,3,5,0,1,1,1,0,0
2024,11,"46 degrees, relative humidity 63%, wind 9 mph",Washington Commanders,Philadelphia Eagles,John Bates,WAS,Washington Commanders,away,26,18,TE,0,0.0,0,0,0,0,0,0,0,0,0,3,2,17,0,0
2024,11,"46 degrees, relative humidity 63%, wind 9 mph",Washington Commanders,Philadelphia Eagles,Luke McCaffrey,WAS,Washington Commanders,away,26,18,WR,0,0.0,0,0,0,0,0,0,0,0,0,1,0,0,0,0
2024,11,"46 degrees, relative humidity 63%, wind 9 mph",Washington Commanders,Philadelphia Eagles,Noah Brown,WAS,Washington Commanders,away,26,18,WR,0,0.0,0,0,0,0,0,0,0,0,0,4,1,4,0,0
2024,11,"46 degrees, relative humidity 63%, wind 9 mph",Washington Commanders,Philadelphia Eagles,Olamide Zaccheaus,WAS,Washington Commanders,away,26,18,WR,0,0.0,0,0,0,0,0,0,0,0,0,2,1,10,0,0
2024,11,"46 degrees, relative humidity 63%, wind 9 mph",Washington Commanders,Philadelphia Eagles,Terry McLaurin,WAS,Washington Commanders,away,26,18,WR,0,0.0,0,0,0,0,0,0,0,0,0,2,1,10,0,0
2024,11,"46 degrees, relative humidity 63%, wind 9 mph",Washington Commanders,Philadelphia Eagles,Zach Ertz,WAS,Washington Commanders,away,26,18,TE,0,0.0,0,0,0,0,0,0,0,0,0,7,6,47,1,0
2024,12,"45 degrees, relative humidity 85%, wind 5 mph",Arizona Cardinals,Seattle Seahawks,Elijah Higgins,ARI,Arizona Cardinals,away,16,6,TE,0,0.0,0,0,0,0,0,0,0,0,0,2,1,5,0,0
2024,12,"45 degrees, relative humidity 85%, wind 5 mph",Arizona Cardinals,Seattle Seahawks,Emari Demercado,ARI,Arizona Cardinals,away,16,6,RB,1,1.9607843137254901,0,0,0,0,0,0,1,14,0,0,0,0,0,0
2024,12,"45 degrees, relative humidity 85%, wind 5 mph",Arizona Cardinals,Seattle Seahawks,Greg Dortch,ARI,Arizona Cardinals,away,16,6,WR,0,0.0,0,0,0,0,0,0,0,0,0,2,1,5,0,0
2024,12,"45 degrees, relative humidity 85%, wind 5 mph",Arizona Cardinals,Seattle Seahawks,James Conner,ARI,Arizona Cardinals,away,16,6,RB,7,13.725490196078432,0,0,0,0,0,0,7,8,0,5,5,41,0,0
2024,12,"45 degrees, relative humidity 85%, wind 5 mph",Arizona Cardinals,Seattle Seahawks,Kyler Murray,ARI,Arizona Cardinals,away,16,6,QB,39,76.47058823529412,24,37,285,0,1,5,2,9,0,0,0,0,0,0
2024,12,"45 degrees, relative humidity 85%, wind 5 mph",Arizona Cardinals,Seattle Seahawks,Marvin Harrison Jr.,ARI,Arizona Cardinals,away,16,6,WR,0,0.0,0,0,0,0,0,0,0,0,0,6,3,47,0,0
2024,12,"45 degrees, relative humidity 85%, wind 5 mph",Arizona Cardinals,Seattle Seahawks,Michael Wilson,ARI,Arizona Cardinals,away,16,6,WR,0,0.0,0,0,0,0,0,0,0,0,0,4,2,54,0,0
2024,12,"45 degrees, relative humidity 85%, wind 5 mph",Arizona Cardinals,Seattle Seahawks,Trey Benson,ARI,Arizona Cardinals,away,16,6,RB,4,7.8431372549019605,0,0,0,0,0,0,4,18,0,0,0,0,0,0
2024,12,"45 degrees, relative humidity 85%, wind 5 mph",Arizona Cardinals,Seattle Seahawks,Trey McBride,ARI,Arizona Cardinals,away,16,6,TE,0,0.0,0,0,0,0,0,0,0,0,0,15,12,133,0,0
2024,12,,Los Angeles Chargers,Baltimore Ravens,Charlie Kolar,BAL,Los Angeles Chargers,away,30,23,TE,0,0.0,0,0,0,0,0,0,0,0,0,1,1,6,0,0
2024,12,,Los Angeles Chargers,Baltimore Ravens,Derrick Henry,BAL,Los Angeles Chargers,away,30,23,RB,24,40.67796610169492,0,0,0,0,0,0,24,140,0,0,0,0,0,0
2024,12,,Los Angeles Chargers,Baltimore Ravens,Diontae Johnson,BAL,Los Angeles Chargers,away,30,23,WR,0,0.0,0,0,0,0,0,0,0,0,0,1,0,0,0,0
2024,12,,Los Angeles Chargers,Baltimore Ravens,Justice Hill,BAL,Los Angeles Chargers,away,30,23,RB,4,6.779661016949152,0,0,0,0,0,0,4,55,1,2,2,7,0,0
2024,12,,Los Angeles Chargers,Baltimore Ravens,Lamar Jackson,BAL,Los Angeles Chargers,away,30,23,QB,30,50.847457627118644,16,22,177,2,0,1,8,15,1,0,0,0,0,0
2024,12,,Los Angeles Chargers,Baltimore Ravens,Mark Andrews,BAL,Los Angeles Chargers,away,30,23,TE,1,1.694915254237288,0,0,0,0,0,0,1,2,0,5,5,44,1,0
2024,12,,Los Angeles Chargers,Baltimore Ravens,Rashod Bateman,BAL,Los Angeles Chargers,away,30,23,WR,0,0.0,0,0,0,0,0,0,0,0,0,3,2,43,1,0
2024,12,,Los Angeles Chargers,Baltimore Ravens,Tylan Wallace,BAL,Los Angeles Chargers,away,30,23,WR,0,0.0,0,0,0,0,0,0,0,0,0,1,1,15,0,0
2024,12,,Los Angeles Chargers,Baltimore Ravens,Zay Flowers,BAL,Los Angeles Chargers,away,30,23,WR,0,0.0,0,0,0,0,0,0,0,0,0,8,5,62,0,0
2024,12,"61 degrees, relative humidity 52%, wind 5 mph",Carolina Panthers,Kansas City Chiefs,Adam Thielen,CAR,Carolina Panthers,away,30,27,WR,0,0.0,0,0,0,0,0,0,0,0,0,4,3,57,0,0
2024,12,"61 degrees, relative humidity 52%, wind 5 mph",Carolina Panthers,Kansas City Chiefs,Bryce Young,CAR,Carolina Panthers,away,30,27,QB,38,67.85714285714286,21,35,263,1,0,2,3,20,0,0,0,0,0,1
2024,12,"61 degrees, relative humidity 52%, wind 5 mph",Carolina Panthers,Kansas City Chiefs,Chuba Hubbard,CAR,Carolina Panthers,away,30,27,RB,16,28.57142857142857,0,0,0,0,0,0,16,58,1,5,1,2,0,0
2024,12,"61 degrees, relative humidity 52%, wind 5 mph",Carolina Panthers,Kansas City Chiefs,David Moore,CAR,Carolina Panthers,away,30,27,WR,0,0.0,0,0,0,0,0,0,0,0,0,10,6,81,1,0
2024,12,"61 degrees, relative humidity 52%, wind 5 mph",Carolina Panthers,Kansas City Chiefs,Deven Thompkins,CAR,Carolina Panthers,away,30,27,WR,0,0.0,0,0,0,0,0,0,0,0,0,3,3,13,0,0
2024,12,"61 degrees, relative humidity 52%, wind 5 mph",Carolina Panthers,Kansas City Chiefs,Ja'Tavion Sanders,CAR,Carolina Panthers,away,30,27,TE,0,0.0,0,0,0,0,0,0,0,0,0,3,3,49,0,0
2024,12,"61 degrees, relative humidity 52%, wind 5 mph",Carolina Panthers,Kansas City Chiefs,Jonathon Brooks,CAR,Carolina Panthers,away,30,27,RB,2,3.571428571428571,0,0,0,0,0,0,2,7,0,0,0,0,0,0
2024,12,"61 degrees, relative humidity 52%, wind 5 mph",Carolina Panthers,Kansas City Chiefs,Tommy Tremble,CAR,Carolina Panthers,away,30,27,TE,0,0.0,0,0,0,0,0,0,0,0,0,2,1,5,0,0
2024,12,"61 degrees, relative humidity 52%, wind 5 mph",Carolina Panthers,Kansas City Chiefs,Xavier Legette,CAR,Carolina Panthers,away,30,27,WR,0,0.0,0,0,0,0,0,0,0,0,0,6,4,56,0,0
2024,12,"47 degrees, relative humidity 77%, wind 5 mph",Chicago Bears,Minnesota Vikings,Caleb Williams,CHI,Chicago Bears,away,30,27,QB,53,75.71428571428571,32,47,340,2,0,3,6,33,0,0,0,0,0,0
2024,12,"47 degrees, relative humidity 77%, wind 5 mph",Chicago Bears,Minnesota Vikings,Cole Kmet,CHI,Chicago Bears,away,30,27,TE,0,0.0,0,0,0,0,0,0,0,0,0,10,7,64,0,0
2024,12,"47 degrees, relative humidity 77%, wind 5 mph",Chicago Bears,Minnesota Vikings,D'Andre Swift,CHI,Chicago Bears,away,30,27,RB,13,18.571428571428573,0,0,0,0,0,0,13,30,0,4,3,35,0,0
2024,12,"47 degrees, relative humidity 77%, wind 5 mph",Chicago Bears,Minnesota Vikings,D.J. Moore,CHI,Chicago Bears,away,30,27,WR,2,2.857142857142857,0,1,0,0,0,0,1,13,0,7,7,106,1,0
2024,12,"47 degrees, relative humidity 77%, wind 5 mph",Chicago Bears,Minnesota Vikings,Keenan Allen,CHI,Chicago Bears,away,30,27,WR,0,0.0,0,0,0,0,0,0,0,0,0,15,9,86,1,1
2024,12,"47 degrees, relative humidity 77%, wind 5 mph",Chicago Bears,Minnesota Vikings,Rome Odunze,CHI,Chicago Bears,away,30,27,WR,0,0.0,0,0,0,0,0,0,0,0,0,10,5,39,0,0
2024,12,"47 degrees, relative humidity 77%, wind 5 mph",Chicago Bears,Minnesota Vikings,Roschon Johnson,CHI,Chicago Bears,away,30,27,RB,2,2.857142857142857,0,0,0,0,0,0,2,2,1,1,1,10,0,0
2024,12,"36 degrees, relative humidity 88%, wind 13 mph",Pittsburgh Steelers,Cleveland Browns,Blake Whiteheart,CLE,Pittsburgh Steelers,away,24,19,TE,0,0.0,0,0,0,0,0,0,0,0,0,1,1,29,0,0
2024,12,"36 degrees, relative humidity 88%, wind 13 mph",Pittsburgh Steelers,Cleveland Browns,Cedric Tillman,CLE,Pittsburgh Steelers,away,24,19,WR,0,0.0,0,0,0,0,0,0,0,0,0,4,2,28,0,1
2024,12,"36 degrees, relative humidity 88%, wind 13 mph",Pittsburgh Steelers,Cleveland Browns,David Njoku,CLE,Pittsburgh Steelers,away,24,19,TE,0,0.0,0,0,0,0,0,0,0,0,0,5,1,9,0,0
2024,12,"36 degrees, relative humidity 88%, wind 13 mph",Pittsburgh Steelers,Cleveland Browns,Elijah Moore,CLE,Pittsburgh Steelers,away,24,19,WR,0,0.0,0,0,0,0,0,0,0,0,0,5,3,21,0,0
2024,12,"36 degrees, relative humidity 88%, wind 13 mph",Pittsburgh Steelers,Cleveland Browns,Jameis Winston,CLE,Pittsburgh Steelers,away,24,19,QB,30,55.55555555555556,18,27,219,0,1,1,3,7,1,0,0,0,0,1
2024,12,"36 degrees, relative humidity 88%, wind 13 mph",Pittsburgh Steelers,Cleveland Browns,Jerome Ford,CLE,Pittsburgh Steelers,away,24,19,RB,4,7.4074074074074066,0,0,0,0,0,0,4,19,0,1,1,8,0,0
2024,12,"36 degrees, relative humidity 88%, wind 13 mph",Pittsburgh Steelers,Cleveland Browns,Jerry Jeudy,CLE,Pittsburgh Steelers,away,24,19,WR,0,0.0,0,0,0,0,0,0,0,0,0,6,6,85,0,0
2024,12,"36 degrees, relative humidity 88%, wind 13 mph",Pittsburgh Steelers,Cleveland Browns,Jordan Akins,CLE,Pittsburgh Steelers,away,24,19,TE,0,0.0,0,0,0,0,0,0,0,0,0,4,3,38,0,1
2024,12,"36 degrees, relative humidity 88%, wind 13 mph",Pittsburgh Steelers,Cleveland Browns,Nick Chubb,CLE,Pittsburgh Steelers,away,24,19,RB,20,37.03703703703704,0,0,0,0,0,0,20,59,2,1,1,1,0,0
2024,12,"55 degrees, relative humidity 49%, wind 5 mph",Washington Commanders,Dallas Cowboys,Brevyn Spann-Ford,DAL,Washington Commanders,away,34,26,TE,0,0.0,0,0,0,0,0,0,0,0,0,2,2,24,0,0
2024,12,"55 degrees, relative humidity 49%, wind 5 mph",Washington Commanders,Dallas Cowboys,CeeDee Lamb,DAL,Washington Commanders,away,34,26,WR,1,1.6666666666666667,0,0,0,0,0,0,1,1,0,12,10,67,0,0
2024,12,"55 degrees, relative humidity 49%, wind 5 mph",Washington Commanders,Dallas Cowboys,Cooper Rush,DAL,Washington Commanders,away,34,26,QB,36,60.0,24,32,247,2,0,1,4,1,0,0,0,0,0,1
2024,12,"55 degrees, relative humidity 49%, wind 5 mph",Washington Commanders,Dallas Cowboys,Ezekiel Elliott,DAL,Washington Commanders,away,34,26,RB,3,5.0,0,0,0,0,0,0,3,6,0,0,0,0,0,0
2024,12,"55 degrees, relative humidity 49%, wind 5 mph",Washington Commanders,Dallas Cowboys,Hunter Luepke,DAL,Washington Commanders,away,34,26,FB,0,0.0,0,0,0,0,0,0,0,0,0,1,1,10,0,0
2024,12,"55 degrees, relative humidity 49%, wind 5 mph",Washington Commanders,Dallas Cowboys,Jalen Brooks,DAL,Washington Commanders,away,34,26,WR,0,0.0,0,0,0,0,0,0,0,0,0,3,1,41,0,0
2024,12,"55 degrees, relative humidity 49%, wind 5 mph",Washington Commanders,Dallas Cowboys,Jalen Tolbert,DAL,Washington Commanders,away,34,26,WR,0,0.0,0,0,0,0,0,0,0,0,0,4,2,22,1,0
2024,12,"55 degrees, relative humidity 49%, wind 5 mph",Washington Commanders,Dallas Cowboys,Jonathan Mingo,DAL,Washington Commanders,away,34,26,WR,0,0.0,0,0,0,0,0,0,0,0,0,2,1,8,0,0
2024,12,"55 degrees, relative humidity 49%, wind 5 mph",Washington Commanders,Dallas Cowboys,KaVontae Turpin,DAL,Washington Commanders,away,34,26,WR,0,0.0,0,0,0,0,0,0,0,0,0,1,1,8,0,0
2024,12,"55 degrees, relative humidity 49%, wind 5 mph",Washington Commanders,Dallas Cowboys,Luke Schoonmaker,DAL,Washington Commanders,away,34,26,TE,0,0.0,0,0,0,0,0,0,0,0,0,4,3,55,1,0
2024,12,"55 degrees, relative humidity 49%, wind 5 mph",Washington Commanders,Dallas Cowboys,Rico Dowdle,DAL,Washington Commanders,away,34,26,RB,19,31.666666666666664,0,0,0,0,0,0,19,86,0,3,3,12,0,1
2024,12,"55 degrees, relative humidity 49%, wind 5 mph",Washington Commanders,Dallas Cowboys,Trey Lance,DAL,Washington Commanders,away,34,26,QB,1,1.6666666666666667,0,0,0,0,0,0,1,-3,0,0,0,0,0,0
2024,12,,Las Vegas Raiders,Denver Broncos,Adam Trautman,DEN,Las Vegas Raiders,away,29,19,TE,0,0.0,0,0,0,0,0,0,0,0,0,2,1,3,0,0
2024,12,,Las Vegas Raiders,Denver Broncos,Audric Estime,DEN,Las Vegas Raiders,away,29,19,RB,3,4.6875,0,0,0,0,0,0,3,15,0,0,0,0,0,0
2024,12,,Las Vegas Raiders,Denver Broncos,Bo Nix,DEN,Las Vegas Raiders,away,29,19,QB,43,67.1875,25,42,273,2,0,1,1,5,0,0,0,0,0,0
2024,12,,Las Vegas Raiders,Denver Broncos,Courtland Sutton,DEN,Las Vegas Raiders,away,29,19,WR,0,0.0,0,0,0,0,0,0,0,0,0,10,8,97,2,0
2024,12,,Las Vegas Raiders,Denver Broncos,Devaughn Vele,DEN,Las Vegas Raiders,away,29,19,WR,0,0.0,0,0,0,0,0,0,0,0,0,9,6,80,0,0
2024,12,,Las Vegas Raiders,Denver Broncos,Jaleel McLaughlin,DEN,Las Vegas Raiders,away,29,19,RB,7,10.9375,0,0,0,0,0,0,7,44,0,1,0,0,0,0
2024,12,,Las Vegas Raiders,Denver Broncos,Javonte Williams,DEN,Las Vegas Raiders,away,29,19,RB,8,12.5,0,0,0,0,0,0,8,-2,0,4,2,6,0,0
2024,12,,Las Vegas Raiders,Denver Broncos,Lil'Jordan Humphrey,DEN,Las Vegas Raiders,away,29,19,WR,0,0.0,0,0,0,0,0,0,0,0,0,3,2,4,0,0
2024,12,,Las Vegas Raiders,Denver Broncos,Marvin Mims,DEN,Las Vegas Raiders,away,29,19,WR,2,3.125,0,0,0,0,0,0,2,-2,0,5,3,44,0,0
2024,12,,Las Vegas Raiders,Denver Broncos,Michael Burton,DEN,Las Vegas Raiders,away,29,19,FB,1,1.5625,0,0,0,0,0,0,1,3,0,1,1,8,0,0
2024,12,,Las Vegas Raiders,Denver Broncos,Troy Franklin,DEN,Las Vegas Raiders,away,29,19,WR,0,0.0,0,0,0,0,0,0,0,0,0,4,2,31,0,0
2024,12,,Indianapolis Colts,Detroit Lions,Amon-Ra St. Brown,DET,Indianapolis Colts,away,24,6,WR,0,0.0,0,0,0,0,0,0,0,0,0,7,6,62,0,0
2024,12,,Indianapolis Colts,Detroit Lions,Brock Wright,DET,Indianapolis Colts,away,24,6,TE,0,0.0,0,0,0,0,0,0,0,0,0,2,2,24,0,0
2024,12,,Indianapolis Colts,Detroit Lions,Craig Reynolds,DET,Indianapolis Colts,away,24,6,RB,1,1.4492753623188406,0,0,0,0,0,0,1,6,0,0,0,0,0,0
2024,12,,Indianapolis Colts,Detroit Lions,David Montgomery,DET,Indianapolis Colts,away,24,6,RB,8,11.594202898550725,0,0,0,0,0,0,8,37,1,3,3,36,0,0
2024,12,,Indianapolis Colts,Detroit Lions,Jahmyr Gibbs,DET,Indianapolis Colts,away,24,6,RB,21,30.434782608695656,0,0,0,0,0,0,21,90,2,3,3,9,0,0
2024,12,,Indianapolis Colts,Detroit Lions,Jameson Williams,DET,Indianapolis Colts,away,24,6,WR,1,1.4492753623188406,0,0,0,0,0,0,1,4,0,7,5,64,0,0
2024,12,,Indianapolis Colts,Detroit Lions,Jared Goff,DET,Indianapolis Colts,away,24,6,QB,38,55.072463768115945,26,36,269,0,0,3,2,0,0,0,0,0,0,1
2024,12,,Indianapolis Colts,Detroit Lions,Kalif Raymond,DET,Indianapolis Colts,away,24,6,WR,0,0.0,0,0,0,0,0,0,0,0,0,1,0,0,0,0
2024,12,,Indianapolis Colts,Detroit Lions,Sam LaPorta,DET,Indianapolis Colts,away,24,6,TE,0,0.0,0,0,0,0,0,0,0,0,0,6,3,19,0,0
2024,12,,Indianapolis Colts,Detroit Lions,Tim Patrick,DET,Indianapolis Colts,away,24,6,WR,0,0.0,0,0,0,0,0,0,0,0,0,4,4,55,0,0
2024,12,"43 degrees, relative humidity 76%, wind 11 mph",San Francisco 49ers,Green Bay Packers,Bo Melton,GNB,San Francisco 49ers,away,38,10,WR,1,1.5384615384615385,0,0,0,0,0,0,1,5,0,1,0,0,0,0
2024,12,"43 degrees, relative humidity 76%, wind 11 mph",San Francisco 49ers,Green Bay Packers,Chris Brooks,GNB,San Francisco 49ers,away,38,10,RB,4,6.153846153846154,0,0,0,0,0,0,4,11,0,1,1,15,0,0
2024,12,"43 degrees, relative humidity 76%, wind 11 mph",San Francisco 49ers,Green Bay Packers,Christian Watson,GNB,San Francisco 49ers,away,38,10,WR,1,1.5384615384615385,0,0,0,0,0,0,1,4,0,3,0,0,0,0
2024,12,"43 degrees, relative humidity 76%, wind 11 mph",San Francisco 49ers,Green Bay Packers,Dontayvion Wicks,GNB,San Francisco 49ers,away,38,10,WR,0,0.0,0,0,0,0,0,0,0,0,0,2,1,25,0,0
2024,12,"43 degrees, relative humidity 76%, wind 11 mph",San Francisco 49ers,Green Bay Packers,Emanuel Wilson,GNB,San Francisco 49ers,away,38,10,RB,9,13.846153846153847,0,0,0,0,0,0,9,41,0,0,0,0,0,0
2024,12,"43 degrees, relative humidity 76%, wind 11 mph",San Francisco 49ers,Green Bay Packers,Jayden Reed,GNB,San Francisco 49ers,away,38,10,WR,0,0.0,0,0,0,0,0,0,0,0,0,3,3,26,0,0
2024,12,"43 degrees, relative humidity 76%, wind 11 mph",San Francisco 49ers,Green Bay Packers,John FitzPatrick,GNB,San Francisco 49ers,away,38,10,TE,0,0.0,0,0,0,0,0,0,0,0,0,1,1,2,0,0
2024,12,"43 degrees, relative humidity 76%, wind 11 mph",San Francisco 49ers,Green Bay Packers,Jordan Love,GNB,San Francisco 49ers,away,38,10,QB,24,36.92307692307693,13,23,163,2,0,2,1,2,0,0,0,0,0,0
2024,12,"43 degrees, relative humidity 76%, wind 11 mph",San Francisco 49ers,Green Bay Packers,Josh Jacobs,GNB,San Francisco 49ers,away,38,10,RB,26,40.0,0,0,0,0,0,0,26,106,3,1,0,0,0,0
2024,12,"43 degrees, relative humidity 76%, wind 11 mph",San Francisco 49ers,Green Bay Packers,Malik Heath,GNB,San Francisco 49ers,away,38,10,WR,0,0.0,0,0,0,0,0,0,0,0,0,2,2,15,1,0
2024,12,"43 degrees, relative humidity 76%, wind 11 mph",San Francisco 49ers,Green Bay Packers,Romeo Doubs,GNB,San Francisco 49ers,away,38,10,WR,0,0.0,0,0,0,0,0,0,0,0,0,6,3,54,0,0
2024,12,"43 degrees, relative humidity 76%, wind 11 mph",San Francisco 49ers,Green Bay Packers,Tucker Kraft,GNB,San Francisco 49ers,away,38,10,TE,0,0.0,0,0,0,0,0,0,0,0,0,2,2,26,1,0
2024,12,,Houston Texans,Tennessee Titans,C.J. Stroud,HOU,Houston Texans,away,32,27,QB,36,72.0,20,33,247,2,2,4,3,18,0,0,0,0,0,0
2024,12,,Houston Texans,Tennessee Titans,Cade Stover,HOU,Houston Texans,away,32,27,TE,0,0.0,0,0,0,0,0,0,0,0,0,4,3,26,1,0
2024,12,,Houston Texans,Tennessee Titans,Dalton Schultz,HOU,Houston Texans,away,32,27,TE,0,0.0,0,0,0,0,0,0,0,0,0,2,2,20,0,0
2024,12,,Houston Texans,Tennessee Titans,Joe Mixon,HOU,Houston Texans,away,32,27,RB,14,28.000000000000004,0,0,0,0,0,0,14,22,0,6,5,23,0,0
2024,12,,Houston Texans,Tennessee Titans,John Metchie,HOU,Houston Texans,away,32,27,WR,0,0.0,0,0,0,0,0,0,0,0,0,3,1,6,0,0
2024,12,,Houston Texans,Tennessee Titans,Nico Collins,HOU,Houston Texans,away,32,27,WR,0,0.0,0,0,0,0,0,0,0,0,0,9,5,92,1,0
2024,12,,Houston Texans,Tennessee Titans,Robert Woods,HOU,Houston Texans,away,32,27,WR,0,0.0,0,0,0,0,0,0,0,0,0,1,1,8,0,0
2024,12,,Houston Texans,Tennessee Titans,Tank Dell,HOU,Houston Texans,away,32,27,WR,0,0.0,0,0,0,0,0,0,0,0,0,5,3,72,0,0
2024,12,,Houston Texans,Tennessee Titans,Xavier Hutchinson,HOU,Houston Texans,away,32,27,WR,0,0.0,0,0,0,0,0,0,0,0,0,1,0,0,0,0
2024,12,,Indianapolis Colts,Detroit Lions,Adonai Mitchell,IND,Indianapolis Colts,away,24,6,WR,0,0.0,0,0,0,0,0,0,0,0,0,3,1,10,0,0
2024,12,,Indianapolis Colts,Detroit Lions,Alec Pierce,IND,Indianapolis Colts,away,24,6,WR,0,0.0,0,0,0,0,0,0,0,0,0,4,1,39,0,0
2024,12,,Indianapolis Colts,Detroit Lions,Andrew Ogletree,IND,Indianapolis Colts,away,24,6,TE,0,0.0,0,0,0,0,0,0,0,0,0,1,0,0,0,0
2024,12,,Indianapolis Colts,Detroit Lions,Anthony Richardson,IND,Indianapolis Colts,away,24,6,QB,38,77.55102040816327,11,28,172,0,0,0,10,61,0,0,0,0,0,1
2024,12,,Indianapolis Colts,Detroit Lions,Ashton Dulin,IND,Indianapolis Colts,away,24,6,WR,0,0.0,0,0,0,0,0,0,0,0,0,1,0,0,0,0
2024,12,,Indianapolis Colts,Detroit Lions,Jonathan Taylor,IND,Indianapolis Colts,away,24,6,RB,11,22.448979591836736,0,0,0,0,0,0,11,35,0,0,0,0,0,1
2024,12,,Indianapolis Colts,Detroit Lions,Josh Downs,IND,Indianapolis Colts,away,24,6,WR,0,0.0,0,0,0,0,0,0,0,0,0,7,3,27,0,0
2024,12,,Indianapolis Colts,Detroit Lions,Kylen Granson,IND,Indianapolis Colts,away,24,6,TE,0,0.0,0,0,0,0,0,0,0,0,0,2,0,0,0,0
2024,12,,Indianapolis Colts,Detroit Lions,Michael Pittman Jr.,IND,Indianapolis Colts,away,24,6,WR,0,0.0,0,0,0,0,0,0,0,0,0,7,6,96,0,0
2024,12,"61 degrees, relative humidity 52%, wind 5 mph",Carolina Panthers,Kansas City Chiefs,Carson Steele,KAN,Carolina Panthers,away,30,27,RB,1,1.5873015873015872,0,0,0,0,0,0,1,4,0,2,1,9,0,0
2024,12,"61 degrees, relative humidity 52%, wind 5 mph",Carolina Panthers,Kansas City Chiefs,DeAndre Hopkins,KAN,Carolina Panthers,away,30,27,WR,0,0.0,0,0,0,0,0,0,0,0,0,6,5,35,1,0
2024,12,"61 degrees, relative humidity 52%, wind 5 mph",Carolina Panthers,Kansas City Chiefs,JuJu Smith-Schuster,KAN,Carolina Panthers,away,30,27,WR,0,0.0,0,0,0,0,0,0,0,0,0,2,1,6,0,0
2024,12,"61 degrees, relative humidity 52%, wind 5 mph",Carolina Panthers,Kansas City Chiefs,Justin Watson,KAN,Carolina Panthers,away,30,27,WR,0,0.0,0,0,0,0,0,0,0,0,0,2,1,15,0,0
2024,12,"61 degrees, relative humidity 52%, wind 5 mph",Carolina Panthers,Kansas City Chiefs,Kareem Hunt,KAN,Carolina Panthers,away,30,27,RB,16,25.396825396825395,0,0,0,0,0,0,16,68,0,4,3,19,0,0
2024,12,"61 degrees, relative humidity 52%, wind 5 mph",Carolina Panthers,Kansas City Chiefs,Mecole Hardman,KAN,Carolina Panthers,away,30,27,WR,2,3.1746031746031744,0,0,0,0,0,0,2,15,0,0,0,0,0,0
2024,12,"61 degrees, relative humidity 52%, wind 5 mph",Carolina Panthers,Kansas City Chiefs,Noah Gray,KAN,Carolina Panthers,away,30,27,TE,0,0.0,0,0,0,0,0,0,0,0,0,4,4,66,2,0
2024,12,"61 degrees, relative humidity 52%, wind 5 mph",Carolina Panthers,Kansas City Chiefs,Patrick Mahomes,KAN,Carolina Panthers,away,30,27,QB,42,66.66666666666666,27,37,269,3,0,5,5,60,0,0,0,0,0,1
2024,12,"61 degrees, relative humidity 52%, wind 5 mph",Carolina Panthers,Kansas City Chiefs,Samaje Perine,KAN,Carolina Panthers,away,30,27,RB,1,1.5873015873015872,0,0,0,0,0,0,1,13,0,2,2,11,0,0
2024,12,"61 degrees, relative humidity 52%, wind 5 mph",Carolina Panthers,Kansas City Chiefs,Travis Kelce,KAN,Carolina Panthers,away,30,27,TE,0,0.0,0,0,0,0,0,0,0,0,0,8,6,62,0,0
2024,12,"61 degrees, relative humidity 52%, wind 5 mph",Carolina Panthers,Kansas City Chiefs,Xavier Worthy,KAN,Carolina Panthers,away,30,27,WR,1,1.5873015873015872,0,0,0,0,0,0,1,5,0,6,4,46,0,0
2024,12,,Los Angeles Chargers,Baltimore Ravens,Derius Davis,LAC,Los Angeles Chargers,away,30,23,WR,0,0.0,0,0,0,0,0,0,0,0,0,2,2,4,0,0
2024,12,,Los Angeles Chargers,Baltimore Ravens,Gus Edwards,LAC,Los Angeles Chargers,away,30,23,RB,9,16.071428571428573,0,0,0,0,0,0,9,11,1,1,0,0,0,0
2024,12,,Los Angeles Chargers,Baltimore Ravens,Hassan Haskins,LAC,Los Angeles Chargers,away,30,23,RB,1,1.7857142857142856,0,0,0,0,0,0,1,3,0,0,0,0,0,0
2024,12,,Los Angeles Chargers,Baltimore Ravens,J.K. Dobbins,LAC,Los Angeles Chargers,away,30,23,RB,6,10.714285714285714,0,0,0,0,0,0,6,40,0,5,3,19,0,0
2024,12,,Los Angeles Chargers,Baltimore Ravens,Jalen Reagor,LAC,Los Angeles Chargers,away,30,23,WR,0,0.0,0,0,0,0,0,0,0,0,0,4,2,20,0,0
2024,12,,Los Angeles Chargers,Baltimore Ravens,Josh Palmer,LAC,Los Angeles Chargers,away,30,23,WR,0,0.0,0,0,0,0,0,0,0,0,0,8,3,38,0,0
2024,12,,Los Angeles Chargers,Baltimore Ravens,Justin Herbert,LAC,Los Angeles Chargers,away,30,23,QB,40,71.42857142857143,21,36,218,0,0,4,4,29,1,0,0,0,0,1
2024,12,,Los Angeles Chargers,Baltimore Ravens,Ladd McConkey,LAC,Los Angeles Chargers,away,30,23,WR,0,0.0,0,0,0,0,0,0,0,0,0,6,6,83,0,0
2024,12,,Los Angeles Chargers,Baltimore Ravens,Quentin Johnston,LAC,Los Angeles Chargers,away,30,23,WR,0,0.0,0,0,0,0,0,0,0,0,0,5,0,0,0,0
2024,12,,Los Angeles Chargers,Baltimore Ravens,Tucker Fisk,LAC,Los Angeles Chargers,away,30,23,TE,0,0.0,0,0,0,0,0,0,0,0,0,1,1,7,0,0
2024,12,,Los Angeles Chargers,Baltimore Ravens,Will Dissly,LAC,Los Angeles Chargers,away,30,23,TE,0,0.0,0,0,0,0,0,0,0,0,0,4,4,47,0,0
2024,12,,Los Angeles Rams,Philadelphia Eagles,Blake Corum,LAR,Los Angeles Rams,away,37,20,RB,1,1.8518518518518516,0,0,0,0,0,0,1,5,0,0,0,0,0,0
2024,12,,Los Angeles Rams,Philadelphia Eagles,Colby Parkinson,LAR,Los Angeles Rams,away,37,20,TE,0,0.0,0,0,0,0,0,0,0,0,0,2,1,10,0,0
2024,12,,Los Angeles Rams,Philadelphia Eagles,Cooper Kupp,LAR,Los Angeles Rams,away,37,20,WR,0,0.0,0,0,0,0,0,0,0,0,0,11,8,60,1,1
2024,12,,Los Angeles Rams,Philadelphia Eagles,Davis Allen,LAR,Los Angeles Rams,away,37,20,TE,0,0.0,0,0,0,0,0,0,0,0,0,1,0,0,0,0
2024,12,,Los Angeles Rams,Philadelphia Eagles,Demarcus Robinson,LAR,Los Angeles Rams,away,37,20,WR,0,0.0,0,0,0,0,0,0,0,0,0,3,2,15,1,0
2024,12,,Los Angeles Rams,Philadelphia Eagles,Kyren Williams,LAR,Los Angeles Rams,away,37,20,RB,16,29.629629629629626,0,0,0,0,0,0,16,72,1,0,0,0,0,2
2024,12,,Los Angeles Rams,Philadelphia Eagles,Matthew Stafford,LAR,Los Angeles Rams,away,37,20,QB,37,68.51851851851852,24,36,243,2,0,5,1,15,0,0,0,0,0,1
2024,12,,Los Angeles Rams,Philadelphia Eagles,Puka Nacua,LAR,Los Angeles Rams,away,37,20,WR,0,0.0,0,0,0,0,0,0,0,0,0,13,9,117,0,0
2024,12,,Los Angeles Rams,Philadelphia Eagles,Tutu Atwell,LAR,Los Angeles Rams,away,37,20,WR,0,0.0,0,0,0,0,0,0,0,0,0,3,3,30,0,0
2024,12,,Los Angeles Rams,Philadelphia Eagles,Tyler Johnson,LAR,Los Angeles Rams,away,37,20,WR,0,0.0,0,0,0,0,0,0,0,0,0,1,1,11,0,0
2024,12,,Las Vegas Raiders,Denver Broncos,AJ Cole,LVR,Las Vegas Raiders,away,29,19,UNK,1,1.4492753623188406,1,1,34,0,0,0,0,0,0,0,0,0,0,0
2024,12,,Las Vegas Raiders,Denver Broncos,Ameer Abdullah,LVR,Las Vegas Raiders,away,29,19,RB,8,11.594202898550725,0,0,0,0,0,0,8,28,0,6,5,37,1,0
2024,12,,Las Vegas Raiders,Denver Broncos,Brock Bowers,LVR,Las Vegas Raiders,away,29,19,TE,0,0.0,0,0,0,0,0,0,0,0,0,10,4,38,0,0
2024,12,,Las Vegas Raiders,Denver Broncos,DJ Turner,LVR,Las Vegas Raiders,away,29,19,WR,0,0.0,0,0,0,0,0,0,0,0,0,4,2,5,0,0
2024,12,,Las Vegas Raiders,Denver Broncos,Desmond Ridder,LVR,Las Vegas Raiders,away,29,19,QB,11,15.942028985507244,5,10,64,0,0,2,1,3,0,0,0,0,0,1
2024,12,,Las Vegas Raiders,Denver Broncos,Divine Deablo,LVR,Las Vegas Raiders,away,29,19,LB,0,0.0,0,0,0,0,0,0,0,0,0,1,1,34,0,0
2024,12,,Las Vegas Raiders,Denver Broncos,Gardner Minshew,LVR,Las Vegas Raiders,away,29,19,UNK,44,63.76811594202898,25,42,230,1,1,3,2,5,0,0,0,0,0,1
2024,12,,Las Vegas Raiders,Denver Broncos,Jakobi Meyers,LVR,Las Vegas Raiders,away,29,19,WR,0,0.0,0,0,0,0,0,0,0,0,0,15,10,121,0,0
2024,12,,Las Vegas Raiders,Denver Broncos,Michael Mayer,LVR,Las Vegas Raiders,away,29,19,TE,0,0.0,0,0,0,0,0,0,0,0,0,2,2,11,0,0
2024,12,,Las Vegas Raiders,Denver Broncos,Sincere McCormick,LVR,Las Vegas Raiders,away,29,19,RB,5,7.246376811594203,0,0,0,0,0,0,5,33,0,0,0,0,0,0
2024,12,,Las Vegas Raiders,Denver Broncos,Tre Tucker,LVR,Las Vegas Raiders,away,29,19,WR,0,0.0,0,0,0,0,0,0,0,0,0,8,7,82,0,0
2024,12,"77 degrees, relative humidity 51%, wind 6 mph",New England Patriots,Miami Dolphins,De'Von Achane,MIA,New England Patriots,away,34,15,RB,10,15.625,0,0,0,0,0,0,10,32,0,4,3,24,2,0
2024,12,"77 degrees, relative humidity 51%, wind 6 mph",New England Patriots,Miami Dolphins,Durham Smythe,MIA,New England Patriots,away,34,15,TE,0,0.0,0,0,0,0,0,0,0,0,0,1,1,8,0,0
2024,12,"77 degrees, relative humidity 51%, wind 6 mph",New England Patriots,Miami Dolphins,Jaylen Waddle,MIA,New England Patriots,away,34,15,WR,0,0.0,0,0,0,0,0,0,0,0,0,9,8,144,1,0
2024,12,"77 degrees, relative humidity 51%, wind 6 mph",New England Patriots,Miami Dolphins,Jaylen Wright,MIA,New England Patriots,away,34,15,RB,7,10.9375,0,0,0,0,0,0,7,28,0,1,0,0,0,1
2024,12,"77 degrees, relative humidity 51%, wind 6 mph",New England Patriots,Miami Dolphins,Jonnu Smith,MIA,New England Patriots,away,34,15,TE,1,1.5625,0,0,0,0,0,0,1,0,0,11,9,87,1,0
2024,12,"77 degrees, relative humidity 51%, wind 6 mph",New England Patriots,Miami Dolphins,Julian Hill,MIA,New England Patriots,away,34,15,TE,0,0.0,0,0,0,0,0,0,0,0,0,2,1,8,0,0
2024,12,"77 degrees, relative humidity 51%, wind 6 mph",New England Patriots,Miami Dolphins,Malik Washington,MIA,New England Patriots,away,34,15,WR,1,1.5625,0,0,0,0,0,0,1,2,0,2,1,1,0,0
2024,12,"77 degrees, relative humidity 51%, wind 6 mph",New England Patriots,Miami Dolphins,Odell Beckham Jr.,MIA,New England Patriots,away,34,15,WR,0,0.0,0,0,0,0,0,0,0,0,0,3,0,0,0,0
2024,12,"77 degrees, relative humidity 51%, wind 6 mph",New England Patriots,Miami Dolphins,Raheem Mostert,MIA,New England Patriots,away,34,15,RB,2,3.125,0,0,0,0,0,0,2,5,0,1,1,-3,0,0
2024,12,"77 degrees, relative humidity 51%, wind 6 mph",New England Patriots,Miami Dolphins,Tua Tagovailoa,MIA,New England Patriots,away,34,15,QB,43,67.1875,29,40,317,4,0,2,3,-2,0,0,0,0,0,0
2024,12,"77 degrees, relative humidity 51%, wind 6 mph",New England Patriots,Miami Dolphins,Tyreek Hill,MIA,New England Patriots,away,34,15,WR,0,0.0,0,0,0,0,0,0,0,0,0,6,5,48,0,0
2024,12,"47 degrees, relative humidity 77%, wind 5 mph",Chicago Bears,Minnesota Vikings,Aaron Jones,MIN,Chicago Bears,away,30,27,RB,22,35.483870967741936,0,0,0,0,0,0,22,106,1,4,3,23,0,1
2024,12,"47 degrees, relative humidity 77%, wind 5 mph",Chicago Bears,Minnesota Vikings,C.J. Ham,MIN,Chicago Bears,away,30,27,FB,0,0.0,0,0,0,0,0,0,0,0,0,1,0,0,0,0
2024,12,"47 degrees, relative humidity 77%, wind 5 mph",Chicago Bears,Minnesota Vikings,Cam Akers,MIN,Chicago Bears,away,30,27,RB,3,4.838709677419355,0,0,0,0,0,0,3,19,0,1,1,6,0,0
2024,12,"47 degrees, relative humidity 77%, wind 5 mph",Chicago Bears,Minnesota Vikings,Jalen Nailor,MIN,Chicago Bears,away,30,27,WR,0,0.0,0,0,0,0,0,0,0,0,0,2,1,5,1,0
2024,12,"47 degrees, relative humidity 77%, wind 5 mph",Chicago Bears,Minnesota Vikings,Johnny Mundt,MIN,Chicago Bears,away,30,27,TE,0,0.0,0,0,0,0,0,0,0,0,0,1,1,7,0,0
2024,12,"47 degrees, relative humidity 77%, wind 5 mph",Chicago Bears,Minnesota Vikings,Jordan Addison,MIN,Chicago Bears,away,30,27,WR,0,0.0,0,0,0,0,0,0,0,0,0,9,8,162,1,0
2024,12,"47 degrees, relative humidity 77%, wind 5 mph",Chicago Bears,Minnesota Vikings,Justin Jefferson,MIN,Chicago Bears,away,30,27,WR,0,0.0,0,0,0,0,0,0,0,0,0,5,2,27,0,0
2024,12,"47 degrees, relative humidity 77%, wind 5 mph",Chicago Bears,Minnesota Vikings,Nick Mullens,MIN,Chicago Bears,away,30,27,QB,1,1.6129032258064515,1,1,14,0,0,0,0,0,0,0,0,0,0,0
2024,12,"47 degrees, relative humidity 77%, wind 5 mph",Chicago Bears,Minnesota Vikings,Sam Darnold,MIN,Chicago Bears,away,30,27,QB,36,58.06451612903226,22,34,330,2,0,3,2,-1,0,0,0,0,0,0
2024,12,"47 degrees, relative humidity 77%, wind 5 mph",Chicago Bears,Minnesota Vikings,T.J. Hockenson,MIN,Chicago Bears,away,30,27,TE,0,0.0,0,0,0,0,0,0,0,0,0,9,7,114,0,0
2024,12,"77 degrees, relative humidity 51%, wind 6 mph",New England Patriots,Miami Dolphins,Antonio Gibson,NWE,New England Patriots,away,34,15,RB,6,10.16949152542373,0,0,0,0,0,0,6,31,0,2,1,14,0,0
2024,12,"77 degrees, relative humidity 51%, wind 6 mph",New England Patriots,Miami Dolphins,Austin Hooper,NWE,New England Patriots,away,34,15,TE,0,0.0,0,0,0,0,0,0,0,0,0,4,4,59,1,0
2024,12,"77 degrees, relative humidity 51%, wind 6 mph",New England Patriots,Miami Dolphins,Demario Douglas,NWE,New England Patriots,away,34,15,WR,1,1.694915254237288,0,0,0,0,0,0,1,1,0,7,5,62,0,0
2024,12,"77 degrees, relative humidity 51%, wind 6 mph",New England Patriots,Miami Dolphins,Drake Maye,NWE,New England Patriots,away,34,15,QB,42,71.1864406779661,22,37,222,1,1,4,5,26,0,0,0,0,0,1
2024,12,"77 degrees, relative humidity 51%, wind 6 mph",New England Patriots,Miami Dolphins,Hunter Henry,NWE,New England Patriots,away,34,15,TE,0,0.0,0,0,0,0,0,0,0,0,0,8,5,44,0,0
2024,12,"77 degrees, relative humidity 51%, wind 6 mph",New England Patriots,Miami Dolphins,Ja'Lynn Polk,NWE,New England Patriots,away,34,15,WR,0,0.0,0,0,0,0,0,0,0,0,0,2,1,7,0,0
2024,12,"77 degrees, relative humidity 51%, wind 6 mph",New England Patriots,Miami Dolphins,Jamycal Hasty,NWE,New England Patriots,away,34,15,RB,1,1.694915254237288,0,0,0,0,0,0,1,15,0,2,2,0,0,0
2024,12,"77 degrees, relative humidity 51%, wind 6 mph",New England Patriots,Miami Dolphins,Javon Baker,NWE,New England Patriots,away,34,15,WR,0,0.0,0,0,0,0,0,0,0,0,0,1,0,0,0,0
2024,12,"77 degrees, relative humidity 51%, wind 6 mph",New England Patriots,Miami Dolphins,Kayshon Boutte,NWE,New England Patriots,away,34,15,WR,0,0.0,0,0,0,0,0,0,0,0,0,4,1,6,0,0
2024,12,"77 degrees, relative humidity 51%, wind 6 mph",New England Patriots,Miami Dolphins,Kendrick Bourne,NWE,New England Patriots,away,34,15,WR,1,1.694915254237288,0,1,0,0,0,0,0,0,0,5,3,30,0,0
2024,12,"77 degrees, relative humidity 51%, wind 6 mph",New England Patriots,Miami Dolphins,Rhamondre Stevenson,NWE,New England Patriots,away,34,15,RB,8,13.559322033898304,0,0,0,0,0,0,8,13,0,2,0,0,0,0
2024,12,"50 degrees, relative humidity 48%, wind 13 mph",New York Giants,Tampa Bay Buccaneers,Darius Slayton,NYG,New York Giants,away,30,7,WR,0,0.0,0,0,0,0,0,0,0,0,0,2,0,0,0,0
2024,12,"50 degrees, relative humidity 48%, wind 13 mph",New York Giants,Tampa Bay Buccaneers,Devin Singletary,NYG,New York Giants,away,30,7,RB,2,3.8461538461538463,0,0,0,0,0,0,2,3,1,2,2,7,0,0
2024,12,"50 degrees, relative humidity 48%, wind 13 mph",New York Giants,Tampa Bay Buccaneers,Drew Lock,NYG,New York Giants,away,30,7,QB,1,1.9230769230769231,1,1,3,0,0,0,0,0,0,0,0,0,0,0
2024,12,"50 degrees, relative humidity 48%, wind 13 mph",New York Giants,Tampa Bay Buccaneers,Eric Gray,NYG,New York Giants,away,30,7,RB,1,1.9230769230769231,0,0,0,0,0,0,1,-1,0,2,2,7,0,0
2024,12,"50 degrees, relative humidity 48%, wind 13 mph",New York Giants,Tampa Bay Buccaneers,Malik Nabers,NYG,New York Giants,away,30,7,WR,0,0.0,0,0,0,0,0,0,0,0,0,9,6,64,0,1
2024,12,"50 degrees, relative humidity 48%, wind 13 mph",New York Giants,Tampa Bay Buccaneers,Theo Johnson,NYG,New York Giants,away,30,7,TE,0,0.0,0,0,0,0,0,0,0,0,0,6,3,39,0,0
2024,12,"50 degrees, relative humidity 48%, wind 13 mph",New York Giants,Tampa Bay Buccaneers,Tommy DeVito,NYG,New York Giants,away,30,7,QB,38,73.07692307692307,21,31,189,0,0,4,7,32,0,0,0,0,0,0
2024,12,"50 degrees, relative humidity 48%, wind 13 mph",New York Giants,Tampa Bay Buccaneers,Tyrone Tracy Jr.,NYG,New York Giants,away,30,7,RB,9,17.307692307692307,0,0,0,0,0,0,9,42,0,4,4,28,0,1
2024,12,"50 degrees, relative humidity 48%, wind 13 mph",New York Giants,Tampa Bay Buccaneers,Wan'Dale Robinson,NYG,New York Giants,away,30,7,WR,1,1.9230769230769231,0,0,0,0,0,0,1,0,0,5,5,47,0,0
2024,12,,Los Angeles Rams,Philadelphia Eagles,A.J. Brown,PHI,Los Angeles Rams,away,37,20,WR,0,0.0,0,0,0,0,0,0,0,0,0,7,6,109,1,0
2024,12,,Los Angeles Rams,Philadelphia Eagles,Dallas Goedert,PHI,Los Angeles Rams,away,37,20,TE,0,0.0,0,0,0,0,0,0,0,0,0,5,4,19,0,0
2024,12,,Los Angeles Rams,Philadelphia Eagles,Grant Calcaterra,PHI,Los Angeles Rams,away,37,20,TE,0,0.0,0,0,0,0,0,0,0,0,0,1,0,0,0,0
2024,12,,Los Angeles Rams,Philadelphia Eagles,Jahan Dotson,PHI,Los Angeles Rams,away,37,20,WR,0,0.0,0,0,0,0,0,0,0,0,0,1,1,4,0,0
2024,12,,Los Angeles Rams,Philadelphia Eagles,Jalen Hurts,PHI,Los Angeles Rams,away,37,20,QB,34,50.74626865671642,15,22,179,1,0,1,12,39,0,0,0,0,0,0
2024,12,,Los Angeles Rams,Philadelphia Eagles,Johnny Wilson,PHI,Los Angeles Rams,away,37,20,WR,0,0.0,0,0,0,0,0,0,0,0,0,1,0,0,0,0
2024,12,,Los Angeles Rams,Philadelphia Eagles,Kenneth Gainwell,PHI,Los Angeles Rams,away,37,20,RB,5,7.462686567164178,0,0,0,0,0,0,5,22,1,0,0,0,0,0
2024,12,,Los Angeles Rams,Philadelphia Eagles,Kenny Pickett,PHI,Los Angeles Rams,away,37,20,QB,2,2.9850746268656714,0,0,0,0,0,0,2,-2,0,0,0,0,0,0
2024,12,,Los Angeles Rams,Philadelphia Eagles,Saquon Barkley,PHI,Los Angeles Rams,away,37,20,RB,26,38.80597014925373,0,0,0,0,0,0,26,255,2,4,4,47,0,0
2024,12,"36 degrees, relative humidity 88%, wind 13 mph",Pittsburgh Steelers,Cleveland Browns,Calvin Austin,PIT,Pittsburgh Steelers,away,24,19,UNK,0,0.0,0,0,0,0,0,0,0,0,0,3,3,78,1,0
2024,12,"36 degrees, relative humidity 88%, wind 13 mph",Pittsburgh Steelers,Cleveland Browns,Cordarrelle Patterson,PIT,Pittsburgh Steelers,away,24,19,RB,1,1.5873015873015872,0,0,0,0,0,0,1,-2,0,0,0,0,0,0
2024,12,"36 degrees, relative humidity 88%, wind 13 mph",Pittsburgh Steelers,Cleveland Browns,Darnell Washington,PIT,Pittsburgh Steelers,away,24,19,TE,0,0.0,0,0,0,0,0,0,0,0,0,3,3,14,0,0
2024,12,"36 degrees, relative humidity 88%, wind 13 mph",Pittsburgh Steelers,Cleveland Browns,George Pickens,PIT,Pittsburgh Steelers,away,24,19,WR,0,0.0,0,0,0,0,0,0,0,0,0,7,4,48,0,0
2024,12,"36 degrees, relative humidity 88%, wind 13 mph",Pittsburgh Steelers,Cleveland Browns,Jaylen Warren,PIT,Pittsburgh Steelers,away,24,19,RB,11,17.46031746031746,0,0,0,0,0,0,11,45,1,4,3,19,0,0
2024,12,"36 degrees, relative humidity 88%, wind 13 mph",Pittsburgh Steelers,Cleveland Browns,Justin Fields,PIT,Pittsburgh Steelers,away,24,19,QB,4,6.349206349206349,0,1,0,0,0,0,3,26,0,0,0,0,0,0
2024,12,"36 degrees, relative humidity 88%, wind 13 mph",Pittsburgh Steelers,Cleveland Browns,Najee Harris,PIT,Pittsburgh Steelers,away,24,19,RB,16,25.396825396825395,0,0,0,0,0,0,16,41,0,2,2,13,0,0
2024,12,"36 degrees, relative humidity 88%, wind 13 mph",Pittsburgh Steelers,Cleveland Browns,Pat Freiermuth,PIT,Pittsburgh Steelers,away,24,19,TE,0,0.0,0,0,0,0,0,0,0,0,0,4,4,59,0,0
2024,12,"36 degrees, relative humidity 88%, wind 13 mph",Pittsburgh Steelers,Cleveland Browns,Russell Wilson,PIT,Pittsburgh Steelers,away,24,19,QB,31,49.2063492063492,21,28,270,1,0,4,3,10,0,0,0,0,0,1
2024,12,"36 degrees, relative humidity 88%, wind 13 mph",Pittsburgh Steelers,Cleveland Browns,Van Jefferson,PIT,Pittsburgh Steelers,away,24,19,WR,0,0.0,0,0,0,0,0,0,0,0,0,2,2,39,0,0
2024,12,"45 degrees, relative humidity 85%, wind 5 mph",Arizona Cardinals,Seattle Seahawks,AJ Barner,SEA,Arizona Cardinals,away,16,6,TE,0,0.0,0,0,0,0,0,0,0,0,0,4,3,19,0,0
2024,12,"45 degrees, relative humidity 85%, wind 5 mph",Arizona Cardinals,Seattle Seahawks,D.K. Metcalf,SEA,Arizona Cardinals,away,16,6,WR,0,0.0,0,0,0,0,0,0,0,0,0,5,4,59,0,0
2024,12,"45 degrees, relative humidity 85%, wind 5 mph",Arizona Cardinals,Seattle Seahawks,Geno Smith,SEA,Arizona Cardinals,away,16,6,QB,34,60.71428571428571,22,31,254,1,1,5,3,2,0,0,0,0,0,1
2024,12,"45 degrees, relative humidity 85%, wind 5 mph",Arizona Cardinals,Seattle Seahawks,Jake Bobo,SEA,Arizona Cardinals,away,16,6,WR,0,0.0,0,0,0,0,0,0,0,0,0,1,1,8,0,0
2024,12,"45 degrees, relative humidity 85%, wind 5 mph",Arizona Cardinals,Seattle Seahawks,Jaxon Smith-Njigba,SEA,Arizona Cardinals,away,16,6,WR,0,0.0,0,0,0,0,0,0,0,0,0,7,6,77,1,0
2024,12,"45 degrees, relative humidity 85%, wind 5 mph",Arizona Cardinals,Seattle Seahawks,Kenneth Walker,SEA,Arizona Cardinals,away,16,6,UNK,16,28.57142857142857,0,0,0,0,0,0,16,41,0,6,4,52,0,0
2024,12,"45 degrees, relative humidity 85%, wind 5 mph",Arizona Cardinals,Seattle Seahawks,Pharaoh Brown,SEA,Arizona Cardinals,away,16,6,TE,0,0.0,0,0,0,0,0,0,0,0,0,2,2,19,0,0
2024,12,"45 degrees, relative humidity 85%, wind 5 mph",Arizona Cardinals,Seattle Seahawks,Tyler Lockett,SEA,Arizona Cardinals,away,16,6,WR,0,0.0,0,0,0,0,0,0,0,0,0,3,2,20,0,0
2024,12,"45 degrees, relative humidity 85%, wind 5 mph",Arizona Cardinals,Seattle Seahawks,Zach Charbonnet,SEA,Arizona Cardinals,away,16,6,RB,6,10.714285714285714,0,0,0,0,0,0,6,22,0,0,0,0,0,0
2024,12,"43 degrees, relative humidity 76%, wind 11 mph",San Francisco 49ers,Green Bay Packers,Brandon Allen,SFO,San Francisco 49ers,away,38,10,QB,31,68.88888888888889,17,29,199,1,1,2,2,5,0,0,0,0,0,2
2024,12,"43 degrees, relative humidity 76%, wind 11 mph",San Francisco 49ers,Green Bay Packers,Chris Conley,SFO,San Francisco 49ers,away,38,10,WR,0,0.0,0,0,0,0,0,0,0,0,0,1,0,0,0,0
2024,12,"43 degrees, relative humidity 76%, wind 11 mph",San Francisco 49ers,Green Bay Packers,Christian McCaffrey,SFO,San Francisco 49ers,away,38,10,RB,11,24.444444444444443,0,0,0,0,0,0,11,31,0,4,3,37,0,1
2024,12,"43 degrees, relative humidity 76%, wind 11 mph",San Francisco 49ers,Green Bay Packers,Deebo Samuel,SFO,San Francisco 49ers,away,38,10,WR,0,0.0,0,0,0,0,0,0,0,0,0,4,1,21,0,0
2024,12,"43 degrees, relative humidity 76%, wind 11 mph",San Francisco 49ers,Green Bay Packers,Eric Saubert,SFO,San Francisco 49ers,away,38,10,TE,0,0.0,0,0,0,0,0,0,0,0,0,1,0,0,0,0
2024,12,"43 degrees, relative humidity 76%, wind 11 mph",San Francisco 49ers,Green Bay Packers,George Kittle,SFO,San Francisco 49ers,away,38,10,TE,0,0.0,0,0,0,0,0,0,0,0,0,6,6,82,1,0
2024,12,"43 degrees, relative humidity 76%, wind 11 mph",San Francisco 49ers,Green Bay Packers,Jauan Jennings,SFO,San Francisco 49ers,away,38,10,WR,0,0.0,0,0,0,0,0,0,0,0,0,7,5,40,0,0
2024,12,"43 degrees, relative humidity 76%, wind 11 mph",San Francisco 49ers,Green Bay Packers,Jordan Mason,SFO,San Francisco 49ers,away,38,10,RB,3,6.666666666666667,0,0,0,0,0,0,3,8,0,2,1,5,0,1
2024,12,"43 degrees, relative humidity 76%, wind 11 mph",San Francisco 49ers,Green Bay Packers,Kyle Juszczyk,SFO,San Francisco 49ers,away,38,10,FB,0,0.0,0,0,0,0,0,0,0,0,0,1,1,14,0,0
2024,12,"50 degrees, relative humidity 48%, wind 13 mph",New York Giants,Tampa Bay Buccaneers,Baker Mayfield,TAM,New York Giants,away,30,7,QB,34,54.83870967741935,24,30,294,0,0,0,4,29,1,0,0,0,0,2
2024,12,"50 degrees, relative humidity 48%, wind 13 mph",New York Giants,Tampa Bay Buccaneers,Bucky Irving,TAM,New York Giants,away,30,7,RB,12,19.35483870967742,0,0,0,0,0,0,12,88,1,6,6,64,0,1
2024,12,"50 degrees, relative humidity 48%, wind 13 mph",New York Giants,Tampa Bay Buccaneers,Cade Otton,TAM,New York Giants,away,30,7,TE,0,0.0,0,0,0,0,0,0,0,0,0,3,1,30,0,0
2024,12,"50 degrees, relative humidity 48%, wind 13 mph",New York Giants,Tampa Bay Buccaneers,Jalen McMillan,TAM,New York Giants,away,30,7,WR,0,0.0,0,0,0,0,0,0,0,0,0,2,1,11,0,0
2024,12,"50 degrees, relative humidity 48%, wind 13 mph",New York Giants,Tampa Bay Buccaneers,Mike Evans,TAM,New York Giants,away,30,7,WR,0,0.0,0,0,0,0,0,0,0,0,0,6,5,68,0,0
2024,12,"50 degrees, relative humidity 48%, wind 13 mph",New York Giants,Tampa Bay Buccaneers,Payne Durham,TAM,New York Giants,away,30,7,TE,0,0.0,0,0,0,0,0,0,0,0,0,1,1,26,0,0
2024,12,"50 degrees, relative humidity 48%, wind 13 mph",New York Giants,Tampa Bay Buccaneers,Rachaad White,TAM,New York Giants,away,30,7,RB,12,19.35483870967742,0,0,0,0,0,0,12,37,1,1,1,10,0,0
2024,12,"50 degrees, relative humidity 48%, wind 13 mph",New York Giants,Tampa Bay Buccaneers,Rakim Jarrett,TAM,New York Giants,away,30,7,WR,0,0.0,0,0,0,0,0,0,0,0,0,1,1,30,0,0
2024,12,"50 degrees, relative humidity 48%, wind 13 mph",New York Giants,Tampa Bay Buccaneers,Ryan Miller,TAM,New York Giants,away,30,7,WR,0,0.0,0,0,0,0,0,0,0,0,0,1,1,14,0,0
2024,12,"50 degrees, relative humidity 48%, wind 13 mph",New York Giants,Tampa Bay Buccaneers,Sean Tucker,TAM,New York Giants,away,30,7,RB,4,6.451612903225806,0,0,0,0,0,0,4,3,1,1,1,7,0,1
2024,12,"50 degrees, relative humidity 48%, wind 13 mph",New York Giants,Tampa Bay Buccaneers,Sterling Shepard,TAM,New York Giants,away,30,7,WR,0,0.0,0,0,0,0,0,0,0,0,0,7,5,16,0,0
2024,12,"50 degrees, relative humidity 48%, wind 13 mph",New York Giants,Tampa Bay Buccaneers,Trey Palmer,TAM,New York Giants,away,30,7,WR,0,0.0,0,0,0,0,0,0,0,0,0,1,1,18,0,0
2024,12,,Houston Texans,Tennessee Titans,Calvin Ridley,TEN,Houston Texans,away,32,27,WR,0,0.0,0,0,0,0,0,0,0,0,0,6,5,93,0,0
2024,12,,Houston Texans,Tennessee Titans,Chigoziem Okonkwo,TEN,Houston Texans,away,32,27,TE,0,0.0,0,0,0,0,0,0,0,0,0,1,1,70,1,0
2024,12,,Houston Texans,Tennessee Titans,Julius Chestnut,TEN,Houston Texans,away,32,27,RB,1,1.7241379310344827,0,0,0,0,0,0,1,3,0,1,1,2,0,0
2024,12,,Houston Texans,Tennessee Titans,Nick Vannett,TEN,Houston Texans,away,32,27,TE,0,0.0,0,0,0,0,0,0,0,0,0,1,0,0,0,0
2024,12,,Houston Texans,Tennessee Titans,Nick Westbrook-Ikhine,TEN,Houston Texans,away,32,27,WR,0,0.0,0,0,0,0,0,0,0,0,0,5,2,48,1,0
2024,12,,Houston Texans,Tennessee Titans,Tony Pollard,TEN,Houston Texans,away,32,27,RB,24,41.37931034482759,0,0,0,0,0,0,24,119,1,5,3,10,0,0
2024,12,,Houston Texans,Tennessee Titans,Tyler Boyd,TEN,Houston Texans,away,32,27,WR,1,1.7241379310344827,0,1,0,0,0,0,0,0,0,6,6,55,0,0
2024,12,,Houston Texans,Tennessee Titans,Will Levis,TEN,Houston Texans,away,32,27,QB,32,55.172413793103445,18,24,278,2,1,8,8,10,0,0,0,0,0,1
2024,12,"55 degrees, relative humidity 49%, wind 5 mph",Washington Commanders,Dallas Cowboys,Austin Ekeler,WAS,Washington Commanders,away,34,26,RB,9,14.285714285714285,0,0,0,0,0,0,9,22,0,3,2,2,0,1
2024,12,"55 degrees, relative humidity 49%, wind 5 mph",Washington Commanders,Dallas Cowboys,Brian Robinson Jr.,WAS,Washington Commanders,away,34,26,RB,5,7.936507936507936,0,0,0,0,0,0,5,13,0,2,1,11,0,0
2024,12,"55 degrees, relative humidity 49%, wind 5 mph",Washington Commanders,Dallas Cowboys,Dyami Brown,WAS,Washington Commanders,away,34,26,WR,1,1.5873015873015872,0,0,0,0,0,0,1,14,0,2,2,22,0,0
2024,12,"55 degrees, relative humidity 49%, wind 5 mph",Washington Commanders,Dallas Cowboys,Jayden Daniels,WAS,Washington Commanders,away,34,26,QB,45,71.42857142857143,25,38,275,2,2,4,7,74,1,0,0,0,0,0
2024,12,"55 degrees, relative humidity 49%, wind 5 mph",Washington Commanders,Dallas Cowboys,Jeremy McNichols,WAS,Washington Commanders,away,34,26,RB,3,4.761904761904762,0,0,0,0,0,0,3,22,0,0,0,0,0,0
2024,12,"55 degrees, relative humidity 49%, wind 5 mph",Washington Commanders,Dallas Cowboys,John Bates,WAS,Washington Commanders,away,34,26,TE,0,0.0,0,0,0,0,0,0,0,0,0,1,1,13,0,1
2024,12,"55 degrees, relative humidity 49%, wind 5 mph",Washington Commanders,Dallas Cowboys,Luke McCaffrey,WAS,Washington Commanders,away,34,26,WR,0,0.0,0,0,0,0,0,0,0,0,0,1,1,8,0,0
2024,12,"55 degrees, relative humidity 49%, wind 5 mph",Washington Commanders,Dallas Cowboys,Noah Brown,WAS,Washington Commanders,away,34,26,WR,0,0.0,0,0,0,0,0,0,0,0,0,10,6,71,0,0
2024,12,"55 degrees, relative humidity 49%, wind 5 mph",Washington Commanders,Dallas Cowboys,Olamide Zaccheaus,WAS,Washington Commanders,away,34,26,WR,0,0.0,0,0,0,0,0,0,0,0,0,1,1,8,0,0
2024,12,"55 degrees, relative humidity 49%, wind 5 mph",Washington Commanders,Dallas Cowboys,Terry McLaurin,WAS,Washington Commanders,away,34,26,WR,0,0.0,0,0,0,0,0,0,0,0,0,6,5,102,1,0
2024,12,"55 degrees, relative humidity 49%, wind 5 mph",Washington Commanders,Dallas Cowboys,Zach Ertz,WAS,Washington Commanders,away,34,26,TE,0,0.0,0,0,0,0,0,0,0,0,0,8,6,38,1,0
2024,13,,Arizona Cardinals,Minnesota Vikings,Elijah Higgins,ARI,Arizona Cardinals,away,23,22,TE,0,0.0,0,0,0,0,0,0,0,0,0,2,2,23,0,0
2024,13,,Arizona Cardinals,Minnesota Vikings,Emari Demercado,ARI,Arizona Cardinals,away,23,22,RB,3,3.9473684210526314,0,0,0,0,0,0,3,12,0,2,1,3,0,0
2024,13,,Arizona Cardinals,Minnesota Vikings,Greg Dortch,ARI,Arizona Cardinals,away,23,22,WR,1,1.3157894736842104,0,0,0,0,0,0,1,6,0,3,2,1,0,0
2024,13,,Arizona Cardinals,Minnesota Vikings,James Conner,ARI,Arizona Cardinals,away,23,22,RB,17,22.36842105263158,0,0,0,0,0,0,17,68,0,4,3,13,0,0
2024,13,,Arizona Cardinals,Minnesota Vikings,Kyler Murray,ARI,Arizona Cardinals,away,23,22,QB,52,68.42105263157895,31,45,260,1,2,1,7,48,0,0,0,0,0,1
2024,13,,Arizona Cardinals,Minnesota Vikings,Marvin Harrison Jr.,ARI,Arizona Cardinals,away,23,22,WR,0,0.0,0,0,0,0,0,0,0,0,0,12,5,60,1,0
2024,13,,Arizona Cardinals,Minnesota Vikings,Michael Wilson,ARI,Arizona Cardinals,away,23,22,WR,0,0.0,0,0,0,0,0,0,0,0,0,7,5,55,0,0
2024,13,,Arizona Cardinals,Minnesota Vikings,Tip Reiman,ARI,Arizona Cardinals,away,23,22,TE,0,0.0,0,0,0,0,0,0,0,0,0,1,1,9,0,0
2024,13,,Arizona Cardinals,Minnesota Vikings,Trey Benson,ARI,Arizona Cardinals,away,23,22,RB,3,3.9473684210526314,0,0,0,0,0,0,3,20,0,0,0,0,0,0
2024,13,,Arizona Cardinals,Minnesota Vikings,Trey McBride,ARI,Arizona Cardinals,away,23,22,TE,0,0.0,0,0,0,0,0,0,0,0,0,12,12,96,0,0
2024,13,,Atlanta Falcons,Los Angeles Chargers,Bijan Robinson,ATL,Atlanta Falcons,away,17,13,RB,26,34.21052631578947,0,0,0,0,0,0,26,102,1,6,6,33,0,0
2024,13,,Atlanta Falcons,Los Angeles Chargers,Charlie Woerner,ATL,Atlanta Falcons,away,17,13,TE,0,0.0,0,0,0,0,0,0,0,0,0,1,1,5,0,0
2024,13,,Atlanta Falcons,Los Angeles Chargers,Darnell Mooney,ATL,Atlanta Falcons,away,17,13,WR,0,0.0,0,0,0,0,0,0,0,0,0,6,3,20,0,0
2024,13,,Atlanta Falcons,Los Angeles Chargers,Drake London,ATL,Atlanta Falcons,away,17,13,WR,1,1.3157894736842104,0,0,0,0,0,0,1,-3,0,16,9,86,0,0
2024,13,,Atlanta Falcons,Los Angeles Chargers,Kirk Cousins,ATL,Atlanta Falcons,away,17,13,QB,40,52.63157894736842,24,39,245,0,4,1,1,3,0,0,0,0,0,1
2024,13,,Atlanta Falcons,Los Angeles Chargers,Kyle Pitts,ATL,Atlanta Falcons,away,17,13,TE,0,0.0,0,0,0,0,0,0,0,0,0,2,0,0,0,0
2024,13,,Atlanta Falcons,Los Angeles Chargers,Ray-Ray McCloud,ATL,Atlanta Falcons,away,17,13,WR,1,1.3157894736842104,0,0,0,0,0,0,1,-2,0,6,4,95,0,0
2024,13,,Atlanta Falcons,Los Angeles Chargers,Tyler Allgeier,ATL,Atlanta Falcons,away,17,13,RB,8,10.526315789473683,0,0,0,0,0,0,8,16,0,1,1,6,0,0
2024,13,"41 degrees, relative humidity 41%, wind 7 mph",Baltimore Ravens,Philadelphia Eagles,Derrick Henry,BAL,Baltimore Ravens,away,24,19,RB,19,27.941176470588236,0,0,0,0,0,0,19,82,0,3,3,29,0,0
2024,13,"41 degrees, relative humidity 41%, wind 7 mph",Baltimore Ravens,Philadelphia Eagles,Isaiah Likely,BAL,Baltimore Ravens,away,24,19,TE,0,0.0,0,0,0,0,0,0,0,0,0,8,5,38,1,0
2024,13,"41 degrees, relative humidity 41%, wind 7 mph",Baltimore Ravens,Philadelphia Eagles,Justice Hill,BAL,Baltimore Ravens,away,24,19,RB,3,4.411764705882353,0,0,0,0,0,0,3,6,0,6,4,15,0,0
2024,13,"41 degrees, relative humidity 41%, wind 7 mph",Baltimore Ravens,Philadelphia Eagles,Lamar Jackson,BAL,Baltimore Ravens,away,24,19,QB,44,64.70588235294117,23,36,237,2,0,3,8,79,0,0,0,0,0,2
2024,13,"41 degrees, relative humidity 41%, wind 7 mph",Baltimore Ravens,Philadelphia Eagles,Mark Andrews,BAL,Baltimore Ravens,away,24,19,TE,1,1.4705882352941175,0,0,0,0,0,0,1,2,0,7,6,67,1,0
2024,13,"41 degrees, relative humidity 41%, wind 7 mph",Baltimore Ravens,Philadelphia Eagles,Nelson Agholor,BAL,Baltimore Ravens,away,24,19,WR,0,0.0,0,0,0,0,0,0,0,0,0,2,0,0,0,0
2024,13,"41 degrees, relative humidity 41%, wind 7 mph",Baltimore Ravens,Philadelphia Eagles,Tylan Wallace,BAL,Baltimore Ravens,away,24,19,WR,0,0.0,0,0,0,0,0,0,0,0,0,2,2,14,0,1
2024,13,"41 degrees, relative humidity 41%, wind 7 mph",Baltimore Ravens,Philadelphia Eagles,Zay Flowers,BAL,Baltimore Ravens,away,24,19,WR,1,1.4705882352941175,0,0,0,0,0,0,1,-3,0,7,3,74,0,0
2024,13,"28 degrees, relative humidity 79%, wind 11 mph",San Francisco 49ers,Buffalo Bills,Amari Cooper,BUF,San Francisco 49ers,away,35,10,WR,0,0.0,0,0,0,0,0,0,0,0,0,3,3,12,0,0
2024,13,"28 degrees, relative humidity 79%, wind 11 mph",San Francisco 49ers,Buffalo Bills,Curtis Samuel,BUF,San Francisco 49ers,away,35,10,WR,1,1.7857142857142856,0,0,0,0,0,0,1,7,0,0,0,0,0,0
2024,13,"28 degrees, relative humidity 79%, wind 11 mph",San Francisco 49ers,Buffalo Bills,Dawson Knox,BUF,San Francisco 49ers,away,35,10,TE,0,0.0,0,0,0,0,0,0,0,0,0,2,2,56,0,0
2024,13,"28 degrees, relative humidity 79%, wind 11 mph",San Francisco 49ers,Buffalo Bills,James Cook,BUF,San Francisco 49ers,away,35,10,RB,14,25.0,0,0,0,0,0,0,14,107,1,1,1,13,0,0
2024,13,"28 degrees, relative humidity 79%, wind 11 mph",San Francisco 49ers,Buffalo Bills,Josh Allen,BUF,San Francisco 49ers,away,35,10,QB,20,35.714285714285715,13,17,148,2,0,0,3,18,1,0,0,7,1,0
2024,13,"28 degrees, relative humidity 79%, wind 11 mph",San Francisco 49ers,Buffalo Bills,Khalil Shakir,BUF,San Francisco 49ers,away,35,10,WR,0,0.0,0,0,0,0,0,0,0,0,0,7,4,30,0,0
2024,13,"28 degrees, relative humidity 79%, wind 11 mph",San Francisco 49ers,Buffalo Bills,Mack Hollins,BUF,San Francisco 49ers,away,35,10,WR,0,0.0,0,0,0,0,0,0,0,0,0,1,1,7,1,0
2024,13,"28 degrees, relative humidity 79%, wind 11 mph",San Francisco 49ers,Buffalo Bills,Mitchell Trubisky,BUF,San Francisco 49ers,away,35,10,QB,5,8.928571428571429,1,1,4,0,0,0,4,-3,0,0,0,0,0,0
2024,13,"28 degrees, relative humidity 79%, wind 11 mph",San Francisco 49ers,Buffalo Bills,Quintin Morris,BUF,San Francisco 49ers,away,35,10,TE,0,0.0,0,0,0,0,0,0,0,0,0,1,1,14,0,0
2024,13,"28 degrees, relative humidity 79%, wind 11 mph",San Francisco 49ers,Buffalo Bills,Ray Davis,BUF,San Francisco 49ers,away,35,10,RB,11,19.642857142857142,0,0,0,0,0,0,11,63,1,1,1,4,0,0
2024,13,"28 degrees, relative humidity 79%, wind 11 mph",San Francisco 49ers,Buffalo Bills,Ty Johnson,BUF,San Francisco 49ers,away,35,10,RB,5,8.928571428571429,0,0,0,0,0,0,5,28,0,1,1,9,0,0
2024,13,"51 degrees, relative humidity 41%, wind 7 mph",Carolina Panthers,Tampa Bay Buccaneers,Adam Thielen,CAR,Carolina Panthers,away,26,23,WR,0,0.0,0,0,0,0,0,0,0,0,0,10,8,99,1,0
2024,13,"51 degrees, relative humidity 41%, wind 7 mph",Carolina Panthers,Tampa Bay Buccaneers,Bryce Young,CAR,Carolina Panthers,away,26,23,QB,49,73.13432835820896,26,46,298,1,0,1,3,17,1,0,0,0,0,0
2024,13,"51 degrees, relative humidity 41%, wind 7 mph",Carolina Panthers,Tampa Bay Buccaneers,Chuba Hubbard,CAR,Carolina Panthers,away,26,23,RB,12,17.91044776119403,0,0,0,0,0,0,12,43,0,0,0,0,0,1
2024,13,"51 degrees, relative humidity 41%, wind 7 mph",Carolina Panthers,Tampa Bay Buccaneers,Dan Chisena,CAR,Carolina Panthers,away,26,23,WR,0,0.0,0,0,0,0,0,0,0,0,0,1,1,6,0,0
2024,13,"51 degrees, relative humidity 41%, wind 7 mph",Carolina Panthers,Tampa Bay Buccaneers,David Moore,CAR,Carolina Panthers,away,26,23,WR,0,0.0,0,0,0,0,0,0,0,0,0,9,5,40,0,0
2024,13,"51 degrees, relative humidity 41%, wind 7 mph",Carolina Panthers,Tampa Bay Buccaneers,Feleipe Franks,CAR,Carolina Panthers,away,26,23,TE,0,0.0,0,0,0,0,0,0,0,0,0,1,0,0,0,0
2024,13,"51 degrees, relative humidity 41%, wind 7 mph",Carolina Panthers,Tampa Bay Buccaneers,Jonathon Brooks,CAR,Carolina Panthers,away,26,23,RB,6,8.955223880597014,0,0,0,0,0,0,6,18,0,3,3,23,0,0
2024,13,"51 degrees, relative humidity 41%, wind 7 mph",Carolina Panthers,Tampa Bay Buccaneers,Stephen Sullivan,CAR,Carolina Panthers,away,26,23,TE,0,0.0,0,0,0,0,0,0,0,0,0,1,0,0,0,0
2024,13,"51 degrees, relative humidity 41%, wind 7 mph",Carolina Panthers,Tampa Bay Buccaneers,Tommy Tremble,CAR,Carolina Panthers,away,26,23,TE,0,0.0,0,0,0,0,0,0,0,0,0,8,5,77,0,0
2024,13,"51 degrees, relative humidity 41%, wind 7 mph",Carolina Panthers,Tampa Bay Buccaneers,Xavier Legette,CAR,Carolina Panthers,away,26,23,WR,0,0.0,0,0,0,0,0,0,0,0,0,8,4,53,0,0
2024,13,,Chicago Bears,Detroit Lions,Caleb Williams,CHI,Chicago Bears,away,23,20,QB,43,79.62962962962963,20,39,256,3,0,5,4,39,0,0,0,0,0,0
2024,13,,Chicago Bears,Detroit Lions,Cole Kmet,CHI,Chicago Bears,away,23,20,TE,0,0.0,0,0,0,0,0,0,0,0,0,3,3,26,0,0
2024,13,,Chicago Bears,Detroit Lions,D'Andre Swift,CHI,Chicago Bears,away,23,20,RB,11,20.37037037037037,0,0,0,0,0,0,11,39,0,3,2,35,0,0
2024,13,,Chicago Bears,Detroit Lions,D.J. Moore,CHI,Chicago Bears,away,23,20,WR,0,0.0,0,0,0,0,0,0,0,0,0,16,8,97,1,0
2024,13,,Chicago Bears,Detroit Lions,Keenan Allen,CHI,Chicago Bears,away,23,20,WR,0,0.0,0,0,0,0,0,0,0,0,0,8,5,73,2,0
2024,13,,Chicago Bears,Detroit Lions,Rome Odunze,CHI,Chicago Bears,away,23,20,WR,0,0.0,0,0,0,0,0,0,0,0,0,6,2,25,0,0
2024,13,"32 degrees, relative humidity 43%, wind 9 mph",Cincinnati Bengals,Pittsburgh Steelers,Andrei Iosivas,CIN,Cincinnati Bengals,away,44,38,WR,0,0.0,0,0,0,0,0,0,0,0,0,4,3,35,1,0
2024,13,"32 degrees, relative humidity 43%, wind 9 mph",Cincinnati Bengals,Pittsburgh Steelers,Chase Brown,CIN,Cincinnati Bengals,away,44,38,RB,12,22.641509433962266,0,0,0,0,0,0,12,70,1,3,3,30,0,0
2024,13,"32 degrees, relative humidity 43%, wind 9 mph",Cincinnati Bengals,Pittsburgh Steelers,Drew Sample,CIN,Cincinnati Bengals,away,44,38,TE,0,0.0,0,0,0,0,0,0,0,0,0,2,2,8,0,0
2024,13,"32 degrees, relative humidity 43%, wind 9 mph",Cincinnati Bengals,Pittsburgh Steelers,Ja'Marr Chase,CIN,Cincinnati Bengals,away,44,38,WR,0,0.0,0,0,0,0,0,0,0,0,0,9,6,86,1,0
2024,13,"32 degrees, relative humidity 43%, wind 9 mph",Cincinnati Bengals,Pittsburgh Steelers,Joe Burrow,CIN,Cincinnati Bengals,away,44,38,QB,40,75.47169811320755,28,38,309,3,1,4,2,9,0,0,0,0,0,2
2024,13,"32 degrees, relative humidity 43%, wind 9 mph",Cincinnati Bengals,Pittsburgh Steelers,Khalil Herbert,CIN,Cincinnati Bengals,away,44,38,RB,1,1.8867924528301887,0,0,0,0,0,0,1,14,0,0,0,0,0,0
2024,13,"32 degrees, relative humidity 43%, wind 9 mph",Cincinnati Bengals,Pittsburgh Steelers,Mike Gesicki,CIN,Cincinnati Bengals,away,44,38,TE,0,0.0,0,0,0,0,0,0,0,0,0,5,5,53,0,0
2024,13,"32 degrees, relative humidity 43%, wind 9 mph",Cincinnati Bengals,Pittsburgh Steelers,Tanner Hudson,CIN,Cincinnati Bengals,away,44,38,TE,0,0.0,0,0,0,0,0,0,0,0,0,4,4,28,0,0
2024,13,"32 degrees, relative humidity 43%, wind 9 mph",Cincinnati Bengals,Pittsburgh Steelers,Tee Higgins,CIN,Cincinnati Bengals,away,44,38,WR,0,0.0,0,0,0,0,0,0,0,0,0,10,5,69,1,0
2024,13,"48 degrees, relative humidity 39%, wind 4 mph",Cleveland Browns,Denver Broncos,Blake Whiteheart,CLE,Cleveland Browns,away,41,32,TE,0,0.0,0,0,0,0,0,0,0,0,0,1,0,0,0,0
2024,13,"48 degrees, relative humidity 39%, wind 4 mph",Cleveland Browns,Denver Broncos,David Njoku,CLE,Cleveland Browns,away,41,32,TE,0,0.0,0,0,0,0,0,0,0,0,0,17,9,52,2,0
2024,13,"48 degrees, relative humidity 39%, wind 4 mph",Cleveland Browns,Denver Broncos,Elijah Moore,CLE,Cleveland Browns,away,41,32,WR,1,1.2345679012345678,0,0,0,0,0,0,1,1,0,14,8,111,0,0
2024,13,"48 degrees, relative humidity 39%, wind 4 mph",Cleveland Browns,Denver Broncos,Jamari Thrash,CLE,Cleveland Browns,away,41,32,WR,0,0.0,0,0,0,0,0,0,0,0,0,2,2,11,0,0
2024,13,"48 degrees, relative humidity 39%, wind 4 mph",Cleveland Browns,Denver Broncos,Jameis Winston,CLE,Cleveland Browns,away,41,32,QB,61,75.30864197530865,34,58,497,4,3,3,3,11,0,0,0,0,0,0
2024,13,"48 degrees, relative humidity 39%, wind 4 mph",Cleveland Browns,Denver Broncos,Jerome Ford,CLE,Cleveland Browns,away,41,32,RB,9,11.11111111111111,0,0,0,0,0,0,9,41,0,1,1,21,0,0
2024,13,"48 degrees, relative humidity 39%, wind 4 mph",Cleveland Browns,Denver Broncos,Jerry Jeudy,CLE,Cleveland Browns,away,41,32,WR,0,0.0,0,0,0,0,0,0,0,0,0,13,9,235,1,0
2024,13,"48 degrees, relative humidity 39%, wind 4 mph",Cleveland Browns,Denver Broncos,Jordan Akins,CLE,Cleveland Browns,away,41,32,TE,0,0.0,0,0,0,0,0,0,0,0,0,1,0,0,0,0
2024,13,"48 degrees, relative humidity 39%, wind 4 mph",Cleveland Browns,Denver Broncos,Kadarius Toney,CLE,Cleveland Browns,away,41,32,WR,1,1.2345679012345678,0,0,0,0,0,0,1,3,0,1,0,0,0,0
2024,13,"48 degrees, relative humidity 39%, wind 4 mph",Cleveland Browns,Denver Broncos,Michael Woods,CLE,Cleveland Browns,away,41,32,UNK,0,0.0,0,0,0,0,0,0,0,0,0,5,3,43,0,0
2024,13,"48 degrees, relative humidity 39%, wind 4 mph",Cleveland Browns,Denver Broncos,Nick Chubb,CLE,Cleveland Browns,away,41,32,RB,9,11.11111111111111,0,0,0,0,0,0,9,21,0,2,2,24,1,0
2024,13,,New York Giants,Dallas Cowboys,Brandin Cooks,DAL,New York Giants,away,27,20,WR,0,0.0,0,0,0,0,0,0,0,0,0,7,3,16,1,0
2024,13,,New York Giants,Dallas Cowboys,CeeDee Lamb,DAL,New York Giants,away,27,20,WR,0,0.0,0,0,0,0,0,0,0,0,0,6,2,39,0,0
2024,13,,New York Giants,Dallas Cowboys,Cooper Rush,DAL,New York Giants,away,27,20,QB,41,60.29411764705882,21,36,195,1,0,0,5,0,0,0,0,0,0,1
2024,13,,New York Giants,Dallas Cowboys,Ezekiel Elliott,DAL,New York Giants,away,27,20,RB,1,1.4705882352941175,0,0,0,0,0,0,1,4,0,0,0,0,0,0
2024,13,,New York Giants,Dallas Cowboys,Hunter Luepke,DAL,New York Giants,away,27,20,FB,3,4.411764705882353,0,0,0,0,0,0,3,4,0,0,0,0,0,0
2024,13,,New York Giants,Dallas Cowboys,Jalen Brooks,DAL,New York Giants,away,27,20,WR,0,0.0,0,0,0,0,0,0,0,0,0,1,1,0,0,0
2024,13,,New York Giants,Dallas Cowboys,Jalen Tolbert,DAL,New York Giants,away,27,20,WR,0,0.0,0,0,0,0,0,0,0,0,0,4,2,41,0,0
2024,13,,New York Giants,Dallas Cowboys,Jonathan Mingo,DAL,New York Giants,away,27,20,WR,0,0.0,0,0,0,0,0,0,0,0,0,4,1,2,0,0
2024,13,,New York Giants,Dallas Cowboys,KaVontae Turpin,DAL,New York Giants,away,27,20,WR,1,1.4705882352941175,0,0,0,0,0,0,1,2,0,5,4,53,0,1
2024,13,,New York Giants,Dallas Cowboys,Luke Schoonmaker,DAL,New York Giants,away,27,20,TE,0,0.0,0,0,0,0,0,0,0,0,0,6,5,33,0,0
2024,13,,New York Giants,Dallas Cowboys,Rico Dowdle,DAL,New York Giants,away,27,20,RB,22,32.35294117647059,0,0,0,0,0,0,22,112,1,3,3,11,0,0
2024,13,"48 degrees, relative humidity 39%, wind 4 mph",Cleveland Browns,Denver Broncos,Adam Trautman,DEN,Cleveland Browns,away,41,32,TE,0,0.0,0,0,0,0,0,0,0,0,0,1,0,0,0,0
2024,13,"48 degrees, relative humidity 39%, wind 4 mph",Cleveland Browns,Denver Broncos,Audric Estime,DEN,Cleveland Browns,away,41,32,RB,3,4.918032786885246,0,0,0,0,0,0,3,12,0,0,0,0,0,0
2024,13,"48 degrees, relative humidity 39%, wind 4 mph",Cleveland Browns,Denver Broncos,Bo Nix,DEN,Cleveland Browns,away,41,32,QB,38,62.295081967213115,18,35,294,1,2,0,3,4,0,0,0,0,0,0
2024,13,"48 degrees, relative humidity 39%, wind 4 mph",Cleveland Browns,Denver Broncos,Courtland Sutton,DEN,Cleveland Browns,away,41,32,WR,0,0.0,0,0,0,0,0,0,0,0,0,9,6,102,0,0
2024,13,"48 degrees, relative humidity 39%, wind 4 mph",Cleveland Browns,Denver Broncos,Devaughn Vele,DEN,Cleveland Browns,away,41,32,WR,0,0.0,0,0,0,0,0,0,0,0,0,4,1,16,0,0
2024,13,"48 degrees, relative humidity 39%, wind 4 mph",Cleveland Browns,Denver Broncos,Jaleel McLaughlin,DEN,Cleveland Browns,away,41,32,RB,14,22.950819672131146,0,0,0,0,0,0,14,84,0,2,1,0,0,0
2024,13,"48 degrees, relative humidity 39%, wind 4 mph",Cleveland Browns,Denver Broncos,Javonte Williams,DEN,Cleveland Browns,away,41,32,RB,4,6.557377049180328,0,0,0,0,0,0,4,1,1,2,1,3,0,0
2024,13,"48 degrees, relative humidity 39%, wind 4 mph",Cleveland Browns,Denver Broncos,Lucas Krull,DEN,Cleveland Browns,away,41,32,TE,0,0.0,0,0,0,0,0,0,0,0,0,3,3,24,0,0
2024,13,"48 degrees, relative humidity 39%, wind 4 mph",Cleveland Browns,Denver Broncos,Marvin Mims,DEN,Cleveland Browns,away,41,32,WR,1,1.639344262295082,0,0,0,0,0,0,1,4,0,4,3,105,1,0
2024,13,"48 degrees, relative humidity 39%, wind 4 mph",Cleveland Browns,Denver Broncos,Michael Burton,DEN,Cleveland Browns,away,41,32,FB,1,1.639344262295082,0,0,0,0,0,0,1,1,1,0,0,0,0,0
2024,13,"48 degrees, relative humidity 39%, wind 4 mph",Cleveland Browns,Denver Broncos,Nate Adkins,DEN,Cleveland Browns,away,41,32,TE,0,0.0,0,0,0,0,0,0,0,0,0,1,1,16,0,0
2024,13,"48 degrees, relative humidity 39%, wind 4 mph",Cleveland Browns,Denver Broncos,Troy Franklin,DEN,Cleveland Browns,away,41,32,WR,0,0.0,0,0,0,0,0,0,0,0,0,5,2,28,0,0
2024,13,,Chicago Bears,Detroit Lions,Amon-Ra St. Brown,DET,Chicago Bears,away,23,20,WR,0,0.0,0,0,0,0,0,0,0,0,0,7,5,73,0,0
2024,13,,Chicago Bears,Detroit Lions,Brock Wright,DET,Chicago Bears,away,23,20,TE,0,0.0,0,0,0,0,0,0,0,0,0,1,1,13,0,0
2024,13,,Chicago Bears,Detroit Lions,David Montgomery,DET,Chicago Bears,away,23,20,RB,21,31.343283582089555,0,0,0,0,0,0,21,88,0,3,3,36,0,0
2024,13,,Chicago Bears,Detroit Lions,Jahmyr Gibbs,DET,Chicago Bears,away,23,20,RB,9,13.432835820895523,0,0,0,0,0,0,9,87,0,4,2,17,0,1
2024,13,,Chicago Bears,Detroit Lions,Jameson Williams,DET,Chicago Bears,away,23,20,WR,2,2.9850746268656714,0,0,0,0,0,0,2,18,0,7,5,28,0,0
2024,13,,Chicago Bears,Detroit Lions,Jared Goff,DET,Chicago Bears,away,23,20,QB,35,52.23880597014925,21,34,221,2,0,1,1,1,0,0,0,0,0,0
2024,13,,Chicago Bears,Detroit Lions,Penei Sewell,DET,Chicago Bears,away,23,20,T,0,0.0,0,0,0,0,0,1,0,0,0,0,0,0,0,0
2024,13,,Chicago Bears,Detroit Lions,Sam LaPorta,DET,Chicago Bears,away,23,20,TE,0,0.0,0,0,0,0,0,0,0,0,0,6,3,6,2,0
2024,13,,Chicago Bears,Detroit Lions,Tim Patrick,DET,Chicago Bears,away,23,20,WR,0,0.0,0,0,0,0,0,0,0,0,0,3,2,48,0,0
2024,13,"27 degrees, relative humidity 63%, wind 10 mph",Miami Dolphins,Green Bay Packers,Chris Brooks,GNB,Miami Dolphins,away,30,17,RB,3,5.660377358490567,0,0,0,0,0,0,3,28,0,2,2,1,0,0
2024,13,"27 degrees, relative humidity 63%, wind 10 mph",Miami Dolphins,Green Bay Packers,Christian Watson,GNB,Miami Dolphins,away,30,17,WR,0,0.0,0,0,0,0,0,0,0,0,0,4,2,67,0,0
2024,13,"27 degrees, relative humidity 63%, wind 10 mph",Miami Dolphins,Green Bay Packers,Dontayvion Wicks,GNB,Miami Dolphins,away,30,17,WR,0,0.0,0,0,0,0,0,0,0,0,0,5,4,30,0,0
2024,13,"27 degrees, relative humidity 63%, wind 10 mph",Miami Dolphins,Green Bay Packers,Emanuel Wilson,GNB,Miami Dolphins,away,30,17,RB,2,3.7735849056603774,0,0,0,0,0,0,2,20,0,0,0,0,0,0
2024,13,"27 degrees, relative humidity 63%, wind 10 mph",Miami Dolphins,Green Bay Packers,Jayden Reed,GNB,Miami Dolphins,away,30,17,WR,1,1.8867924528301887,0,0,0,0,0,0,1,23,0,6,3,24,2,0
2024,13,"27 degrees, relative humidity 63%, wind 10 mph",Miami Dolphins,Green Bay Packers,Jordan Love,GNB,Miami Dolphins,away,30,17,QB,28,52.83018867924528,21,28,274,2,0,0,0,0,0,0,0,0,0,0
2024,13,"27 degrees, relative humidity 63%, wind 10 mph",Miami Dolphins,Green Bay Packers,Josh Jacobs,GNB,Miami Dolphins,away,30,17,RB,19,35.84905660377358,0,0,0,0,0,0,19,43,1,4,4,74,0,0
2024,13,"27 degrees, relative humidity 63%, wind 10 mph",Miami Dolphins,Green Bay Packers,Tucker Kraft,GNB,Miami Dolphins,away,30,17,TE,0,0.0,0,0,0,0,0,0,0,0,0,7,6,78,0,0
2024,13,,Jacksonville Jaguars,Houston Texans,C.J. Stroud,HOU,Jacksonville Jaguars,away,23,20,QB,39,66.10169491525424,22,34,242,1,0,2,5,7,0,0,0,0,0,0
2024,13,,Jacksonville Jaguars,Houston Texans,Cade Stover,HOU,Jacksonville Jaguars,away,23,20,TE,0,0.0,0,0,0,0,0,0,0,0,0,1,1,4,0,0
2024,13,,Jacksonville Jaguars,Houston Texans,Dalton Schultz,HOU,Jacksonville Jaguars,away,23,20,TE,0,0.0,0,0,0,0,0,0,0,0,0,7,5,61,1,0
2024,13,,Jacksonville Jaguars,Houston Texans,Dameon Pierce,HOU,Jacksonville Jaguars,away,23,20,RB,0,0.0,0,0,0,0,0,0,0,0,0,1,1,1,0,0
2024,13,,Jacksonville Jaguars,Houston Texans,Joe Mixon,HOU,Jacksonville Jaguars,away,23,20,RB,20,33.89830508474576,0,0,0,0,0,0,20,101,1,6,4,18,0,0
2024,13,,Jacksonville Jaguars,Houston Texans,John Metchie,HOU,Jacksonville Jaguars,away,23,20,WR,0,0.0,0,0,0,0,0,0,0,0,0,2,2,16,0,0
2024,13,,Jacksonville Jaguars,Houston Texans,Nico Collins,HOU,Jacksonville Jaguars,away,23,20,WR,0,0.0,0,0,0,0,0,0,0,0,0,11,8,119,0,0
2024,13,,Jacksonville Jaguars,Houston Texans,Robert Woods,HOU,Jacksonville Jaguars,away,23,20,WR,0,0.0,0,0,0,0,0,0,0,0,0,1,0,0,0,0
2024,13,,Jacksonville Jaguars,Houston Texans,Tank Dell,HOU,Jacksonville Jaguars,away,23,20,WR,0,0.0,0,0,0,0,0,0,0,0,0,4,1,23,0,0
2024,13,"36 degrees, relative humidity 49%, wind 9 mph",New England Patriots,Indianapolis Colts,Adonai Mitchell,IND,New England Patriots,away,25,24,WR,0,0.0,0,0,0,0,0,0,0,0,0,2,0,0,0,0
2024,13,"36 degrees, relative humidity 49%, wind 9 mph",New England Patriots,Indianapolis Colts,Alec Pierce,IND,New England Patriots,away,25,24,WR,0,0.0,0,0,0,0,0,0,0,0,0,6,2,16,1,0
2024,13,"36 degrees, relative humidity 49%, wind 9 mph",New England Patriots,Indianapolis Colts,Andrew Ogletree,IND,New England Patriots,away,25,24,TE,0,0.0,0,0,0,0,0,0,0,0,0,2,1,22,0,0
2024,13,"36 degrees, relative humidity 49%, wind 9 mph",New England Patriots,Indianapolis Colts,Anthony Richardson,IND,New England Patriots,away,25,24,QB,33,56.896551724137936,12,24,109,2,2,0,9,48,1,0,0,0,0,0
2024,13,"36 degrees, relative humidity 49%, wind 9 mph",New England Patriots,Indianapolis Colts,Jonathan Taylor,IND,New England Patriots,away,25,24,RB,25,43.103448275862064,0,0,0,0,0,0,25,96,0,1,1,7,1,1
2024,13,"36 degrees, relative humidity 49%, wind 9 mph",New England Patriots,Indianapolis Colts,Kylen Granson,IND,New England Patriots,away,25,24,TE,0,0.0,0,0,0,0,0,0,0,0,0,3,0,0,0,0
2024,13,"36 degrees, relative humidity 49%, wind 9 mph",New England Patriots,Indianapolis Colts,Michael Pittman Jr.,IND,New England Patriots,away,25,24,WR,0,0.0,0,0,0,0,0,0,0,0,0,7,5,42,0,0
2024,13,"36 degrees, relative humidity 49%, wind 9 mph",New England Patriots,Indianapolis Colts,Mo Alie-Cox,IND,New England Patriots,away,25,24,TE,0,0.0,0,0,0,0,0,0,0,0,0,2,2,15,0,0
2024,13,"36 degrees, relative humidity 49%, wind 9 mph",New England Patriots,Indianapolis Colts,Will Mallory,IND,New England Patriots,away,25,24,TE,0,0.0,0,0,0,0,0,0,0,0,0,1,1,7,0,0
2024,13,,Jacksonville Jaguars,Houston Texans,Brenton Strange,JAX,Jacksonville Jaguars,away,23,20,TE,0,0.0,0,0,0,0,0,0,0,0,0,2,1,14,0,0
2024,13,,Jacksonville Jaguars,Houston Texans,Brian Thomas,JAX,Jacksonville Jaguars,away,23,20,WR,1,1.4925373134328357,0,0,0,0,0,0,1,11,0,10,4,76,1,0
2024,13,,Jacksonville Jaguars,Houston Texans,Devin Duvernay,JAX,Jacksonville Jaguars,away,23,20,WR,0,0.0,0,0,0,0,0,0,0,0,0,4,2,23,0,0
2024,13,,Jacksonville Jaguars,Houston Texans,Evan Engram,JAX,Jacksonville Jaguars,away,23,20,TE,0,0.0,0,0,0,0,0,0,0,0,0,9,7,41,0,0
2024,13,,Jacksonville Jaguars,Houston Texans,Luke Farrell,JAX,Jacksonville Jaguars,away,23,20,TE,0,0.0,0,0,0,0,0,0,0,0,0,1,0,0,0,0
2024,13,,Jacksonville Jaguars,Houston Texans,Mac Jones,JAX,Jacksonville Jaguars,away,23,20,QB,35,52.23880597014925,20,32,235,2,0,0,3,6,0,0,0,0,0,0
2024,13,,Jacksonville Jaguars,Houston Texans,Parker Washington,JAX,Jacksonville Jaguars,away,23,20,WR,0,0.0,0,0,0,0,0,0,0,0,0,12,6,103,1,0
2024,13,,Jacksonville Jaguars,Houston Texans,Tank Bigsby,JAX,Jacksonville Jaguars,away,23,20,RB,7,10.44776119402985,0,0,0,0,0,0,7,28,0,1,1,7,0,0
2024,13,,Jacksonville Jaguars,Houston Texans,Travis Etienne,JAX,Jacksonville Jaguars,away,23,20,RB,13,19.402985074626866,0,0,0,0,0,0,13,46,0,3,3,12,0,0
2024,13,,Jacksonville Jaguars,Houston Texans,Trevor Lawrence,JAX,Jacksonville Jaguars,away,23,20,QB,11,16.417910447761194,4,10,41,0,1,0,1,6,0,0,0,0,0,0
2024,13,"37 degrees, relative humidity 40%, wind 5 mph",Las Vegas Raiders,Kansas City Chiefs,DeAndre Hopkins,KAN,Las Vegas Raiders,away,19,17,WR,0,0.0,0,0,0,0,0,0,0,0,0,9,4,90,0,0
2024,13,"37 degrees, relative humidity 40%, wind 5 mph",Las Vegas Raiders,Kansas City Chiefs,Isiah Pacheco,KAN,Las Vegas Raiders,away,19,17,RB,7,11.29032258064516,0,0,0,0,0,0,7,44,0,1,1,5,0,0
2024,13,"37 degrees, relative humidity 40%, wind 5 mph",Las Vegas Raiders,Kansas City Chiefs,JuJu Smith-Schuster,KAN,Las Vegas Raiders,away,19,17,WR,0,0.0,0,0,0,0,0,0,0,0,0,1,1,10,0,0
2024,13,"37 degrees, relative humidity 40%, wind 5 mph",Las Vegas Raiders,Kansas City Chiefs,Justin Watson,KAN,Las Vegas Raiders,away,19,17,WR,0,0.0,0,0,0,0,0,0,0,0,0,3,1,6,1,0
2024,13,"37 degrees, relative humidity 40%, wind 5 mph",Las Vegas Raiders,Kansas City Chiefs,Kareem Hunt,KAN,Las Vegas Raiders,away,19,17,RB,7,11.29032258064516,0,0,0,0,0,0,7,15,0,4,2,0,0,0
2024,13,"37 degrees, relative humidity 40%, wind 5 mph",Las Vegas Raiders,Kansas City Chiefs,Noah Gray,KAN,Las Vegas Raiders,away,19,17,TE,0,0.0,0,0,0,0,0,0,0,0,0,6,4,58,0,0
2024,13,"37 degrees, relative humidity 40%, wind 5 mph",Las Vegas Raiders,Kansas City Chiefs,Patrick Mahomes,KAN,Las Vegas Raiders,away,19,17,QB,48,77.41935483870968,26,46,306,1,0,5,2,4,0,0,0,0,0,1
2024,13,"37 degrees, relative humidity 40%, wind 5 mph",Las Vegas Raiders,Kansas City Chiefs,Samaje Perine,KAN,Las Vegas Raiders,away,19,17,RB,0,0.0,0,0,0,0,0,0,0,0,0,1,1,15,0,0
2024,13,"37 degrees, relative humidity 40%, wind 5 mph",Las Vegas Raiders,Kansas City Chiefs,Travis Kelce,KAN,Las Vegas Raiders,away,19,17,TE,0,0.0,0,0,0,0,0,0,0,0,0,13,7,68,0,0
2024,13,"37 degrees, relative humidity 40%, wind 5 mph",Las Vegas Raiders,Kansas City Chiefs,Xavier Worthy,KAN,Las Vegas Raiders,away,19,17,WR,0,0.0,0,0,0,0,0,0,0,0,0,7,5,54,0,0
2024,13,,Atlanta Falcons,Los Angeles Chargers,Derius Davis,LAC,Atlanta Falcons,away,17,13,WR,1,2.4390243902439024,0,0,0,0,0,0,1,3,0,1,1,3,0,0
2024,13,,Atlanta Falcons,Los Angeles Chargers,Gus Edwards,LAC,Atlanta Falcons,away,17,13,RB,6,14.634146341463413,0,0,0,0,0,0,6,32,0,1,1,1,0,0
2024,13,,Atlanta Falcons,Los Angeles Chargers,Hassan Haskins,LAC,Atlanta Falcons,away,17,13,RB,1,2.4390243902439024,0,0,0,0,0,0,1,0,0,0,0,0,0,1
2024,13,,Atlanta Falcons,Los Angeles Chargers,JK Scott,LAC,Atlanta Falcons,away,17,13,P,1,2.4390243902439024,1,1,3,0,0,0,0,0,0,0,0,0,0,0
2024,13,,Atlanta Falcons,Los Angeles Chargers,Josh Palmer,LAC,Atlanta Falcons,away,17,13,WR,0,0.0,0,0,0,0,0,0,0,0,0,1,1,11,0,0
2024,13,,Atlanta Falcons,Los Angeles Chargers,Justin Herbert,LAC,Atlanta Falcons,away,17,13,QB,28,68.29268292682927,16,23,147,0,0,5,5,1,0,0,0,0,0,0
2024,13,,Atlanta Falcons,Los Angeles Chargers,Kimani Vidal,LAC,Atlanta Falcons,away,17,13,RB,4,9.75609756097561,0,0,0,0,0,0,4,20,0,0,0,0,0,0
2024,13,,Atlanta Falcons,Los Angeles Chargers,Ladd McConkey,LAC,Atlanta Falcons,away,17,13,WR,0,0.0,0,0,0,0,0,0,0,0,0,12,9,117,0,1
2024,13,,Atlanta Falcons,Los Angeles Chargers,Quentin Johnston,LAC,Atlanta Falcons,away,17,13,WR,0,0.0,0,0,0,0,0,0,0,0,0,4,2,12,0,0
2024,13,,Atlanta Falcons,Los Angeles Chargers,Scott Matlock,LAC,Atlanta Falcons,away,17,13,FB,0,0.0,0,0,0,0,0,0,0,0,0,1,1,2,0,0
2024,13,,Atlanta Falcons,Los Angeles Chargers,Stone Smartt,LAC,Atlanta Falcons,away,17,13,TE,0,0.0,0,0,0,0,0,0,0,0,0,2,1,3,0,0
2024,13,,Atlanta Falcons,Los Angeles Chargers,Tucker Fisk,LAC,Atlanta Falcons,away,17,13,TE,0,0.0,0,0,0,0,0,0,0,0,0,1,1,1,0,0
2024,13,,Atlanta Falcons,Los Angeles Chargers,Will Dissly,LAC,Atlanta Falcons,away,17,13,TE,0,0.0,0,0,0,0,0,0,0,0,0,1,0,0,0,0
2024,13,,New Orleans Saints,Los Angeles Rams,Blake Corum,LAR,New Orleans Saints,away,21,14,RB,8,15.09433962264151,0,0,0,0,0,0,8,42,0,0,0,0,0,0
2024,13,,New Orleans Saints,Los Angeles Rams,Colby Parkinson,LAR,New Orleans Saints,away,21,14,TE,0,0.0,0,0,0,0,0,0,0,0,0,1,1,13,0,0
2024,13,,New Orleans Saints,Los Angeles Rams,Cooper Kupp,LAR,New Orleans Saints,away,21,14,WR,0,0.0,0,0,0,0,0,0,0,0,0,6,3,17,0,0
2024,13,,New Orleans Saints,Los Angeles Rams,Demarcus Robinson,LAR,New Orleans Saints,away,21,14,WR,0,0.0,0,0,0,0,0,0,0,0,0,3,2,49,1,0
2024,13,,New Orleans Saints,Los Angeles Rams,Hunter Long,LAR,New Orleans Saints,away,21,14,TE,0,0.0,0,0,0,0,0,0,0,0,0,1,0,0,0,0
2024,13,,New Orleans Saints,Los Angeles Rams,Kyren Williams,LAR,New Orleans Saints,away,21,14,RB,15,28.30188679245283,0,0,0,0,0,0,15,104,1,1,1,9,0,0
2024,13,,New Orleans Saints,Los Angeles Rams,Matthew Stafford,LAR,New Orleans Saints,away,21,14,QB,28,52.83018867924528,14,24,183,2,0,2,4,3,0,0,0,0,0,0
2024,13,,New Orleans Saints,Los Angeles Rams,Puka Nacua,LAR,New Orleans Saints,away,21,14,WR,1,1.8867924528301887,0,0,0,0,0,0,1,7,0,8,5,56,1,0
2024,13,,New Orleans Saints,Los Angeles Rams,Tutu Atwell,LAR,New Orleans Saints,away,21,14,WR,1,1.8867924528301887,0,0,0,0,0,0,1,0,0,2,2,39,0,0
2024,13,,New Orleans Saints,Los Angeles Rams,Tyler Johnson,LAR,New Orleans Saints,away,21,14,WR,0,0.0,0,0,0,0,0,0,0,0,0,1,0,0,0,0
2024,13,"37 degrees, relative humidity 40%, wind 5 mph",Las Vegas Raiders,Kansas City Chiefs,Aidan O'Connell,LVR,Las Vegas Raiders,away,19,17,QB,36,60.0,23,35,340,2,0,3,1,0,0,0,0,0,0,1
2024,13,"37 degrees, relative humidity 40%, wind 5 mph",Las Vegas Raiders,Kansas City Chiefs,Ameer Abdullah,LVR,Las Vegas Raiders,away,19,17,RB,10,16.666666666666664,0,0,0,0,0,0,10,39,0,2,2,14,0,0
2024,13,"37 degrees, relative humidity 40%, wind 5 mph",Las Vegas Raiders,Kansas City Chiefs,Brock Bowers,LVR,Las Vegas Raiders,away,19,17,TE,1,1.6666666666666667,0,0,0,0,0,0,1,2,0,14,10,140,1,0
2024,13,"37 degrees, relative humidity 40%, wind 5 mph",Las Vegas Raiders,Kansas City Chiefs,DJ Turner,LVR,Las Vegas Raiders,away,19,17,WR,0,0.0,0,0,0,0,0,0,0,0,0,1,1,25,0,1
2024,13,"37 degrees, relative humidity 40%, wind 5 mph",Las Vegas Raiders,Kansas City Chiefs,Jakobi Meyers,LVR,Las Vegas Raiders,away,19,17,WR,0,0.0,0,0,0,0,0,0,0,0,0,11,6,97,0,0
2024,13,"37 degrees, relative humidity 40%, wind 5 mph",Las Vegas Raiders,Kansas City Chiefs,Michael Mayer,LVR,Las Vegas Raiders,away,19,17,TE,0,0.0,0,0,0,0,0,0,0,0,0,2,1,5,0,0
2024,13,"37 degrees, relative humidity 40%, wind 5 mph",Las Vegas Raiders,Kansas City Chiefs,Sincere McCormick,LVR,Las Vegas Raiders,away,19,17,RB,12,20.0,0,0,0,0,0,0,12,64,0,2,2,1,0,0
2024,13,"37 degrees, relative humidity 40%, wind 5 mph",Las Vegas Raiders,Kansas City Chiefs,Terrace Marshall Jr.,LVR,Las Vegas Raiders,away,19,17,WR,0,0.0,0,0,0,0,0,0,0,0,0,1,0,0,0,0
2024,13,"37 degrees, relative humidity 40%, wind 5 mph",Las Vegas Raiders,Kansas City Chiefs,Tre Tucker,LVR,Las Vegas Raiders,away,19,17,WR,1,1.6666666666666667,0,0,0,0,0,0,1,11,0,1,1,58,1,0
2024,13,"27 degrees, relative humidity 63%, wind 10 mph",Miami Dolphins,Green Bay Packers,Alec Ingold,MIA,Miami Dolphins,away,30,17,FB,0,0.0,0,0,0,0,0,0,0,0,0,2,2,15,0,0
2024,13,"27 degrees, relative humidity 63%, wind 10 mph",Miami Dolphins,Green Bay Packers,De'Von Achane,MIA,Miami Dolphins,away,30,17,RB,7,11.666666666666666,0,0,0,0,0,0,7,14,0,9,8,56,1,0
2024,13,"27 degrees, relative humidity 63%, wind 10 mph",Miami Dolphins,Green Bay Packers,Durham Smythe,MIA,Miami Dolphins,away,30,17,TE,0,0.0,0,0,0,0,0,0,0,0,0,1,1,8,0,0
2024,13,"27 degrees, relative humidity 63%, wind 10 mph",Miami Dolphins,Green Bay Packers,Jaylen Waddle,MIA,Miami Dolphins,away,30,17,WR,0,0.0,0,0,0,0,0,0,0,0,0,4,4,53,0,0
2024,13,"27 degrees, relative humidity 63%, wind 10 mph",Miami Dolphins,Green Bay Packers,Jonnu Smith,MIA,Miami Dolphins,away,30,17,TE,0,0.0,0,0,0,0,0,0,0,0,0,11,10,113,0,1
2024,13,"27 degrees, relative humidity 63%, wind 10 mph",Miami Dolphins,Green Bay Packers,Julian Hill,MIA,Miami Dolphins,away,30,17,TE,0,0.0,0,0,0,0,0,0,0,0,0,1,1,5,0,0
2024,13,"27 degrees, relative humidity 63%, wind 10 mph",Miami Dolphins,Green Bay Packers,Malik Washington,MIA,Miami Dolphins,away,30,17,WR,0,0.0,0,0,0,0,0,0,0,0,0,4,2,8,0,1
2024,13,"27 degrees, relative humidity 63%, wind 10 mph",Miami Dolphins,Green Bay Packers,Odell Beckham Jr.,MIA,Miami Dolphins,away,30,17,WR,0,0.0,0,0,0,0,0,0,0,0,0,2,1,9,0,0
2024,13,"27 degrees, relative humidity 63%, wind 10 mph",Miami Dolphins,Green Bay Packers,Raheem Mostert,MIA,Miami Dolphins,away,30,17,RB,5,8.333333333333332,0,0,0,0,0,0,5,19,0,3,2,15,0,0
2024,13,"27 degrees, relative humidity 63%, wind 10 mph",Miami Dolphins,Green Bay Packers,Tua Tagovailoa,MIA,Miami Dolphins,away,30,17,QB,48,80.0,37,46,365,2,0,5,2,6,0,0,0,0,0,0
2024,13,"27 degrees, relative humidity 63%, wind 10 mph",Miami Dolphins,Green Bay Packers,Tyreek Hill,MIA,Miami Dolphins,away,30,17,WR,0,0.0,0,0,0,0,0,0,0,0,0,9,6,83,1,0
2024,13,,Arizona Cardinals,Minnesota Vikings,Aaron Jones,MIN,Arizona Cardinals,away,23,22,RB,5,10.869565217391305,0,0,0,0,0,0,5,22,0,4,3,6,1,2
2024,13,,Arizona Cardinals,Minnesota Vikings,Brandon Powell,MIN,Arizona Cardinals,away,23,22,WR,0,0.0,0,0,0,0,0,0,0,0,0,1,1,8,0,0
2024,13,,Arizona Cardinals,Minnesota Vikings,Cam Akers,MIN,Arizona Cardinals,away,23,22,RB,4,8.695652173913043,0,0,0,0,0,0,4,22,0,0,0,0,0,0
2024,13,,Arizona Cardinals,Minnesota Vikings,Jalen Nailor,MIN,Arizona Cardinals,away,23,22,WR,0,0.0,0,0,0,0,0,0,0,0,0,2,1,18,0,0
2024,13,,Arizona Cardinals,Minnesota Vikings,Johnny Mundt,MIN,Arizona Cardinals,away,23,22,TE,0,0.0,0,0,0,0,0,0,0,0,0,2,2,22,1,0
2024,13,,Arizona Cardinals,Minnesota Vikings,Jordan Addison,MIN,Arizona Cardinals,away,23,22,WR,0,0.0,0,0,0,0,0,0,0,0,0,6,4,54,0,0
2024,13,,Arizona Cardinals,Minnesota Vikings,Justin Jefferson,MIN,Arizona Cardinals,away,23,22,WR,0,0.0,0,0,0,0,0,0,0,0,0,9,7,99,0,0
2024,13,,Arizona Cardinals,Minnesota Vikings,Sam Darnold,MIN,Arizona Cardinals,away,23,22,QB,35,76.08695652173914,21,31,235,2,0,5,4,22,0,0,0,0,0,0
2024,13,,Arizona Cardinals,Minnesota Vikings,T.J. Hockenson,MIN,Arizona Cardinals,away,23,22,TE,0,0.0,0,0,0,0,0,0,0,0,0,6,3,28,0,0
2024,13,,Arizona Cardinals,Minnesota Vikings,Ty Chandler,MIN,Arizona Cardinals,away,23,22,RB,2,4.3478260869565215,0,0,0,0,0,0,2,2,0,0,0,0,0,0
2024,13,,New Orleans Saints,Los Angeles Rams,Alvin Kamara,NOR,New Orleans Saints,away,21,14,RB,23,33.82352941176471,0,0,0,0,0,0,23,112,0,6,4,7,0,0
2024,13,,New Orleans Saints,Los Angeles Rams,Cedrick Wilson Jr.,NOR,New Orleans Saints,away,21,14,WR,0,0.0,0,0,0,0,0,0,0,0,0,1,1,19,0,0
2024,13,,New Orleans Saints,Los Angeles Rams,Dante Pettis,NOR,New Orleans Saints,away,21,14,WR,0,0.0,0,0,0,0,0,0,0,0,0,2,1,5,0,0
2024,13,,New Orleans Saints,Los Angeles Rams,Derek Carr,NOR,New Orleans Saints,away,21,14,QB,39,57.35294117647059,24,37,184,1,0,0,2,12,0,0,0,0,0,0
2024,13,,New Orleans Saints,Los Angeles Rams,Foster Moreau,NOR,New Orleans Saints,away,21,14,TE,0,0.0,0,0,0,0,0,0,0,0,0,4,2,6,0,0
2024,13,,New Orleans Saints,Los Angeles Rams,Jamaal Williams,NOR,New Orleans Saints,away,21,14,RB,0,0.0,0,0,0,0,0,0,0,0,0,1,1,7,0,0
2024,13,,New Orleans Saints,Los Angeles Rams,Juwan Johnson,NOR,New Orleans Saints,away,21,14,TE,0,0.0,0,0,0,0,0,0,0,0,0,7,5,36,0,0
2024,13,,New Orleans Saints,Los Angeles Rams,Kevin Austin,NOR,New Orleans Saints,away,21,14,WR,1,1.4705882352941175,0,0,0,0,0,0,1,9,0,3,3,31,0,0
2024,13,,New Orleans Saints,Los Angeles Rams,Marquez Valdes-Scantling,NOR,New Orleans Saints,away,21,14,WR,0,0.0,0,0,0,0,0,0,0,0,0,3,2,36,1,0
2024,13,,New Orleans Saints,Los Angeles Rams,Taysom Hill,NOR,New Orleans Saints,away,21,14,TE,5,7.352941176470589,0,0,0,0,0,0,5,10,0,7,5,37,0,0
2024,13,"36 degrees, relative humidity 49%, wind 9 mph",New England Patriots,Indianapolis Colts,Antonio Gibson,NWE,New England Patriots,away,25,24,RB,7,11.475409836065573,0,0,0,0,0,0,7,62,1,0,0,0,0,0
2024,13,"36 degrees, relative humidity 49%, wind 9 mph",New England Patriots,Indianapolis Colts,Austin Hooper,NWE,New England Patriots,away,25,24,TE,0,0.0,0,0,0,0,0,0,0,0,0,4,4,42,1,1
2024,13,"36 degrees, relative humidity 49%, wind 9 mph",New England Patriots,Indianapolis Colts,Demario Douglas,NWE,New England Patriots,away,25,24,WR,0,0.0,0,0,0,0,0,0,0,0,0,4,4,20,0,0
2024,13,"36 degrees, relative humidity 49%, wind 9 mph",New England Patriots,Indianapolis Colts,Drake Maye,NWE,New England Patriots,away,25,24,QB,35,57.377049180327866,24,30,238,1,1,4,5,59,0,0,0,0,0,0
2024,13,"36 degrees, relative humidity 49%, wind 9 mph",New England Patriots,Indianapolis Colts,Hunter Henry,NWE,New England Patriots,away,25,24,TE,0,0.0,0,0,0,0,0,0,0,0,0,9,7,75,0,0
2024,13,"36 degrees, relative humidity 49%, wind 9 mph",New England Patriots,Indianapolis Colts,Ja'Lynn Polk,NWE,New England Patriots,away,25,24,WR,0,0.0,0,0,0,0,0,0,0,0,0,1,0,0,0,0
2024,13,"36 degrees, relative humidity 49%, wind 9 mph",New England Patriots,Indianapolis Colts,Kayshon Boutte,NWE,New England Patriots,away,25,24,WR,0,0.0,0,0,0,0,0,0,0,0,0,6,3,41,0,0
2024,13,"36 degrees, relative humidity 49%, wind 9 mph",New England Patriots,Indianapolis Colts,Kendrick Bourne,NWE,New England Patriots,away,25,24,WR,1,1.639344262295082,0,0,0,0,0,0,1,6,0,3,3,39,0,0
2024,13,"36 degrees, relative humidity 49%, wind 9 mph",New England Patriots,Indianapolis Colts,Rhamondre Stevenson,NWE,New England Patriots,away,25,24,RB,18,29.508196721311474,0,0,0,0,0,0,18,73,0,3,3,21,0,1
2024,13,,New York Giants,Dallas Cowboys,Darius Slayton,NYG,New York Giants,away,27,20,WR,0,0.0,0,0,0,0,0,0,0,0,0,6,2,8,0,0
2024,13,,New York Giants,Dallas Cowboys,Devin Singletary,NYG,New York Giants,away,27,20,RB,7,13.20754716981132,0,0,0,0,0,0,7,23,0,1,0,0,0,0
2024,13,,New York Giants,Dallas Cowboys,Drew Lock,NYG,New York Giants,away,27,20,QB,36,67.9245283018868,21,32,178,0,1,6,4,57,1,0,0,0,0,1
2024,13,,New York Giants,Dallas Cowboys,Jalin Hyatt,NYG,New York Giants,away,27,20,WR,0,0.0,0,0,0,0,0,0,0,0,0,2,2,8,0,0
2024,13,,New York Giants,Dallas Cowboys,Malik Nabers,NYG,New York Giants,away,27,20,WR,1,1.8867924528301887,0,0,0,0,0,0,1,4,0,13,8,69,0,0
2024,13,,New York Giants,Dallas Cowboys,Theo Johnson,NYG,New York Giants,away,27,20,TE,0,0.0,0,0,0,0,0,0,0,0,0,5,5,54,0,0
2024,13,,New York Giants,Dallas Cowboys,Tyrone Tracy Jr.,NYG,New York Giants,away,27,20,RB,9,16.9811320754717,0,0,0,0,0,0,9,32,1,3,2,33,0,0
2024,13,,New York Giants,Dallas Cowboys,Wan'Dale Robinson,NYG,New York Giants,away,27,20,WR,0,0.0,0,0,0,0,0,0,0,0,0,2,2,6,0,0
2024,13,"37 degrees, relative humidity 44%, wind 12 mph",New York Jets,Seattle Seahawks,Aaron Rodgers,NYJ,New York Jets,away,26,21,QB,41,68.33333333333333,21,39,185,2,1,2,2,6,0,0,0,0,0,0
2024,13,"37 degrees, relative humidity 44%, wind 12 mph",New York Jets,Seattle Seahawks,Braelon Allen,NYJ,New York Jets,away,26,21,RB,5,8.333333333333332,0,0,0,0,0,0,5,11,0,2,2,16,0,0
2024,13,"37 degrees, relative humidity 44%, wind 12 mph",New York Jets,Seattle Seahawks,Breece Hall,NYJ,New York Jets,away,26,21,RB,12,20.0,0,0,0,0,0,0,12,60,0,1,0,0,0,2
2024,13,"37 degrees, relative humidity 44%, wind 12 mph",New York Jets,Seattle Seahawks,Davante Adams,NYJ,New York Jets,away,26,21,WR,0,0.0,0,0,0,0,0,0,0,0,0,12,5,66,1,0
2024,13,"37 degrees, relative humidity 44%, wind 12 mph",New York Jets,Seattle Seahawks,Garrett Wilson,NYJ,New York Jets,away,26,21,WR,0,0.0,0,0,0,0,0,0,0,0,0,10,5,41,0,0
2024,13,"37 degrees, relative humidity 44%, wind 12 mph",New York Jets,Seattle Seahawks,Isaiah Davis,NYJ,New York Jets,away,26,21,RB,1,1.6666666666666667,0,0,0,0,0,0,1,4,0,3,3,28,1,0
2024,13,"37 degrees, relative humidity 44%, wind 12 mph",New York Jets,Seattle Seahawks,Jeremy Ruckert,NYJ,New York Jets,away,26,21,TE,0,0.0,0,0,0,0,0,0,0,0,0,2,1,3,0,0
2024,13,"37 degrees, relative humidity 44%, wind 12 mph",New York Jets,Seattle Seahawks,Malachi Corley,NYJ,New York Jets,away,26,21,WR,1,1.6666666666666667,0,0,0,0,0,0,1,8,0,2,0,0,0,0
2024,13,"37 degrees, relative humidity 44%, wind 12 mph",New York Jets,Seattle Seahawks,Tyler Conklin,NYJ,New York Jets,away,26,21,TE,0,0.0,0,0,0,0,0,0,0,0,0,5,4,32,0,0
2024,13,"37 degrees, relative humidity 44%, wind 12 mph",New York Jets,Seattle Seahawks,Xavier Gipson,NYJ,New York Jets,away,26,21,WR,0,0.0,0,0,0,0,0,0,0,0,0,1,1,-1,0,0
2024,13,"41 degrees, relative humidity 41%, wind 7 mph",Baltimore Ravens,Philadelphia Eagles,A.J. Brown,PHI,Baltimore Ravens,away,24,19,WR,0,0.0,0,0,0,0,0,0,0,0,0,6,5,66,0,0
2024,13,"41 degrees, relative humidity 41%, wind 7 mph",Baltimore Ravens,Philadelphia Eagles,Britain Covey,PHI,Baltimore Ravens,away,24,19,WR,0,0.0,0,0,0,0,0,0,0,0,0,1,0,0,0,0
2024,13,"41 degrees, relative humidity 41%, wind 7 mph",Baltimore Ravens,Philadelphia Eagles,Dallas Goedert,PHI,Baltimore Ravens,away,24,19,TE,0,0.0,0,0,0,0,0,0,0,0,0,4,3,35,1,0
2024,13,"41 degrees, relative humidity 41%, wind 7 mph",Baltimore Ravens,Philadelphia Eagles,Jahan Dotson,PHI,Baltimore Ravens,away,24,19,WR,0,0.0,0,0,0,0,0,0,0,0,0,1,1,7,0,0
2024,13,"41 degrees, relative humidity 41%, wind 7 mph",Baltimore Ravens,Philadelphia Eagles,Jalen Hurts,PHI,Baltimore Ravens,away,24,19,QB,28,53.84615384615385,11,19,118,1,0,2,9,29,1,0,0,0,0,1
2024,13,"41 degrees, relative humidity 41%, wind 7 mph",Baltimore Ravens,Philadelphia Eagles,Parris Campbell,PHI,Baltimore Ravens,away,24,19,WR,0,0.0,0,0,0,0,0,0,0,0,0,1,0,0,0,0
2024,13,"41 degrees, relative humidity 41%, wind 7 mph",Baltimore Ravens,Philadelphia Eagles,Saquon Barkley,PHI,Baltimore Ravens,away,24,19,RB,23,44.230769230769226,0,0,0,0,0,0,23,107,1,4,2,10,0,1
2024,13,"41 degrees, relative humidity 41%, wind 7 mph",Baltimore Ravens,Philadelphia Eagles,Will Shipley,PHI,Baltimore Ravens,away,24,19,RB,1,1.9230769230769231,0,0,0,0,0,0,1,4,0,0,0,0,0,0
2024,13,"32 degrees, relative humidity 43%, wind 9 mph",Cincinnati Bengals,Pittsburgh Steelers,Ben Skowronek,PIT,Cincinnati Bengals,away,44,38,WR,0,0.0,0,0,0,0,0,0,0,0,0,1,1,23,0,0
2024,13,"32 degrees, relative humidity 43%, wind 9 mph",Cincinnati Bengals,Pittsburgh Steelers,Calvin Austin,PIT,Cincinnati Bengals,away,44,38,UNK,0,0.0,0,0,0,0,0,0,0,0,0,2,2,29,1,0
2024,13,"32 degrees, relative humidity 43%, wind 9 mph",Cincinnati Bengals,Pittsburgh Steelers,Cordarrelle Patterson,PIT,Cincinnati Bengals,away,44,38,RB,3,4.6875,0,0,0,0,0,0,3,16,0,3,3,37,0,0
2024,13,"32 degrees, relative humidity 43%, wind 9 mph",Cincinnati Bengals,Pittsburgh Steelers,Darnell Washington,PIT,Cincinnati Bengals,away,44,38,TE,0,0.0,0,0,0,0,0,0,0,0,0,1,1,10,0,0
2024,13,"32 degrees, relative humidity 43%, wind 9 mph",Cincinnati Bengals,Pittsburgh Steelers,George Pickens,PIT,Cincinnati Bengals,away,44,38,WR,0,0.0,0,0,0,0,0,0,0,0,0,6,3,74,1,0
2024,13,"32 degrees, relative humidity 43%, wind 9 mph",Cincinnati Bengals,Pittsburgh Steelers,Jaylen Warren,PIT,Cincinnati Bengals,away,44,38,RB,3,4.6875,0,0,0,0,0,0,3,9,0,4,4,55,0,0
2024,13,"32 degrees, relative humidity 43%, wind 9 mph",Cincinnati Bengals,Pittsburgh Steelers,Justin Fields,PIT,Cincinnati Bengals,away,44,38,QB,1,1.5625,0,0,0,0,0,0,1,7,0,0,0,0,0,0
2024,13,"32 degrees, relative humidity 43%, wind 9 mph",Cincinnati Bengals,Pittsburgh Steelers,MyCole Pruitt,PIT,Cincinnati Bengals,away,44,38,TE,0,0.0,0,0,0,0,0,0,0,0,0,3,2,21,0,0
2024,13,"32 degrees, relative humidity 43%, wind 9 mph",Cincinnati Bengals,Pittsburgh Steelers,Najee Harris,PIT,Cincinnati Bengals,away,44,38,RB,16,25.0,0,0,0,0,0,0,16,75,1,6,6,54,0,0
2024,13,"32 degrees, relative humidity 43%, wind 9 mph",Cincinnati Bengals,Pittsburgh Steelers,Pat Freiermuth,PIT,Cincinnati Bengals,away,44,38,TE,0,0.0,0,0,0,0,0,0,0,0,0,7,6,68,1,0
2024,13,"32 degrees, relative humidity 43%, wind 9 mph",Cincinnati Bengals,Pittsburgh Steelers,Russell Wilson,PIT,Cincinnati Bengals,away,44,38,QB,41,64.0625,29,38,414,3,1,2,3,3,0,0,0,0,0,0
2024,13,"32 degrees, relative humidity 43%, wind 9 mph",Cincinnati Bengals,Pittsburgh Steelers,Van Jefferson,PIT,Cincinnati Bengals,away,44,38,WR,0,0.0,0,0,0,0,0,0,0,0,0,3,1,43,0,0
2024,13,"37 degrees, relative humidity 44%, wind 12 mph",New York Jets,Seattle Seahawks,AJ Barner,SEA,New York Jets,away,26,21,TE,0,0.0,0,0,0,0,0,0,0,0,0,2,2,14,1,0
2024,13,"37 degrees, relative humidity 44%, wind 12 mph",New York Jets,Seattle Seahawks,D.K. Metcalf,SEA,New York Jets,away,26,21,WR,0,0.0,0,0,0,0,0,0,0,0,0,9,4,66,0,0
2024,13,"37 degrees, relative humidity 44%, wind 12 mph",New York Jets,Seattle Seahawks,Geno Smith,SEA,New York Jets,away,26,21,QB,33,61.111111111111114,20,31,206,1,0,3,2,2,0,0,0,0,0,0
2024,13,"37 degrees, relative humidity 44%, wind 12 mph",New York Jets,Seattle Seahawks,Jaxon Smith-Njigba,SEA,New York Jets,away,26,21,WR,1,1.8518518518518516,0,0,0,0,0,0,1,5,0,4,4,74,0,0
2024,13,"37 degrees, relative humidity 44%, wind 12 mph",New York Jets,Seattle Seahawks,Kenneth Walker,SEA,New York Jets,away,26,21,UNK,16,29.629629629629626,0,0,0,0,0,0,16,49,0,3,2,-3,0,1
2024,13,"37 degrees, relative humidity 44%, wind 12 mph",New York Jets,Seattle Seahawks,Noah Fant,SEA,New York Jets,away,26,21,TE,0,0.0,0,0,0,0,0,0,0,0,0,4,3,26,0,0
2024,13,"37 degrees, relative humidity 44%, wind 12 mph",New York Jets,Seattle Seahawks,Pharaoh Brown,SEA,New York Jets,away,26,21,TE,0,0.0,0,0,0,0,0,0,0,0,0,1,0,0,0,0
2024,13,"37 degrees, relative humidity 44%, wind 12 mph",New York Jets,Seattle Seahawks,Tyler Lockett,SEA,New York Jets,away,26,21,WR,0,0.0,0,0,0,0,0,0,0,0,0,3,3,16,0,0
2024,13,"37 degrees, relative humidity 44%, wind 12 mph",New York Jets,Seattle Seahawks,Zach Charbonnet,SEA,New York Jets,away,26,21,RB,4,7.4074074074074066,0,0,0,0,0,0,4,28,1,3,2,13,0,0
2024,13,"28 degrees, relative humidity 79%, wind 11 mph",San Francisco 49ers,Buffalo Bills,Brock Purdy,SFO,San Francisco 49ers,away,35,10,QB,20,44.44444444444444,11,18,94,0,0,2,2,4,0,0,0,0,0,1
2024,13,"28 degrees, relative humidity 79%, wind 11 mph",San Francisco 49ers,Buffalo Bills,Christian McCaffrey,SFO,San Francisco 49ers,away,35,10,RB,7,15.555555555555555,0,0,0,0,0,0,7,53,0,3,2,14,0,0
2024,13,"28 degrees, relative humidity 79%, wind 11 mph",San Francisco 49ers,Buffalo Bills,Deebo Samuel,SFO,San Francisco 49ers,away,35,10,WR,0,0.0,0,0,0,0,0,0,0,0,0,5,4,20,0,1
2024,13,"28 degrees, relative humidity 79%, wind 11 mph",San Francisco 49ers,Buffalo Bills,George Kittle,SFO,San Francisco 49ers,away,35,10,TE,0,0.0,0,0,0,0,0,0,0,0,0,2,1,7,0,0
2024,13,"28 degrees, relative humidity 79%, wind 11 mph",San Francisco 49ers,Buffalo Bills,Isaac Guerendo,SFO,San Francisco 49ers,away,35,10,RB,4,8.88888888888889,0,0,0,0,0,0,4,19,1,1,1,-3,0,0
2024,13,"28 degrees, relative humidity 79%, wind 11 mph",San Francisco 49ers,Buffalo Bills,Jauan Jennings,SFO,San Francisco 49ers,away,35,10,WR,0,0.0,0,0,0,0,0,0,0,0,0,5,3,56,0,0
2024,13,"28 degrees, relative humidity 79%, wind 11 mph",San Francisco 49ers,Buffalo Bills,Jordan Mason,SFO,San Francisco 49ers,away,35,10,RB,13,28.888888888888886,0,0,0,0,0,0,13,78,0,0,0,0,0,0
2024,13,"28 degrees, relative humidity 79%, wind 11 mph",San Francisco 49ers,Buffalo Bills,Kyle Juszczyk,SFO,San Francisco 49ers,away,35,10,FB,1,2.2222222222222223,0,0,0,0,0,0,1,-1,0,0,0,0,0,1
2024,13,"28 degrees, relative humidity 79%, wind 11 mph",San Francisco 49ers,Buffalo Bills,Ricky Pearsall,SFO,San Francisco 49ers,away,35,10,WR,0,0.0,0,0,0,0,0,0,0,0,0,1,0,0,0,0
2024,13,"51 degrees, relative humidity 41%, wind 7 mph",Carolina Panthers,Tampa Bay Buccaneers,Baker Mayfield,TAM,Carolina Panthers,away,26,23,QB,36,49.31506849315068,21,33,235,1,2,4,3,8,0,0,0,0,0,2
2024,13,"51 degrees, relative humidity 41%, wind 7 mph",Carolina Panthers,Tampa Bay Buccaneers,Bucky Irving,TAM,Carolina Panthers,away,26,23,RB,25,34.24657534246575,0,0,0,0,0,0,25,152,1,3,3,33,0,0
2024,13,"51 degrees, relative humidity 41%, wind 7 mph",Carolina Panthers,Tampa Bay Buccaneers,Cade Otton,TAM,Carolina Panthers,away,26,23,TE,0,0.0,0,0,0,0,0,0,0,0,0,7,4,20,0,0
2024,13,"51 degrees, relative humidity 41%, wind 7 mph",Carolina Panthers,Tampa Bay Buccaneers,Jalen McMillan,TAM,Carolina Panthers,away,26,23,WR,0,0.0,0,0,0,0,0,0,0,0,0,3,2,25,0,0
2024,13,"51 degrees, relative humidity 41%, wind 7 mph",Carolina Panthers,Tampa Bay Buccaneers,Kyle Trask,TAM,Carolina Panthers,away,26,23,QB,1,1.36986301369863,1,1,5,0,0,0,0,0,0,0,0,0,0,0
2024,13,"51 degrees, relative humidity 41%, wind 7 mph",Carolina Panthers,Tampa Bay Buccaneers,Mike Evans,TAM,Carolina Panthers,away,26,23,WR,0,0.0,0,0,0,0,0,0,0,0,0,12,8,118,1,0
2024,13,"51 degrees, relative humidity 41%, wind 7 mph",Carolina Panthers,Tampa Bay Buccaneers,Rachaad White,TAM,Carolina Panthers,away,26,23,RB,11,15.068493150684931,0,0,0,0,0,0,11,76,0,1,1,2,0,0
2024,13,"51 degrees, relative humidity 41%, wind 7 mph",Carolina Panthers,Tampa Bay Buccaneers,Sterling Shepard,TAM,Carolina Panthers,away,26,23,WR,0,0.0,0,0,0,0,0,0,0,0,0,7,4,42,0,0
2024,13,"51 degrees, relative humidity 41%, wind 7 mph",Carolina Panthers,Tampa Bay Buccaneers,Trey Palmer,TAM,Carolina Panthers,away,26,23,WR,0,0.0,0,0,0,0,0,0,0,0,0,1,0,0,0,0
2024,13,"42 degrees, relative humidity 40%, wind 6 mph",Tennessee Titans,Washington Commanders,Calvin Ridley,TEN,Tennessee Titans,away,42,19,WR,0,0.0,0,0,0,0,0,0,0,0,0,7,2,45,0,0
2024,13,"42 degrees, relative humidity 40%, wind 6 mph",Tennessee Titans,Washington Commanders,Chigoziem Okonkwo,TEN,Tennessee Titans,away,42,19,TE,0,0.0,0,0,0,0,0,0,0,0,0,6,3,27,0,0
2024,13,"42 degrees, relative humidity 40%, wind 6 mph",Tennessee Titans,Washington Commanders,JC Latham,TEN,Tennessee Titans,away,42,19,T,0,0.0,0,0,0,0,0,0,0,0,0,1,1,0,0,0
2024,13,"42 degrees, relative humidity 40%, wind 6 mph",Tennessee Titans,Washington Commanders,Josh Whyle,TEN,Tennessee Titans,away,42,19,TE,0,0.0,0,0,0,0,0,0,0,0,0,3,1,3,0,0
2024,13,"42 degrees, relative humidity 40%, wind 6 mph",Tennessee Titans,Washington Commanders,Nick Vannett,TEN,Tennessee Titans,away,42,19,TE,0,0.0,0,0,0,0,0,0,0,0,0,1,1,6,0,0
2024,13,"42 degrees, relative humidity 40%, wind 6 mph",Tennessee Titans,Washington Commanders,Nick Westbrook-Ikhine,TEN,Tennessee Titans,away,42,19,WR,0,0.0,0,0,0,0,0,0,0,0,0,8,3,61,2,0
2024,13,"42 degrees, relative humidity 40%, wind 6 mph",Tennessee Titans,Washington Commanders,Tony Pollard,TEN,Tennessee Titans,away,42,19,RB,8,16.666666666666664,0,0,0,0,0,0,8,35,0,6,4,33,0,1
2024,13,"42 degrees, relative humidity 40%, wind 6 mph",Tennessee Titans,Washington Commanders,Tyjae Spears,TEN,Tennessee Titans,away,42,19,RB,1,2.083333333333333,0,0,0,0,0,0,1,3,0,0,0,0,0,0
2024,13,"42 degrees, relative humidity 40%, wind 6 mph",Tennessee Titans,Washington Commanders,Tyler Boyd,TEN,Tennessee Titans,away,42,19,WR,0,0.0,0,0,0,0,0,0,0,0,0,4,3,37,0,0
2024,13,"42 degrees, relative humidity 40%, wind 6 mph",Tennessee Titans,Washington Commanders,Will Levis,TEN,Tennessee Titans,away,42,19,QB,39,81.25,18,37,212,2,0,2,2,-3,0,0,0,0,0,1
2024,13,"42 degrees, relative humidity 40%, wind 6 mph",Tennessee Titans,Washington Commanders,Ben Sinnott,WAS,Tennessee Titans,away,42,19,TE,0,0.0,0,0,0,0,0,0,0,0,0,1,1,3,0,0
2024,13,"42 degrees, relative humidity 40%, wind 6 mph",Tennessee Titans,Washington Commanders,Brian Robinson Jr.,WAS,Tennessee Titans,away,42,19,RB,16,21.333333333333336,0,0,0,0,0,0,16,103,1,1,1,6,0,0
2024,13,"42 degrees, relative humidity 40%, wind 6 mph",Tennessee Titans,Washington Commanders,Chris Rodriguez,WAS,Tennessee Titans,away,42,19,RB,13,17.333333333333336,0,0,0,0,0,0,13,94,1,0,0,0,0,0
2024,13,"42 degrees, relative humidity 40%, wind 6 mph",Tennessee Titans,Washington Commanders,Dyami Brown,WAS,Tennessee Titans,away,42,19,WR,1,1.3333333333333335,0,0,0,0,0,0,1,4,0,5,4,35,0,0
2024,13,"42 degrees, relative humidity 40%, wind 6 mph",Tennessee Titans,Washington Commanders,Jayden Daniels,WAS,Tennessee Titans,away,42,19,QB,39,52.0,25,30,206,3,1,2,9,34,1,0,0,0,0,1
2024,13,"42 degrees, relative humidity 40%, wind 6 mph",Tennessee Titans,Washington Commanders,Jeremy McNichols,WAS,Tennessee Titans,away,42,19,RB,6,8.0,0,0,0,0,0,0,6,32,0,0,0,0,0,0
2024,13,"42 degrees, relative humidity 40%, wind 6 mph",Tennessee Titans,Washington Commanders,Luke McCaffrey,WAS,Tennessee Titans,away,42,19,WR,0,0.0,0,0,0,0,0,0,0,0,0,2,2,13,0,0
2024,13,"42 degrees, relative humidity 40%, wind 6 mph",Tennessee Titans,Washington Commanders,Noah Brown,WAS,Tennessee Titans,away,42,19,WR,0,0.0,0,0,0,0,0,0,0,0,0,4,3,27,0,0
2024,13,"42 degrees, relative humidity 40%, wind 6 mph",Tennessee Titans,Washington Commanders,Olamide Zaccheaus,WAS,Tennessee Titans,away,42,19,WR,0,0.0,0,0,0,0,0,0,0,0,0,3,3,14,0,0
2024,13,"42 degrees, relative humidity 40%, wind 6 mph",Tennessee Titans,Washington Commanders,Terry McLaurin,WAS,Tennessee Titans,away,42,19,WR,0,0.0,0,0,0,0,0,0,0,0,0,8,8,73,2,0
2024,13,"42 degrees, relative humidity 40%, wind 6 mph",Tennessee Titans,Washington Commanders,Zach Ertz,WAS,Tennessee Titans,away,42,19,TE,0,0.0,0,0,0,0,0,0,0,0,0,6,3,35,1,0
2024,14,,Arizona Cardinals,Seattle Seahawks,Emari Demercado,ARI,Arizona Cardinals,away,30,18,RB,0,0.0,0,0,0,0,0,0,0,0,0,4,4,15,0,0
2024,14,,Arizona Cardinals,Seattle Seahawks,Greg Dortch,ARI,Arizona Cardinals,away,30,18,WR,0,0.0,0,0,0,0,0,0,0,0,0,1,1,5,0,0
2024,14,,Arizona Cardinals,Seattle Seahawks,James Conner,ARI,Arizona Cardinals,away,30,18,RB,18,29.508196721311474,0,0,0,0,0,0,18,90,0,4,4,32,1,1
2024,14,,Arizona Cardinals,Seattle Seahawks,Kyler Murray,ARI,Arizona Cardinals,away,30,18,QB,41,67.21311475409836,25,38,259,2,2,2,3,16,0,0,0,0,0,0
2024,14,,Arizona Cardinals,Seattle Seahawks,Marvin Harrison Jr.,ARI,Arizona Cardinals,away,30,18,WR,0,0.0,0,0,0,0,0,0,0,0,0,8,4,49,0,0
2024,14,,Arizona Cardinals,Seattle Seahawks,Michael Wilson,ARI,Arizona Cardinals,away,30,18,WR,0,0.0,0,0,0,0,0,0,0,0,0,3,2,57,1,0
2024,14,,Arizona Cardinals,Seattle Seahawks,Tip Reiman,ARI,Arizona Cardinals,away,30,18,TE,0,0.0,0,0,0,0,0,0,0,0,0,1,1,14,0,0
2024,14,,Arizona Cardinals,Seattle Seahawks,Trey Benson,ARI,Arizona Cardinals,away,30,18,RB,2,3.278688524590164,0,0,0,0,0,0,2,15,0,1,1,4,0,0
2024,14,,Arizona Cardinals,Seattle Seahawks,Trey McBride,ARI,Arizona Cardinals,away,30,18,TE,0,0.0,0,0,0,0,0,0,0,0,0,14,7,70,0,0
2024,14,,Arizona Cardinals,Seattle Seahawks,Zay Jones,ARI,Arizona Cardinals,away,30,18,WR,0,0.0,0,0,0,0,0,0,0,0,0,2,1,13,0,0
2024,14,,Atlanta Falcons,Minnesota Vikings,Bijan Robinson,ATL,Atlanta Falcons,away,42,21,RB,22,31.88405797101449,0,0,0,0,0,0,22,92,1,2,2,9,0,0
2024,14,,Atlanta Falcons,Minnesota Vikings,Charlie Woerner,ATL,Atlanta Falcons,away,42,21,TE,0,0.0,0,0,0,0,0,0,0,0,0,1,1,11,0,0
2024,14,,Atlanta Falcons,Minnesota Vikings,Darnell Mooney,ATL,Atlanta Falcons,away,42,21,WR,0,0.0,0,0,0,0,0,0,0,0,0,7,6,142,0,0
2024,14,,Atlanta Falcons,Minnesota Vikings,Drake London,ATL,Atlanta Falcons,away,42,21,WR,0,0.0,0,0,0,0,0,0,0,0,0,10,5,70,0,0
2024,14,,Atlanta Falcons,Minnesota Vikings,Kirk Cousins,ATL,Atlanta Falcons,away,42,21,QB,37,53.62318840579711,23,37,344,0,2,1,0,0,0,0,0,0,0,0
2024,14,,Atlanta Falcons,Minnesota Vikings,Kyle Pitts,ATL,Atlanta Falcons,away,42,21,TE,0,0.0,0,0,0,0,0,0,0,0,0,6,1,14,0,0
2024,14,,Atlanta Falcons,Minnesota Vikings,Ray-Ray McCloud,ATL,Atlanta Falcons,away,42,21,WR,1,1.4492753623188406,0,0,0,0,0,0,1,3,0,11,8,98,0,1
2024,14,,Atlanta Falcons,Minnesota Vikings,Tyler Allgeier,ATL,Atlanta Falcons,away,42,21,RB,9,13.043478260869565,0,0,0,0,0,0,9,63,1,0,0,0,0,0
2024,14,,Buffalo Bills,Los Angeles Rams,Amari Cooper,BUF,Buffalo Bills,away,44,42,WR,0,0.0,0,0,0,0,0,0,0,0,0,14,6,95,0,0
2024,14,,Buffalo Bills,Los Angeles Rams,Curtis Samuel,BUF,Buffalo Bills,away,44,42,WR,1,1.8518518518518516,0,0,0,0,0,0,1,1,0,3,2,15,0,0
2024,14,,Buffalo Bills,Los Angeles Rams,Dawson Knox,BUF,Buffalo Bills,away,44,42,TE,0,0.0,0,0,0,0,0,0,0,0,0,1,1,5,0,0
2024,14,,Buffalo Bills,Los Angeles Rams,James Cook,BUF,Buffalo Bills,away,44,42,RB,6,11.11111111111111,0,0,0,0,0,0,6,20,0,2,2,9,0,0
2024,14,,Buffalo Bills,Los Angeles Rams,Josh Allen,BUF,Buffalo Bills,away,44,42,QB,47,87.03703703703704,22,37,342,3,0,0,10,82,3,0,0,0,0,0
2024,14,,Buffalo Bills,Los Angeles Rams,Khalil Shakir,BUF,Buffalo Bills,away,44,42,WR,0,0.0,0,0,0,0,0,0,0,0,0,8,5,106,1,0
2024,14,,Buffalo Bills,Los Angeles Rams,Mack Hollins,BUF,Buffalo Bills,away,44,42,WR,0,0.0,0,0,0,0,0,0,0,0,0,6,4,57,1,0
2024,14,,Buffalo Bills,Los Angeles Rams,Ty Johnson,BUF,Buffalo Bills,away,44,42,RB,0,0.0,0,0,0,0,0,0,0,0,0,3,2,55,1,0
2024,14,"55 degrees, relative humidity 37%, wind 16 mph",Carolina Panthers,Philadelphia Eagles,Adam Thielen,CAR,Carolina Panthers,away,22,16,WR,0,0.0,0,0,0,0,0,0,0,0,0,11,9,102,0,0
2024,14,"55 degrees, relative humidity 37%, wind 16 mph",Carolina Panthers,Philadelphia Eagles,Bryce Young,CAR,Carolina Panthers,away,22,16,QB,41,60.29411764705882,19,34,191,1,1,1,7,29,0,0,0,0,0,0
2024,14,"55 degrees, relative humidity 37%, wind 16 mph",Carolina Panthers,Philadelphia Eagles,Chuba Hubbard,CAR,Carolina Panthers,away,22,16,RB,26,38.23529411764706,0,0,0,0,0,0,26,92,1,5,4,15,0,0
2024,14,"55 degrees, relative humidity 37%, wind 16 mph",Carolina Panthers,Philadelphia Eagles,David Moore,CAR,Carolina Panthers,away,22,16,WR,0,0.0,0,0,0,0,0,0,0,0,0,5,2,25,0,0
2024,14,"55 degrees, relative humidity 37%, wind 16 mph",Carolina Panthers,Philadelphia Eagles,Deven Thompkins,CAR,Carolina Panthers,away,22,16,WR,0,0.0,0,0,0,0,0,0,0,0,0,1,1,7,0,0
2024,14,"55 degrees, relative humidity 37%, wind 16 mph",Carolina Panthers,Philadelphia Eagles,Ja'Tavion Sanders,CAR,Carolina Panthers,away,22,16,TE,0,0.0,0,0,0,0,0,0,0,0,0,1,0,0,0,0
2024,14,"55 degrees, relative humidity 37%, wind 16 mph",Carolina Panthers,Philadelphia Eagles,Jonathon Brooks,CAR,Carolina Panthers,away,22,16,RB,1,1.4705882352941175,0,0,0,0,0,0,1,-3,0,0,0,0,0,0
2024,14,"55 degrees, relative humidity 37%, wind 16 mph",Carolina Panthers,Philadelphia Eagles,Tommy Tremble,CAR,Carolina Panthers,away,22,16,TE,0,0.0,0,0,0,0,0,0,0,0,0,2,1,3,1,0
2024,14,"55 degrees, relative humidity 37%, wind 16 mph",Carolina Panthers,Philadelphia Eagles,Xavier Legette,CAR,Carolina Panthers,away,22,16,WR,0,0.0,0,0,0,0,0,0,0,0,0,8,2,39,0,0
2024,14,"65 degrees, relative humidity 51%, wind 4 mph",Chicago Bears,San Francisco 49ers,Caleb Williams,CHI,Chicago Bears,away,38,13,QB,27,60.0,17,23,134,2,0,7,4,27,0,0,0,0,0,1
2024,14,"65 degrees, relative humidity 51%, wind 4 mph",Chicago Bears,San Francisco 49ers,Collin Johnson,CHI,Chicago Bears,away,38,13,WR,0,0.0,0,0,0,0,0,0,0,0,0,1,1,6,0,0
2024,14,"65 degrees, relative humidity 51%, wind 4 mph",Chicago Bears,San Francisco 49ers,D'Andre Swift,CHI,Chicago Bears,away,38,13,RB,14,31.11111111111111,0,0,0,0,0,0,14,38,0,2,1,2,0,0
2024,14,"65 degrees, relative humidity 51%, wind 4 mph",Chicago Bears,San Francisco 49ers,D.J. Moore,CHI,Chicago Bears,away,38,13,WR,0,0.0,0,0,0,0,0,0,0,0,0,8,6,49,0,0
2024,14,"65 degrees, relative humidity 51%, wind 4 mph",Chicago Bears,San Francisco 49ers,Darrynton Evans,CHI,Chicago Bears,away,38,13,RB,3,6.666666666666667,0,0,0,0,0,0,3,3,0,0,0,0,0,0
2024,14,"65 degrees, relative humidity 51%, wind 4 mph",Chicago Bears,San Francisco 49ers,Keenan Allen,CHI,Chicago Bears,away,38,13,WR,0,0.0,0,0,0,0,0,0,0,0,0,5,3,30,0,0
2024,14,"65 degrees, relative humidity 51%, wind 4 mph",Chicago Bears,San Francisco 49ers,Rome Odunze,CHI,Chicago Bears,away,38,13,WR,0,0.0,0,0,0,0,0,0,0,0,0,5,4,42,2,0
2024,14,"65 degrees, relative humidity 51%, wind 4 mph",Chicago Bears,San Francisco 49ers,Travis Homer,CHI,Chicago Bears,away,38,13,RB,0,0.0,0,0,0,0,0,0,0,0,0,3,3,11,0,0
2024,14,"65 degrees, relative humidity 51%, wind 4 mph",Chicago Bears,San Francisco 49ers,Tyson Bagent,CHI,Chicago Bears,away,38,13,QB,1,2.2222222222222223,1,1,6,0,0,0,0,0,0,0,0,0,0,0
2024,14,,Dallas Cowboys,Cincinnati Bengals,Andrei Iosivas,CIN,Dallas Cowboys,away,27,20,WR,0,0.0,0,0,0,0,0,0,0,0,0,5,4,41,0,0
2024,14,,Dallas Cowboys,Cincinnati Bengals,Chase Brown,CIN,Dallas Cowboys,away,27,20,RB,14,22.22222222222222,0,0,0,0,0,0,14,58,0,8,6,65,1,0
2024,14,,Dallas Cowboys,Cincinnati Bengals,Drew Sample,CIN,Dallas Cowboys,away,27,20,TE,0,0.0,0,0,0,0,0,0,0,0,0,2,2,13,0,0
2024,14,,Dallas Cowboys,Cincinnati Bengals,Ja'Marr Chase,CIN,Dallas Cowboys,away,27,20,WR,1,1.5873015873015872,0,0,0,0,0,0,1,14,0,18,14,177,2,0
2024,14,,Dallas Cowboys,Cincinnati Bengals,Joe Burrow,CIN,Dallas Cowboys,away,27,20,QB,46,73.01587301587301,33,44,369,3,1,2,2,-2,0,0,0,0,0,1
2024,14,,Dallas Cowboys,Cincinnati Bengals,Khalil Herbert,CIN,Dallas Cowboys,away,27,20,RB,2,3.1746031746031744,0,0,0,0,0,0,2,4,0,1,1,7,0,0
2024,14,,Dallas Cowboys,Cincinnati Bengals,Mike Gesicki,CIN,Dallas Cowboys,away,27,20,TE,0,0.0,0,0,0,0,0,0,0,0,0,3,3,24,0,0
2024,14,,Dallas Cowboys,Cincinnati Bengals,Tanner Hudson,CIN,Dallas Cowboys,away,27,20,TE,0,0.0,0,0,0,0,0,0,0,0,0,1,1,19,0,0
2024,14,,Dallas Cowboys,Cincinnati Bengals,Tee Higgins,CIN,Dallas Cowboys,away,27,20,WR,0,0.0,0,0,0,0,0,0,0,0,0,5,2,23,0,0
2024,14,"49 degrees, relative humidity 62%, wind 12 mph",Cleveland Browns,Pittsburgh Steelers,Blake Whiteheart,CLE,Cleveland Browns,away,27,14,TE,0,0.0,0,0,0,0,0,0,0,0,0,1,0,0,0,0
2024,14,"49 degrees, relative humidity 62%, wind 12 mph",Cleveland Browns,Pittsburgh Steelers,David Njoku,CLE,Cleveland Browns,away,27,14,TE,0,0.0,0,0,0,0,0,0,0,0,0,13,7,42,1,0
2024,14,"49 degrees, relative humidity 62%, wind 12 mph",Cleveland Browns,Pittsburgh Steelers,Elijah Moore,CLE,Cleveland Browns,away,27,14,WR,0,0.0,0,0,0,0,0,0,0,0,0,4,3,34,0,0
2024,14,"49 degrees, relative humidity 62%, wind 12 mph",Cleveland Browns,Pittsburgh Steelers,Jameis Winston,CLE,Cleveland Browns,away,27,14,QB,45,68.18181818181817,24,41,212,2,2,3,4,28,0,0,0,0,0,1
2024,14,"49 degrees, relative humidity 62%, wind 12 mph",Cleveland Browns,Pittsburgh Steelers,James Proche,CLE,Cleveland Browns,away,27,14,WR,0,0.0,0,0,0,0,0,0,0,0,0,2,2,18,0,0
2024,14,"49 degrees, relative humidity 62%, wind 12 mph",Cleveland Browns,Pittsburgh Steelers,Jerome Ford,CLE,Cleveland Browns,away,27,14,RB,10,15.151515151515152,0,0,0,0,0,0,10,28,0,4,3,19,0,0
2024,14,"49 degrees, relative humidity 62%, wind 12 mph",Cleveland Browns,Pittsburgh Steelers,Jerry Jeudy,CLE,Cleveland Browns,away,27,14,WR,0,0.0,0,0,0,0,0,0,0,0,0,6,5,64,1,0
2024,14,"49 degrees, relative humidity 62%, wind 12 mph",Cleveland Browns,Pittsburgh Steelers,Jordan Akins,CLE,Cleveland Browns,away,27,14,TE,0,0.0,0,0,0,0,0,0,0,0,0,1,1,14,0,0
2024,14,"49 degrees, relative humidity 62%, wind 12 mph",Cleveland Browns,Pittsburgh Steelers,Michael Woods,CLE,Cleveland Browns,away,27,14,UNK,0,0.0,0,0,0,0,0,0,0,0,0,3,1,12,0,0
2024,14,"49 degrees, relative humidity 62%, wind 12 mph",Cleveland Browns,Pittsburgh Steelers,Nick Chubb,CLE,Cleveland Browns,away,27,14,RB,11,16.666666666666664,0,0,0,0,0,0,11,48,0,1,0,0,0,0
2024,14,"49 degrees, relative humidity 62%, wind 12 mph",Cleveland Browns,Pittsburgh Steelers,Pierre Strong,CLE,Cleveland Browns,away,27,14,RB,0,0.0,0,0,0,0,0,0,0,0,0,2,2,9,0,0
2024,14,,Dallas Cowboys,Cincinnati Bengals,Brandin Cooks,DAL,Dallas Cowboys,away,27,20,WR,0,0.0,0,0,0,0,0,0,0,0,0,3,1,3,1,0
2024,14,,Dallas Cowboys,Cincinnati Bengals,CeeDee Lamb,DAL,Dallas Cowboys,away,27,20,WR,1,1.7857142857142856,0,0,0,0,0,0,1,1,0,7,6,93,1,0
2024,14,,Dallas Cowboys,Cincinnati Bengals,Cooper Rush,DAL,Dallas Cowboys,away,27,20,QB,33,58.92857142857143,16,31,183,2,1,3,2,5,0,0,0,0,0,0
2024,14,,Dallas Cowboys,Cincinnati Bengals,Ezekiel Elliott,DAL,Dallas Cowboys,away,27,20,RB,2,3.571428571428571,0,0,0,0,0,0,2,4,0,1,1,2,0,0
2024,14,,Dallas Cowboys,Cincinnati Bengals,Hunter Luepke,DAL,Dallas Cowboys,away,27,20,FB,0,0.0,0,0,0,0,0,0,0,0,0,1,1,5,0,0
2024,14,,Dallas Cowboys,Cincinnati Bengals,Jake Ferguson,DAL,Dallas Cowboys,away,27,20,TE,0,0.0,0,0,0,0,0,0,0,0,0,6,3,32,0,0
2024,14,,Dallas Cowboys,Cincinnati Bengals,Jalen Tolbert,DAL,Dallas Cowboys,away,27,20,WR,0,0.0,0,0,0,0,0,0,0,0,0,3,0,0,0,0
2024,14,,Dallas Cowboys,Cincinnati Bengals,Jonathan Mingo,DAL,Dallas Cowboys,away,27,20,WR,0,0.0,0,0,0,0,0,0,0,0,0,1,0,0,0,0
2024,14,,Dallas Cowboys,Cincinnati Bengals,KaVontae Turpin,DAL,Dallas Cowboys,away,27,20,WR,2,3.571428571428571,0,0,0,0,0,0,2,15,0,4,1,16,0,0
2024,14,,Dallas Cowboys,Cincinnati Bengals,Luke Schoonmaker,DAL,Dallas Cowboys,away,27,20,TE,0,0.0,0,0,0,0,0,0,0,0,0,2,2,22,0,0
2024,14,,Dallas Cowboys,Cincinnati Bengals,Rico Dowdle,DAL,Dallas Cowboys,away,27,20,RB,18,32.142857142857146,0,0,0,0,0,0,18,131,0,2,1,10,0,0
2024,14,,Dallas Cowboys,Cincinnati Bengals,Ryan Flournoy,DAL,Dallas Cowboys,away,27,20,WR,0,0.0,0,0,0,0,0,0,0,0,0,1,0,0,0,0
2024,14,,Green Bay Packers,Detroit Lions,Amon-Ra St. Brown,DET,Green Bay Packers,away,34,31,WR,1,1.3333333333333335,0,0,0,0,0,0,1,10,0,6,5,43,0,0
2024,14,,Green Bay Packers,Detroit Lions,Brock Wright,DET,Green Bay Packers,away,34,31,TE,0,0.0,0,0,0,0,0,0,0,0,0,1,0,0,0,0
2024,14,,Green Bay Packers,Detroit Lions,David Montgomery,DET,Green Bay Packers,away,34,31,RB,14,18.666666666666668,0,0,0,0,0,0,14,51,1,5,5,33,0,0
2024,14,,Green Bay Packers,Detroit Lions,Jahmyr Gibbs,DET,Green Bay Packers,away,34,31,RB,15,20.0,0,0,0,0,0,0,15,43,0,6,6,30,1,0
2024,14,,Green Bay Packers,Detroit Lions,Jameson Williams,DET,Green Bay Packers,away,34,31,WR,0,0.0,0,0,0,0,0,0,0,0,0,8,5,80,0,0
2024,14,,Green Bay Packers,Detroit Lions,Jared Goff,DET,Green Bay Packers,away,34,31,QB,45,60.0,32,41,283,3,1,1,4,7,0,0,0,0,0,0
2024,14,,Green Bay Packers,Detroit Lions,Sam LaPorta,DET,Green Bay Packers,away,34,31,TE,0,0.0,0,0,0,0,0,0,0,0,0,7,5,54,0,0
2024,14,,Green Bay Packers,Detroit Lions,Tim Patrick,DET,Green Bay Packers,away,34,31,WR,0,0.0,0,0,0,0,0,0,0,0,0,7,6,43,2,0
2024,14,,Green Bay Packers,Detroit Lions,Ben Sims,GNB,Green Bay Packers,away,34,31,TE,0,0.0,0,0,0,0,0,0,0,0,0,1,1,2,0,0
2024,14,,Green Bay Packers,Detroit Lions,Chris Brooks,GNB,Green Bay Packers,away,34,31,RB,1,2.272727272727273,0,0,0,0,0,0,1,3,0,0,0,0,0,0
2024,14,,Green Bay Packers,Detroit Lions,Christian Watson,GNB,Green Bay Packers,away,34,31,WR,0,0.0,0,0,0,0,0,0,0,0,0,7,4,114,0,1
2024,14,,Green Bay Packers,Detroit Lions,Dontayvion Wicks,GNB,Green Bay Packers,away,34,31,WR,0,0.0,0,0,0,0,0,0,0,0,0,5,4,49,0,0
2024,14,,Green Bay Packers,Detroit Lions,Emanuel Wilson,GNB,Green Bay Packers,away,34,31,RB,1,2.272727272727273,0,0,0,0,0,0,1,7,0,0,0,0,0,0
2024,14,,Green Bay Packers,Detroit Lions,Jayden Reed,GNB,Green Bay Packers,away,34,31,WR,0,0.0,0,0,0,0,0,0,0,0,0,1,0,0,0,0
2024,14,,Green Bay Packers,Detroit Lions,Jordan Love,GNB,Green Bay Packers,away,34,31,QB,24,54.54545454545454,12,20,206,1,0,1,4,23,0,0,0,0,0,0
2024,14,,Green Bay Packers,Detroit Lions,Josh Jacobs,GNB,Green Bay Packers,away,34,31,RB,18,40.909090909090914,0,0,0,0,0,0,18,66,3,0,0,0,0,0
2024,14,,Green Bay Packers,Detroit Lions,Tucker Kraft,GNB,Green Bay Packers,away,34,31,TE,0,0.0,0,0,0,0,0,0,0,0,0,5,3,41,1,0
2024,14,"53 degrees, relative humidity 44%, wind 9 mph",Tennessee Titans,Jacksonville Jaguars,Brenton Strange,JAX,Tennessee Titans,away,10,6,TE,0,0.0,0,0,0,0,0,0,0,0,0,1,1,21,0,0
2024,14,"53 degrees, relative humidity 44%, wind 9 mph",Tennessee Titans,Jacksonville Jaguars,Brian Thomas,JAX,Tennessee Titans,away,10,6,WR,0,0.0,0,0,0,0,0,0,0,0,0,12,8,86,0,0
2024,14,"53 degrees, relative humidity 44%, wind 9 mph",Tennessee Titans,Jacksonville Jaguars,Devin Duvernay,JAX,Tennessee Titans,away,10,6,WR,1,1.7543859649122806,0,0,0,0,0,0,1,-7,0,3,3,8,0,0
2024,14,"53 degrees, relative humidity 44%, wind 9 mph",Tennessee Titans,Jacksonville Jaguars,Evan Engram,JAX,Tennessee Titans,away,10,6,TE,0,0.0,0,0,0,0,0,0,0,0,0,6,4,33,0,0
2024,14,"53 degrees, relative humidity 44%, wind 9 mph",Tennessee Titans,Jacksonville Jaguars,Mac Jones,JAX,Tennessee Titans,away,10,6,QB,34,59.64912280701754,23,31,220,0,2,1,3,3,0,0,0,0,0,0
2024,14,"53 degrees, relative humidity 44%, wind 9 mph",Tennessee Titans,Jacksonville Jaguars,Parker Washington,JAX,Tennessee Titans,away,10,6,WR,0,0.0,0,0,0,0,0,0,0,0,0,2,2,15,0,0
2024,14,"53 degrees, relative humidity 44%, wind 9 mph",Tennessee Titans,Jacksonville Jaguars,Tank Bigsby,JAX,Tennessee Titans,away,10,6,RB,18,31.57894736842105,0,0,0,0,0,0,18,55,1,2,1,7,0,0
2024,14,"53 degrees, relative humidity 44%, wind 9 mph",Tennessee Titans,Jacksonville Jaguars,Travis Etienne,JAX,Tennessee Titans,away,10,6,RB,4,7.017543859649122,0,0,0,0,0,0,4,20,0,4,4,50,0,0
2024,14,"50 degrees, relative humidity 80%, wind 10 mph",Los Angeles Chargers,Kansas City Chiefs,Baylor Cupp,KAN,Los Angeles Chargers,away,19,17,TE,0,0.0,0,0,0,0,0,0,0,0,0,1,0,0,0,0
2024,14,"50 degrees, relative humidity 80%, wind 10 mph",Los Angeles Chargers,Kansas City Chiefs,DeAndre Hopkins,KAN,Los Angeles Chargers,away,19,17,WR,0,0.0,0,0,0,0,0,0,0,0,0,9,4,32,1,0
2024,14,"50 degrees, relative humidity 80%, wind 10 mph",Los Angeles Chargers,Kansas City Chiefs,Isiah Pacheco,KAN,Los Angeles Chargers,away,19,17,RB,14,22.58064516129032,0,0,0,0,0,0,14,55,0,4,2,6,0,0
2024,14,"50 degrees, relative humidity 80%, wind 10 mph",Los Angeles Chargers,Kansas City Chiefs,JuJu Smith-Schuster,KAN,Los Angeles Chargers,away,19,17,WR,0,0.0,0,0,0,0,0,0,0,0,0,2,2,31,0,0
2024,14,"50 degrees, relative humidity 80%, wind 10 mph",Los Angeles Chargers,Kansas City Chiefs,Kareem Hunt,KAN,Los Angeles Chargers,away,19,17,RB,5,8.064516129032258,0,0,0,0,0,0,5,16,0,1,1,13,0,0
2024,14,"50 degrees, relative humidity 80%, wind 10 mph",Los Angeles Chargers,Kansas City Chiefs,Noah Gray,KAN,Los Angeles Chargers,away,19,17,TE,0,0.0,0,0,0,0,0,0,0,0,0,5,4,26,0,0
2024,14,"50 degrees, relative humidity 80%, wind 10 mph",Los Angeles Chargers,Kansas City Chiefs,Patrick Mahomes,KAN,Los Angeles Chargers,away,19,17,QB,41,66.12903225806451,24,37,210,1,0,3,4,17,0,0,0,0,0,0
2024,14,"50 degrees, relative humidity 80%, wind 10 mph",Los Angeles Chargers,Kansas City Chiefs,Samaje Perine,KAN,Los Angeles Chargers,away,19,17,RB,1,1.6129032258064515,0,0,0,0,0,0,1,3,0,2,1,16,0,0
2024,14,"50 degrees, relative humidity 80%, wind 10 mph",Los Angeles Chargers,Kansas City Chiefs,Travis Kelce,KAN,Los Angeles Chargers,away,19,17,TE,0,0.0,0,0,0,0,0,0,0,0,0,6,5,45,0,0
2024,14,"50 degrees, relative humidity 80%, wind 10 mph",Los Angeles Chargers,Kansas City Chiefs,Xavier Worthy,KAN,Los Angeles Chargers,away,19,17,WR,1,1.6129032258064515,0,0,0,0,0,0,1,5,0,6,5,41,0,0
2024,14,"50 degrees, relative humidity 80%, wind 10 mph",Los Angeles Chargers,Kansas City Chiefs,DJ Chark,LAC,Los Angeles Chargers,away,19,17,WR,0,0.0,0,0,0,0,0,0,0,0,0,1,1,9,0,0
2024,14,"50 degrees, relative humidity 80%, wind 10 mph",Los Angeles Chargers,Kansas City Chiefs,Derius Davis,LAC,Los Angeles Chargers,away,19,17,WR,1,1.8518518518518516,0,0,0,0,0,0,1,0,0,4,2,1,0,1
2024,14,"50 degrees, relative humidity 80%, wind 10 mph",Los Angeles Chargers,Kansas City Chiefs,Gus Edwards,LAC,Los Angeles Chargers,away,19,17,RB,10,18.51851851851852,0,0,0,0,0,0,10,36,1,0,0,0,0,0
2024,14,"50 degrees, relative humidity 80%, wind 10 mph",Los Angeles Chargers,Kansas City Chiefs,Jalen Reagor,LAC,Los Angeles Chargers,away,19,17,WR,0,0.0,0,0,0,0,0,0,0,0,0,1,1,4,0,0
2024,14,"50 degrees, relative humidity 80%, wind 10 mph",Los Angeles Chargers,Kansas City Chiefs,Josh Palmer,LAC,Los Angeles Chargers,away,19,17,WR,0,0.0,0,0,0,0,0,0,0,0,0,9,6,78,0,0
2024,14,"50 degrees, relative humidity 80%, wind 10 mph",Los Angeles Chargers,Kansas City Chiefs,Justin Herbert,LAC,Los Angeles Chargers,away,19,17,QB,34,62.96296296296296,21,30,213,1,0,3,4,12,0,0,0,0,0,0
2024,14,"50 degrees, relative humidity 80%, wind 10 mph",Los Angeles Chargers,Kansas City Chiefs,Kimani Vidal,LAC,Los Angeles Chargers,away,19,17,RB,8,14.814814814814813,0,0,0,0,0,0,8,34,0,1,0,0,0,0
2024,14,"50 degrees, relative humidity 80%, wind 10 mph",Los Angeles Chargers,Kansas City Chiefs,Quentin Johnston,LAC,Los Angeles Chargers,away,19,17,WR,0,0.0,0,0,0,0,0,0,0,0,0,7,5,48,1,0
2024,14,"50 degrees, relative humidity 80%, wind 10 mph",Los Angeles Chargers,Kansas City Chiefs,Stone Smartt,LAC,Los Angeles Chargers,away,19,17,TE,0,0.0,0,0,0,0,0,0,0,0,0,3,3,54,0,0
2024,14,"50 degrees, relative humidity 80%, wind 10 mph",Los Angeles Chargers,Kansas City Chiefs,Taylor Heinicke,LAC,Los Angeles Chargers,away,19,17,QB,1,1.8518518518518516,0,0,0,0,0,0,1,12,0,0,0,0,0,0
2024,14,"50 degrees, relative humidity 80%, wind 10 mph",Los Angeles Chargers,Kansas City Chiefs,Tucker Fisk,LAC,Los Angeles Chargers,away,19,17,TE,0,0.0,0,0,0,0,0,0,0,0,0,1,1,0,0,0
2024,14,"50 degrees, relative humidity 80%, wind 10 mph",Los Angeles Chargers,Kansas City Chiefs,Will Dissly,LAC,Los Angeles Chargers,away,19,17,TE,0,0.0,0,0,0,0,0,0,0,0,0,2,2,19,0,0
2024,14,,Buffalo Bills,Los Angeles Rams,Blake Corum,LAR,Buffalo Bills,away,44,42,RB,8,11.11111111111111,0,0,0,0,0,0,8,34,0,0,0,0,0,0
2024,14,,Buffalo Bills,Los Angeles Rams,Colby Parkinson,LAR,Buffalo Bills,away,44,42,TE,0,0.0,0,0,0,0,0,0,0,0,0,1,1,11,0,0
2024,14,,Buffalo Bills,Los Angeles Rams,Cooper Kupp,LAR,Buffalo Bills,away,44,42,WR,0,0.0,0,0,0,0,0,0,0,0,0,8,5,92,1,0
2024,14,,Buffalo Bills,Los Angeles Rams,Demarcus Robinson,LAR,Buffalo Bills,away,44,42,WR,0,0.0,0,0,0,0,0,0,0,0,0,1,0,0,0,0
2024,14,,Buffalo Bills,Los Angeles Rams,Hunter Long,LAR,Buffalo Bills,away,44,42,TE,0,0.0,0,0,0,0,0,0,0,0,0,1,0,0,0,0
2024,14,,Buffalo Bills,Los Angeles Rams,Kyren Williams,LAR,Buffalo Bills,away,44,42,RB,29,40.27777777777778,0,0,0,0,0,0,29,87,2,2,2,10,0,0
2024,14,,Buffalo Bills,Los Angeles Rams,Matthew Stafford,LAR,Buffalo Bills,away,44,42,QB,30,41.66666666666667,23,30,320,2,0,0,0,0,0,0,0,0,0,0
2024,14,,Buffalo Bills,Los Angeles Rams,Puka Nacua,LAR,Buffalo Bills,away,44,42,WR,5,6.944444444444445,0,0,0,0,0,0,5,16,1,14,12,162,1,0
2024,14,,Buffalo Bills,Los Angeles Rams,Tutu Atwell,LAR,Buffalo Bills,away,44,42,WR,0,0.0,0,0,0,0,0,0,0,0,0,3,3,45,0,0
2024,14,"71 degrees, relative humidity 56%, wind 4 mph",Las Vegas Raiders,Tampa Bay Buccaneers,Aidan O'Connell,LVR,Las Vegas Raiders,away,28,13,QB,25,40.32258064516129,11,19,104,0,1,1,6,6,1,0,0,0,0,1
2024,14,"71 degrees, relative humidity 56%, wind 4 mph",Las Vegas Raiders,Tampa Bay Buccaneers,Ameer Abdullah,LVR,Las Vegas Raiders,away,28,13,RB,1,1.6129032258064515,0,0,0,0,0,0,1,1,0,2,1,-3,0,0
2024,14,"71 degrees, relative humidity 56%, wind 4 mph",Las Vegas Raiders,Tampa Bay Buccaneers,Brock Bowers,LVR,Las Vegas Raiders,away,28,13,TE,1,1.6129032258064515,0,0,0,0,0,0,1,3,0,5,3,49,0,0
2024,14,"71 degrees, relative humidity 56%, wind 4 mph",Las Vegas Raiders,Tampa Bay Buccaneers,Desmond Ridder,LVR,Las Vegas Raiders,away,28,13,QB,20,32.25806451612903,12,18,101,0,0,1,2,3,0,0,0,0,0,1
2024,14,"71 degrees, relative humidity 56%, wind 4 mph",Las Vegas Raiders,Tampa Bay Buccaneers,Jakobi Meyers,LVR,Las Vegas Raiders,away,28,13,WR,0,0.0,0,0,0,0,0,0,0,0,0,10,7,67,0,0
2024,14,"71 degrees, relative humidity 56%, wind 4 mph",Las Vegas Raiders,Tampa Bay Buccaneers,Michael Mayer,LVR,Las Vegas Raiders,away,28,13,TE,0,0.0,0,0,0,0,0,0,0,0,0,9,7,68,0,0
2024,14,"71 degrees, relative humidity 56%, wind 4 mph",Las Vegas Raiders,Tampa Bay Buccaneers,Sincere McCormick,LVR,Las Vegas Raiders,away,28,13,RB,15,24.193548387096776,0,0,0,0,0,0,15,78,0,3,2,11,0,0
2024,14,"71 degrees, relative humidity 56%, wind 4 mph",Las Vegas Raiders,Tampa Bay Buccaneers,Terrace Marshall Jr.,LVR,Las Vegas Raiders,away,28,13,WR,0,0.0,0,0,0,0,0,0,0,0,0,1,1,6,0,0
2024,14,"71 degrees, relative humidity 56%, wind 4 mph",Las Vegas Raiders,Tampa Bay Buccaneers,Tre Tucker,LVR,Las Vegas Raiders,away,28,13,WR,0,0.0,0,0,0,0,0,0,0,0,0,5,2,7,0,0
2024,14,"77 degrees, relative humidity 55%, wind 12 mph",New York Jets,Miami Dolphins,De'Von Achane,MIA,New York Jets,away,32,26,RB,14,21.21212121212121,0,0,0,0,0,0,14,24,1,7,6,45,0,0
2024,14,"77 degrees, relative humidity 55%, wind 12 mph",New York Jets,Miami Dolphins,Durham Smythe,MIA,New York Jets,away,32,26,TE,0,0.0,0,0,0,0,0,0,0,0,0,1,0,0,0,0
2024,14,"77 degrees, relative humidity 55%, wind 12 mph",New York Jets,Miami Dolphins,Jaylen Waddle,MIA,New York Jets,away,32,26,WR,0,0.0,0,0,0,0,0,0,0,0,0,12,9,99,0,0
2024,14,"77 degrees, relative humidity 55%, wind 12 mph",New York Jets,Miami Dolphins,Jaylen Wright,MIA,New York Jets,away,32,26,RB,2,3.0303030303030303,0,0,0,0,0,0,2,7,0,3,2,6,0,0
2024,14,"77 degrees, relative humidity 55%, wind 12 mph",New York Jets,Miami Dolphins,Jeff Wilson,MIA,New York Jets,away,32,26,RB,1,1.5151515151515151,0,0,0,0,0,0,1,4,0,1,1,7,0,0
2024,14,"77 degrees, relative humidity 55%, wind 12 mph",New York Jets,Miami Dolphins,Jonnu Smith,MIA,New York Jets,away,32,26,TE,0,0.0,0,0,0,0,0,0,0,0,0,4,3,44,1,0
2024,14,"77 degrees, relative humidity 55%, wind 12 mph",New York Jets,Miami Dolphins,Julian Hill,MIA,New York Jets,away,32,26,TE,0,0.0,0,0,0,0,0,0,0,0,0,1,1,14,0,0
2024,14,"77 degrees, relative humidity 55%, wind 12 mph",New York Jets,Miami Dolphins,Malik Washington,MIA,New York Jets,away,32,26,WR,0,0.0,0,0,0,0,0,0,0,0,0,1,0,0,0,0
2024,14,"77 degrees, relative humidity 55%, wind 12 mph",New York Jets,Miami Dolphins,Odell Beckham Jr.,MIA,New York Jets,away,32,26,WR,0,0.0,0,0,0,0,0,0,0,0,0,1,1,1,0,0
2024,14,"77 degrees, relative humidity 55%, wind 12 mph",New York Jets,Miami Dolphins,Tua Tagovailoa,MIA,New York Jets,away,32,26,QB,48,72.72727272727273,33,47,331,2,0,0,1,3,0,0,0,0,0,0
2024,14,"77 degrees, relative humidity 55%, wind 12 mph",New York Jets,Miami Dolphins,Tyreek Hill,MIA,New York Jets,away,32,26,WR,1,1.5151515151515151,0,0,0,0,0,0,1,6,0,14,10,115,1,0
2024,14,,Atlanta Falcons,Minnesota Vikings,Aaron Jones,MIN,Atlanta Falcons,away,42,21,RB,13,25.0,0,0,0,0,0,0,13,73,1,2,2,11,0,0
2024,14,,Atlanta Falcons,Minnesota Vikings,Cam Akers,MIN,Atlanta Falcons,away,42,21,RB,5,9.615384615384617,0,0,0,0,0,0,5,37,0,0,0,0,0,0
2024,14,,Atlanta Falcons,Minnesota Vikings,Jordan Addison,MIN,Atlanta Falcons,away,42,21,WR,0,0.0,0,0,0,0,0,0,0,0,0,12,8,133,3,0
2024,14,,Atlanta Falcons,Minnesota Vikings,Josh Oliver,MIN,Atlanta Falcons,away,42,21,TE,0,0.0,0,0,0,0,0,0,0,0,0,2,1,26,0,0
2024,14,,Atlanta Falcons,Minnesota Vikings,Justin Jefferson,MIN,Atlanta Falcons,away,42,21,WR,0,0.0,0,0,0,0,0,0,0,0,0,7,7,132,2,0
2024,14,,Atlanta Falcons,Minnesota Vikings,Nick Mullens,MIN,Atlanta Falcons,away,42,21,QB,2,3.8461538461538463,0,0,0,0,0,0,2,-2,0,0,0,0,0,0
2024,14,,Atlanta Falcons,Minnesota Vikings,Sam Darnold,MIN,Atlanta Falcons,away,42,21,QB,32,61.53846153846154,22,28,347,5,0,4,4,7,0,0,0,0,0,0
2024,14,,Atlanta Falcons,Minnesota Vikings,T.J. Hockenson,MIN,Atlanta Falcons,away,42,21,TE,0,0.0,0,0,0,0,0,0,0,0,0,5,4,45,0,0
2024,14,"54 degrees, relative humidity 35%, wind 13 mph",New York Giants,New Orleans Saints,Alvin Kamara,NOR,New York Giants,away,14,11,RB,17,26.5625,0,0,0,0,0,0,17,44,0,5,5,35,0,0
2024,14,"54 degrees, relative humidity 35%, wind 13 mph",New York Giants,New Orleans Saints,Cedrick Wilson Jr.,NOR,New York Giants,away,14,11,WR,0,0.0,0,0,0,0,0,0,0,0,0,1,1,18,0,0
2024,14,"54 degrees, relative humidity 35%, wind 13 mph",New York Giants,New Orleans Saints,Dallin Holker,NOR,New York Giants,away,14,11,TE,0,0.0,0,0,0,0,0,0,0,0,0,1,1,10,0,0
2024,14,"54 degrees, relative humidity 35%, wind 13 mph",New York Giants,New Orleans Saints,Dante Pettis,NOR,New York Giants,away,14,11,WR,0,0.0,0,0,0,0,0,0,0,0,0,2,0,0,0,0
2024,14,"54 degrees, relative humidity 35%, wind 13 mph",New York Giants,New Orleans Saints,Derek Carr,NOR,New York Giants,away,14,11,QB,33,51.5625,20,31,219,1,1,1,2,12,0,0,0,0,0,1
2024,14,"54 degrees, relative humidity 35%, wind 13 mph",New York Giants,New Orleans Saints,Foster Moreau,NOR,New York Giants,away,14,11,TE,0,0.0,0,0,0,0,0,0,0,0,0,2,2,40,0,0
2024,14,"54 degrees, relative humidity 35%, wind 13 mph",New York Giants,New Orleans Saints,Jake Haener,NOR,New York Giants,away,14,11,QB,1,1.5625,0,0,0,0,0,1,1,-1,0,0,0,0,0,0
2024,14,"54 degrees, relative humidity 35%, wind 13 mph",New York Giants,New Orleans Saints,Jamaal Williams,NOR,New York Giants,away,14,11,RB,3,4.6875,0,0,0,0,0,0,3,5,0,2,2,10,0,0
2024,14,"54 degrees, relative humidity 35%, wind 13 mph",New York Giants,New Orleans Saints,Juwan Johnson,NOR,New York Giants,away,14,11,TE,0,0.0,0,0,0,0,0,0,0,0,0,5,4,50,1,1
2024,14,"54 degrees, relative humidity 35%, wind 13 mph",New York Giants,New Orleans Saints,Kendre Miller,NOR,New York Giants,away,14,11,RB,10,15.625,0,0,0,0,0,0,10,32,1,1,0,0,0,0
2024,14,"54 degrees, relative humidity 35%, wind 13 mph",New York Giants,New Orleans Saints,Kevin Austin,NOR,New York Giants,away,14,11,WR,0,0.0,0,0,0,0,0,0,0,0,0,5,1,5,0,0
2024,14,"54 degrees, relative humidity 35%, wind 13 mph",New York Giants,New Orleans Saints,Marquez Valdes-Scantling,NOR,New York Giants,away,14,11,WR,0,0.0,0,0,0,0,0,0,0,0,0,7,4,51,0,0
2024,14,"54 degrees, relative humidity 35%, wind 13 mph",New York Giants,New Orleans Saints,Daniel Bellinger,NYG,New York Giants,away,14,11,TE,0,0.0,0,0,0,0,0,0,0,0,0,7,5,45,0,0
2024,14,"54 degrees, relative humidity 35%, wind 13 mph",New York Giants,New Orleans Saints,Darius Slayton,NYG,New York Giants,away,14,11,WR,0,0.0,0,0,0,0,0,0,0,0,0,6,2,27,0,0
2024,14,"54 degrees, relative humidity 35%, wind 13 mph",New York Giants,New Orleans Saints,Devin Singletary,NYG,New York Giants,away,14,11,RB,2,2.7777777777777777,0,0,0,0,0,0,2,8,0,0,0,0,0,0
2024,14,"54 degrees, relative humidity 35%, wind 13 mph",New York Giants,New Orleans Saints,Drew Lock,NYG,New York Giants,away,14,11,QB,54,75.0,21,49,227,0,1,2,5,59,0,0,0,0,0,0
2024,14,"54 degrees, relative humidity 35%, wind 13 mph",New York Giants,New Orleans Saints,Jalin Hyatt,NYG,New York Giants,away,14,11,WR,0,0.0,0,0,0,0,0,0,0,0,0,2,0,0,0,0
2024,14,"54 degrees, relative humidity 35%, wind 13 mph",New York Giants,New Orleans Saints,Malik Nabers,NYG,New York Giants,away,14,11,WR,0,0.0,0,0,0,0,0,0,0,0,0,10,5,79,0,0
2024,14,"54 degrees, relative humidity 35%, wind 13 mph",New York Giants,New Orleans Saints,Tyrone Tracy Jr.,NYG,New York Giants,away,14,11,RB,16,22.22222222222222,0,0,0,0,0,0,16,45,1,10,5,38,0,0
2024,14,"54 degrees, relative humidity 35%, wind 13 mph",New York Giants,New Orleans Saints,Wan'Dale Robinson,NYG,New York Giants,away,14,11,WR,0,0.0,0,0,0,0,0,0,0,0,0,11,4,38,0,0
2024,14,"77 degrees, relative humidity 55%, wind 12 mph",New York Jets,Miami Dolphins,Aaron Rodgers,NYJ,New York Jets,away,32,26,QB,39,65.0,27,39,339,1,0,3,0,0,0,0,0,0,0,0
2024,14,"77 degrees, relative humidity 55%, wind 12 mph",New York Jets,Miami Dolphins,Allen Lazard,NYJ,New York Jets,away,32,26,WR,0,0.0,0,0,0,0,0,0,0,0,0,1,1,18,0,0
2024,14,"77 degrees, relative humidity 55%, wind 12 mph",New York Jets,Miami Dolphins,Braelon Allen,NYJ,New York Jets,away,32,26,RB,11,18.333333333333332,0,0,0,0,0,0,11,43,0,5,4,38,0,0
2024,14,"77 degrees, relative humidity 55%, wind 12 mph",New York Jets,Miami Dolphins,Davante Adams,NYJ,New York Jets,away,32,26,WR,0,0.0,0,0,0,0,0,0,0,0,0,11,9,109,1,0
2024,14,"77 degrees, relative humidity 55%, wind 12 mph",New York Jets,Miami Dolphins,Garrett Wilson,NYJ,New York Jets,away,32,26,WR,0,0.0,0,0,0,0,0,0,0,0,0,10,7,114,0,0
2024,14,"77 degrees, relative humidity 55%, wind 12 mph",New York Jets,Miami Dolphins,Isaiah Davis,NYJ,New York Jets,away,32,26,RB,10,16.666666666666664,0,0,0,0,0,0,10,40,1,6,3,27,0,0
2024,14,"77 degrees, relative humidity 55%, wind 12 mph",New York Jets,Miami Dolphins,Jeremy Ruckert,NYJ,New York Jets,away,32,26,TE,0,0.0,0,0,0,0,0,0,0,0,0,1,0,0,0,0
2024,14,"77 degrees, relative humidity 55%, wind 12 mph",New York Jets,Miami Dolphins,Tyler Conklin,NYJ,New York Jets,away,32,26,TE,0,0.0,0,0,0,0,0,0,0,0,0,5,3,33,0,0
2024,14,"55 degrees, relative humidity 37%, wind 16 mph",Carolina Panthers,Philadelphia Eagles,A.J. Brown,PHI,Carolina Panthers,away,22,16,WR,0,0.0,0,0,0,0,0,0,0,0,0,4,4,43,0,0
2024,14,"55 degrees, relative humidity 37%, wind 16 mph",Carolina Panthers,Philadelphia Eagles,DeVonta Smith,PHI,Carolina Panthers,away,22,16,WR,0,0.0,0,0,0,0,0,0,0,0,0,6,4,37,1,0
2024,14,"55 degrees, relative humidity 37%, wind 16 mph",Carolina Panthers,Philadelphia Eagles,Grant Calcaterra,PHI,Carolina Panthers,away,22,16,TE,0,0.0,0,0,0,0,0,0,0,0,0,3,3,16,1,0
2024,14,"55 degrees, relative humidity 37%, wind 16 mph",Carolina Panthers,Philadelphia Eagles,Jahan Dotson,PHI,Carolina Panthers,away,22,16,WR,0,0.0,0,0,0,0,0,0,0,0,0,2,1,5,0,0
2024,14,"55 degrees, relative humidity 37%, wind 16 mph",Carolina Panthers,Philadelphia Eagles,Jalen Hurts,PHI,Carolina Panthers,away,22,16,QB,29,55.769230769230774,14,21,108,2,0,4,8,59,1,0,0,0,0,1
2024,14,"55 degrees, relative humidity 37%, wind 16 mph",Carolina Panthers,Philadelphia Eagles,Johnny Wilson,PHI,Carolina Panthers,away,22,16,WR,0,0.0,0,0,0,0,0,0,0,0,0,1,0,0,0,0
2024,14,"55 degrees, relative humidity 37%, wind 16 mph",Carolina Panthers,Philadelphia Eagles,Kenneth Gainwell,PHI,Carolina Panthers,away,22,16,RB,3,5.769230769230769,0,0,0,0,0,0,3,26,0,2,2,7,0,0
2024,14,"55 degrees, relative humidity 37%, wind 16 mph",Carolina Panthers,Philadelphia Eagles,Saquon Barkley,PHI,Carolina Panthers,away,22,16,RB,20,38.46153846153847,0,0,0,0,0,0,20,124,0,1,0,0,0,0
2024,14,"49 degrees, relative humidity 62%, wind 12 mph",Cleveland Browns,Pittsburgh Steelers,Calvin Austin,PIT,Cleveland Browns,away,27,14,UNK,0,0.0,0,0,0,0,0,0,0,0,0,4,1,4,0,0
2024,14,"49 degrees, relative humidity 62%, wind 12 mph",Cleveland Browns,Pittsburgh Steelers,Cordarrelle Patterson,PIT,Cleveland Browns,away,27,14,RB,4,6.557377049180328,0,0,0,0,0,0,4,3,0,1,1,-2,0,1
2024,14,"49 degrees, relative humidity 62%, wind 12 mph",Cleveland Browns,Pittsburgh Steelers,Darnell Washington,PIT,Cleveland Browns,away,27,14,TE,0,0.0,0,0,0,0,0,0,0,0,0,1,0,0,0,0
2024,14,"49 degrees, relative humidity 62%, wind 12 mph",Cleveland Browns,Pittsburgh Steelers,Jaylen Warren,PIT,Cleveland Browns,away,27,14,RB,9,14.754098360655737,0,0,0,0,0,0,9,47,0,5,2,25,0,0
2024,14,"49 degrees, relative humidity 62%, wind 12 mph",Cleveland Browns,Pittsburgh Steelers,Mike Williams,PIT,Cleveland Browns,away,27,14,WR,0,0.0,0,0,0,0,0,0,0,0,0,4,3,36,0,0
2024,14,"49 degrees, relative humidity 62%, wind 12 mph",Cleveland Browns,Pittsburgh Steelers,MyCole Pruitt,PIT,Cleveland Browns,away,27,14,TE,0,0.0,0,0,0,0,0,0,0,0,0,1,1,-1,0,0
2024,14,"49 degrees, relative humidity 62%, wind 12 mph",Cleveland Browns,Pittsburgh Steelers,Najee Harris,PIT,Cleveland Browns,away,27,14,RB,16,26.229508196721312,0,0,0,0,0,0,16,53,1,0,0,0,0,0
2024,14,"49 degrees, relative humidity 62%, wind 12 mph",Cleveland Browns,Pittsburgh Steelers,Pat Freiermuth,PIT,Cleveland Browns,away,27,14,TE,0,0.0,0,0,0,0,0,0,0,0,0,3,3,48,1,0
2024,14,"49 degrees, relative humidity 62%, wind 12 mph",Cleveland Browns,Pittsburgh Steelers,Russell Wilson,PIT,Cleveland Browns,away,27,14,QB,32,52.459016393442624,15,26,158,2,0,1,6,17,0,0,0,0,0,0
2024,14,"49 degrees, relative humidity 62%, wind 12 mph",Cleveland Browns,Pittsburgh Steelers,Scott Miller,PIT,Cleveland Browns,away,27,14,WR,0,0.0,0,0,0,0,0,0,0,0,0,4,3,38,0,0
2024,14,"49 degrees, relative humidity 62%, wind 12 mph",Cleveland Browns,Pittsburgh Steelers,Van Jefferson,PIT,Cleveland Browns,away,27,14,WR,0,0.0,0,0,0,0,0,0,0,0,0,1,1,10,1,0
2024,14,,Arizona Cardinals,Seattle Seahawks,AJ Barner,SEA,Arizona Cardinals,away,30,18,TE,0,0.0,0,0,0,0,0,0,0,0,0,1,1,13,0,0
2024,14,,Arizona Cardinals,Seattle Seahawks,D.K. Metcalf,SEA,Arizona Cardinals,away,30,18,WR,0,0.0,0,0,0,0,0,0,0,0,0,6,4,49,0,0
2024,14,,Arizona Cardinals,Seattle Seahawks,Geno Smith,SEA,Arizona Cardinals,away,30,18,QB,31,50.81967213114754,24,30,233,1,0,0,1,0,0,0,0,0,0,1
2024,14,,Arizona Cardinals,Seattle Seahawks,George Holani,SEA,Arizona Cardinals,away,30,18,RB,0,0.0,0,0,0,0,0,0,0,0,0,1,1,-1,0,0
2024,14,,Arizona Cardinals,Seattle Seahawks,Jaxon Smith-Njigba,SEA,Arizona Cardinals,away,30,18,WR,1,1.639344262295082,0,0,0,0,0,0,1,4,0,5,5,82,1,0
2024,14,,Arizona Cardinals,Seattle Seahawks,Kenny McIntosh,SEA,Arizona Cardinals,away,30,18,RB,7,11.475409836065573,0,0,0,0,0,0,7,38,0,2,2,7,0,0
2024,14,,Arizona Cardinals,Seattle Seahawks,Noah Fant,SEA,Arizona Cardinals,away,30,18,TE,0,0.0,0,0,0,0,0,0,0,0,0,4,3,18,0,0
2024,14,,Arizona Cardinals,Seattle Seahawks,Pharaoh Brown,SEA,Arizona Cardinals,away,30,18,TE,0,0.0,0,0,0,0,0,0,0,0,0,2,1,6,0,0
2024,14,,Arizona Cardinals,Seattle Seahawks,Tyler Lockett,SEA,Arizona Cardinals,away,30,18,WR,0,0.0,0,0,0,0,0,0,0,0,0,1,0,0,0,0
2024,14,,Arizona Cardinals,Seattle Seahawks,Zach Charbonnet,SEA,Arizona Cardinals,away,30,18,RB,22,36.0655737704918,0,0,0,0,0,0,22,134,2,7,7,59,0,0
2024,14,"65 degrees, relative humidity 51%, wind 4 mph",Chicago Bears,San Francisco 49ers,Brandon Allen,SFO,Chicago Bears,away,38,13,QB,1,1.6666666666666667,0,1,0,0,1,0,0,0,0,0,0,0,0,0
2024,14,"65 degrees, relative humidity 51%, wind 4 mph",Chicago Bears,San Francisco 49ers,Brock Purdy,SFO,Chicago Bears,away,38,13,QB,30,50.0,20,25,325,2,0,1,5,11,0,0,0,0,0,0
2024,14,"65 degrees, relative humidity 51%, wind 4 mph",Chicago Bears,San Francisco 49ers,Deebo Samuel,SFO,Chicago Bears,away,38,13,WR,5,8.333333333333332,0,0,0,0,0,0,5,13,0,3,2,22,0,0
2024,14,"65 degrees, relative humidity 51%, wind 4 mph",Chicago Bears,San Francisco 49ers,Eric Saubert,SFO,Chicago Bears,away,38,13,TE,0,0.0,0,0,0,0,0,0,0,0,0,1,1,4,0,0
2024,14,"65 degrees, relative humidity 51%, wind 4 mph",Chicago Bears,San Francisco 49ers,George Kittle,SFO,Chicago Bears,away,38,13,TE,0,0.0,0,0,0,0,0,0,0,0,0,6,6,151,0,0
2024,14,"65 degrees, relative humidity 51%, wind 4 mph",Chicago Bears,San Francisco 49ers,Isaac Guerendo,SFO,Chicago Bears,away,38,13,RB,15,25.0,0,0,0,0,0,0,15,78,2,2,2,50,0,0
2024,14,"65 degrees, relative humidity 51%, wind 4 mph",Chicago Bears,San Francisco 49ers,Jacob Cowing,SFO,Chicago Bears,away,38,13,WR,0,0.0,0,0,0,0,0,0,0,0,0,1,0,0,0,0
2024,14,"65 degrees, relative humidity 51%, wind 4 mph",Chicago Bears,San Francisco 49ers,Jauan Jennings,SFO,Chicago Bears,away,38,13,WR,0,0.0,0,0,0,0,0,0,0,0,0,8,7,90,2,0
2024,14,"65 degrees, relative humidity 51%, wind 4 mph",Chicago Bears,San Francisco 49ers,Ke'Shawn Vaughn,SFO,Chicago Bears,away,38,13,RB,2,3.3333333333333335,0,0,0,0,0,0,2,4,0,0,0,0,0,0
2024,14,"65 degrees, relative humidity 51%, wind 4 mph",Chicago Bears,San Francisco 49ers,Kyle Juszczyk,SFO,Chicago Bears,away,38,13,FB,0,0.0,0,0,0,0,0,0,0,0,0,2,1,3,0,0
2024,14,"65 degrees, relative humidity 51%, wind 4 mph",Chicago Bears,San Francisco 49ers,Patrick Taylor,SFO,Chicago Bears,away,38,13,RB,7,11.666666666666666,0,0,0,0,0,0,7,25,1,1,0,0,0,0
2024,14,"65 degrees, relative humidity 51%, wind 4 mph",Chicago Bears,San Francisco 49ers,Ricky Pearsall,SFO,Chicago Bears,away,38,13,WR,0,0.0,0,0,0,0,0,0,0,0,0,2,1,5,0,0
2024,14,"71 degrees, relative humidity 56%, wind 4 mph",Las Vegas Raiders,Tampa Bay Buccaneers,Baker Mayfield,TAM,Las Vegas Raiders,away,28,13,QB,31,56.36363636363636,18,29,295,3,2,4,2,12,0,0,0,0,0,1
2024,14,"71 degrees, relative humidity 56%, wind 4 mph",Las Vegas Raiders,Tampa Bay Buccaneers,Bucky Irving,TAM,Las Vegas Raiders,away,28,13,RB,4,7.2727272727272725,0,0,0,0,0,0,4,3,0,1,1,15,0,0
2024,14,"71 degrees, relative humidity 56%, wind 4 mph",Las Vegas Raiders,Tampa Bay Buccaneers,Cade Otton,TAM,Las Vegas Raiders,away,28,13,TE,0,0.0,0,0,0,0,0,0,0,0,0,4,3,70,0,0
2024,14,"71 degrees, relative humidity 56%, wind 4 mph",Las Vegas Raiders,Tampa Bay Buccaneers,Jalen McMillan,TAM,Las Vegas Raiders,away,28,13,WR,0,0.0,0,0,0,0,0,0,0,0,0,7,4,59,2,0
2024,14,"71 degrees, relative humidity 56%, wind 4 mph",Las Vegas Raiders,Tampa Bay Buccaneers,Mike Evans,TAM,Las Vegas Raiders,away,28,13,WR,0,0.0,0,0,0,0,0,0,0,0,0,5,4,69,0,0
2024,14,"71 degrees, relative humidity 56%, wind 4 mph",Las Vegas Raiders,Tampa Bay Buccaneers,Rachaad White,TAM,Las Vegas Raiders,away,28,13,RB,17,30.909090909090907,0,0,0,0,0,0,17,90,1,3,2,19,1,0
2024,14,"71 degrees, relative humidity 56%, wind 4 mph",Las Vegas Raiders,Tampa Bay Buccaneers,Sean Tucker,TAM,Las Vegas Raiders,away,28,13,RB,3,5.454545454545454,0,0,0,0,0,0,3,47,0,2,0,0,0,0
2024,14,"71 degrees, relative humidity 56%, wind 4 mph",Las Vegas Raiders,Tampa Bay Buccaneers,Sterling Shepard,TAM,Las Vegas Raiders,away,28,13,WR,0,0.0,0,0,0,0,0,0,0,0,0,6,4,63,0,0
2024,14,"53 degrees, relative humidity 44%, wind 9 mph",Tennessee Titans,Jacksonville Jaguars,Bryce Oliver,TEN,Tennessee Titans,away,10,6,WR,0,0.0,0,0,0,0,0,0,0,0,0,1,1,16,0,0
2024,14,"53 degrees, relative humidity 44%, wind 9 mph",Tennessee Titans,Jacksonville Jaguars,Calvin Ridley,TEN,Tennessee Titans,away,10,6,WR,0,0.0,0,0,0,0,0,0,0,0,0,12,7,59,0,0
2024,14,"53 degrees, relative humidity 44%, wind 9 mph",Tennessee Titans,Jacksonville Jaguars,Chigoziem Okonkwo,TEN,Tennessee Titans,away,10,6,TE,0,0.0,0,0,0,0,0,0,0,0,0,4,3,8,0,0
2024,14,"53 degrees, relative humidity 44%, wind 9 mph",Tennessee Titans,Jacksonville Jaguars,David Martin-Robinson,TEN,Tennessee Titans,away,10,6,TE,0,0.0,0,0,0,0,0,0,0,0,0,1,0,0,0,0
2024,14,"53 degrees, relative humidity 44%, wind 9 mph",Tennessee Titans,Jacksonville Jaguars,Josh Whyle,TEN,Tennessee Titans,away,10,6,TE,0,0.0,0,0,0,0,0,0,0,0,0,2,2,31,0,0
2024,14,"53 degrees, relative humidity 44%, wind 9 mph",Tennessee Titans,Jacksonville Jaguars,Nick Vannett,TEN,Tennessee Titans,away,10,6,TE,0,0.0,0,0,0,0,0,0,0,0,0,2,1,4,0,0
2024,14,"53 degrees, relative humidity 44%, wind 9 mph",Tennessee Titans,Jacksonville Jaguars,Nick Westbrook-Ikhine,TEN,Tennessee Titans,away,10,6,WR,0,0.0,0,0,0,0,0,0,0,0,0,2,1,19,0,0
2024,14,"53 degrees, relative humidity 44%, wind 9 mph",Tennessee Titans,Jacksonville Jaguars,Tony Pollard,TEN,Tennessee Titans,away,10,6,RB,21,35.0,0,0,0,0,0,0,21,102,0,2,2,22,0,0
2024,14,"53 degrees, relative humidity 44%, wind 9 mph",Tennessee Titans,Jacksonville Jaguars,Tyjae Spears,TEN,Tennessee Titans,away,10,6,RB,6,10.0,0,0,0,0,0,0,6,21,0,2,1,2,0,0
2024,14,"53 degrees, relative humidity 44%, wind 9 mph",Tennessee Titans,Jacksonville Jaguars,Tyler Boyd,TEN,Tennessee Titans,away,10,6,WR,0,0.0,0,0,0,0,0,0,0,0,0,4,1,7,0,0
2024,14,"53 degrees, relative humidity 44%, wind 9 mph",Tennessee Titans,Jacksonville Jaguars,Will Levis,TEN,Tennessee Titans,away,10,6,QB,33,55.00000000000001,19,32,168,0,0,2,1,3,0,0,0,0,0,1
2024,15,,New England Patriots,Arizona Cardinals,Clayton Tune,ARI,New England Patriots,away,30,17,QB,3,4.6875,2,2,8,0,0,0,1,-1,0,0,0,0,0,0
2024,15,,New England Patriots,Arizona Cardinals,DeeJay Dallas,ARI,New England Patriots,away,30,17,RB,4,6.25,0,0,0,0,0,0,4,15,0,0,0,0,0,0
2024,15,,New England Patriots,Arizona Cardinals,Elijah Higgins,ARI,New England Patriots,away,30,17,TE,0,0.0,0,0,0,0,0,0,0,0,0,1,1,5,0,0
2024,15,,New England Patriots,Arizona Cardinals,Greg Dortch,ARI,New England Patriots,away,30,17,WR,1,1.5625,0,0,0,0,0,0,1,6,0,3,3,60,0,1
2024,15,,New England Patriots,Arizona Cardinals,James Conner,ARI,New England Patriots,away,30,17,RB,16,25.0,0,0,0,0,0,0,16,110,2,5,5,28,0,0
2024,15,,New England Patriots,Arizona Cardinals,Kyler Murray,ARI,New England Patriots,away,30,17,QB,35,54.6875,23,30,224,0,0,0,5,11,0,0,0,0,0,0
2024,15,,New England Patriots,Arizona Cardinals,Marvin Harrison Jr.,ARI,New England Patriots,away,30,17,WR,0,0.0,0,0,0,0,0,0,0,0,0,6,2,32,0,0
2024,15,,New England Patriots,Arizona Cardinals,Michael Wilson,ARI,New England Patriots,away,30,17,WR,0,0.0,0,0,0,0,0,0,0,0,0,2,2,9,0,0
2024,15,,New England Patriots,Arizona Cardinals,Tip Reiman,ARI,New England Patriots,away,30,17,TE,0,0.0,0,0,0,0,0,0,0,0,0,3,2,8,0,0
2024,15,,New England Patriots,Arizona Cardinals,Trey Benson,ARI,New England Patriots,away,30,17,RB,5,7.8125,0,0,0,0,0,0,5,22,0,0,0,0,0,0
2024,15,,New England Patriots,Arizona Cardinals,Trey McBride,ARI,New England Patriots,away,30,17,TE,0,0.0,0,0,0,0,0,0,0,0,0,10,9,87,0,0
2024,15,,New England Patriots,Arizona Cardinals,Zay Jones,ARI,New England Patriots,away,30,17,WR,0,0.0,0,0,0,0,0,0,0,0,0,1,1,3,0,0
2024,15,,Las Vegas Raiders,Atlanta Falcons,Bijan Robinson,ATL,Las Vegas Raiders,away,15,9,RB,22,40.74074074074074,0,0,0,0,0,0,22,125,0,2,1,10,0,0
2024,15,,Las Vegas Raiders,Atlanta Falcons,Charlie Woerner,ATL,Las Vegas Raiders,away,15,9,TE,0,0.0,0,0,0,0,0,0,0,0,0,3,2,7,0,0
2024,15,,Las Vegas Raiders,Atlanta Falcons,Darnell Mooney,ATL,Las Vegas Raiders,away,15,9,WR,0,0.0,0,0,0,0,0,0,0,0,0,1,0,0,0,0
2024,15,,Las Vegas Raiders,Atlanta Falcons,Drake London,ATL,Las Vegas Raiders,away,15,9,WR,0,0.0,0,0,0,0,0,0,0,0,0,3,3,53,1,0
2024,15,,Las Vegas Raiders,Atlanta Falcons,Kirk Cousins,ATL,Las Vegas Raiders,away,15,9,QB,20,37.03703703703704,11,17,112,1,1,3,3,0,0,0,0,0,0,1
2024,15,,Las Vegas Raiders,Atlanta Falcons,Kyle Pitts,ATL,Las Vegas Raiders,away,15,9,TE,0,0.0,0,0,0,0,0,0,0,0,0,4,4,28,0,0
2024,15,,Las Vegas Raiders,Atlanta Falcons,Ray-Ray McCloud,ATL,Las Vegas Raiders,away,15,9,WR,0,0.0,0,0,0,0,0,0,0,0,0,3,1,14,0,0
2024,15,,Las Vegas Raiders,Atlanta Falcons,Tyler Allgeier,ATL,Las Vegas Raiders,away,15,9,RB,12,22.22222222222222,0,0,0,0,0,0,12,43,0,0,0,0,0,0
2024,15,"36 degrees, relative humidity 62%, wind 6 mph",New York Giants,Baltimore Ravens,Derrick Henry,BAL,New York Giants,away,35,14,RB,14,25.0,0,0,0,0,0,0,14,67,0,0,0,0,0,0
2024,15,"36 degrees, relative humidity 62%, wind 6 mph",New York Giants,Baltimore Ravens,Devontez Walker,BAL,New York Giants,away,35,14,WR,0,0.0,0,0,0,0,0,0,0,0,0,1,1,21,1,0
2024,15,"36 degrees, relative humidity 62%, wind 6 mph",New York Giants,Baltimore Ravens,Isaiah Likely,BAL,New York Giants,away,35,14,TE,0,0.0,0,0,0,0,0,0,0,0,0,2,2,17,0,0
2024,15,"36 degrees, relative humidity 62%, wind 6 mph",New York Giants,Baltimore Ravens,Josh Johnson,BAL,New York Giants,away,35,14,QB,1,1.7857142857142856,0,0,0,0,0,1,1,-1,0,0,0,0,0,0
2024,15,"36 degrees, relative humidity 62%, wind 6 mph",New York Giants,Baltimore Ravens,Justice Hill,BAL,New York Giants,away,35,14,RB,2,3.571428571428571,0,0,0,0,0,0,2,7,0,5,5,61,1,0
2024,15,"36 degrees, relative humidity 62%, wind 6 mph",New York Giants,Baltimore Ravens,Lamar Jackson,BAL,New York Giants,away,35,14,QB,31,55.35714285714286,21,25,290,5,0,2,6,65,0,0,0,0,0,1
2024,15,"36 degrees, relative humidity 62%, wind 6 mph",New York Giants,Baltimore Ravens,Mark Andrews,BAL,New York Giants,away,35,14,TE,0,0.0,0,0,0,0,0,0,0,0,0,2,2,24,1,0
2024,15,"36 degrees, relative humidity 62%, wind 6 mph",New York Giants,Baltimore Ravens,Nelson Agholor,BAL,New York Giants,away,35,14,WR,0,0.0,0,0,0,0,0,0,0,0,0,1,1,26,0,0
2024,15,"36 degrees, relative humidity 62%, wind 6 mph",New York Giants,Baltimore Ravens,Rasheen Ali,BAL,New York Giants,away,35,14,RB,8,14.285714285714285,0,0,0,0,0,0,8,32,0,0,0,0,0,0
2024,15,"36 degrees, relative humidity 62%, wind 6 mph",New York Giants,Baltimore Ravens,Rashod Bateman,BAL,New York Giants,away,35,14,WR,0,0.0,0,0,0,0,0,0,0,0,0,5,3,80,2,0
2024,15,"36 degrees, relative humidity 62%, wind 6 mph",New York Giants,Baltimore Ravens,Tylan Wallace,BAL,New York Giants,away,35,14,WR,0,0.0,0,0,0,0,0,0,0,0,0,1,1,8,0,0
2024,15,"36 degrees, relative humidity 62%, wind 6 mph",New York Giants,Baltimore Ravens,Zay Flowers,BAL,New York Giants,away,35,14,WR,0,0.0,0,0,0,0,0,0,0,0,0,7,6,53,0,0
2024,15,,Detroit Lions,Buffalo Bills,Curtis Samuel,BUF,Detroit Lions,away,48,42,WR,0,0.0,0,0,0,0,0,0,0,0,0,2,1,1,0,0
2024,15,,Detroit Lions,Buffalo Bills,Dalton Kincaid,BUF,Detroit Lions,away,48,42,TE,0,0.0,0,0,0,0,0,0,0,0,0,7,4,53,0,0
2024,15,,Detroit Lions,Buffalo Bills,Dawson Knox,BUF,Detroit Lions,away,48,42,TE,0,0.0,0,0,0,0,0,0,0,0,0,3,2,42,0,0
2024,15,,Detroit Lions,Buffalo Bills,James Cook,BUF,Detroit Lions,away,48,42,RB,14,20.588235294117645,0,0,0,0,0,0,14,105,2,1,1,28,0,0
2024,15,,Detroit Lions,Buffalo Bills,Josh Allen,BUF,Detroit Lions,away,48,42,QB,45,66.17647058823529,23,34,362,2,0,0,11,68,2,0,0,0,0,0
2024,15,,Detroit Lions,Buffalo Bills,Keon Coleman,BUF,Detroit Lions,away,48,42,WR,0,0.0,0,0,0,0,0,0,0,0,0,2,1,64,0,0
2024,15,,Detroit Lions,Buffalo Bills,Khalil Shakir,BUF,Detroit Lions,away,48,42,WR,0,0.0,0,0,0,0,0,0,0,0,0,7,6,39,1,0
2024,15,,Detroit Lions,Buffalo Bills,Mack Hollins,BUF,Detroit Lions,away,48,42,WR,0,0.0,0,0,0,0,0,0,0,0,0,3,1,7,0,0
2024,15,,Detroit Lions,Buffalo Bills,Ray Davis,BUF,Detroit Lions,away,48,42,RB,7,10.294117647058822,0,0,0,0,0,0,7,15,0,2,2,14,1,0
2024,15,,Detroit Lions,Buffalo Bills,Ty Johnson,BUF,Detroit Lions,away,48,42,RB,2,2.941176470588235,0,0,0,0,0,0,2,9,0,5,5,114,0,0
2024,15,"45 degrees, relative humidity 77%, wind 7 mph",Carolina Panthers,Dallas Cowboys,Adam Thielen,CAR,Carolina Panthers,away,30,14,WR,0,0.0,0,0,0,0,0,0,0,0,0,7,5,51,0,0
2024,15,"45 degrees, relative humidity 77%, wind 7 mph",Carolina Panthers,Dallas Cowboys,Bryce Young,CAR,Carolina Panthers,away,30,14,QB,31,70.45454545454545,19,28,219,1,2,6,3,12,1,0,0,0,0,2
2024,15,"45 degrees, relative humidity 77%, wind 7 mph",Carolina Panthers,Dallas Cowboys,Chuba Hubbard,CAR,Carolina Panthers,away,30,14,RB,10,22.727272727272727,0,0,0,0,0,0,10,32,0,4,4,17,0,0
2024,15,"45 degrees, relative humidity 77%, wind 7 mph",Carolina Panthers,Dallas Cowboys,David Moore,CAR,Carolina Panthers,away,30,14,WR,0,0.0,0,0,0,0,0,0,0,0,0,4,2,19,0,0
2024,15,"45 degrees, relative humidity 77%, wind 7 mph",Carolina Panthers,Dallas Cowboys,Ja'Tavion Sanders,CAR,Carolina Panthers,away,30,14,TE,0,0.0,0,0,0,0,0,0,0,0,0,1,0,0,0,0
2024,15,"45 degrees, relative humidity 77%, wind 7 mph",Carolina Panthers,Dallas Cowboys,Jalen Coker,CAR,Carolina Panthers,away,30,14,WR,0,0.0,0,0,0,0,0,0,0,0,0,6,4,110,1,0
2024,15,"45 degrees, relative humidity 77%, wind 7 mph",Carolina Panthers,Dallas Cowboys,Mike Boone,CAR,Carolina Panthers,away,30,14,RB,2,4.545454545454546,0,0,0,0,0,0,2,14,0,0,0,0,0,0
2024,15,"45 degrees, relative humidity 77%, wind 7 mph",Carolina Panthers,Dallas Cowboys,Tommy Tremble,CAR,Carolina Panthers,away,30,14,TE,0,0.0,0,0,0,0,0,0,0,0,0,2,2,15,0,0
2024,15,"45 degrees, relative humidity 77%, wind 7 mph",Carolina Panthers,Dallas Cowboys,Xavier Legette,CAR,Carolina Panthers,away,30,14,WR,1,2.272727272727273,0,0,0,0,0,0,1,2,0,3,2,7,0,0
2024,15,,Chicago Bears,Minnesota Vikings,Caleb Williams,CHI,Chicago Bears,away,30,12,QB,35,57.377049180327866,18,31,191,1,0,2,4,3,0,0,0,0,0,1
2024,15,,Chicago Bears,Minnesota Vikings,Cole Kmet,CHI,Chicago Bears,away,30,12,TE,0,0.0,0,0,0,0,0,0,0,0,0,1,1,14,0,0
2024,15,,Chicago Bears,Minnesota Vikings,D'Andre Swift,CHI,Chicago Bears,away,30,12,RB,19,31.147540983606557,0,0,0,0,0,0,19,79,0,1,1,10,0,0
2024,15,,Chicago Bears,Minnesota Vikings,D.J. Moore,CHI,Chicago Bears,away,30,12,WR,3,4.918032786885246,0,0,0,0,0,0,3,24,0,8,8,46,0,0
2024,15,,Chicago Bears,Minnesota Vikings,Keenan Allen,CHI,Chicago Bears,away,30,12,WR,0,0.0,0,0,0,0,0,0,0,0,0,13,6,82,1,0
2024,15,,Chicago Bears,Minnesota Vikings,Rome Odunze,CHI,Chicago Bears,away,30,12,WR,0,0.0,0,0,0,0,0,0,0,0,0,7,2,39,0,0
2024,15,,Chicago Bears,Minnesota Vikings,Travis Homer,CHI,Chicago Bears,away,30,12,RB,3,4.918032786885246,0,0,0,0,0,0,3,7,0,0,0,0,0,0
2024,15,,Chicago Bears,Minnesota Vikings,Tyler Scott,CHI,Chicago Bears,away,30,12,WR,0,0.0,0,0,0,0,0,0,0,0,0,1,1,5,0,0
2024,15,,Chicago Bears,Minnesota Vikings,Tyson Bagent,CHI,Chicago Bears,away,30,12,QB,1,1.639344262295082,1,1,5,0,0,0,0,0,0,0,0,0,0,0
2024,15,"52 degrees, relative humidity 90%, wind 12 mph",Tennessee Titans,Cincinnati Bengals,Andrei Iosivas,CIN,Tennessee Titans,away,37,27,WR,0,0.0,0,0,0,0,0,0,0,0,0,4,1,5,0,0
2024,15,"52 degrees, relative humidity 90%, wind 12 mph",Tennessee Titans,Cincinnati Bengals,Cam Grandy,CIN,Tennessee Titans,away,37,27,TE,0,0.0,0,0,0,0,0,0,0,0,0,2,2,12,0,0
2024,15,"52 degrees, relative humidity 90%, wind 12 mph",Tennessee Titans,Cincinnati Bengals,Chase Brown,CIN,Tennessee Titans,away,37,27,RB,25,39.682539682539684,0,0,0,0,0,0,25,97,1,3,3,16,1,0
2024,15,"52 degrees, relative humidity 90%, wind 12 mph",Tennessee Titans,Cincinnati Bengals,Drew Sample,CIN,Tennessee Titans,away,37,27,TE,0,0.0,0,0,0,0,0,0,0,0,0,1,1,8,0,0
2024,15,"52 degrees, relative humidity 90%, wind 12 mph",Tennessee Titans,Cincinnati Bengals,Ja'Marr Chase,CIN,Tennessee Titans,away,37,27,WR,0,0.0,0,0,0,0,0,0,0,0,0,11,9,94,0,0
2024,15,"52 degrees, relative humidity 90%, wind 12 mph",Tennessee Titans,Cincinnati Bengals,Joe Burrow,CIN,Tennessee Titans,away,37,27,QB,37,58.730158730158735,26,37,271,3,2,1,0,0,0,0,0,0,0,1
2024,15,"52 degrees, relative humidity 90%, wind 12 mph",Tennessee Titans,Cincinnati Bengals,Khalil Herbert,CIN,Tennessee Titans,away,37,27,RB,1,1.5873015873015872,0,0,0,0,0,0,1,4,0,0,0,0,0,0
2024,15,"52 degrees, relative humidity 90%, wind 12 mph",Tennessee Titans,Cincinnati Bengals,Mike Gesicki,CIN,Tennessee Titans,away,37,27,TE,0,0.0,0,0,0,0,0,0,0,0,0,4,3,37,0,0
2024,15,"52 degrees, relative humidity 90%, wind 12 mph",Tennessee Titans,Cincinnati Bengals,Sam Hubbard,CIN,Tennessee Titans,away,37,27,DE,0,0.0,0,0,0,0,0,0,0,0,0,1,1,2,1,0
2024,15,"52 degrees, relative humidity 90%, wind 12 mph",Tennessee Titans,Cincinnati Bengals,Tanner Hudson,CIN,Tennessee Titans,away,37,27,TE,0,0.0,0,0,0,0,0,0,0,0,0,1,1,9,0,0
2024,15,"52 degrees, relative humidity 90%, wind 12 mph",Tennessee Titans,Cincinnati Bengals,Tee Higgins,CIN,Tennessee Titans,away,37,27,WR,0,0.0,0,0,0,0,0,0,0,0,0,8,5,88,1,0
2024,15,"40 degrees, relative humidity 87%, wind 18 mph",Cleveland Browns,Kansas City Chiefs,Blake Whiteheart,CLE,Cleveland Browns,away,21,7,TE,0,0.0,0,0,0,0,0,0,0,0,0,1,0,0,0,0
2024,15,"40 degrees, relative humidity 87%, wind 18 mph",Cleveland Browns,Kansas City Chiefs,Dorian Thompson-Robinson,CLE,Cleveland Browns,away,21,7,QB,12,21.818181818181817,4,9,18,0,1,0,3,16,0,0,0,0,0,0
2024,15,"40 degrees, relative humidity 87%, wind 18 mph",Cleveland Browns,Kansas City Chiefs,Elijah Moore,CLE,Cleveland Browns,away,21,7,WR,0,0.0,0,0,0,0,0,0,0,0,0,6,2,-1,0,0
2024,15,"40 degrees, relative humidity 87%, wind 18 mph",Cleveland Browns,Kansas City Chiefs,Jamari Thrash,CLE,Cleveland Browns,away,21,7,WR,0,0.0,0,0,0,0,0,0,0,0,0,1,0,0,0,0
2024,15,"40 degrees, relative humidity 87%, wind 18 mph",Cleveland Browns,Kansas City Chiefs,Jameis Winston,CLE,Cleveland Browns,away,21,7,QB,27,49.09090909090909,16,25,146,0,3,5,2,-2,0,0,0,0,0,1
2024,15,"40 degrees, relative humidity 87%, wind 18 mph",Cleveland Browns,Kansas City Chiefs,Jerome Ford,CLE,Cleveland Browns,away,21,7,RB,7,12.727272727272727,0,0,0,0,0,0,7,84,1,2,2,20,0,0
2024,15,"40 degrees, relative humidity 87%, wind 18 mph",Cleveland Browns,Kansas City Chiefs,Jerry Jeudy,CLE,Cleveland Browns,away,21,7,WR,0,0.0,0,0,0,0,0,0,0,0,0,14,11,108,0,0
2024,15,"40 degrees, relative humidity 87%, wind 18 mph",Cleveland Browns,Kansas City Chiefs,Jordan Akins,CLE,Cleveland Browns,away,21,7,TE,0,0.0,0,0,0,0,0,0,0,0,0,4,3,30,0,0
2024,15,"40 degrees, relative humidity 87%, wind 18 mph",Cleveland Browns,Kansas City Chiefs,Michael Woods,CLE,Cleveland Browns,away,21,7,UNK,0,0.0,0,0,0,0,0,0,0,0,0,3,2,7,0,0
2024,15,"40 degrees, relative humidity 87%, wind 18 mph",Cleveland Browns,Kansas City Chiefs,Nick Chubb,CLE,Cleveland Browns,away,21,7,RB,9,16.363636363636363,0,0,0,0,0,0,9,41,0,1,0,0,0,1
2024,15,"45 degrees, relative humidity 77%, wind 7 mph",Carolina Panthers,Dallas Cowboys,Brandin Cooks,DAL,Carolina Panthers,away,30,14,WR,0,0.0,0,0,0,0,0,0,0,0,0,5,3,34,0,0
2024,15,"45 degrees, relative humidity 77%, wind 7 mph",Carolina Panthers,Dallas Cowboys,Brevyn Spann-Ford,DAL,Carolina Panthers,away,30,14,TE,0,0.0,0,0,0,0,0,0,0,0,0,1,1,2,0,0
2024,15,"45 degrees, relative humidity 77%, wind 7 mph",Carolina Panthers,Dallas Cowboys,CeeDee Lamb,DAL,Carolina Panthers,away,30,14,WR,0,0.0,0,0,0,0,0,0,0,0,0,13,9,116,1,0
2024,15,"45 degrees, relative humidity 77%, wind 7 mph",Carolina Panthers,Dallas Cowboys,Cooper Rush,DAL,Carolina Panthers,away,30,14,QB,33,47.82608695652174,18,29,214,3,0,1,4,5,0,0,0,0,0,2
2024,15,"45 degrees, relative humidity 77%, wind 7 mph",Carolina Panthers,Dallas Cowboys,Ezekiel Elliott,DAL,Carolina Panthers,away,30,14,RB,9,13.043478260869565,0,0,0,0,0,0,9,30,0,1,1,11,0,0
2024,15,"45 degrees, relative humidity 77%, wind 7 mph",Carolina Panthers,Dallas Cowboys,Jake Ferguson,DAL,Carolina Panthers,away,30,14,TE,0,0.0,0,0,0,0,0,0,0,0,0,4,2,23,0,0
2024,15,"45 degrees, relative humidity 77%, wind 7 mph",Carolina Panthers,Dallas Cowboys,Jalen Brooks,DAL,Carolina Panthers,away,30,14,WR,0,0.0,0,0,0,0,0,0,0,0,0,1,1,17,1,0
2024,15,"45 degrees, relative humidity 77%, wind 7 mph",Carolina Panthers,Dallas Cowboys,Jalen Tolbert,DAL,Carolina Panthers,away,30,14,WR,0,0.0,0,0,0,0,0,0,0,0,0,2,1,11,1,0
2024,15,"45 degrees, relative humidity 77%, wind 7 mph",Carolina Panthers,Dallas Cowboys,KaVontae Turpin,DAL,Carolina Panthers,away,30,14,WR,2,2.898550724637681,0,0,0,0,0,0,2,27,0,1,0,0,0,0
2024,15,"45 degrees, relative humidity 77%, wind 7 mph",Carolina Panthers,Dallas Cowboys,Rico Dowdle,DAL,Carolina Panthers,away,30,14,RB,25,36.231884057971016,0,0,0,0,0,0,25,149,0,0,0,0,0,0
2024,15,"55 degrees, relative humidity 13%, wind 15 mph",Indianapolis Colts,Denver Broncos,Adam Trautman,DEN,Indianapolis Colts,away,31,13,TE,0,0.0,0,0,0,0,0,0,0,0,0,2,2,20,1,0
2024,15,"55 degrees, relative humidity 13%, wind 15 mph",Indianapolis Colts,Denver Broncos,Audric Estime,DEN,Indianapolis Colts,away,31,13,RB,5,8.333333333333332,0,0,0,0,0,0,5,13,0,1,1,5,0,0
2024,15,"55 degrees, relative humidity 13%, wind 15 mph",Indianapolis Colts,Denver Broncos,Bo Nix,DEN,Indianapolis Colts,away,31,13,QB,41,68.33333333333333,20,33,130,3,3,1,8,23,0,0,0,0,0,0
2024,15,"55 degrees, relative humidity 13%, wind 15 mph",Indianapolis Colts,Denver Broncos,Courtland Sutton,DEN,Indianapolis Colts,away,31,13,WR,0,0.0,0,0,0,0,0,0,0,0,0,9,3,32,1,0
2024,15,"55 degrees, relative humidity 13%, wind 15 mph",Indianapolis Colts,Denver Broncos,Devaughn Vele,DEN,Indianapolis Colts,away,31,13,WR,0,0.0,0,0,0,0,0,0,0,0,0,1,0,0,0,0
2024,15,"55 degrees, relative humidity 13%, wind 15 mph",Indianapolis Colts,Denver Broncos,Jaleel McLaughlin,DEN,Indianapolis Colts,away,31,13,RB,7,11.666666666666666,0,0,0,0,0,0,7,21,0,3,3,13,0,0
2024,15,"55 degrees, relative humidity 13%, wind 15 mph",Indianapolis Colts,Denver Broncos,Javonte Williams,DEN,Indianapolis Colts,away,31,13,RB,6,10.0,0,0,0,0,0,0,6,15,0,3,2,8,0,0
2024,15,"55 degrees, relative humidity 13%, wind 15 mph",Indianapolis Colts,Denver Broncos,Lil'Jordan Humphrey,DEN,Indianapolis Colts,away,31,13,WR,0,0.0,0,0,0,0,0,0,0,0,0,1,0,0,0,0
2024,15,"55 degrees, relative humidity 13%, wind 15 mph",Indianapolis Colts,Denver Broncos,Lucas Krull,DEN,Indianapolis Colts,away,31,13,TE,0,0.0,0,0,0,0,0,0,0,0,0,2,2,8,0,0
2024,15,"55 degrees, relative humidity 13%, wind 15 mph",Indianapolis Colts,Denver Broncos,Marvin Mims,DEN,Indianapolis Colts,away,31,13,WR,1,1.6666666666666667,0,0,0,0,0,0,1,0,0,4,4,20,0,0
2024,15,"55 degrees, relative humidity 13%, wind 15 mph",Indianapolis Colts,Denver Broncos,Nate Adkins,DEN,Indianapolis Colts,away,31,13,TE,0,0.0,0,0,0,0,0,0,0,0,0,1,1,15,1,0
2024,15,"55 degrees, relative humidity 13%, wind 15 mph",Indianapolis Colts,Denver Broncos,Troy Franklin,DEN,Indianapolis Colts,away,31,13,WR,0,0.0,0,0,0,0,0,0,0,0,0,5,2,9,0,0
2024,15,,Detroit Lions,Buffalo Bills,Allen Robinson,DET,Detroit Lions,away,48,42,WR,0,0.0,0,0,0,0,0,0,0,0,0,1,0,0,0,0
2024,15,,Detroit Lions,Buffalo Bills,Amon-Ra St. Brown,DET,Detroit Lions,away,48,42,WR,0,0.0,0,0,0,0,0,0,0,0,0,18,14,193,1,1
2024,15,,Detroit Lions,Buffalo Bills,Dan Skipper,DET,Detroit Lions,away,48,42,T,0,0.0,0,0,0,0,0,0,0,0,0,1,1,9,1,0
2024,15,,Detroit Lions,Buffalo Bills,David Montgomery,DET,Detroit Lions,away,48,42,RB,5,6.756756756756757,0,0,0,0,0,0,5,4,0,4,4,31,0,0
2024,15,,Detroit Lions,Buffalo Bills,Jahmyr Gibbs,DET,Detroit Lions,away,48,42,RB,8,10.81081081081081,0,0,0,0,0,0,8,31,1,7,5,83,1,0
2024,15,,Detroit Lions,Buffalo Bills,Jameson Williams,DET,Detroit Lions,away,48,42,WR,0,0.0,0,0,0,0,0,0,0,0,0,5,3,37,1,0
2024,15,,Detroit Lions,Buffalo Bills,Jared Goff,DET,Detroit Lions,away,48,42,QB,61,82.43243243243244,38,59,494,5,0,3,2,13,0,0,0,0,0,1
2024,15,,Detroit Lions,Buffalo Bills,Sam LaPorta,DET,Detroit Lions,away,48,42,TE,0,0.0,0,0,0,0,0,0,0,0,0,10,7,111,0,0
2024,15,,Detroit Lions,Buffalo Bills,Tim Patrick,DET,Detroit Lions,away,48,42,WR,0,0.0,0,0,0,0,0,0,0,0,0,8,4,30,1,0
2024,15,"43 degrees, relative humidity 77%, wind 3 mph",Seattle Seahawks,Green Bay Packers,Chris Brooks,GNB,Seattle Seahawks,away,30,13,RB,1,1.639344262295082,0,0,0,0,0,0,1,6,0,1,1,9,0,0
2024,15,"43 degrees, relative humidity 77%, wind 3 mph",Seattle Seahawks,Green Bay Packers,Christian Watson,GNB,Seattle Seahawks,away,30,13,WR,0,0.0,0,0,0,0,0,0,0,0,0,6,3,56,0,0
2024,15,"43 degrees, relative humidity 77%, wind 3 mph",Seattle Seahawks,Green Bay Packers,Dontayvion Wicks,GNB,Seattle Seahawks,away,30,13,WR,0,0.0,0,0,0,0,0,0,0,0,0,2,2,14,0,0
2024,15,"43 degrees, relative humidity 77%, wind 3 mph",Seattle Seahawks,Green Bay Packers,Emanuel Wilson,GNB,Seattle Seahawks,away,30,13,RB,3,4.918032786885246,0,0,0,0,0,0,3,9,0,0,0,0,0,0
2024,15,"43 degrees, relative humidity 77%, wind 3 mph",Seattle Seahawks,Green Bay Packers,Jayden Reed,GNB,Seattle Seahawks,away,30,13,WR,3,4.918032786885246,0,0,0,0,0,0,3,27,0,6,5,34,0,1
2024,15,"43 degrees, relative humidity 77%, wind 3 mph",Seattle Seahawks,Green Bay Packers,Jordan Love,GNB,Seattle Seahawks,away,30,13,QB,28,45.90163934426229,20,27,229,2,0,0,1,4,0,0,0,0,0,0
2024,15,"43 degrees, relative humidity 77%, wind 3 mph",Seattle Seahawks,Green Bay Packers,Josh Jacobs,GNB,Seattle Seahawks,away,30,13,RB,26,42.62295081967213,0,0,0,0,0,0,26,94,1,4,4,42,0,1
2024,15,"43 degrees, relative humidity 77%, wind 3 mph",Seattle Seahawks,Green Bay Packers,Romeo Doubs,GNB,Seattle Seahawks,away,30,13,WR,0,0.0,0,0,0,0,0,0,0,0,0,5,3,40,2,0
2024,15,"43 degrees, relative humidity 77%, wind 3 mph",Seattle Seahawks,Green Bay Packers,Tucker Kraft,GNB,Seattle Seahawks,away,30,13,TE,0,0.0,0,0,0,0,0,0,0,0,0,2,2,34,0,0
2024,15,,Miami Dolphins,Houston Texans,C.J. Stroud,HOU,Miami Dolphins,away,20,12,QB,32,69.56521739130434,18,26,131,2,0,4,6,4,0,0,0,0,0,1
2024,15,,Miami Dolphins,Houston Texans,Dalton Schultz,HOU,Miami Dolphins,away,20,12,TE,0,0.0,0,0,0,0,0,0,0,0,0,4,2,13,0,0
2024,15,,Miami Dolphins,Houston Texans,Dare Ogunbowale,HOU,Miami Dolphins,away,20,12,RB,1,2.1739130434782608,0,0,0,0,0,0,1,35,0,0,0,0,0,0
2024,15,,Miami Dolphins,Houston Texans,Joe Mixon,HOU,Miami Dolphins,away,20,12,RB,12,26.08695652173913,0,0,0,0,0,0,12,23,0,6,5,33,0,0
2024,15,,Miami Dolphins,Houston Texans,John Metchie,HOU,Miami Dolphins,away,20,12,WR,0,0.0,0,0,0,0,0,0,0,0,0,4,2,17,0,0
2024,15,,Miami Dolphins,Houston Texans,Nico Collins,HOU,Miami Dolphins,away,20,12,WR,0,0.0,0,0,0,0,0,0,0,0,0,6,4,17,2,0
2024,15,,Miami Dolphins,Houston Texans,Robert Woods,HOU,Miami Dolphins,away,20,12,WR,0,0.0,0,0,0,0,0,0,0,0,0,2,2,12,0,1
2024,15,,Miami Dolphins,Houston Texans,Tank Dell,HOU,Miami Dolphins,away,20,12,WR,1,2.1739130434782608,0,0,0,0,0,0,1,15,0,2,2,26,0,0
2024,15,,Miami Dolphins,Houston Texans,Xavier Hutchinson,HOU,Miami Dolphins,away,20,12,WR,0,0.0,0,0,0,0,0,0,0,0,0,1,1,13,0,0
2024,15,"55 degrees, relative humidity 13%, wind 15 mph",Indianapolis Colts,Denver Broncos,Adonai Mitchell,IND,Indianapolis Colts,away,31,13,WR,1,1.4285714285714286,0,0,0,0,0,0,1,-10,0,4,0,0,0,1
2024,15,"55 degrees, relative humidity 13%, wind 15 mph",Indianapolis Colts,Denver Broncos,Alec Pierce,IND,Indianapolis Colts,away,31,13,WR,0,0.0,0,0,0,0,0,0,0,0,0,4,0,0,0,0
2024,15,"55 degrees, relative humidity 13%, wind 15 mph",Indianapolis Colts,Denver Broncos,Anthony Gould,IND,Indianapolis Colts,away,31,13,WR,0,0.0,0,0,0,0,0,0,0,0,0,1,1,23,0,0
2024,15,"55 degrees, relative humidity 13%, wind 15 mph",Indianapolis Colts,Denver Broncos,Anthony Richardson,IND,Indianapolis Colts,away,31,13,QB,45,64.28571428571429,17,38,172,0,2,2,7,46,1,1,1,-1,0,0
2024,15,"55 degrees, relative humidity 13%, wind 15 mph",Indianapolis Colts,Denver Broncos,Jonathan Taylor,IND,Indianapolis Colts,away,31,13,RB,22,31.428571428571427,0,0,0,0,0,0,22,107,0,2,1,4,0,1
2024,15,"55 degrees, relative humidity 13%, wind 15 mph",Indianapolis Colts,Denver Broncos,Josh Downs,IND,Indianapolis Colts,away,31,13,WR,0,0.0,0,0,0,0,0,0,0,0,0,8,3,32,0,0
2024,15,"55 degrees, relative humidity 13%, wind 15 mph",Indianapolis Colts,Denver Broncos,Kylen Granson,IND,Indianapolis Colts,away,31,13,TE,0,0.0,0,0,0,0,0,0,0,0,0,4,3,47,0,0
2024,15,"55 degrees, relative humidity 13%, wind 15 mph",Indianapolis Colts,Denver Broncos,Michael Pittman Jr.,IND,Indianapolis Colts,away,31,13,WR,0,0.0,0,0,0,0,0,0,0,0,0,9,6,58,0,1
2024,15,"55 degrees, relative humidity 13%, wind 15 mph",Indianapolis Colts,Denver Broncos,Trey Sermon,IND,Indianapolis Colts,away,31,13,RB,1,1.4285714285714286,0,0,0,0,0,0,1,3,0,2,2,9,0,0
2024,15,"55 degrees, relative humidity 13%, wind 15 mph",Indianapolis Colts,Denver Broncos,Tyler Goodson,IND,Indianapolis Colts,away,31,13,RB,1,1.4285714285714286,0,0,0,0,0,0,1,3,0,0,0,0,0,0
2024,15,"55 degrees, relative humidity 13%, wind 15 mph",Indianapolis Colts,Denver Broncos,Will Mallory,IND,Indianapolis Colts,away,31,13,TE,0,0.0,0,0,0,0,0,0,0,0,0,1,0,0,0,0
2024,15,,Jacksonville Jaguars,New York Jets,Brenton Strange,JAX,Jacksonville Jaguars,away,32,25,TE,0,0.0,0,0,0,0,0,0,0,0,0,12,11,73,0,0
2024,15,,Jacksonville Jaguars,New York Jets,Brian Thomas,JAX,Jacksonville Jaguars,away,32,25,WR,0,0.0,0,0,0,0,0,0,0,0,0,14,10,105,2,0
2024,15,,Jacksonville Jaguars,New York Jets,Devin Duvernay,JAX,Jacksonville Jaguars,away,32,25,WR,0,0.0,0,0,0,0,0,0,0,0,0,4,3,42,0,0
2024,15,,Jacksonville Jaguars,New York Jets,Josh Reynolds,JAX,Jacksonville Jaguars,away,32,25,WR,0,0.0,0,0,0,0,0,0,0,0,0,1,0,0,0,0
2024,15,,Jacksonville Jaguars,New York Jets,Mac Jones,JAX,Jacksonville Jaguars,away,32,25,QB,50,66.66666666666666,31,46,294,2,2,2,4,29,0,0,0,0,0,0
2024,15,,Jacksonville Jaguars,New York Jets,Parker Washington,JAX,Jacksonville Jaguars,away,32,25,WR,0,0.0,0,0,0,0,0,0,0,0,0,6,3,54,0,0
2024,15,,Jacksonville Jaguars,New York Jets,Tank Bigsby,JAX,Jacksonville Jaguars,away,32,25,RB,11,14.666666666666666,0,0,0,0,0,0,11,42,0,1,0,0,0,1
2024,15,,Jacksonville Jaguars,New York Jets,Travis Etienne,JAX,Jacksonville Jaguars,away,32,25,RB,14,18.666666666666668,0,0,0,0,0,0,14,65,0,5,4,20,0,0
2024,15,"40 degrees, relative humidity 87%, wind 18 mph",Cleveland Browns,Kansas City Chiefs,Carson Wentz,KAN,Cleveland Browns,away,21,7,QB,5,6.666666666666667,2,2,20,0,0,0,3,0,0,0,0,0,0,0
2024,15,"40 degrees, relative humidity 87%, wind 18 mph",Cleveland Browns,Kansas City Chiefs,DeAndre Hopkins,KAN,Cleveland Browns,away,21,7,WR,0,0.0,0,0,0,0,0,0,0,0,0,6,5,36,0,0
2024,15,"40 degrees, relative humidity 87%, wind 18 mph",Cleveland Browns,Kansas City Chiefs,Isiah Pacheco,KAN,Cleveland Browns,away,21,7,RB,13,17.333333333333336,0,0,0,0,0,0,13,32,0,1,1,15,0,0
2024,15,"40 degrees, relative humidity 87%, wind 18 mph",Cleveland Browns,Kansas City Chiefs,JuJu Smith-Schuster,KAN,Cleveland Browns,away,21,7,WR,0,0.0,0,0,0,0,0,0,0,0,0,3,1,7,1,0
2024,15,"40 degrees, relative humidity 87%, wind 18 mph",Cleveland Browns,Kansas City Chiefs,Justin Watson,KAN,Cleveland Browns,away,21,7,WR,0,0.0,0,0,0,0,0,0,0,0,0,1,0,0,0,0
2024,15,"40 degrees, relative humidity 87%, wind 18 mph",Cleveland Browns,Kansas City Chiefs,Kareem Hunt,KAN,Cleveland Browns,away,21,7,RB,13,17.333333333333336,0,0,0,0,0,0,13,45,0,2,1,4,0,0
2024,15,"40 degrees, relative humidity 87%, wind 18 mph",Cleveland Browns,Kansas City Chiefs,Noah Gray,KAN,Cleveland Browns,away,21,7,TE,0,0.0,0,0,0,0,0,0,0,0,0,5,2,21,1,0
2024,15,"40 degrees, relative humidity 87%, wind 18 mph",Cleveland Browns,Kansas City Chiefs,Patrick Mahomes,KAN,Cleveland Browns,away,21,7,QB,40,53.333333333333336,19,38,159,2,0,0,2,14,0,0,0,0,0,0
2024,15,"40 degrees, relative humidity 87%, wind 18 mph",Cleveland Browns,Kansas City Chiefs,Samaje Perine,KAN,Cleveland Browns,away,21,7,RB,1,1.3333333333333335,0,0,0,0,0,0,1,11,0,1,1,23,0,0
2024,15,"40 degrees, relative humidity 87%, wind 18 mph",Cleveland Browns,Kansas City Chiefs,Travis Kelce,KAN,Cleveland Browns,away,21,7,TE,0,0.0,0,0,0,0,0,0,0,0,0,8,4,27,0,0
2024,15,"40 degrees, relative humidity 87%, wind 18 mph",Cleveland Browns,Kansas City Chiefs,Xavier Worthy,KAN,Cleveland Browns,away,21,7,WR,3,4.0,0,0,0,0,0,0,3,30,1,11,6,46,0,0
2024,15,,Los Angeles Chargers,Tampa Bay Buccaneers,DJ Chark,LAC,Los Angeles Chargers,away,40,17,WR,0,0.0,0,0,0,0,0,0,0,0,0,2,2,16,0,0
2024,15,,Los Angeles Chargers,Tampa Bay Buccaneers,Gus Edwards,LAC,Los Angeles Chargers,away,40,17,RB,8,17.77777777777778,0,0,0,0,0,0,8,23,0,0,0,0,0,0
2024,15,,Los Angeles Chargers,Tampa Bay Buccaneers,Josh Palmer,LAC,Los Angeles Chargers,away,40,17,WR,0,0.0,0,0,0,0,0,0,0,0,0,3,2,10,0,0
2024,15,,Los Angeles Chargers,Tampa Bay Buccaneers,Justin Herbert,LAC,Los Angeles Chargers,away,40,17,QB,33,73.33333333333333,21,33,195,2,1,3,0,0,0,0,0,0,0,0
2024,15,,Los Angeles Chargers,Tampa Bay Buccaneers,Kimani Vidal,LAC,Los Angeles Chargers,away,40,17,RB,3,6.666666666666667,0,0,0,0,0,0,3,9,0,3,2,13,0,0
2024,15,,Los Angeles Chargers,Tampa Bay Buccaneers,Ladd McConkey,LAC,Los Angeles Chargers,away,40,17,WR,0,0.0,0,0,0,0,0,0,0,0,0,7,5,58,1,0
2024,15,,Los Angeles Chargers,Tampa Bay Buccaneers,Quentin Johnston,LAC,Los Angeles Chargers,away,40,17,WR,0,0.0,0,0,0,0,0,0,0,0,0,10,5,45,1,0
2024,15,,Los Angeles Chargers,Tampa Bay Buccaneers,Stone Smartt,LAC,Los Angeles Chargers,away,40,17,TE,0,0.0,0,0,0,0,0,0,0,0,0,6,5,50,0,1
2024,15,,Los Angeles Chargers,Tampa Bay Buccaneers,Taylor Heinicke,LAC,Los Angeles Chargers,away,40,17,QB,1,2.2222222222222223,1,1,4,0,0,0,0,0,0,0,0,0,0,0
2024,15,,Los Angeles Chargers,Tampa Bay Buccaneers,Tucker Fisk,LAC,Los Angeles Chargers,away,40,17,TE,0,0.0,0,0,0,0,0,0,0,0,0,1,1,7,0,0
2024,15,"53 degrees, relative humidity 87%, wind 4 mph",San Francisco 49ers,Los Angeles Rams,Blake Corum,LAR,San Francisco 49ers,away,12,6,RB,3,4.615384615384616,0,0,0,0,0,0,3,5,0,3,2,15,0,0
2024,15,"53 degrees, relative humidity 87%, wind 4 mph",San Francisco 49ers,Los Angeles Rams,Colby Parkinson,LAR,San Francisco 49ers,away,12,6,TE,0,0.0,0,0,0,0,0,0,0,0,0,5,2,21,0,0
2024,15,"53 degrees, relative humidity 87%, wind 4 mph",San Francisco 49ers,Los Angeles Rams,Cooper Kupp,LAR,San Francisco 49ers,away,12,6,WR,0,0.0,0,0,0,0,0,0,0,0,0,3,0,0,0,0
2024,15,"53 degrees, relative humidity 87%, wind 4 mph",San Francisco 49ers,Los Angeles Rams,Demarcus Robinson,LAR,San Francisco 49ers,away,12,6,WR,0,0.0,0,0,0,0,0,0,0,0,0,1,0,0,0,0
2024,15,"53 degrees, relative humidity 87%, wind 4 mph",San Francisco 49ers,Los Angeles Rams,Hunter Long,LAR,San Francisco 49ers,away,12,6,TE,0,0.0,0,0,0,0,0,0,0,0,0,2,2,17,0,0
2024,15,"53 degrees, relative humidity 87%, wind 4 mph",San Francisco 49ers,Los Angeles Rams,Kyren Williams,LAR,San Francisco 49ers,away,12,6,RB,29,44.61538461538462,0,0,0,0,0,0,29,108,0,2,2,4,0,0
2024,15,"53 degrees, relative humidity 87%, wind 4 mph",San Francisco 49ers,Los Angeles Rams,Matthew Stafford,LAR,San Francisco 49ers,away,12,6,QB,31,47.69230769230769,16,27,160,0,0,0,4,18,0,0,0,0,0,0
2024,15,"53 degrees, relative humidity 87%, wind 4 mph",San Francisco 49ers,Los Angeles Rams,Puka Nacua,LAR,San Francisco 49ers,away,12,6,WR,2,3.076923076923077,0,0,0,0,0,0,2,11,0,8,7,97,0,0
2024,15,"53 degrees, relative humidity 87%, wind 4 mph",San Francisco 49ers,Los Angeles Rams,Tutu Atwell,LAR,San Francisco 49ers,away,12,6,WR,0,0.0,0,0,0,0,0,0,0,0,0,2,1,6,0,0
2024,15,,Las Vegas Raiders,Atlanta Falcons,Alexander Mattison,LVR,Las Vegas Raiders,away,15,9,RB,7,11.475409836065573,0,0,0,0,0,0,7,21,0,4,2,3,0,1
2024,15,,Las Vegas Raiders,Atlanta Falcons,Ameer Abdullah,LVR,Las Vegas Raiders,away,15,9,RB,3,4.918032786885246,0,0,0,0,0,0,3,8,0,7,7,58,1,0
2024,15,,Las Vegas Raiders,Atlanta Falcons,Brock Bowers,LVR,Las Vegas Raiders,away,15,9,TE,0,0.0,0,0,0,0,0,0,0,0,0,6,3,35,0,0
2024,15,,Las Vegas Raiders,Atlanta Falcons,Desmond Ridder,LVR,Las Vegas Raiders,away,15,9,QB,44,72.1311475409836,23,39,208,1,2,3,5,28,0,0,0,0,0,0
2024,15,,Las Vegas Raiders,Atlanta Falcons,Jakobi Meyers,LVR,Las Vegas Raiders,away,15,9,WR,0,0.0,0,0,0,0,0,1,0,0,0,9,5,59,0,0
2024,15,,Las Vegas Raiders,Atlanta Falcons,Michael Mayer,LVR,Las Vegas Raiders,away,15,9,TE,0,0.0,0,0,0,0,0,0,0,0,0,2,1,11,0,0
2024,15,,Las Vegas Raiders,Atlanta Falcons,Sincere McCormick,LVR,Las Vegas Raiders,away,15,9,RB,7,11.475409836065573,0,0,0,0,0,0,7,8,0,2,2,17,0,0
2024,15,,Las Vegas Raiders,Atlanta Falcons,Terrace Marshall Jr.,LVR,Las Vegas Raiders,away,15,9,WR,0,0.0,0,0,0,0,0,0,0,0,0,1,1,7,0,0
2024,15,,Las Vegas Raiders,Atlanta Falcons,Tre Tucker,LVR,Las Vegas Raiders,away,15,9,WR,0,0.0,0,0,0,0,0,0,0,0,0,3,2,18,0,0
2024,15,,Miami Dolphins,Houston Texans,De'Von Achane,MIA,Miami Dolphins,away,20,12,RB,12,20.33898305084746,0,0,0,0,0,0,12,41,0,7,7,35,0,1
2024,15,,Miami Dolphins,Houston Texans,Durham Smythe,MIA,Miami Dolphins,away,20,12,TE,0,0.0,0,0,0,0,0,0,0,0,0,1,1,8,0,0
2024,15,,Miami Dolphins,Houston Texans,Grant Dubose,MIA,Miami Dolphins,away,20,12,WR,0,0.0,0,0,0,0,0,0,0,0,0,1,1,-2,0,0
2024,15,,Miami Dolphins,Houston Texans,Jaylen Waddle,MIA,Miami Dolphins,away,20,12,WR,0,0.0,0,0,0,0,0,0,0,0,0,2,0,0,0,0
2024,15,,Miami Dolphins,Houston Texans,Jaylen Wright,MIA,Miami Dolphins,away,20,12,RB,1,1.694915254237288,0,0,0,0,0,0,1,3,0,0,0,0,0,0
2024,15,,Miami Dolphins,Houston Texans,Jonnu Smith,MIA,Miami Dolphins,away,20,12,TE,0,0.0,0,0,0,0,0,0,0,0,0,11,9,48,1,0
2024,15,,Miami Dolphins,Houston Texans,Malik Washington,MIA,Miami Dolphins,away,20,12,WR,0,0.0,0,0,0,0,0,0,0,0,0,6,5,52,0,0
2024,15,,Miami Dolphins,Houston Texans,Raheem Mostert,MIA,Miami Dolphins,away,20,12,RB,6,10.16949152542373,0,0,0,0,0,0,6,8,0,3,3,13,0,0
2024,15,,Miami Dolphins,Houston Texans,River Cracraft,MIA,Miami Dolphins,away,20,12,WR,0,0.0,0,0,0,0,0,0,0,0,0,1,1,6,0,0
2024,15,,Miami Dolphins,Houston Texans,Tua Tagovailoa,MIA,Miami Dolphins,away,20,12,QB,40,67.79661016949152,29,40,196,1,3,3,0,0,0,0,0,0,0,1
2024,15,,Miami Dolphins,Houston Texans,Tyreek Hill,MIA,Miami Dolphins,away,20,12,WR,0,0.0,0,0,0,0,0,0,0,0,0,7,2,36,0,0
2024,15,,Chicago Bears,Minnesota Vikings,Aaron Jones,MIN,Chicago Bears,away,30,12,RB,18,26.08695652173913,0,0,0,0,0,0,18,86,1,3,2,20,0,0
2024,15,,Chicago Bears,Minnesota Vikings,Brandon Powell,MIN,Chicago Bears,away,30,12,WR,0,0.0,0,0,0,0,0,0,0,0,0,1,1,12,0,0
2024,15,,Chicago Bears,Minnesota Vikings,Cam Akers,MIN,Chicago Bears,away,30,12,RB,10,14.492753623188406,0,0,0,0,0,0,10,24,1,0,0,0,0,0
2024,15,,Chicago Bears,Minnesota Vikings,Jalen Nailor,MIN,Chicago Bears,away,30,12,WR,0,0.0,0,0,0,0,0,0,0,0,0,1,1,5,0,0
2024,15,,Chicago Bears,Minnesota Vikings,Johnny Mundt,MIN,Chicago Bears,away,30,12,TE,0,0.0,0,0,0,0,0,0,0,0,0,1,0,0,0,0
2024,15,,Chicago Bears,Minnesota Vikings,Jordan Addison,MIN,Chicago Bears,away,30,12,WR,0,0.0,0,0,0,0,0,0,0,0,0,9,7,63,0,0
2024,15,,Chicago Bears,Minnesota Vikings,Justin Jefferson,MIN,Chicago Bears,away,30,12,WR,0,0.0,0,0,0,0,0,0,0,0,0,14,7,73,1,0
2024,15,,Chicago Bears,Minnesota Vikings,Sam Darnold,MIN,Chicago Bears,away,30,12,QB,40,57.971014492753625,24,40,231,1,1,2,0,0,0,0,0,0,0,0
2024,15,,Chicago Bears,Minnesota Vikings,T.J. Hockenson,MIN,Chicago Bears,away,30,12,TE,0,0.0,0,0,0,0,0,0,0,0,0,7,5,52,0,0
2024,15,,Chicago Bears,Minnesota Vikings,Trent Sherfield,MIN,Chicago Bears,away,30,12,WR,0,0.0,0,0,0,0,0,0,0,0,0,1,1,6,0,0
2024,15,,Chicago Bears,Minnesota Vikings,Ty Chandler,MIN,Chicago Bears,away,30,12,RB,1,1.4492753623188406,0,0,0,0,0,0,1,4,0,0,0,0,0,0
2024,15,,New Orleans Saints,Washington Commanders,Alvin Kamara,NOR,New Orleans Saints,away,20,19,RB,5,10.416666666666668,0,0,0,0,0,0,5,12,0,5,4,58,1,0
2024,15,,New Orleans Saints,Washington Commanders,Cedrick Wilson Jr.,NOR,New Orleans Saints,away,20,19,WR,1,2.083333333333333,1,1,21,1,0,0,0,0,0,1,0,0,0,0
2024,15,,New Orleans Saints,Washington Commanders,Dante Pettis,NOR,New Orleans Saints,away,20,19,WR,0,0.0,0,0,0,0,0,0,0,0,0,5,2,24,0,0
2024,15,,New Orleans Saints,Washington Commanders,Foster Moreau,NOR,New Orleans Saints,away,20,19,TE,0,0.0,0,0,0,0,0,0,0,0,0,4,4,39,1,0
2024,15,,New Orleans Saints,Washington Commanders,Jake Haener,NOR,New Orleans Saints,away,20,19,QB,11,22.916666666666664,4,10,49,0,1,3,1,7,0,0,0,0,0,0
2024,15,,New Orleans Saints,Washington Commanders,Juwan Johnson,NOR,New Orleans Saints,away,20,19,TE,0,0.0,0,0,0,0,0,0,0,0,0,3,2,12,0,0
2024,15,,New Orleans Saints,Washington Commanders,Kendre Miller,NOR,New Orleans Saints,away,20,19,RB,9,18.75,0,0,0,0,0,0,9,46,0,1,0,0,0,0
2024,15,,New Orleans Saints,Washington Commanders,Kevin Austin,NOR,New Orleans Saints,away,20,19,WR,0,0.0,0,0,0,0,0,0,0,0,0,3,1,8,0,0
2024,15,,New Orleans Saints,Washington Commanders,Marquez Valdes-Scantling,NOR,New Orleans Saints,away,20,19,WR,1,2.083333333333333,0,0,0,0,0,0,1,4,0,7,2,64,0,0
2024,15,,New Orleans Saints,Washington Commanders,Spencer Rattler,NOR,New Orleans Saints,away,20,19,QB,21,43.75,10,21,135,1,0,0,0,0,0,0,0,0,0,0
2024,15,,New England Patriots,Arizona Cardinals,Antonio Gibson,NWE,New England Patriots,away,30,17,RB,7,14.893617021276595,0,0,0,0,0,0,7,33,0,2,2,31,0,0
2024,15,,New England Patriots,Arizona Cardinals,Austin Hooper,NWE,New England Patriots,away,30,17,TE,0,0.0,0,0,0,0,0,0,0,0,0,3,3,38,0,0
2024,15,,New England Patriots,Arizona Cardinals,Demario Douglas,NWE,New England Patriots,away,30,17,WR,0,0.0,0,0,0,0,0,0,0,0,0,3,3,11,1,1
2024,15,,New England Patriots,Arizona Cardinals,Drake Maye,NWE,New England Patriots,away,30,17,QB,27,57.446808510638306,19,23,202,1,1,2,4,14,1,0,0,0,0,1
2024,15,,New England Patriots,Arizona Cardinals,Hunter Henry,NWE,New England Patriots,away,30,17,TE,0,0.0,0,0,0,0,0,0,0,0,0,4,4,25,0,0
2024,15,,New England Patriots,Arizona Cardinals,Ja'Lynn Polk,NWE,New England Patriots,away,30,17,WR,0,0.0,0,0,0,0,0,0,0,0,0,1,0,0,0,0
2024,15,,New England Patriots,Arizona Cardinals,Kayshon Boutte,NWE,New England Patriots,away,30,17,WR,0,0.0,0,0,0,0,0,0,0,0,0,5,2,19,0,0
2024,15,,New England Patriots,Arizona Cardinals,Kendrick Bourne,NWE,New England Patriots,away,30,17,WR,0,0.0,0,0,0,0,0,0,0,0,0,3,3,44,0,0
2024,15,,New England Patriots,Arizona Cardinals,Marcus Jones,NWE,New England Patriots,away,30,17,CB,0,0.0,0,0,0,0,0,0,0,0,0,1,1,18,0,0
2024,15,,New England Patriots,Arizona Cardinals,Rhamondre Stevenson,NWE,New England Patriots,away,30,17,RB,13,27.659574468085108,0,0,0,0,0,0,13,69,0,1,1,16,0,0
2024,15,"36 degrees, relative humidity 62%, wind 6 mph",New York Giants,Baltimore Ravens,Daniel Bellinger,NYG,New York Giants,away,35,14,TE,0,0.0,0,0,0,0,0,0,0,0,0,3,3,35,0,0
2024,15,"36 degrees, relative humidity 62%, wind 6 mph",New York Giants,Baltimore Ravens,Darius Slayton,NYG,New York Giants,away,35,14,WR,0,0.0,0,0,0,0,0,0,0,0,0,1,1,16,0,0
2024,15,"36 degrees, relative humidity 62%, wind 6 mph",New York Giants,Baltimore Ravens,Devin Singletary,NYG,New York Giants,away,35,14,RB,8,14.035087719298245,0,0,0,0,0,0,8,25,1,3,3,16,0,0
2024,15,"36 degrees, relative humidity 62%, wind 6 mph",New York Giants,Baltimore Ravens,Malik Nabers,NYG,New York Giants,away,35,14,WR,0,0.0,0,0,0,0,0,0,0,0,0,14,10,82,1,0
2024,15,"36 degrees, relative humidity 62%, wind 6 mph",New York Giants,Baltimore Ravens,Tim Boyle,NYG,New York Giants,away,35,14,QB,25,43.859649122807014,12,24,123,1,1,1,1,-1,0,0,0,0,0,0
2024,15,"36 degrees, relative humidity 62%, wind 6 mph",New York Giants,Baltimore Ravens,Tommy DeVito,NYG,New York Giants,away,35,14,QB,14,24.561403508771928,10,13,68,0,0,2,1,0,0,0,0,0,0,0
2024,15,"36 degrees, relative humidity 62%, wind 6 mph",New York Giants,Baltimore Ravens,Tyrone Tracy Jr.,NYG,New York Giants,away,35,14,RB,10,17.543859649122805,0,0,0,0,0,0,10,31,0,4,1,4,0,0
2024,15,"36 degrees, relative humidity 62%, wind 6 mph",New York Giants,Baltimore Ravens,Wan'Dale Robinson,NYG,New York Giants,away,35,14,WR,0,0.0,0,0,0,0,0,0,0,0,0,9,4,38,0,0
2024,15,,Jacksonville Jaguars,New York Jets,Aaron Rodgers,NYJ,Jacksonville Jaguars,away,32,25,QB,36,67.9245283018868,16,30,289,3,0,1,6,45,0,0,0,0,0,0
2024,15,,Jacksonville Jaguars,New York Jets,Allen Lazard,NYJ,Jacksonville Jaguars,away,32,25,WR,0,0.0,0,0,0,0,0,0,0,0,0,4,0,0,0,0
2024,15,,Jacksonville Jaguars,New York Jets,Ashtyn Davis,NYJ,Jacksonville Jaguars,away,32,25,SS,1,1.8867924528301887,0,0,0,0,0,0,1,21,0,0,0,0,0,0
2024,15,,Jacksonville Jaguars,New York Jets,Braelon Allen,NYJ,Jacksonville Jaguars,away,32,25,RB,2,3.7735849056603774,0,0,0,0,0,0,2,5,0,0,0,0,0,0
2024,15,,Jacksonville Jaguars,New York Jets,Breece Hall,NYJ,Jacksonville Jaguars,away,32,25,RB,9,16.9811320754717,0,0,0,0,0,0,9,30,1,2,2,21,0,0
2024,15,,Jacksonville Jaguars,New York Jets,Davante Adams,NYJ,Jacksonville Jaguars,away,32,25,WR,0,0.0,0,0,0,0,0,0,0,0,0,12,9,198,2,0
2024,15,,Jacksonville Jaguars,New York Jets,Garrett Wilson,NYJ,Jacksonville Jaguars,away,32,25,WR,0,0.0,0,0,0,0,0,0,0,0,0,6,3,56,1,0
2024,15,,Jacksonville Jaguars,New York Jets,Isaiah Davis,NYJ,Jacksonville Jaguars,away,32,25,RB,5,9.433962264150944,0,0,0,0,0,0,5,24,0,1,1,2,0,0
2024,15,,Jacksonville Jaguars,New York Jets,Jeremy Ruckert,NYJ,Jacksonville Jaguars,away,32,25,TE,0,0.0,0,0,0,0,0,0,0,0,0,3,1,12,0,0
2024,15,"37 degrees, relative humidity 62%, wind 5 mph",Pittsburgh Steelers,Philadelphia Eagles,A.J. Brown,PHI,Pittsburgh Steelers,away,27,13,WR,0,0.0,0,0,0,0,0,0,0,0,0,11,8,110,1,0
2024,15,"37 degrees, relative humidity 62%, wind 5 mph",Pittsburgh Steelers,Philadelphia Eagles,DeVonta Smith,PHI,Pittsburgh Steelers,away,27,13,WR,1,1.3513513513513513,0,0,0,0,0,0,1,1,0,12,11,109,1,0
2024,15,"37 degrees, relative humidity 62%, wind 5 mph",Pittsburgh Steelers,Philadelphia Eagles,Grant Calcaterra,PHI,Pittsburgh Steelers,away,27,13,TE,0,0.0,0,0,0,0,0,0,0,0,0,1,1,22,0,0
2024,15,"37 degrees, relative humidity 62%, wind 5 mph",Pittsburgh Steelers,Philadelphia Eagles,Jahan Dotson,PHI,Pittsburgh Steelers,away,27,13,WR,0,0.0,0,0,0,0,0,0,0,0,0,1,0,0,0,0
2024,15,"37 degrees, relative humidity 62%, wind 5 mph",Pittsburgh Steelers,Philadelphia Eagles,Jalen Hurts,PHI,Pittsburgh Steelers,away,27,13,QB,47,63.51351351351351,25,32,290,2,0,3,15,45,1,0,0,0,0,1
2024,15,"37 degrees, relative humidity 62%, wind 5 mph",Pittsburgh Steelers,Philadelphia Eagles,Johnny Wilson,PHI,Pittsburgh Steelers,away,27,13,WR,0,0.0,0,0,0,0,0,0,0,0,0,1,0,0,0,0
2024,15,"37 degrees, relative humidity 62%, wind 5 mph",Pittsburgh Steelers,Philadelphia Eagles,Kenneth Gainwell,PHI,Pittsburgh Steelers,away,27,13,RB,7,9.45945945945946,0,0,0,0,0,0,7,20,0,3,3,40,0,0
2024,15,"37 degrees, relative humidity 62%, wind 5 mph",Pittsburgh Steelers,Philadelphia Eagles,Saquon Barkley,PHI,Pittsburgh Steelers,away,27,13,RB,19,25.675675675675674,0,0,0,0,0,0,19,65,0,2,2,9,0,0
2024,15,"37 degrees, relative humidity 62%, wind 5 mph",Pittsburgh Steelers,Philadelphia Eagles,Ben Skowronek,PIT,Pittsburgh Steelers,away,27,13,WR,0,0.0,0,0,0,0,0,0,0,0,0,1,1,17,0,0
2024,15,"37 degrees, relative humidity 62%, wind 5 mph",Pittsburgh Steelers,Philadelphia Eagles,Calvin Austin,PIT,Pittsburgh Steelers,away,27,13,UNK,0,0.0,0,0,0,0,0,0,0,0,0,5,5,65,0,0
2024,15,"37 degrees, relative humidity 62%, wind 5 mph",Pittsburgh Steelers,Philadelphia Eagles,Cordarrelle Patterson,PIT,Pittsburgh Steelers,away,27,13,RB,2,5.128205128205128,0,0,0,0,0,0,2,9,0,1,1,-1,0,0
2024,15,"37 degrees, relative humidity 62%, wind 5 mph",Pittsburgh Steelers,Philadelphia Eagles,Jaylen Warren,PIT,Pittsburgh Steelers,away,27,13,RB,4,10.256410256410255,0,0,0,0,0,0,4,12,0,2,1,3,0,0
2024,15,"37 degrees, relative humidity 62%, wind 5 mph",Pittsburgh Steelers,Philadelphia Eagles,Justin Fields,PIT,Pittsburgh Steelers,away,27,13,QB,1,2.564102564102564,0,0,0,0,0,0,1,8,0,0,0,0,0,0
2024,15,"37 degrees, relative humidity 62%, wind 5 mph",Pittsburgh Steelers,Philadelphia Eagles,Mike Williams,PIT,Pittsburgh Steelers,away,27,13,WR,0,0.0,0,0,0,0,0,0,0,0,0,2,1,15,0,0
2024,15,"37 degrees, relative humidity 62%, wind 5 mph",Pittsburgh Steelers,Philadelphia Eagles,Najee Harris,PIT,Pittsburgh Steelers,away,27,13,RB,6,15.384615384615385,0,0,0,0,0,0,6,14,0,1,1,7,0,0
2024,15,"37 degrees, relative humidity 62%, wind 5 mph",Pittsburgh Steelers,Philadelphia Eagles,Pat Freiermuth,PIT,Pittsburgh Steelers,away,27,13,TE,0,0.0,0,0,0,0,0,0,0,0,0,6,3,22,1,1
2024,15,"37 degrees, relative humidity 62%, wind 5 mph",Pittsburgh Steelers,Philadelphia Eagles,Russell Wilson,PIT,Pittsburgh Steelers,away,27,13,QB,26,66.66666666666666,14,22,128,1,0,2,4,13,0,0,0,0,0,1
2024,15,"37 degrees, relative humidity 62%, wind 5 mph",Pittsburgh Steelers,Philadelphia Eagles,Scott Miller,PIT,Pittsburgh Steelers,away,27,13,WR,0,0.0,0,0,0,0,0,0,0,0,0,1,0,0,0,0
2024,15,"37 degrees, relative humidity 62%, wind 5 mph",Pittsburgh Steelers,Philadelphia Eagles,Van Jefferson,PIT,Pittsburgh Steelers,away,27,13,WR,0,0.0,0,0,0,0,0,0,0,0,0,2,1,0,0,0
2024,15,"43 degrees, relative humidity 77%, wind 3 mph",Seattle Seahawks,Green Bay Packers,AJ Barner,SEA,Seattle Seahawks,away,30,13,TE,0,0.0,0,0,0,0,0,0,0,0,0,3,1,5,0,0
2024,15,"43 degrees, relative humidity 77%, wind 3 mph",Seattle Seahawks,Green Bay Packers,D.K. Metcalf,SEA,Seattle Seahawks,away,30,13,WR,0,0.0,0,0,0,0,0,0,0,0,0,3,3,28,0,0
2024,15,"43 degrees, relative humidity 77%, wind 3 mph",Seattle Seahawks,Green Bay Packers,Geno Smith,SEA,Seattle Seahawks,away,30,13,QB,20,40.816326530612244,15,19,149,0,1,3,1,5,0,0,0,0,0,0
2024,15,"43 degrees, relative humidity 77%, wind 3 mph",Seattle Seahawks,Green Bay Packers,George Holani,SEA,Seattle Seahawks,away,30,13,RB,3,6.122448979591836,0,0,0,0,0,0,3,10,0,0,0,0,0,0
2024,15,"43 degrees, relative humidity 77%, wind 3 mph",Seattle Seahawks,Green Bay Packers,Jake Bobo,SEA,Seattle Seahawks,away,30,13,WR,0,0.0,0,0,0,0,0,0,0,0,0,1,1,8,0,0
2024,15,"43 degrees, relative humidity 77%, wind 3 mph",Seattle Seahawks,Green Bay Packers,Jaxon Smith-Njigba,SEA,Seattle Seahawks,away,30,13,WR,0,0.0,0,0,0,0,0,0,0,0,0,12,10,83,0,0
2024,15,"43 degrees, relative humidity 77%, wind 3 mph",Seattle Seahawks,Green Bay Packers,Kenny McIntosh,SEA,Seattle Seahawks,away,30,13,RB,3,6.122448979591836,0,0,0,0,0,0,3,9,0,0,0,0,0,0
2024,15,"43 degrees, relative humidity 77%, wind 3 mph",Seattle Seahawks,Green Bay Packers,Noah Fant,SEA,Seattle Seahawks,away,30,13,TE,0,0.0,0,0,0,0,0,0,0,0,0,7,3,15,0,0
2024,15,"43 degrees, relative humidity 77%, wind 3 mph",Seattle Seahawks,Green Bay Packers,Sam Howell,SEA,Seattle Seahawks,away,30,13,QB,15,30.612244897959183,5,14,24,0,1,4,1,2,0,0,0,0,0,0
2024,15,"43 degrees, relative humidity 77%, wind 3 mph",Seattle Seahawks,Green Bay Packers,Tyler Lockett,SEA,Seattle Seahawks,away,30,13,WR,0,0.0,0,0,0,0,0,0,0,0,0,1,1,22,0,0
2024,15,"43 degrees, relative humidity 77%, wind 3 mph",Seattle Seahawks,Green Bay Packers,Zach Charbonnet,SEA,Seattle Seahawks,away,30,13,RB,8,16.3265306122449,0,0,0,0,0,0,8,54,1,4,1,12,0,0
2024,15,"53 degrees, relative humidity 87%, wind 4 mph",San Francisco 49ers,Los Angeles Rams,Brock Purdy,SFO,San Francisco 49ers,away,12,6,QB,32,64.0,14,31,142,0,1,3,1,3,0,0,0,0,0,0
2024,15,"53 degrees, relative humidity 87%, wind 4 mph",San Francisco 49ers,Los Angeles Rams,Deebo Samuel,SFO,San Francisco 49ers,away,12,6,WR,2,4.0,0,0,0,0,0,0,2,3,0,7,3,16,0,0
2024,15,"53 degrees, relative humidity 87%, wind 4 mph",San Francisco 49ers,Los Angeles Rams,George Kittle,SFO,San Francisco 49ers,away,12,6,TE,0,0.0,0,0,0,0,0,0,0,0,0,7,4,61,0,0
2024,15,"53 degrees, relative humidity 87%, wind 4 mph",San Francisco 49ers,Los Angeles Rams,Isaac Guerendo,SFO,San Francisco 49ers,away,12,6,RB,16,32.0,0,0,0,0,0,0,16,57,0,4,4,18,0,0
2024,15,"53 degrees, relative humidity 87%, wind 4 mph",San Francisco 49ers,Los Angeles Rams,Jauan Jennings,SFO,San Francisco 49ers,away,12,6,WR,0,0.0,0,0,0,0,0,0,0,0,0,9,2,31,0,0
2024,15,"53 degrees, relative humidity 87%, wind 4 mph",San Francisco 49ers,Los Angeles Rams,Ricky Pearsall,SFO,San Francisco 49ers,away,12,6,WR,0,0.0,0,0,0,0,0,0,0,0,0,4,1,16,0,0
2024,15,,Los Angeles Chargers,Tampa Bay Buccaneers,Baker Mayfield,TAM,Los Angeles Chargers,away,40,17,QB,29,43.93939393939394,22,27,288,4,1,1,2,25,0,0,0,0,0,0
2024,15,,Los Angeles Chargers,Tampa Bay Buccaneers,Bucky Irving,TAM,Los Angeles Chargers,away,40,17,RB,15,22.727272727272727,0,0,0,0,0,0,15,117,0,2,2,-4,0,0
2024,15,,Los Angeles Chargers,Tampa Bay Buccaneers,Cade Otton,TAM,Los Angeles Chargers,away,40,17,TE,0,0.0,0,0,0,0,0,0,0,0,0,3,2,24,0,0
2024,15,,Los Angeles Chargers,Tampa Bay Buccaneers,Jalen McMillan,TAM,Los Angeles Chargers,away,40,17,WR,0,0.0,0,0,0,0,0,0,0,0,0,6,5,75,1,0
2024,15,,Los Angeles Chargers,Tampa Bay Buccaneers,Mike Evans,TAM,Los Angeles Chargers,away,40,17,WR,0,0.0,0,0,0,0,0,0,0,0,0,11,9,159,2,0
2024,15,,Los Angeles Chargers,Tampa Bay Buccaneers,Rachaad White,TAM,Los Angeles Chargers,away,40,17,RB,15,22.727272727272727,0,0,0,0,0,0,15,64,0,2,2,17,1,1
2024,15,,Los Angeles Chargers,Tampa Bay Buccaneers,Ryan Miller,TAM,Los Angeles Chargers,away,40,17,WR,0,0.0,0,0,0,0,0,0,0,0,0,1,1,1,0,0
2024,15,,Los Angeles Chargers,Tampa Bay Buccaneers,Sean Tucker,TAM,Los Angeles Chargers,away,40,17,RB,7,10.606060606060606,0,0,0,0,0,0,7,17,0,0,0,0,0,0
2024,15,,Los Angeles Chargers,Tampa Bay Buccaneers,Sterling Shepard,TAM,Los Angeles Chargers,away,40,17,WR,0,0.0,0,0,0,0,0,0,0,0,0,1,1,16,0,0
2024,15,"52 degrees, relative humidity 90%, wind 12 mph",Tennessee Titans,Cincinnati Bengals,Bryce Oliver,TEN,Tennessee Titans,away,37,27,WR,0,0.0,0,0,0,0,0,0,0,0,0,2,1,8,0,0
2024,15,"52 degrees, relative humidity 90%, wind 12 mph",Tennessee Titans,Cincinnati Bengals,Calvin Ridley,TEN,Tennessee Titans,away,37,27,WR,1,1.5625,0,0,0,0,0,0,1,19,0,5,3,41,0,0
2024,15,"52 degrees, relative humidity 90%, wind 12 mph",Tennessee Titans,Cincinnati Bengals,Chigoziem Okonkwo,TEN,Tennessee Titans,away,37,27,TE,0,0.0,0,0,0,0,0,0,0,0,0,10,8,59,0,0
2024,15,"52 degrees, relative humidity 90%, wind 12 mph",Tennessee Titans,Cincinnati Bengals,Josh Whyle,TEN,Tennessee Titans,away,37,27,TE,0,0.0,0,0,0,0,0,0,0,0,0,5,5,37,1,0
2024,15,"52 degrees, relative humidity 90%, wind 12 mph",Tennessee Titans,Cincinnati Bengals,Mason Kinsey,TEN,Tennessee Titans,away,37,27,WR,0,0.0,0,0,0,0,0,0,0,0,0,1,1,11,0,0
2024,15,"52 degrees, relative humidity 90%, wind 12 mph",Tennessee Titans,Cincinnati Bengals,Mason Rudolph,TEN,Tennessee Titans,away,37,27,QB,28,43.75,21,26,209,2,1,0,2,14,0,0,0,0,0,0
2024,15,"52 degrees, relative humidity 90%, wind 12 mph",Tennessee Titans,Cincinnati Bengals,Nick Vannett,TEN,Tennessee Titans,away,37,27,TE,0,0.0,0,0,0,0,0,0,0,0,0,1,1,7,0,0
2024,15,"52 degrees, relative humidity 90%, wind 12 mph",Tennessee Titans,Cincinnati Bengals,Nick Westbrook-Ikhine,TEN,Tennessee Titans,away,37,27,WR,0,0.0,0,0,0,0,0,0,0,0,0,3,2,9,0,0
2024,15,"52 degrees, relative humidity 90%, wind 12 mph",Tennessee Titans,Cincinnati Bengals,Tony Pollard,TEN,Tennessee Titans,away,37,27,RB,17,26.5625,0,0,0,0,0,0,17,45,1,0,0,0,0,1
2024,15,"52 degrees, relative humidity 90%, wind 12 mph",Tennessee Titans,Cincinnati Bengals,Tyjae Spears,TEN,Tennessee Titans,away,37,27,RB,4,6.25,0,0,0,0,0,0,4,5,1,7,6,87,1,0
2024,15,"52 degrees, relative humidity 90%, wind 12 mph",Tennessee Titans,Cincinnati Bengals,Tyler Boyd,TEN,Tennessee Titans,away,37,27,WR,0,0.0,0,0,0,0,0,0,0,0,0,3,2,39,0,0
2024,15,"52 degrees, relative humidity 90%, wind 12 mph",Tennessee Titans,Cincinnati Bengals,Will Levis,TEN,Tennessee Titans,away,37,27,QB,14,21.875,8,12,89,0,3,1,2,0,0,0,0,0,0,1
2024,15,,New Orleans Saints,Washington Commanders,Ben Sinnott,WAS,New Orleans Saints,away,20,19,TE,0,0.0,0,0,0,0,0,0,0,0,0,1,1,7,0,0
2024,15,,New Orleans Saints,Washington Commanders,Brian Robinson Jr.,WAS,New Orleans Saints,away,20,19,RB,21,31.818181818181817,0,0,0,0,0,0,21,65,0,3,3,22,0,0
2024,15,,New Orleans Saints,Washington Commanders,Chris Rodriguez,WAS,New Orleans Saints,away,20,19,RB,1,1.5151515151515151,0,0,0,0,0,0,1,2,0,0,0,0,0,0
2024,15,,New Orleans Saints,Washington Commanders,Dyami Brown,WAS,New Orleans Saints,away,20,19,WR,0,0.0,0,0,0,0,0,0,0,0,0,4,3,30,0,0
2024,15,,New Orleans Saints,Washington Commanders,Jamison Crowder,WAS,New Orleans Saints,away,20,19,WR,0,0.0,0,0,0,0,0,0,0,0,0,3,3,27,0,0
2024,15,,New Orleans Saints,Washington Commanders,Jayden Daniels,WAS,New Orleans Saints,away,20,19,QB,42,63.63636363636363,25,31,226,2,0,8,11,66,0,0,0,0,0,1
2024,15,,New Orleans Saints,Washington Commanders,Jeremy McNichols,WAS,New Orleans Saints,away,20,19,RB,2,3.0303030303030303,0,0,0,0,0,0,2,4,0,2,1,0,0,0
2024,15,,New Orleans Saints,Washington Commanders,John Bates,WAS,New Orleans Saints,away,20,19,TE,0,0.0,0,0,0,0,0,0,0,0,0,1,1,6,0,0
2024,15,,New Orleans Saints,Washington Commanders,Luke McCaffrey,WAS,New Orleans Saints,away,20,19,WR,0,0.0,0,0,0,0,0,0,0,0,0,1,1,0,0,0
2024,15,,New Orleans Saints,Washington Commanders,Olamide Zaccheaus,WAS,New Orleans Saints,away,20,19,WR,0,0.0,0,0,0,0,0,0,0,0,0,4,3,36,0,0
2024,15,,New Orleans Saints,Washington Commanders,Terry McLaurin,WAS,New Orleans Saints,away,20,19,WR,0,0.0,0,0,0,0,0,0,0,0,0,10,7,73,2,0
2024,15,,New Orleans Saints,Washington Commanders,Zach Ertz,WAS,New Orleans Saints,away,20,19,TE,0,0.0,0,0,0,0,0,0,0,0,0,2,2,25,0,0
2024,16,"37 degrees, relative humidity 52%, wind 10 mph",Arizona Cardinals,Carolina Panthers,DeeJay Dallas,ARI,Arizona Cardinals,away,36,30,RB,0,0.0,0,0,0,0,0,0,0,0,0,1,1,1,1,0
2024,16,"37 degrees, relative humidity 52%, wind 10 mph",Arizona Cardinals,Carolina Panthers,Elijah Higgins,ARI,Arizona Cardinals,away,36,30,TE,0,0.0,0,0,0,0,0,0,0,0,0,1,0,0,0,0
2024,16,"37 degrees, relative humidity 52%, wind 10 mph",Arizona Cardinals,Carolina Panthers,Greg Dortch,ARI,Arizona Cardinals,away,36,30,WR,1,1.639344262295082,0,0,0,0,0,0,1,8,0,1,1,19,0,0
2024,16,"37 degrees, relative humidity 52%, wind 10 mph",Arizona Cardinals,Carolina Panthers,James Conner,ARI,Arizona Cardinals,away,36,30,RB,15,24.59016393442623,0,0,0,0,0,0,15,117,1,4,4,49,0,0
2024,16,"37 degrees, relative humidity 52%, wind 10 mph",Arizona Cardinals,Carolina Panthers,Kyler Murray,ARI,Arizona Cardinals,away,36,30,QB,40,65.57377049180327,20,32,202,1,1,3,8,63,1,0,0,0,0,1
2024,16,"37 degrees, relative humidity 52%, wind 10 mph",Arizona Cardinals,Carolina Panthers,Marvin Harrison Jr.,ARI,Arizona Cardinals,away,36,30,WR,0,0.0,0,0,0,0,0,0,0,0,0,8,4,39,0,0
2024,16,"37 degrees, relative humidity 52%, wind 10 mph",Arizona Cardinals,Carolina Panthers,Michael Carter,ARI,Arizona Cardinals,away,36,30,RB,5,8.19672131147541,0,0,0,0,0,0,5,18,0,5,5,30,0,0
2024,16,"37 degrees, relative humidity 52%, wind 10 mph",Arizona Cardinals,Carolina Panthers,Michael Wilson,ARI,Arizona Cardinals,away,36,30,WR,0,0.0,0,0,0,0,0,0,0,0,0,5,2,44,0,0
2024,16,"37 degrees, relative humidity 52%, wind 10 mph",Arizona Cardinals,Carolina Panthers,Trey McBride,ARI,Arizona Cardinals,away,36,30,TE,0,0.0,0,0,0,0,0,0,0,0,0,4,3,20,0,0
2024,16,,New York Giants,Atlanta Falcons,Bijan Robinson,ATL,New York Giants,away,34,7,RB,22,33.84615384615385,0,0,0,0,0,0,22,94,2,2,2,9,0,0
2024,16,,New York Giants,Atlanta Falcons,Charlie Woerner,ATL,New York Giants,away,34,7,TE,0,0.0,0,0,0,0,0,0,0,0,0,2,0,0,0,0
2024,16,,New York Giants,Atlanta Falcons,Chris Blair,ATL,New York Giants,away,34,7,WR,0,0.0,0,0,0,0,0,0,0,0,0,1,1,17,0,0
2024,16,,New York Giants,Atlanta Falcons,Darnell Mooney,ATL,New York Giants,away,34,7,WR,0,0.0,0,0,0,0,0,0,0,0,0,6,5,82,0,0
2024,16,,New York Giants,Atlanta Falcons,Drake London,ATL,New York Giants,away,34,7,WR,0,0.0,0,0,0,0,0,0,0,0,0,8,5,59,0,0
2024,16,,New York Giants,Atlanta Falcons,Kyle Pitts,ATL,New York Giants,away,34,7,TE,0,0.0,0,0,0,0,0,0,0,0,0,2,1,7,0,0
2024,16,,New York Giants,Atlanta Falcons,Michael Penix,ATL,New York Giants,away,34,7,QB,31,47.69230769230769,18,27,202,0,1,0,4,3,0,0,0,0,0,0
2024,16,,New York Giants,Atlanta Falcons,Ray-Ray McCloud,ATL,New York Giants,away,34,7,WR,1,1.5384615384615385,0,0,0,0,0,0,1,8,0,4,3,19,0,0
2024,16,,New York Giants,Atlanta Falcons,Tyler Allgeier,ATL,New York Giants,away,34,7,RB,11,16.923076923076923,0,0,0,0,0,0,11,22,0,1,1,9,0,0
2024,16,"35 degrees, relative humidity 32%, wind 15 mph",Pittsburgh Steelers,Baltimore Ravens,Derrick Henry,BAL,Pittsburgh Steelers,away,34,17,RB,24,39.34426229508197,0,0,0,0,0,0,24,162,0,2,2,27,0,0
2024,16,"35 degrees, relative humidity 32%, wind 15 mph",Pittsburgh Steelers,Baltimore Ravens,Isaiah Likely,BAL,Pittsburgh Steelers,away,34,17,TE,0,0.0,0,0,0,0,0,0,0,0,0,3,3,29,1,0
2024,16,"35 degrees, relative humidity 32%, wind 15 mph",Pittsburgh Steelers,Baltimore Ravens,Justice Hill,BAL,Pittsburgh Steelers,away,34,17,RB,2,3.278688524590164,0,0,0,0,0,0,2,30,0,1,0,0,0,0
2024,16,"35 degrees, relative humidity 32%, wind 15 mph",Pittsburgh Steelers,Baltimore Ravens,Lamar Jackson,BAL,Pittsburgh Steelers,away,34,17,QB,32,52.459016393442624,15,23,207,3,1,1,9,22,0,0,0,0,0,1
2024,16,"35 degrees, relative humidity 32%, wind 15 mph",Pittsburgh Steelers,Baltimore Ravens,Mark Andrews,BAL,Pittsburgh Steelers,away,34,17,TE,1,1.639344262295082,0,0,0,0,0,0,1,1,0,6,4,37,1,0
2024,16,"35 degrees, relative humidity 32%, wind 15 mph",Pittsburgh Steelers,Baltimore Ravens,Rasheen Ali,BAL,Pittsburgh Steelers,away,34,17,RB,1,1.639344262295082,0,0,0,0,0,0,1,2,0,0,0,0,0,0
2024,16,"35 degrees, relative humidity 32%, wind 15 mph",Pittsburgh Steelers,Baltimore Ravens,Rashod Bateman,BAL,Pittsburgh Steelers,away,34,17,WR,0,0.0,0,0,0,0,0,0,0,0,0,3,1,14,1,0
2024,16,"35 degrees, relative humidity 32%, wind 15 mph",Pittsburgh Steelers,Baltimore Ravens,Zay Flowers,BAL,Pittsburgh Steelers,away,34,17,WR,1,1.639344262295082,0,0,0,0,0,0,1,3,0,8,5,100,0,0
2024,16,"14 degrees, relative humidity 54%, wind 2 mph",New England Patriots,Buffalo Bills,Amari Cooper,BUF,New England Patriots,away,24,21,WR,0,0.0,0,0,0,0,0,0,0,0,0,2,1,10,0,0
2024,16,"14 degrees, relative humidity 54%, wind 2 mph",New England Patriots,Buffalo Bills,Dalton Kincaid,BUF,New England Patriots,away,24,21,TE,0,0.0,0,0,0,0,0,0,0,0,0,7,4,15,0,0
2024,16,"14 degrees, relative humidity 54%, wind 2 mph",New England Patriots,Buffalo Bills,Dawson Knox,BUF,New England Patriots,away,24,21,TE,0,0.0,0,0,0,0,0,0,0,0,0,2,2,22,0,0
2024,16,"14 degrees, relative humidity 54%, wind 2 mph",New England Patriots,Buffalo Bills,James Cook,BUF,New England Patriots,away,24,21,RB,11,19.298245614035086,0,0,0,0,0,0,11,100,1,3,3,26,1,1
2024,16,"14 degrees, relative humidity 54%, wind 2 mph",New England Patriots,Buffalo Bills,Josh Allen,BUF,New England Patriots,away,24,21,QB,35,61.40350877192983,16,29,154,1,1,1,6,30,0,0,0,0,0,0
2024,16,"14 degrees, relative humidity 54%, wind 2 mph",New England Patriots,Buffalo Bills,Keon Coleman,BUF,New England Patriots,away,24,21,WR,0,0.0,0,0,0,0,0,0,0,0,0,2,1,17,0,0
2024,16,"14 degrees, relative humidity 54%, wind 2 mph",New England Patriots,Buffalo Bills,Khalil Shakir,BUF,New England Patriots,away,24,21,WR,0,0.0,0,0,0,0,0,0,0,0,0,6,2,22,0,1
2024,16,"14 degrees, relative humidity 54%, wind 2 mph",New England Patriots,Buffalo Bills,Mack Hollins,BUF,New England Patriots,away,24,21,WR,0,0.0,0,0,0,0,0,0,0,0,0,3,2,25,0,0
2024,16,"14 degrees, relative humidity 54%, wind 2 mph",New England Patriots,Buffalo Bills,Ray Davis,BUF,New England Patriots,away,24,21,RB,5,8.771929824561402,0,0,0,0,0,0,5,12,0,1,1,17,0,0
2024,16,"14 degrees, relative humidity 54%, wind 2 mph",New England Patriots,Buffalo Bills,Ty Johnson,BUF,New England Patriots,away,24,21,RB,6,10.526315789473683,0,0,0,0,0,0,6,30,0,1,0,0,0,0
2024,16,"37 degrees, relative humidity 52%, wind 10 mph",Arizona Cardinals,Carolina Panthers,Adam Thielen,CAR,Arizona Cardinals,away,36,30,WR,0,0.0,0,0,0,0,0,0,0,0,0,6,5,43,1,0
2024,16,"37 degrees, relative humidity 52%, wind 10 mph",Arizona Cardinals,Carolina Panthers,Bryce Young,CAR,Arizona Cardinals,away,36,30,QB,31,50.0,17,26,158,2,0,3,5,68,1,0,0,0,0,0
2024,16,"37 degrees, relative humidity 52%, wind 10 mph",Arizona Cardinals,Carolina Panthers,Chuba Hubbard,CAR,Arizona Cardinals,away,36,30,RB,25,40.32258064516129,0,0,0,0,0,0,25,152,2,5,4,13,0,0
2024,16,"37 degrees, relative humidity 52%, wind 10 mph",Arizona Cardinals,Carolina Panthers,Dan Chisena,CAR,Arizona Cardinals,away,36,30,WR,0,0.0,0,0,0,0,0,0,0,0,0,2,1,23,0,0
2024,16,"37 degrees, relative humidity 52%, wind 10 mph",Arizona Cardinals,Carolina Panthers,David Moore,CAR,Arizona Cardinals,away,36,30,WR,1,1.6129032258064515,0,0,0,0,0,0,1,0,0,3,2,39,1,0
2024,16,"37 degrees, relative humidity 52%, wind 10 mph",Arizona Cardinals,Carolina Panthers,Deven Thompkins,CAR,Arizona Cardinals,away,36,30,WR,1,1.6129032258064515,0,0,0,0,0,0,1,9,0,0,0,0,0,0
2024,16,"37 degrees, relative humidity 52%, wind 10 mph",Arizona Cardinals,Carolina Panthers,Jalen Coker,CAR,Arizona Cardinals,away,36,30,WR,0,0.0,0,0,0,0,0,0,0,0,0,5,2,8,0,0
2024,16,"37 degrees, relative humidity 52%, wind 10 mph",Arizona Cardinals,Carolina Panthers,Mike Boone,CAR,Arizona Cardinals,away,36,30,RB,1,1.6129032258064515,0,0,0,0,0,0,1,1,0,0,0,0,0,0
2024,16,"37 degrees, relative humidity 52%, wind 10 mph",Arizona Cardinals,Carolina Panthers,Raheem Blackshear,CAR,Arizona Cardinals,away,36,30,RB,3,4.838709677419355,0,0,0,0,0,0,3,13,0,0,0,0,0,0
2024,16,"37 degrees, relative humidity 52%, wind 10 mph",Arizona Cardinals,Carolina Panthers,Tommy Tremble,CAR,Arizona Cardinals,away,36,30,TE,0,0.0,0,0,0,0,0,0,0,0,0,3,3,32,0,0
2024,16,"29 degrees, relative humidity 68%, wind 7 mph",Chicago Bears,Detroit Lions,Caleb Williams,CHI,Chicago Bears,away,34,17,QB,46,80.7017543859649,26,40,334,2,0,2,6,34,0,0,0,0,0,2
2024,16,"29 degrees, relative humidity 68%, wind 7 mph",Chicago Bears,Detroit Lions,Cole Kmet,CHI,Chicago Bears,away,34,17,TE,0,0.0,0,0,0,0,0,0,0,0,0,2,2,9,1,0
2024,16,"29 degrees, relative humidity 68%, wind 7 mph",Chicago Bears,Detroit Lions,Collin Johnson,CHI,Chicago Bears,away,34,17,WR,0,0.0,0,0,0,0,0,0,0,0,0,1,0,0,0,0
2024,16,"29 degrees, relative humidity 68%, wind 7 mph",Chicago Bears,Detroit Lions,D'Andre Swift,CHI,Chicago Bears,away,34,17,RB,9,15.789473684210526,0,0,0,0,0,0,9,20,0,3,3,33,0,0
2024,16,"29 degrees, relative humidity 68%, wind 7 mph",Chicago Bears,Detroit Lions,D.J. Moore,CHI,Chicago Bears,away,34,17,WR,1,1.7543859649122806,0,0,0,0,0,0,1,2,0,10,7,68,0,0
2024,16,"29 degrees, relative humidity 68%, wind 7 mph",Chicago Bears,Detroit Lions,Gerald Everett,CHI,Chicago Bears,away,34,17,TE,0,0.0,0,0,0,0,0,0,0,0,0,1,1,6,0,0
2024,16,"29 degrees, relative humidity 68%, wind 7 mph",Chicago Bears,Detroit Lions,Keenan Allen,CHI,Chicago Bears,away,34,17,WR,0,0.0,0,0,0,0,0,0,0,0,0,13,9,141,1,0
2024,16,"29 degrees, relative humidity 68%, wind 7 mph",Chicago Bears,Detroit Lions,Rome Odunze,CHI,Chicago Bears,away,34,17,WR,0,0.0,0,0,0,0,0,0,0,0,0,7,4,77,0,1
2024,16,"29 degrees, relative humidity 68%, wind 7 mph",Chicago Bears,Detroit Lions,Roschon Johnson,CHI,Chicago Bears,away,34,17,RB,1,1.7543859649122806,0,0,0,0,0,0,1,3,0,0,0,0,0,0
2024,16,"33 degrees, relative humidity 56%, wind 6 mph",Cleveland Browns,Cincinnati Bengals,Andrei Iosivas,CIN,Cleveland Browns,away,24,6,WR,0,0.0,0,0,0,0,0,0,0,0,0,3,3,53,1,0
2024,16,"33 degrees, relative humidity 56%, wind 6 mph",Cleveland Browns,Cincinnati Bengals,Chase Brown,CIN,Cleveland Browns,away,24,6,RB,18,34.61538461538461,0,0,0,0,0,0,18,91,0,3,3,18,0,0
2024,16,"33 degrees, relative humidity 56%, wind 6 mph",Cleveland Browns,Cincinnati Bengals,Drew Sample,CIN,Cleveland Browns,away,24,6,TE,0,0.0,0,0,0,0,0,0,0,0,0,1,1,12,0,0
2024,16,"33 degrees, relative humidity 56%, wind 6 mph",Cleveland Browns,Cincinnati Bengals,Ja'Marr Chase,CIN,Cleveland Browns,away,24,6,WR,1,1.9230769230769231,0,0,0,0,0,0,1,7,0,8,6,97,1,0
2024,16,"33 degrees, relative humidity 56%, wind 6 mph",Cleveland Browns,Cincinnati Bengals,Jake Browning,CIN,Cleveland Browns,away,24,6,QB,1,1.9230769230769231,0,0,0,0,0,0,1,-1,0,0,0,0,0,0
2024,16,"33 degrees, relative humidity 56%, wind 6 mph",Cleveland Browns,Cincinnati Bengals,Joe Burrow,CIN,Cleveland Browns,away,24,6,QB,32,61.53846153846154,23,30,252,3,0,4,2,19,0,0,0,0,0,1
2024,16,"33 degrees, relative humidity 56%, wind 6 mph",Cleveland Browns,Cincinnati Bengals,Mike Gesicki,CIN,Cleveland Browns,away,24,6,TE,0,0.0,0,0,0,0,0,0,0,0,0,2,2,14,0,0
2024,16,"33 degrees, relative humidity 56%, wind 6 mph",Cleveland Browns,Cincinnati Bengals,Tee Higgins,CIN,Cleveland Browns,away,24,6,WR,0,0.0,0,0,0,0,0,0,0,0,0,11,8,58,1,0
2024,16,"33 degrees, relative humidity 56%, wind 6 mph",Cleveland Browns,Cincinnati Bengals,D'Onta Foreman,CLE,Cleveland Browns,away,24,6,RB,2,3.4482758620689653,0,0,0,0,0,0,2,1,0,0,0,0,0,1
2024,16,"33 degrees, relative humidity 56%, wind 6 mph",Cleveland Browns,Cincinnati Bengals,David Njoku,CLE,Cleveland Browns,away,24,6,TE,0,0.0,0,0,0,0,0,0,0,0,0,10,8,66,0,0
2024,16,"33 degrees, relative humidity 56%, wind 6 mph",Cleveland Browns,Cincinnati Bengals,Dorian Thompson-Robinson,CLE,Cleveland Browns,away,24,6,QB,43,74.13793103448276,20,34,157,0,2,5,9,49,0,0,0,0,0,1
2024,16,"33 degrees, relative humidity 56%, wind 6 mph",Cleveland Browns,Cincinnati Bengals,Elijah Moore,CLE,Cleveland Browns,away,24,6,WR,0,0.0,0,0,0,0,0,0,0,0,0,5,2,21,0,0
2024,16,"33 degrees, relative humidity 56%, wind 6 mph",Cleveland Browns,Cincinnati Bengals,Jamari Thrash,CLE,Cleveland Browns,away,24,6,WR,0,0.0,0,0,0,0,0,0,0,0,0,1,0,0,0,0
2024,16,"33 degrees, relative humidity 56%, wind 6 mph",Cleveland Browns,Cincinnati Bengals,Jerome Ford,CLE,Cleveland Browns,away,24,6,RB,11,18.96551724137931,0,0,0,0,0,0,11,92,1,5,5,39,0,0
2024,16,"33 degrees, relative humidity 56%, wind 6 mph",Cleveland Browns,Cincinnati Bengals,Jerry Jeudy,CLE,Cleveland Browns,away,24,6,WR,0,0.0,0,0,0,0,0,0,0,0,0,3,2,20,0,0
2024,16,"33 degrees, relative humidity 56%, wind 6 mph",Cleveland Browns,Cincinnati Bengals,Jordan Akins,CLE,Cleveland Browns,away,24,6,TE,0,0.0,0,0,0,0,0,0,0,0,0,2,1,8,0,0
2024,16,"33 degrees, relative humidity 56%, wind 6 mph",Cleveland Browns,Cincinnati Bengals,Michael Woods,CLE,Cleveland Browns,away,24,6,UNK,0,0.0,0,0,0,0,0,0,0,0,0,3,0,0,0,0
2024,16,"33 degrees, relative humidity 56%, wind 6 mph",Cleveland Browns,Cincinnati Bengals,Pierre Strong,CLE,Cleveland Browns,away,24,6,RB,2,3.4482758620689653,0,0,0,0,0,0,2,6,0,2,2,3,0,0
2024,16,,Tampa Bay Buccaneers,Dallas Cowboys,Brandin Cooks,DAL,Tampa Bay Buccaneers,away,26,24,WR,0,0.0,0,0,0,0,0,0,0,0,0,3,3,48,0,0
2024,16,,Tampa Bay Buccaneers,Dallas Cowboys,CeeDee Lamb,DAL,Tampa Bay Buccaneers,away,26,24,WR,0,0.0,0,0,0,0,0,0,0,0,0,8,7,105,0,0
2024,16,,Tampa Bay Buccaneers,Dallas Cowboys,Cooper Rush,DAL,Tampa Bay Buccaneers,away,26,24,QB,38,69.0909090909091,26,35,292,1,0,1,3,-4,0,0,0,0,0,0
2024,16,,Tampa Bay Buccaneers,Dallas Cowboys,Ezekiel Elliott,DAL,Tampa Bay Buccaneers,away,26,24,RB,1,1.8181818181818181,0,0,0,0,0,0,1,1,1,0,0,0,0,0
2024,16,,Tampa Bay Buccaneers,Dallas Cowboys,Hunter Luepke,DAL,Tampa Bay Buccaneers,away,26,24,FB,0,0.0,0,0,0,0,0,0,0,0,0,2,0,0,0,0
2024,16,,Tampa Bay Buccaneers,Dallas Cowboys,Jake Ferguson,DAL,Tampa Bay Buccaneers,away,26,24,TE,0,0.0,0,0,0,0,0,0,0,0,0,9,6,40,0,0
2024,16,,Tampa Bay Buccaneers,Dallas Cowboys,Jalen Tolbert,DAL,Tampa Bay Buccaneers,away,26,24,WR,0,0.0,0,0,0,0,0,0,0,0,0,3,2,20,1,0
2024,16,,Tampa Bay Buccaneers,Dallas Cowboys,KaVontae Turpin,DAL,Tampa Bay Buccaneers,away,26,24,WR,3,5.454545454545454,0,0,0,0,0,0,3,11,0,1,1,7,0,0
2024,16,,Tampa Bay Buccaneers,Dallas Cowboys,Luke Schoonmaker,DAL,Tampa Bay Buccaneers,away,26,24,TE,0,0.0,0,0,0,0,0,0,0,0,0,1,1,3,0,0
2024,16,,Tampa Bay Buccaneers,Dallas Cowboys,Rico Dowdle,DAL,Tampa Bay Buccaneers,away,26,24,RB,13,23.636363636363637,0,0,0,0,0,0,13,23,0,3,3,28,0,0
2024,16,,Tampa Bay Buccaneers,Dallas Cowboys,Ryan Flournoy,DAL,Tampa Bay Buccaneers,away,26,24,WR,0,0.0,0,0,0,0,0,0,0,0,0,3,3,41,0,0
2024,16,,Denver Broncos,Los Angeles Chargers,Adam Trautman,DEN,Denver Broncos,away,34,27,TE,0,0.0,0,0,0,0,0,0,0,0,0,1,1,5,0,0
2024,16,,Denver Broncos,Los Angeles Chargers,Audric Estime,DEN,Denver Broncos,away,34,27,RB,9,14.754098360655737,0,0,0,0,0,0,9,48,1,0,0,0,0,0
2024,16,,Denver Broncos,Los Angeles Chargers,Blake Watson,DEN,Denver Broncos,away,34,27,RB,4,6.557377049180328,0,0,0,0,0,0,4,10,0,2,1,13,0,0
2024,16,,Denver Broncos,Los Angeles Chargers,Bo Nix,DEN,Denver Broncos,away,34,27,QB,43,70.49180327868852,29,40,263,2,0,2,3,25,0,0,0,0,0,1
2024,16,,Denver Broncos,Los Angeles Chargers,Courtland Sutton,DEN,Denver Broncos,away,34,27,WR,0,0.0,0,0,0,0,0,0,0,0,0,6,5,50,0,0
2024,16,,Denver Broncos,Los Angeles Chargers,Devaughn Vele,DEN,Denver Broncos,away,34,27,WR,0,0.0,0,0,0,0,0,0,0,0,0,3,2,21,1,0
2024,16,,Denver Broncos,Los Angeles Chargers,Javonte Williams,DEN,Denver Broncos,away,34,27,RB,4,6.557377049180328,0,0,0,0,0,0,4,24,0,11,7,29,0,0
2024,16,,Denver Broncos,Los Angeles Chargers,Lucas Krull,DEN,Denver Broncos,away,34,27,TE,0,0.0,0,0,0,0,0,0,0,0,0,3,3,21,0,0
2024,16,,Denver Broncos,Los Angeles Chargers,Marvin Mims,DEN,Denver Broncos,away,34,27,WR,1,1.639344262295082,0,0,0,0,0,0,1,3,0,5,3,62,0,0
2024,16,,Denver Broncos,Los Angeles Chargers,Michael Burton,DEN,Denver Broncos,away,34,27,FB,0,0.0,0,0,0,0,0,0,0,0,0,3,3,19,1,0
2024,16,,Denver Broncos,Los Angeles Chargers,Nate Adkins,DEN,Denver Broncos,away,34,27,TE,0,0.0,0,0,0,0,0,0,0,0,0,2,2,18,0,0
2024,16,,Denver Broncos,Los Angeles Chargers,Troy Franklin,DEN,Denver Broncos,away,34,27,WR,0,0.0,0,0,0,0,0,0,0,0,0,3,2,25,0,0
2024,16,"29 degrees, relative humidity 68%, wind 7 mph",Chicago Bears,Detroit Lions,Amon-Ra St. Brown,DET,Chicago Bears,away,34,17,WR,0,0.0,0,0,0,0,0,0,0,0,0,8,6,70,1,0
2024,16,"29 degrees, relative humidity 68%, wind 7 mph",Chicago Bears,Detroit Lions,Craig Reynolds,DET,Chicago Bears,away,34,17,RB,4,6.25,0,0,0,0,0,0,4,18,0,1,1,5,0,0
2024,16,"29 degrees, relative humidity 68%, wind 7 mph",Chicago Bears,Detroit Lions,Jahmyr Gibbs,DET,Chicago Bears,away,34,17,RB,23,35.9375,0,0,0,0,0,0,23,109,1,5,4,45,0,0
2024,16,"29 degrees, relative humidity 68%, wind 7 mph",Chicago Bears,Detroit Lions,Jameson Williams,DET,Chicago Bears,away,34,17,WR,1,1.5625,0,0,0,0,0,0,1,7,0,7,5,143,1,0
2024,16,"29 degrees, relative humidity 68%, wind 7 mph",Chicago Bears,Detroit Lions,Jared Goff,DET,Chicago Bears,away,34,17,QB,33,51.5625,23,32,336,3,0,1,1,-1,0,0,0,0,0,0
2024,16,"29 degrees, relative humidity 68%, wind 7 mph",Chicago Bears,Detroit Lions,Jermar Jefferson,DET,Chicago Bears,away,34,17,RB,3,4.6875,0,0,0,0,0,0,3,13,0,1,1,10,0,0
2024,16,"29 degrees, relative humidity 68%, wind 7 mph",Chicago Bears,Detroit Lions,Sam LaPorta,DET,Chicago Bears,away,34,17,TE,0,0.0,0,0,0,0,0,0,0,0,0,7,4,43,1,0
2024,16,"29 degrees, relative humidity 68%, wind 7 mph",Chicago Bears,Detroit Lions,Sione Vaki,DET,Chicago Bears,away,34,17,RB,0,0.0,0,0,0,0,0,0,0,0,0,2,2,20,0,0
2024,16,"29 degrees, relative humidity 68%, wind 7 mph",Chicago Bears,Detroit Lions,Tim Patrick,DET,Chicago Bears,away,34,17,WR,0,0.0,0,0,0,0,0,0,0,0,0,1,0,0,0,0
2024,16,"34 degrees, relative humidity 85%, wind 12 mph",New Orleans Saints,Green Bay Packers,Bo Melton,GNB,New Orleans Saints,away,34,0,WR,1,1.4492753623188406,0,0,0,0,0,0,1,14,0,1,0,0,0,0
2024,16,"34 degrees, relative humidity 85%, wind 12 mph",New Orleans Saints,Green Bay Packers,Chris Brooks,GNB,New Orleans Saints,away,34,0,RB,6,8.695652173913043,0,0,0,0,0,0,6,23,1,1,1,2,0,0
2024,16,"34 degrees, relative humidity 85%, wind 12 mph",New Orleans Saints,Green Bay Packers,Christian Watson,GNB,New Orleans Saints,away,34,0,WR,2,2.898550724637681,0,0,0,0,0,0,2,23,0,1,0,0,0,0
2024,16,"34 degrees, relative humidity 85%, wind 12 mph",New Orleans Saints,Green Bay Packers,Dontayvion Wicks,GNB,New Orleans Saints,away,34,0,WR,0,0.0,0,0,0,0,0,0,0,0,0,7,3,13,1,0
2024,16,"34 degrees, relative humidity 85%, wind 12 mph",New Orleans Saints,Green Bay Packers,Emanuel Wilson,GNB,New Orleans Saints,away,34,0,RB,11,15.942028985507244,0,0,0,0,0,0,11,52,1,1,1,4,0,0
2024,16,"34 degrees, relative humidity 85%, wind 12 mph",New Orleans Saints,Green Bay Packers,Jayden Reed,GNB,New Orleans Saints,away,34,0,WR,1,1.4492753623188406,0,0,0,0,0,0,1,5,0,4,3,76,0,0
2024,16,"34 degrees, relative humidity 85%, wind 12 mph",New Orleans Saints,Green Bay Packers,Jordan Love,GNB,New Orleans Saints,away,34,0,QB,29,42.028985507246375,16,28,182,1,0,0,1,2,0,0,0,0,0,0
2024,16,"34 degrees, relative humidity 85%, wind 12 mph",New Orleans Saints,Green Bay Packers,Josh Jacobs,GNB,New Orleans Saints,away,34,0,RB,13,18.84057971014493,0,0,0,0,0,0,13,69,1,4,4,38,0,0
2024,16,"34 degrees, relative humidity 85%, wind 12 mph",New Orleans Saints,Green Bay Packers,Luke Musgrave,GNB,New Orleans Saints,away,34,0,TE,0,0.0,0,0,0,0,0,0,0,0,0,1,0,0,0,0
2024,16,"34 degrees, relative humidity 85%, wind 12 mph",New Orleans Saints,Green Bay Packers,Malik Willis,GNB,New Orleans Saints,away,34,0,QB,5,7.246376811594203,1,2,34,0,0,0,3,-2,0,0,0,0,0,0
2024,16,"34 degrees, relative humidity 85%, wind 12 mph",New Orleans Saints,Green Bay Packers,Romeo Doubs,GNB,New Orleans Saints,away,34,0,WR,0,0.0,0,0,0,0,0,0,0,0,0,3,2,20,0,0
2024,16,"34 degrees, relative humidity 85%, wind 12 mph",New Orleans Saints,Green Bay Packers,Tucker Kraft,GNB,New Orleans Saints,away,34,0,TE,1,1.4492753623188406,0,0,0,0,0,0,1,2,0,4,3,63,0,0
2024,16,"30 degrees, relative humidity 60%, wind 5 mph",Houston Texans,Kansas City Chiefs,Andrew Beck,HOU,Houston Texans,away,27,19,FB,0,0.0,0,0,0,0,0,0,0,0,0,1,0,0,0,0
2024,16,"30 degrees, relative humidity 60%, wind 5 mph",Houston Texans,Kansas City Chiefs,C.J. Stroud,HOU,Houston Texans,away,27,19,QB,41,73.21428571428571,23,39,244,2,2,2,2,23,0,0,0,0,0,0
2024,16,"30 degrees, relative humidity 60%, wind 5 mph",Houston Texans,Kansas City Chiefs,Dalton Schultz,HOU,Houston Texans,away,27,19,TE,0,0.0,0,0,0,0,0,0,0,0,0,8,5,45,1,0
2024,16,"30 degrees, relative humidity 60%, wind 5 mph",Houston Texans,Kansas City Chiefs,Dameon Pierce,HOU,Houston Texans,away,27,19,RB,1,1.7857142857142856,0,0,0,0,0,0,1,4,0,0,0,0,0,0
2024,16,"30 degrees, relative humidity 60%, wind 5 mph",Houston Texans,Kansas City Chiefs,Dare Ogunbowale,HOU,Houston Texans,away,27,19,RB,0,0.0,0,0,0,0,0,0,0,0,0,2,0,0,0,0
2024,16,"30 degrees, relative humidity 60%, wind 5 mph",Houston Texans,Kansas City Chiefs,Joe Mixon,HOU,Houston Texans,away,27,19,RB,14,25.0,0,0,0,0,0,0,14,57,0,2,1,14,0,0
2024,16,"30 degrees, relative humidity 60%, wind 5 mph",Houston Texans,Kansas City Chiefs,Nico Collins,HOU,Houston Texans,away,27,19,WR,0,0.0,0,0,0,0,0,0,0,0,0,10,7,60,0,0
2024,16,"30 degrees, relative humidity 60%, wind 5 mph",Houston Texans,Kansas City Chiefs,Robert Woods,HOU,Houston Texans,away,27,19,WR,0,0.0,0,0,0,0,0,0,0,0,0,6,3,19,0,1
2024,16,"30 degrees, relative humidity 60%, wind 5 mph",Houston Texans,Kansas City Chiefs,Tank Dell,HOU,Houston Texans,away,27,19,WR,0,0.0,0,0,0,0,0,0,0,0,0,7,6,98,1,0
2024,16,"30 degrees, relative humidity 60%, wind 5 mph",Houston Texans,Kansas City Chiefs,Xavier Hutchinson,HOU,Houston Texans,away,27,19,WR,0,0.0,0,0,0,0,0,0,0,0,0,1,1,8,0,0
2024,16,,Tennessee Titans,Indianapolis Colts,Adonai Mitchell,IND,Tennessee Titans,away,38,30,WR,0,0.0,0,0,0,0,0,0,0,0,0,1,1,36,0,0
2024,16,,Tennessee Titans,Indianapolis Colts,Andrew Ogletree,IND,Tennessee Titans,away,38,30,TE,0,0.0,0,0,0,0,0,0,0,0,0,1,0,0,0,0
2024,16,,Tennessee Titans,Indianapolis Colts,Anthony Richardson,IND,Tennessee Titans,away,38,30,QB,20,32.78688524590164,7,11,131,1,1,1,9,70,1,0,0,0,0,0
2024,16,,Tennessee Titans,Indianapolis Colts,Jonathan Taylor,IND,Tennessee Titans,away,38,30,RB,29,47.540983606557376,0,0,0,0,0,0,29,218,3,0,0,0,0,0
2024,16,,Tennessee Titans,Indianapolis Colts,Josh Downs,IND,Tennessee Titans,away,38,30,WR,0,0.0,0,0,0,0,0,0,0,0,0,4,3,61,1,0
2024,16,,Tennessee Titans,Indianapolis Colts,Michael Pittman Jr.,IND,Tennessee Titans,away,38,30,WR,0,0.0,0,0,0,0,0,0,0,0,0,3,2,19,0,0
2024,16,,Tennessee Titans,Indianapolis Colts,Mo Alie-Cox,IND,Tennessee Titans,away,38,30,TE,0,0.0,0,0,0,0,0,0,0,0,0,2,1,15,0,0
2024,16,,Tennessee Titans,Indianapolis Colts,Trey Sermon,IND,Tennessee Titans,away,38,30,RB,8,13.114754098360656,0,0,0,0,0,0,8,25,0,0,0,0,0,0
2024,16,,Tennessee Titans,Indianapolis Colts,Tyler Goodson,IND,Tennessee Titans,away,38,30,RB,4,6.557377049180328,0,0,0,0,0,0,4,22,0,0,0,0,0,0
2024,16,,Jacksonville Jaguars,Las Vegas Raiders,Brenton Strange,JAX,Jacksonville Jaguars,away,19,14,TE,0,0.0,0,0,0,0,0,0,0,0,0,4,2,22,0,1
2024,16,,Jacksonville Jaguars,Las Vegas Raiders,Brian Thomas,JAX,Jacksonville Jaguars,away,19,14,WR,0,0.0,0,0,0,0,0,0,0,0,0,13,9,132,1,0
2024,16,,Jacksonville Jaguars,Las Vegas Raiders,D'Ernest Johnson,JAX,Jacksonville Jaguars,away,19,14,RB,0,0.0,0,0,0,0,0,0,0,0,0,2,1,8,0,0
2024,16,,Jacksonville Jaguars,Las Vegas Raiders,Devin Duvernay,JAX,Jacksonville Jaguars,away,19,14,WR,0,0.0,0,0,0,0,0,0,0,0,0,1,1,3,0,1
2024,16,,Jacksonville Jaguars,Las Vegas Raiders,Josh Reynolds,JAX,Jacksonville Jaguars,away,19,14,WR,0,0.0,0,0,0,0,0,0,0,0,0,1,0,0,0,0
2024,16,,Jacksonville Jaguars,Las Vegas Raiders,Josiah Deguara,JAX,Jacksonville Jaguars,away,19,14,TE,0,0.0,0,0,0,0,0,0,0,0,0,1,1,4,0,0
2024,16,,Jacksonville Jaguars,Las Vegas Raiders,Luke Farrell,JAX,Jacksonville Jaguars,away,19,14,TE,0,0.0,0,0,0,0,0,0,0,0,0,3,2,8,0,0
2024,16,,Jacksonville Jaguars,Las Vegas Raiders,Mac Jones,JAX,Jacksonville Jaguars,away,19,14,QB,39,65.0,25,39,247,1,0,1,0,0,0,0,0,0,0,0
2024,16,,Jacksonville Jaguars,Las Vegas Raiders,Parker Washington,JAX,Jacksonville Jaguars,away,19,14,WR,0,0.0,0,0,0,0,0,0,0,0,0,6,6,54,0,0
2024,16,,Jacksonville Jaguars,Las Vegas Raiders,Tank Bigsby,JAX,Jacksonville Jaguars,away,19,14,RB,12,20.0,0,0,0,0,0,0,12,50,1,1,1,1,0,1
2024,16,,Jacksonville Jaguars,Las Vegas Raiders,Travis Etienne,JAX,Jacksonville Jaguars,away,19,14,RB,9,15.0,0,0,0,0,0,0,9,22,0,3,2,15,0,0
2024,16,"30 degrees, relative humidity 60%, wind 5 mph",Houston Texans,Kansas City Chiefs,DeAndre Hopkins,KAN,Houston Texans,away,27,19,WR,0,0.0,0,0,0,0,0,0,0,0,0,4,4,37,0,0
2024,16,"30 degrees, relative humidity 60%, wind 5 mph",Houston Texans,Kansas City Chiefs,Isiah Pacheco,KAN,Houston Texans,away,27,19,RB,9,13.043478260869565,0,0,0,0,0,0,9,26,0,2,1,-1,0,0
2024,16,"30 degrees, relative humidity 60%, wind 5 mph",Houston Texans,Kansas City Chiefs,JuJu Smith-Schuster,KAN,Houston Texans,away,27,19,WR,0,0.0,0,0,0,0,0,0,0,0,0,1,0,0,0,0
2024,16,"30 degrees, relative humidity 60%, wind 5 mph",Houston Texans,Kansas City Chiefs,Justin Watson,KAN,Houston Texans,away,27,19,WR,0,0.0,0,0,0,0,0,0,0,0,0,1,0,0,0,0
2024,16,"30 degrees, relative humidity 60%, wind 5 mph",Houston Texans,Kansas City Chiefs,Kareem Hunt,KAN,Houston Texans,away,27,19,RB,11,15.942028985507244,0,0,0,0,0,0,11,55,1,3,2,24,0,0
2024,16,"30 degrees, relative humidity 60%, wind 5 mph",Houston Texans,Kansas City Chiefs,Marquise Brown,KAN,Houston Texans,away,27,19,WR,0,0.0,0,0,0,0,0,0,0,0,0,8,5,45,0,0
2024,16,"30 degrees, relative humidity 60%, wind 5 mph",Houston Texans,Kansas City Chiefs,Noah Gray,KAN,Houston Texans,away,27,19,TE,0,0.0,0,0,0,0,0,0,0,0,0,1,1,10,0,0
2024,16,"30 degrees, relative humidity 60%, wind 5 mph",Houston Texans,Kansas City Chiefs,Patrick Mahomes,KAN,Houston Texans,away,27,19,QB,46,66.66666666666666,28,41,260,1,0,1,5,33,1,0,0,0,0,0
2024,16,"30 degrees, relative humidity 60%, wind 5 mph",Houston Texans,Kansas City Chiefs,Samaje Perine,KAN,Houston Texans,away,27,19,RB,0,0.0,0,0,0,0,0,0,0,0,0,3,3,50,0,0
2024,16,"30 degrees, relative humidity 60%, wind 5 mph",Houston Texans,Kansas City Chiefs,Travis Kelce,KAN,Houston Texans,away,27,19,TE,0,0.0,0,0,0,0,0,0,0,0,0,7,5,30,0,0
2024,16,"30 degrees, relative humidity 60%, wind 5 mph",Houston Texans,Kansas City Chiefs,Xavier Worthy,KAN,Houston Texans,away,27,19,WR,3,4.3478260869565215,0,0,0,0,0,0,3,10,0,11,7,65,1,0
2024,16,,Denver Broncos,Los Angeles Chargers,Derius Davis,LAC,Denver Broncos,away,34,27,WR,1,1.694915254237288,0,0,0,0,0,0,1,-3,0,2,2,31,1,0
2024,16,,Denver Broncos,Los Angeles Chargers,Gus Edwards,LAC,Denver Broncos,away,34,27,RB,14,23.728813559322035,0,0,0,0,0,0,14,68,2,2,1,3,0,0
2024,16,,Denver Broncos,Los Angeles Chargers,Hassan Haskins,LAC,Denver Broncos,away,34,27,RB,0,0.0,0,0,0,0,0,0,0,0,0,2,2,39,1,0
2024,16,,Denver Broncos,Los Angeles Chargers,Hayden Hurst,LAC,Denver Broncos,away,34,27,TE,0,0.0,0,0,0,0,0,0,0,0,0,1,1,8,0,0
2024,16,,Denver Broncos,Los Angeles Chargers,Josh Palmer,LAC,Denver Broncos,away,34,27,WR,0,0.0,0,0,0,0,0,0,0,0,0,6,3,41,0,0
2024,16,,Denver Broncos,Los Angeles Chargers,Justin Herbert,LAC,Denver Broncos,away,34,27,QB,39,66.10169491525424,23,31,284,2,1,2,8,28,0,0,0,0,0,0
2024,16,,Denver Broncos,Los Angeles Chargers,Kimani Vidal,LAC,Denver Broncos,away,34,27,RB,5,8.47457627118644,0,0,0,0,0,0,5,24,0,0,0,0,0,1
2024,16,,Denver Broncos,Los Angeles Chargers,Ladd McConkey,LAC,Denver Broncos,away,34,27,WR,0,0.0,0,0,0,0,0,0,0,0,0,6,6,87,0,0
2024,16,,Denver Broncos,Los Angeles Chargers,Quentin Johnston,LAC,Denver Broncos,away,34,27,WR,0,0.0,0,0,0,0,0,0,0,0,0,6,3,18,0,0
2024,16,,Denver Broncos,Los Angeles Chargers,Scott Matlock,LAC,Denver Broncos,away,34,27,FB,0,0.0,0,0,0,0,0,0,0,0,0,1,1,10,0,0
2024,16,,Denver Broncos,Los Angeles Chargers,Stone Smartt,LAC,Denver Broncos,away,34,27,TE,0,0.0,0,0,0,0,0,0,0,0,0,3,3,37,0,0
2024,16,,Denver Broncos,Los Angeles Chargers,Tucker Fisk,LAC,Denver Broncos,away,34,27,TE,0,0.0,0,0,0,0,0,0,0,0,0,1,1,10,0,0
2024,16,"23 degrees, relative humidity 47%, wind 8 mph",New York Jets,Los Angeles Rams,Blake Corum,LAR,New York Jets,away,19,9,RB,5,10.0,0,0,0,0,0,0,5,14,0,0,0,0,0,0
2024,16,"23 degrees, relative humidity 47%, wind 8 mph",New York Jets,Los Angeles Rams,Colby Parkinson,LAR,New York Jets,away,19,9,TE,0,0.0,0,0,0,0,0,0,0,0,0,1,0,0,0,0
2024,16,"23 degrees, relative humidity 47%, wind 8 mph",New York Jets,Los Angeles Rams,Cooper Kupp,LAR,New York Jets,away,19,9,WR,0,0.0,0,0,0,0,0,0,0,0,0,3,3,24,0,0
2024,16,"23 degrees, relative humidity 47%, wind 8 mph",New York Jets,Los Angeles Rams,Demarcus Robinson,LAR,New York Jets,away,19,9,WR,0,0.0,0,0,0,0,0,0,0,0,0,1,0,0,0,0
2024,16,"23 degrees, relative humidity 47%, wind 8 mph",New York Jets,Los Angeles Rams,Kyren Williams,LAR,New York Jets,away,19,9,RB,23,46.0,0,0,0,0,0,0,23,122,1,1,1,7,0,0
2024,16,"23 degrees, relative humidity 47%, wind 8 mph",New York Jets,Los Angeles Rams,Matthew Stafford,LAR,New York Jets,away,19,9,QB,22,44.0,14,19,110,1,1,0,3,-4,0,0,0,0,0,0
2024,16,"23 degrees, relative humidity 47%, wind 8 mph",New York Jets,Los Angeles Rams,Puka Nacua,LAR,New York Jets,away,19,9,WR,0,0.0,0,0,0,0,0,0,0,0,0,9,8,56,0,0
2024,16,"23 degrees, relative humidity 47%, wind 8 mph",New York Jets,Los Angeles Rams,Tutu Atwell,LAR,New York Jets,away,19,9,WR,0,0.0,0,0,0,0,0,0,0,0,0,2,1,12,0,0
2024,16,"23 degrees, relative humidity 47%, wind 8 mph",New York Jets,Los Angeles Rams,Tyler Higbee,LAR,New York Jets,away,19,9,TE,0,0.0,0,0,0,0,0,0,0,0,0,2,1,11,1,0
2024,16,,Jacksonville Jaguars,Las Vegas Raiders,Aidan O'Connell,LVR,Jacksonville Jaguars,away,19,14,QB,45,69.23076923076923,24,38,257,0,0,2,7,12,0,0,0,0,0,0
2024,16,,Jacksonville Jaguars,Las Vegas Raiders,Alexander Mattison,LVR,Jacksonville Jaguars,away,19,14,RB,12,18.461538461538463,0,0,0,0,0,0,12,27,1,7,4,29,0,0
2024,16,,Jacksonville Jaguars,Las Vegas Raiders,Ameer Abdullah,LVR,Jacksonville Jaguars,away,19,14,RB,7,10.76923076923077,0,0,0,0,0,0,7,38,1,6,5,47,0,0
2024,16,,Jacksonville Jaguars,Las Vegas Raiders,Brock Bowers,LVR,Jacksonville Jaguars,away,19,14,TE,0,0.0,0,0,0,0,0,0,0,0,0,13,11,99,0,0
2024,16,,Jacksonville Jaguars,Las Vegas Raiders,Jakobi Meyers,LVR,Jacksonville Jaguars,away,19,14,WR,0,0.0,0,0,0,0,0,0,0,0,0,5,2,41,0,0
2024,16,,Jacksonville Jaguars,Las Vegas Raiders,Michael Mayer,LVR,Jacksonville Jaguars,away,19,14,TE,0,0.0,0,0,0,0,0,0,0,0,0,1,0,0,0,0
2024,16,,Jacksonville Jaguars,Las Vegas Raiders,Terrace Marshall Jr.,LVR,Jacksonville Jaguars,away,19,14,WR,0,0.0,0,0,0,0,0,0,0,0,0,1,0,0,0,0
2024,16,,Jacksonville Jaguars,Las Vegas Raiders,Tre Tucker,LVR,Jacksonville Jaguars,away,19,14,WR,1,1.5384615384615385,0,0,0,0,0,0,1,-8,0,4,2,41,0,0
2024,16,"73 degrees, relative humidity 61%, wind 12 mph",San Francisco 49ers,Miami Dolphins,Alec Ingold,MIA,San Francisco 49ers,away,29,17,FB,1,1.5625,0,0,0,0,0,0,1,4,0,0,0,0,0,0
2024,16,"73 degrees, relative humidity 61%, wind 12 mph",San Francisco 49ers,Miami Dolphins,De'Von Achane,MIA,San Francisco 49ers,away,29,17,RB,17,26.5625,0,0,0,0,0,0,17,120,1,7,6,70,0,0
2024,16,"73 degrees, relative humidity 61%, wind 12 mph",San Francisco 49ers,Miami Dolphins,Durham Smythe,MIA,San Francisco 49ers,away,29,17,TE,0,0.0,0,0,0,0,0,0,0,0,0,2,1,5,0,0
2024,16,"73 degrees, relative humidity 61%, wind 12 mph",San Francisco 49ers,Miami Dolphins,Jeff Wilson,MIA,San Francisco 49ers,away,29,17,RB,2,3.125,0,0,0,0,0,0,2,12,0,0,0,0,0,0
2024,16,"73 degrees, relative humidity 61%, wind 12 mph",San Francisco 49ers,Miami Dolphins,Jonnu Smith,MIA,San Francisco 49ers,away,29,17,TE,0,0.0,0,0,0,0,0,0,0,0,0,6,6,62,0,0
2024,16,"73 degrees, relative humidity 61%, wind 12 mph",San Francisco 49ers,Miami Dolphins,Malik Washington,MIA,San Francisco 49ers,away,29,17,WR,0,0.0,0,0,0,0,0,0,0,0,0,4,3,28,0,0
2024,16,"73 degrees, relative humidity 61%, wind 12 mph",San Francisco 49ers,Miami Dolphins,Raheem Mostert,MIA,San Francisco 49ers,away,29,17,RB,8,12.5,0,0,0,0,0,0,8,31,0,2,2,15,0,0
2024,16,"73 degrees, relative humidity 61%, wind 12 mph",San Francisco 49ers,Miami Dolphins,River Cracraft,MIA,San Francisco 49ers,away,29,17,WR,0,0.0,0,0,0,0,0,0,0,0,0,3,1,6,0,0
2024,16,"73 degrees, relative humidity 61%, wind 12 mph",San Francisco 49ers,Miami Dolphins,Tua Tagovailoa,MIA,San Francisco 49ers,away,29,17,QB,36,56.25,22,34,215,1,0,0,2,-1,0,0,0,0,0,1
2024,16,"73 degrees, relative humidity 61%, wind 12 mph",San Francisco 49ers,Miami Dolphins,Tyreek Hill,MIA,San Francisco 49ers,away,29,17,WR,0,0.0,0,0,0,0,0,0,0,0,0,7,3,29,1,0
2024,16,"48 degrees, relative humidity 84%, wind 5 mph",Seattle Seahawks,Minnesota Vikings,Aaron Jones,MIN,Seattle Seahawks,away,27,24,RB,18,30.508474576271187,0,0,0,0,0,0,18,67,0,5,3,26,0,0
2024,16,"48 degrees, relative humidity 84%, wind 5 mph",Seattle Seahawks,Minnesota Vikings,C.J. Ham,MIN,Seattle Seahawks,away,27,24,FB,0,0.0,0,0,0,0,0,0,0,0,0,1,1,9,0,0
2024,16,"48 degrees, relative humidity 84%, wind 5 mph",Seattle Seahawks,Minnesota Vikings,Cam Akers,MIN,Seattle Seahawks,away,27,24,RB,1,1.694915254237288,0,0,0,0,0,0,1,3,0,0,0,0,0,0
2024,16,"48 degrees, relative humidity 84%, wind 5 mph",Seattle Seahawks,Minnesota Vikings,Jalen Nailor,MIN,Seattle Seahawks,away,27,24,WR,0,0.0,0,0,0,0,0,0,0,0,0,2,1,5,0,0
2024,16,"48 degrees, relative humidity 84%, wind 5 mph",Seattle Seahawks,Minnesota Vikings,Jordan Addison,MIN,Seattle Seahawks,away,27,24,WR,0,0.0,0,0,0,0,0,0,0,0,0,8,5,35,1,0
2024,16,"48 degrees, relative humidity 84%, wind 5 mph",Seattle Seahawks,Minnesota Vikings,Josh Oliver,MIN,Seattle Seahawks,away,27,24,TE,0,0.0,0,0,0,0,0,0,0,0,0,1,0,0,0,0
2024,16,"48 degrees, relative humidity 84%, wind 5 mph",Seattle Seahawks,Minnesota Vikings,Justin Jefferson,MIN,Seattle Seahawks,away,27,24,WR,0,0.0,0,0,0,0,0,0,0,0,0,13,10,144,2,0
2024,16,"48 degrees, relative humidity 84%, wind 5 mph",Seattle Seahawks,Minnesota Vikings,Sam Darnold,MIN,Seattle Seahawks,away,27,24,QB,40,67.79661016949152,22,35,246,3,0,3,5,11,0,0,0,0,0,1
2024,16,"48 degrees, relative humidity 84%, wind 5 mph",Seattle Seahawks,Minnesota Vikings,T.J. Hockenson,MIN,Seattle Seahawks,away,27,24,TE,0,0.0,0,0,0,0,0,0,0,0,0,5,2,27,0,0
2024,16,"34 degrees, relative humidity 85%, wind 12 mph",New Orleans Saints,Green Bay Packers,Cedrick Wilson Jr.,NOR,New Orleans Saints,away,34,0,WR,0,0.0,0,0,0,0,0,0,0,0,0,1,1,13,0,0
2024,16,"34 degrees, relative humidity 85%, wind 12 mph",New Orleans Saints,Green Bay Packers,Dante Pettis,NOR,New Orleans Saints,away,34,0,WR,0,0.0,0,0,0,0,0,0,0,0,0,7,2,31,0,0
2024,16,"34 degrees, relative humidity 85%, wind 12 mph",New Orleans Saints,Green Bay Packers,Foster Moreau,NOR,New Orleans Saints,away,34,0,TE,0,0.0,0,0,0,0,0,0,0,0,0,3,2,33,0,0
2024,16,"34 degrees, relative humidity 85%, wind 12 mph",New Orleans Saints,Green Bay Packers,Jamaal Williams,NOR,New Orleans Saints,away,34,0,RB,3,6.0,0,0,0,0,0,0,3,8,0,0,0,0,0,0
2024,16,"34 degrees, relative humidity 85%, wind 12 mph",New Orleans Saints,Green Bay Packers,Jordan Mims,NOR,New Orleans Saints,away,34,0,RB,4,8.0,0,0,0,0,0,0,4,16,0,8,5,16,0,0
2024,16,"34 degrees, relative humidity 85%, wind 12 mph",New Orleans Saints,Green Bay Packers,Juwan Johnson,NOR,New Orleans Saints,away,34,0,TE,0,0.0,0,0,0,0,0,0,0,0,0,2,2,27,0,0
2024,16,"34 degrees, relative humidity 85%, wind 12 mph",New Orleans Saints,Green Bay Packers,Kendre Miller,NOR,New Orleans Saints,away,34,0,RB,8,16.0,0,0,0,0,0,0,8,15,0,2,2,16,0,0
2024,16,"34 degrees, relative humidity 85%, wind 12 mph",New Orleans Saints,Green Bay Packers,Kevin Austin,NOR,New Orleans Saints,away,34,0,WR,0,0.0,0,0,0,0,0,0,0,0,0,4,1,17,0,1
2024,16,"34 degrees, relative humidity 85%, wind 12 mph",New Orleans Saints,Green Bay Packers,Mason Tipton,NOR,New Orleans Saints,away,34,0,WR,0,0.0,0,0,0,0,0,0,0,0,0,1,0,0,0,0
2024,16,"34 degrees, relative humidity 85%, wind 12 mph",New Orleans Saints,Green Bay Packers,Spencer Rattler,NOR,New Orleans Saints,away,34,0,QB,35,70.0,15,30,153,0,1,3,5,28,0,0,0,0,0,1
2024,16,"14 degrees, relative humidity 54%, wind 2 mph",New England Patriots,Buffalo Bills,Antonio Gibson,NWE,New England Patriots,away,24,21,RB,10,15.151515151515152,0,0,0,0,0,0,10,28,0,2,2,8,0,1
2024,16,"14 degrees, relative humidity 54%, wind 2 mph",New England Patriots,Buffalo Bills,Austin Hooper,NWE,New England Patriots,away,24,21,TE,0,0.0,0,0,0,0,0,0,0,0,0,5,4,55,0,0
2024,16,"14 degrees, relative humidity 54%, wind 2 mph",New England Patriots,Buffalo Bills,Dell Pettus,NWE,New England Patriots,away,24,21,FS,1,1.5151515151515151,0,0,0,0,0,0,1,2,0,0,0,0,0,0
2024,16,"14 degrees, relative humidity 54%, wind 2 mph",New England Patriots,Buffalo Bills,Demario Douglas,NWE,New England Patriots,away,24,21,WR,1,1.5151515151515151,0,0,0,0,0,0,1,6,0,5,4,33,0,0
2024,16,"14 degrees, relative humidity 54%, wind 2 mph",New England Patriots,Buffalo Bills,Drake Maye,NWE,New England Patriots,away,24,21,QB,42,63.63636363636363,22,36,261,2,1,2,6,30,0,0,0,0,0,2
2024,16,"14 degrees, relative humidity 54%, wind 2 mph",New England Patriots,Buffalo Bills,Hunter Henry,NWE,New England Patriots,away,24,21,TE,0,0.0,0,0,0,0,0,0,0,0,0,8,4,39,1,0
2024,16,"14 degrees, relative humidity 54%, wind 2 mph",New England Patriots,Buffalo Bills,Javon Baker,NWE,New England Patriots,away,24,21,WR,0,0.0,0,0,0,0,0,0,0,0,0,1,0,0,0,0
2024,16,"14 degrees, relative humidity 54%, wind 2 mph",New England Patriots,Buffalo Bills,Kayshon Boutte,NWE,New England Patriots,away,24,21,WR,0,0.0,0,0,0,0,0,0,0,0,0,7,5,95,1,0
2024,16,"14 degrees, relative humidity 54%, wind 2 mph",New England Patriots,Buffalo Bills,Kendrick Bourne,NWE,New England Patriots,away,24,21,WR,0,0.0,0,0,0,0,0,0,0,0,0,2,2,18,0,0
2024,16,"14 degrees, relative humidity 54%, wind 2 mph",New England Patriots,Buffalo Bills,Rhamondre Stevenson,NWE,New England Patriots,away,24,21,RB,12,18.181818181818183,0,0,0,0,0,0,12,60,1,1,1,13,0,1
2024,16,,New York Giants,Atlanta Falcons,Daniel Bellinger,NYG,New York Giants,away,34,7,TE,0,0.0,0,0,0,0,0,0,0,0,0,2,1,5,0,0
2024,16,,New York Giants,Atlanta Falcons,Darius Slayton,NYG,New York Giants,away,34,7,WR,1,1.9230769230769231,0,0,0,0,0,0,1,6,0,2,1,21,0,0
2024,16,,New York Giants,Atlanta Falcons,Devin Singletary,NYG,New York Giants,away,34,7,RB,4,7.6923076923076925,0,0,0,0,0,0,4,12,0,0,0,0,0,0
2024,16,,New York Giants,Atlanta Falcons,Drew Lock,NYG,New York Giants,away,34,7,QB,40,76.92307692307693,22,39,210,1,2,3,1,1,0,0,0,0,0,1
2024,16,,New York Giants,Atlanta Falcons,Eric Gray,NYG,New York Giants,away,34,7,RB,0,0.0,0,0,0,0,0,0,0,0,0,1,1,2,0,0
2024,16,,New York Giants,Atlanta Falcons,Jalin Hyatt,NYG,New York Giants,away,34,7,WR,0,0.0,0,0,0,0,0,0,0,0,0,2,1,9,0,0
2024,16,,New York Giants,Atlanta Falcons,Malik Nabers,NYG,New York Giants,away,34,7,WR,0,0.0,0,0,0,0,0,0,0,0,0,14,7,68,0,0
2024,16,,New York Giants,Atlanta Falcons,Tyrone Tracy Jr.,NYG,New York Giants,away,34,7,RB,7,13.461538461538462,0,0,0,0,0,0,7,26,0,4,4,43,1,0
2024,16,,New York Giants,Atlanta Falcons,Wan'Dale Robinson,NYG,New York Giants,away,34,7,WR,0,0.0,0,0,0,0,0,0,0,0,0,12,7,62,0,0
2024,16,"23 degrees, relative humidity 47%, wind 8 mph",New York Jets,Los Angeles Rams,Aaron Rodgers,NYJ,New York Jets,away,19,9,QB,43,69.35483870967742,28,42,256,1,0,1,1,6,0,0,0,0,0,1
2024,16,"23 degrees, relative humidity 47%, wind 8 mph",New York Jets,Los Angeles Rams,Allen Lazard,NYJ,New York Jets,away,19,9,WR,0,0.0,0,0,0,0,0,0,0,0,0,5,2,20,0,0
2024,16,"23 degrees, relative humidity 47%, wind 8 mph",New York Jets,Los Angeles Rams,Braelon Allen,NYJ,New York Jets,away,19,9,RB,2,3.225806451612903,0,0,0,0,0,0,2,5,0,1,1,5,0,0
2024,16,"23 degrees, relative humidity 47%, wind 8 mph",New York Jets,Los Angeles Rams,Breece Hall,NYJ,New York Jets,away,19,9,RB,14,22.58064516129032,0,0,0,0,0,0,14,52,0,6,5,38,0,0
2024,16,"23 degrees, relative humidity 47%, wind 8 mph",New York Jets,Los Angeles Rams,Davante Adams,NYJ,New York Jets,away,19,9,WR,0,0.0,0,0,0,0,0,0,0,0,0,13,7,68,1,0
2024,16,"23 degrees, relative humidity 47%, wind 8 mph",New York Jets,Los Angeles Rams,Garrett Wilson,NYJ,New York Jets,away,19,9,WR,0,0.0,0,0,0,0,0,0,0,0,0,7,6,54,0,0
2024,16,"23 degrees, relative humidity 47%, wind 8 mph",New York Jets,Los Angeles Rams,Isaiah Davis,NYJ,New York Jets,away,19,9,RB,3,4.838709677419355,0,0,0,0,0,0,3,12,0,0,0,0,0,0
2024,16,"23 degrees, relative humidity 47%, wind 8 mph",New York Jets,Los Angeles Rams,Jeremy Ruckert,NYJ,New York Jets,away,19,9,TE,0,0.0,0,0,0,0,0,0,0,0,0,2,2,12,0,0
2024,16,"23 degrees, relative humidity 47%, wind 8 mph",New York Jets,Los Angeles Rams,Kenny Yeboah,NYJ,New York Jets,away,19,9,TE,0,0.0,0,0,0,0,0,0,0,0,0,1,0,0,0,0
2024,16,"23 degrees, relative humidity 47%, wind 8 mph",New York Jets,Los Angeles Rams,Tyler Conklin,NYJ,New York Jets,away,19,9,TE,0,0.0,0,0,0,0,0,0,0,0,0,7,5,59,0,0
2024,16,"32 degrees, relative humidity 36%, wind 8 mph",Philadelphia Eagles,Washington Commanders,A.J. Brown,PHI,Philadelphia Eagles,away,36,33,WR,0,0.0,0,0,0,0,0,0,0,0,0,15,8,97,1,0
2024,16,"32 degrees, relative humidity 36%, wind 8 mph",Philadelphia Eagles,Washington Commanders,DeVonta Smith,PHI,Philadelphia Eagles,away,36,33,WR,0,0.0,0,0,0,0,0,0,0,0,0,8,6,51,0,0
2024,16,"32 degrees, relative humidity 36%, wind 8 mph",Philadelphia Eagles,Washington Commanders,Jalen Hurts,PHI,Philadelphia Eagles,away,36,33,QB,7,10.44776119402985,1,4,11,0,0,0,3,41,0,0,0,0,0,0
2024,16,"32 degrees, relative humidity 36%, wind 8 mph",Philadelphia Eagles,Washington Commanders,Kenneth Gainwell,PHI,Philadelphia Eagles,away,36,33,RB,4,5.970149253731343,0,0,0,0,0,0,4,7,0,1,1,6,0,0
2024,16,"32 degrees, relative humidity 36%, wind 8 mph",Philadelphia Eagles,Washington Commanders,Kenny Pickett,PHI,Philadelphia Eagles,away,36,33,QB,27,40.298507462686565,14,24,143,1,1,3,3,13,0,0,0,0,0,1
2024,16,"32 degrees, relative humidity 36%, wind 8 mph",Philadelphia Eagles,Washington Commanders,Saquon Barkley,PHI,Philadelphia Eagles,away,36,33,RB,29,43.28358208955223,0,0,0,0,0,1,29,150,2,1,0,0,0,0
2024,16,"35 degrees, relative humidity 32%, wind 15 mph",Pittsburgh Steelers,Baltimore Ravens,Ben Skowronek,PIT,Pittsburgh Steelers,away,34,17,WR,0,0.0,0,0,0,0,0,0,0,0,0,2,2,25,0,0
2024,16,"35 degrees, relative humidity 32%, wind 15 mph",Pittsburgh Steelers,Baltimore Ravens,Calvin Austin,PIT,Pittsburgh Steelers,away,34,17,UNK,0,0.0,0,0,0,0,0,0,0,0,0,5,4,65,0,0
2024,16,"35 degrees, relative humidity 32%, wind 15 mph",Pittsburgh Steelers,Baltimore Ravens,Connor Heyward,PIT,Pittsburgh Steelers,away,34,17,TE,0,0.0,0,0,0,0,0,0,0,0,0,1,1,3,0,0
2024,16,"35 degrees, relative humidity 32%, wind 15 mph",Pittsburgh Steelers,Baltimore Ravens,Cordarrelle Patterson,PIT,Pittsburgh Steelers,away,34,17,RB,0,0.0,0,0,0,0,0,0,0,0,0,1,1,12,1,0
2024,16,"35 degrees, relative humidity 32%, wind 15 mph",Pittsburgh Steelers,Baltimore Ravens,Jaylen Warren,PIT,Pittsburgh Steelers,away,34,17,RB,12,21.052631578947366,0,0,0,0,0,0,12,48,0,5,5,44,0,1
2024,16,"35 degrees, relative humidity 32%, wind 15 mph",Pittsburgh Steelers,Baltimore Ravens,Mike Williams,PIT,Pittsburgh Steelers,away,34,17,WR,0,0.0,0,0,0,0,0,0,0,0,0,3,3,24,0,0
2024,16,"35 degrees, relative humidity 32%, wind 15 mph",Pittsburgh Steelers,Baltimore Ravens,MyCole Pruitt,PIT,Pittsburgh Steelers,away,34,17,TE,0,0.0,0,0,0,0,0,0,0,0,0,2,1,1,1,0
2024,16,"35 degrees, relative humidity 32%, wind 15 mph",Pittsburgh Steelers,Baltimore Ravens,Najee Harris,PIT,Pittsburgh Steelers,away,34,17,RB,9,15.789473684210526,0,0,0,0,0,0,9,42,0,1,0,0,0,0
2024,16,"35 degrees, relative humidity 32%, wind 15 mph",Pittsburgh Steelers,Baltimore Ravens,Pat Freiermuth,PIT,Pittsburgh Steelers,away,34,17,TE,0,0.0,0,0,0,0,0,0,0,0,0,3,3,16,0,0
2024,16,"35 degrees, relative humidity 32%, wind 15 mph",Pittsburgh Steelers,Baltimore Ravens,Russell Wilson,PIT,Pittsburgh Steelers,away,34,17,QB,36,63.1578947368421,22,33,217,2,1,3,3,27,0,0,0,0,0,1
2024,16,"35 degrees, relative humidity 32%, wind 15 mph",Pittsburgh Steelers,Baltimore Ravens,Van Jefferson,PIT,Pittsburgh Steelers,away,34,17,WR,0,0.0,0,0,0,0,0,0,0,0,0,3,2,27,0,0
2024,16,"48 degrees, relative humidity 84%, wind 5 mph",Seattle Seahawks,Minnesota Vikings,AJ Barner,SEA,Seattle Seahawks,away,27,24,TE,0,0.0,0,0,0,0,0,0,0,0,0,2,2,13,1,0
2024,16,"48 degrees, relative humidity 84%, wind 5 mph",Seattle Seahawks,Minnesota Vikings,D.K. Metcalf,SEA,Seattle Seahawks,away,27,24,WR,0,0.0,0,0,0,0,0,0,0,0,0,7,3,57,1,0
2024,16,"48 degrees, relative humidity 84%, wind 5 mph",Seattle Seahawks,Minnesota Vikings,Geno Smith,SEA,Seattle Seahawks,away,27,24,QB,44,75.86206896551724,31,43,314,3,2,2,1,8,0,0,0,0,0,0
2024,16,"48 degrees, relative humidity 84%, wind 5 mph",Seattle Seahawks,Minnesota Vikings,Jake Bobo,SEA,Seattle Seahawks,away,27,24,WR,0,0.0,0,0,0,0,0,0,0,0,0,1,1,6,0,0
2024,16,"48 degrees, relative humidity 84%, wind 5 mph",Seattle Seahawks,Minnesota Vikings,Jaxon Smith-Njigba,SEA,Seattle Seahawks,away,27,24,WR,1,1.7241379310344827,0,0,0,0,0,0,1,5,0,12,8,95,1,0
2024,16,"48 degrees, relative humidity 84%, wind 5 mph",Seattle Seahawks,Minnesota Vikings,Julian Love,SEA,Seattle Seahawks,away,27,24,SS,1,1.7241379310344827,0,0,0,0,0,0,1,2,0,0,0,0,0,0
2024,16,"48 degrees, relative humidity 84%, wind 5 mph",Seattle Seahawks,Minnesota Vikings,Kenneth Walker,SEA,Seattle Seahawks,away,27,24,UNK,8,13.793103448275861,0,0,0,0,0,0,8,31,0,8,8,28,0,0
2024,16,"48 degrees, relative humidity 84%, wind 5 mph",Seattle Seahawks,Minnesota Vikings,Kenny McIntosh,SEA,Seattle Seahawks,away,27,24,RB,3,5.172413793103448,0,0,0,0,0,0,3,14,0,1,1,15,0,0
2024,16,"48 degrees, relative humidity 84%, wind 5 mph",Seattle Seahawks,Minnesota Vikings,Noah Fant,SEA,Seattle Seahawks,away,27,24,TE,0,0.0,0,0,0,0,0,0,0,0,0,6,3,50,0,0
2024,16,"48 degrees, relative humidity 84%, wind 5 mph",Seattle Seahawks,Minnesota Vikings,Pharaoh Brown,SEA,Seattle Seahawks,away,27,24,TE,0,0.0,0,0,0,0,0,0,0,0,0,1,1,17,0,0
2024,16,"48 degrees, relative humidity 84%, wind 5 mph",Seattle Seahawks,Minnesota Vikings,Tyler Lockett,SEA,Seattle Seahawks,away,27,24,WR,0,0.0,0,0,0,0,0,0,0,0,0,2,2,19,0,0
2024,16,"48 degrees, relative humidity 84%, wind 5 mph",Seattle Seahawks,Minnesota Vikings,Zach Charbonnet,SEA,Seattle Seahawks,away,27,24,RB,1,1.7241379310344827,0,0,0,0,0,0,1,-1,0,2,2,14,0,0
2024,16,"73 degrees, relative humidity 61%, wind 12 mph",San Francisco 49ers,Miami Dolphins,Brock Purdy,SFO,San Francisco 49ers,away,29,17,QB,44,75.86206896551724,26,40,313,2,1,3,4,26,0,0,0,0,0,0
2024,16,"73 degrees, relative humidity 61%, wind 12 mph",San Francisco 49ers,Miami Dolphins,Deebo Samuel,SFO,San Francisco 49ers,away,29,17,WR,5,8.620689655172415,0,0,0,0,0,0,5,25,0,9,7,96,1,0
2024,16,"73 degrees, relative humidity 61%, wind 12 mph",San Francisco 49ers,Miami Dolphins,Eric Saubert,SFO,San Francisco 49ers,away,29,17,TE,0,0.0,0,0,0,0,0,0,0,0,0,1,1,2,1,0
2024,16,"73 degrees, relative humidity 61%, wind 12 mph",San Francisco 49ers,Miami Dolphins,George Kittle,SFO,San Francisco 49ers,away,29,17,TE,0,0.0,0,0,0,0,0,0,0,0,0,9,8,106,0,0
2024,16,"73 degrees, relative humidity 61%, wind 12 mph",San Francisco 49ers,Miami Dolphins,Jauan Jennings,SFO,San Francisco 49ers,away,29,17,WR,0,0.0,0,0,0,0,0,0,0,0,0,6,4,51,0,0
2024,16,"73 degrees, relative humidity 61%, wind 12 mph",San Francisco 49ers,Miami Dolphins,Kyle Juszczyk,SFO,San Francisco 49ers,away,29,17,FB,1,1.7241379310344827,0,0,0,0,0,0,1,6,0,3,1,20,0,0
2024,16,"73 degrees, relative humidity 61%, wind 12 mph",San Francisco 49ers,Miami Dolphins,Patrick Taylor,SFO,San Francisco 49ers,away,29,17,RB,8,13.793103448275861,0,0,0,0,0,0,8,24,0,5,1,1,0,0
2024,16,"73 degrees, relative humidity 61%, wind 12 mph",San Francisco 49ers,Miami Dolphins,Ricky Pearsall,SFO,San Francisco 49ers,away,29,17,WR,0,0.0,0,0,0,0,0,0,0,0,0,4,4,37,0,0
2024,16,,Tampa Bay Buccaneers,Dallas Cowboys,Baker Mayfield,TAM,Tampa Bay Buccaneers,away,26,24,QB,46,69.6969696969697,31,43,303,2,1,4,3,42,0,0,0,0,0,1
2024,16,,Tampa Bay Buccaneers,Dallas Cowboys,Bucky Irving,TAM,Tampa Bay Buccaneers,away,26,24,RB,16,24.242424242424242,0,0,0,0,0,0,16,68,1,3,3,24,0,0
2024,16,,Tampa Bay Buccaneers,Dallas Cowboys,Jalen McMillan,TAM,Tampa Bay Buccaneers,away,26,24,WR,0,0.0,0,0,0,0,0,0,0,0,0,7,5,57,1,0
2024,16,,Tampa Bay Buccaneers,Dallas Cowboys,Mike Evans,TAM,Tampa Bay Buccaneers,away,26,24,WR,0,0.0,0,0,0,0,0,0,0,0,0,8,5,69,0,0
2024,16,,Tampa Bay Buccaneers,Dallas Cowboys,Payne Durham,TAM,Tampa Bay Buccaneers,away,26,24,TE,0,0.0,0,0,0,0,0,0,0,0,0,7,5,29,0,1
2024,16,,Tampa Bay Buccaneers,Dallas Cowboys,Rachaad White,TAM,Tampa Bay Buccaneers,away,26,24,RB,3,4.545454545454546,0,0,0,0,0,0,3,10,0,8,7,50,0,1
2024,16,,Tampa Bay Buccaneers,Dallas Cowboys,Rakim Jarrett,TAM,Tampa Bay Buccaneers,away,26,24,WR,0,0.0,0,0,0,0,0,0,0,0,0,1,1,6,0,0
2024,16,,Tampa Bay Buccaneers,Dallas Cowboys,Ryan Miller,TAM,Tampa Bay Buccaneers,away,26,24,WR,0,0.0,0,0,0,0,0,0,0,0,0,2,2,17,1,0
2024,16,,Tampa Bay Buccaneers,Dallas Cowboys,Sterling Shepard,TAM,Tampa Bay Buccaneers,away,26,24,WR,1,1.5151515151515151,0,0,0,0,0,0,1,14,0,3,1,20,0,0
2024,16,,Tampa Bay Buccaneers,Dallas Cowboys,Trey Palmer,TAM,Tampa Bay Buccaneers,away,26,24,WR,0,0.0,0,0,0,0,0,0,0,0,0,4,2,31,0,0
2024,16,,Tennessee Titans,Indianapolis Colts,Calvin Ridley,TEN,Tennessee Titans,away,38,30,WR,0,0.0,0,0,0,0,0,0,0,0,0,5,3,78,1,0
2024,16,,Tennessee Titans,Indianapolis Colts,Chigoziem Okonkwo,TEN,Tennessee Titans,away,38,30,TE,0,0.0,0,0,0,0,0,0,0,0,0,11,9,81,0,0
2024,16,,Tennessee Titans,Indianapolis Colts,David Martin-Robinson,TEN,Tennessee Titans,away,38,30,TE,0,0.0,0,0,0,0,0,0,0,0,0,1,1,6,0,0
2024,16,,Tennessee Titans,Indianapolis Colts,Mason Kinsey,TEN,Tennessee Titans,away,38,30,WR,0,0.0,0,0,0,0,0,0,0,0,0,1,1,6,0,0
2024,16,,Tennessee Titans,Indianapolis Colts,Mason Rudolph,TEN,Tennessee Titans,away,38,30,QB,38,67.85714285714286,23,34,252,2,3,1,4,3,0,0,0,0,0,0
2024,16,,Tennessee Titans,Indianapolis Colts,Nick Westbrook-Ikhine,TEN,Tennessee Titans,away,38,30,WR,0,0.0,0,0,0,0,0,0,0,0,0,4,2,17,1,0
2024,16,,Tennessee Titans,Indianapolis Colts,Tony Pollard,TEN,Tennessee Titans,away,38,30,RB,8,14.285714285714285,0,0,0,0,0,0,8,35,0,4,2,5,0,0
2024,16,,Tennessee Titans,Indianapolis Colts,Tyjae Spears,TEN,Tennessee Titans,away,38,30,RB,10,17.857142857142858,0,0,0,0,0,0,10,27,2,4,3,39,0,0
2024,16,,Tennessee Titans,Indianapolis Colts,Tyler Boyd,TEN,Tennessee Titans,away,38,30,WR,0,0.0,0,0,0,0,0,0,0,0,0,3,2,20,0,0
2024,16,"32 degrees, relative humidity 36%, wind 8 mph",Philadelphia Eagles,Washington Commanders,Brian Robinson Jr.,WAS,Philadelphia Eagles,away,36,33,RB,10,15.873015873015872,0,0,0,0,0,0,10,24,0,3,2,17,0,2
2024,16,"32 degrees, relative humidity 36%, wind 8 mph",Philadelphia Eagles,Washington Commanders,Chris Rodriguez,WAS,Philadelphia Eagles,away,36,33,RB,3,4.761904761904762,0,0,0,0,0,0,3,5,0,0,0,0,0,0
2024,16,"32 degrees, relative humidity 36%, wind 8 mph",Philadelphia Eagles,Washington Commanders,Dyami Brown,WAS,Philadelphia Eagles,away,36,33,WR,0,0.0,0,0,0,0,0,0,0,0,0,5,4,56,0,1
2024,16,"32 degrees, relative humidity 36%, wind 8 mph",Philadelphia Eagles,Washington Commanders,Jamison Crowder,WAS,Philadelphia Eagles,away,36,33,WR,0,0.0,0,0,0,0,0,0,0,0,0,4,2,15,2,0
2024,16,"32 degrees, relative humidity 36%, wind 8 mph",Philadelphia Eagles,Washington Commanders,Jayden Daniels,WAS,Philadelphia Eagles,away,36,33,QB,48,76.19047619047619,24,39,258,5,2,1,9,81,0,0,0,0,0,0
2024,16,"32 degrees, relative humidity 36%, wind 8 mph",Philadelphia Eagles,Washington Commanders,Jeremy McNichols,WAS,Philadelphia Eagles,away,36,33,RB,2,3.1746031746031744,0,0,0,0,0,0,2,3,0,4,4,15,0,0
2024,16,"32 degrees, relative humidity 36%, wind 8 mph",Philadelphia Eagles,Washington Commanders,John Bates,WAS,Philadelphia Eagles,away,36,33,TE,0,0.0,0,0,0,0,0,0,0,0,0,1,0,0,0,0
2024,16,"32 degrees, relative humidity 36%, wind 8 mph",Philadelphia Eagles,Washington Commanders,Luke McCaffrey,WAS,Philadelphia Eagles,away,36,33,WR,0,0.0,0,0,0,0,0,0,0,0,0,3,1,13,0,0
2024,16,"32 degrees, relative humidity 36%, wind 8 mph",Philadelphia Eagles,Washington Commanders,Olamide Zaccheaus,WAS,Philadelphia Eagles,away,36,33,WR,0,0.0,0,0,0,0,0,0,0,0,0,8,5,70,2,0
2024,16,"32 degrees, relative humidity 36%, wind 8 mph",Philadelphia Eagles,Washington Commanders,Terry McLaurin,WAS,Philadelphia Eagles,away,36,33,WR,0,0.0,0,0,0,0,0,0,0,0,0,6,5,60,1,0
2024,16,"32 degrees, relative humidity 36%, wind 8 mph",Philadelphia Eagles,Washington Commanders,Zach Ertz,WAS,Philadelphia Eagles,away,36,33,TE,0,0.0,0,0,0,0,0,0,0,0,0,2,1,12,0,0
2024,17,,Arizona Cardinals,Los Angeles Rams,DeeJay Dallas,ARI,Arizona Cardinals,away,13,9,RB,0,0.0,0,0,0,0,0,0,0,0,0,1,1,5,0,0
2024,17,,Arizona Cardinals,Los Angeles Rams,Elijah Higgins,ARI,Arizona Cardinals,away,13,9,TE,0,0.0,0,0,0,0,0,0,0,0,0,3,2,23,0,0
2024,17,,Arizona Cardinals,Los Angeles Rams,Greg Dortch,ARI,Arizona Cardinals,away,13,9,WR,0,0.0,0,0,0,0,0,0,0,0,0,3,3,18,0,0
2024,17,,Arizona Cardinals,Los Angeles Rams,James Conner,ARI,Arizona Cardinals,away,13,9,RB,4,5.714285714285714,0,0,0,0,0,0,4,4,0,3,2,4,0,0
2024,17,,Arizona Cardinals,Los Angeles Rams,Kyler Murray,ARI,Arizona Cardinals,away,13,9,QB,52,74.28571428571429,33,48,321,1,2,4,4,32,0,0,0,0,0,0
2024,17,,Arizona Cardinals,Los Angeles Rams,Marvin Harrison Jr.,ARI,Arizona Cardinals,away,13,9,WR,0,0.0,0,0,0,0,0,0,0,0,0,10,6,96,0,0
2024,17,,Arizona Cardinals,Los Angeles Rams,Michael Carter,ARI,Arizona Cardinals,away,13,9,RB,13,18.571428571428573,0,0,0,0,0,0,13,70,0,2,2,11,0,0
2024,17,,Arizona Cardinals,Los Angeles Rams,Michael Wilson,ARI,Arizona Cardinals,away,13,9,WR,1,1.4285714285714286,0,0,0,0,0,0,1,7,0,6,4,22,0,0
2024,17,,Arizona Cardinals,Los Angeles Rams,Trey McBride,ARI,Arizona Cardinals,away,13,9,TE,0,0.0,0,0,0,0,0,0,0,0,0,16,12,123,1,0
2024,17,,Arizona Cardinals,Los Angeles Rams,Zay Jones,ARI,Arizona Cardinals,away,13,9,WR,0,0.0,0,0,0,0,0,0,0,0,0,1,1,19,0,0
2024,17,"58 degrees, relative humidity 89%, wind 10 mph",Atlanta Falcons,Washington Commanders,Bijan Robinson,ATL,Atlanta Falcons,away,30,24,RB,17,29.310344827586203,0,0,0,0,0,0,17,90,2,5,3,8,0,1
2024,17,"58 degrees, relative humidity 89%, wind 10 mph",Atlanta Falcons,Washington Commanders,Charlie Woerner,ATL,Atlanta Falcons,away,30,24,TE,0,0.0,0,0,0,0,0,0,0,0,0,1,1,6,0,0
2024,17,"58 degrees, relative humidity 89%, wind 10 mph",Atlanta Falcons,Washington Commanders,Chris Blair,ATL,Atlanta Falcons,away,30,24,WR,0,0.0,0,0,0,0,0,0,0,0,0,1,0,0,0,0
2024,17,"58 degrees, relative humidity 89%, wind 10 mph",Atlanta Falcons,Washington Commanders,Darnell Mooney,ATL,Atlanta Falcons,away,30,24,WR,0,0.0,0,0,0,0,0,0,0,0,0,5,2,37,0,0
2024,17,"58 degrees, relative humidity 89%, wind 10 mph",Atlanta Falcons,Washington Commanders,Drake London,ATL,Atlanta Falcons,away,30,24,WR,0,0.0,0,0,0,0,0,0,0,0,0,13,7,106,0,0
2024,17,"58 degrees, relative humidity 89%, wind 10 mph",Atlanta Falcons,Washington Commanders,KhaDarel Hodge,ATL,Atlanta Falcons,away,30,24,WR,0,0.0,0,0,0,0,0,0,0,0,0,4,1,9,0,0
2024,17,"58 degrees, relative humidity 89%, wind 10 mph",Atlanta Falcons,Washington Commanders,Kyle Pitts,ATL,Atlanta Falcons,away,30,24,TE,0,0.0,0,0,0,0,0,0,0,0,0,5,4,44,1,0
2024,17,"58 degrees, relative humidity 89%, wind 10 mph",Atlanta Falcons,Washington Commanders,Michael Penix,ATL,Atlanta Falcons,away,30,24,QB,37,63.793103448275865,19,35,223,1,1,2,2,3,0,0,0,0,0,2
2024,17,"58 degrees, relative humidity 89%, wind 10 mph",Atlanta Falcons,Washington Commanders,Ray-Ray McCloud,ATL,Atlanta Falcons,away,30,24,WR,1,1.7241379310344827,0,0,0,0,0,0,1,14,0,1,1,13,0,0
2024,17,"58 degrees, relative humidity 89%, wind 10 mph",Atlanta Falcons,Washington Commanders,Tyler Allgeier,ATL,Atlanta Falcons,away,30,24,RB,3,5.172413793103448,0,0,0,0,0,0,3,19,0,0,0,0,0,0
2024,17,,Houston Texans,Baltimore Ravens,Anthony Miller,BAL,Houston Texans,away,31,2,WR,0,0.0,0,0,0,0,0,0,0,0,0,1,1,16,0,0
2024,17,,Houston Texans,Baltimore Ravens,Derrick Henry,BAL,Houston Texans,away,31,2,RB,27,45.0,0,0,0,0,0,0,27,147,1,2,2,18,0,0
2024,17,,Houston Texans,Baltimore Ravens,Devontez Walker,BAL,Houston Texans,away,31,2,WR,0,0.0,0,0,0,0,0,0,0,0,0,2,0,0,0,0
2024,17,,Houston Texans,Baltimore Ravens,Isaiah Likely,BAL,Houston Texans,away,31,2,TE,0,0.0,0,0,0,0,0,0,0,0,0,1,1,9,1,0
2024,17,,Houston Texans,Baltimore Ravens,Josh Johnson,BAL,Houston Texans,away,31,2,QB,2,3.3333333333333335,1,2,16,0,0,0,0,0,0,0,0,0,0,0
2024,17,,Houston Texans,Baltimore Ravens,Keaton Mitchell,BAL,Houston Texans,away,31,2,RB,11,18.333333333333332,0,0,0,0,0,0,11,20,0,1,1,28,0,0
2024,17,,Houston Texans,Baltimore Ravens,Lamar Jackson,BAL,Houston Texans,away,31,2,QB,19,31.666666666666664,10,15,168,2,0,1,4,87,1,0,0,0,0,0
2024,17,,Houston Texans,Baltimore Ravens,Mark Andrews,BAL,Houston Texans,away,31,2,TE,0,0.0,0,0,0,0,0,0,0,0,0,2,2,68,1,0
2024,17,,Houston Texans,Baltimore Ravens,Rasheen Ali,BAL,Houston Texans,away,31,2,RB,1,1.6666666666666667,0,0,0,0,0,0,1,-3,0,0,0,0,0,0
2024,17,,Houston Texans,Baltimore Ravens,Rashod Bateman,BAL,Houston Texans,away,31,2,WR,0,0.0,0,0,0,0,0,0,0,0,0,1,1,12,0,0
2024,17,,Houston Texans,Baltimore Ravens,Tylan Wallace,BAL,Houston Texans,away,31,2,WR,0,0.0,0,0,0,0,0,0,0,0,0,1,1,2,0,0
2024,17,,Houston Texans,Baltimore Ravens,Zay Flowers,BAL,Houston Texans,away,31,2,WR,0,0.0,0,0,0,0,0,0,0,0,0,5,2,31,0,0
2024,17,"54 degrees, relative humidity 87%, wind 15 mph",New York Jets,Buffalo Bills,Amari Cooper,BUF,New York Jets,away,40,14,WR,0,0.0,0,0,0,0,0,0,0,0,0,3,3,56,1,0
2024,17,"54 degrees, relative humidity 87%, wind 15 mph",New York Jets,Buffalo Bills,Dalton Kincaid,BUF,New York Jets,away,40,14,TE,0,0.0,0,0,0,0,0,0,0,0,0,2,2,24,0,0
2024,17,"54 degrees, relative humidity 87%, wind 15 mph",New York Jets,Buffalo Bills,Dawson Knox,BUF,New York Jets,away,40,14,TE,0,0.0,0,0,0,0,0,0,0,0,0,3,1,4,0,0
2024,17,"54 degrees, relative humidity 87%, wind 15 mph",New York Jets,Buffalo Bills,James Cook,BUF,New York Jets,away,40,14,RB,15,24.193548387096776,0,0,0,0,0,0,15,53,1,0,0,0,0,0
2024,17,"54 degrees, relative humidity 87%, wind 15 mph",New York Jets,Buffalo Bills,Josh Allen,BUF,New York Jets,away,40,14,QB,32,51.61290322580645,16,27,182,2,0,0,5,17,1,0,0,0,0,0
2024,17,"54 degrees, relative humidity 87%, wind 15 mph",New York Jets,Buffalo Bills,Keon Coleman,BUF,New York Jets,away,40,14,WR,0,0.0,0,0,0,0,0,0,0,0,0,7,3,27,1,0
2024,17,"54 degrees, relative humidity 87%, wind 15 mph",New York Jets,Buffalo Bills,Khalil Shakir,BUF,New York Jets,away,40,14,WR,0,0.0,0,0,0,0,0,0,0,0,0,6,3,25,0,0
2024,17,"54 degrees, relative humidity 87%, wind 15 mph",New York Jets,Buffalo Bills,Mack Hollins,BUF,New York Jets,away,40,14,WR,0,0.0,0,0,0,0,0,0,0,0,0,2,2,33,0,0
2024,17,"54 degrees, relative humidity 87%, wind 15 mph",New York Jets,Buffalo Bills,Mitchell Trubisky,BUF,New York Jets,away,40,14,QB,3,4.838709677419355,1,1,69,1,0,0,2,-1,0,0,0,0,0,0
2024,17,"54 degrees, relative humidity 87%, wind 15 mph",New York Jets,Buffalo Bills,Quintin Morris,BUF,New York Jets,away,40,14,TE,0,0.0,0,0,0,0,0,0,0,0,0,1,0,0,0,0
2024,17,"54 degrees, relative humidity 87%, wind 15 mph",New York Jets,Buffalo Bills,Ray Davis,BUF,New York Jets,away,40,14,RB,6,9.67741935483871,0,0,0,0,0,0,6,9,0,1,1,4,0,0
2024,17,"54 degrees, relative humidity 87%, wind 15 mph",New York Jets,Buffalo Bills,Reggie Gilliam,BUF,New York Jets,away,40,14,FB,2,3.225806451612903,0,0,0,0,0,0,2,3,0,0,0,0,0,0
2024,17,"54 degrees, relative humidity 87%, wind 15 mph",New York Jets,Buffalo Bills,Ty Johnson,BUF,New York Jets,away,40,14,RB,4,6.451612903225806,0,0,0,0,0,0,4,16,0,1,1,9,0,0
2024,17,"54 degrees, relative humidity 87%, wind 15 mph",New York Jets,Buffalo Bills,Tyrell Shavers,BUF,New York Jets,away,40,14,WR,0,0.0,0,0,0,0,0,0,0,0,0,1,1,69,1,0
2024,17,"76 degrees, relative humidity 76%, wind 8 mph",Carolina Panthers,Tampa Bay Buccaneers,Adam Thielen,CAR,Carolina Panthers,away,48,14,WR,0,0.0,0,0,0,0,0,0,0,0,0,6,5,110,2,0
2024,17,"76 degrees, relative humidity 76%, wind 8 mph",Carolina Panthers,Tampa Bay Buccaneers,Bryce Young,CAR,Carolina Panthers,away,48,14,QB,30,73.17073170731707,15,28,203,2,0,5,2,8,0,0,0,0,0,2
2024,17,"76 degrees, relative humidity 76%, wind 8 mph",Carolina Panthers,Tampa Bay Buccaneers,Dan Chisena,CAR,Carolina Panthers,away,48,14,WR,0,0.0,0,0,0,0,0,0,0,0,0,1,1,8,0,0
2024,17,"76 degrees, relative humidity 76%, wind 8 mph",Carolina Panthers,Tampa Bay Buccaneers,David Moore,CAR,Carolina Panthers,away,48,14,WR,0,0.0,0,0,0,0,0,0,0,0,0,1,1,17,0,0
2024,17,"76 degrees, relative humidity 76%, wind 8 mph",Carolina Panthers,Tampa Bay Buccaneers,Ja'Tavion Sanders,CAR,Carolina Panthers,away,48,14,TE,0,0.0,0,0,0,0,0,0,0,0,0,1,1,5,0,0
2024,17,"76 degrees, relative humidity 76%, wind 8 mph",Carolina Panthers,Tampa Bay Buccaneers,Jalen Coker,CAR,Carolina Panthers,away,48,14,WR,0,0.0,0,0,0,0,0,0,0,0,0,2,2,35,0,0
2024,17,"76 degrees, relative humidity 76%, wind 8 mph",Carolina Panthers,Tampa Bay Buccaneers,Mike Boone,CAR,Carolina Panthers,away,48,14,RB,2,4.878048780487805,0,0,0,0,0,0,2,11,0,2,0,0,0,0
2024,17,"76 degrees, relative humidity 76%, wind 8 mph",Carolina Panthers,Tampa Bay Buccaneers,Raheem Blackshear,CAR,Carolina Panthers,away,48,14,RB,8,19.51219512195122,0,0,0,0,0,0,8,20,0,0,0,0,0,0
2024,17,"76 degrees, relative humidity 76%, wind 8 mph",Carolina Panthers,Tampa Bay Buccaneers,Velus Jones Jr.,CAR,Carolina Panthers,away,48,14,RB,1,2.4390243902439024,0,0,0,0,0,0,1,0,0,0,0,0,0,0
2024,17,"76 degrees, relative humidity 76%, wind 8 mph",Carolina Panthers,Tampa Bay Buccaneers,Xavier Legette,CAR,Carolina Panthers,away,48,14,WR,0,0.0,0,0,0,0,0,0,0,0,0,9,5,28,0,0
2024,17,"47 degrees, relative humidity 88%, wind 5 mph",Chicago Bears,Seattle Seahawks,Caleb Williams,CHI,Chicago Bears,away,6,3,QB,33,64.70588235294117,16,28,122,0,1,7,5,37,0,0,0,0,0,1
2024,17,"47 degrees, relative humidity 88%, wind 5 mph",Chicago Bears,Seattle Seahawks,D'Andre Swift,CHI,Chicago Bears,away,6,3,RB,12,23.52941176470588,0,0,0,0,0,0,12,53,0,5,4,28,0,0
2024,17,"47 degrees, relative humidity 88%, wind 5 mph",Chicago Bears,Seattle Seahawks,D.J. Moore,CHI,Chicago Bears,away,6,3,WR,2,3.9215686274509802,0,0,0,0,0,0,2,8,0,8,6,54,0,0
2024,17,"47 degrees, relative humidity 88%, wind 5 mph",Chicago Bears,Seattle Seahawks,Gerald Everett,CHI,Chicago Bears,away,6,3,TE,0,0.0,0,0,0,0,0,0,0,0,0,1,0,0,0,0
2024,17,"47 degrees, relative humidity 88%, wind 5 mph",Chicago Bears,Seattle Seahawks,Keenan Allen,CHI,Chicago Bears,away,6,3,WR,0,0.0,0,0,0,0,0,0,0,0,0,8,5,25,0,0
2024,17,"47 degrees, relative humidity 88%, wind 5 mph",Chicago Bears,Seattle Seahawks,Rome Odunze,CHI,Chicago Bears,away,6,3,WR,0,0.0,0,0,0,0,0,0,0,0,0,4,1,15,0,0
2024,17,"47 degrees, relative humidity 88%, wind 5 mph",Chicago Bears,Seattle Seahawks,Roschon Johnson,CHI,Chicago Bears,away,6,3,RB,4,7.8431372549019605,0,0,0,0,0,0,4,5,0,0,0,0,0,0
2024,17,"60 degrees, relative humidity 82%, wind 8 mph",Denver Broncos,Cincinnati Bengals,Andrei Iosivas,CIN,Denver Broncos,away,30,24,WR,0,0.0,0,0,0,0,0,0,0,0,0,4,3,59,0,0
2024,17,"60 degrees, relative humidity 82%, wind 8 mph",Denver Broncos,Cincinnati Bengals,Cam Grandy,CIN,Denver Broncos,away,30,24,TE,0,0.0,0,0,0,0,0,0,0,0,0,1,1,7,0,0
2024,17,"60 degrees, relative humidity 82%, wind 8 mph",Denver Broncos,Cincinnati Bengals,Chase Brown,CIN,Denver Broncos,away,30,24,RB,20,25.97402597402597,0,0,0,0,0,0,20,67,0,4,4,24,0,0
2024,17,"60 degrees, relative humidity 82%, wind 8 mph",Denver Broncos,Cincinnati Bengals,Drew Sample,CIN,Denver Broncos,away,30,24,TE,0,0.0,0,0,0,0,0,0,0,0,0,1,1,3,0,0
2024,17,"60 degrees, relative humidity 82%, wind 8 mph",Denver Broncos,Cincinnati Bengals,Ja'Marr Chase,CIN,Denver Broncos,away,30,24,WR,0,0.0,0,0,0,0,0,0,0,0,0,15,9,102,0,0
2024,17,"60 degrees, relative humidity 82%, wind 8 mph",Denver Broncos,Cincinnati Bengals,Joe Burrow,CIN,Denver Broncos,away,30,24,QB,53,68.83116883116884,39,49,412,3,0,7,4,25,1,0,0,0,0,0
2024,17,"60 degrees, relative humidity 82%, wind 8 mph",Denver Broncos,Cincinnati Bengals,Khalil Herbert,CIN,Denver Broncos,away,30,24,RB,4,5.194805194805195,0,0,0,0,0,0,4,23,0,0,0,0,0,0
2024,17,"60 degrees, relative humidity 82%, wind 8 mph",Denver Broncos,Cincinnati Bengals,Mike Gesicki,CIN,Denver Broncos,away,30,24,TE,0,0.0,0,0,0,0,0,0,0,0,0,12,10,86,0,0
2024,17,"60 degrees, relative humidity 82%, wind 8 mph",Denver Broncos,Cincinnati Bengals,Tee Higgins,CIN,Denver Broncos,away,30,24,WR,0,0.0,0,0,0,0,0,0,0,0,0,12,11,131,3,1
2024,17,"54 degrees, relative humidity 93%, wind 15 mph",Cleveland Browns,Miami Dolphins,Blake Whiteheart,CLE,Cleveland Browns,away,20,3,TE,0,0.0,0,0,0,0,0,0,0,0,0,1,1,8,0,0
2024,17,"54 degrees, relative humidity 93%, wind 15 mph",Cleveland Browns,Miami Dolphins,D'Onta Foreman,CLE,Cleveland Browns,away,20,3,RB,13,17.333333333333336,0,0,0,0,0,0,13,49,0,2,0,0,0,0
2024,17,"54 degrees, relative humidity 93%, wind 15 mph",Cleveland Browns,Miami Dolphins,Dorian Thompson-Robinson,CLE,Cleveland Browns,away,20,3,QB,51,68.0,24,47,170,0,1,1,4,10,0,0,0,0,0,1
2024,17,"54 degrees, relative humidity 93%, wind 15 mph",Cleveland Browns,Miami Dolphins,Elijah Moore,CLE,Cleveland Browns,away,20,3,WR,0,0.0,0,0,0,0,0,0,0,0,0,5,1,1,0,0
2024,17,"54 degrees, relative humidity 93%, wind 15 mph",Cleveland Browns,Miami Dolphins,Jamari Thrash,CLE,Cleveland Browns,away,20,3,WR,0,0.0,0,0,0,0,0,0,0,0,0,1,0,0,0,0
2024,17,"54 degrees, relative humidity 93%, wind 15 mph",Cleveland Browns,Miami Dolphins,Jerome Ford,CLE,Cleveland Browns,away,20,3,RB,6,8.0,0,0,0,0,0,0,6,22,0,0,0,0,0,0
2024,17,"54 degrees, relative humidity 93%, wind 15 mph",Cleveland Browns,Miami Dolphins,Jerry Jeudy,CLE,Cleveland Browns,away,20,3,WR,0,0.0,0,0,0,0,0,0,0,0,0,18,12,94,0,0
2024,17,"54 degrees, relative humidity 93%, wind 15 mph",Cleveland Browns,Miami Dolphins,Jordan Akins,CLE,Cleveland Browns,away,20,3,TE,0,0.0,0,0,0,0,0,0,0,0,0,8,6,49,0,0
2024,17,"54 degrees, relative humidity 93%, wind 15 mph",Cleveland Browns,Miami Dolphins,Michael Woods,CLE,Cleveland Browns,away,20,3,UNK,0,0.0,0,0,0,0,0,0,0,0,0,3,1,3,0,0
2024,17,"54 degrees, relative humidity 93%, wind 15 mph",Cleveland Browns,Miami Dolphins,Pierre Strong,CLE,Cleveland Browns,away,20,3,RB,5,6.666666666666667,0,0,0,0,0,0,5,33,0,5,3,15,0,0
2024,17,"62 degrees, relative humidity 74%, wind 10 mph",Dallas Cowboys,Philadelphia Eagles,Brandin Cooks,DAL,Dallas Cowboys,away,41,7,WR,0,0.0,0,0,0,0,0,0,0,0,0,8,4,52,0,0
2024,17,"62 degrees, relative humidity 74%, wind 10 mph",Dallas Cowboys,Philadelphia Eagles,Cooper Rush,DAL,Dallas Cowboys,away,41,7,QB,29,49.152542372881356,15,28,147,1,2,1,1,2,0,0,0,0,0,0
2024,17,"62 degrees, relative humidity 74%, wind 10 mph",Dallas Cowboys,Philadelphia Eagles,Ezekiel Elliott,DAL,Dallas Cowboys,away,41,7,RB,3,5.084745762711865,0,0,0,0,0,0,3,2,0,0,0,0,0,0
2024,17,"62 degrees, relative humidity 74%, wind 10 mph",Dallas Cowboys,Philadelphia Eagles,Hunter Luepke,DAL,Dallas Cowboys,away,41,7,FB,0,0.0,0,0,0,0,0,0,0,0,0,1,1,1,0,0
2024,17,"62 degrees, relative humidity 74%, wind 10 mph",Dallas Cowboys,Philadelphia Eagles,Jake Ferguson,DAL,Dallas Cowboys,away,41,7,TE,0,0.0,0,0,0,0,0,0,0,0,0,5,3,18,0,1
2024,17,"62 degrees, relative humidity 74%, wind 10 mph",Dallas Cowboys,Philadelphia Eagles,Jalen Brooks,DAL,Dallas Cowboys,away,41,7,WR,0,0.0,0,0,0,0,0,0,0,0,0,1,1,12,0,0
2024,17,"62 degrees, relative humidity 74%, wind 10 mph",Dallas Cowboys,Philadelphia Eagles,Jalen Tolbert,DAL,Dallas Cowboys,away,41,7,WR,0,0.0,0,0,0,0,0,0,0,0,0,4,3,30,1,0
2024,17,"62 degrees, relative humidity 74%, wind 10 mph",Dallas Cowboys,Philadelphia Eagles,Jonathan Mingo,DAL,Dallas Cowboys,away,41,7,WR,0,0.0,0,0,0,0,0,0,0,0,0,3,1,12,0,0
2024,17,"62 degrees, relative humidity 74%, wind 10 mph",Dallas Cowboys,Philadelphia Eagles,KaVontae Turpin,DAL,Dallas Cowboys,away,41,7,WR,2,3.389830508474576,0,0,0,0,0,0,2,18,0,4,1,16,0,0
2024,17,"62 degrees, relative humidity 74%, wind 10 mph",Dallas Cowboys,Philadelphia Eagles,Rico Dowdle,DAL,Dallas Cowboys,away,41,7,RB,23,38.983050847457626,0,0,0,0,0,0,23,104,0,1,1,4,0,1
2024,17,"62 degrees, relative humidity 74%, wind 10 mph",Dallas Cowboys,Philadelphia Eagles,Ryan Flournoy,DAL,Dallas Cowboys,away,41,7,WR,0,0.0,0,0,0,0,0,0,0,0,0,2,1,3,0,0
2024,17,"62 degrees, relative humidity 74%, wind 10 mph",Dallas Cowboys,Philadelphia Eagles,Trey Lance,DAL,Dallas Cowboys,away,41,7,QB,2,3.389830508474576,1,1,1,0,0,0,1,1,0,0,0,0,0,0
2024,17,"60 degrees, relative humidity 82%, wind 8 mph",Denver Broncos,Cincinnati Bengals,Adam Trautman,DEN,Denver Broncos,away,30,24,TE,0,0.0,0,0,0,0,0,0,0,0,0,3,1,5,0,0
2024,17,"60 degrees, relative humidity 82%, wind 8 mph",Denver Broncos,Cincinnati Bengals,Audric Estime,DEN,Denver Broncos,away,30,24,RB,9,15.517241379310345,0,0,0,0,0,0,9,24,0,1,1,13,0,0
2024,17,"60 degrees, relative humidity 82%, wind 8 mph",Denver Broncos,Cincinnati Bengals,Bo Nix,DEN,Denver Broncos,away,30,24,QB,38,65.51724137931035,24,31,219,3,1,2,7,31,0,0,0,0,0,1
2024,17,"60 degrees, relative humidity 82%, wind 8 mph",Denver Broncos,Cincinnati Bengals,Courtland Sutton,DEN,Denver Broncos,away,30,24,WR,0,0.0,0,0,0,0,0,0,0,0,0,9,5,55,1,0
2024,17,"60 degrees, relative humidity 82%, wind 8 mph",Denver Broncos,Cincinnati Bengals,Devaughn Vele,DEN,Denver Broncos,away,30,24,WR,0,0.0,0,0,0,0,0,0,0,0,0,2,2,27,0,0
2024,17,"60 degrees, relative humidity 82%, wind 8 mph",Denver Broncos,Cincinnati Bengals,Jaleel McLaughlin,DEN,Denver Broncos,away,30,24,RB,10,17.24137931034483,0,0,0,0,0,0,10,69,0,2,2,7,0,0
2024,17,"60 degrees, relative humidity 82%, wind 8 mph",Denver Broncos,Cincinnati Bengals,Javonte Williams,DEN,Denver Broncos,away,30,24,RB,0,0.0,0,0,0,0,0,0,0,0,0,2,2,0,0,0
2024,17,"60 degrees, relative humidity 82%, wind 8 mph",Denver Broncos,Cincinnati Bengals,Lucas Krull,DEN,Denver Broncos,away,30,24,TE,0,0.0,0,0,0,0,0,0,0,0,0,1,1,3,0,0
2024,17,"60 degrees, relative humidity 82%, wind 8 mph",Denver Broncos,Cincinnati Bengals,Marvin Mims,DEN,Denver Broncos,away,30,24,WR,1,1.7241379310344827,0,0,0,0,0,0,1,-1,0,8,8,103,2,1
2024,17,"60 degrees, relative humidity 82%, wind 8 mph",Denver Broncos,Cincinnati Bengals,Nate Adkins,DEN,Denver Broncos,away,30,24,TE,0,0.0,0,0,0,0,0,0,0,0,0,1,1,7,0,0
2024,17,"60 degrees, relative humidity 82%, wind 8 mph",Denver Broncos,Cincinnati Bengals,Troy Franklin,DEN,Denver Broncos,away,30,24,WR,0,0.0,0,0,0,0,0,0,0,0,0,2,1,-1,0,0
2024,17,,San Francisco 49ers,Detroit Lions,Allen Robinson,DET,San Francisco 49ers,away,40,34,WR,0,0.0,0,0,0,0,0,0,0,0,0,1,1,21,0,0
2024,17,,San Francisco 49ers,Detroit Lions,Amon-Ra St. Brown,DET,San Francisco 49ers,away,40,34,WR,0,0.0,0,0,0,0,0,0,0,0,0,10,8,60,1,0
2024,17,,San Francisco 49ers,Detroit Lions,Craig Reynolds,DET,San Francisco 49ers,away,40,34,RB,7,10.44776119402985,0,0,0,0,0,0,7,31,0,2,2,35,0,0
2024,17,,San Francisco 49ers,Detroit Lions,Jahmyr Gibbs,DET,San Francisco 49ers,away,40,34,RB,18,26.865671641791046,0,0,0,0,0,0,18,117,1,4,4,46,0,0
2024,17,,San Francisco 49ers,Detroit Lions,Jameson Williams,DET,San Francisco 49ers,away,40,34,WR,2,2.9850746268656714,0,0,0,0,0,0,2,-2,1,8,5,77,1,0
2024,17,,San Francisco 49ers,Detroit Lions,Jared Goff,DET,San Francisco 49ers,away,40,34,QB,37,55.223880597014926,26,34,303,3,0,2,3,-3,0,0,0,0,0,0
2024,17,,San Francisco 49ers,Detroit Lions,Jermar Jefferson,DET,San Francisco 49ers,away,40,34,RB,3,4.477611940298507,0,0,0,0,0,0,3,9,0,0,0,0,0,0
2024,17,,San Francisco 49ers,Detroit Lions,Sam LaPorta,DET,San Francisco 49ers,away,40,34,TE,0,0.0,0,0,0,0,0,0,0,0,0,8,6,64,1,0
2024,17,,Green Bay Packers,Minnesota Vikings,Bo Melton,GNB,Green Bay Packers,away,27,25,WR,0,0.0,0,0,0,0,0,0,0,0,0,4,3,18,0,0
2024,17,,Green Bay Packers,Minnesota Vikings,Dontayvion Wicks,GNB,Green Bay Packers,away,27,25,WR,0,0.0,0,0,0,0,0,0,0,0,0,5,4,43,0,0
2024,17,,Green Bay Packers,Minnesota Vikings,Emanuel Wilson,GNB,Green Bay Packers,away,27,25,RB,6,11.11111111111111,0,0,0,0,0,0,6,29,1,0,0,0,0,0
2024,17,,Green Bay Packers,Minnesota Vikings,Jayden Reed,GNB,Green Bay Packers,away,27,25,WR,0,0.0,0,0,0,0,0,0,0,0,0,4,1,6,0,0
2024,17,,Green Bay Packers,Minnesota Vikings,Jordan Love,GNB,Green Bay Packers,away,27,25,QB,31,57.407407407407405,19,30,185,1,0,3,1,6,0,0,0,0,0,0
2024,17,,Green Bay Packers,Minnesota Vikings,Josh Jacobs,GNB,Green Bay Packers,away,27,25,RB,17,31.48148148148148,0,0,0,0,0,0,17,69,1,0,0,0,0,1
2024,17,,Green Bay Packers,Minnesota Vikings,Luke Musgrave,GNB,Green Bay Packers,away,27,25,TE,0,0.0,0,0,0,0,0,0,0,0,0,1,1,4,0,0
2024,17,,Green Bay Packers,Minnesota Vikings,Malik Heath,GNB,Green Bay Packers,away,27,25,WR,0,0.0,0,0,0,0,0,0,0,0,0,1,1,3,1,0
2024,17,,Green Bay Packers,Minnesota Vikings,Romeo Doubs,GNB,Green Bay Packers,away,27,25,WR,0,0.0,0,0,0,0,0,0,0,0,0,11,7,58,0,0
2024,17,,Green Bay Packers,Minnesota Vikings,Tucker Kraft,GNB,Green Bay Packers,away,27,25,TE,0,0.0,0,0,0,0,0,0,0,0,0,3,2,53,0,0
2024,17,,Houston Texans,Baltimore Ravens,C.J. Stroud,HOU,Houston Texans,away,31,2,QB,32,65.3061224489796,17,31,185,0,1,5,1,7,0,0,0,0,0,0
2024,17,,Houston Texans,Baltimore Ravens,Cade Stover,HOU,Houston Texans,away,31,2,TE,0,0.0,0,0,0,0,0,0,0,0,0,1,1,1,0,0
2024,17,,Houston Texans,Baltimore Ravens,Dalton Schultz,HOU,Houston Texans,away,31,2,TE,0,0.0,0,0,0,0,0,0,0,0,0,6,2,21,0,0
2024,17,,Houston Texans,Baltimore Ravens,Dameon Pierce,HOU,Houston Texans,away,31,2,RB,5,10.204081632653061,0,0,0,0,0,0,5,13,0,0,0,0,0,0
2024,17,,Houston Texans,Baltimore Ravens,Dare Ogunbowale,HOU,Houston Texans,away,31,2,RB,2,4.081632653061225,0,0,0,0,0,0,2,12,0,1,1,6,0,0
2024,17,,Houston Texans,Baltimore Ravens,Davis Mills,HOU,Houston Texans,away,31,2,QB,1,2.0408163265306123,1,1,5,0,0,0,0,0,0,0,0,0,0,0
2024,17,,Houston Texans,Baltimore Ravens,Joe Mixon,HOU,Houston Texans,away,31,2,RB,9,18.367346938775512,0,0,0,0,0,0,9,26,0,3,2,13,0,0
2024,17,,Houston Texans,Baltimore Ravens,John Metchie,HOU,Houston Texans,away,31,2,WR,0,0.0,0,0,0,0,0,0,0,0,0,8,5,48,0,1
2024,17,,Houston Texans,Baltimore Ravens,Nico Collins,HOU,Houston Texans,away,31,2,WR,0,0.0,0,0,0,0,0,0,0,0,0,6,3,59,0,0
2024,17,,Houston Texans,Baltimore Ravens,Robert Woods,HOU,Houston Texans,away,31,2,WR,0,0.0,0,0,0,0,0,0,0,0,0,2,2,21,0,0
2024,17,,Houston Texans,Baltimore Ravens,Xavier Hutchinson,HOU,Houston Texans,away,31,2,WR,0,0.0,0,0,0,0,0,0,0,0,0,4,2,21,0,0
2024,17,"54 degrees, relative humidity 90%, no wind",Indianapolis Colts,New York Giants,Adonai Mitchell,IND,Indianapolis Colts,away,45,33,WR,0,0.0,0,0,0,0,0,0,0,0,0,4,2,22,0,0
2024,17,"54 degrees, relative humidity 90%, no wind",Indianapolis Colts,New York Giants,Alec Pierce,IND,Indianapolis Colts,away,45,33,WR,0,0.0,0,0,0,0,0,0,0,0,0,9,6,122,1,0
2024,17,"54 degrees, relative humidity 90%, no wind",Indianapolis Colts,New York Giants,Joe Flacco,IND,Indianapolis Colts,away,45,33,QB,39,54.929577464788736,26,38,330,2,2,2,1,1,0,0,0,0,0,1
2024,17,"54 degrees, relative humidity 90%, no wind",Indianapolis Colts,New York Giants,Jonathan Taylor,IND,Indianapolis Colts,away,45,33,RB,32,45.07042253521127,0,0,0,0,0,0,32,125,2,4,2,11,0,0
2024,17,"54 degrees, relative humidity 90%, no wind",Indianapolis Colts,New York Giants,Josh Downs,IND,Indianapolis Colts,away,45,33,WR,0,0.0,0,0,0,0,0,0,0,0,0,4,3,22,0,0
2024,17,"54 degrees, relative humidity 90%, no wind",Indianapolis Colts,New York Giants,Kylen Granson,IND,Indianapolis Colts,away,45,33,TE,0,0.0,0,0,0,0,0,0,0,0,0,4,3,34,0,0
2024,17,"54 degrees, relative humidity 90%, no wind",Indianapolis Colts,New York Giants,Michael Pittman Jr.,IND,Indianapolis Colts,away,45,33,WR,0,0.0,0,0,0,0,0,0,0,0,0,10,9,109,1,0
2024,17,"54 degrees, relative humidity 90%, no wind",Indianapolis Colts,New York Giants,Mo Alie-Cox,IND,Indianapolis Colts,away,45,33,TE,0,0.0,0,0,0,0,0,0,0,0,0,1,0,0,0,0
2024,17,"54 degrees, relative humidity 90%, no wind",Indianapolis Colts,New York Giants,Trey Sermon,IND,Indianapolis Colts,away,45,33,RB,0,0.0,0,0,0,0,0,0,0,0,0,1,1,10,0,0
2024,17,"72 degrees, relative humidity 83%, wind 16 mph",Tennessee Titans,Jacksonville Jaguars,Brenton Strange,JAX,Tennessee Titans,away,20,13,TE,0,0.0,0,0,0,0,0,0,0,0,0,1,0,0,0,0
2024,17,"72 degrees, relative humidity 83%, wind 16 mph",Tennessee Titans,Jacksonville Jaguars,Brian Thomas,JAX,Tennessee Titans,away,20,13,WR,1,1.8181818181818181,0,0,0,0,0,0,1,18,0,10,7,91,1,0
2024,17,"72 degrees, relative humidity 83%, wind 16 mph",Tennessee Titans,Jacksonville Jaguars,D'Ernest Johnson,JAX,Tennessee Titans,away,20,13,RB,0,0.0,0,0,0,0,0,0,0,0,0,2,2,11,0,0
2024,17,"72 degrees, relative humidity 83%, wind 16 mph",Tennessee Titans,Jacksonville Jaguars,Devin Duvernay,JAX,Tennessee Titans,away,20,13,WR,0,0.0,0,0,0,0,0,0,0,0,0,1,1,4,0,0
2024,17,"72 degrees, relative humidity 83%, wind 16 mph",Tennessee Titans,Jacksonville Jaguars,Mac Jones,JAX,Tennessee Titans,away,20,13,QB,28,50.90909090909091,15,22,174,2,0,2,6,22,0,0,0,0,0,0
2024,17,"72 degrees, relative humidity 83%, wind 16 mph",Tennessee Titans,Jacksonville Jaguars,Parker Washington,JAX,Tennessee Titans,away,20,13,WR,0,0.0,0,0,0,0,0,0,0,0,0,3,3,31,1,0
2024,17,"72 degrees, relative humidity 83%, wind 16 mph",Tennessee Titans,Jacksonville Jaguars,Tank Bigsby,JAX,Tennessee Titans,away,20,13,RB,11,20.0,0,0,0,0,0,0,11,33,0,1,0,0,0,0
2024,17,"72 degrees, relative humidity 83%, wind 16 mph",Tennessee Titans,Jacksonville Jaguars,Tim Jones,JAX,Tennessee Titans,away,20,13,WR,0,0.0,0,0,0,0,0,0,0,0,0,1,1,11,0,0
2024,17,"72 degrees, relative humidity 83%, wind 16 mph",Tennessee Titans,Jacksonville Jaguars,Travis Etienne,JAX,Tennessee Titans,away,20,13,RB,15,27.27272727272727,0,0,0,0,0,0,15,49,0,2,1,26,0,0
2024,17,"39 degrees, relative humidity 82%, wind 2 mph",Pittsburgh Steelers,Kansas City Chiefs,DeAndre Hopkins,KAN,Pittsburgh Steelers,away,29,10,WR,0,0.0,0,0,0,0,0,0,0,0,0,4,2,7,0,0
2024,17,"39 degrees, relative humidity 82%, wind 2 mph",Pittsburgh Steelers,Kansas City Chiefs,Isiah Pacheco,KAN,Pittsburgh Steelers,away,29,10,RB,6,10.344827586206897,0,0,0,0,0,0,6,18,0,0,0,0,0,0
2024,17,"39 degrees, relative humidity 82%, wind 2 mph",Pittsburgh Steelers,Kansas City Chiefs,JuJu Smith-Schuster,KAN,Pittsburgh Steelers,away,29,10,WR,0,0.0,0,0,0,0,0,0,0,0,0,2,2,18,0,0
2024,17,"39 degrees, relative humidity 82%, wind 2 mph",Pittsburgh Steelers,Kansas City Chiefs,Justin Watson,KAN,Pittsburgh Steelers,away,29,10,WR,0,0.0,0,0,0,0,0,0,0,0,0,2,2,60,1,0
2024,17,"39 degrees, relative humidity 82%, wind 2 mph",Pittsburgh Steelers,Kansas City Chiefs,Kareem Hunt,KAN,Pittsburgh Steelers,away,29,10,RB,9,15.517241379310345,0,0,0,0,0,0,9,20,1,0,0,0,0,0
2024,17,"39 degrees, relative humidity 82%, wind 2 mph",Pittsburgh Steelers,Kansas City Chiefs,Marquise Brown,KAN,Pittsburgh Steelers,away,29,10,WR,0,0.0,0,0,0,0,0,0,0,0,0,7,4,46,0,0
2024,17,"39 degrees, relative humidity 82%, wind 2 mph",Pittsburgh Steelers,Kansas City Chiefs,Noah Gray,KAN,Pittsburgh Steelers,away,29,10,TE,0,0.0,0,0,0,0,0,0,0,0,0,1,1,6,0,0
2024,17,"39 degrees, relative humidity 82%, wind 2 mph",Pittsburgh Steelers,Kansas City Chiefs,Patrick Mahomes,KAN,Pittsburgh Steelers,away,29,10,QB,39,67.24137931034483,29,38,320,3,0,0,1,12,0,0,0,0,0,0
2024,17,"39 degrees, relative humidity 82%, wind 2 mph",Pittsburgh Steelers,Kansas City Chiefs,Samaje Perine,KAN,Pittsburgh Steelers,away,29,10,RB,2,3.4482758620689653,0,0,0,0,0,0,2,9,0,2,2,20,0,0
2024,17,"39 degrees, relative humidity 82%, wind 2 mph",Pittsburgh Steelers,Kansas City Chiefs,Travis Kelce,KAN,Pittsburgh Steelers,away,29,10,TE,0,0.0,0,0,0,0,0,0,0,0,0,11,8,84,1,0
2024,17,"39 degrees, relative humidity 82%, wind 2 mph",Pittsburgh Steelers,Kansas City Chiefs,Xavier Worthy,KAN,Pittsburgh Steelers,away,29,10,WR,2,3.4482758620689653,0,0,0,0,0,0,2,10,0,9,8,79,1,0
2024,17,"40 degrees, relative humidity 95%, wind 4 mph",New England Patriots,Los Angeles Chargers,DJ Chark,LAC,New England Patriots,away,40,7,WR,0,0.0,0,0,0,0,0,0,0,0,0,4,0,0,0,0
2024,17,"40 degrees, relative humidity 95%, wind 4 mph",New England Patriots,Los Angeles Chargers,Derius Davis,LAC,New England Patriots,away,40,7,WR,1,1.2987012987012987,0,0,0,0,0,0,1,-3,0,2,2,29,1,0
2024,17,"40 degrees, relative humidity 95%, wind 4 mph",New England Patriots,Los Angeles Chargers,Hassan Haskins,LAC,New England Patriots,away,40,7,RB,8,10.38961038961039,0,0,0,0,0,0,8,30,0,1,1,10,0,0
2024,17,"40 degrees, relative humidity 95%, wind 4 mph",New England Patriots,Los Angeles Chargers,J.K. Dobbins,LAC,New England Patriots,away,40,7,RB,19,24.675324675324674,0,0,0,0,0,0,19,76,1,1,1,7,0,0
2024,17,"40 degrees, relative humidity 95%, wind 4 mph",New England Patriots,Los Angeles Chargers,Josh Palmer,LAC,New England Patriots,away,40,7,WR,0,0.0,0,0,0,0,0,0,0,0,0,6,4,41,0,0
2024,17,"40 degrees, relative humidity 95%, wind 4 mph",New England Patriots,Los Angeles Chargers,Justin Herbert,LAC,New England Patriots,away,40,7,QB,41,53.246753246753244,26,38,281,3,0,0,3,12,0,0,0,0,0,0
2024,17,"40 degrees, relative humidity 95%, wind 4 mph",New England Patriots,Los Angeles Chargers,Kimani Vidal,LAC,New England Patriots,away,40,7,RB,5,6.493506493506493,0,0,0,0,0,0,5,24,0,2,0,0,0,0
2024,17,"40 degrees, relative humidity 95%, wind 4 mph",New England Patriots,Los Angeles Chargers,Ladd McConkey,LAC,New England Patriots,away,40,7,WR,0,0.0,0,0,0,0,0,0,0,0,0,10,8,94,2,0
2024,17,"40 degrees, relative humidity 95%, wind 4 mph",New England Patriots,Los Angeles Chargers,Quentin Johnston,LAC,New England Patriots,away,40,7,WR,0,0.0,0,0,0,0,0,0,0,0,0,8,5,48,0,0
2024,17,"40 degrees, relative humidity 95%, wind 4 mph",New England Patriots,Los Angeles Chargers,Stone Smartt,LAC,New England Patriots,away,40,7,TE,0,0.0,0,0,0,0,0,0,0,0,0,2,2,23,0,0
2024,17,"40 degrees, relative humidity 95%, wind 4 mph",New England Patriots,Los Angeles Chargers,Taylor Heinicke,LAC,New England Patriots,away,40,7,QB,3,3.896103896103896,0,2,0,0,0,0,1,8,0,0,0,0,0,0
2024,17,"40 degrees, relative humidity 95%, wind 4 mph",New England Patriots,Los Angeles Chargers,Tucker Fisk,LAC,New England Patriots,away,40,7,TE,0,0.0,0,0,0,0,0,0,0,0,0,1,1,8,0,0
2024,17,"40 degrees, relative humidity 95%, wind 4 mph",New England Patriots,Los Angeles Chargers,Will Dissly,LAC,New England Patriots,away,40,7,TE,0,0.0,0,0,0,0,0,0,0,0,0,3,2,21,0,0
2024,17,,Arizona Cardinals,Los Angeles Rams,Blake Corum,LAR,Arizona Cardinals,away,13,9,RB,3,5.555555555555555,0,0,0,0,0,0,3,-4,0,0,0,0,0,0
2024,17,,Arizona Cardinals,Los Angeles Rams,Colby Parkinson,LAR,Arizona Cardinals,away,13,9,TE,0,0.0,0,0,0,0,0,0,0,0,0,1,0,0,0,0
2024,17,,Arizona Cardinals,Los Angeles Rams,Cooper Kupp,LAR,Arizona Cardinals,away,13,9,WR,0,0.0,0,0,0,0,0,0,0,0,0,3,1,29,0,0
2024,17,,Arizona Cardinals,Los Angeles Rams,Davis Allen,LAR,Arizona Cardinals,away,13,9,TE,0,0.0,0,0,0,0,0,0,0,0,0,1,0,0,0,0
2024,17,,Arizona Cardinals,Los Angeles Rams,Demarcus Robinson,LAR,Arizona Cardinals,away,13,9,WR,0,0.0,0,0,0,0,0,0,0,0,0,2,0,0,0,0
2024,17,,Arizona Cardinals,Los Angeles Rams,Jordan Whittington,LAR,Arizona Cardinals,away,13,9,WR,0,0.0,0,0,0,0,0,0,0,0,0,1,1,6,0,0
2024,17,,Arizona Cardinals,Los Angeles Rams,Kyren Williams,LAR,Arizona Cardinals,away,13,9,RB,13,24.074074074074073,0,0,0,0,0,0,13,56,1,3,3,16,0,0
2024,17,,Arizona Cardinals,Los Angeles Rams,Matthew Stafford,LAR,Arizona Cardinals,away,13,9,QB,38,70.37037037037037,17,32,189,0,0,0,6,16,0,0,0,0,0,0
2024,17,,Arizona Cardinals,Los Angeles Rams,Puka Nacua,LAR,Arizona Cardinals,away,13,9,WR,0,0.0,0,0,0,0,0,0,0,0,0,14,10,129,0,0
2024,17,,Arizona Cardinals,Los Angeles Rams,Tyler Higbee,LAR,Arizona Cardinals,away,13,9,TE,0,0.0,0,0,0,0,0,0,0,0,0,3,2,9,0,0
2024,17,,New Orleans Saints,Las Vegas Raiders,Aidan O'Connell,LVR,New Orleans Saints,away,25,10,QB,38,52.054794520547944,20,35,242,2,0,1,3,-1,0,0,0,0,0,0
2024,17,,New Orleans Saints,Las Vegas Raiders,Alexander Mattison,LVR,New Orleans Saints,away,25,10,RB,10,13.698630136986301,0,0,0,0,0,0,10,32,0,3,1,6,0,0
2024,17,,New Orleans Saints,Las Vegas Raiders,Ameer Abdullah,LVR,New Orleans Saints,away,25,10,RB,20,27.397260273972602,0,0,0,0,0,0,20,115,0,4,3,32,0,0
2024,17,,New Orleans Saints,Las Vegas Raiders,Brock Bowers,LVR,New Orleans Saints,away,25,10,TE,1,1.36986301369863,0,0,0,0,0,0,1,-1,0,7,7,77,0,0
2024,17,,New Orleans Saints,Las Vegas Raiders,Chris Collier,LVR,New Orleans Saints,away,25,10,RB,3,4.10958904109589,0,0,0,0,0,0,3,6,0,0,0,0,0,0
2024,17,,New Orleans Saints,Las Vegas Raiders,Jakobi Meyers,LVR,New Orleans Saints,away,25,10,WR,0,0.0,0,0,0,0,0,0,0,0,0,9,5,61,1,0
2024,17,,New Orleans Saints,Las Vegas Raiders,Michael Mayer,LVR,New Orleans Saints,away,25,10,TE,0,0.0,0,0,0,0,0,0,0,0,0,2,1,14,0,0
2024,17,,New Orleans Saints,Las Vegas Raiders,Terrace Marshall Jr.,LVR,New Orleans Saints,away,25,10,WR,0,0.0,0,0,0,0,0,0,0,0,0,2,1,28,0,0
2024,17,,New Orleans Saints,Las Vegas Raiders,Tre Tucker,LVR,New Orleans Saints,away,25,10,WR,1,1.36986301369863,0,0,0,0,0,0,1,5,0,8,2,24,1,0
2024,17,"54 degrees, relative humidity 93%, wind 15 mph",Cleveland Browns,Miami Dolphins,D'Wayne Eskridge,MIA,Cleveland Browns,away,20,3,WR,0,0.0,0,0,0,0,0,0,0,0,0,1,1,8,0,0
2024,17,"54 degrees, relative humidity 93%, wind 15 mph",Cleveland Browns,Miami Dolphins,De'Von Achane,MIA,Cleveland Browns,away,20,3,RB,10,18.867924528301888,0,0,0,0,0,0,10,25,0,2,2,13,0,0
2024,17,"54 degrees, relative humidity 93%, wind 15 mph",Cleveland Browns,Miami Dolphins,Jeff Wilson,MIA,Cleveland Browns,away,20,3,RB,3,5.660377358490567,0,0,0,0,0,0,3,5,0,0,0,0,0,0
2024,17,"54 degrees, relative humidity 93%, wind 15 mph",Cleveland Browns,Miami Dolphins,Jonnu Smith,MIA,Cleveland Browns,away,20,3,TE,0,0.0,0,0,0,0,0,0,0,0,0,4,3,26,1,0
2024,17,"54 degrees, relative humidity 93%, wind 15 mph",Cleveland Browns,Miami Dolphins,Malik Washington,MIA,Cleveland Browns,away,20,3,WR,1,1.8867924528301887,0,0,0,0,0,0,1,-11,0,5,4,41,0,0
2024,17,"54 degrees, relative humidity 93%, wind 15 mph",Cleveland Browns,Miami Dolphins,Raheem Mostert,MIA,Cleveland Browns,away,20,3,RB,6,11.320754716981133,0,0,0,0,0,0,6,3,0,2,2,16,0,0
2024,17,"54 degrees, relative humidity 93%, wind 15 mph",Cleveland Browns,Miami Dolphins,River Cracraft,MIA,Cleveland Browns,away,20,3,WR,0,0.0,0,0,0,0,0,0,0,0,0,1,1,16,0,0
2024,17,"54 degrees, relative humidity 93%, wind 15 mph",Cleveland Browns,Miami Dolphins,Tyler Huntley,MIA,Cleveland Browns,away,20,3,QB,33,62.264150943396224,22,26,225,1,0,4,7,52,1,0,0,0,0,1
2024,17,"54 degrees, relative humidity 93%, wind 15 mph",Cleveland Browns,Miami Dolphins,Tyreek Hill,MIA,Cleveland Browns,away,20,3,WR,0,0.0,0,0,0,0,0,0,0,0,0,9,9,105,0,0
2024,17,,Green Bay Packers,Minnesota Vikings,Aaron Jones,MIN,Green Bay Packers,away,27,25,RB,12,17.391304347826086,0,0,0,0,0,0,12,47,0,5,4,30,0,0
2024,17,,Green Bay Packers,Minnesota Vikings,C.J. Ham,MIN,Green Bay Packers,away,27,25,FB,0,0.0,0,0,0,0,0,0,0,0,0,2,2,15,0,0
2024,17,,Green Bay Packers,Minnesota Vikings,Cam Akers,MIN,Green Bay Packers,away,27,25,RB,6,8.695652173913043,0,0,0,0,0,0,6,18,0,3,2,15,1,0
2024,17,,Green Bay Packers,Minnesota Vikings,Jalen Nailor,MIN,Green Bay Packers,away,27,25,WR,0,0.0,0,0,0,0,0,0,0,0,0,5,5,81,1,0
2024,17,,Green Bay Packers,Minnesota Vikings,Johnny Mundt,MIN,Green Bay Packers,away,27,25,TE,0,0.0,0,0,0,0,0,0,0,0,0,1,1,7,0,0
2024,17,,Green Bay Packers,Minnesota Vikings,Jordan Addison,MIN,Green Bay Packers,away,27,25,WR,0,0.0,0,0,0,0,0,0,0,0,0,8,6,69,1,0
2024,17,,Green Bay Packers,Minnesota Vikings,Justin Jefferson,MIN,Green Bay Packers,away,27,25,WR,0,0.0,0,0,0,0,0,0,0,0,0,11,8,92,0,0
2024,17,,Green Bay Packers,Minnesota Vikings,Sam Darnold,MIN,Green Bay Packers,away,27,25,QB,46,66.66666666666666,33,43,377,3,1,1,3,-3,0,0,0,0,0,0
2024,17,,Green Bay Packers,Minnesota Vikings,T.J. Hockenson,MIN,Green Bay Packers,away,27,25,TE,0,0.0,0,0,0,0,0,0,0,0,0,6,5,68,0,0
2024,17,,Green Bay Packers,Minnesota Vikings,Ty Chandler,MIN,Green Bay Packers,away,27,25,RB,5,7.246376811594203,0,0,0,0,0,0,5,7,0,0,0,0,0,0
2024,17,,New Orleans Saints,Las Vegas Raiders,Adam Prentice,NOR,New Orleans Saints,away,25,10,FB,0,0.0,0,0,0,0,0,0,0,0,0,1,0,0,0,0
2024,17,,New Orleans Saints,Las Vegas Raiders,Cedrick Wilson Jr.,NOR,New Orleans Saints,away,25,10,WR,0,0.0,0,0,0,0,0,1,0,0,0,4,3,17,0,0
2024,17,,New Orleans Saints,Las Vegas Raiders,Clyde Edwards-Helaire,NOR,New Orleans Saints,away,25,10,RB,5,10.204081632653061,0,0,0,0,0,0,5,20,0,4,2,10,0,0
2024,17,,New Orleans Saints,Las Vegas Raiders,Dante Pettis,NOR,New Orleans Saints,away,25,10,WR,0,0.0,0,0,0,0,0,0,0,0,0,4,3,27,0,0
2024,17,,New Orleans Saints,Las Vegas Raiders,Foster Moreau,NOR,New Orleans Saints,away,25,10,TE,0,0.0,0,0,0,0,0,0,0,0,0,5,3,47,1,0
2024,17,,New Orleans Saints,Las Vegas Raiders,Jamaal Williams,NOR,New Orleans Saints,away,25,10,RB,2,4.081632653061225,0,0,0,0,0,0,2,12,0,1,1,12,0,0
2024,17,,New Orleans Saints,Las Vegas Raiders,Juwan Johnson,NOR,New Orleans Saints,away,25,10,TE,0,0.0,0,0,0,0,0,0,0,0,0,10,6,66,0,1
2024,17,,New Orleans Saints,Las Vegas Raiders,Kendre Miller,NOR,New Orleans Saints,away,25,10,RB,3,6.122448979591836,0,0,0,0,0,0,3,3,0,1,1,16,0,0
2024,17,,New Orleans Saints,Las Vegas Raiders,Kevin Austin,NOR,New Orleans Saints,away,25,10,WR,0,0.0,0,0,0,0,0,0,0,0,0,2,1,23,0,0
2024,17,,New Orleans Saints,Las Vegas Raiders,Marquez Valdes-Scantling,NOR,New Orleans Saints,away,25,10,WR,0,0.0,0,0,0,0,0,0,0,0,0,2,0,0,0,0
2024,17,,New Orleans Saints,Las Vegas Raiders,Spencer Rattler,NOR,New Orleans Saints,away,25,10,QB,39,79.59183673469387,20,36,218,1,2,3,3,46,0,0,0,0,0,1
2024,17,"40 degrees, relative humidity 95%, wind 4 mph",New England Patriots,Los Angeles Chargers,Antonio Gibson,NWE,New England Patriots,away,40,7,RB,12,27.27272727272727,0,0,0,0,0,0,12,63,0,1,0,0,0,0
2024,17,"40 degrees, relative humidity 95%, wind 4 mph",New England Patriots,Los Angeles Chargers,Austin Hooper,NWE,New England Patriots,away,40,7,TE,0,0.0,0,0,0,0,0,0,0,0,0,3,3,19,0,0
2024,17,"40 degrees, relative humidity 95%, wind 4 mph",New England Patriots,Los Angeles Chargers,Demario Douglas,NWE,New England Patriots,away,40,7,WR,0,0.0,0,0,0,0,0,0,0,0,0,5,4,46,1,0
2024,17,"40 degrees, relative humidity 95%, wind 4 mph",New England Patriots,Los Angeles Chargers,Drake Maye,NWE,New England Patriots,away,40,7,QB,28,63.63636363636363,12,22,117,1,0,4,6,32,0,0,0,0,0,1
2024,17,"40 degrees, relative humidity 95%, wind 4 mph",New England Patriots,Los Angeles Chargers,Hunter Henry,NWE,New England Patriots,away,40,7,TE,0,0.0,0,0,0,0,0,0,0,0,0,2,0,0,0,0
2024,17,"40 degrees, relative humidity 95%, wind 4 mph",New England Patriots,Los Angeles Chargers,Ja'Lynn Polk,NWE,New England Patriots,away,40,7,WR,0,0.0,0,0,0,0,0,0,0,0,0,1,0,0,0,0
2024,17,"40 degrees, relative humidity 95%, wind 4 mph",New England Patriots,Los Angeles Chargers,Jacoby Brissett,NWE,New England Patriots,away,40,7,QB,2,4.545454545454546,1,2,-2,0,0,0,0,0,0,0,0,0,0,0
2024,17,"40 degrees, relative humidity 95%, wind 4 mph",New England Patriots,Los Angeles Chargers,Javon Baker,NWE,New England Patriots,away,40,7,WR,0,0.0,0,0,0,0,0,0,0,0,0,1,0,0,0,0
2024,17,"40 degrees, relative humidity 95%, wind 4 mph",New England Patriots,Los Angeles Chargers,Kayshon Boutte,NWE,New England Patriots,away,40,7,WR,0,0.0,0,0,0,0,0,0,0,0,0,5,4,28,0,0
2024,17,"40 degrees, relative humidity 95%, wind 4 mph",New England Patriots,Los Angeles Chargers,Kendrick Bourne,NWE,New England Patriots,away,40,7,WR,0,0.0,0,0,0,0,0,0,0,0,0,4,2,22,0,0
2024,17,"40 degrees, relative humidity 95%, wind 4 mph",New England Patriots,Los Angeles Chargers,Rhamondre Stevenson,NWE,New England Patriots,away,40,7,RB,2,4.545454545454546,0,0,0,0,0,0,2,1,0,1,0,0,0,0
2024,17,"54 degrees, relative humidity 90%, no wind",Indianapolis Colts,New York Giants,Chris Manhertz,NYG,Indianapolis Colts,away,45,33,TE,0,0.0,0,0,0,0,0,0,0,0,0,1,1,12,0,0
2024,17,"54 degrees, relative humidity 90%, no wind",Indianapolis Colts,New York Giants,Darius Slayton,NYG,Indianapolis Colts,away,45,33,WR,0,0.0,0,0,0,0,0,0,0,0,0,3,1,32,1,0
2024,17,"54 degrees, relative humidity 90%, no wind",Indianapolis Colts,New York Giants,Devin Singletary,NYG,Indianapolis Colts,away,45,33,RB,5,9.433962264150944,0,0,0,0,0,0,5,21,0,1,1,9,0,0
2024,17,"54 degrees, relative humidity 90%, no wind",Indianapolis Colts,New York Giants,Drew Lock,NYG,Indianapolis Colts,away,45,33,QB,28,52.83018867924528,17,23,309,4,0,0,5,0,1,0,0,0,0,0
2024,17,"54 degrees, relative humidity 90%, no wind",Indianapolis Colts,New York Giants,Malik Nabers,NYG,Indianapolis Colts,away,45,33,WR,0,0.0,0,0,0,0,0,0,0,0,0,8,7,171,2,0
2024,17,"54 degrees, relative humidity 90%, no wind",Indianapolis Colts,New York Giants,Tyrone Tracy Jr.,NYG,Indianapolis Colts,away,45,33,RB,20,37.735849056603776,0,0,0,0,0,0,20,59,0,3,2,14,0,1
2024,17,"54 degrees, relative humidity 90%, no wind",Indianapolis Colts,New York Giants,Wan'Dale Robinson,NYG,Indianapolis Colts,away,45,33,WR,0,0.0,0,0,0,0,0,0,0,0,0,6,5,71,1,0
2024,17,"54 degrees, relative humidity 87%, wind 15 mph",New York Jets,Buffalo Bills,Aaron Rodgers,NYJ,New York Jets,away,40,14,QB,18,33.9622641509434,12,18,112,0,2,4,0,0,0,0,0,0,0,0
2024,17,"54 degrees, relative humidity 87%, wind 15 mph",New York Jets,Buffalo Bills,Allen Lazard,NYJ,New York Jets,away,40,14,WR,0,0.0,0,0,0,0,0,0,0,0,0,3,1,9,0,0
2024,17,"54 degrees, relative humidity 87%, wind 15 mph",New York Jets,Buffalo Bills,Braelon Allen,NYJ,New York Jets,away,40,14,RB,6,11.320754716981133,0,0,0,0,0,0,6,26,0,0,0,0,0,0
2024,17,"54 degrees, relative humidity 87%, wind 15 mph",New York Jets,Buffalo Bills,Breece Hall,NYJ,New York Jets,away,40,14,RB,10,18.867924528301888,0,0,0,0,0,0,10,45,0,1,1,8,0,0
2024,17,"54 degrees, relative humidity 87%, wind 15 mph",New York Jets,Buffalo Bills,Davante Adams,NYJ,New York Jets,away,40,14,WR,0,0.0,0,0,0,0,0,0,0,0,0,8,5,47,0,0
2024,17,"54 degrees, relative humidity 87%, wind 15 mph",New York Jets,Buffalo Bills,Garrett Wilson,NYJ,New York Jets,away,40,14,WR,0,0.0,0,0,0,0,0,0,0,0,0,8,7,66,1,1
2024,17,"54 degrees, relative humidity 87%, wind 15 mph",New York Jets,Buffalo Bills,Isaiah Davis,NYJ,New York Jets,away,40,14,RB,3,5.660377358490567,0,0,0,0,0,0,3,35,0,1,1,8,0,0
2024,17,"54 degrees, relative humidity 87%, wind 15 mph",New York Jets,Buffalo Bills,Kenny Yeboah,NYJ,New York Jets,away,40,14,TE,0,0.0,0,0,0,0,0,0,0,0,0,2,0,0,0,0
2024,17,"54 degrees, relative humidity 87%, wind 15 mph",New York Jets,Buffalo Bills,Tyler Conklin,NYJ,New York Jets,away,40,14,TE,0,0.0,0,0,0,0,0,0,0,0,0,8,8,57,1,0
2024,17,"54 degrees, relative humidity 87%, wind 15 mph",New York Jets,Buffalo Bills,Tyrod Taylor,NYJ,New York Jets,away,40,14,QB,16,30.18867924528302,11,14,83,2,0,0,2,6,0,0,0,0,0,1
2024,17,"62 degrees, relative humidity 74%, wind 10 mph",Dallas Cowboys,Philadelphia Eagles,A.J. Brown,PHI,Dallas Cowboys,away,41,7,WR,0,0.0,0,0,0,0,0,0,0,0,0,5,3,36,1,0
2024,17,"62 degrees, relative humidity 74%, wind 10 mph",Dallas Cowboys,Philadelphia Eagles,DeVonta Smith,PHI,Dallas Cowboys,away,41,7,WR,0,0.0,0,0,0,0,0,0,0,0,0,7,6,120,2,0
2024,17,"62 degrees, relative humidity 74%, wind 10 mph",Dallas Cowboys,Philadelphia Eagles,E.J. Jenkins,PHI,Dallas Cowboys,away,41,7,TE,0,0.0,0,0,0,0,0,0,0,0,0,1,0,0,0,0
2024,17,"62 degrees, relative humidity 74%, wind 10 mph",Dallas Cowboys,Philadelphia Eagles,Grant Calcaterra,PHI,Dallas Cowboys,away,41,7,TE,0,0.0,0,0,0,0,0,0,0,0,0,2,1,34,0,0
2024,17,"62 degrees, relative humidity 74%, wind 10 mph",Dallas Cowboys,Philadelphia Eagles,Kenneth Gainwell,PHI,Dallas Cowboys,away,41,7,RB,3,4.918032786885246,0,0,0,0,0,0,3,4,0,1,1,5,0,0
2024,17,"62 degrees, relative humidity 74%, wind 10 mph",Dallas Cowboys,Philadelphia Eagles,Kenny Pickett,PHI,Dallas Cowboys,away,41,7,QB,18,29.508196721311474,10,15,143,1,0,0,3,3,1,0,0,0,0,0
2024,17,"62 degrees, relative humidity 74%, wind 10 mph",Dallas Cowboys,Philadelphia Eagles,Saquon Barkley,PHI,Dallas Cowboys,away,41,7,RB,31,50.81967213114754,0,0,0,0,0,0,31,167,0,2,2,2,0,0
2024,17,"62 degrees, relative humidity 74%, wind 10 mph",Dallas Cowboys,Philadelphia Eagles,Tanner McKee,PHI,Dallas Cowboys,away,41,7,QB,6,9.836065573770492,3,4,54,2,0,0,2,-2,0,0,0,0,0,0
2024,17,"62 degrees, relative humidity 74%, wind 10 mph",Dallas Cowboys,Philadelphia Eagles,Tyrion Davis-Price,PHI,Dallas Cowboys,away,41,7,RB,3,4.918032786885246,0,0,0,0,0,0,3,7,0,0,0,0,0,0
2024,17,"39 degrees, relative humidity 82%, wind 2 mph",Pittsburgh Steelers,Kansas City Chiefs,Calvin Austin,PIT,Pittsburgh Steelers,away,29,10,UNK,0,0.0,0,0,0,0,0,0,0,0,0,5,4,31,0,0
2024,17,"39 degrees, relative humidity 82%, wind 2 mph",Pittsburgh Steelers,Kansas City Chiefs,Connor Heyward,PIT,Pittsburgh Steelers,away,29,10,TE,0,0.0,0,0,0,0,0,0,0,0,0,1,1,8,0,0
2024,17,"39 degrees, relative humidity 82%, wind 2 mph",Pittsburgh Steelers,Kansas City Chiefs,Cordarrelle Patterson,PIT,Pittsburgh Steelers,away,29,10,RB,1,1.4705882352941175,0,0,0,0,0,0,1,2,0,0,0,0,0,0
2024,17,"39 degrees, relative humidity 82%, wind 2 mph",Pittsburgh Steelers,Kansas City Chiefs,Darnell Washington,PIT,Pittsburgh Steelers,away,29,10,TE,0,0.0,0,0,0,0,0,0,0,0,0,1,1,8,0,0
2024,17,"39 degrees, relative humidity 82%, wind 2 mph",Pittsburgh Steelers,Kansas City Chiefs,George Pickens,PIT,Pittsburgh Steelers,away,29,10,WR,0,0.0,0,0,0,0,0,0,0,0,0,7,3,50,0,0
2024,17,"39 degrees, relative humidity 82%, wind 2 mph",Pittsburgh Steelers,Kansas City Chiefs,Jaylen Warren,PIT,Pittsburgh Steelers,away,29,10,RB,11,16.176470588235293,0,0,0,0,0,0,11,71,0,6,5,41,0,0
2024,17,"39 degrees, relative humidity 82%, wind 2 mph",Pittsburgh Steelers,Kansas City Chiefs,Mike Williams,PIT,Pittsburgh Steelers,away,29,10,WR,0,0.0,0,0,0,0,0,0,0,0,0,2,0,0,0,0
2024,17,"39 degrees, relative humidity 82%, wind 2 mph",Pittsburgh Steelers,Kansas City Chiefs,Najee Harris,PIT,Pittsburgh Steelers,away,29,10,RB,13,19.11764705882353,0,0,0,0,0,0,13,74,0,4,2,7,0,0
2024,17,"39 degrees, relative humidity 82%, wind 2 mph",Pittsburgh Steelers,Kansas City Chiefs,Pat Freiermuth,PIT,Pittsburgh Steelers,away,29,10,TE,0,0.0,0,0,0,0,0,0,0,0,0,8,7,60,0,1
2024,17,"39 degrees, relative humidity 82%, wind 2 mph",Pittsburgh Steelers,Kansas City Chiefs,Russell Wilson,PIT,Pittsburgh Steelers,away,29,10,QB,43,63.23529411764706,23,37,205,0,1,5,6,55,1,0,0,0,0,1
2024,17,"39 degrees, relative humidity 82%, wind 2 mph",Pittsburgh Steelers,Kansas City Chiefs,Van Jefferson,PIT,Pittsburgh Steelers,away,29,10,WR,0,0.0,0,0,0,0,0,0,0,0,0,1,0,0,0,0
2024,17,"47 degrees, relative humidity 88%, wind 5 mph",Chicago Bears,Seattle Seahawks,D.K. Metcalf,SEA,Chicago Bears,away,6,3,WR,0,0.0,0,0,0,0,0,0,0,0,0,3,3,42,0,0
2024,17,"47 degrees, relative humidity 88%, wind 5 mph",Chicago Bears,Seattle Seahawks,Geno Smith,SEA,Chicago Bears,away,6,3,QB,26,54.166666666666664,17,23,160,0,0,3,3,19,0,0,0,0,0,2
2024,17,"47 degrees, relative humidity 88%, wind 5 mph",Chicago Bears,Seattle Seahawks,Jaxon Smith-Njigba,SEA,Chicago Bears,away,6,3,WR,0,0.0,0,0,0,0,0,0,0,0,0,6,3,32,0,0
2024,17,"47 degrees, relative humidity 88%, wind 5 mph",Chicago Bears,Seattle Seahawks,Kenny McIntosh,SEA,Chicago Bears,away,6,3,RB,7,14.583333333333334,0,0,0,0,0,0,7,46,0,0,0,0,0,0
2024,17,"47 degrees, relative humidity 88%, wind 5 mph",Chicago Bears,Seattle Seahawks,Noah Fant,SEA,Chicago Bears,away,6,3,TE,0,0.0,0,0,0,0,0,0,0,0,0,5,4,43,0,0
2024,17,"47 degrees, relative humidity 88%, wind 5 mph",Chicago Bears,Seattle Seahawks,Pharaoh Brown,SEA,Chicago Bears,away,6,3,TE,0,0.0,0,0,0,0,0,0,0,0,0,1,1,4,0,1
2024,17,"47 degrees, relative humidity 88%, wind 5 mph",Chicago Bears,Seattle Seahawks,Tyler Lockett,SEA,Chicago Bears,away,6,3,WR,0,0.0,0,0,0,0,0,0,0,0,0,4,3,20,0,0
2024,17,"47 degrees, relative humidity 88%, wind 5 mph",Chicago Bears,Seattle Seahawks,Zach Charbonnet,SEA,Chicago Bears,away,6,3,RB,15,31.25,0,0,0,0,0,0,15,57,0,3,3,19,0,0
2024,17,,San Francisco 49ers,Detroit Lions,Brock Purdy,SFO,San Francisco 49ers,away,40,34,QB,38,65.51724137931035,27,35,377,3,2,2,3,12,1,0,0,0,0,0
2024,17,,San Francisco 49ers,Detroit Lions,Chris Conley,SFO,San Francisco 49ers,away,40,34,WR,0,0.0,0,0,0,0,0,0,0,0,0,1,1,13,0,0
2024,17,,San Francisco 49ers,Detroit Lions,Deebo Samuel,SFO,San Francisco 49ers,away,40,34,WR,3,5.172413793103448,0,0,0,0,0,0,3,16,0,1,1,5,1,1
2024,17,,San Francisco 49ers,Detroit Lions,George Kittle,SFO,San Francisco 49ers,away,40,34,TE,0,0.0,0,0,0,0,0,0,0,0,0,8,8,112,0,0
2024,17,,San Francisco 49ers,Detroit Lions,Isaac Guerendo,SFO,San Francisco 49ers,away,40,34,RB,9,15.517241379310345,0,0,0,0,0,0,9,34,0,4,4,65,0,0
2024,17,,San Francisco 49ers,Detroit Lions,Jauan Jennings,SFO,San Francisco 49ers,away,40,34,WR,0,0.0,0,0,0,0,0,0,0,0,0,10,7,67,0,1
2024,17,,San Francisco 49ers,Detroit Lions,Joshua Dobbs,SFO,San Francisco 49ers,away,40,34,QB,5,8.620689655172415,3,4,35,0,0,0,1,7,1,0,0,0,0,0
2024,17,,San Francisco 49ers,Detroit Lions,Kyle Juszczyk,SFO,San Francisco 49ers,away,40,34,FB,0,0.0,0,0,0,0,0,0,0,0,0,2,1,9,1,0
2024,17,,San Francisco 49ers,Detroit Lions,Ricky Pearsall,SFO,San Francisco 49ers,away,40,34,WR,3,5.172413793103448,0,1,0,0,0,0,2,6,0,10,8,141,1,0
2024,17,"76 degrees, relative humidity 76%, wind 8 mph",Carolina Panthers,Tampa Bay Buccaneers,Baker Mayfield,TAM,Carolina Panthers,away,48,14,QB,33,45.83333333333333,27,32,359,5,0,2,1,2,0,0,0,0,0,0
2024,17,"76 degrees, relative humidity 76%, wind 8 mph",Carolina Panthers,Tampa Bay Buccaneers,Bucky Irving,TAM,Carolina Panthers,away,48,14,RB,20,27.77777777777778,0,0,0,0,0,0,20,113,0,4,4,77,0,0
2024,17,"76 degrees, relative humidity 76%, wind 8 mph",Carolina Panthers,Tampa Bay Buccaneers,Devin Culp,TAM,Carolina Panthers,away,48,14,TE,0,0.0,0,0,0,0,0,0,0,0,0,4,3,52,0,0
2024,17,"76 degrees, relative humidity 76%, wind 8 mph",Carolina Panthers,Tampa Bay Buccaneers,Jalen McMillan,TAM,Carolina Panthers,away,48,14,WR,1,1.3888888888888888,0,0,0,0,0,0,1,9,0,5,5,51,2,0
2024,17,"76 degrees, relative humidity 76%, wind 8 mph",Carolina Panthers,Tampa Bay Buccaneers,Kameron Johnson,TAM,Carolina Panthers,away,48,14,WR,1,1.3888888888888888,0,0,0,0,0,0,1,11,0,0,0,0,0,0
2024,17,"76 degrees, relative humidity 76%, wind 8 mph",Carolina Panthers,Tampa Bay Buccaneers,Kyle Trask,TAM,Carolina Panthers,away,48,14,QB,3,4.166666666666666,0,0,0,0,0,0,3,-2,0,0,0,0,0,0
2024,17,"76 degrees, relative humidity 76%, wind 8 mph",Carolina Panthers,Tampa Bay Buccaneers,Mike Evans,TAM,Carolina Panthers,away,48,14,WR,0,0.0,0,0,0,0,0,0,0,0,0,9,8,97,2,0
2024,17,"76 degrees, relative humidity 76%, wind 8 mph",Carolina Panthers,Tampa Bay Buccaneers,Payne Durham,TAM,Carolina Panthers,away,48,14,TE,0,0.0,0,0,0,0,0,0,0,0,0,3,2,36,1,0
2024,17,"76 degrees, relative humidity 76%, wind 8 mph",Carolina Panthers,Tampa Bay Buccaneers,Rachaad White,TAM,Carolina Panthers,away,48,14,RB,6,8.333333333333332,0,0,0,0,0,0,6,30,0,1,1,4,0,0
2024,17,"76 degrees, relative humidity 76%, wind 8 mph",Carolina Panthers,Tampa Bay Buccaneers,Rakim Jarrett,TAM,Carolina Panthers,away,48,14,WR,0,0.0,0,0,0,0,0,0,0,0,0,1,1,11,0,0
2024,17,"76 degrees, relative humidity 76%, wind 8 mph",Carolina Panthers,Tampa Bay Buccaneers,Ryan Miller,TAM,Carolina Panthers,away,48,14,WR,0,0.0,0,0,0,0,0,0,0,0,0,4,2,26,0,0
2024,17,"76 degrees, relative humidity 76%, wind 8 mph",Carolina Panthers,Tampa Bay Buccaneers,Sean Tucker,TAM,Carolina Panthers,away,48,14,RB,8,11.11111111111111,0,0,0,0,0,0,8,39,0,1,1,5,0,0
2024,17,"72 degrees, relative humidity 83%, wind 16 mph",Tennessee Titans,Jacksonville Jaguars,Calvin Ridley,TEN,Tennessee Titans,away,20,13,WR,1,1.639344262295082,0,0,0,0,0,0,1,7,0,6,5,84,0,0
2024,17,"72 degrees, relative humidity 83%, wind 16 mph",Tennessee Titans,Jacksonville Jaguars,Chigoziem Okonkwo,TEN,Tennessee Titans,away,20,13,TE,1,1.639344262295082,0,0,0,0,0,0,1,17,0,7,5,42,0,0
2024,17,"72 degrees, relative humidity 83%, wind 16 mph",Tennessee Titans,Jacksonville Jaguars,Josh Whyle,TEN,Tennessee Titans,away,20,13,TE,0,0.0,0,0,0,0,0,0,0,0,0,1,0,0,0,0
2024,17,"72 degrees, relative humidity 83%, wind 16 mph",Tennessee Titans,Jacksonville Jaguars,Julius Chestnut,TEN,Tennessee Titans,away,20,13,RB,3,4.918032786885246,0,0,0,0,0,0,3,17,0,1,0,0,0,0
2024,17,"72 degrees, relative humidity 83%, wind 16 mph",Tennessee Titans,Jacksonville Jaguars,Mason Rudolph,TEN,Tennessee Titans,away,20,13,QB,36,59.01639344262295,19,31,193,1,1,3,5,23,0,0,0,0,0,1
2024,17,"72 degrees, relative humidity 83%, wind 16 mph",Tennessee Titans,Jacksonville Jaguars,Nick Vannett,TEN,Tennessee Titans,away,20,13,TE,0,0.0,0,0,0,0,0,0,0,0,0,1,1,8,1,0
2024,17,"72 degrees, relative humidity 83%, wind 16 mph",Tennessee Titans,Jacksonville Jaguars,Nick Westbrook-Ikhine,TEN,Tennessee Titans,away,20,13,WR,0,0.0,0,0,0,0,0,0,0,0,0,6,3,37,0,0
2024,17,"72 degrees, relative humidity 83%, wind 16 mph",Tennessee Titans,Jacksonville Jaguars,Tyjae Spears,TEN,Tennessee Titans,away,20,13,RB,20,32.78688524590164,0,0,0,0,0,0,20,95,0,4,3,8,0,1
2024,17,"72 degrees, relative humidity 83%, wind 16 mph",Tennessee Titans,Jacksonville Jaguars,Tyler Boyd,TEN,Tennessee Titans,away,20,13,WR,0,0.0,0,0,0,0,0,0,0,0,0,4,2,14,0,0
2024,17,"58 degrees, relative humidity 89%, wind 10 mph",Atlanta Falcons,Washington Commanders,Brian Robinson Jr.,WAS,Atlanta Falcons,away,30,24,RB,13,18.055555555555554,0,0,0,0,0,0,13,60,0,2,2,9,0,0
2024,17,"58 degrees, relative humidity 89%, wind 10 mph",Atlanta Falcons,Washington Commanders,Chris Rodriguez,WAS,Atlanta Falcons,away,30,24,RB,5,6.944444444444445,0,0,0,0,0,0,5,16,1,1,1,12,0,0
2024,17,"58 degrees, relative humidity 89%, wind 10 mph",Atlanta Falcons,Washington Commanders,Jamison Crowder,WAS,Atlanta Falcons,away,30,24,WR,0,0.0,0,0,0,0,0,0,0,0,0,5,3,25,0,1
2024,17,"58 degrees, relative humidity 89%, wind 10 mph",Atlanta Falcons,Washington Commanders,Jayden Daniels,WAS,Atlanta Falcons,away,30,24,QB,52,72.22222222222221,24,36,227,3,1,5,16,127,0,0,0,0,0,0
2024,17,"58 degrees, relative humidity 89%, wind 10 mph",Atlanta Falcons,Washington Commanders,Jeremy McNichols,WAS,Atlanta Falcons,away,30,24,RB,1,1.3888888888888888,0,0,0,0,0,0,1,5,0,3,2,5,0,0
2024,17,"58 degrees, relative humidity 89%, wind 10 mph",Atlanta Falcons,Washington Commanders,John Bates,WAS,Atlanta Falcons,away,30,24,TE,0,0.0,0,0,0,0,0,0,0,0,0,1,1,14,0,0
2024,17,"58 degrees, relative humidity 89%, wind 10 mph",Atlanta Falcons,Washington Commanders,Olamide Zaccheaus,WAS,Atlanta Falcons,away,30,24,WR,1,1.3888888888888888,0,0,0,0,0,0,1,8,0,9,8,85,1,0
2024,17,"58 degrees, relative humidity 89%, wind 10 mph",Atlanta Falcons,Washington Commanders,Terry McLaurin,WAS,Atlanta Falcons,away,30,24,WR,0,0.0,0,0,0,0,0,0,0,0,0,7,1,5,0,0
2024,17,"58 degrees, relative humidity 89%, wind 10 mph",Atlanta Falcons,Washington Commanders,Zach Ertz,WAS,Atlanta Falcons,away,30,24,TE,0,0.0,0,0,0,0,0,0,0,0,0,7,6,72,2,0
2024,18,,San Francisco 49ers,Arizona Cardinals,Clayton Tune,ARI,San Francisco 49ers,away,47,24,QB,1,1.6129032258064515,0,0,0,0,0,0,1,2,0,0,0,0,0,0
2024,18,,San Francisco 49ers,Arizona Cardinals,DeeJay Dallas,ARI,San Francisco 49ers,away,47,24,RB,1,1.6129032258064515,0,0,0,0,0,0,1,22,0,1,1,5,0,0
2024,18,,San Francisco 49ers,Arizona Cardinals,Greg Dortch,ARI,San Francisco 49ers,away,47,24,WR,1,1.6129032258064515,0,0,0,0,0,0,1,7,0,4,4,47,2,1
2024,18,,San Francisco 49ers,Arizona Cardinals,Kyler Murray,ARI,San Francisco 49ers,away,47,24,QB,38,61.29032258064516,25,35,242,4,0,0,3,22,0,0,0,0,0,0
2024,18,,San Francisco 49ers,Arizona Cardinals,Marvin Harrison Jr.,ARI,San Francisco 49ers,away,47,24,WR,0,0.0,0,0,0,0,0,0,0,0,0,6,5,63,1,0
2024,18,,San Francisco 49ers,Arizona Cardinals,Michael Carter,ARI,San Francisco 49ers,away,47,24,RB,17,27.419354838709676,0,0,0,0,0,0,17,43,1,4,4,16,0,0
2024,18,,San Francisco 49ers,Arizona Cardinals,Tony Jones,ARI,San Francisco 49ers,away,47,24,RB,4,6.451612903225806,0,0,0,0,0,0,4,55,1,0,0,0,0,0
2024,18,,San Francisco 49ers,Arizona Cardinals,Trey McBride,ARI,San Francisco 49ers,away,47,24,TE,0,0.0,0,0,0,0,0,0,0,0,0,11,7,65,1,0
2024,18,,San Francisco 49ers,Arizona Cardinals,Xavier Weaver,ARI,San Francisco 49ers,away,47,24,WR,0,0.0,0,0,0,0,0,0,0,0,0,1,0,0,0,0
2024,18,,San Francisco 49ers,Arizona Cardinals,Zay Jones,ARI,San Francisco 49ers,away,47,24,WR,0,0.0,0,0,0,0,0,0,0,0,0,5,4,46,0,0
2024,18,,Atlanta Falcons,Carolina Panthers,Bijan Robinson,ATL,Atlanta Falcons,away,44,38,RB,28,36.84210526315789,0,0,0,0,0,0,28,170,2,5,2,3,0,0
2024,18,,Atlanta Falcons,Carolina Panthers,Drake London,ATL,Atlanta Falcons,away,44,38,WR,0,0.0,0,0,0,0,0,0,0,0,0,18,10,187,2,0
2024,18,,Atlanta Falcons,Carolina Panthers,KhaDarel Hodge,ATL,Atlanta Falcons,away,44,38,WR,0,0.0,0,0,0,0,0,0,0,0,0,2,1,24,0,0
2024,18,,Atlanta Falcons,Carolina Panthers,Kyle Pitts,ATL,Atlanta Falcons,away,44,38,TE,0,0.0,0,0,0,0,0,0,0,0,0,3,2,15,0,0
2024,18,,Atlanta Falcons,Carolina Panthers,Michael Penix,ATL,Atlanta Falcons,away,44,38,QB,39,51.31578947368421,21,38,312,2,1,1,1,5,1,0,0,0,0,0
2024,18,,Atlanta Falcons,Carolina Panthers,Ray-Ray McCloud,ATL,Atlanta Falcons,away,44,38,WR,0,0.0,0,0,0,0,0,0,0,0,0,7,4,66,0,0
2024,18,,Atlanta Falcons,Carolina Panthers,Tyler Allgeier,ATL,Atlanta Falcons,away,44,38,RB,9,11.842105263157894,0,0,0,0,0,0,9,52,0,2,2,17,0,0
2024,18,"31 degrees, relative humidity 35%, wind 16 mph",Cleveland Browns,Baltimore Ravens,Derrick Henry,BAL,Cleveland Browns,away,35,10,RB,20,29.850746268656714,0,0,0,0,0,0,20,138,2,3,2,23,0,0
2024,18,"31 degrees, relative humidity 35%, wind 16 mph",Cleveland Browns,Baltimore Ravens,Isaiah Likely,BAL,Cleveland Browns,away,35,10,TE,0,0.0,0,0,0,0,0,0,0,0,0,5,3,38,0,0
2024,18,"31 degrees, relative humidity 35%, wind 16 mph",Cleveland Browns,Baltimore Ravens,Keaton Mitchell,BAL,Cleveland Browns,away,35,10,RB,4,5.970149253731343,0,0,0,0,0,0,4,10,0,0,0,0,0,0
2024,18,"31 degrees, relative humidity 35%, wind 16 mph",Cleveland Browns,Baltimore Ravens,Lamar Jackson,BAL,Cleveland Browns,away,35,10,QB,41,61.19402985074627,16,32,217,2,0,0,9,63,0,0,0,0,0,0
2024,18,"31 degrees, relative humidity 35%, wind 16 mph",Cleveland Browns,Baltimore Ravens,Mark Andrews,BAL,Cleveland Browns,away,35,10,TE,1,1.4925373134328357,0,0,0,0,0,0,1,0,0,8,4,54,1,0
2024,18,"31 degrees, relative humidity 35%, wind 16 mph",Cleveland Browns,Baltimore Ravens,Patrick Ricard,BAL,Cleveland Browns,away,35,10,FB,0,0.0,0,0,0,0,0,0,0,0,0,1,1,14,0,0
2024,18,"31 degrees, relative humidity 35%, wind 16 mph",Cleveland Browns,Baltimore Ravens,Rasheen Ali,BAL,Cleveland Browns,away,35,10,RB,0,0.0,0,0,0,0,0,0,0,0,0,2,0,0,0,0
2024,18,"31 degrees, relative humidity 35%, wind 16 mph",Cleveland Browns,Baltimore Ravens,Rashod Bateman,BAL,Cleveland Browns,away,35,10,WR,0,0.0,0,0,0,0,0,0,0,0,0,8,5,76,1,0
2024,18,"31 degrees, relative humidity 35%, wind 16 mph",Cleveland Browns,Baltimore Ravens,Tylan Wallace,BAL,Cleveland Browns,away,35,10,WR,0,0.0,0,0,0,0,0,0,0,0,0,1,0,0,0,0
2024,18,"31 degrees, relative humidity 35%, wind 16 mph",Cleveland Browns,Baltimore Ravens,Zay Flowers,BAL,Cleveland Browns,away,35,10,WR,1,1.4925373134328357,0,0,0,0,0,0,1,9,0,2,1,12,0,0
2024,18,"33 degrees, relative humidity 50%, wind 14 mph",Buffalo Bills,New England Patriots,Curtis Samuel,BUF,Buffalo Bills,away,23,16,WR,0,0.0,0,0,0,0,0,0,0,0,0,8,7,52,0,0
2024,18,"33 degrees, relative humidity 50%, wind 14 mph",Buffalo Bills,New England Patriots,James Cook,BUF,Buffalo Bills,away,23,16,RB,10,15.384615384615385,0,0,0,0,0,0,10,28,1,0,0,0,0,0
2024,18,"33 degrees, relative humidity 50%, wind 14 mph",Buffalo Bills,New England Patriots,Keon Coleman,BUF,Buffalo Bills,away,23,16,WR,1,1.5384615384615385,0,0,0,0,0,0,1,9,0,10,2,31,0,0
2024,18,"33 degrees, relative humidity 50%, wind 14 mph",Buffalo Bills,New England Patriots,Mack Hollins,BUF,Buffalo Bills,away,23,16,WR,0,0.0,0,0,0,0,0,0,0,0,0,4,3,25,0,0
2024,18,"33 degrees, relative humidity 50%, wind 14 mph",Buffalo Bills,New England Patriots,Mike White,BUF,Buffalo Bills,away,23,16,QB,11,16.923076923076923,3,11,28,0,0,0,0,0,0,0,0,0,0,0
2024,18,"33 degrees, relative humidity 50%, wind 14 mph",Buffalo Bills,New England Patriots,Mitchell Trubisky,BUF,Buffalo Bills,away,23,16,QB,25,38.46153846153847,15,21,101,1,0,0,4,12,0,0,0,0,0,1
2024,18,"33 degrees, relative humidity 50%, wind 14 mph",Buffalo Bills,New England Patriots,Quintin Morris,BUF,Buffalo Bills,away,23,16,TE,0,0.0,0,0,0,0,0,0,0,0,0,4,3,20,0,0
2024,18,"33 degrees, relative humidity 50%, wind 14 mph",Buffalo Bills,New England Patriots,Ray Davis,BUF,Buffalo Bills,away,23,16,RB,15,23.076923076923077,0,0,0,0,0,0,15,64,0,3,2,1,1,0
2024,18,"33 degrees, relative humidity 50%, wind 14 mph",Buffalo Bills,New England Patriots,Reggie Gilliam,BUF,Buffalo Bills,away,23,16,FB,1,1.5384615384615385,0,0,0,0,0,0,1,4,0,0,0,0,0,0
2024,18,"33 degrees, relative humidity 50%, wind 14 mph",Buffalo Bills,New England Patriots,Ty Johnson,BUF,Buffalo Bills,away,23,16,RB,2,3.076923076923077,0,0,0,0,0,0,2,13,0,2,1,0,0,0
2024,18,,Atlanta Falcons,Carolina Panthers,Adam Thielen,CAR,Atlanta Falcons,away,44,38,WR,0,0.0,0,0,0,0,0,0,0,0,0,6,5,44,0,0
2024,18,,Atlanta Falcons,Carolina Panthers,Bryce Young,CAR,Atlanta Falcons,away,44,38,QB,39,60.0,25,34,251,3,0,0,5,24,2,0,0,0,0,0
2024,18,,Atlanta Falcons,Carolina Panthers,David Moore,CAR,Atlanta Falcons,away,44,38,WR,0,0.0,0,0,0,0,0,0,0,0,0,3,1,9,1,0
2024,18,,Atlanta Falcons,Carolina Panthers,Feleipe Franks,CAR,Atlanta Falcons,away,44,38,TE,0,0.0,0,0,0,0,0,0,0,0,0,1,1,12,0,0
2024,18,,Atlanta Falcons,Carolina Panthers,Ja'Tavion Sanders,CAR,Atlanta Falcons,away,44,38,TE,0,0.0,0,0,0,0,0,0,0,0,0,5,3,35,0,0
2024,18,,Atlanta Falcons,Carolina Panthers,Jalen Coker,CAR,Atlanta Falcons,away,44,38,WR,1,1.5384615384615385,1,1,19,0,0,0,0,0,0,7,7,62,0,0
2024,18,,Atlanta Falcons,Carolina Panthers,Mike Boone,CAR,Atlanta Falcons,away,44,38,RB,4,6.153846153846154,0,0,0,0,0,0,4,18,0,1,1,-2,0,0
2024,18,,Atlanta Falcons,Carolina Panthers,Miles Sanders,CAR,Atlanta Falcons,away,44,38,RB,17,26.153846153846157,0,0,0,0,0,0,17,66,1,4,3,50,1,1
2024,18,,Atlanta Falcons,Carolina Panthers,Raheem Blackshear,CAR,Atlanta Falcons,away,44,38,RB,4,6.153846153846154,0,0,0,0,0,0,4,47,0,0,0,0,0,0
2024,18,,Atlanta Falcons,Carolina Panthers,Tommy Tremble,CAR,Atlanta Falcons,away,44,38,TE,0,0.0,0,0,0,0,0,0,0,0,0,3,2,30,1,0
2024,18,,Atlanta Falcons,Carolina Panthers,Xavier Legette,CAR,Atlanta Falcons,away,44,38,WR,0,0.0,0,0,0,0,0,0,0,0,0,5,3,30,0,0
2024,18,"16 degrees, relative humidity 68%, wind 13 mph",Green Bay Packers,Chicago Bears,Caleb Williams,CHI,Green Bay Packers,away,24,22,QB,32,57.14285714285714,21,29,148,1,0,1,3,10,0,0,0,0,0,1
2024,18,"16 degrees, relative humidity 68%, wind 13 mph",Green Bay Packers,Chicago Bears,Cole Kmet,CHI,Green Bay Packers,away,24,22,TE,0,0.0,0,0,0,0,0,0,0,0,0,2,2,3,0,0
2024,18,"16 degrees, relative humidity 68%, wind 13 mph",Green Bay Packers,Chicago Bears,D'Andre Swift,CHI,Green Bay Packers,away,24,22,RB,20,35.714285714285715,0,0,0,0,0,0,20,65,1,2,0,0,0,0
2024,18,"16 degrees, relative humidity 68%, wind 13 mph",Green Bay Packers,Chicago Bears,D.J. Moore,CHI,Green Bay Packers,away,24,22,WR,1,1.7857142857142856,0,0,0,0,0,0,1,5,0,10,9,86,1,1
2024,18,"16 degrees, relative humidity 68%, wind 13 mph",Green Bay Packers,Chicago Bears,Keenan Allen,CHI,Green Bay Packers,away,24,22,WR,1,1.7857142857142856,0,1,0,0,1,0,0,0,0,3,3,25,0,0
2024,18,"16 degrees, relative humidity 68%, wind 13 mph",Green Bay Packers,Chicago Bears,Rome Odunze,CHI,Green Bay Packers,away,24,22,WR,0,0.0,0,0,0,0,0,0,0,0,0,2,2,18,0,0
2024,18,"16 degrees, relative humidity 68%, wind 13 mph",Green Bay Packers,Chicago Bears,Roschon Johnson,CHI,Green Bay Packers,away,24,22,RB,2,3.571428571428571,0,0,0,0,0,0,2,3,0,5,5,16,0,0
2024,18,"19 degrees, relative humidity 73%, wind 10 mph",Pittsburgh Steelers,Cincinnati Bengals,Andrei Iosivas,CIN,Pittsburgh Steelers,away,19,17,WR,0,0.0,0,0,0,0,0,0,0,0,0,3,2,12,0,0
2024,18,"19 degrees, relative humidity 73%, wind 10 mph",Pittsburgh Steelers,Cincinnati Bengals,Cam Grandy,CIN,Pittsburgh Steelers,away,19,17,TE,0,0.0,0,0,0,0,0,0,0,0,0,1,1,9,0,0
2024,18,"19 degrees, relative humidity 73%, wind 10 mph",Pittsburgh Steelers,Cincinnati Bengals,Drew Sample,CIN,Pittsburgh Steelers,away,19,17,TE,0,0.0,0,0,0,0,0,0,0,0,0,4,4,14,0,0
2024,18,"19 degrees, relative humidity 73%, wind 10 mph",Pittsburgh Steelers,Cincinnati Bengals,Ja'Marr Chase,CIN,Pittsburgh Steelers,away,19,17,WR,0,0.0,0,0,0,0,0,0,0,0,0,14,10,96,1,0
2024,18,"19 degrees, relative humidity 73%, wind 10 mph",Pittsburgh Steelers,Cincinnati Bengals,Joe Burrow,CIN,Pittsburgh Steelers,away,19,17,QB,47,70.1492537313433,37,46,277,1,1,4,1,-1,0,0,0,0,0,1
2024,18,"19 degrees, relative humidity 73%, wind 10 mph",Pittsburgh Steelers,Cincinnati Bengals,Khalil Herbert,CIN,Pittsburgh Steelers,away,19,17,RB,20,29.850746268656714,0,0,0,0,0,0,20,69,0,8,7,14,0,1
2024,18,"19 degrees, relative humidity 73%, wind 10 mph",Pittsburgh Steelers,Cincinnati Bengals,Mike Gesicki,CIN,Pittsburgh Steelers,away,19,17,TE,0,0.0,0,0,0,0,0,0,0,0,0,10,8,68,0,0
2024,18,"19 degrees, relative humidity 73%, wind 10 mph",Pittsburgh Steelers,Cincinnati Bengals,Tanner Hudson,CIN,Pittsburgh Steelers,away,19,17,TE,0,0.0,0,0,0,0,0,0,0,0,0,1,1,11,0,0
2024,18,"19 degrees, relative humidity 73%, wind 10 mph",Pittsburgh Steelers,Cincinnati Bengals,Tee Higgins,CIN,Pittsburgh Steelers,away,19,17,WR,0,0.0,0,0,0,0,0,0,0,0,0,5,4,53,0,0
2024,18,"31 degrees, relative humidity 35%, wind 16 mph",Cleveland Browns,Baltimore Ravens,Bailey Zappe,CLE,Cleveland Browns,away,35,10,QB,33,62.264150943396224,16,31,170,1,2,1,2,2,0,0,0,0,0,0
2024,18,"31 degrees, relative humidity 35%, wind 16 mph",Cleveland Browns,Baltimore Ravens,Blake Whiteheart,CLE,Cleveland Browns,away,35,10,TE,0,0.0,0,0,0,0,0,0,0,0,0,1,1,1,0,0
2024,18,"31 degrees, relative humidity 35%, wind 16 mph",Cleveland Browns,Baltimore Ravens,Brenden Bates,CLE,Cleveland Browns,away,35,10,TE,0,0.0,0,0,0,0,0,0,0,0,0,1,0,0,0,0
2024,18,"31 degrees, relative humidity 35%, wind 16 mph",Cleveland Browns,Baltimore Ravens,D'Onta Foreman,CLE,Cleveland Browns,away,35,10,RB,10,18.867924528301888,0,0,0,0,0,0,10,27,0,1,1,8,0,0
2024,18,"31 degrees, relative humidity 35%, wind 16 mph",Cleveland Browns,Baltimore Ravens,Dorian Thompson-Robinson,CLE,Cleveland Browns,away,35,10,QB,5,9.433962264150944,2,3,13,0,0,1,2,3,0,0,0,0,0,0
2024,18,"31 degrees, relative humidity 35%, wind 16 mph",Cleveland Browns,Baltimore Ravens,Elijah Moore,CLE,Cleveland Browns,away,35,10,WR,0,0.0,0,0,0,0,0,0,0,0,0,5,3,36,0,0
2024,18,"31 degrees, relative humidity 35%, wind 16 mph",Cleveland Browns,Baltimore Ravens,Jacob Kibodi,CLE,Cleveland Browns,away,35,10,RB,5,9.433962264150944,0,0,0,0,0,0,5,24,0,3,1,15,0,0
2024,18,"31 degrees, relative humidity 35%, wind 16 mph",Cleveland Browns,Baltimore Ravens,Jamari Thrash,CLE,Cleveland Browns,away,35,10,WR,0,0.0,0,0,0,0,0,0,0,0,0,1,0,0,0,0
2024,18,"31 degrees, relative humidity 35%, wind 16 mph",Cleveland Browns,Baltimore Ravens,Jerry Jeudy,CLE,Cleveland Browns,away,35,10,WR,0,0.0,0,0,0,0,0,0,0,0,0,13,6,63,0,0
2024,18,"31 degrees, relative humidity 35%, wind 16 mph",Cleveland Browns,Baltimore Ravens,Jordan Akins,CLE,Cleveland Browns,away,35,10,TE,0,0.0,0,0,0,0,0,0,0,0,0,8,6,60,1,0
2024,18,,Dallas Cowboys,Washington Commanders,Brandin Cooks,DAL,Dallas Cowboys,away,23,19,WR,1,1.36986301369863,0,0,0,0,0,0,1,-5,0,9,3,15,0,0
2024,18,,Dallas Cowboys,Washington Commanders,Deuce Vaughn,DAL,Dallas Cowboys,away,23,19,RB,6,8.21917808219178,0,0,0,0,0,0,6,37,0,0,0,0,0,0
2024,18,,Dallas Cowboys,Washington Commanders,Hunter Luepke,DAL,Dallas Cowboys,away,23,19,FB,3,4.10958904109589,0,0,0,0,0,0,3,15,0,0,0,0,0,0
2024,18,,Dallas Cowboys,Washington Commanders,Jake Ferguson,DAL,Dallas Cowboys,away,23,19,TE,0,0.0,0,0,0,0,0,0,0,0,0,4,2,12,0,0
2024,18,,Dallas Cowboys,Washington Commanders,Jalen Tolbert,DAL,Dallas Cowboys,away,23,19,WR,0,0.0,0,0,0,0,0,0,0,0,0,6,4,98,0,0
2024,18,,Dallas Cowboys,Washington Commanders,Jonathan Mingo,DAL,Dallas Cowboys,away,23,19,WR,0,0.0,0,0,0,0,0,0,0,0,0,2,2,24,0,0
2024,18,,Dallas Cowboys,Washington Commanders,KaVontae Turpin,DAL,Dallas Cowboys,away,23,19,WR,1,1.36986301369863,0,0,0,0,0,0,1,5,0,5,3,53,0,0
2024,18,,Dallas Cowboys,Washington Commanders,Luke Schoonmaker,DAL,Dallas Cowboys,away,23,19,TE,0,0.0,0,0,0,0,0,0,0,0,0,2,2,16,0,0
2024,18,,Dallas Cowboys,Washington Commanders,Rico Dowdle,DAL,Dallas Cowboys,away,23,19,RB,22,30.136986301369863,0,0,0,0,0,0,22,72,1,3,2,12,0,0
2024,18,,Dallas Cowboys,Washington Commanders,Ryan Flournoy,DAL,Dallas Cowboys,away,23,19,WR,0,0.0,0,0,0,0,0,0,0,0,0,2,2,14,0,0
2024,18,,Dallas Cowboys,Washington Commanders,Trey Lance,DAL,Dallas Cowboys,away,23,19,QB,40,54.794520547945204,20,34,244,0,0,2,6,26,0,0,0,0,0,0
2024,18,"28 degrees, relative humidity 69%, wind 5 mph",Kansas City Chiefs,Denver Broncos,Audric Estime,DEN,Kansas City Chiefs,away,38,0,RB,12,16.666666666666664,0,0,0,0,0,0,12,34,1,0,0,0,0,0
2024,18,"28 degrees, relative humidity 69%, wind 5 mph",Kansas City Chiefs,Denver Broncos,Bo Nix,DEN,Kansas City Chiefs,away,38,0,QB,36,50.0,26,29,321,4,0,0,7,47,0,0,0,0,0,0
2024,18,"28 degrees, relative humidity 69%, wind 5 mph",Kansas City Chiefs,Denver Broncos,Courtland Sutton,DEN,Kansas City Chiefs,away,38,0,WR,0,0.0,0,0,0,0,0,0,0,0,0,7,5,98,1,0
2024,18,"28 degrees, relative humidity 69%, wind 5 mph",Kansas City Chiefs,Denver Broncos,Devaughn Vele,DEN,Kansas City Chiefs,away,38,0,WR,0,0.0,0,0,0,0,0,0,0,0,0,4,4,50,1,0
2024,18,"28 degrees, relative humidity 69%, wind 5 mph",Kansas City Chiefs,Denver Broncos,Jaleel McLaughlin,DEN,Kansas City Chiefs,away,38,0,RB,16,22.22222222222222,0,0,0,0,0,0,16,39,0,2,2,9,0,0
2024,18,"28 degrees, relative humidity 69%, wind 5 mph",Kansas City Chiefs,Denver Broncos,Jarrett Stidham,DEN,Kansas City Chiefs,away,38,0,QB,2,2.7777777777777777,0,0,0,0,0,0,2,7,0,0,0,0,0,0
2024,18,"28 degrees, relative humidity 69%, wind 5 mph",Kansas City Chiefs,Denver Broncos,Javonte Williams,DEN,Kansas City Chiefs,away,38,0,RB,5,6.944444444444445,0,0,0,0,0,0,5,28,0,4,3,50,0,0
2024,18,"28 degrees, relative humidity 69%, wind 5 mph",Kansas City Chiefs,Denver Broncos,Lil'Jordan Humphrey,DEN,Kansas City Chiefs,away,38,0,WR,0,0.0,0,0,0,0,0,0,0,0,0,2,2,26,0,0
2024,18,"28 degrees, relative humidity 69%, wind 5 mph",Kansas City Chiefs,Denver Broncos,Marvin Mims,DEN,Kansas City Chiefs,away,38,0,WR,0,0.0,0,0,0,0,0,0,0,0,0,5,5,51,2,0
2024,18,"28 degrees, relative humidity 69%, wind 5 mph",Kansas City Chiefs,Denver Broncos,Michael Burton,DEN,Kansas City Chiefs,away,38,0,FB,1,1.3888888888888888,0,0,0,0,0,0,1,3,0,0,0,0,0,0
2024,18,"28 degrees, relative humidity 69%, wind 5 mph",Kansas City Chiefs,Denver Broncos,Nate Adkins,DEN,Kansas City Chiefs,away,38,0,TE,0,0.0,0,0,0,0,0,0,0,0,0,3,3,25,0,0
2024,18,"28 degrees, relative humidity 69%, wind 5 mph",Kansas City Chiefs,Denver Broncos,Troy Franklin,DEN,Kansas City Chiefs,away,38,0,WR,0,0.0,0,0,0,0,0,0,0,0,0,2,2,12,0,0
2024,18,,Minnesota Vikings,Detroit Lions,Amon-Ra St. Brown,DET,Minnesota Vikings,away,31,9,WR,0,0.0,0,0,0,0,0,0,0,0,0,7,6,77,0,0
2024,18,,Minnesota Vikings,Detroit Lions,Craig Reynolds,DET,Minnesota Vikings,away,31,9,RB,8,12.5,0,0,0,0,0,0,8,39,0,2,0,0,0,0
2024,18,,Minnesota Vikings,Detroit Lions,Jahmyr Gibbs,DET,Minnesota Vikings,away,31,9,RB,23,35.9375,0,0,0,0,0,0,23,139,3,5,5,31,1,0
2024,18,,Minnesota Vikings,Detroit Lions,Jameson Williams,DET,Minnesota Vikings,away,31,9,WR,0,0.0,0,0,0,0,0,0,0,0,0,8,6,34,0,0
2024,18,,Minnesota Vikings,Detroit Lions,Jared Goff,DET,Minnesota Vikings,away,31,9,QB,33,51.5625,27,33,231,1,2,2,0,0,0,0,0,0,0,0
2024,18,,Minnesota Vikings,Detroit Lions,Kalif Raymond,DET,Minnesota Vikings,away,31,9,WR,0,0.0,0,0,0,0,0,0,0,0,0,1,1,11,0,0
2024,18,,Minnesota Vikings,Detroit Lions,Sam LaPorta,DET,Minnesota Vikings,away,31,9,TE,0,0.0,0,0,0,0,0,0,0,0,0,7,7,63,0,0
2024,18,,Minnesota Vikings,Detroit Lions,Tim Patrick,DET,Minnesota Vikings,away,31,9,WR,0,0.0,0,0,0,0,0,0,0,0,0,2,2,15,0,0
2024,18,"16 degrees, relative humidity 68%, wind 13 mph",Green Bay Packers,Chicago Bears,Bo Melton,GNB,Green Bay Packers,away,24,22,WR,1,1.7241379310344827,0,0,0,0,0,0,1,1,0,0,0,0,0,0
2024,18,"16 degrees, relative humidity 68%, wind 13 mph",Green Bay Packers,Chicago Bears,Chris Brooks,GNB,Green Bay Packers,away,24,22,RB,8,13.793103448275861,0,0,0,0,0,0,8,59,0,1,0,0,0,0
2024,18,"16 degrees, relative humidity 68%, wind 13 mph",Green Bay Packers,Chicago Bears,Christian Watson,GNB,Green Bay Packers,away,24,22,WR,0,0.0,0,0,0,0,0,0,0,0,0,1,0,0,0,0
2024,18,"16 degrees, relative humidity 68%, wind 13 mph",Green Bay Packers,Chicago Bears,Dontayvion Wicks,GNB,Green Bay Packers,away,24,22,WR,0,0.0,0,0,0,0,0,0,0,0,0,6,5,49,0,0
2024,18,"16 degrees, relative humidity 68%, wind 13 mph",Green Bay Packers,Chicago Bears,Emanuel Wilson,GNB,Green Bay Packers,away,24,22,RB,14,24.137931034482758,0,0,0,0,0,0,14,73,1,1,1,-2,0,0
2024,18,"16 degrees, relative humidity 68%, wind 13 mph",Green Bay Packers,Chicago Bears,Jayden Reed,GNB,Green Bay Packers,away,24,22,WR,3,5.172413793103448,0,0,0,0,0,0,3,3,0,2,2,48,0,1
2024,18,"16 degrees, relative humidity 68%, wind 13 mph",Green Bay Packers,Chicago Bears,Jordan Love,GNB,Green Bay Packers,away,24,22,QB,12,20.689655172413794,7,12,69,0,0,0,0,0,0,0,0,0,0,0
2024,18,"16 degrees, relative humidity 68%, wind 13 mph",Green Bay Packers,Chicago Bears,Josh Jacobs,GNB,Green Bay Packers,away,24,22,RB,6,10.344827586206897,0,0,0,0,0,0,6,44,1,1,1,2,0,0
2024,18,"16 degrees, relative humidity 68%, wind 13 mph",Green Bay Packers,Chicago Bears,Luke Musgrave,GNB,Green Bay Packers,away,24,22,TE,0,0.0,0,0,0,0,0,0,0,0,0,1,1,19,0,0
2024,18,"16 degrees, relative humidity 68%, wind 13 mph",Green Bay Packers,Chicago Bears,Malik Heath,GNB,Green Bay Packers,away,24,22,WR,0,0.0,0,0,0,0,0,0,0,0,0,5,3,53,0,0
2024,18,"16 degrees, relative humidity 68%, wind 13 mph",Green Bay Packers,Chicago Bears,Malik Willis,GNB,Green Bay Packers,away,24,22,QB,14,24.137931034482758,10,13,136,0,0,3,1,3,0,0,0,0,0,1
2024,18,"16 degrees, relative humidity 68%, wind 13 mph",Green Bay Packers,Chicago Bears,Tucker Kraft,GNB,Green Bay Packers,away,24,22,TE,0,0.0,0,0,0,0,0,0,0,0,0,7,4,36,0,0
2024,18,"35 degrees, relative humidity 97%, wind 10 mph",Tennessee Titans,Houston Texans,C.J. Stroud,HOU,Tennessee Titans,away,23,14,QB,6,10.526315789473683,6,6,50,1,0,0,0,0,0,0,0,0,0,0
2024,18,"35 degrees, relative humidity 97%, wind 10 mph",Tennessee Titans,Houston Texans,Cade Stover,HOU,Tennessee Titans,away,23,14,TE,0,0.0,0,0,0,0,0,0,0,0,0,1,0,0,0,0
2024,18,"35 degrees, relative humidity 97%, wind 10 mph",Tennessee Titans,Houston Texans,Dalton Schultz,HOU,Tennessee Titans,away,23,14,TE,0,0.0,0,0,0,0,0,0,0,0,0,3,3,29,0,0
2024,18,"35 degrees, relative humidity 97%, wind 10 mph",Tennessee Titans,Houston Texans,Dameon Pierce,HOU,Tennessee Titans,away,23,14,RB,19,33.33333333333333,0,0,0,0,0,0,19,176,1,2,0,0,0,1
2024,18,"35 degrees, relative humidity 97%, wind 10 mph",Tennessee Titans,Houston Texans,Dare Ogunbowale,HOU,Tennessee Titans,away,23,14,RB,2,3.508771929824561,0,0,0,0,0,0,2,-3,0,3,2,26,0,0
2024,18,"35 degrees, relative humidity 97%, wind 10 mph",Tennessee Titans,Houston Texans,Davis Mills,HOU,Tennessee Titans,away,23,14,QB,25,43.859649122807014,12,22,128,0,0,1,3,11,0,0,0,0,0,0
2024,18,"35 degrees, relative humidity 97%, wind 10 mph",Tennessee Titans,Houston Texans,Diontae Johnson,HOU,Tennessee Titans,away,23,14,WR,0,0.0,0,0,0,0,0,0,0,0,0,4,2,12,0,0
2024,18,"35 degrees, relative humidity 97%, wind 10 mph",Tennessee Titans,Houston Texans,Joe Mixon,HOU,Tennessee Titans,away,23,14,RB,5,8.771929824561402,0,0,0,0,0,0,5,23,0,1,1,5,0,0
2024,18,"35 degrees, relative humidity 97%, wind 10 mph",Tennessee Titans,Houston Texans,John Metchie,HOU,Tennessee Titans,away,23,14,WR,0,0.0,0,0,0,0,0,0,0,0,0,4,2,24,0,0
2024,18,"35 degrees, relative humidity 97%, wind 10 mph",Tennessee Titans,Houston Texans,Nico Collins,HOU,Tennessee Titans,away,23,14,WR,0,0.0,0,0,0,0,0,0,0,0,0,5,5,38,1,0
2024,18,"35 degrees, relative humidity 97%, wind 10 mph",Tennessee Titans,Houston Texans,Robert Woods,HOU,Tennessee Titans,away,23,14,WR,0,0.0,0,0,0,0,0,0,0,0,0,3,2,39,0,1
2024,18,"35 degrees, relative humidity 97%, wind 10 mph",Tennessee Titans,Houston Texans,Xavier Hutchinson,HOU,Tennessee Titans,away,23,14,WR,0,0.0,0,0,0,0,0,0,0,0,0,2,1,5,0,0
2024,18,,Jacksonville Jaguars,Indianapolis Colts,Adonai Mitchell,IND,Jacksonville Jaguars,away,26,23,WR,0,0.0,0,0,0,0,0,0,0,0,0,1,0,0,0,0
2024,18,,Jacksonville Jaguars,Indianapolis Colts,Alec Pierce,IND,Jacksonville Jaguars,away,26,23,WR,0,0.0,0,0,0,0,0,0,0,0,0,2,2,57,1,0
2024,18,,Jacksonville Jaguars,Indianapolis Colts,Andrew Ogletree,IND,Jacksonville Jaguars,away,26,23,TE,0,0.0,0,0,0,0,0,0,0,0,0,1,1,21,0,0
2024,18,,Jacksonville Jaguars,Indianapolis Colts,Joe Flacco,IND,Jacksonville Jaguars,away,26,23,QB,40,54.054054054054056,23,40,264,1,0,3,0,0,0,0,0,0,0,0
2024,18,,Jacksonville Jaguars,Indianapolis Colts,Jonathan Taylor,IND,Jacksonville Jaguars,away,26,23,RB,34,45.94594594594595,0,0,0,0,0,0,34,177,1,2,1,3,0,0
2024,18,,Jacksonville Jaguars,Indianapolis Colts,Josh Downs,IND,Jacksonville Jaguars,away,26,23,WR,0,0.0,0,0,0,0,0,0,0,0,0,13,10,94,0,0
2024,18,,Jacksonville Jaguars,Indianapolis Colts,Kylen Granson,IND,Jacksonville Jaguars,away,26,23,TE,0,0.0,0,0,0,0,0,0,0,0,0,4,1,7,0,0
2024,18,,Jacksonville Jaguars,Indianapolis Colts,Michael Pittman Jr.,IND,Jacksonville Jaguars,away,26,23,WR,0,0.0,0,0,0,0,0,0,0,0,0,10,6,72,0,0
2024,18,,Jacksonville Jaguars,Indianapolis Colts,Mo Alie-Cox,IND,Jacksonville Jaguars,away,26,23,TE,0,0.0,0,0,0,0,0,0,0,0,0,1,0,0,0,0
2024,18,,Jacksonville Jaguars,Indianapolis Colts,Trey Sermon,IND,Jacksonville Jaguars,away,26,23,RB,0,0.0,0,0,0,0,0,0,0,0,0,3,1,5,0,0
2024,18,,Jacksonville Jaguars,Indianapolis Colts,Tyler Goodson,IND,Jacksonville Jaguars,away,26,23,RB,0,0.0,0,0,0,0,0,0,0,0,0,2,1,5,0,0
2024,18,,Jacksonville Jaguars,Indianapolis Colts,Brenton Strange,JAX,Jacksonville Jaguars,away,26,23,TE,0,0.0,0,0,0,0,0,0,0,0,0,4,4,60,0,0
2024,18,,Jacksonville Jaguars,Indianapolis Colts,Brian Thomas,JAX,Jacksonville Jaguars,away,26,23,WR,0,0.0,0,0,0,0,0,0,0,0,0,11,7,103,0,0
2024,18,,Jacksonville Jaguars,Indianapolis Colts,D'Ernest Johnson,JAX,Jacksonville Jaguars,away,26,23,RB,2,3.0303030303030303,0,0,0,0,0,0,2,26,0,2,1,0,0,0
2024,18,,Jacksonville Jaguars,Indianapolis Colts,Josh Reynolds,JAX,Jacksonville Jaguars,away,26,23,WR,0,0.0,0,0,0,0,0,0,0,0,0,3,1,11,0,0
2024,18,,Jacksonville Jaguars,Indianapolis Colts,Luke Farrell,JAX,Jacksonville Jaguars,away,26,23,TE,0,0.0,0,0,0,0,0,0,0,0,0,1,1,4,0,0
2024,18,,Jacksonville Jaguars,Indianapolis Colts,Mac Jones,JAX,Jacksonville Jaguars,away,26,23,QB,37,56.060606060606055,20,32,225,1,1,2,5,17,0,0,0,0,0,0
2024,18,,Jacksonville Jaguars,Indianapolis Colts,Parker Washington,JAX,Jacksonville Jaguars,away,26,23,WR,0,0.0,0,0,0,0,0,0,0,0,0,4,2,15,1,1
2024,18,,Jacksonville Jaguars,Indianapolis Colts,Tank Bigsby,JAX,Jacksonville Jaguars,away,26,23,RB,14,21.21212121212121,0,0,0,0,0,0,14,39,1,1,1,3,0,0
2024,18,,Jacksonville Jaguars,Indianapolis Colts,Travis Etienne,JAX,Jacksonville Jaguars,away,26,23,RB,13,19.696969696969695,0,0,0,0,0,0,13,31,0,5,3,29,0,0
2024,18,"28 degrees, relative humidity 69%, wind 5 mph",Kansas City Chiefs,Denver Broncos,Carson Steele,KAN,Kansas City Chiefs,away,38,0,RB,8,28.57142857142857,0,0,0,0,0,0,8,25,0,2,2,2,0,0
2024,18,"28 degrees, relative humidity 69%, wind 5 mph",Kansas City Chiefs,Denver Broncos,Carson Wentz,KAN,Kansas City Chiefs,away,38,0,QB,17,60.71428571428571,10,17,98,0,0,4,0,0,0,0,0,0,0,0
2024,18,"28 degrees, relative humidity 69%, wind 5 mph",Kansas City Chiefs,Denver Broncos,Chris Oladokun,KAN,Kansas City Chiefs,away,38,0,QB,1,3.571428571428571,0,0,0,0,0,1,1,5,0,0,0,0,0,1
2024,18,"28 degrees, relative humidity 69%, wind 5 mph",Kansas City Chiefs,Denver Broncos,JuJu Smith-Schuster,KAN,Kansas City Chiefs,away,38,0,WR,0,0.0,0,0,0,0,0,0,0,0,0,2,1,4,0,0
2024,18,"28 degrees, relative humidity 69%, wind 5 mph",Kansas City Chiefs,Denver Broncos,Justin Watson,KAN,Kansas City Chiefs,away,38,0,WR,0,0.0,0,0,0,0,0,0,0,0,0,3,1,5,0,0
2024,18,"28 degrees, relative humidity 69%, wind 5 mph",Kansas City Chiefs,Denver Broncos,Nikko Remigio,KAN,Kansas City Chiefs,away,38,0,WR,0,0.0,0,0,0,0,0,0,0,0,0,6,2,48,0,0
2024,18,"28 degrees, relative humidity 69%, wind 5 mph",Kansas City Chiefs,Denver Broncos,Noah Gray,KAN,Kansas City Chiefs,away,38,0,TE,1,3.571428571428571,0,0,0,0,0,0,1,-4,0,1,1,1,0,0
2024,18,"28 degrees, relative humidity 69%, wind 5 mph",Kansas City Chiefs,Denver Broncos,Peyton Hendershot,KAN,Kansas City Chiefs,away,38,0,TE,0,0.0,0,0,0,0,0,0,0,0,0,2,2,25,0,0
2024,18,"28 degrees, relative humidity 69%, wind 5 mph",Kansas City Chiefs,Denver Broncos,Samaje Perine,KAN,Kansas City Chiefs,away,38,0,RB,1,3.571428571428571,0,0,0,0,0,0,1,1,0,1,1,13,0,0
2024,18,,Las Vegas Raiders,Los Angeles Chargers,DJ Chark,LAC,Las Vegas Raiders,away,34,20,WR,0,0.0,0,0,0,0,0,0,0,0,0,3,1,6,1,0
2024,18,,Las Vegas Raiders,Los Angeles Chargers,Derius Davis,LAC,Las Vegas Raiders,away,34,20,WR,1,1.4084507042253522,0,0,0,0,0,0,1,-1,0,1,1,5,0,1
2024,18,,Las Vegas Raiders,Los Angeles Chargers,Hassan Haskins,LAC,Las Vegas Raiders,away,34,20,RB,12,16.901408450704224,0,0,0,0,0,0,12,33,1,0,0,0,0,0
2024,18,,Las Vegas Raiders,Los Angeles Chargers,J.K. Dobbins,LAC,Las Vegas Raiders,away,34,20,RB,18,25.352112676056336,0,0,0,0,0,0,18,63,0,3,3,12,0,0
2024,18,,Las Vegas Raiders,Los Angeles Chargers,Justin Herbert,LAC,Las Vegas Raiders,away,34,20,QB,40,56.33802816901409,28,36,346,2,0,1,4,42,0,0,0,0,0,0
2024,18,,Las Vegas Raiders,Los Angeles Chargers,Ladd McConkey,LAC,Las Vegas Raiders,away,34,20,WR,0,0.0,0,0,0,0,0,0,0,0,0,8,5,95,0,0
2024,18,,Las Vegas Raiders,Los Angeles Chargers,Quentin Johnston,LAC,Las Vegas Raiders,away,34,20,WR,0,0.0,0,0,0,0,0,0,0,0,0,14,13,186,0,0
2024,18,,Las Vegas Raiders,Los Angeles Chargers,Will Dissly,LAC,Las Vegas Raiders,away,34,20,TE,0,0.0,0,0,0,0,0,0,0,0,0,6,5,42,1,0
2024,18,,Los Angeles Rams,Seattle Seahawks,Blake Corum,LAR,Los Angeles Rams,away,30,25,RB,2,3.225806451612903,0,0,0,0,0,0,2,10,0,1,1,12,0,0
2024,18,,Los Angeles Rams,Seattle Seahawks,Cody Schrader,LAR,Los Angeles Rams,away,30,25,RB,1,1.6129032258064515,0,0,0,0,0,0,1,3,0,1,1,6,0,0
2024,18,,Los Angeles Rams,Seattle Seahawks,Colby Parkinson,LAR,Los Angeles Rams,away,30,25,TE,0,0.0,0,0,0,0,0,0,0,0,0,1,1,6,0,0
2024,18,,Los Angeles Rams,Seattle Seahawks,Demarcus Robinson,LAR,Los Angeles Rams,away,30,25,WR,0,0.0,0,0,0,0,0,0,0,0,0,6,3,72,0,0
2024,18,,Los Angeles Rams,Seattle Seahawks,Jimmy Garoppolo,LAR,Los Angeles Rams,away,30,25,QB,43,69.35483870967742,27,41,334,2,1,3,2,5,0,0,0,0,0,0
2024,18,,Los Angeles Rams,Seattle Seahawks,Jordan Whittington,LAR,Los Angeles Rams,away,30,25,WR,2,3.225806451612903,0,0,0,0,0,0,2,12,0,4,3,86,0,0
2024,18,,Los Angeles Rams,Seattle Seahawks,Ronnie Rivers,LAR,Los Angeles Rams,away,30,25,RB,12,19.35483870967742,0,0,0,0,0,0,12,48,0,5,4,34,0,0
2024,18,,Los Angeles Rams,Seattle Seahawks,Tutu Atwell,LAR,Los Angeles Rams,away,30,25,WR,0,0.0,0,0,0,0,0,0,0,0,0,8,5,37,0,0
2024,18,,Los Angeles Rams,Seattle Seahawks,Tyler Higbee,LAR,Los Angeles Rams,away,30,25,TE,0,0.0,0,0,0,0,0,0,0,0,0,7,5,46,1,0
2024,18,,Los Angeles Rams,Seattle Seahawks,Tyler Johnson,LAR,Los Angeles Rams,away,30,25,WR,0,0.0,0,0,0,0,0,0,0,0,0,7,4,35,1,0
2024,18,,Los Angeles Rams,Seattle Seahawks,Xavier Smith,LAR,Los Angeles Rams,away,30,25,WR,2,3.225806451612903,0,0,0,0,0,0,2,6,0,0,0,0,0,0
2024,18,,Las Vegas Raiders,Los Angeles Chargers,Aidan O'Connell,LVR,Las Vegas Raiders,away,34,20,QB,38,79.16666666666666,24,34,214,2,1,0,4,13,0,0,0,0,0,0
2024,18,,Las Vegas Raiders,Los Angeles Chargers,Alexander Mattison,LVR,Las Vegas Raiders,away,34,20,RB,6,12.5,0,0,0,0,0,0,6,20,0,5,4,11,0,0
2024,18,,Las Vegas Raiders,Los Angeles Chargers,Brock Bowers,LVR,Las Vegas Raiders,away,34,20,TE,0,0.0,0,0,0,0,0,0,0,0,0,9,4,50,1,0
2024,18,,Las Vegas Raiders,Los Angeles Chargers,Chris Collier,LVR,Las Vegas Raiders,away,34,20,RB,2,4.166666666666666,0,0,0,0,0,0,2,6,0,2,1,-4,0,0
2024,18,,Las Vegas Raiders,Los Angeles Chargers,Desmond Ridder,LVR,Las Vegas Raiders,away,34,20,QB,2,4.166666666666666,1,2,11,0,0,0,0,0,0,0,0,0,0,0
2024,18,,Las Vegas Raiders,Los Angeles Chargers,Jakobi Meyers,LVR,Las Vegas Raiders,away,34,20,WR,0,0.0,0,0,0,0,0,0,0,0,0,10,9,123,1,0
2024,18,,Las Vegas Raiders,Los Angeles Chargers,Michael Mayer,LVR,Las Vegas Raiders,away,34,20,TE,0,0.0,0,0,0,0,0,0,0,0,0,4,4,21,0,0
2024,18,,Las Vegas Raiders,Los Angeles Chargers,Tre Tucker,LVR,Las Vegas Raiders,away,34,20,WR,0,0.0,0,0,0,0,0,0,0,0,0,4,3,24,0,0
2024,18,"34 degrees, relative humidity 47%, wind 10 mph",Miami Dolphins,New York Jets,Alec Ingold,MIA,Miami Dolphins,away,32,20,FB,0,0.0,0,0,0,0,0,0,0,0,0,2,2,21,0,0
2024,18,"34 degrees, relative humidity 47%, wind 10 mph",Miami Dolphins,New York Jets,De'Von Achane,MIA,Miami Dolphins,away,32,20,RB,11,17.1875,0,0,0,0,0,0,11,121,1,0,0,0,0,0
2024,18,"34 degrees, relative humidity 47%, wind 10 mph",Miami Dolphins,New York Jets,Durham Smythe,MIA,Miami Dolphins,away,32,20,TE,0,0.0,0,0,0,0,0,0,0,0,0,1,0,0,0,0
2024,18,"34 degrees, relative humidity 47%, wind 10 mph",Miami Dolphins,New York Jets,Jaylen Waddle,MIA,Miami Dolphins,away,32,20,WR,1,1.5625,0,0,0,0,0,0,1,6,0,9,4,44,0,0
2024,18,"34 degrees, relative humidity 47%, wind 10 mph",Miami Dolphins,New York Jets,Jaylen Wright,MIA,Miami Dolphins,away,32,20,RB,6,9.375,0,0,0,0,0,0,6,-4,0,0,0,0,0,0
2024,18,"34 degrees, relative humidity 47%, wind 10 mph",Miami Dolphins,New York Jets,Jeff Wilson,MIA,Miami Dolphins,away,32,20,RB,2,3.125,0,0,0,0,0,0,2,-4,0,0,0,0,0,0
2024,18,"34 degrees, relative humidity 47%, wind 10 mph",Miami Dolphins,New York Jets,Jonnu Smith,MIA,Miami Dolphins,away,32,20,TE,0,0.0,0,0,0,0,0,0,0,0,0,12,9,56,1,1
2024,18,"34 degrees, relative humidity 47%, wind 10 mph",Miami Dolphins,New York Jets,Julian Hill,MIA,Miami Dolphins,away,32,20,TE,0,0.0,0,0,0,0,0,0,0,0,0,1,0,0,0,0
2024,18,"34 degrees, relative humidity 47%, wind 10 mph",Miami Dolphins,New York Jets,Malik Washington,MIA,Miami Dolphins,away,32,20,WR,0,0.0,0,0,0,0,0,0,0,0,0,5,4,48,0,0
2024,18,"34 degrees, relative humidity 47%, wind 10 mph",Miami Dolphins,New York Jets,River Cracraft,MIA,Miami Dolphins,away,32,20,WR,0,0.0,0,0,0,0,0,0,0,0,0,4,4,38,0,0
2024,18,"34 degrees, relative humidity 47%, wind 10 mph",Miami Dolphins,New York Jets,Tyler Huntley,MIA,Miami Dolphins,away,32,20,QB,44,68.75,25,41,227,1,2,4,3,16,0,0,0,0,0,4
2024,18,"34 degrees, relative humidity 47%, wind 10 mph",Miami Dolphins,New York Jets,Tyreek Hill,MIA,Miami Dolphins,away,32,20,WR,0,0.0,0,0,0,0,0,0,0,0,0,3,2,20,0,0
2024,18,,Minnesota Vikings,Detroit Lions,Aaron Jones,MIN,Minnesota Vikings,away,31,9,RB,10,16.666666666666664,0,0,0,0,0,0,10,45,0,6,5,30,0,0
2024,18,,Minnesota Vikings,Detroit Lions,Cam Akers,MIN,Minnesota Vikings,away,31,9,RB,6,10.0,0,0,0,0,0,0,6,65,0,2,2,4,0,0
2024,18,,Minnesota Vikings,Detroit Lions,Jalen Nailor,MIN,Minnesota Vikings,away,31,9,WR,0,0.0,0,0,0,0,0,0,0,0,0,4,3,53,0,0
2024,18,,Minnesota Vikings,Detroit Lions,Jordan Addison,MIN,Minnesota Vikings,away,31,9,WR,0,0.0,0,0,0,0,0,0,0,0,0,6,1,0,0,0
2024,18,,Minnesota Vikings,Detroit Lions,Josh Oliver,MIN,Minnesota Vikings,away,31,9,TE,0,0.0,0,0,0,0,0,0,0,0,0,3,2,16,0,0
2024,18,,Minnesota Vikings,Detroit Lions,Justin Jefferson,MIN,Minnesota Vikings,away,31,9,WR,0,0.0,0,0,0,0,0,0,0,0,0,9,3,54,0,0
2024,18,,Minnesota Vikings,Detroit Lions,Sam Darnold,MIN,Minnesota Vikings,away,31,9,QB,44,73.33333333333333,18,41,166,0,0,2,3,10,0,0,0,0,0,0
2024,18,,Minnesota Vikings,Detroit Lions,T.J. Hockenson,MIN,Minnesota Vikings,away,31,9,TE,0,0.0,0,0,0,0,0,0,0,0,0,8,2,9,0,0
2024,18,"68 degrees, relative humidity 34%, wind 6 mph",New Orleans Saints,Tampa Bay Buccaneers,Cedrick Wilson Jr.,NOR,New Orleans Saints,away,27,19,WR,0,0.0,0,0,0,0,0,0,0,0,0,5,3,22,0,0
2024,18,"68 degrees, relative humidity 34%, wind 6 mph",New Orleans Saints,Tampa Bay Buccaneers,Clyde Edwards-Helaire,NOR,New Orleans Saints,away,27,19,RB,8,13.114754098360656,0,0,0,0,0,0,8,26,0,1,1,14,0,0
2024,18,"68 degrees, relative humidity 34%, wind 6 mph",New Orleans Saints,Tampa Bay Buccaneers,Dallin Holker,NOR,New Orleans Saints,away,27,19,TE,0,0.0,0,0,0,0,0,0,0,0,0,3,2,11,0,0
2024,18,"68 degrees, relative humidity 34%, wind 6 mph",New Orleans Saints,Tampa Bay Buccaneers,Dante Pettis,NOR,New Orleans Saints,away,27,19,WR,0,0.0,0,0,0,0,0,0,0,0,0,6,2,16,1,0
2024,18,"68 degrees, relative humidity 34%, wind 6 mph",New Orleans Saints,Tampa Bay Buccaneers,Foster Moreau,NOR,New Orleans Saints,away,27,19,TE,0,0.0,0,0,0,0,0,0,0,0,0,4,4,31,0,0
2024,18,"68 degrees, relative humidity 34%, wind 6 mph",New Orleans Saints,Tampa Bay Buccaneers,Jamaal Williams,NOR,New Orleans Saints,away,27,19,RB,8,13.114754098360656,0,0,0,0,0,0,8,15,0,1,1,7,0,0
2024,18,"68 degrees, relative humidity 34%, wind 6 mph",New Orleans Saints,Tampa Bay Buccaneers,Jordan Mims,NOR,New Orleans Saints,away,27,19,RB,2,3.278688524590164,0,0,0,0,0,0,2,12,0,3,3,13,0,0
2024,18,"68 degrees, relative humidity 34%, wind 6 mph",New Orleans Saints,Tampa Bay Buccaneers,Juwan Johnson,NOR,New Orleans Saints,away,27,19,TE,0,0.0,0,0,0,0,0,0,0,0,0,7,6,80,0,0
2024,18,"68 degrees, relative humidity 34%, wind 6 mph",New Orleans Saints,Tampa Bay Buccaneers,Kevin Austin,NOR,New Orleans Saints,away,27,19,WR,0,0.0,0,0,0,0,0,0,0,0,0,1,1,13,0,0
2024,18,"68 degrees, relative humidity 34%, wind 6 mph",New Orleans Saints,Tampa Bay Buccaneers,Marquez Valdes-Scantling,NOR,New Orleans Saints,away,27,19,WR,0,0.0,0,0,0,0,0,0,0,0,0,8,3,33,0,0
2024,18,"68 degrees, relative humidity 34%, wind 6 mph",New Orleans Saints,Tampa Bay Buccaneers,Spencer Rattler,NOR,New Orleans Saints,away,27,19,QB,43,70.49180327868852,26,42,240,1,0,2,1,11,0,0,0,0,0,0
2024,18,"33 degrees, relative humidity 50%, wind 14 mph",Buffalo Bills,New England Patriots,Antonio Gibson,NWE,Buffalo Bills,away,23,16,RB,12,20.0,0,0,0,0,0,0,12,41,0,6,4,20,0,0
2024,18,"33 degrees, relative humidity 50%, wind 14 mph",Buffalo Bills,New England Patriots,Austin Hooper,NWE,Buffalo Bills,away,23,16,TE,0,0.0,0,0,0,0,0,0,0,0,0,6,4,27,0,0
2024,18,"33 degrees, relative humidity 50%, wind 14 mph",Buffalo Bills,New England Patriots,Demario Douglas,NWE,Buffalo Bills,away,23,16,WR,0,0.0,0,0,0,0,0,0,0,0,0,4,3,34,0,0
2024,18,"33 degrees, relative humidity 50%, wind 14 mph",Buffalo Bills,New England Patriots,Drake Maye,NWE,Buffalo Bills,away,23,16,QB,1,1.6666666666666667,0,1,0,0,0,1,0,0,0,0,0,0,0,0
2024,18,"33 degrees, relative humidity 50%, wind 14 mph",Buffalo Bills,New England Patriots,Jaheim Bell,NWE,Buffalo Bills,away,23,16,TE,0,0.0,0,0,0,0,0,0,0,0,0,1,1,19,0,0
2024,18,"33 degrees, relative humidity 50%, wind 14 mph",Buffalo Bills,New England Patriots,Javon Baker,NWE,Buffalo Bills,away,23,16,WR,0,0.0,0,0,0,0,0,0,0,0,0,1,1,12,0,0
2024,18,"33 degrees, relative humidity 50%, wind 14 mph",Buffalo Bills,New England Patriots,Joe Milton,NWE,Buffalo Bills,away,23,16,QB,39,65.0,22,29,241,1,0,0,10,16,1,0,0,0,0,1
2024,18,"33 degrees, relative humidity 50%, wind 14 mph",Buffalo Bills,New England Patriots,Kayshon Boutte,NWE,Buffalo Bills,away,23,16,WR,0,0.0,0,0,0,0,0,0,0,0,0,7,7,117,1,0
2024,18,"33 degrees, relative humidity 50%, wind 14 mph",Buffalo Bills,New England Patriots,Kendrick Bourne,NWE,Buffalo Bills,away,23,16,WR,0,0.0,0,0,0,0,0,0,0,0,0,2,2,12,0,0
2024,18,"33 degrees, relative humidity 50%, wind 14 mph",Buffalo Bills,New England Patriots,Terrell Jennings,NWE,Buffalo Bills,away,23,16,RB,8,13.333333333333334,0,0,0,0,0,0,8,20,0,1,0,0,0,0
2024,18,"31 degrees, relative humidity 37%, wind 19 mph",New York Giants,Philadelphia Eagles,Chris Manhertz,NYG,New York Giants,away,20,13,TE,0,0.0,0,0,0,0,0,0,0,0,0,1,1,16,0,0
2024,18,"31 degrees, relative humidity 37%, wind 19 mph",New York Giants,Philadelphia Eagles,Dane Belton,NYG,New York Giants,away,20,13,SS,1,1.8518518518518516,0,0,0,0,0,0,1,10,0,0,0,0,0,0
2024,18,"31 degrees, relative humidity 37%, wind 19 mph",New York Giants,Philadelphia Eagles,Daniel Bellinger,NYG,New York Giants,away,20,13,TE,0,0.0,0,0,0,0,0,0,0,0,0,2,2,9,0,0
2024,18,"31 degrees, relative humidity 37%, wind 19 mph",New York Giants,Philadelphia Eagles,Darius Slayton,NYG,New York Giants,away,20,13,WR,0,0.0,0,0,0,0,0,0,0,0,0,1,0,0,0,0
2024,18,"31 degrees, relative humidity 37%, wind 19 mph",New York Giants,Philadelphia Eagles,Devin Singletary,NYG,New York Giants,away,20,13,RB,7,12.962962962962962,0,0,0,0,0,0,7,22,0,1,1,-5,0,0
2024,18,"31 degrees, relative humidity 37%, wind 19 mph",New York Giants,Philadelphia Eagles,Drew Lock,NYG,New York Giants,away,20,13,QB,31,57.407407407407405,22,29,138,1,1,0,2,3,0,0,0,0,0,1
2024,18,"31 degrees, relative humidity 37%, wind 19 mph",New York Giants,Philadelphia Eagles,Eric Gray,NYG,New York Giants,away,20,13,RB,1,1.8518518518518516,0,0,0,0,0,0,1,6,0,1,1,4,0,0
2024,18,"31 degrees, relative humidity 37%, wind 19 mph",New York Giants,Philadelphia Eagles,Jalin Hyatt,NYG,New York Giants,away,20,13,WR,0,0.0,0,0,0,0,0,0,0,0,0,1,0,0,0,0
2024,18,"31 degrees, relative humidity 37%, wind 19 mph",New York Giants,Philadelphia Eagles,Malik Nabers,NYG,New York Giants,away,20,13,WR,0,0.0,0,0,0,0,0,0,0,0,0,8,5,64,1,0
2024,18,"31 degrees, relative humidity 37%, wind 19 mph",New York Giants,Philadelphia Eagles,Tyrone Tracy Jr.,NYG,New York Giants,away,20,13,RB,14,25.925925925925924,0,0,0,0,0,0,14,59,0,2,2,7,0,0
2024,18,"31 degrees, relative humidity 37%, wind 19 mph",New York Giants,Philadelphia Eagles,Wan'Dale Robinson,NYG,New York Giants,away,20,13,WR,0,0.0,0,0,0,0,0,0,0,0,0,11,10,43,0,0
2024,18,"34 degrees, relative humidity 47%, wind 10 mph",Miami Dolphins,New York Jets,Aaron Rodgers,NYJ,Miami Dolphins,away,32,20,QB,36,61.016949152542374,23,36,274,4,1,3,0,0,0,0,0,0,0,0
2024,18,"34 degrees, relative humidity 47%, wind 10 mph",Miami Dolphins,New York Jets,Allen Lazard,NYJ,Miami Dolphins,away,32,20,WR,1,1.694915254237288,0,1,0,0,0,0,0,0,0,3,3,71,1,0
2024,18,"34 degrees, relative humidity 47%, wind 10 mph",Miami Dolphins,New York Jets,Braelon Allen,NYJ,Miami Dolphins,away,32,20,RB,4,6.779661016949152,0,0,0,0,0,0,4,15,0,3,2,8,0,0
2024,18,"34 degrees, relative humidity 47%, wind 10 mph",Miami Dolphins,New York Jets,Breece Hall,NYJ,Miami Dolphins,away,32,20,RB,12,20.33898305084746,0,0,0,0,0,0,12,57,0,5,3,15,1,0
2024,18,"34 degrees, relative humidity 47%, wind 10 mph",Miami Dolphins,New York Jets,Davante Adams,NYJ,Miami Dolphins,away,32,20,WR,0,0.0,0,0,0,0,0,0,0,0,0,12,6,88,1,0
2024,18,"34 degrees, relative humidity 47%, wind 10 mph",Miami Dolphins,New York Jets,Garrett Wilson,NYJ,Miami Dolphins,away,32,20,WR,1,1.694915254237288,0,0,0,0,0,0,1,0,0,5,4,51,0,0
2024,18,"34 degrees, relative humidity 47%, wind 10 mph",Miami Dolphins,New York Jets,Isaiah Davis,NYJ,Miami Dolphins,away,32,20,RB,4,6.779661016949152,0,0,0,0,0,0,4,41,0,0,0,0,0,0
2024,18,"34 degrees, relative humidity 47%, wind 10 mph",Miami Dolphins,New York Jets,Jeremy Ruckert,NYJ,Miami Dolphins,away,32,20,TE,0,0.0,0,0,0,0,0,0,0,0,0,2,1,5,0,0
2024,18,"34 degrees, relative humidity 47%, wind 10 mph",Miami Dolphins,New York Jets,Kenny Yeboah,NYJ,Miami Dolphins,away,32,20,TE,0,0.0,0,0,0,0,0,0,0,0,0,2,2,20,0,0
2024,18,"34 degrees, relative humidity 47%, wind 10 mph",Miami Dolphins,New York Jets,Tyler Conklin,NYJ,Miami Dolphins,away,32,20,TE,0,0.0,0,0,0,0,0,0,0,0,0,3,2,16,1,0
2024,18,"34 degrees, relative humidity 47%, wind 10 mph",Miami Dolphins,New York Jets,Xavier Gipson,NYJ,Miami Dolphins,away,32,20,WR,1,1.694915254237288,0,0,0,0,0,0,1,5,0,0,0,0,0,1
2024,18,"31 degrees, relative humidity 37%, wind 19 mph",New York Giants,Philadelphia Eagles,Ainias Smith,PHI,New York Giants,away,20,13,WR,1,1.5151515151515151,0,0,0,0,0,0,1,4,0,6,4,35,1,0
2024,18,"31 degrees, relative humidity 37%, wind 19 mph",New York Giants,Philadelphia Eagles,Dallas Goedert,PHI,New York Giants,away,20,13,TE,0,0.0,0,0,0,0,0,0,0,0,0,6,4,55,0,0
2024,18,"31 degrees, relative humidity 37%, wind 19 mph",New York Giants,Philadelphia Eagles,E.J. Jenkins,PHI,New York Giants,away,20,13,TE,0,0.0,0,0,0,0,0,0,0,0,0,1,1,7,1,0
2024,18,"31 degrees, relative humidity 37%, wind 19 mph",New York Giants,Philadelphia Eagles,Grant Calcaterra,PHI,New York Giants,away,20,13,TE,0,0.0,0,0,0,0,0,0,0,0,0,4,2,10,0,0
2024,18,"31 degrees, relative humidity 37%, wind 19 mph",New York Giants,Philadelphia Eagles,Jahan Dotson,PHI,New York Giants,away,20,13,WR,0,0.0,0,0,0,0,0,0,0,0,0,11,7,94,0,0
2024,18,"31 degrees, relative humidity 37%, wind 19 mph",New York Giants,Philadelphia Eagles,Johnny Wilson,PHI,New York Giants,away,20,13,WR,0,0.0,0,0,0,0,0,0,0,0,0,5,3,24,0,0
2024,18,"31 degrees, relative humidity 37%, wind 19 mph",New York Giants,Philadelphia Eagles,Kenneth Gainwell,PHI,New York Giants,away,20,13,RB,11,16.666666666666664,0,0,0,0,0,0,11,14,0,4,2,9,0,0
2024,18,"31 degrees, relative humidity 37%, wind 19 mph",New York Giants,Philadelphia Eagles,Tanner McKee,PHI,New York Giants,away,20,13,QB,44,66.66666666666666,27,41,269,2,0,2,3,1,0,0,0,0,0,0
2024,18,"31 degrees, relative humidity 37%, wind 19 mph",New York Giants,Philadelphia Eagles,Will Shipley,PHI,New York Giants,away,20,13,RB,10,15.151515151515152,0,0,0,0,0,0,10,32,0,4,4,35,0,0
2024,18,"19 degrees, relative humidity 73%, wind 10 mph",Pittsburgh Steelers,Cincinnati Bengals,Calvin Austin,PIT,Pittsburgh Steelers,away,19,17,UNK,0,0.0,0,0,0,0,0,0,0,0,0,1,0,0,0,1
2024,18,"19 degrees, relative humidity 73%, wind 10 mph",Pittsburgh Steelers,Cincinnati Bengals,Cordarrelle Patterson,PIT,Pittsburgh Steelers,away,19,17,RB,1,1.8518518518518516,0,0,0,0,0,0,1,1,0,0,0,0,0,0
2024,18,"19 degrees, relative humidity 73%, wind 10 mph",Pittsburgh Steelers,Cincinnati Bengals,George Pickens,PIT,Pittsburgh Steelers,away,19,17,WR,0,0.0,0,0,0,0,0,0,0,0,0,6,1,0,0,0
2024,18,"19 degrees, relative humidity 73%, wind 10 mph",Pittsburgh Steelers,Cincinnati Bengals,Jaylen Warren,PIT,Pittsburgh Steelers,away,19,17,RB,6,11.11111111111111,0,0,0,0,0,0,6,21,0,1,0,0,0,0
2024,18,"19 degrees, relative humidity 73%, wind 10 mph",Pittsburgh Steelers,Cincinnati Bengals,Mike Williams,PIT,Pittsburgh Steelers,away,19,17,WR,0,0.0,0,0,0,0,0,0,0,0,0,1,1,25,0,0
2024,18,"19 degrees, relative humidity 73%, wind 10 mph",Pittsburgh Steelers,Cincinnati Bengals,Najee Harris,PIT,Pittsburgh Steelers,away,19,17,RB,12,22.22222222222222,0,0,0,0,0,0,12,36,1,5,4,20,0,0
2024,18,"19 degrees, relative humidity 73%, wind 10 mph",Pittsburgh Steelers,Cincinnati Bengals,Pat Freiermuth,PIT,Pittsburgh Steelers,away,19,17,TE,0,0.0,0,0,0,0,0,0,0,0,0,11,8,85,1,0
2024,18,"19 degrees, relative humidity 73%, wind 10 mph",Pittsburgh Steelers,Cincinnati Bengals,Russell Wilson,PIT,Pittsburgh Steelers,away,19,17,QB,35,64.81481481481481,17,31,148,1,0,4,4,16,0,0,0,0,0,0
2024,18,"19 degrees, relative humidity 73%, wind 10 mph",Pittsburgh Steelers,Cincinnati Bengals,Van Jefferson,PIT,Pittsburgh Steelers,away,19,17,WR,0,0.0,0,0,0,0,0,0,0,0,0,4,3,18,0,0
2024,18,,Los Angeles Rams,Seattle Seahawks,AJ Barner,SEA,Los Angeles Rams,away,30,25,TE,0,0.0,0,0,0,0,0,0,0,0,0,5,5,34,1,0
2024,18,,Los Angeles Rams,Seattle Seahawks,D.K. Metcalf,SEA,Los Angeles Rams,away,30,25,WR,0,0.0,0,0,0,0,0,0,0,0,0,5,3,53,1,0
2024,18,,Los Angeles Rams,Seattle Seahawks,Geno Smith,SEA,Los Angeles Rams,away,30,25,QB,29,56.86274509803921,20,27,223,4,0,2,2,14,0,0,0,0,0,0
2024,18,,Los Angeles Rams,Seattle Seahawks,Jake Bobo,SEA,Los Angeles Rams,away,30,25,WR,0,0.0,0,0,0,0,0,0,0,0,0,1,1,4,1,0
2024,18,,Los Angeles Rams,Seattle Seahawks,Jaxon Smith-Njigba,SEA,Los Angeles Rams,away,30,25,WR,1,1.9607843137254901,0,0,0,0,0,0,1,4,0,5,4,9,0,0
2024,18,,Los Angeles Rams,Seattle Seahawks,Kenny McIntosh,SEA,Los Angeles Rams,away,30,25,RB,7,13.725490196078432,0,0,0,0,0,0,7,49,0,1,0,0,0,0
2024,18,,Los Angeles Rams,Seattle Seahawks,Noah Fant,SEA,Los Angeles Rams,away,30,25,TE,0,0.0,0,0,0,0,0,0,0,0,0,6,5,63,1,0
2024,18,,Los Angeles Rams,Seattle Seahawks,Tyler Lockett,SEA,Los Angeles Rams,away,30,25,WR,0,0.0,0,0,0,0,0,0,0,0,0,4,2,28,0,0
2024,18,,Los Angeles Rams,Seattle Seahawks,Zach Charbonnet,SEA,Los Angeles Rams,away,30,25,RB,14,27.450980392156865,0,0,0,0,0,0,14,59,0,0,0,32,0,0
2024,18,,San Francisco 49ers,Arizona Cardinals,Brayden Willis,SFO,San Francisco 49ers,away,47,24,TE,0,0.0,0,0,0,0,0,0,0,0,0,2,0,0,0,0
2024,18,,San Francisco 49ers,Arizona Cardinals,Chris Conley,SFO,San Francisco 49ers,away,47,24,WR,0,0.0,0,0,0,0,0,0,0,0,0,4,4,59,0,0
2024,18,,San Francisco 49ers,Arizona Cardinals,Eric Saubert,SFO,San Francisco 49ers,away,47,24,TE,0,0.0,0,0,0,0,0,0,0,0,0,5,4,17,0,1
2024,18,,San Francisco 49ers,Arizona Cardinals,George Kittle,SFO,San Francisco 49ers,away,47,24,TE,0,0.0,0,0,0,0,0,0,0,0,0,3,2,27,0,0
2024,18,,San Francisco 49ers,Arizona Cardinals,Isaac Guerendo,SFO,San Francisco 49ers,away,47,24,RB,2,2.8169014084507045,0,0,0,0,0,0,2,5,0,0,0,0,0,0
2024,18,,San Francisco 49ers,Arizona Cardinals,Jacob Cowing,SFO,San Francisco 49ers,away,47,24,WR,1,1.4084507042253522,0,0,0,0,0,0,1,7,0,2,2,30,0,0
2024,18,,San Francisco 49ers,Arizona Cardinals,Jauan Jennings,SFO,San Francisco 49ers,away,47,24,WR,0,0.0,0,0,0,0,0,0,0,0,0,10,7,52,0,0
2024,18,,San Francisco 49ers,Arizona Cardinals,Joshua Dobbs,SFO,San Francisco 49ers,away,47,24,QB,51,71.83098591549296,29,43,326,2,2,2,8,17,1,0,0,0,0,2
2024,18,,San Francisco 49ers,Arizona Cardinals,Kyle Juszczyk,SFO,San Francisco 49ers,away,47,24,FB,0,0.0,0,0,0,0,0,0,0,0,0,3,2,49,1,0
2024,18,,San Francisco 49ers,Arizona Cardinals,Patrick Taylor,SFO,San Francisco 49ers,away,47,24,RB,17,23.943661971830984,0,0,0,0,0,0,17,109,0,4,1,12,0,0
2024,18,,San Francisco 49ers,Arizona Cardinals,Ricky Pearsall,SFO,San Francisco 49ers,away,47,24,WR,0,0.0,0,0,0,0,0,0,0,0,0,8,6,69,1,0
2024,18,,San Francisco 49ers,Arizona Cardinals,Trent Taylor,SFO,San Francisco 49ers,away,47,24,WR,0,0.0,0,0,0,0,0,0,0,0,0,1,1,11,0,0
2024,18,"68 degrees, relative humidity 34%, wind 6 mph",New Orleans Saints,Tampa Bay Buccaneers,Baker Mayfield,TAM,New Orleans Saints,away,27,19,QB,41,65.07936507936508,21,32,221,2,1,1,9,68,0,0,0,0,0,0
2024,18,"68 degrees, relative humidity 34%, wind 6 mph",New Orleans Saints,Tampa Bay Buccaneers,Bucky Irving,TAM,New Orleans Saints,away,27,19,RB,19,30.158730158730158,0,0,0,0,0,0,19,89,1,5,2,-5,0,0
2024,18,"68 degrees, relative humidity 34%, wind 6 mph",New Orleans Saints,Tampa Bay Buccaneers,Devin Culp,TAM,New Orleans Saints,away,27,19,TE,0,0.0,0,0,0,0,0,0,0,0,0,2,2,36,0,0
2024,18,"68 degrees, relative humidity 34%, wind 6 mph",New Orleans Saints,Tampa Bay Buccaneers,Jalen McMillan,TAM,New Orleans Saints,away,27,19,WR,1,1.5873015873015872,0,0,0,0,0,0,1,6,0,6,5,74,1,0
2024,18,"68 degrees, relative humidity 34%, wind 6 mph",New Orleans Saints,Tampa Bay Buccaneers,Mike Evans,TAM,New Orleans Saints,away,27,19,WR,0,0.0,0,0,0,0,0,0,0,0,0,14,9,89,0,0
2024,18,"68 degrees, relative humidity 34%, wind 6 mph",New Orleans Saints,Tampa Bay Buccaneers,Payne Durham,TAM,New Orleans Saints,away,27,19,TE,0,0.0,0,0,0,0,0,0,0,0,0,2,2,16,1,0
2024,18,"68 degrees, relative humidity 34%, wind 6 mph",New Orleans Saints,Tampa Bay Buccaneers,Sean Tucker,TAM,New Orleans Saints,away,27,19,RB,2,3.1746031746031744,0,0,0,0,0,0,2,16,0,0,0,0,0,0
2024,18,"68 degrees, relative humidity 34%, wind 6 mph",New Orleans Saints,Tampa Bay Buccaneers,Sterling Shepard,TAM,New Orleans Saints,away,27,19,WR,0,0.0,0,0,0,0,0,0,0,0,0,2,1,11,0,0
2024,18,"35 degrees, relative humidity 97%, wind 10 mph",Tennessee Titans,Houston Texans,Bryce Oliver,TEN,Tennessee Titans,away,23,14,WR,0,0.0,0,0,0,0,0,0,0,0,0,3,1,15,0,0
2024,18,"35 degrees, relative humidity 97%, wind 10 mph",Tennessee Titans,Houston Texans,Calvin Ridley,TEN,Tennessee Titans,away,23,14,WR,2,3.4482758620689653,0,0,0,0,0,0,2,-3,0,5,3,76,0,0
2024,18,"35 degrees, relative humidity 97%, wind 10 mph",Tennessee Titans,Houston Texans,Josh Whyle,TEN,Tennessee Titans,away,23,14,TE,0,0.0,0,0,0,0,0,0,0,0,0,7,5,29,0,0
2024,18,"35 degrees, relative humidity 97%, wind 10 mph",Tennessee Titans,Houston Texans,Joshua Kelley,TEN,Tennessee Titans,away,23,14,RB,1,1.7241379310344827,0,0,0,0,0,0,1,2,0,0,0,0,0,0
2024,18,"35 degrees, relative humidity 97%, wind 10 mph",Tennessee Titans,Houston Texans,Julius Chestnut,TEN,Tennessee Titans,away,23,14,RB,2,3.4482758620689653,0,0,0,0,0,0,2,11,0,0,0,0,0,0
2024,18,"35 degrees, relative humidity 97%, wind 10 mph",Tennessee Titans,Houston Texans,Mason Rudolph,TEN,Tennessee Titans,away,23,14,QB,10,17.24137931034483,7,9,70,0,0,1,1,5,0,0,0,0,0,0
2024,18,"35 degrees, relative humidity 97%, wind 10 mph",Tennessee Titans,Houston Texans,Nick Vannett,TEN,Tennessee Titans,away,23,14,TE,0,0.0,0,0,0,0,0,0,0,0,0,2,2,26,0,0
2024,18,"35 degrees, relative humidity 97%, wind 10 mph",Tennessee Titans,Houston Texans,Nick Westbrook-Ikhine,TEN,Tennessee Titans,away,23,14,WR,0,0.0,0,0,0,0,0,0,0,0,0,7,4,50,0,0
2024,18,"35 degrees, relative humidity 97%, wind 10 mph",Tennessee Titans,Houston Texans,Tay Martin,TEN,Tennessee Titans,away,23,14,WR,0,0.0,0,0,0,0,0,0,0,0,0,2,1,49,1,0
2024,18,"35 degrees, relative humidity 97%, wind 10 mph",Tennessee Titans,Houston Texans,Tony Pollard,TEN,Tennessee Titans,away,23,14,RB,22,37.93103448275862,0,0,0,0,0,0,22,62,0,0,0,0,0,0
2024,18,"35 degrees, relative humidity 97%, wind 10 mph",Tennessee Titans,Houston Texans,Will Levis,TEN,Tennessee Titans,away,23,14,QB,21,36.206896551724135,9,17,175,1,0,1,4,8,0,0,0,0,0,2
2024,18,,Dallas Cowboys,Washington Commanders,Austin Ekeler,WAS,Dallas Cowboys,away,23,19,RB,3,6.122448979591836,0,0,0,0,0,0,3,12,0,2,2,20,0,0
2024,18,,Dallas Cowboys,Washington Commanders,Brian Robinson Jr.,WAS,Dallas Cowboys,away,23,19,RB,5,10.204081632653061,0,0,0,0,0,0,5,10,0,1,1,6,0,0
2024,18,,Dallas Cowboys,Washington Commanders,Dyami Brown,WAS,Dallas Cowboys,away,23,19,WR,2,4.081632653061225,0,1,0,0,0,0,1,8,0,4,3,16,0,0
2024,18,,Dallas Cowboys,Washington Commanders,Jayden Daniels,WAS,Dallas Cowboys,away,23,19,QB,16,32.6530612244898,6,12,38,0,0,4,4,27,0,0,0,0,0,0
2024,18,,Dallas Cowboys,Washington Commanders,John Bates,WAS,Dallas Cowboys,away,23,19,TE,0,0.0,0,0,0,0,0,0,0,0,0,1,0,0,0,0
2024,18,,Dallas Cowboys,Washington Commanders,Marcus Mariota,WAS,Dallas Cowboys,away,23,19,QB,23,46.93877551020408,15,18,161,2,0,2,5,56,1,0,0,0,0,0
2024,18,,Dallas Cowboys,Washington Commanders,Olamide Zaccheaus,WAS,Dallas Cowboys,away,23,19,WR,0,0.0,0,0,0,0,0,0,0,0,0,5,2,51,0,0
2024,18,,Dallas Cowboys,Washington Commanders,Terry McLaurin,WAS,Dallas Cowboys,away,23,19,WR,0,0.0,0,0,0,0,0,0,0,0,0,12,8,62,1,0
2024,18,,Dallas Cowboys,Washington Commanders,Zach Ertz,WAS,Dallas Cowboys,away,23,19,TE,0,0.0,0,0,0,0,0,0,0,0,0,5,5,44,1,0
